{"type":"FeatureCollection","features":[{"type":"Feature","properties":{"layer":"flood_2023_viirs","label":"UNOSAT/NOAA VIIRS max flood 24–28 Nov 2023 (El Niño)","date":"2023-11-28","area_ha":243942,"pop_exposed_worldpop":21123},"geometry":{"type":"MultiPolygon","coordinates":[[[[41.2321,-1.2982],[41.2355,-1.2982],[41.2355,-1.3151],[41.2321,-1.3151],[41.2355,-1.3252],[41.2524,-1.3286],[41.2524,-1.3218],[41.2591,-1.3252],[41.2591,-1.3353],[41.2355,-1.3319],[41.2321,-1.3488],[41.2422,-1.3589],[41.2456,-1.3724],[41.276,-1.3657],[41.276,-1.3589],[41.2895,-1.3522],[41.2895,-1.3454],[41.3029,-1.3421],[41.2996,-1.3555],[41.2928,-1.3555],[41.2895,-1.3657],[41.2726,-1.369],[41.2726,-1.3758],[41.2692,-1.3758],[41.2726,-1.3859],[41.2659,-1.3859],[41.2659,-1.3792],[41.2625,-1.3825],[41.2456,-1.3792],[41.2422,-1.3724],[41.2321,-1.3758],[41.2288,-1.3589],[41.2186,-1.3589],[41.2119,-1.3522],[41.222,-1.3454],[41.222,-1.3252],[41.2085,-1.3286],[41.2018,-1.3218],[41.2119,-1.3083],[41.2085,-1.2982],[41.2052,-1.3016],[41.195,-1.2982],[41.195,-1.2949],[41.2018,-1.2949],[41.2018,-1.2847],[41.1984,-1.2847],[41.2018,-1.2679],[41.2085,-1.2679],[41.2085,-1.2814],[41.2153,-1.2814],[41.2153,-1.2881],[41.222,-1.2949],[41.2321,-1.2915],[41.2321,-1.2982]],[[41.2321,-1.2982],[41.2288,-1.3016],[41.2321,-1.3016],[41.2321,-1.2982]],[[41.222,-1.3083],[41.2254,-1.3117],[41.2254,-1.3083],[41.222,-1.3083]],[[41.222,-1.3151],[41.2254,-1.3184],[41.2254,-1.3151],[41.222,-1.3151]],[[41.2085,-1.3218],[41.2153,-1.3218],[41.2153,-1.3184],[41.2085,-1.3184],[41.2085,-1.3218]]],[[[41.249,-1.2881],[41.2524,-1.278],[41.2422,-1.2814],[41.2456,-1.2712],[41.2389,-1.2712],[41.2389,-1.2679],[41.2557,-1.2611],[41.2591,-1.2814],[41.2659,-1.2814],[41.2659,-1.2847],[41.249,-1.2881]]],[[[41.2422,-1.251],[41.2389,-1.2476],[41.2456,-1.2476],[41.249,-1.2611],[41.2389,-1.2578],[41.2422,-1.251]]],[[[41.2422,-1.7298],[41.2456,-1.7304],[41.2422,-1.7307],[41.2422,-1.7298]]],[[[41.2085,-1.4398],[41.2085,-1.4466],[41.1917,-1.4466],[41.1883,-1.4331],[41.1917,-1.4331],[41.1917,-1.4398],[41.2085,-1.4398]]],[[[41.1714,-1.2409],[41.1748,-1.2308],[41.1849,-1.2308],[41.1849,-1.2342],[41.1782,-1.2342],[41.1782,-1.2443],[41.1849,-1.2476],[41.1849,-1.2544],[41.1782,-1.2544],[41.1748,-1.2409],[41.1714,-1.2409]]],[[[41.1816,-1.5073],[41.1714,-1.5208],[41.1647,-1.5208],[41.1681,-1.5107],[41.1816,-1.5073]]],[[[41.1681,-1.4331],[41.1579,-1.4466],[41.1377,-1.4466],[41.1377,-1.4567],[41.1343,-1.4567],[41.1343,-1.4668],[41.1276,-1.4702],[41.1276,-1.4769],[41.1209,-1.4668],[41.1141,-1.4702],[41.1141,-1.4601],[41.1242,-1.4567],[41.1242,-1.4466],[41.131,-1.4432],[41.1276,-1.4365],[41.1343,-1.4365],[41.1343,-1.4331],[41.1579,-1.4365],[41.1681,-1.423],[41.1782,-1.4196],[41.1816,-1.4331],[41.1681,-1.4331]],[[41.1209,-1.4601],[41.1242,-1.4634],[41.1242,-1.4601],[41.1209,-1.4601]]],[[[41.1681,-1.423],[41.1647,-1.423],[41.1613,-1.4095],[41.1714,-1.4061],[41.1714,-1.3994],[41.1681,-1.3994],[41.1714,-1.3859],[41.1613,-1.3859],[41.1613,-1.3825],[41.1714,-1.3792],[41.1748,-1.3859],[41.1816,-1.3859],[41.1816,-1.4027],[41.1782,-1.4027],[41.1782,-1.4095],[41.1681,-1.4129],[41.1681,-1.423]]],[[[41.1714,-1.0723],[41.1647,-1.0723],[41.1647,-1.0655],[41.1714,-1.0689],[41.1714,-1.0723]]],[[[41.1681,-1.6051],[41.1681,-1.595],[41.1714,-1.595],[41.1714,-1.6051],[41.1681,-1.6051]]],[[[41.1613,-1.5275],[41.1478,-1.5444],[41.1343,-1.541],[41.1343,-1.5343],[41.1546,-1.5343],[41.1546,-1.5275],[41.1613,-1.5275]]],[[[41.104,-1.3522],[41.1074,-1.3657],[41.1006,-1.3657],[41.0973,-1.3555],[41.104,-1.3522]]],[[[41.0804,-1.2476],[41.0804,-1.2544],[41.0703,-1.2544],[41.0737,-1.2443],[41.0804,-1.2476]]],[[[41.0197,-0.9644],[41.0231,-0.9678],[41.0163,-0.9678],[41.0163,-0.9543],[41.0231,-0.9543],[41.0197,-0.9644]]],[[[41.0028,-0.8767],[40.9995,-0.8733],[41.0062,-0.8733],[41.0062,-0.8767],[41.0129,-0.8733],[41.0163,-0.8835],[41.0096,-0.8835],[41.0096,-0.8801],[41.0028,-0.8835],[41.0028,-0.8767]]],[[[40.9523,-1.4803],[40.9624,-1.4736],[40.9624,-1.487],[40.9792,-1.5039],[40.9961,-1.5039],[40.9927,-1.514],[41.0028,-1.5208],[40.9826,-1.5241],[40.9826,-1.5174],[40.9725,-1.5174],[40.9759,-1.5107],[40.9894,-1.514],[40.9894,-1.5107],[40.9523,-1.4972],[40.959,-1.4904],[40.959,-1.487],[40.9523,-1.487],[40.9523,-1.4803]],[[40.9556,-1.4803],[40.959,-1.4837],[40.959,-1.4803],[40.9556,-1.4803]]],[[[41.0028,-1.5174],[41.0062,-1.5039],[41.0163,-1.5039],[41.0129,-1.514],[41.0028,-1.5174]]],[[[41.0028,-0.9071],[41.0062,-0.9037],[41.0062,-0.9172],[41.0028,-0.9172],[41.0028,-0.9104],[40.9961,-0.9172],[40.9961,-0.9071],[41.0028,-0.9071]]],[[[40.9927,-0.9442],[40.9961,-0.934],[41.0062,-0.934],[41.0062,-0.9408],[40.9961,-0.9408],[40.9961,-0.9442],[40.9927,-0.9442]]],[[[40.9118,0.4094],[40.9152,0.4094],[40.9152,0.4026],[40.9084,0.3992],[40.9084,0.3891],[40.9051,0.3925],[40.8916,0.3891],[40.8949,0.3959],[40.9017,0.3959],[40.9017,0.4026],[40.8916,0.4026],[40.8916,0.406],[40.9017,0.406],[40.9017,0.4161],[40.9118,0.4262],[40.9084,0.433],[40.9185,0.433],[40.9185,0.4262],[40.9253,0.4262],[40.9253,0.4363],[40.9354,0.4363],[40.9354,0.4397],[40.9455,0.4363],[40.9421,0.4195],[40.9185,0.4161],[40.9118,0.4094]],[[40.9118,0.4094],[40.9084,0.406],[40.9118,0.406],[40.9118,0.4094]],[[40.9421,0.433],[40.9388,0.4363],[40.9388,0.433],[40.9421,0.433]],[[40.9354,0.4262],[40.9388,0.4228],[40.9388,0.4262],[40.9354,0.4262]]],[[[40.9455,0.4363],[40.9556,0.4465],[40.9657,0.4465],[40.9657,0.4532],[40.9725,0.4532],[40.9725,0.4599],[40.9826,0.4599],[40.986,0.4667],[40.9927,0.4667],[40.9894,0.4498],[40.9725,0.4465],[40.9759,0.4431],[40.9725,0.4363],[40.9657,0.4431],[40.959,0.4363],[40.9455,0.4363]]],[[[40.959,0.4363],[40.9657,0.433],[40.9624,0.4195],[40.9489,0.4195],[40.9489,0.4228],[40.959,0.4228],[40.959,0.4296],[40.9523,0.4262],[40.9523,0.433],[40.959,0.433],[40.959,0.4363]]],[[[40.9725,-0.9273],[40.9725,-0.934],[40.9792,-0.934],[40.9792,-0.9374],[40.9657,-0.9408],[40.9657,-0.934],[40.9725,-0.9273]]],[[[40.959,-1.5208],[40.9691,-1.5174],[40.9759,-1.5241],[40.9556,-1.5275],[40.959,-1.5208]]],[[[40.9624,-1.0453],[40.9759,-1.0554],[40.9624,-1.0554],[40.9624,-1.0453]]],[[[40.9253,-0.988],[40.9286,-0.9846],[40.9354,-0.9846],[40.9421,-0.9914],[40.9421,-0.9846],[40.959,-0.9846],[40.9624,-0.9779],[40.9725,-0.9846],[40.9725,-0.9914],[40.9657,-0.9914],[40.9657,-0.9947],[40.9489,-0.9947],[40.9455,-1.0082],[40.9421,-1.0082],[40.9421,-0.9981],[40.932,-0.9947],[40.9354,-1.0082],[40.932,-1.0082],[40.932,-1.015],[40.9253,-1.0116],[40.9253,-1.0251],[40.9152,-1.0251],[40.9084,-1.0183],[40.9084,-1.0116],[40.8983,-1.015],[40.8949,-0.9947],[40.9017,-1.0015],[40.9152,-0.9981],[40.9152,-1.0049],[40.9185,-1.0049],[40.9286,-0.9981],[40.9253,-0.988]],[[40.9286,-0.988],[40.932,-0.9914],[40.932,-0.988],[40.9286,-0.988]],[[40.9219,-1.0183],[40.9152,-1.0116],[40.9152,-1.0183],[40.9219,-1.0183]]],[[[40.9657,-1.2342],[40.9556,-1.2443],[40.9455,-1.2409],[40.9556,-1.2342],[40.9657,-1.2342]]],[[[40.9421,-1.0892],[40.9489,-1.0892],[40.9489,-1.0993],[40.9556,-1.0993],[40.9556,-1.106],[40.9455,-1.1026],[40.9421,-1.0892]]],[[[40.9523,-1.45],[40.9455,-1.4601],[40.9523,-1.4668],[40.9523,-1.4736],[40.9455,-1.4736],[40.9455,-1.4668],[40.9354,-1.4634],[40.9388,-1.4533],[40.9286,-1.4466],[40.9286,-1.4432],[40.9388,-1.4432],[40.9388,-1.4398],[40.932,-1.4398],[40.9354,-1.4331],[40.9523,-1.45]]],[[[40.9388,-1.0521],[40.9489,-1.0487],[40.9455,-1.0588],[40.9354,-1.0622],[40.9354,-1.0487],[40.9388,-1.0521]]],[[[40.9388,-1.2375],[40.9421,-1.2443],[40.9354,-1.2443],[40.9354,-1.2375],[40.9286,-1.2409],[40.9286,-1.224],[40.9219,-1.224],[40.9253,-1.2173],[40.932,-1.2173],[40.9354,-1.2308],[40.9455,-1.2274],[40.9455,-1.2342],[40.9388,-1.2375]]],[[[40.9354,-1.4027],[40.9388,-1.4027],[40.9388,-1.3893],[40.9421,-1.3893],[40.9455,-1.3926],[40.9421,-1.4162],[40.9354,-1.4129],[40.9354,-1.4027]]],[[[40.9219,-1.2611],[40.9253,-1.2443],[40.9286,-1.2443],[40.932,-1.2476],[40.9286,-1.2578],[40.9354,-1.2578],[40.9354,-1.2645],[40.9219,-1.2611]]],[[[40.9185,0.3857],[40.9219,0.3891],[40.9219,0.3857],[40.9185,0.3857]]],[[[40.9118,-0.988],[40.9118,-0.9812],[40.9185,-0.9846],[40.9152,-0.9914],[40.9051,-0.9914],[40.9051,-0.9846],[40.9118,-0.988]]],[[[40.8983,-0.5092],[40.9118,-0.5125],[40.9118,-0.5227],[40.9051,-0.5193],[40.9051,-0.5125],[40.8983,-0.5125],[40.8983,-0.5092]]],[[[40.8848,-1.1532],[40.8916,-1.1633],[40.8781,-1.1633],[40.8781,-1.1566],[40.8848,-1.1566],[40.8848,-1.1532]]],[[[40.868,-1.7501],[40.8713,-1.74],[40.8848,-1.74],[40.8848,-1.7433],[40.8747,-1.7433],[40.8747,-1.7501],[40.868,-1.7501]]],[[[40.868,-1.7602],[40.8646,-1.7534],[40.8814,-1.7534],[40.8814,-1.7602],[40.868,-1.7602]]],[[[40.8511,0.3655],[40.8477,0.3689],[40.8443,0.3655],[40.8376,0.3689],[40.8376,0.3622],[40.8342,0.3622],[40.8342,0.3689],[40.8275,0.3689],[40.8275,0.3588],[40.8073,0.3554],[40.8207,0.3756],[40.8342,0.3723],[40.8376,0.3824],[40.8443,0.3756],[40.8443,0.3824],[40.8646,0.3857],[40.8713,0.3925],[40.8713,0.379],[40.8646,0.3756],[40.8646,0.3824],[40.8612,0.3824],[40.8612,0.3756],[40.8511,0.3756],[40.8511,0.3655]]],[[[40.8578,-0.9644],[40.8646,-0.9644],[40.8612,-0.9846],[40.8578,-0.9846],[40.8578,-0.9745],[40.8612,-0.9745],[40.8578,-0.9644]]],[[[40.8443,-1.0318],[40.8443,-1.0217],[40.8511,-1.0217],[40.8511,-1.0352],[40.8443,-1.0318]]],[[[40.7027,0.3419],[40.7128,0.352],[40.7263,0.352],[40.7263,0.3588],[40.7634,0.3554],[40.76,0.3487],[40.7735,0.3487],[40.7803,0.3554],[40.8005,0.3588],[40.8005,0.352],[40.7904,0.352],[40.787,0.3419],[40.7769,0.3453],[40.7702,0.3385],[40.7735,0.3352],[40.7702,0.3217],[40.7567,0.3251],[40.7398,0.3082],[40.7331,0.3082],[40.7331,0.3116],[40.723,0.3082],[40.7196,0.3048],[40.723,0.2981],[40.7162,0.2981],[40.7095,0.2913],[40.7128,0.2846],[40.7061,0.2778],[40.7095,0.2644],[40.7027,0.2576],[40.696,0.2576],[40.6926,0.2475],[40.6825,0.2475],[40.6791,0.2408],[40.6724,0.2408],[40.6758,0.2542],[40.6859,0.2542],[40.6859,0.2644],[40.6791,0.2644],[40.6791,0.2745],[40.6994,0.2711],[40.6994,0.2778],[40.7027,0.2778],[40.6994,0.288],[40.7061,0.2981],[40.7027,0.3014],[40.7061,0.3183],[40.6926,0.3251],[40.696,0.3116],[40.6825,0.3149],[40.6791,0.3082],[40.6724,0.3116],[40.6724,0.3048],[40.6508,0.3014],[40.6625,0.3115],[40.6737,0.3385],[40.6825,0.3352],[40.6859,0.3419],[40.7027,0.3419]],[[40.7432,0.3487],[40.7466,0.3453],[40.7466,0.3487],[40.7432,0.3487]],[[40.7398,0.3487],[40.7331,0.3487],[40.7331,0.3453],[40.7398,0.3453],[40.7398,0.3487]],[[40.7162,0.3284],[40.7095,0.3352],[40.7095,0.3284],[40.7162,0.3284]],[[40.7162,0.3318],[40.7297,0.3284],[40.7331,0.3385],[40.7297,0.3352],[40.723,0.3385],[40.7162,0.3318]],[[40.7196,0.3385],[40.723,0.3419],[40.7196,0.3419],[40.7196,0.3385]],[[40.723,0.3183],[40.7196,0.3251],[40.7162,0.3251],[40.7162,0.3183],[40.723,0.3183]],[[40.7095,0.3149],[40.7128,0.3116],[40.7128,0.3149],[40.7095,0.3149]],[[40.696,0.261],[40.6926,0.2677],[40.6892,0.2677],[40.6892,0.261],[40.696,0.261]]],[[[40.7971,-1.0352],[40.7837,-1.0318],[40.7837,-1.0285],[40.8005,-1.0285],[40.7971,-1.0352]]],[[[40.7634,-1.0925],[40.76,-1.0959],[40.76,-1.0892],[40.7668,-1.0892],[40.7668,-1.0858],[40.7904,-1.0892],[40.7904,-1.0925],[40.7735,-1.0925],[40.7735,-1.0959],[40.7634,-1.0925]]],[[[40.7634,-1.0318],[40.7567,-1.0217],[40.7567,-1.015],[40.7634,-1.015],[40.7702,-1.0251],[40.7803,-1.0251],[40.7803,-1.0285],[40.7634,-1.0318]]],[[[40.76,-1.3994],[40.7702,-1.396],[40.7702,-1.4061],[40.76,-1.4095],[40.76,-1.3994]]],[[[40.6994,-1.5376],[40.6994,-1.5309],[40.7027,-1.5309],[40.7027,-1.5376],[40.6994,-1.5376]]],[[[40.6892,-1.7703],[40.6892,-1.7737],[40.6758,-1.7737],[40.6791,-1.7636],[40.6825,-1.7636],[40.6825,-1.7703],[40.6892,-1.7703]]],[[[40.6555,0.2408],[40.6589,0.234],[40.6623,0.234],[40.6623,0.2408],[40.669,0.2408],[40.6656,0.2306],[40.6589,0.2306],[40.6589,0.2273],[40.6454,0.2306],[40.6454,0.2374],[40.6555,0.2408]]],[[[40.6488,-1.2881],[40.6623,-1.2915],[40.6555,-1.3016],[40.6589,-1.3184],[40.6454,-1.3151],[40.642,-1.3319],[40.6353,-1.3319],[40.6387,-1.3184],[40.6319,-1.3218],[40.6285,-1.2847],[40.6353,-1.2847],[40.642,-1.2949],[40.6488,-1.2881]]],[[[40.6589,-0.9408],[40.6521,-0.934],[40.6555,-0.9172],[40.6589,-0.9172],[40.6589,-0.9408]]],[[[40.642,-0.6609],[40.6319,-0.6609],[40.6252,-0.6542],[40.6353,-0.6508],[40.6353,-0.6575],[40.642,-0.6575],[40.642,-0.6542],[40.6488,-0.6575],[40.6488,-0.6643],[40.642,-0.6643],[40.642,-0.6609]]],[[[40.6488,0.2981],[40.6481,0.2981],[40.6488,0.2989],[40.6488,0.2981]]],[[[40.6387,-1.4095],[40.642,-1.4129],[40.6387,-1.4196],[40.6319,-1.4196],[40.6319,-1.4095],[40.6387,-1.4095]]],[[[40.6218,0.2273],[40.6151,0.2273],[40.6117,0.2205],[40.6049,0.2205],[40.6049,0.2239],[40.5982,0.2205],[40.6016,0.2306],[40.6117,0.2273],[40.6151,0.234],[40.6353,0.234],[40.6353,0.2374],[40.642,0.234],[40.6387,0.2273],[40.6218,0.2239],[40.6218,0.2273]]],[[[40.6218,-1.595],[40.6184,-1.5983],[40.6083,-1.5983],[40.6016,-1.5916],[40.6016,-1.5815],[40.5982,-1.5848],[40.5915,-1.5848],[40.5915,-1.5815],[40.6016,-1.5781],[40.6016,-1.5714],[40.6049,-1.5714],[40.6117,-1.5781],[40.6117,-1.5848],[40.6218,-1.5882],[40.6218,-1.595]]],[[[40.6151,-1.7534],[40.6218,-1.7568],[40.6218,-1.7636],[40.6117,-1.7568],[40.6117,-1.7467],[40.6049,-1.7467],[40.6049,-1.7332],[40.6016,-1.7332],[40.5982,-1.7197],[40.6151,-1.7231],[40.6151,-1.7298],[40.6184,-1.7298],[40.6151,-1.7534]],[[40.6083,-1.74],[40.6117,-1.7433],[40.6117,-1.74],[40.6083,-1.74]],[[40.6049,-1.7265],[40.6083,-1.7298],[40.6083,-1.7265],[40.6049,-1.7265]]],[[[40.6151,-0.9947],[40.6117,-1.0049],[40.6151,-1.0049],[40.6151,-1.0116],[40.6083,-1.0082],[40.6083,-0.9947],[40.6151,-0.9947]]],[[[40.6016,-1.0251],[40.6083,-1.0183],[40.6083,-1.0251],[40.6016,-1.0251]]],[[[40.578,-1.2645],[40.5746,-1.2679],[40.5746,-1.2611],[40.5881,-1.2611],[40.5915,-1.2679],[40.5847,-1.2712],[40.578,-1.2645]]],[[[40.5712,-1.2847],[40.5813,-1.2847],[40.578,-1.2915],[40.5847,-1.2915],[40.5847,-1.2847],[40.5881,-1.2847],[40.5847,-1.2982],[40.5915,-1.3083],[40.5678,-1.3117],[40.5577,-1.3016],[40.5577,-1.2949],[40.5611,-1.2949],[40.5577,-1.2814],[40.551,-1.2847],[40.5476,-1.278],[40.5712,-1.2746],[40.5712,-1.2847]],[[40.5645,-1.2847],[40.5645,-1.3016],[40.5678,-1.3016],[40.5678,-1.2949],[40.5746,-1.2881],[40.5645,-1.2847]],[[40.5746,-1.3083],[40.578,-1.305],[40.5746,-1.305],[40.5746,-1.3083]]],[[[40.5645,-1.3218],[40.5746,-1.3218],[40.5746,-1.3252],[40.5847,-1.3218],[40.5847,-1.3252],[40.5645,-1.3319],[40.5611,-1.3286],[40.5645,-1.3218]]],[[[40.5645,-1.2409],[40.5544,-1.2544],[40.551,-1.2544],[40.551,-1.2476],[40.5577,-1.2409],[40.5645,-1.2409]]],[[[40.5409,0.234],[40.5476,0.234],[40.5476,0.2273],[40.5577,0.2273],[40.5611,0.2205],[40.551,0.2172],[40.5476,0.2239],[40.5442,0.2205],[40.5274,0.2239],[40.5274,0.2104],[40.5173,0.207],[40.5173,0.1935],[40.5105,0.1902],[40.5139,0.2172],[40.524,0.2138],[40.5173,0.2306],[40.5105,0.2306],[40.5072,0.2172],[40.4836,0.2138],[40.4802,0.2037],[40.4734,0.2037],[40.4734,0.1969],[40.4667,0.1935],[40.4667,0.1868],[40.4768,0.1868],[40.4734,0.1935],[40.497,0.1935],[40.5004,0.1868],[40.4734,0.1834],[40.4701,0.1767],[40.4599,0.1801],[40.4566,0.1733],[40.4498,0.1767],[40.4397,0.1666],[40.433,0.1666],[40.4296,0.1767],[40.4094,0.1733],[40.4094,0.1801],[40.406,0.1801],[40.406,0.1733],[40.3858,0.1733],[40.3858,0.1767],[40.3723,0.1767],[40.3723,0.1801],[40.3689,0.1801],[40.3689,0.1733],[40.3453,0.1767],[40.3554,0.1834],[40.3588,0.2003],[40.3824,0.1969],[40.379,0.2037],[40.3858,0.2037],[40.3891,0.1969],[40.3959,0.1969],[40.3959,0.2003],[40.406,0.2003],[40.4127,0.2104],[40.4228,0.207],[40.4296,0.2172],[40.4431,0.2138],[40.4397,0.2239],[40.4465,0.2239],[40.4465,0.2306],[40.4701,0.2306],[40.4968,0.2576],[40.524,0.2708],[40.524,0.2644],[40.5274,0.2644],[40.5274,0.2715],[40.5544,0.2698],[40.551,0.2644],[40.5544,0.2542],[40.5409,0.2408],[40.5409,0.234]],[[40.5274,0.2306],[40.524,0.2273],[40.5274,0.2273],[40.5274,0.2306]],[[40.5274,0.2306],[40.5409,0.2306],[40.5375,0.2408],[40.5308,0.2408],[40.5274,0.2306]],[[40.5341,0.2273],[40.5375,0.2239],[40.5375,0.2273],[40.5341,0.2273]],[[40.497,0.2306],[40.5004,0.234],[40.497,0.234],[40.497,0.2306]],[[40.497,0.2205],[40.5004,0.2205],[40.5004,0.2273],[40.497,0.2273],[40.497,0.2205]],[[40.4869,0.234],[40.4903,0.2374],[40.4869,0.2374],[40.4869,0.234]],[[40.4734,0.2273],[40.4701,0.2239],[40.4734,0.2239],[40.4734,0.2273]],[[40.4633,0.2172],[40.4633,0.2138],[40.4566,0.2138],[40.4566,0.2037],[40.4633,0.2037],[40.4701,0.2104],[40.4701,0.2172],[40.4633,0.2172]],[[40.4431,0.2003],[40.4397,0.1969],[40.4431,0.1969],[40.4431,0.2003]],[[40.4431,0.1969],[40.4363,0.1868],[40.4431,0.1868],[40.4465,0.1935],[40.4532,0.1902],[40.4599,0.2003],[40.4431,0.1969]],[[40.4498,0.2205],[40.4532,0.2172],[40.4532,0.2205],[40.4498,0.2205]],[[40.4532,0.2239],[40.4566,0.2205],[40.4566,0.2239],[40.4532,0.2239]],[[40.433,0.2104],[40.4363,0.2037],[40.4431,0.2037],[40.4431,0.2104],[40.433,0.2104]],[[40.4228,0.2003],[40.4195,0.1969],[40.4228,0.1969],[40.4228,0.2003]],[[40.4026,0.1935],[40.4026,0.1902],[40.4161,0.1902],[40.4161,0.1935],[40.4026,0.1935]],[[40.3622,0.1767],[40.3655,0.1801],[40.3622,0.1801],[40.3622,0.1767]]],[[[40.5274,-0.7385],[40.5308,-0.7351],[40.5274,-0.7284],[40.5341,-0.7284],[40.5442,-0.7351],[40.5442,-0.7418],[40.5274,-0.7385]]],[[[40.524,-1.4634],[40.5308,-1.4634],[40.5308,-1.4668],[40.524,-1.4668],[40.524,-1.4634]]],[[[40.5072,-0.4822],[40.5139,-0.4856],[40.5139,-0.5024],[40.5105,-0.5024],[40.5072,-0.4822]]],[[[40.5038,-1.7534],[40.5139,-1.7501],[40.5139,-1.7602],[40.5038,-1.7636],[40.5038,-1.7534]]],[[[40.4869,-1.0588],[40.4802,-1.0689],[40.4734,-1.0689],[40.4734,-1.0655],[40.4633,-1.0689],[40.4667,-1.079],[40.4532,-1.0824],[40.4532,-1.079],[40.4431,-1.079],[40.4431,-1.0655],[40.433,-1.0588],[40.4498,-1.0622],[40.4498,-1.0554],[40.4566,-1.0554],[40.4566,-1.0487],[40.4599,-1.0487],[40.4599,-1.0554],[40.4701,-1.0622],[40.4768,-1.0622],[40.4768,-1.0588],[40.4869,-1.0588]]],[[[40.4768,-1.1465],[40.4701,-1.1667],[40.4599,-1.1633],[40.4599,-1.1532],[40.4768,-1.1465]]],[[[40.4667,-0.7924],[40.4734,-0.7891],[40.4768,-0.8025],[40.4667,-0.8025],[40.4701,-0.7992],[40.4667,-0.7924]]],[[[40.4599,-0.4518],[40.4566,-0.4485],[40.4633,-0.4485],[40.4633,-0.4552],[40.4701,-0.4552],[40.4734,-0.462],[40.4599,-0.4586],[40.4599,-0.4518]]],[[[40.4465,-1.4702],[40.4498,-1.4769],[40.4566,-1.4769],[40.4566,-1.4803],[40.4397,-1.4769],[40.4397,-1.4702],[40.4465,-1.4702]]],[[[40.0182,-0.1989],[40.025,-0.1956],[40.0216,-0.1855],[40.0115,-0.1821],[39.998,-0.1652],[40.025,-0.172],[40.0384,-0.1821],[40.0452,-0.1787],[40.0452,-0.172],[40.0519,-0.1787],[40.0587,-0.1753],[40.0486,-0.1652],[40.0351,-0.1686],[40.0283,-0.1551],[40.0587,-0.1585],[40.0688,-0.172],[40.0789,-0.1753],[40.0789,-0.1787],[40.0857,-0.1787],[40.0823,-0.172],[40.089,-0.172],[40.0958,-0.1787],[40.0924,-0.1855],[40.0991,-0.1855],[40.0991,-0.1888],[40.0755,-0.1888],[40.0789,-0.2158],[40.0587,-0.2124],[40.0587,-0.2192],[40.062,-0.2192],[40.0587,-0.2259],[40.0553,-0.2225],[40.0452,-0.2259],[40.0486,-0.2124],[40.0418,-0.2124],[40.0418,-0.2057],[40.0283,-0.2091],[40.0384,-0.2158],[40.0384,-0.2225],[40.0351,-0.2192],[40.025,-0.2225],[40.0182,-0.2124],[40.0115,-0.2158],[40.0115,-0.2091],[40.0047,-0.2057],[40.0047,-0.1956],[40.0081,-0.1989],[40.0182,-0.1956],[40.0182,-0.1989]],[[40.0182,-0.1989],[40.0148,-0.2023],[40.0182,-0.2023],[40.0182,-0.1989]],[[40.025,-0.1888],[40.0283,-0.1922],[40.0283,-0.1888],[40.025,-0.1888]],[[40.0789,-0.1821],[40.0755,-0.1787],[40.0755,-0.1821],[40.0789,-0.1821]],[[40.0486,-0.2091],[40.0519,-0.2124],[40.0519,-0.2091],[40.0486,-0.2091]],[[40.0418,-0.2023],[40.0452,-0.2057],[40.0452,-0.2023],[40.0418,-0.2023]],[[40.0688,-0.1821],[40.0688,-0.1888],[40.0722,-0.1888],[40.0722,-0.1821],[40.0688,-0.1821]],[[40.0654,-0.1956],[40.0688,-0.1989],[40.0688,-0.1956],[40.0654,-0.1956]],[[40.062,-0.1787],[40.0654,-0.1821],[40.0654,-0.1787],[40.062,-0.1787]],[[40.062,-0.2057],[40.0654,-0.2091],[40.0654,-0.2057],[40.062,-0.2057]],[[40.0553,-0.1855],[40.0519,-0.1821],[40.0519,-0.1855],[40.0553,-0.1855]],[[40.0486,-0.1922],[40.0486,-0.1989],[40.0553,-0.1989],[40.0553,-0.1922],[40.0486,-0.1922]],[[40.0384,-0.1888],[40.0418,-0.1922],[40.0418,-0.1888],[40.0384,-0.1888]],[[40.0351,-0.1888],[40.0384,-0.1855],[40.0351,-0.1855],[40.0351,-0.1888]]],[[[40.0789,-0.2023],[40.089,-0.1989],[40.0924,-0.1922],[40.0991,-0.1956],[40.1025,-0.1855],[40.1126,-0.1787],[40.0991,-0.1787],[40.1025,-0.1686],[40.0958,-0.1686],[40.0958,-0.1652],[40.0688,-0.1686],[40.0722,-0.1619],[40.0654,-0.1619],[40.0654,-0.1551],[40.062,-0.1585],[40.0519,-0.1551],[40.0519,-0.145],[40.0452,-0.1484],[40.0452,-0.1383],[40.0688,-0.1281],[40.0654,-0.1416],[40.089,-0.1383],[40.089,-0.1484],[40.116,-0.1416],[40.1126,-0.1349],[40.1059,-0.1383],[40.1059,-0.1349],[40.0991,-0.1349],[40.0991,-0.1281],[40.089,-0.1281],[40.089,-0.118],[40.0991,-0.1147],[40.0958,-0.1045],[40.0924,-0.1079],[40.0857,-0.1045],[40.0857,-0.1214],[40.0823,-0.1214],[40.0823,-0.1147],[40.0755,-0.1147],[40.0789,-0.1012],[40.0823,-0.1012],[40.0789,-0.091],[40.0958,-0.091],[40.0958,-0.1012],[40.116,-0.1113],[40.116,-0.118],[40.1093,-0.1147],[40.1093,-0.118],[40.0958,-0.118],[40.0958,-0.1214],[40.1194,-0.1214],[40.1194,-0.1281],[40.1295,-0.1281],[40.1295,-0.1214],[40.1329,-0.1214],[40.1329,-0.1315],[40.1396,-0.1349],[40.1396,-0.1416],[40.143,-0.1416],[40.143,-0.1349],[40.1497,-0.1349],[40.1497,-0.1281],[40.143,-0.1315],[40.1362,-0.1248],[40.1531,-0.1214],[40.1565,-0.1248],[40.1531,-0.1416],[40.1565,-0.1416],[40.1598,-0.1619],[40.1666,-0.1551],[40.1632,-0.1517],[40.1666,-0.145],[40.1767,-0.145],[40.1733,-0.1585],[40.1834,-0.1585],[40.1868,-0.1517],[40.1936,-0.1517],[40.1936,-0.1484],[40.2037,-0.1517],[40.2003,-0.1652],[40.2104,-0.1619],[40.2172,-0.172],[40.2239,-0.172],[40.2239,-0.1888],[40.2374,-0.1989],[40.2374,-0.2057],[40.2509,-0.2023],[40.2475,-0.2158],[40.2542,-0.2158],[40.2509,-0.2327],[40.2576,-0.2327],[40.2576,-0.236],[40.2509,-0.2394],[40.2542,-0.2596],[40.2475,-0.2664],[40.2509,-0.2765],[40.2441,-0.2765],[40.2441,-0.2799],[40.261,-0.2799],[40.261,-0.29],[40.2677,-0.2866],[40.2711,-0.2934],[40.2779,-0.2934],[40.2779,-0.3001],[40.2677,-0.2934],[40.261,-0.2967],[40.2711,-0.3102],[40.2509,-0.3069],[40.2441,-0.3136],[40.2441,-0.3203],[40.2509,-0.3237],[40.2509,-0.3372],[40.2711,-0.3439],[40.2745,-0.3541],[40.2846,-0.3541],[40.2947,-0.3642],[40.2947,-0.3743],[40.315,-0.381],[40.3217,-0.3911],[40.3284,-0.3911],[40.3284,-0.3844],[40.3217,-0.381],[40.3251,-0.3709],[40.315,-0.3675],[40.3116,-0.3608],[40.3082,-0.3642],[40.3015,-0.3608],[40.3015,-0.3473],[40.3082,-0.3406],[40.3015,-0.3372],[40.2981,-0.3271],[40.2913,-0.3271],[40.2913,-0.317],[40.2846,-0.3136],[40.2846,-0.3069],[40.288,-0.3102],[40.2947,-0.3069],[40.2947,-0.317],[40.3015,-0.317],[40.3048,-0.3338],[40.3116,-0.3338],[40.315,-0.3473],[40.3251,-0.3473],[40.3284,-0.3608],[40.3419,-0.3608],[40.352,-0.3709],[40.3723,-0.3777],[40.3824,-0.3878],[40.3824,-0.3945],[40.3925,-0.3911],[40.3925,-0.3945],[40.4094,-0.3979],[40.4127,-0.4148],[40.4195,-0.4215],[40.4228,-0.4181],[40.4363,-0.4215],[40.4363,-0.4316],[40.4431,-0.4316],[40.4431,-0.4417],[40.4465,-0.4417],[40.4465,-0.435],[40.4532,-0.4384],[40.4498,-0.4417],[40.4532,-0.4485],[40.4431,-0.4485],[40.4431,-0.4586],[40.433,-0.4586],[40.433,-0.4721],[40.4431,-0.4788],[40.4465,-0.4889],[40.4296,-0.4856],[40.4228,-0.4754],[40.4127,-0.4788],[40.4228,-0.4653],[40.4228,-0.4552],[40.4397,-0.4485],[40.4397,-0.4384],[40.4094,-0.435],[40.4094,-0.4282],[40.4026,-0.4215],[40.3891,-0.4181],[40.3891,-0.4114],[40.3824,-0.4046],[40.3689,-0.4013],[40.3689,-0.3979],[40.3385,-0.4013],[40.3756,-0.4384],[40.3756,-0.4518],[40.352,-0.4552],[40.3554,-0.4822],[40.3487,-0.4754],[40.3419,-0.4754],[40.3419,-0.4822],[40.3352,-0.4889],[40.3251,-0.4889],[40.3318,-0.4788],[40.3251,-0.4687],[40.288,-0.4586],[40.2913,-0.4518],[40.2745,-0.4451],[40.2745,-0.4384],[40.2677,-0.4485],[40.2644,-0.4316],[40.261,-0.4282],[40.2542,-0.4316],[40.2542,-0.4249],[40.2475,-0.4249],[40.2408,-0.4181],[40.2408,-0.4114],[40.234,-0.4046],[40.2273,-0.4046],[40.2273,-0.3979],[40.2138,-0.3878],[40.2138,-0.381],[40.207,-0.3743],[40.2003,-0.3743],[40.2037,-0.3608],[40.1936,-0.3541],[40.2037,-0.3541],[40.2037,-0.3473],[40.1969,-0.3473],[40.2003,-0.3406],[40.1868,-0.3372],[40.1868,-0.3338],[40.1936,-0.3338],[40.1868,-0.3271],[40.1902,-0.3271],[40.1902,-0.317],[40.2003,-0.3271],[40.207,-0.3271],[40.2104,-0.3203],[40.207,-0.317],[40.2003,-0.3203],[40.1969,-0.3102],[40.1902,-0.3069],[40.1801,-0.3237],[40.1733,-0.317],[40.1733,-0.3102],[40.1531,-0.3136],[40.1565,-0.3035],[40.1497,-0.3035],[40.1497,-0.2967],[40.1463,-0.3001],[40.1396,-0.2967],[40.1362,-0.2833],[40.1194,-0.2866],[40.1194,-0.2799],[40.1227,-0.2799],[40.1194,-0.2698],[40.1126,-0.2731],[40.1126,-0.2664],[40.1059,-0.2664],[40.1025,-0.2462],[40.089,-0.2462],[40.0924,-0.2428],[40.0924,-0.2394],[40.0857,-0.2394],[40.089,-0.2293],[40.0823,-0.2293],[40.0857,-0.2259],[40.0823,-0.2158],[40.0958,-0.2192],[40.0958,-0.2091],[40.1025,-0.2091],[40.1025,-0.2023],[40.0924,-0.1989],[40.0924,-0.2023],[40.0857,-0.2023],[40.0857,-0.2091],[40.0789,-0.2023]],[[40.1025,-0.1922],[40.1025,-0.1989],[40.1093,-0.2057],[40.1126,-0.2023],[40.116,-0.2023],[40.116,-0.2091],[40.1261,-0.2057],[40.1261,-0.2124],[40.1295,-0.2124],[40.1194,-0.2293],[40.1295,-0.2293],[40.1295,-0.2225],[40.1362,-0.2192],[40.1497,-0.2327],[40.1497,-0.2394],[40.1329,-0.2462],[40.1362,-0.2529],[40.1565,-0.2529],[40.1598,-0.2596],[40.17,-0.2563],[40.1733,-0.263],[40.2003,-0.2698],[40.2205,-0.2833],[40.2306,-0.2833],[40.2306,-0.2765],[40.2441,-0.2731],[40.2441,-0.263],[40.2172,-0.2596],[40.2138,-0.2495],[40.2037,-0.2495],[40.1902,-0.2293],[40.1733,-0.2259],[40.1733,-0.2158],[40.1598,-0.2158],[40.1632,-0.2057],[40.1497,-0.1888],[40.1329,-0.1922],[40.1329,-0.1989],[40.1227,-0.1888],[40.116,-0.1922],[40.116,-0.1855],[40.1093,-0.1855],[40.1025,-0.1922]],[[40.1227,-0.2225],[40.1227,-0.2124],[40.1126,-0.2158],[40.1093,-0.2091],[40.0991,-0.2124],[40.0991,-0.2225],[40.1059,-0.2225],[40.1059,-0.2259],[40.1227,-0.2225]],[[40.1194,-0.2327],[40.116,-0.2293],[40.116,-0.2327],[40.1194,-0.2327]],[[40.1329,-0.2293],[40.1295,-0.2327],[40.1329,-0.2327],[40.1329,-0.2293]],[[40.1295,-0.236],[40.1261,-0.2327],[40.1261,-0.236],[40.1295,-0.236]],[[40.1329,-0.2293],[40.1362,-0.2293],[40.1362,-0.2259],[40.1329,-0.2259],[40.1329,-0.2293]],[[40.1362,-0.2293],[40.1362,-0.236],[40.1396,-0.236],[40.1396,-0.2293],[40.1362,-0.2293]],[[40.116,-0.1855],[40.1227,-0.1855],[40.1227,-0.1821],[40.116,-0.1821],[40.116,-0.1855]],[[40.089,-0.1484],[40.0857,-0.1484],[40.0857,-0.1551],[40.089,-0.1551],[40.089,-0.1484]],[[40.1565,-0.1585],[40.1463,-0.145],[40.1362,-0.1484],[40.1497,-0.1585],[40.1565,-0.1585]],[[40.1329,-0.1484],[40.1362,-0.145],[40.1329,-0.145],[40.1329,-0.1484]],[[40.17,-0.1517],[40.1733,-0.1484],[40.17,-0.1484],[40.17,-0.1517]],[[40.1902,-0.1551],[40.1868,-0.1585],[40.1902,-0.1585],[40.1902,-0.1551]],[[40.4127,-0.4181],[40.4094,-0.4148],[40.4094,-0.4181],[40.4127,-0.4181]],[[40.4228,-0.4721],[40.4262,-0.4754],[40.4262,-0.4721],[40.4228,-0.4721]],[[40.2239,-0.3911],[40.2273,-0.3945],[40.2273,-0.3911],[40.2239,-0.3911]],[[40.2172,-0.3878],[40.2205,-0.3878],[40.2205,-0.381],[40.2172,-0.381],[40.2172,-0.3878]],[[40.1733,-0.3069],[40.1767,-0.3102],[40.1767,-0.3069],[40.1733,-0.3069]],[[40.17,-0.3069],[40.1733,-0.3035],[40.17,-0.3035],[40.17,-0.3069]],[[40.1362,-0.2833],[40.1396,-0.2799],[40.1463,-0.2833],[40.1463,-0.2765],[40.1396,-0.2698],[40.1362,-0.2698],[40.1362,-0.2833]],[[40.143,-0.2731],[40.1497,-0.2698],[40.1497,-0.2664],[40.143,-0.2664],[40.143,-0.2731]],[[40.1497,-0.2664],[40.1565,-0.2698],[40.1565,-0.2596],[40.1531,-0.2596],[40.1497,-0.2664]],[[40.1497,-0.2596],[40.1531,-0.2563],[40.1497,-0.2563],[40.1497,-0.2596]],[[40.1295,-0.2833],[40.1329,-0.2799],[40.1295,-0.2799],[40.1295,-0.2833]],[[40.1194,-0.2664],[40.1295,-0.2731],[40.1329,-0.2596],[40.1261,-0.2664],[40.1194,-0.2664]],[[40.1126,-0.263],[40.116,-0.2664],[40.116,-0.263],[40.1126,-0.263]],[[40.116,-0.263],[40.1227,-0.263],[40.1227,-0.2563],[40.1329,-0.2563],[40.1329,-0.2529],[40.1227,-0.2529],[40.1227,-0.2495],[40.1126,-0.2529],[40.1093,-0.2596],[40.116,-0.2596],[40.116,-0.263]],[[40.4262,-0.462],[40.4296,-0.4586],[40.4262,-0.4586],[40.4262,-0.462]],[[40.4228,-0.4316],[40.4262,-0.4282],[40.4228,-0.4282],[40.4228,-0.4316]],[[40.3925,-0.4046],[40.3891,-0.408],[40.3925,-0.408],[40.3925,-0.4046]],[[40.3925,-0.408],[40.3993,-0.4148],[40.406,-0.4148],[40.4026,-0.4046],[40.3925,-0.408]],[[40.3588,-0.381],[40.3588,-0.3844],[40.3655,-0.3844],[40.3655,-0.381],[40.3588,-0.381]],[[40.3419,-0.462],[40.3487,-0.4552],[40.3419,-0.4552],[40.3419,-0.462]],[[40.3385,-0.4586],[40.3352,-0.462],[40.3385,-0.462],[40.3385,-0.4586]],[[40.2981,-0.3203],[40.2947,-0.3237],[40.2981,-0.3237],[40.2981,-0.3203]],[[40.261,-0.4148],[40.2644,-0.4148],[40.2644,-0.408],[40.261,-0.408],[40.261,-0.4148]],[[40.261,-0.408],[40.261,-0.3979],[40.2542,-0.3945],[40.2542,-0.4013],[40.2475,-0.4013],[40.2475,-0.4046],[40.261,-0.408]],[[40.2408,-0.2428],[40.2374,-0.2462],[40.2306,-0.2529],[40.2408,-0.2495],[40.2408,-0.2428]],[[40.234,-0.3136],[40.2408,-0.3136],[40.2408,-0.3069],[40.234,-0.3069],[40.234,-0.3136]],[[40.2239,-0.3878],[40.2273,-0.3844],[40.2239,-0.3844],[40.2239,-0.3878]],[[40.2239,-0.3709],[40.2273,-0.3675],[40.2239,-0.3675],[40.2239,-0.3709]],[[40.2205,-0.3473],[40.2239,-0.3439],[40.2205,-0.3439],[40.2205,-0.3473]],[[40.2205,-0.3675],[40.2172,-0.3709],[40.2205,-0.3709],[40.2205,-0.3675]],[[40.1969,-0.2293],[40.2003,-0.2327],[40.2003,-0.2293],[40.1969,-0.2293]],[[40.2003,-0.2327],[40.2003,-0.2394],[40.2172,-0.236],[40.2172,-0.2327],[40.2003,-0.2327]],[[40.2003,-0.2259],[40.2037,-0.2293],[40.2037,-0.2259],[40.2003,-0.2259]],[[40.2138,-0.3574],[40.2172,-0.3541],[40.2138,-0.3541],[40.2138,-0.3574]],[[40.2104,-0.3507],[40.2138,-0.3473],[40.2104,-0.3473],[40.2104,-0.3507]],[[40.1632,-0.1989],[40.1666,-0.1956],[40.1632,-0.1956],[40.1632,-0.1989]],[[40.1666,-0.172],[40.1666,-0.1686],[40.1598,-0.1686],[40.1598,-0.172],[40.1666,-0.172]],[[40.1632,-0.2731],[40.1598,-0.2765],[40.1632,-0.2765],[40.1632,-0.2731]],[[40.1666,-0.2765],[40.1632,-0.2799],[40.1666,-0.2799],[40.1666,-0.2765]],[[40.1598,-0.3069],[40.1632,-0.3035],[40.1598,-0.3035],[40.1598,-0.3069]],[[40.1362,-0.2596],[40.1396,-0.2563],[40.1362,-0.2563],[40.1362,-0.2596]],[[40.1227,-0.1349],[40.1227,-0.1416],[40.1295,-0.1416],[40.1261,-0.1349],[40.1227,-0.1349]],[[40.116,-0.1686],[40.1194,-0.1652],[40.116,-0.1652],[40.116,-0.1686]],[[40.1194,-0.1484],[40.1194,-0.145],[40.1093,-0.145],[40.1059,-0.1517],[40.0991,-0.1517],[40.0991,-0.1585],[40.1059,-0.1619],[40.1126,-0.1551],[40.1126,-0.1484],[40.1194,-0.1484]],[[40.0991,-0.236],[40.1059,-0.2462],[40.116,-0.2462],[40.1126,-0.236],[40.1059,-0.236],[40.1059,-0.2293],[40.0991,-0.2293],[40.0991,-0.236]],[[40.1093,-0.1686],[40.1126,-0.1686],[40.1126,-0.1619],[40.1093,-0.1619],[40.1093,-0.1686]],[[40.0755,-0.1484],[40.0722,-0.1517],[40.0755,-0.1517],[40.0755,-0.1484]]],[[[40.0857,-0.2462],[40.089,-0.2495],[40.0857,-0.2495],[40.0857,-0.2462]]],[[[40.2475,-0.4249],[40.2509,-0.435],[40.2408,-0.4384],[40.2408,-0.4316],[40.2475,-0.4249]]],[[[40.3419,-0.4822],[40.3487,-0.4788],[40.3487,-0.4923],[40.3385,-0.4923],[40.3419,-0.4822]]],[[[40.4296,-1.9119],[40.4465,-1.9119],[40.4465,-1.9187],[40.4363,-1.9153],[40.4363,-1.922],[40.4296,-1.9254],[40.4296,-1.9119]]],[[[40.433,-0.5834],[40.4296,-0.5732],[40.4363,-0.5732],[40.433,-0.5631],[40.4397,-0.5631],[40.4431,-0.58],[40.433,-0.5834]]],[[[40.3891,-0.5935],[40.3858,-0.5935],[40.3858,-0.5834],[40.379,-0.58],[40.3824,-0.5766],[40.379,-0.5665],[40.3824,-0.5631],[40.3959,-0.5665],[40.3959,-0.553],[40.4026,-0.553],[40.4094,-0.5597],[40.3993,-0.5597],[40.3993,-0.5631],[40.4127,-0.5665],[40.4127,-0.5732],[40.4026,-0.5766],[40.406,-0.5867],[40.4026,-0.5867],[40.3993,-0.5935],[40.3925,-0.5935],[40.3925,-0.6002],[40.3858,-0.6002],[40.3891,-0.5935]],[[40.3993,-0.5699],[40.3959,-0.5732],[40.3993,-0.5732],[40.3993,-0.5699]]],[[[40.4026,-0.5901],[40.406,-0.5867],[40.4161,-0.5901],[40.4161,-0.5834],[40.4195,-0.5834],[40.4195,-0.5935],[40.4262,-0.5935],[40.433,-0.6036],[40.4296,-0.6137],[40.4262,-0.6137],[40.4262,-0.6036],[40.4161,-0.5968],[40.4026,-0.6002],[40.406,-0.5968],[40.4026,-0.5901]]],[[[40.4161,-0.8025],[40.4094,-0.8025],[40.4094,-0.7958],[40.3993,-0.7924],[40.4026,-0.7756],[40.4195,-0.7857],[40.4161,-0.8025]],[[40.4026,-0.7823],[40.406,-0.7857],[40.406,-0.7823],[40.4026,-0.7823]]],[[[40.4195,-1.5073],[40.4161,-1.514],[40.406,-1.514],[40.406,-1.5073],[40.3993,-1.5073],[40.3891,-1.4938],[40.3959,-1.4938],[40.3959,-1.4972],[40.4026,-1.4938],[40.4026,-1.5005],[40.4094,-1.5005],[40.4127,-1.4938],[40.406,-1.487],[40.4195,-1.4904],[40.4195,-1.5005],[40.4127,-1.5005],[40.4195,-1.5073]]],[[[40.3824,-1.0352],[40.3891,-1.0352],[40.3858,-1.0285],[40.3925,-1.0285],[40.3959,-1.0386],[40.3925,-1.0419],[40.3891,-1.0419],[40.3891,-1.0386],[40.379,-1.0419],[40.3756,-1.0318],[40.3824,-1.0318],[40.3824,-1.0352]]],[[[40.3858,-1.0419],[40.3993,-1.0453],[40.3959,-1.0554],[40.3858,-1.0487],[40.3858,-1.0419]]],[[[40.3959,-1.0588],[40.4026,-1.0521],[40.4026,-1.0453],[40.4094,-1.0453],[40.4094,-1.0521],[40.4026,-1.0588],[40.3959,-1.0588]]],[[[40.3993,-1.1465],[40.3993,-1.133],[40.406,-1.133],[40.406,-1.1499],[40.3993,-1.1465]]],[[[40.4026,-0.607],[40.4026,-0.6204],[40.3993,-0.6204],[40.3959,-0.6036],[40.4026,-0.607]]],[[[40.3925,-1.1128],[40.4026,-1.1161],[40.3993,-1.1296],[40.3959,-1.1296],[40.3925,-1.1128]]],[[[40.3959,-1.0723],[40.3993,-1.0824],[40.3925,-1.0824],[40.3925,-1.0892],[40.3891,-1.0892],[40.3858,-1.0723],[40.3959,-1.0723]]],[[[40.3925,-0.5125],[40.3891,-0.5092],[40.3925,-0.5092],[40.3925,-0.5125]]],[[[40.3723,-0.7452],[40.3689,-0.7486],[40.3689,-0.7385],[40.3756,-0.7418],[40.3756,-0.7317],[40.379,-0.7317],[40.3858,-0.7385],[40.3858,-0.7452],[40.3824,-0.7486],[40.3723,-0.7452]]],[[[40.3824,-1.4837],[40.3756,-1.4938],[40.3756,-1.487],[40.3689,-1.487],[40.3723,-1.4972],[40.3655,-1.4972],[40.3655,-1.487],[40.3588,-1.487],[40.3588,-1.4837],[40.3689,-1.4837],[40.3689,-1.4803],[40.3622,-1.4803],[40.3655,-1.4736],[40.3723,-1.4736],[40.3824,-1.4837]]],[[[40.3622,-0.5092],[40.3655,-0.5024],[40.379,-0.5058],[40.3824,-0.5125],[40.3622,-0.5092]]],[[[40.3655,-0.7047],[40.3756,-0.7149],[40.3689,-0.7149],[40.3487,-0.6879],[40.3419,-0.6879],[40.3419,-0.6811],[40.352,-0.6811],[40.352,-0.6879],[40.3588,-0.6879],[40.3588,-0.6946],[40.3655,-0.6946],[40.3655,-0.7047]]],[[[40.3689,0.1632],[40.3756,0.1699],[40.3723,0.1531],[40.3622,0.1598],[40.3622,0.1632],[40.3689,0.1632]]],[[[40.3554,-0.7654],[40.3622,-0.7722],[40.3487,-0.7756],[40.3487,-0.7688],[40.3554,-0.7654]]],[[[40.3487,-0.9981],[40.3554,-0.9947],[40.3622,-1.0049],[40.352,-1.0049],[40.3487,-0.9981]]],[[[40.3419,-0.2934],[40.3352,-0.2934],[40.3385,-0.2866],[40.3318,-0.2866],[40.3318,-0.2765],[40.3419,-0.2833],[40.3419,-0.29],[40.352,-0.29],[40.352,-0.2967],[40.3419,-0.2967],[40.3419,-0.2934]]],[[[40.3453,-1.9322],[40.3487,-1.9456],[40.352,-1.9456],[40.352,-1.9558],[40.3419,-1.9524],[40.3419,-1.9322],[40.3453,-1.9322]]],[[[40.3082,-0.5125],[40.3015,-0.5058],[40.3015,-0.4991],[40.3116,-0.5058],[40.3082,-0.5193],[40.315,-0.5193],[40.3082,-0.526],[40.3048,-0.526],[40.3048,-0.5125],[40.3082,-0.5125]]],[[[40.315,-0.5227],[40.3284,-0.5193],[40.3284,-0.526],[40.3453,-0.5395],[40.3487,-0.5564],[40.3419,-0.5564],[40.3419,-0.5463],[40.3352,-0.5395],[40.3183,-0.5429],[40.3183,-0.5362],[40.3284,-0.5362],[40.3284,-0.5328],[40.3251,-0.5294],[40.315,-0.5328],[40.3116,-0.5294],[40.315,-0.5227]]],[[[40.3487,-0.6542],[40.3385,-0.6609],[40.3352,-0.6407],[40.3251,-0.6306],[40.3487,-0.6339],[40.3453,-0.6373],[40.3453,-0.6474],[40.3487,-0.6474],[40.3453,-0.6542],[40.3487,-0.6542]]],[[[40.3352,-0.5058],[40.3385,-0.4991],[40.3453,-0.5024],[40.3419,-0.5125],[40.3318,-0.5125],[40.3318,-0.5092],[40.3385,-0.5092],[40.3352,-0.5058]]],[[[39.8597,0.3487],[39.8665,0.3487],[39.8665,0.3419],[39.8732,0.3419],[39.8732,0.3385],[39.88,0.3419],[39.8833,0.3318],[39.8901,0.3318],[39.8968,0.3419],[39.9002,0.3284],[39.9069,0.3284],[39.9103,0.3318],[39.9069,0.3554],[39.9272,0.3554],[39.9305,0.3453],[39.9339,0.3453],[39.9339,0.352],[39.9407,0.3487],[39.9407,0.3554],[39.944,0.3554],[39.944,0.3453],[39.9474,0.3453],[39.9541,0.3588],[39.9609,0.3554],[39.9609,0.3622],[39.971,0.3655],[39.9744,0.3622],[39.971,0.352],[39.9811,0.352],[39.9879,0.3453],[39.9912,0.3284],[39.998,0.3318],[40.0081,0.3251],[40.0081,0.3183],[40.0115,0.3183],[40.0115,0.3251],[40.0182,0.3251],[40.0216,0.3183],[40.0351,0.3149],[40.0317,0.3116],[40.0351,0.3048],[40.0283,0.3048],[40.0283,0.2913],[40.025,0.2913],[40.025,0.3014],[40.0182,0.2981],[40.0182,0.2913],[40.0216,0.2913],[40.0182,0.2846],[40.0283,0.2846],[40.0283,0.2812],[40.0148,0.2812],[40.0148,0.2913],[40.0081,0.2913],[40.0081,0.2812],[39.998,0.2812],[39.998,0.2913],[39.9946,0.2913],[39.998,0.3014],[39.9946,0.3048],[39.9879,0.3014],[39.9811,0.3116],[39.9541,0.3082],[39.9541,0.3048],[39.971,0.3048],[39.971,0.3014],[39.9508,0.2981],[39.9474,0.2913],[39.9373,0.2947],[39.9373,0.3014],[39.9272,0.2981],[39.9272,0.3048],[39.9204,0.3048],[39.9204,0.3116],[39.9137,0.3116],[39.9103,0.3048],[39.8968,0.3048],[39.8901,0.2981],[39.8833,0.2981],[39.88,0.2913],[39.8732,0.2913],[39.8732,0.2846],[39.8631,0.288],[39.8597,0.2745],[39.8361,0.2644],[39.8395,0.2745],[39.8294,0.2745],[39.826,0.2846],[39.8395,0.2846],[39.8496,0.2947],[39.8564,0.2947],[39.8665,0.3116],[39.8732,0.3116],[39.8732,0.3217],[39.8766,0.3217],[39.8766,0.3352],[39.8597,0.3352],[39.8631,0.3385],[39.8597,0.3487]],[[39.9272,0.3487],[39.9238,0.352],[39.9238,0.3487],[39.9272,0.3487]],[[39.9474,0.3453],[39.944,0.3385],[39.9272,0.3385],[39.9238,0.3318],[39.9305,0.3318],[39.9305,0.3284],[39.944,0.3318],[39.9541,0.3251],[39.9643,0.3251],[39.9541,0.3385],[39.9541,0.3453],[39.9474,0.3453]],[[39.9238,0.3318],[39.9137,0.3318],[39.9137,0.3284],[39.9238,0.3284],[39.9238,0.3318]],[[39.9609,0.3352],[39.9643,0.3318],[39.9643,0.3352],[39.9609,0.3352]],[[39.9676,0.3116],[39.971,0.3149],[39.9676,0.3149],[39.9676,0.3116]],[[39.8766,0.2947],[39.88,0.2981],[39.8766,0.2981],[39.8766,0.2947]],[[39.8496,0.2745],[39.853,0.2778],[39.8496,0.2778],[39.8496,0.2745]],[[40.0148,0.3014],[40.0182,0.3048],[40.025,0.3048],[40.025,0.3082],[40.0148,0.3082],[40.0148,0.3014]],[[40.0014,0.2981],[40.0047,0.2947],[40.0047,0.2981],[40.0014,0.2981]],[[39.9879,0.3149],[39.9879,0.3082],[39.9912,0.3082],[39.9912,0.3149],[39.9879,0.3149]],[[39.9845,0.3217],[39.9879,0.3183],[39.9879,0.3217],[39.9845,0.3217]],[[39.9778,0.3318],[39.9811,0.3284],[39.9811,0.3318],[39.9778,0.3318]],[[39.971,0.3183],[39.9811,0.3183],[39.9811,0.3251],[39.9744,0.3251],[39.971,0.3183]],[[39.9744,0.3251],[39.9744,0.3352],[39.971,0.3352],[39.971,0.3251],[39.9744,0.3251]],[[39.9676,0.3554],[39.9643,0.3588],[39.9643,0.3554],[39.9676,0.3554]],[[39.9643,0.3183],[39.9609,0.3217],[39.9609,0.3183],[39.9643,0.3183]],[[39.9609,0.3419],[39.9643,0.3385],[39.9643,0.3419],[39.9609,0.3419]],[[39.8968,0.3284],[39.8935,0.3318],[39.8935,0.3284],[39.8968,0.3284]],[[39.8361,0.2778],[39.8429,0.2778],[39.8429,0.2812],[39.8361,0.2812],[39.8361,0.2778]]],[[[40.0283,0.2812],[40.0317,0.2778],[40.0384,0.2812],[40.0486,0.2677],[40.0755,0.2711],[40.0823,0.2644],[40.0823,0.2576],[40.0958,0.2576],[40.0924,0.2644],[40.0857,0.2644],[40.0958,0.2711],[40.0789,0.2745],[40.0789,0.2846],[40.0857,0.288],[40.0823,0.2947],[40.089,0.2947],[40.0958,0.3014],[40.0958,0.2913],[40.116,0.2846],[40.116,0.2711],[40.1261,0.2711],[40.1261,0.261],[40.1362,0.261],[40.143,0.2509],[40.1531,0.2576],[40.1565,0.2576],[40.1565,0.2509],[40.17,0.2509],[40.17,0.2408],[40.1834,0.2408],[40.1801,0.2306],[40.1936,0.2306],[40.1969,0.2408],[40.2104,0.2374],[40.2003,0.2306],[40.2138,0.2306],[40.2138,0.2374],[40.2205,0.2441],[40.2273,0.2408],[40.2273,0.2509],[40.2374,0.2475],[40.2374,0.2408],[40.2475,0.2408],[40.2475,0.2475],[40.2408,0.2475],[40.2475,0.2542],[40.2542,0.2441],[40.261,0.2441],[40.2542,0.2374],[40.2542,0.2306],[40.2644,0.2374],[40.2644,0.2441],[40.2846,0.2408],[40.3015,0.2273],[40.2981,0.2172],[40.3082,0.2172],[40.3082,0.2104],[40.3116,0.2104],[40.3116,0.2205],[40.315,0.2205],[40.315,0.2037],[40.3082,0.2003],[40.3082,0.207],[40.3048,0.207],[40.3048,0.1969],[40.3251,0.2003],[40.3318,0.1935],[40.3318,0.2037],[40.3352,0.2037],[40.3352,0.1969],[40.3453,0.1935],[40.3453,0.1868],[40.3419,0.1868],[40.3419,0.1767],[40.3318,0.1801],[40.3284,0.1733],[40.3217,0.1801],[40.3082,0.1801],[40.3015,0.1868],[40.3015,0.1935],[40.2947,0.1969],[40.2981,0.2037],[40.2913,0.2037],[40.288,0.2138],[40.2812,0.2138],[40.2812,0.207],[40.261,0.207],[40.261,0.2037],[40.2475,0.2037],[40.2475,0.207],[40.2273,0.2037],[40.2239,0.2104],[40.2172,0.2104],[40.2172,0.207],[40.1969,0.207],[40.1969,0.2037],[40.1834,0.2003],[40.1767,0.207],[40.17,0.207],[40.17,0.2205],[40.1565,0.2205],[40.1565,0.2273],[40.1497,0.2273],[40.1396,0.2374],[40.1261,0.234],[40.1261,0.2273],[40.0857,0.2273],[40.0823,0.234],[40.0688,0.2306],[40.0722,0.234],[40.0688,0.261],[40.062,0.261],[40.062,0.2576],[40.0418,0.261],[40.0418,0.2711],[40.0283,0.2745],[40.0283,0.2812]],[[40.0823,0.2846],[40.0823,0.2812],[40.089,0.2778],[40.089,0.2846],[40.0823,0.2846]],[[40.1834,0.207],[40.1868,0.2037],[40.1868,0.207],[40.1834,0.207]],[[40.1565,0.2273],[40.1598,0.2273],[40.1632,0.2408],[40.1565,0.2408],[40.1565,0.2273]],[[40.0722,0.2509],[40.0755,0.2509],[40.0755,0.2576],[40.0722,0.2576],[40.0722,0.2509]],[[40.3183,0.1902],[40.3116,0.1935],[40.3116,0.1834],[40.3183,0.1834],[40.3183,0.1902]],[[40.3015,0.2104],[40.3048,0.2138],[40.3015,0.2138],[40.3015,0.2104]],[[40.2509,0.2172],[40.2542,0.2205],[40.2509,0.2205],[40.2509,0.2172]],[[40.2374,0.2138],[40.2408,0.2172],[40.2374,0.2172],[40.2374,0.2138]],[[40.2408,0.2239],[40.2374,0.2205],[40.2408,0.2205],[40.2408,0.2239]],[[40.2273,0.2374],[40.234,0.2306],[40.234,0.2374],[40.2273,0.2374]],[[40.2037,0.2239],[40.2037,0.2172],[40.1936,0.2172],[40.1969,0.2104],[40.2104,0.2138],[40.2037,0.2239]],[[40.207,0.2273],[40.2104,0.2239],[40.2104,0.2273],[40.207,0.2273]],[[40.1936,0.2273],[40.1902,0.2239],[40.1936,0.2239],[40.1936,0.2273]],[[40.1969,0.2239],[40.1936,0.2205],[40.1969,0.2205],[40.1969,0.2239]],[[40.1902,0.2138],[40.1868,0.2104],[40.1902,0.2104],[40.1902,0.2138]],[[40.1767,0.234],[40.1733,0.2306],[40.1767,0.2306],[40.1767,0.234]],[[40.1463,0.2374],[40.1497,0.2408],[40.1463,0.2408],[40.1463,0.2374]],[[40.1227,0.2408],[40.1194,0.2374],[40.1227,0.2374],[40.1227,0.2408]],[[40.1093,0.2306],[40.116,0.2374],[40.1093,0.2374],[40.1093,0.2306]],[[40.1126,0.2745],[40.1093,0.2711],[40.1126,0.2711],[40.1126,0.2745]],[[40.0924,0.2542],[40.1025,0.2408],[40.1126,0.2441],[40.1059,0.261],[40.0991,0.261],[40.0991,0.2542],[40.0924,0.2542]],[[40.0991,0.2711],[40.0991,0.2644],[40.1025,0.2644],[40.1025,0.2711],[40.0991,0.2711]]],[[[39.8327,0.3554],[39.8496,0.3554],[39.8597,0.3487],[39.8429,0.3453],[39.8327,0.3554]]],[[[39.944,0.2913],[39.944,0.2846],[39.9541,0.288],[39.9508,0.2745],[39.9407,0.2778],[39.9407,0.2913],[39.944,0.2913]]],[[[40.0688,0.2306],[40.0688,0.2273],[40.062,0.2273],[40.062,0.2205],[40.0553,0.2239],[40.0553,0.2306],[40.0688,0.2306]]],[[[39.9879,0.3453],[39.9879,0.3554],[39.9946,0.3554],[39.9946,0.3588],[40.0182,0.352],[40.0081,0.3385],[40.0014,0.3385],[39.9946,0.3487],[39.9879,0.3453]]],[[[40.3284,-1.4668],[40.3385,-1.4736],[40.3385,-1.4837],[40.3453,-1.487],[40.3419,-1.4972],[40.3318,-1.4972],[40.3183,-1.487],[40.3217,-1.4803],[40.3284,-1.4803],[40.3284,-1.4668]]],[[[40.3284,-1.4668],[40.3217,-1.4668],[40.3116,-1.4567],[40.3284,-1.4601],[40.3284,-1.4668]]],[[[40.3217,0.0991],[40.3251,0.1059],[40.3318,0.1025],[40.3318,0.1092],[40.3352,0.1092],[40.3385,0.0924],[40.3284,0.0924],[40.3217,0.0991]]],[[[40.3217,-1.1296],[40.3251,-1.1262],[40.3251,-1.1161],[40.3352,-1.1195],[40.3284,-1.1296],[40.3217,-1.1296]]],[[[40.3082,-0.6171],[40.3048,-0.6036],[40.2981,-0.6036],[40.2981,-0.5968],[40.3116,-0.5968],[40.315,-0.607],[40.3217,-0.607],[40.3183,-0.6204],[40.3082,-0.6171]],[[40.3082,-0.607],[40.3116,-0.6036],[40.3082,-0.6036],[40.3082,-0.607]]],[[[40.288,-1.5511],[40.2846,-1.5477],[40.288,-1.5343],[40.2745,-1.5343],[40.2745,-1.5309],[40.2677,-1.5343],[40.2677,-1.5275],[40.2779,-1.5241],[40.2745,-1.5174],[40.2576,-1.514],[40.2576,-1.5208],[40.2644,-1.5208],[40.2644,-1.5275],[40.261,-1.5275],[40.2644,-1.5343],[40.2576,-1.5343],[40.2542,-1.5174],[40.2509,-1.5208],[40.2408,-1.5174],[40.2374,-1.5241],[40.2306,-1.5241],[40.2374,-1.514],[40.2576,-1.5107],[40.2542,-1.5005],[40.261,-1.5005],[40.261,-1.4972],[40.2475,-1.4972],[40.2475,-1.4938],[40.2644,-1.4904],[40.2677,-1.5005],[40.2779,-1.5039],[40.2812,-1.5241],[40.288,-1.5309],[40.2981,-1.5343],[40.3015,-1.5241],[40.3082,-1.5241],[40.315,-1.5309],[40.315,-1.5376],[40.3217,-1.5376],[40.3183,-1.5444],[40.3048,-1.5477],[40.3082,-1.5579],[40.3015,-1.5545],[40.2981,-1.5612],[40.2947,-1.5612],[40.2947,-1.5511],[40.288,-1.5511]],[[40.2947,-1.5477],[40.2981,-1.5511],[40.2981,-1.5477],[40.2947,-1.5477]],[[40.2745,-1.5107],[40.2711,-1.5073],[40.2711,-1.5107],[40.2745,-1.5107]]],[[[40.2947,-1.568],[40.3048,-1.5579],[40.3082,-1.5646],[40.2947,-1.568]]],[[[40.2947,-0.988],[40.2913,-0.9779],[40.3082,-0.9812],[40.3048,-0.9846],[40.3082,-0.9981],[40.3015,-0.9981],[40.3015,-0.988],[40.2947,-0.988]]],[[[40.3048,-1.45],[40.3048,-1.4567],[40.2947,-1.4567],[40.2981,-1.4466],[40.3048,-1.45]]],[[[40.2981,-1.9929],[40.2981,-1.9962],[40.3048,-1.9962],[40.3048,-2.003],[40.2981,-2.003],[40.2913,-1.9962],[40.2913,-1.9929],[40.2981,-1.9929]]],[[[40.2913,-0.4889],[40.2981,-0.4822],[40.3048,-0.4889],[40.3048,-0.4957],[40.2981,-0.4957],[40.2913,-0.4889]]],[[[40.2306,-0.5362],[40.234,-0.526],[40.2374,-0.5294],[40.2542,-0.526],[40.2509,-0.5362],[40.2576,-0.5362],[40.2576,-0.5429],[40.2677,-0.5463],[40.2677,-0.5564],[40.2745,-0.553],[40.2745,-0.5597],[40.2812,-0.5665],[40.2812,-0.58],[40.288,-0.5867],[40.2812,-0.5867],[40.2779,-0.58],[40.2677,-0.5834],[40.2677,-0.5732],[40.2576,-0.5699],[40.261,-0.5665],[40.261,-0.5597],[40.2542,-0.5597],[40.2576,-0.553],[40.2475,-0.5564],[40.2441,-0.5463],[40.2273,-0.5463],[40.2306,-0.5564],[40.2239,-0.5564],[40.2239,-0.5362],[40.2306,-0.5362]],[[40.2306,-0.5395],[40.2374,-0.5395],[40.2374,-0.5362],[40.2306,-0.5362],[40.2306,-0.5395]]],[[[40.2812,-0.9543],[40.2812,-0.9577],[40.288,-0.9644],[40.2779,-0.9644],[40.2745,-0.9543],[40.2812,-0.9543]]],[[[40.2745,-0.6339],[40.2745,-0.6238],[40.2812,-0.6238],[40.2745,-0.6441],[40.2677,-0.6474],[40.2644,-0.6373],[40.2745,-0.6339]]],[[[40.2542,-1.1195],[40.2441,-1.1195],[40.2441,-1.1161],[40.2509,-1.1161],[40.2509,-1.1094],[40.2576,-1.1094],[40.2542,-1.1195]]],[[[40.2576,-1.1195],[40.261,-1.1161],[40.261,-1.1026],[40.2542,-1.0993],[40.2542,-1.0925],[40.2644,-1.0925],[40.2677,-1.1026],[40.2812,-1.1128],[40.2812,-1.1262],[40.2644,-1.1296],[40.261,-1.1262],[40.2644,-1.1195],[40.2576,-1.1195]],[[40.2745,-1.1161],[40.2711,-1.1195],[40.2745,-1.1195],[40.2745,-1.1161]]],[[[40.2779,-0.607],[40.2812,-0.607],[40.2812,-0.6137],[40.2779,-0.6137],[40.2779,-0.607]]],[[[40.2711,0.116],[40.2779,0.1092],[40.2745,0.1025],[40.2677,0.1025],[40.2711,0.116]]],[[[40.2677,-1.9018],[40.2677,-1.8951],[40.2711,-1.8951],[40.2745,-1.9085],[40.2644,-1.9085],[40.2644,-1.9018],[40.2677,-1.9018]],[[40.2677,-1.9018],[40.2711,-1.9052],[40.2711,-1.9018],[40.2677,-1.9018]]],[[[40.261,-1.9625],[40.261,-1.9659],[40.2542,-1.9659],[40.2576,-1.9456],[40.2644,-1.9558],[40.2711,-1.9558],[40.2745,-1.9659],[40.261,-1.9625]]],[[[40.1902,-2.0401],[40.1834,-2.0401],[40.1868,-2.0266],[40.17,-2.0299],[40.17,-2.0367],[40.1632,-2.0317],[40.1632,-2.0165],[40.17,-2.0131],[40.17,-2.0063],[40.1767,-2.0063],[40.1767,-2.0131],[40.17,-2.0165],[40.1733,-2.0232],[40.1969,-2.0198],[40.1902,-2.0131],[40.2003,-2.0097],[40.2003,-2.0198],[40.2104,-2.0198],[40.2104,-2.0266],[40.2138,-2.0266],[40.2138,-2.0198],[40.2239,-2.0165],[40.234,-2.0299],[40.2441,-2.0299],[40.2441,-2.0266],[40.2509,-2.0266],[40.2475,-2.0198],[40.2542,-2.0165],[40.2542,-2.0266],[40.2711,-2.0333],[40.2745,-2.0502],[40.2711,-2.0468],[40.2542,-2.0502],[40.2441,-2.0434],[40.2475,-2.0367],[40.2408,-2.0367],[40.2408,-2.0434],[40.2306,-2.0434],[40.2239,-2.0502],[40.2239,-2.0569],[40.2172,-2.0569],[40.2205,-2.0468],[40.2138,-2.0401],[40.207,-2.0401],[40.207,-2.0333],[40.1969,-2.0502],[40.1868,-2.0502],[40.1902,-2.0401]],[[40.207,-2.0299],[40.2104,-2.0333],[40.2104,-2.0299],[40.207,-2.0299]],[[40.2003,-2.0333],[40.2037,-2.0299],[40.2003,-2.0299],[40.2003,-2.0333]],[[40.2576,-2.0434],[40.2644,-2.0434],[40.2644,-2.0367],[40.2576,-2.0367],[40.2576,-2.0434]],[[40.2273,-2.0333],[40.2273,-2.0367],[40.2205,-2.0367],[40.2205,-2.0401],[40.234,-2.0367],[40.234,-2.0333],[40.2273,-2.0333]],[[40.2239,-2.0232],[40.2205,-2.0266],[40.2239,-2.0266],[40.2239,-2.0232]]],[[[40.2408,-1.9929],[40.234,-2.003],[40.2273,-1.9996],[40.2273,-1.9794],[40.2374,-1.9861],[40.234,-1.9929],[40.2408,-1.9929]]],[[[40.2205,-1.0824],[40.2273,-1.0892],[40.234,-1.0892],[40.2306,-1.0993],[40.2205,-1.0993],[40.2205,-1.0824]]],[[[40.2003,-0.5058],[40.1969,-0.4957],[40.2239,-0.4991],[40.2239,-0.5092],[40.2138,-0.5058],[40.2138,-0.5125],[40.2104,-0.5125],[40.2104,-0.5058],[40.2003,-0.5058]]],[[[40.2104,-1.541],[40.1936,-1.5376],[40.1936,-1.5309],[40.1969,-1.5309],[40.1936,-1.5208],[40.2003,-1.5107],[40.207,-1.5107],[40.207,-1.5174],[40.2138,-1.5107],[40.2138,-1.5208],[40.2205,-1.5241],[40.2104,-1.5309],[40.2104,-1.541]]],[[[40.1936,0.2003],[40.2037,0.2003],[40.2037,0.1902],[40.1868,0.1902],[40.1868,0.1969],[40.1936,0.1969],[40.1936,0.2003]]],[[[40.1969,-0.8363],[40.1936,-0.8261],[40.2037,-0.8261],[40.2037,-0.8363],[40.1969,-0.8363]]],[[[40.1733,-1.8681],[40.1733,-1.8613],[40.1767,-1.8613],[40.1767,-1.8681],[40.1834,-1.8681],[40.1834,-1.8715],[40.1666,-1.8748],[40.1733,-1.8681]]],[[[40.1632,-0.8599],[40.17,-0.8599],[40.1733,-0.8666],[40.1598,-0.87],[40.1632,-0.8599]]],[[[40.1632,-0.6609],[40.17,-0.6609],[40.1666,-0.6778],[40.1632,-0.6778],[40.1632,-0.671],[40.1565,-0.6744],[40.1565,-0.6677],[40.1632,-0.6677],[40.1632,-0.6609]]],[[[40.1565,0.2745],[40.1497,0.2745],[40.1497,0.2778],[40.1565,0.2812],[40.1565,0.288],[40.1632,0.288],[40.17,0.2812],[40.1666,0.2711],[40.1565,0.2711],[40.1565,0.2745]]],[[[40.1531,-0.8497],[40.1463,-0.8497],[40.1463,-0.843],[40.1598,-0.8497],[40.1598,-0.8565],[40.1531,-0.8497]]],[[[40.1531,-1.9591],[40.1463,-1.9591],[40.1463,-1.9524],[40.1565,-1.9423],[40.1531,-1.9591]]],[[[40.0789,-0.6204],[40.0857,-0.6171],[40.0991,-0.6306],[40.116,-0.6306],[40.1194,-0.6238],[40.1126,-0.6238],[40.1126,-0.6171],[40.1261,-0.6137],[40.1362,-0.6204],[40.1396,-0.6373],[40.1463,-0.6373],[40.1463,-0.6339],[40.1565,-0.6339],[40.1565,-0.6373],[40.143,-0.6407],[40.143,-0.6474],[40.1329,-0.6474],[40.1194,-0.6373],[40.0823,-0.6306],[40.0789,-0.6204]],[[40.1194,-0.6204],[40.1227,-0.6238],[40.1227,-0.6204],[40.1194,-0.6204]],[[40.1329,-0.6272],[40.1295,-0.6238],[40.1295,-0.6272],[40.1329,-0.6272]]],[[[40.0587,-0.6137],[40.0654,-0.6137],[40.0654,-0.6171],[40.0789,-0.6137],[40.0789,-0.6204],[40.0654,-0.6238],[40.0587,-0.6137]]],[[[40.1362,-0.6946],[40.1396,-0.6845],[40.1463,-0.6845],[40.1531,-0.6946],[40.1531,-0.7047],[40.1463,-0.7047],[40.143,-0.6946],[40.1362,-0.6946]]],[[[40.1329,-1.7939],[40.1329,-1.7872],[40.1362,-1.7872],[40.1497,-1.8007],[40.1497,-1.8074],[40.143,-1.8074],[40.1362,-1.8175],[40.1329,-1.8175],[40.1329,-1.8007],[40.1295,-1.8007],[40.1295,-1.7939],[40.1329,-1.7939]],[[40.1329,-1.7939],[40.1362,-1.7973],[40.1362,-1.7939],[40.1329,-1.7939]],[[40.1362,-1.804],[40.1396,-1.8007],[40.1362,-1.8007],[40.1362,-1.804]]],[[[40.1295,-0.7014],[40.1329,-0.7047],[40.1396,-0.7115],[40.1295,-0.7081],[40.1295,-0.7014]]],[[[40.1194,-1.7467],[40.1164,-1.7433],[40.1224,-1.729],[40.1194,-1.713],[40.1227,-1.713],[40.1227,-1.7062],[40.1329,-1.7062],[40.1362,-1.7332],[40.1261,-1.7366],[40.1329,-1.7433],[40.1194,-1.7467]],[[40.1329,-1.7197],[40.1261,-1.7197],[40.1261,-1.7231],[40.1329,-1.7231],[40.1329,-1.7197]]],[[[40.1146,-1.7501],[40.116,-1.7445],[40.1194,-1.7467],[40.1194,-1.7501],[40.1146,-1.7501]]],[[[40.1295,-1.7501],[40.1329,-1.7467],[40.1329,-1.7501],[40.1295,-1.7501]]],[[[40.1295,-1.8512],[40.124,-1.8479],[40.1194,-1.831],[40.1295,-1.831],[40.1261,-1.8445],[40.1329,-1.8445],[40.1329,-1.8479],[40.1295,-1.8512]],[[40.1227,-1.8377],[40.1261,-1.8344],[40.1227,-1.8344],[40.1227,-1.8377]]],[[[40.1295,0.3183],[40.1329,0.3116],[40.1194,0.3082],[40.1227,0.3183],[40.1295,0.3183]]],[[[40.1126,-0.6913],[40.1194,-0.6879],[40.1295,-0.6946],[40.116,-0.698],[40.1126,-0.6913]]],[[[40.1227,-1.7669],[40.1134,-1.7737],[40.113,-1.7602],[40.1194,-1.7636],[40.1261,-1.7534],[40.1227,-1.7669]]],[[[40.1194,-0.816],[40.1227,-0.8126],[40.1261,-0.8194],[40.1025,-0.8194],[40.1059,-0.8126],[40.1194,-0.816]]],[[[40.0755,-1.5646],[40.0789,-1.5612],[40.0755,-1.5511],[40.0924,-1.5444],[40.0857,-1.5579],[40.0924,-1.5579],[40.0991,-1.5646],[40.1025,-1.5815],[40.1093,-1.5848],[40.1126,-1.5983],[40.116,-1.5983],[40.1126,-1.6051],[40.1194,-1.6118],[40.116,-1.6118],[40.1126,-1.6186],[40.0857,-1.5916],[40.0958,-1.5848],[40.089,-1.5848],[40.0755,-1.5646]],[[40.089,-1.5781],[40.0924,-1.5815],[40.0924,-1.5781],[40.089,-1.5781]]],[[[40.0755,-1.5646],[40.0755,-1.574],[40.0717,-1.5646],[40.0755,-1.5646]]],[[[40.116,-1.6152],[40.1194,-1.6152],[40.1227,-1.6219],[40.116,-1.6219],[40.116,-1.6152]]],[[[40.1109,-1.6219],[40.116,-1.6253],[40.1126,-1.6284],[40.1109,-1.6219]]],[[[40.1227,-1.6725],[40.116,-1.6658],[40.1227,-1.6624],[40.1227,-1.6725]]],[[[40.1173,-1.8141],[40.1227,-1.8108],[40.1227,-1.8141],[40.1173,-1.8141]]],[[[40.1133,-1.6321],[40.116,-1.6287],[40.1194,-1.6287],[40.1194,-1.6354],[40.1133,-1.6321]]],[[[40.1194,-1.6388],[40.1227,-1.6354],[40.1227,-1.6388],[40.1194,-1.6388]]],[[[40.1133,-1.7568],[40.1194,-1.7534],[40.1194,-1.7568],[40.1133,-1.7568]]],[[[40.116,-1.7973],[40.1194,-1.7973],[40.1194,-1.804],[40.1172,-1.804],[40.116,-1.7973]]],[[[40.1136,-1.7029],[40.116,-1.7096],[40.1149,-1.7096],[40.1136,-1.7029]]],[[[40.116,-1.6927],[40.1132,-1.6995],[40.1127,-1.6927],[40.116,-1.6927]]],[[[40.115,-1.6557],[40.116,-1.6489],[40.116,-1.6557],[40.115,-1.6557]]],[[[40.1025,-1.2578],[40.0958,-1.251],[40.089,-1.2544],[40.089,-1.2476],[40.0857,-1.2476],[40.089,-1.2409],[40.0924,-1.2409],[40.0924,-1.2476],[40.1093,-1.2476],[40.1126,-1.2578],[40.1059,-1.2578],[40.1059,-1.2544],[40.1025,-1.2578]]],[[[40.0452,0.3419],[40.062,0.3385],[40.062,0.3352],[40.0688,0.3385],[40.0688,0.3284],[40.0755,0.3284],[40.0722,0.3217],[40.0823,0.3217],[40.0823,0.3183],[40.0755,0.3183],[40.0755,0.3082],[40.0688,0.3082],[40.0688,0.3149],[40.062,0.3183],[40.0553,0.3284],[40.0384,0.3318],[40.0317,0.3487],[40.0452,0.3487],[40.0452,0.3419]],[[40.0452,0.3419],[40.0418,0.3385],[40.0452,0.3385],[40.0452,0.3419]],[[40.062,0.3318],[40.0587,0.3352],[40.0587,0.3318],[40.062,0.3318]],[[40.0722,0.3183],[40.0688,0.3217],[40.0688,0.3183],[40.0722,0.3183]],[[40.062,0.3251],[40.0654,0.3217],[40.0654,0.3251],[40.062,0.3251]],[[40.0519,0.3352],[40.0553,0.3318],[40.0553,0.3352],[40.0519,0.3352]]],[[[40.0823,0.3217],[40.0755,0.3284],[40.0755,0.3352],[40.089,0.3318],[40.089,0.3251],[40.0823,0.3217]]],[[[40.0857,-1.5882],[40.0857,-1.5914],[40.0835,-1.5882],[40.0857,-1.5882]]],[[[40.0519,-1.5005],[40.062,-1.4972],[40.0587,-1.4904],[40.0654,-1.4904],[40.0654,-1.5039],[40.0755,-1.5005],[40.0688,-1.5241],[40.0789,-1.5241],[40.0755,-1.5309],[40.0823,-1.5343],[40.0823,-1.541],[40.0654,-1.5376],[40.0654,-1.5435],[40.0628,-1.5309],[40.0654,-1.5241],[40.062,-1.5241],[40.062,-1.514],[40.0555,-1.514],[40.0519,-1.5005]],[[40.0553,-1.5005],[40.0553,-1.5107],[40.0587,-1.5107],[40.0587,-1.5005],[40.0553,-1.5005]]],[[[40.0519,-1.5005],[40.047,-1.4965],[40.0416,-1.4736],[40.0486,-1.4769],[40.0486,-1.4702],[40.0654,-1.4702],[40.0587,-1.4837],[40.0486,-1.4837],[40.0486,-1.4904],[40.0553,-1.4938],[40.0519,-1.5005]]],[[[40.0587,-0.961],[40.0654,-0.961],[40.0654,-0.9678],[40.0755,-0.9678],[40.0755,-0.9711],[40.062,-0.9745],[40.0587,-0.961]]],[[[40.0317,-1.3252],[40.0384,-1.3184],[40.0486,-1.3218],[40.0486,-1.3286],[40.0384,-1.3353],[40.0418,-1.3522],[40.025,-1.3488],[40.0216,-1.3589],[40.0317,-1.3657],[40.0452,-1.3555],[40.0486,-1.3589],[40.0452,-1.3657],[40.0519,-1.3758],[40.0452,-1.3825],[40.0553,-1.3825],[40.0486,-1.3893],[40.0486,-1.396],[40.0553,-1.3926],[40.0553,-1.3994],[40.0486,-1.4027],[40.0486,-1.4129],[40.0553,-1.4196],[40.0452,-1.423],[40.0452,-1.4129],[40.0351,-1.4129],[40.0351,-1.4196],[40.0384,-1.4196],[40.0351,-1.4264],[40.0335,-1.4264],[40.0182,-1.3603],[40.0216,-1.3488],[40.0139,-1.3454],[40.0102,-1.3387],[40.0148,-1.3353],[40.0076,-1.3319],[40.0058,-1.3254],[40.0081,-1.3218],[40.0046,-1.3184],[40.004,-1.3048],[40.0049,-1.2949],[40.0115,-1.2949],[40.0115,-1.3016],[40.0047,-1.305],[40.0081,-1.3184],[40.0115,-1.3218],[40.025,-1.3184],[40.0317,-1.3252]],[[40.0317,-1.3252],[40.0351,-1.3286],[40.0351,-1.3252],[40.0317,-1.3252]],[[40.0452,-1.3657],[40.0283,-1.369],[40.0317,-1.3825],[40.0384,-1.3825],[40.0317,-1.3893],[40.0317,-1.396],[40.0418,-1.3893],[40.0452,-1.3657]],[[40.025,-1.3859],[40.0283,-1.3893],[40.0283,-1.3859],[40.025,-1.3859]],[[40.0216,-1.369],[40.025,-1.3724],[40.025,-1.369],[40.0216,-1.369]],[[40.0148,-1.3252],[40.0182,-1.3286],[40.0182,-1.3252],[40.0148,-1.3252]]],[[[40.0317,0.2003],[40.0486,0.2172],[40.0553,0.2172],[40.0418,0.2003],[40.0317,0.2003]]],[[[40.0519,-1.4466],[40.0519,-1.4533],[40.0418,-1.4432],[40.0384,-1.4478],[40.0359,-1.4365],[40.0486,-1.4331],[40.0452,-1.4432],[40.0519,-1.4466]]],[[[40.0486,-0.2327],[40.0519,-0.2327],[40.0519,-0.2495],[40.0452,-0.2495],[40.0486,-0.2327]]],[[[40.0519,-0.7284],[40.0452,-0.7385],[40.0384,-0.7351],[40.0418,-0.7284],[40.0519,-0.7284]]],[[[40.0452,-0.6339],[40.0317,-0.6306],[40.0317,-0.6238],[40.0283,-0.6238],[40.0317,-0.6137],[40.0384,-0.6137],[40.0418,-0.6204],[40.0519,-0.6204],[40.0452,-0.6272],[40.0452,-0.6339]]],[[[40.0351,-0.553],[40.0418,-0.5362],[40.0519,-0.5395],[40.0418,-0.553],[40.0351,-0.553]]],[[[40.0452,-1.4601],[40.0396,-1.4533],[40.0452,-1.4533],[40.0452,-1.4601]]],[[[40.0351,-1.2949],[40.0418,-1.2949],[40.0418,-1.3016],[40.0317,-1.3117],[40.0283,-1.305],[40.0216,-1.305],[40.0216,-1.2982],[40.0351,-1.2982],[40.0351,-1.2949]]],[[[40.0148,-1.2544],[40.0082,-1.251],[40.0148,-1.251],[40.0148,-1.2544]]],[[[40.0148,-1.2544],[40.025,-1.2544],[40.0283,-1.251],[40.0317,-1.2679],[40.025,-1.2679],[40.0148,-1.2544]]],[[[40.0148,-1.2578],[40.0148,-1.2645],[40.0216,-1.2645],[40.0216,-1.2746],[40.0091,-1.2746],[40.0115,-1.2578],[40.0148,-1.2578]],[[40.0148,-1.2679],[40.0182,-1.2712],[40.0182,-1.2679],[40.0148,-1.2679]]],[[[40.0148,-0.7047],[40.0081,-0.7014],[40.0081,-0.6913],[40.0283,-0.698],[40.0283,-0.7047],[40.025,-0.7014],[40.0148,-0.7014],[40.0148,-0.7047]]],[[[40.0216,-0.0674],[40.025,-0.0641],[40.025,-0.0674],[40.0216,-0.0674]]],[[[40.0115,-1.2173],[40.0216,-1.2139],[40.0216,-1.2207],[40.0182,-1.2207],[40.0216,-1.2274],[40.0081,-1.224],[40.0115,-1.2173]]],[[[40.0115,-1.2342],[40.0148,-1.2342],[40.0148,-1.2409],[40.0115,-1.2409],[40.0115,-1.2342]]],[[[40.0067,-1.2847],[40.0148,-1.2814],[40.0148,-1.2881],[40.0054,-1.2915],[40.0067,-1.2847]]],[[[40.0115,-0.0506],[40.0081,-0.0573],[40.0014,-0.0573],[40.0014,-0.0641],[39.998,-0.0641],[39.998,-0.0506],[40.0014,-0.0539],[40.0115,-0.0506]]],[[[40.0047,-1.2375],[40.0081,-1.2342],[40.0081,-1.2476],[40.0071,-1.2476],[40.0047,-1.2375]]],[[[39.9474,-0.6339],[39.9407,-0.6339],[39.944,-0.6171],[39.9204,-0.6103],[39.9204,-0.5968],[39.9272,-0.5968],[39.9305,-0.607],[39.944,-0.6103],[39.9508,-0.6238],[39.9744,-0.6204],[39.9778,-0.6272],[39.9879,-0.6272],[39.9879,-0.6306],[39.9946,-0.6306],[39.9912,-0.6238],[39.998,-0.6238],[39.998,-0.6339],[39.9879,-0.6407],[39.9744,-0.6407],[39.9744,-0.6339],[39.9541,-0.6339],[39.9575,-0.6407],[39.9508,-0.6407],[39.9474,-0.6339]],[[39.9474,-0.6339],[39.9508,-0.6339],[39.9508,-0.6306],[39.9474,-0.6306],[39.9474,-0.6339]],[[39.9508,-0.6272],[39.9541,-0.6306],[39.9541,-0.6272],[39.9508,-0.6272]]],[[[39.9946,-0.6373],[40.0047,-0.6339],[40.0081,-0.6407],[39.998,-0.6441],[39.9946,-0.6373]]],[[[39.9912,-0.6407],[39.9946,-0.6441],[39.9912,-0.6441],[39.9912,-0.6407]]],[[[39.9946,-1.2139],[40.0014,-1.2139],[40.0014,-1.224],[39.9993,-1.224],[39.9946,-1.2139]]],[[[39.9946,-1.2139],[39.9912,-1.2038],[39.998,-1.2004],[39.998,-1.2072],[39.9946,-1.2072],[39.9946,-1.2139]]],[[[39.9946,-0.526],[40.0014,-0.526],[40.0014,-0.5294],[39.9912,-0.5294],[39.9879,-0.5193],[39.9946,-0.5193],[39.9946,-0.526]]],[[[39.9744,0.0182],[39.9778,0.0216],[39.9879,0.0216],[39.998,0.0115],[39.998,0.0047],[39.9912,0.0047],[39.9912,0.0115],[39.9676,0.0148],[39.9643,0.0216],[39.9609,0.0182],[39.9508,0.0216],[39.9541,0.0283],[39.9339,0.0317],[39.9373,0.0351],[39.9339,0.0418],[39.944,0.0418],[39.944,0.0351],[39.9575,0.0351],[39.9643,0.0249],[39.9744,0.0249],[39.9744,0.0182]]],[[[39.9744,-0.5867],[39.9778,-0.5834],[39.9778,-0.5867],[39.9744,-0.5867]]],[[[39.9778,-0.5867],[39.9845,-0.5901],[39.9879,-0.6036],[39.9811,-0.6036],[39.9778,-0.5867]]],[[[39.9811,-1.1903],[39.9845,-1.1869],[39.9845,-1.1903],[39.9811,-1.1903]]],[[[39.9676,0.406],[39.9643,0.4127],[39.9744,0.4195],[39.9845,0.4127],[39.9811,0.406],[39.9676,0.406]]],[[[39.9676,-0.7115],[39.9575,-0.7115],[39.9541,-0.7047],[39.9575,-0.7047],[39.9575,-0.698],[39.9744,-0.6946],[39.9811,-0.7047],[39.9676,-0.7081],[39.9676,-0.7115]],[[39.9609,-0.7081],[39.9643,-0.7081],[39.9643,-0.7014],[39.9609,-0.7014],[39.9609,-0.7081]]],[[[39.9676,-1.1633],[39.971,-1.16],[39.971,-1.1633],[39.9676,-1.1633]]],[[[39.9676,-1.1701],[39.971,-1.1667],[39.971,-1.1701],[39.9676,-1.1701]]],[[[39.9643,-0.6171],[39.9676,-0.6137],[39.9676,-0.6171],[39.9643,-0.6171]]],[[[39.9643,-1.1633],[39.9643,-1.166],[39.9634,-1.1633],[39.9643,-1.1633]]],[[[39.9541,-0.1349],[39.9609,-0.1315],[39.9643,-0.1416],[39.9474,-0.1383],[39.9474,-0.1315],[39.9541,-0.1315],[39.9541,-0.1349]]],[[[39.9592,-1.1499],[39.9609,-1.1532],[39.9604,-1.1532],[39.9592,-1.1499]]],[[[39.9373,-0.5463],[39.9407,-0.5463],[39.9407,-0.553],[39.9373,-0.553],[39.9373,-0.5463]]],[[[39.9305,0.0216],[39.9305,0.0148],[39.9204,0.0182],[39.9272,0.0249],[39.9407,0.0249],[39.9407,0.0216],[39.9305,0.0216]]],[[[39.9204,-0.6744],[39.9238,-0.671],[39.9238,-0.6643],[39.9305,-0.6575],[39.9339,-0.6643],[39.9272,-0.6677],[39.9272,-0.6744],[39.9204,-0.6744]]],[[[39.9238,-0.8295],[39.9103,-0.8194],[39.9171,-0.816],[39.9238,-0.8228],[39.9238,-0.8295]]],[[[39.9137,-1.0521],[39.9126,-1.0554],[39.9107,-1.0521],[39.9137,-1.0521]]],[[[39.9069,-0.6036],[39.8935,-0.5968],[39.8968,-0.5901],[39.9137,-0.6002],[39.9137,-0.6103],[39.9069,-0.6103],[39.9069,-0.6036]]],[[[39.8935,-0.6407],[39.8968,-0.6441],[39.8901,-0.6441],[39.8901,-0.6339],[39.8833,-0.6306],[39.8867,-0.6204],[39.9103,-0.6272],[39.9103,-0.6339],[39.8935,-0.6306],[39.8935,-0.6407]]],[[[39.9069,-0.145],[39.9069,-0.1484],[39.8968,-0.1484],[39.8901,-0.1416],[39.9069,-0.145]]],[[[39.9069,-1.0419],[39.9069,-1.044],[39.9054,-1.0419],[39.9069,-1.0419]]],[[[39.9069,-1.0318],[39.8968,-1.0285],[39.8951,-1.0251],[39.9036,-1.0217],[39.9069,-1.0318]]],[[[39.8922,-1.0183],[39.8968,-1.0217],[39.8935,-1.0217],[39.8922,-1.0183]]],[[[39.853,0.3824],[39.8597,0.3824],[39.8631,0.3891],[39.8766,0.3857],[39.8665,0.3689],[39.8462,0.3655],[39.853,0.3824]],[[39.8665,0.379],[39.8597,0.379],[39.8597,0.3756],[39.8665,0.3756],[39.8665,0.379]]],[[[39.8665,0.3689],[39.8833,0.3588],[39.8901,0.3588],[39.8968,0.3689],[39.8968,0.3588],[39.8935,0.3588],[39.8935,0.352],[39.8698,0.3487],[39.8698,0.352],[39.8631,0.352],[39.8665,0.3689]]],[[[39.8901,-0.9374],[39.8698,-0.9274],[39.8732,-0.9239],[39.8766,-0.9273],[39.8833,-0.9239],[39.8867,-0.9307],[39.8935,-0.9307],[39.8901,-0.9374]]],[[[39.8665,-0.5024],[39.8901,-0.5058],[39.8935,-0.5125],[39.8665,-0.5092],[39.8665,-0.5024]]],[[[39.8833,-0.58],[39.8867,-0.5766],[39.8867,-0.58],[39.8833,-0.58]]],[[[39.8665,-0.2091],[39.8698,-0.2057],[39.8698,-0.2091],[39.8665,-0.2091]]],[[[39.8613,-0.9104],[39.8631,-0.9138],[39.8631,-0.9157],[39.8613,-0.9104]]],[[[39.8564,-0.8464],[39.8597,-0.8497],[39.8581,-0.8497],[39.8564,-0.8464]]],[[[39.853,-0.4889],[39.8429,-0.4991],[39.8361,-0.4957],[39.8429,-0.4889],[39.853,-0.4889]]],[[[39.8395,0.4734],[39.8294,0.4701],[39.8294,0.4768],[39.8429,0.4768],[39.8429,0.4734],[39.853,0.4768],[39.8496,0.4667],[39.8429,0.4667],[39.8395,0.4734]]],[[[39.8496,-0.8126],[39.8429,-0.8059],[39.8496,-0.8059],[39.8496,-0.8126]]],[[[39.8226,0.4127],[39.8193,0.4161],[39.8226,0.4161],[39.8226,0.4127]]],[[[39.8226,0.4127],[39.8395,0.4127],[39.8429,0.4161],[39.8462,0.4094],[39.8294,0.4026],[39.8294,0.4094],[39.8226,0.4094],[39.8226,0.4127]]],[[[39.8231,-0.7823],[39.8192,-0.7722],[39.8226,-0.7688],[39.8185,-0.7688],[39.8176,-0.7621],[39.8193,-0.7654],[39.8395,-0.7621],[39.8429,-0.7924],[39.8294,-0.7924],[39.8327,-0.7857],[39.8231,-0.7823]],[[39.8361,-0.7756],[39.8327,-0.7789],[39.8361,-0.7789],[39.8361,-0.7756]],[[39.8361,-0.7756],[39.8395,-0.7756],[39.8395,-0.7722],[39.8361,-0.7722],[39.8361,-0.7756]],[[39.8327,-0.7722],[39.8361,-0.7688],[39.8327,-0.7688],[39.8327,-0.7722]]],[[[39.8361,0.3689],[39.8294,0.3689],[39.826,0.3655],[39.826,0.3723],[39.8361,0.3723],[39.8361,0.3689]]],[[[39.8294,0.2677],[39.8327,0.2576],[39.8193,0.2576],[39.8193,0.261],[39.8294,0.2677]]],[[[39.8193,-0.7182],[39.8159,-0.7149],[39.8193,-0.7149],[39.8193,-0.7182]]],[[[39.8128,-0.7182],[39.8226,-0.725],[39.826,-0.7216],[39.8327,-0.725],[39.8327,-0.7284],[39.8226,-0.7284],[39.826,-0.7418],[39.8195,-0.7418],[39.8164,-0.7351],[39.8193,-0.7317],[39.8159,-0.7317],[39.8128,-0.7182]]],[[[39.826,-0.7081],[39.8294,-0.7081],[39.8294,-0.7149],[39.826,-0.7149],[39.826,-0.7081]]],[[[39.826,-0.698],[39.8159,-0.6946],[39.8082,-0.7014],[39.8043,-0.6946],[39.8092,-0.6845],[39.8125,-0.6845],[39.8125,-0.6913],[39.826,-0.6879],[39.8226,-0.6913],[39.826,-0.698]]],[[[39.8226,-0.2225],[39.8193,-0.2192],[39.8226,-0.2192],[39.8226,-0.2225]]],[[[39.7552,0.2205],[39.7484,0.2172],[39.7451,0.2003],[39.7316,0.2037],[39.7316,0.207],[39.7383,0.207],[39.7417,0.2273],[39.7552,0.2306],[39.7552,0.2374],[39.7484,0.2374],[39.7518,0.2441],[39.7687,0.2475],[39.7721,0.261],[39.7788,0.261],[39.7788,0.2644],[39.7889,0.261],[39.7889,0.2677],[39.7957,0.2644],[39.8058,0.2745],[39.8159,0.2745],[39.8159,0.2812],[39.8226,0.2812],[39.8193,0.2677],[39.8125,0.261],[39.7889,0.2576],[39.7822,0.2509],[39.7822,0.2374],[39.7721,0.2441],[39.7721,0.2374],[39.7653,0.2306],[39.7586,0.2306],[39.7552,0.2205]],[[39.7754,0.2475],[39.7788,0.2441],[39.7788,0.2475],[39.7754,0.2475]]],[[[39.8092,-0.6677],[39.8092,-0.6744],[39.8058,-0.671],[39.799,-0.6744],[39.7962,-0.6677],[39.8024,-0.6643],[39.7957,-0.6672],[39.7923,-0.6609],[39.8125,-0.6609],[39.8125,-0.6677],[39.8092,-0.6677]]],[[[39.8092,-0.2293],[39.8024,-0.2462],[39.7889,-0.2495],[39.7923,-0.2428],[39.799,-0.2428],[39.799,-0.2327],[39.8092,-0.2293]]],[[[39.3034,0.9354],[39.3101,0.9388],[39.3101,0.9489],[39.3135,0.9489],[39.3135,0.9421],[39.3269,0.9489],[39.3303,0.9388],[39.3371,0.9388],[39.3337,0.9421],[39.3371,0.9489],[39.3506,0.9489],[39.3506,0.9421],[39.3607,0.9421],[39.3674,0.9489],[39.3674,0.9388],[39.3809,0.9354],[39.3742,0.9286],[39.3809,0.9286],[39.3843,0.9219],[39.4045,0.9185],[39.4113,0.9286],[39.3978,0.932],[39.4079,0.9455],[39.4045,0.9556],[39.4113,0.9556],[39.4113,0.9489],[39.4146,0.9489],[39.418,0.9691],[39.4315,0.9758],[39.4349,0.9624],[39.445,0.9624],[39.445,0.9455],[39.4349,0.9455],[39.4349,0.9388],[39.4281,0.9388],[39.4281,0.932],[39.4146,0.932],[39.4146,0.9286],[39.4281,0.9286],[39.4281,0.9253],[39.4382,0.9286],[39.4382,0.9253],[39.4483,0.9253],[39.4585,0.9152],[39.4652,0.9152],[39.4686,0.9523],[39.4719,0.9523],[39.4652,0.9725],[39.4585,0.9725],[39.4652,0.9893],[39.4551,0.9927],[39.4517,0.986],[39.4416,0.986],[39.4416,0.9961],[39.4382,0.9995],[39.4315,0.9961],[39.4281,1.0028],[39.4214,1.0028],[39.418,1.0129],[39.4113,1.0129],[39.4079,1.021],[39.445,1.0377],[39.445,1.0332],[39.4585,1.0332],[39.4618,1.0264],[39.4753,1.0231],[39.4753,1.0096],[39.4821,1.0096],[39.4821,0.9927],[39.4888,0.986],[39.4854,0.9758],[39.5023,0.9725],[39.5023,0.9657],[39.5057,0.9657],[39.4989,0.9421],[39.509,0.9455],[39.509,0.9388],[39.5158,0.9388],[39.5124,0.9253],[39.5225,0.9219],[39.5225,0.9118],[39.5293,0.9084],[39.5293,0.9017],[39.5259,0.9017],[39.5259,0.905],[39.5225,0.9017],[39.5124,0.905],[39.509,0.8983],[39.5057,0.8983],[39.5057,0.9084],[39.4989,0.905],[39.5023,0.8848],[39.5124,0.8747],[39.5057,0.8713],[39.4989,0.8781],[39.4989,0.8713],[39.4922,0.8713],[39.4922,0.8646],[39.5023,0.8679],[39.509,0.8612],[39.5057,0.841],[39.5158,0.841],[39.5158,0.8275],[39.5057,0.8309],[39.509,0.8376],[39.4989,0.8376],[39.4989,0.8309],[39.4922,0.8342],[39.4922,0.8275],[39.4854,0.8275],[39.4854,0.8207],[39.4956,0.8241],[39.4956,0.814],[39.4888,0.814],[39.4854,0.8073],[39.4989,0.8106],[39.5023,0.8073],[39.4989,0.8005],[39.5057,0.8005],[39.5057,0.7836],[39.5023,0.7836],[39.5057,0.7735],[39.4989,0.7702],[39.4989,0.7769],[39.4922,0.7769],[39.4922,0.7735],[39.4753,0.7769],[39.4753,0.7836],[39.4854,0.7803],[39.4854,0.787],[39.4922,0.7836],[39.4922,0.7904],[39.4854,0.7938],[39.4854,0.8005],[39.4753,0.8005],[39.4719,0.8073],[39.4618,0.8039],[39.4618,0.7971],[39.4517,0.8005],[39.4483,0.7803],[39.4382,0.7803],[39.4382,0.7769],[39.4247,0.7803],[39.4247,0.7836],[39.4315,0.7836],[39.4315,0.7904],[39.4247,0.7971],[39.4079,0.7904],[39.4079,0.7971],[39.418,0.8005],[39.4079,0.8073],[39.4214,0.8073],[39.4146,0.8174],[39.4214,0.8241],[39.4214,0.8309],[39.4113,0.8275],[39.4113,0.8376],[39.4011,0.8376],[39.4011,0.8477],[39.4079,0.8578],[39.3978,0.8578],[39.3978,0.8612],[39.391,0.8612],[39.3877,0.8545],[39.3775,0.8578],[39.3742,0.8646],[39.3775,0.8646],[39.3809,0.8781],[39.3573,0.8747],[39.3539,0.8814],[39.3607,0.8814],[39.3607,0.8848],[39.3506,0.8848],[39.3607,0.8915],[39.3607,0.8949],[39.3472,0.8949],[39.3472,0.9017],[39.3438,0.9017],[39.3506,0.9185],[39.3404,0.9219],[39.3371,0.9286],[39.3303,0.9286],[39.3371,0.9118],[39.3337,0.9152],[39.3168,0.9118],[39.3168,0.9253],[39.3034,0.9219],[39.3,0.9354],[39.2932,0.9354],[39.2932,0.9388],[39.3034,0.9388],[39.3034,0.9354]],[[39.3404,0.9388],[39.3371,0.9354],[39.3404,0.9354],[39.3404,0.9388]],[[39.4045,0.9388],[39.4045,0.932],[39.4079,0.932],[39.4079,0.9388],[39.4045,0.9388]],[[39.4113,0.9455],[39.4079,0.9421],[39.4113,0.9421],[39.4113,0.9455]],[[39.4214,0.9523],[39.4146,0.9455],[39.4214,0.9455],[39.4214,0.9523]],[[39.4618,0.9961],[39.4652,0.9927],[39.4652,0.9961],[39.4618,0.9961]],[[39.4585,1.0264],[39.4551,1.0298],[39.4551,1.0264],[39.4585,1.0264]],[[39.4854,0.9826],[39.4821,0.986],[39.4821,0.9826],[39.4854,0.9826]],[[39.5057,0.8612],[39.5023,0.8612],[39.5023,0.8545],[39.5057,0.8545],[39.5057,0.8612]],[[39.4922,0.8342],[39.4956,0.841],[39.5023,0.841],[39.5023,0.8477],[39.4922,0.841],[39.4821,0.841],[39.4753,0.8511],[39.4787,0.8342],[39.4854,0.8342],[39.4854,0.8376],[39.4922,0.8342]],[[39.4922,0.8443],[39.4888,0.8646],[39.4821,0.8646],[39.4821,0.8713],[39.4787,0.8713],[39.4753,0.8578],[39.4821,0.8578],[39.4922,0.8443]],[[39.4787,0.8713],[39.4753,0.8747],[39.4787,0.8814],[39.4551,0.8882],[39.4585,0.8747],[39.4652,0.8747],[39.4686,0.8679],[39.4787,0.8713]],[[39.4686,0.8646],[39.4652,0.8679],[39.4652,0.8646],[39.4686,0.8646]],[[39.4854,0.8477],[39.4821,0.8511],[39.4821,0.8477],[39.4854,0.8477]],[[39.4517,0.8005],[39.4517,0.8039],[39.445,0.8039],[39.445,0.8005],[39.4517,0.8005]],[[39.4247,0.8241],[39.4214,0.8207],[39.4247,0.8207],[39.4247,0.8241]],[[39.3775,0.8781],[39.3775,0.8814],[39.3708,0.8814],[39.3708,0.8781],[39.3775,0.8781]],[[39.3607,0.9152],[39.3506,0.9084],[39.364,0.9084],[39.3607,0.8983],[39.3674,0.8915],[39.364,0.8848],[39.3708,0.8848],[39.3708,0.8915],[39.3775,0.8915],[39.3809,0.8814],[39.391,0.8848],[39.391,0.8781],[39.4113,0.8747],[39.4146,0.8848],[39.4079,0.8882],[39.4079,0.8949],[39.4011,0.8915],[39.3944,0.9017],[39.3708,0.905],[39.3708,0.9084],[39.3775,0.9084],[39.3775,0.9152],[39.3674,0.9152],[39.3674,0.9219],[39.3607,0.9286],[39.3539,0.9219],[39.3607,0.9152]],[[39.3573,0.9017],[39.3607,0.905],[39.3573,0.905],[39.3573,0.9017]],[[39.391,0.8747],[39.3877,0.8781],[39.3877,0.8747],[39.391,0.8747]],[[39.4956,0.9286],[39.4956,0.9185],[39.4989,0.9185],[39.4989,0.9354],[39.4854,0.932],[39.4854,0.9286],[39.4956,0.9286]],[[39.4956,0.7803],[39.4989,0.7836],[39.4956,0.7836],[39.4956,0.7803]],[[39.4989,0.9624],[39.4989,0.9691],[39.4956,0.9691],[39.4956,0.9624],[39.4989,0.9624]],[[39.4854,0.9421],[39.4888,0.9455],[39.4854,0.9455],[39.4854,0.9421]],[[39.4821,0.814],[39.4753,0.8207],[39.4753,0.814],[39.4821,0.814]],[[39.4787,0.9657],[39.4821,0.9657],[39.4821,0.9725],[39.4787,0.9725],[39.4787,0.9657]],[[39.4652,0.8207],[39.4652,0.814],[39.4686,0.814],[39.4686,0.8207],[39.4652,0.8207]],[[39.4652,0.9017],[39.4686,0.905],[39.4652,0.905],[39.4652,0.9017]],[[39.4652,0.841],[39.4652,0.8477],[39.4585,0.8477],[39.4585,0.8511],[39.4517,0.8477],[39.4551,0.8342],[39.4652,0.841]],[[39.4585,0.8073],[39.4618,0.8106],[39.4585,0.8106],[39.4585,0.8073]],[[39.445,0.8275],[39.4382,0.8342],[39.4382,0.8241],[39.4483,0.8207],[39.4517,0.8275],[39.445,0.8275]],[[39.445,0.9893],[39.4483,0.9927],[39.445,0.9927],[39.445,0.9893]],[[39.4349,0.8612],[39.4382,0.8646],[39.4349,0.8646],[39.4349,0.8612]],[[39.4349,0.8443],[39.4382,0.8477],[39.4349,0.8477],[39.4349,0.8443]],[[39.4315,1.0231],[39.4349,1.0264],[39.4315,1.0264],[39.4315,1.0231]],[[39.4281,0.8039],[39.4315,0.8073],[39.4281,0.8073],[39.4281,0.8039]],[[39.4247,0.8545],[39.4281,0.8578],[39.4247,0.8578],[39.4247,0.8545]],[[39.4315,0.8545],[39.4281,0.8511],[39.4315,0.8511],[39.4315,0.8545]],[[39.4315,0.8376],[39.4281,0.8342],[39.4315,0.8342],[39.4315,0.8376]],[[39.4247,0.8309],[39.4247,0.8275],[39.4315,0.8275],[39.4315,0.8309],[39.4247,0.8309]],[[39.4146,0.8477],[39.4113,0.8443],[39.4146,0.8443],[39.4146,0.8477]],[[39.418,0.8443],[39.4146,0.841],[39.418,0.841],[39.418,0.8443]],[[39.418,0.8578],[39.4146,0.8545],[39.418,0.8545],[39.418,0.8578]],[[39.4113,0.8646],[39.4146,0.8679],[39.4113,0.8679],[39.4113,0.8646]],[[39.3877,0.9084],[39.3877,0.9118],[39.3809,0.9118],[39.3809,0.9084],[39.3877,0.9084]],[[39.3539,0.9253],[39.3539,0.9286],[39.3438,0.9286],[39.3438,0.9253],[39.3539,0.9253]]],[[[39.5023,0.7702],[39.5259,0.7634],[39.5428,0.7466],[39.5461,0.7466],[39.5461,0.7533],[39.5562,0.7533],[39.5596,0.7499],[39.5562,0.7432],[39.563,0.7432],[39.5562,0.7331],[39.5428,0.7331],[39.5394,0.7128],[39.5428,0.7128],[39.5428,0.7061],[39.5495,0.7061],[39.5495,0.6994],[39.5259,0.6994],[39.5293,0.6892],[39.5495,0.6926],[39.5495,0.6859],[39.5596,0.6825],[39.5765,0.6926],[39.5765,0.696],[39.5697,0.696],[39.5697,0.7027],[39.5731,0.7027],[39.5697,0.7162],[39.563,0.7162],[39.563,0.7229],[39.5562,0.7229],[39.5596,0.7331],[39.5664,0.7331],[39.5664,0.7263],[39.5697,0.7263],[39.5664,0.7196],[39.5731,0.7196],[39.5731,0.7128],[39.5832,0.7128],[39.5799,0.6926],[39.59,0.6926],[39.5967,0.6859],[39.6001,0.6656],[39.6102,0.6623],[39.6068,0.6488],[39.6169,0.6488],[39.6203,0.6353],[39.6338,0.6319],[39.6372,0.6252],[39.6507,0.6285],[39.6507,0.6218],[39.6439,0.6218],[39.6439,0.615],[39.6405,0.615],[39.6405,0.6049],[39.6473,0.6049],[39.6507,0.5982],[39.6574,0.6016],[39.654,0.5914],[39.6608,0.5881],[39.6608,0.5813],[39.6743,0.5813],[39.6878,0.5645],[39.6844,0.5544],[39.6743,0.5544],[39.6675,0.5476],[39.6641,0.551],[39.654,0.5476],[39.654,0.551],[39.6405,0.5544],[39.6405,0.5611],[39.6338,0.5611],[39.6372,0.5577],[39.6338,0.551],[39.6405,0.5442],[39.6507,0.5442],[39.6507,0.5341],[39.654,0.5341],[39.6507,0.5274],[39.681,0.524],[39.6844,0.5341],[39.6945,0.5375],[39.6911,0.524],[39.6979,0.5206],[39.6979,0.5139],[39.7181,0.5105],[39.7181,0.5038],[39.708,0.5071],[39.7046,0.5004],[39.7316,0.5004],[39.7282,0.497],[39.7316,0.4802],[39.7451,0.4768],[39.7451,0.4734],[39.7518,0.4768],[39.7518,0.4701],[39.7619,0.4701],[39.7619,0.4633],[39.7687,0.4633],[39.7687,0.4566],[39.7754,0.4566],[39.7754,0.4532],[39.7586,0.4532],[39.7552,0.4566],[39.7586,0.4633],[39.7451,0.4599],[39.7417,0.4701],[39.735,0.4701],[39.7249,0.4835],[39.7181,0.4835],[39.708,0.4937],[39.7046,0.4768],[39.7114,0.4768],[39.7147,0.4701],[39.7046,0.4701],[39.7046,0.4633],[39.708,0.4667],[39.7147,0.4633],[39.7181,0.4498],[39.6979,0.4465],[39.6979,0.4431],[39.7114,0.4296],[39.7114,0.4228],[39.7181,0.4228],[39.7181,0.4127],[39.7282,0.4161],[39.7316,0.406],[39.7383,0.4026],[39.7383,0.3925],[39.7518,0.3891],[39.7518,0.379],[39.7619,0.3824],[39.7653,0.3756],[39.7721,0.3756],[39.7721,0.3723],[39.7788,0.3756],[39.7855,0.3689],[39.799,0.3756],[39.799,0.3723],[39.8058,0.3723],[39.8058,0.3655],[39.8024,0.3689],[39.7923,0.3689],[39.7923,0.3655],[39.7653,0.3689],[39.7619,0.3655],[39.7586,0.3723],[39.7383,0.3723],[39.7316,0.379],[39.7215,0.379],[39.7215,0.3857],[39.7114,0.3857],[39.7114,0.3891],[39.708,0.3891],[39.7114,0.3723],[39.7012,0.3723],[39.7012,0.3756],[39.6878,0.3756],[39.6844,0.3824],[39.6776,0.379],[39.6776,0.3925],[39.6641,0.3891],[39.6574,0.3959],[39.6574,0.3992],[39.6743,0.4026],[39.6743,0.3959],[39.6844,0.3959],[39.6844,0.3891],[39.6878,0.3891],[39.6878,0.3925],[39.6945,0.3925],[39.6945,0.4026],[39.7012,0.4026],[39.6979,0.4161],[39.6844,0.4195],[39.6844,0.4262],[39.6776,0.4262],[39.681,0.4465],[39.6743,0.4465],[39.6743,0.4532],[39.6675,0.4599],[39.654,0.4633],[39.654,0.4701],[39.6608,0.4701],[39.6641,0.4768],[39.6574,0.4768],[39.6473,0.4937],[39.6405,0.4937],[39.6338,0.5004],[39.6304,0.5105],[39.6203,0.5105],[39.6102,0.5206],[39.6136,0.5341],[39.6035,0.5375],[39.5967,0.5476],[39.5731,0.5442],[39.5731,0.551],[39.5832,0.551],[39.5697,0.5611],[39.5731,0.5712],[39.5799,0.5712],[39.5765,0.5645],[39.59,0.5611],[39.59,0.5678],[39.5967,0.5678],[39.5967,0.5746],[39.6001,0.5746],[39.6001,0.5645],[39.6068,0.5645],[39.6068,0.5712],[39.6035,0.5712],[39.6068,0.5813],[39.6102,0.5813],[39.6102,0.5712],[39.6169,0.5712],[39.6102,0.5881],[39.6001,0.5847],[39.6001,0.5948],[39.6102,0.5948],[39.6102,0.5982],[39.5866,0.6049],[39.5832,0.6184],[39.59,0.6184],[39.59,0.6252],[39.5866,0.6252],[39.5866,0.6319],[39.5799,0.6319],[39.5765,0.642],[39.5664,0.6387],[39.5664,0.6319],[39.5765,0.6285],[39.5799,0.6184],[39.5664,0.615],[39.563,0.6387],[39.5529,0.6454],[39.5529,0.6387],[39.5596,0.6319],[39.5495,0.6353],[39.5461,0.6488],[39.5428,0.6488],[39.5428,0.6656],[39.536,0.669],[39.5394,0.6757],[39.5326,0.6757],[39.5326,0.669],[39.5259,0.669],[39.5293,0.6724],[39.5259,0.6825],[39.5225,0.6825],[39.5225,0.6757],[39.5192,0.6791],[39.509,0.6757],[39.509,0.6656],[39.4989,0.6623],[39.4956,0.6521],[39.5124,0.6555],[39.5124,0.6521],[39.5259,0.6488],[39.5293,0.6387],[39.536,0.6387],[39.536,0.6319],[39.5428,0.6285],[39.5428,0.6184],[39.5562,0.6049],[39.563,0.6049],[39.563,0.6016],[39.5731,0.6049],[39.5697,0.6016],[39.5731,0.5948],[39.5866,0.5914],[39.5866,0.5847],[39.5933,0.5914],[39.5967,0.5847],[39.59,0.578],[39.5832,0.578],[39.5832,0.5813],[39.5731,0.578],[39.563,0.5678],[39.5495,0.5712],[39.5428,0.5611],[39.536,0.5645],[39.5394,0.5544],[39.5293,0.551],[39.5259,0.5442],[39.5158,0.5476],[39.5124,0.5442],[39.5158,0.5341],[39.5057,0.5274],[39.5057,0.5206],[39.4989,0.5206],[39.4956,0.5139],[39.4888,0.5173],[39.4888,0.5105],[39.4787,0.5105],[39.4787,0.5139],[39.4686,0.5105],[39.4753,0.5173],[39.4787,0.5341],[39.4854,0.5308],[39.4854,0.5442],[39.4888,0.5442],[39.4888,0.5577],[39.4922,0.5577],[39.4956,0.5712],[39.509,0.5712],[39.5124,0.578],[39.5293,0.5847],[39.5293,0.5881],[39.5192,0.5881],[39.5192,0.5948],[39.5158,0.5948],[39.509,0.5881],[39.4787,0.5813],[39.4787,0.5881],[39.4888,0.5881],[39.4956,0.5982],[39.509,0.5982],[39.5124,0.6083],[39.4989,0.6049],[39.4956,0.615],[39.4888,0.615],[39.4888,0.6083],[39.4821,0.6117],[39.4854,0.6184],[39.4719,0.615],[39.4719,0.6252],[39.4787,0.6252],[39.4821,0.6387],[39.4888,0.642],[39.4888,0.6488],[39.4854,0.6488],[39.4888,0.669],[39.4821,0.6724],[39.4854,0.6859],[39.4922,0.6859],[39.4956,0.6926],[39.5023,0.6892],[39.5023,0.6994],[39.5057,0.6994],[39.5023,0.7027],[39.5057,0.7162],[39.4888,0.7128],[39.4854,0.7229],[39.4956,0.7196],[39.5023,0.7263],[39.5023,0.7364],[39.4888,0.7364],[39.4787,0.7229],[39.4719,0.7297],[39.4719,0.7196],[39.4652,0.7128],[39.4618,0.7128],[39.4618,0.7229],[39.4517,0.7263],[39.4517,0.7297],[39.4585,0.7297],[39.4585,0.7263],[39.4686,0.7297],[39.4686,0.7364],[39.4585,0.7364],[39.4585,0.7432],[39.4517,0.7432],[39.4585,0.76],[39.4787,0.7634],[39.4888,0.7567],[39.4854,0.7499],[39.4956,0.7432],[39.4922,0.7533],[39.4989,0.7567],[39.5023,0.7702]],[[39.5765,0.6892],[39.5731,0.6859],[39.5765,0.6859],[39.5765,0.6892]],[[39.7046,0.4633],[39.6979,0.4599],[39.6979,0.4532],[39.708,0.4532],[39.7046,0.4633]],[[39.7046,0.4296],[39.7012,0.433],[39.7012,0.4296],[39.7046,0.4296]],[[39.7619,0.3756],[39.7586,0.379],[39.7586,0.3756],[39.7619,0.3756]],[[39.6945,0.4228],[39.6979,0.4195],[39.6979,0.4228],[39.6945,0.4228]],[[39.59,0.5476],[39.5933,0.551],[39.59,0.551],[39.59,0.5476]],[[39.5225,0.6825],[39.5192,0.6859],[39.5225,0.696],[39.5158,0.6994],[39.5124,0.6825],[39.5225,0.6825]],[[39.5293,0.6353],[39.5259,0.6387],[39.5259,0.6353],[39.5293,0.6353]],[[39.5562,0.5746],[39.5596,0.5712],[39.5596,0.5746],[39.5562,0.5746]],[[39.5124,0.5442],[39.5124,0.5544],[39.509,0.5544],[39.509,0.5442],[39.5124,0.5442]],[[39.509,0.5409],[39.5057,0.5442],[39.5057,0.5409],[39.509,0.5409]],[[39.5023,0.5442],[39.5057,0.5476],[39.5023,0.5476],[39.5023,0.5442]],[[39.5023,0.5442],[39.4922,0.5409],[39.4922,0.5341],[39.5023,0.5375],[39.5023,0.5442]],[[39.4956,0.5206],[39.4989,0.524],[39.4956,0.524],[39.4956,0.5206]],[[39.4787,0.5173],[39.4821,0.5139],[39.4821,0.5173],[39.4787,0.5173]],[[39.4888,0.6521],[39.4922,0.6488],[39.4922,0.6521],[39.4888,0.6521]],[[39.5057,0.6892],[39.5023,0.6859],[39.5057,0.6859],[39.5057,0.6892]],[[39.708,0.4094],[39.708,0.4161],[39.7046,0.4161],[39.7046,0.4094],[39.708,0.4094]],[[39.7114,0.4094],[39.708,0.406],[39.7147,0.406],[39.7147,0.4127],[39.7114,0.4127],[39.7114,0.4094]],[[39.6979,0.3891],[39.7012,0.3925],[39.708,0.3992],[39.6979,0.3992],[39.6979,0.3891]],[[39.6979,0.3824],[39.7012,0.379],[39.7012,0.3824],[39.6979,0.3824]],[[39.7012,0.3857],[39.7046,0.3824],[39.7046,0.3857],[39.7012,0.3857]],[[39.7012,0.497],[39.7012,0.5038],[39.6945,0.5004],[39.6945,0.497],[39.7012,0.497]],[[39.6844,0.5038],[39.6878,0.4937],[39.6911,0.4937],[39.6911,0.5038],[39.6844,0.5038]],[[39.6776,0.5038],[39.681,0.5071],[39.6776,0.5071],[39.6776,0.5038]],[[39.6304,0.5712],[39.6372,0.5712],[39.6372,0.578],[39.6304,0.578],[39.6304,0.5712]],[[39.6271,0.615],[39.6304,0.6184],[39.6271,0.6184],[39.6271,0.615]],[[39.6304,0.5847],[39.6304,0.5881],[39.6169,0.5881],[39.6169,0.5847],[39.6304,0.5847]],[[39.6237,0.5645],[39.6271,0.5678],[39.6237,0.5678],[39.6237,0.5645]],[[39.5967,0.6454],[39.5967,0.6521],[39.5866,0.6521],[39.5866,0.6488],[39.5967,0.6454]],[[39.59,0.6724],[39.59,0.6757],[39.5832,0.6757],[39.5832,0.6724],[39.59,0.6724]],[[39.5596,0.6724],[39.563,0.669],[39.563,0.6724],[39.5596,0.6724]],[[39.563,0.6724],[39.5697,0.6724],[39.5731,0.6791],[39.563,0.6825],[39.5596,0.6791],[39.563,0.6724]],[[39.5731,0.6757],[39.5731,0.669],[39.5765,0.669],[39.5799,0.6791],[39.5731,0.6757]],[[39.5799,0.669],[39.5765,0.6656],[39.5799,0.6656],[39.5799,0.669]],[[39.5799,0.6825],[39.5832,0.6791],[39.5832,0.6825],[39.5799,0.6825]],[[39.5832,0.6825],[39.5866,0.6825],[39.5866,0.6892],[39.5832,0.6892],[39.5832,0.6825]],[[39.5799,0.6555],[39.5832,0.6589],[39.5799,0.6589],[39.5799,0.6555]],[[39.5664,0.578],[39.5697,0.5813],[39.5664,0.5813],[39.5664,0.578]],[[39.5394,0.6083],[39.5428,0.6117],[39.5394,0.6117],[39.5394,0.6083]],[[39.536,0.7061],[39.5394,0.7095],[39.536,0.7095],[39.536,0.7061]],[[39.5326,0.7229],[39.536,0.7263],[39.5326,0.7263],[39.5326,0.7229]],[[39.5293,0.6117],[39.5326,0.615],[39.5293,0.615],[39.5293,0.6117]],[[39.5158,0.5611],[39.5192,0.5577],[39.5192,0.5611],[39.5158,0.5611]],[[39.5192,0.5611],[39.5259,0.5577],[39.5326,0.5678],[39.5225,0.5678],[39.5192,0.5611]],[[39.5158,0.7364],[39.5158,0.7398],[39.5293,0.7432],[39.5326,0.7499],[39.5124,0.7533],[39.509,0.7432],[39.5158,0.7364]],[[39.5326,0.7061],[39.5326,0.7128],[39.5293,0.7128],[39.5293,0.7061],[39.5326,0.7061]],[[39.5225,0.551],[39.5259,0.5544],[39.5225,0.5544],[39.5225,0.551]],[[39.5192,0.6016],[39.5192,0.6083],[39.5158,0.6083],[39.5158,0.6016],[39.5192,0.6016]],[[39.5225,0.6016],[39.5192,0.5982],[39.5225,0.5982],[39.5225,0.6016]],[[39.5023,0.6353],[39.5023,0.642],[39.4989,0.642],[39.4989,0.6353],[39.5023,0.6353]],[[39.4956,0.6791],[39.4989,0.6825],[39.4956,0.6825],[39.4956,0.6791]],[[39.4989,0.6184],[39.4989,0.6218],[39.4922,0.6218],[39.4922,0.6184],[39.4989,0.6184]],[[39.4922,0.5442],[39.4989,0.551],[39.4922,0.551],[39.4922,0.5442]],[[39.4854,0.6218],[39.4888,0.6252],[39.4854,0.6252],[39.4854,0.6218]],[[39.4686,0.7567],[39.4686,0.7533],[39.4753,0.7533],[39.4753,0.7567],[39.4686,0.7567]]],[[[39.6574,0.3959],[39.6574,0.3891],[39.6473,0.3857],[39.6439,0.3756],[39.6338,0.379],[39.6237,0.3689],[39.6102,0.3723],[39.6068,0.3622],[39.6169,0.3655],[39.6203,0.3588],[39.6068,0.3588],[39.6035,0.3487],[39.59,0.3487],[39.59,0.3318],[39.5664,0.3352],[39.5866,0.3554],[39.563,0.3622],[39.563,0.3588],[39.5461,0.3588],[39.5461,0.3554],[39.5326,0.352],[39.5293,0.3453],[39.5225,0.3453],[39.5192,0.3385],[39.5124,0.3385],[39.509,0.3284],[39.5023,0.3284],[39.5023,0.3183],[39.4821,0.3217],[39.4821,0.3284],[39.4922,0.3251],[39.4922,0.3385],[39.4989,0.3419],[39.5023,0.352],[39.509,0.3487],[39.509,0.352],[39.5192,0.352],[39.5259,0.3622],[39.536,0.3622],[39.5394,0.3756],[39.5461,0.3756],[39.5461,0.3723],[39.5765,0.3756],[39.5832,0.3824],[39.5832,0.3891],[39.59,0.3891],[39.5933,0.3992],[39.6102,0.3992],[39.6102,0.406],[39.6169,0.406],[39.6237,0.3959],[39.6304,0.3992],[39.6372,0.3925],[39.6405,0.3959],[39.6372,0.4127],[39.6439,0.4161],[39.654,0.4094],[39.654,0.3959],[39.6574,0.3959]],[[39.4956,0.3385],[39.4956,0.3318],[39.5057,0.3352],[39.5057,0.3385],[39.4956,0.3385]],[[39.6237,0.3891],[39.6271,0.3925],[39.6237,0.3925],[39.6237,0.3891]],[[39.6001,0.3622],[39.6001,0.3655],[39.5933,0.3655],[39.5933,0.3622],[39.6001,0.3622]],[[39.5866,0.3756],[39.5866,0.3723],[39.5765,0.3723],[39.5731,0.3655],[39.5866,0.3655],[39.5866,0.3689],[39.6001,0.3723],[39.6001,0.3756],[39.5866,0.3756]],[[39.5933,0.3824],[39.5933,0.3857],[39.5866,0.3857],[39.5866,0.3824],[39.5933,0.3824]]],[[[39.5158,0.8275],[39.5192,0.8275],[39.5192,0.8342],[39.5259,0.8342],[39.536,0.8241],[39.5394,0.8376],[39.5158,0.841],[39.5192,0.8477],[39.5293,0.8511],[39.5293,0.8646],[39.536,0.8646],[39.5326,0.8545],[39.5394,0.8477],[39.5428,0.8477],[39.5428,0.8612],[39.5529,0.8612],[39.5529,0.8443],[39.5461,0.8443],[39.5461,0.8376],[39.5495,0.841],[39.5596,0.8376],[39.5529,0.8106],[39.5562,0.8106],[39.5562,0.7803],[39.5596,0.7769],[39.5664,0.7803],[39.563,0.7668],[39.5495,0.7668],[39.5495,0.7702],[39.5562,0.7702],[39.5562,0.7769],[39.5495,0.7803],[39.5495,0.7938],[39.5428,0.7904],[39.5428,0.7971],[39.5495,0.7971],[39.5461,0.8005],[39.5495,0.8106],[39.5428,0.814],[39.5428,0.8039],[39.5293,0.8073],[39.5259,0.814],[39.5326,0.814],[39.5326,0.8174],[39.5225,0.8174],[39.5225,0.8241],[39.5158,0.8207],[39.5158,0.8275]],[[39.5394,0.841],[39.5428,0.8376],[39.5428,0.841],[39.5394,0.841]],[[39.536,0.814],[39.5326,0.8106],[39.536,0.8106],[39.536,0.814]]],[[[39.4281,0.9758],[39.4214,0.9758],[39.4146,0.9691],[39.4146,0.9624],[39.4079,0.9624],[39.4079,0.9691],[39.4011,0.959],[39.3877,0.9624],[39.3877,0.9523],[39.364,0.9523],[39.364,0.9624],[39.3573,0.9657],[39.3573,0.9725],[39.3506,0.9792],[39.3438,0.9758],[39.3438,0.986],[39.3573,0.9792],[39.3573,0.9893],[39.3337,0.9905],[39.3877,1.0129],[39.3978,1.0028],[39.4079,1.0096],[39.4113,1.0062],[39.4079,0.9995],[39.418,0.9995],[39.418,0.9893],[39.4079,0.9927],[39.4079,0.986],[39.4045,0.986],[39.4079,0.9758],[39.4146,0.9826],[39.418,0.9792],[39.4247,0.9826],[39.4281,0.9758]],[[39.4113,0.9691],[39.4146,0.9725],[39.4113,0.9725],[39.4113,0.9691]],[[39.3978,0.9624],[39.4011,0.9657],[39.3978,0.9657],[39.3978,0.9624]],[[39.391,0.9624],[39.3944,0.9624],[39.3978,0.9725],[39.391,0.9725],[39.391,0.9624]],[[39.4045,0.9961],[39.4045,0.9995],[39.3978,0.9995],[39.3978,0.9961],[39.4045,0.9961]],[[39.3843,0.9691],[39.3877,0.9725],[39.3843,0.9725],[39.3843,0.9691]],[[39.3809,0.9792],[39.3843,0.9826],[39.3809,0.9826],[39.3809,0.9792]],[[39.3877,0.9792],[39.3843,0.9758],[39.3877,0.9758],[39.3877,0.9792]],[[39.3607,0.9725],[39.3775,0.9758],[39.3775,0.986],[39.3607,0.986],[39.3607,0.9725]],[[39.3708,0.9624],[39.3742,0.9657],[39.3708,0.9657],[39.3708,0.9624]],[[39.3742,0.9725],[39.3708,0.9691],[39.3742,0.9691],[39.3742,0.9725]]],[[[39.2888,0.9624],[39.3,0.9556],[39.2966,0.9455],[39.3067,0.9455],[39.3067,0.9388],[39.2865,0.9421],[39.2865,0.9523],[39.2772,0.9523],[39.2888,0.9624]],[[39.2932,0.9523],[39.2899,0.9489],[39.2932,0.9489],[39.2932,0.9523]]],[[[39.4686,0.5105],[39.4652,0.5038],[39.4483,0.5038],[39.4483,0.5071],[39.4686,0.5105]]],[[[39.5832,0.5712],[39.5799,0.5746],[39.5832,0.5746],[39.5832,0.5712]]],[[[39.5495,0.7061],[39.5562,0.7128],[39.563,0.6994],[39.5562,0.6994],[39.5495,0.7061]]],[[[39.563,0.7432],[39.563,0.7499],[39.5596,0.7499],[39.563,0.7634],[39.5799,0.76],[39.5799,0.7567],[39.5731,0.7567],[39.5731,0.7432],[39.563,0.7432]]],[[[39.5225,0.8983],[39.5259,0.9017],[39.5259,0.8983],[39.5225,0.8983]]],[[[39.8024,0.1362],[39.7923,0.143],[39.7923,0.1497],[39.799,0.1463],[39.799,0.1565],[39.8024,0.1565],[39.8024,0.1463],[39.8058,0.1463],[39.8024,0.1362]]],[[[39.7822,-0.4721],[39.7923,-0.4754],[39.7923,-0.4856],[39.799,-0.4856],[39.799,-0.4957],[39.7889,-0.4889],[39.7822,-0.4721]]],[[[39.7822,-0.4721],[39.7754,-0.4653],[39.7855,-0.4586],[39.7855,-0.4687],[39.7822,-0.4721]]],[[[39.7825,-0.6508],[39.7957,-0.6542],[39.7957,-0.6575],[39.7866,-0.6575],[39.7825,-0.6508]]],[[[39.7889,0.4161],[39.7889,0.4094],[39.7788,0.4094],[39.7754,0.4195],[39.7889,0.4161]]],[[[39.7754,-0.6272],[39.7754,-0.6238],[39.7822,-0.6238],[39.7822,-0.6272],[39.7754,-0.6272]]],[[[39.7788,-0.6103],[39.7749,-0.6171],[39.7694,-0.6103],[39.7788,-0.6103]]],[[[39.7653,-0.6002],[39.7653,-0.6079],[39.7579,-0.6036],[39.7619,-0.6036],[39.7653,-0.6002]]],[[[39.735,-0.1989],[39.735,-0.1956],[39.7586,-0.1956],[39.7586,-0.1989],[39.735,-0.1989]]],[[[39.7552,-0.6002],[39.7552,-0.6017],[39.7528,-0.6002],[39.7552,-0.6002]]],[[[39.6068,-0.3945],[39.6068,-0.4013],[39.6001,-0.4013],[39.6035,-0.408],[39.6102,-0.408],[39.6102,-0.3979],[39.6203,-0.3979],[39.6203,-0.3911],[39.6102,-0.3878],[39.6136,-0.3777],[39.6271,-0.3911],[39.6237,-0.3945],[39.6271,-0.4114],[39.6068,-0.4181],[39.6068,-0.4215],[39.6169,-0.4249],[39.6136,-0.435],[39.6372,-0.4384],[39.6338,-0.4417],[39.6372,-0.4485],[39.6271,-0.4485],[39.6237,-0.462],[39.6439,-0.4687],[39.6405,-0.4788],[39.6507,-0.4889],[39.6473,-0.4991],[39.6338,-0.4991],[39.6338,-0.4923],[39.6271,-0.4923],[39.6304,-0.4856],[39.6203,-0.4856],[39.6203,-0.4721],[39.6136,-0.4721],[39.6136,-0.462],[39.5967,-0.4518],[39.6035,-0.4451],[39.5967,-0.4417],[39.6001,-0.4316],[39.5967,-0.435],[39.59,-0.4316],[39.59,-0.4249],[39.5967,-0.4249],[39.59,-0.4114],[39.6001,-0.4114],[39.6001,-0.408],[39.5933,-0.408],[39.5933,-0.4013],[39.6001,-0.3945],[39.6068,-0.3945]],[[39.6203,-0.4518],[39.6237,-0.4485],[39.6203,-0.4485],[39.6203,-0.4518]],[[39.6271,-0.4754],[39.6304,-0.4822],[39.6372,-0.4822],[39.6338,-0.4754],[39.6271,-0.4754]],[[39.6271,-0.4451],[39.6304,-0.4417],[39.6271,-0.4417],[39.6271,-0.4451]],[[39.6271,-0.4721],[39.6304,-0.4687],[39.6271,-0.4687],[39.6271,-0.4721]],[[39.6169,-0.4417],[39.6136,-0.4451],[39.6169,-0.4451],[39.6169,-0.4417]],[[39.6102,-0.4518],[39.6136,-0.4485],[39.6102,-0.4485],[39.6102,-0.4518]]],[[[39.6068,-0.3945],[39.6068,-0.3911],[39.6169,-0.3911],[39.6169,-0.3945],[39.6068,-0.3945]]],[[[39.6237,-0.4148],[39.6304,-0.4148],[39.6338,-0.4215],[39.6271,-0.4215],[39.6237,-0.4148]]],[[[39.6473,-0.4991],[39.6507,-0.5024],[39.6641,-0.4991],[39.6675,-0.5092],[39.6844,-0.5125],[39.6844,-0.5193],[39.6776,-0.5193],[39.6776,-0.5227],[39.681,-0.526],[39.6878,-0.5227],[39.6979,-0.5328],[39.6945,-0.5429],[39.7046,-0.5429],[39.7012,-0.5564],[39.7114,-0.5564],[39.708,-0.5665],[39.7249,-0.5699],[39.7249,-0.5766],[39.7316,-0.5766],[39.7316,-0.5834],[39.7383,-0.5834],[39.7518,-0.5968],[39.739,-0.59],[39.7114,-0.5877],[39.7114,-0.58],[39.7046,-0.58],[39.7046,-0.5845],[39.6943,-0.5766],[39.6868,-0.5665],[39.6911,-0.5665],[39.6911,-0.5564],[39.6844,-0.5564],[39.6743,-0.543],[39.681,-0.5429],[39.681,-0.5328],[39.6709,-0.5362],[39.6675,-0.526],[39.6574,-0.5294],[39.6574,-0.5227],[39.6473,-0.5159],[39.6507,-0.5125],[39.6507,-0.5058],[39.6439,-0.5058],[39.6473,-0.4991]],[[39.7181,-0.5834],[39.7215,-0.5867],[39.7215,-0.5834],[39.7181,-0.5834]],[[39.7147,-0.5732],[39.7181,-0.5766],[39.7181,-0.5732],[39.7147,-0.5732]],[[39.7046,-0.5665],[39.7012,-0.5665],[39.6979,-0.5732],[39.7046,-0.5732],[39.7046,-0.5665]]],[[[39.6439,-0.5058],[39.6439,-0.5125],[39.6372,-0.5125],[39.6372,-0.5058],[39.6439,-0.5058]]],[[[39.6844,-0.5564],[39.6844,-0.5617],[39.6825,-0.5564],[39.6844,-0.5564]]],[[[39.7012,0.5611],[39.6945,0.5678],[39.6945,0.5746],[39.7012,0.5746],[39.7046,0.5847],[39.6945,0.5847],[39.6979,0.578],[39.6911,0.578],[39.6911,0.5914],[39.7046,0.5948],[39.7046,0.5881],[39.7147,0.5813],[39.7114,0.5746],[39.7282,0.5746],[39.7282,0.5678],[39.7114,0.5712],[39.7147,0.5611],[39.7316,0.5645],[39.7316,0.5746],[39.7383,0.5712],[39.735,0.5544],[39.7484,0.551],[39.7518,0.5308],[39.7417,0.5274],[39.735,0.5341],[39.7249,0.5274],[39.7147,0.5274],[39.7114,0.5341],[39.6945,0.5409],[39.6979,0.5476],[39.7012,0.5442],[39.7147,0.5476],[39.7147,0.551],[39.708,0.551],[39.7114,0.5645],[39.7046,0.5678],[39.7046,0.5611],[39.7012,0.5611]],[[39.6979,0.5712],[39.7012,0.5678],[39.7012,0.5712],[39.6979,0.5712]],[[39.7249,0.551],[39.7147,0.5442],[39.7249,0.5442],[39.7249,0.551]],[[39.7249,0.5442],[39.7249,0.5375],[39.7282,0.5375],[39.7316,0.5442],[39.7249,0.5442]],[[39.7215,0.551],[39.7215,0.5577],[39.7181,0.5577],[39.7181,0.551],[39.7215,0.551]],[[39.7114,0.5409],[39.7147,0.5375],[39.7147,0.5409],[39.7114,0.5409]]],[[[39.6473,0.4498],[39.6507,0.4566],[39.6574,0.4566],[39.6574,0.4498],[39.6675,0.4498],[39.6709,0.4431],[39.6574,0.4431],[39.6574,0.4363],[39.654,0.4363],[39.654,0.4498],[39.6473,0.4498]]],[[[39.6608,-0.5382],[39.6641,-0.5362],[39.6641,-0.5382],[39.6608,-0.5382]]],[[[39.6507,0.379],[39.654,0.3824],[39.654,0.379],[39.6507,0.379]]],[[[39.6068,0.4701],[39.6439,0.4734],[39.6439,0.4667],[39.6237,0.4667],[39.6237,0.4633],[39.6068,0.4599],[39.6102,0.4633],[39.6068,0.4701]]],[[[39.6304,0.6859],[39.6405,0.6825],[39.6405,0.6724],[39.6304,0.6757],[39.6304,0.6859]]],[[[39.6304,-0.4586],[39.6304,-0.4518],[39.6372,-0.4518],[39.6372,-0.462],[39.6304,-0.4586]]],[[[39.6304,-0.4316],[39.6304,-0.4249],[39.6338,-0.4249],[39.6338,-0.4316],[39.6304,-0.4316]]],[[[39.6068,-0.3709],[39.6136,-0.3709],[39.6136,-0.3743],[39.6068,-0.3743],[39.6068,-0.3709]]],[[[39.5664,-0.3203],[39.5697,-0.3203],[39.5664,-0.3136],[39.5731,-0.3136],[39.5731,-0.3237],[39.5765,-0.3237],[39.5832,-0.3439],[39.5697,-0.3305],[39.5664,-0.3203]]],[[[39.5832,-0.3439],[39.5933,-0.3473],[39.5933,-0.3574],[39.5866,-0.3574],[39.5933,-0.3642],[39.5832,-0.3642],[39.5866,-0.3777],[39.5812,-0.3743],[39.5813,-0.3541],[39.5866,-0.3507],[39.5832,-0.3439]]],[[[39.5866,-0.3777],[39.59,-0.3777],[39.59,-0.3675],[39.5967,-0.3675],[39.5933,-0.3878],[39.5866,-0.3878],[39.59,-0.3844],[39.5866,-0.3777]]],[[[39.6001,-0.3743],[39.5967,-0.3709],[39.6001,-0.3709],[39.6001,-0.3743]]],[[[39.6035,-0.3642],[39.5933,-0.3574],[39.6001,-0.3574],[39.6035,-0.3642]]],[[[39.6035,-0.3675],[39.6068,-0.3642],[39.6068,-0.3675],[39.6035,-0.3675]]],[[[39.5866,-0.3372],[39.5832,-0.3338],[39.5866,-0.3338],[39.5866,-0.3372]]],[[[39.5529,0.4633],[39.5731,0.4667],[39.5799,0.4599],[39.5664,0.4599],[39.5664,0.4633],[39.5529,0.4599],[39.5529,0.4633]]],[[[39.5611,-0.3203],[39.563,-0.317],[39.563,-0.3203],[39.5611,-0.3203]]],[[[39.5596,-0.3136],[39.5588,-0.317],[39.5569,-0.3136],[39.5596,-0.3136]]],[[[39.5529,-0.3035],[39.5529,-0.3057],[39.5517,-0.3035],[39.5529,-0.3035]]],[[[39.5529,-0.2967],[39.5495,-0.2934],[39.5529,-0.2934],[39.5529,-0.2967]]],[[[39.536,0.5308],[39.5529,0.5341],[39.5529,0.5274],[39.5428,0.5274],[39.5428,0.5206],[39.536,0.5206],[39.536,0.5308]]],[[[39.5461,-0.2934],[39.5461,-0.2957],[39.5431,-0.2934],[39.5461,-0.2934]]],[[[39.536,-0.2909],[39.536,-0.2866],[39.5259,-0.2862],[39.5293,-0.2833],[39.5259,-0.2731],[39.5428,-0.2799],[39.5428,-0.2866],[39.5394,-0.2866],[39.5428,-0.2931],[39.536,-0.2909]]],[[[39.5259,0.4937],[39.5293,0.5038],[39.536,0.5038],[39.536,0.497],[39.5259,0.4937]]],[[[39.4719,0.4262],[39.4753,0.4161],[39.4686,0.4161],[39.4652,0.4094],[39.4551,0.4094],[39.4618,0.4195],[39.4686,0.4195],[39.4686,0.4363],[39.4551,0.4363],[39.4517,0.4431],[39.4686,0.4465],[39.4787,0.4701],[39.4821,0.4734],[39.4888,0.4701],[39.4888,0.4768],[39.4989,0.4802],[39.4989,0.4937],[39.509,0.4937],[39.509,0.4903],[39.5225,0.4937],[39.5225,0.4869],[39.5192,0.4869],[39.5225,0.4768],[39.5158,0.4701],[39.5158,0.4633],[39.509,0.4566],[39.4956,0.4532],[39.4922,0.4465],[39.4821,0.4498],[39.4821,0.4431],[39.4753,0.4431],[39.4787,0.4363],[39.4719,0.4262]],[[39.4956,0.4599],[39.4922,0.4566],[39.4956,0.4566],[39.4956,0.4599]]],[[[39.4821,0.4397],[39.4854,0.4431],[39.4854,0.4397],[39.4821,0.4397]]],[[[39.5054,-0.2664],[39.5124,-0.2664],[39.5124,-0.2698],[39.5076,-0.2698],[39.5054,-0.2664]]],[[[39.4854,-0.2394],[39.4956,-0.2462],[39.5057,-0.2462],[39.5124,-0.2563],[39.5023,-0.2563],[39.5023,-0.2495],[39.4969,-0.2495],[39.4854,-0.2394]]],[[[39.5002,-0.2563],[39.5023,-0.2596],[39.5017,-0.2596],[39.5002,-0.2563]]],[[[39.5057,-0.263],[39.509,-0.2596],[39.509,-0.263],[39.5057,-0.263]]],[[[39.4787,0.6994],[39.4787,0.6859],[39.4821,0.6825],[39.4719,0.6859],[39.4719,0.696],[39.4787,0.6994]]],[[[39.4821,-0.238],[39.4719,-0.2259],[39.4787,-0.2259],[39.4821,-0.238]]],[[[39.4686,-0.2225],[39.4719,-0.2192],[39.4719,-0.2225],[39.4686,-0.2225]]],[[[39.4652,-0.2091],[39.4603,-0.2158],[39.4483,-0.2075],[39.4483,-0.2023],[39.4551,-0.2023],[39.4551,-0.2091],[39.4585,-0.2057],[39.4652,-0.2091]]],[[[39.4551,0.5914],[39.4652,0.5847],[39.4585,0.5746],[39.4517,0.5813],[39.4416,0.5813],[39.4382,0.5881],[39.4281,0.5813],[39.4281,0.5881],[39.4349,0.5948],[39.4551,0.5914]],[[39.445,0.5881],[39.445,0.5847],[39.4551,0.5847],[39.4551,0.5881],[39.445,0.5881]]],[[[39.4247,0.7702],[39.4281,0.7769],[39.4315,0.7735],[39.4483,0.7769],[39.4483,0.7702],[39.445,0.7702],[39.4483,0.76],[39.4349,0.76],[39.4247,0.7702]],[[39.4315,0.7668],[39.4349,0.7702],[39.4315,0.7702],[39.4315,0.7668]]],[[[39.4349,-0.197],[39.4382,-0.1922],[39.445,-0.2053],[39.4349,-0.197]]],[[[39.3978,0.406],[39.4045,0.4195],[39.445,0.4161],[39.4416,0.406],[39.4349,0.406],[39.4281,0.4127],[39.418,0.4127],[39.4146,0.406],[39.3978,0.406]],[[39.418,0.4127],[39.418,0.4161],[39.4113,0.4161],[39.4113,0.4127],[39.418,0.4127]],[[39.4113,0.4127],[39.4045,0.4127],[39.4045,0.4094],[39.4113,0.4094],[39.4113,0.4127]]],[[[39.3843,0.3925],[39.391,0.4026],[39.3877,0.4094],[39.3978,0.4127],[39.3944,0.3959],[39.391,0.3925],[39.3843,0.3925]]],[[[39.418,-0.1855],[39.4247,-0.1855],[39.4281,-0.191],[39.418,-0.1906],[39.418,-0.1855]]],[[[39.3944,-0.1876],[39.3944,-0.1821],[39.4011,-0.1821],[39.4011,-0.1888],[39.4079,-0.1855],[39.4146,-0.1907],[39.407,-0.1904],[39.3944,-0.1876]]],[[[39.3877,0.7769],[39.3809,0.7769],[39.3843,0.787],[39.3978,0.787],[39.4146,0.7735],[39.391,0.7702],[39.3877,0.7769]],[[39.3877,0.7769],[39.391,0.7769],[39.3944,0.7836],[39.3877,0.7836],[39.3877,0.7769]]],[[[39.3742,0.8005],[39.3944,0.8039],[39.3944,0.7971],[39.3877,0.7971],[39.3877,0.7904],[39.3809,0.7904],[39.3843,0.7971],[39.3742,0.7971],[39.3742,0.8005]]],[[[39.3843,-0.1652],[39.3809,-0.1686],[39.3809,-0.1753],[39.3877,-0.1753],[39.3843,-0.183],[39.3775,-0.1787],[39.3775,-0.172],[39.3708,-0.172],[39.3742,-0.1619],[39.3843,-0.1652]]],[[[39.3775,0.7904],[39.3708,0.7904],[39.3674,0.7836],[39.3607,0.787],[39.364,0.7938],[39.3775,0.7938],[39.3775,0.7904]]],[[[39.3674,-0.1652],[39.364,-0.1619],[39.3674,-0.1619],[39.3674,-0.1652]]],[[[39.3506,-0.1551],[39.3506,-0.1585],[39.3424,-0.1551],[39.3506,-0.1551]]],[[[39.3236,0.9657],[39.3168,0.9725],[39.3101,0.9691],[39.3101,0.9747],[39.3264,0.986],[39.3371,0.9826],[39.3303,0.9758],[39.3438,0.9624],[39.3438,0.9523],[39.3371,0.9523],[39.3303,0.9624],[39.3202,0.9624],[39.3202,0.9556],[39.3135,0.9556],[39.3168,0.9657],[39.3236,0.9657]],[[39.3337,0.9624],[39.3371,0.959],[39.3371,0.9624],[39.3337,0.9624]]],[[[39.3371,-0.1517],[39.3371,-0.152],[39.3367,-0.1517],[39.3371,-0.1517]]],[[[39.3319,-0.1484],[39.3337,-0.1484],[39.3337,-0.1497],[39.3319,-0.1484]]],[[[39.3226,-0.1416],[39.3269,-0.1383],[39.3269,-0.1416],[39.3226,-0.1416]]],[[[39.2764,-0.1315],[39.2831,-0.1315],[39.2865,-0.137],[39.2663,-0.1382],[39.2696,-0.1281],[39.2764,-0.1281],[39.2764,-0.1315]]],[[[39.2629,-0.1383],[39.2606,-0.1384],[39.2595,-0.1383],[39.2629,-0.1383]]],[[[39.2561,-0.1315],[39.2561,-0.1349],[39.2494,-0.1373],[39.2494,-0.1315],[39.2561,-0.1315]]],[[[39.2022,0.2374],[39.2224,0.2408],[39.2258,0.2475],[39.2393,0.2441],[39.2359,0.2374],[39.2191,0.2374],[39.2191,0.234],[39.2022,0.234],[39.2022,0.2374]]],[[[39.2224,-0.1281],[39.2292,-0.118],[39.2292,-0.1281],[39.2224,-0.1281]]],[[[39.2123,0.3723],[39.2089,0.3756],[39.2191,0.3857],[39.2292,0.3857],[39.2157,0.3723],[39.2123,0.3554],[39.2056,0.3554],[39.2123,0.3723]]],[[[39.2157,-0.1315],[39.2224,-0.1317],[39.2157,-0.1333],[39.2157,-0.1315]]],[[[39.1855,-0.1349],[39.1988,-0.1349],[39.1988,-0.1358],[39.1925,-0.1357],[39.1855,-0.1349]]],[[[39.1415,-0.0978],[39.1482,-0.0978],[39.1482,-0.0877],[39.155,-0.0877],[39.1583,-0.0978],[39.1718,-0.0944],[39.1718,-0.1045],[39.1786,-0.1079],[39.1786,-0.1147],[39.1954,-0.1147],[39.1921,-0.1281],[39.1853,-0.1315],[39.182,-0.1214],[39.1752,-0.1281],[39.1752,-0.118],[39.1685,-0.118],[39.1685,-0.1248],[39.1651,-0.1248],[39.1718,-0.1314],[39.1617,-0.1272],[39.1583,-0.118],[39.1685,-0.1147],[39.1685,-0.1079],[39.1617,-0.1079],[39.1583,-0.1012],[39.1415,-0.1012],[39.1415,-0.0978]],[[39.1651,-0.0978],[39.1617,-0.1012],[39.1651,-0.1012],[39.1651,-0.0978]]],[[[39.1078,-0.0978],[39.1044,-0.091],[39.1213,-0.0944],[39.1179,-0.0877],[39.1347,-0.091],[39.1415,-0.0843],[39.1415,-0.0978],[39.1381,-0.0944],[39.1179,-0.0978],[39.1179,-0.1079],[39.1145,-0.0978],[39.1078,-0.0978]]],[[[39.155,-0.1214],[39.1583,-0.1248],[39.155,-0.1248],[39.155,-0.1214]]],[[[39.1853,-0.1315],[39.1853,-0.1349],[39.1786,-0.1335],[39.1786,-0.1315],[39.1853,-0.1315]]],[[[39.1718,0.288],[39.1516,0.2711],[39.1347,0.2711],[39.1347,0.2677],[39.1213,0.2711],[39.128,0.2812],[39.1415,0.2745],[39.1415,0.2812],[39.1617,0.288],[39.1617,0.2981],[39.1516,0.2913],[39.1482,0.2947],[39.1516,0.3048],[39.1449,0.3048],[39.1449,0.3082],[39.1651,0.3048],[39.1651,0.3082],[39.182,0.3116],[39.182,0.3048],[39.1887,0.2981],[39.1718,0.2947],[39.1718,0.288]]],[[[39.1314,0.2475],[39.1347,0.2509],[39.1314,0.2576],[39.1482,0.2576],[39.1583,0.2644],[39.155,0.2509],[39.1482,0.2542],[39.1449,0.2441],[39.1314,0.2475]]],[[[39.1331,-0.118],[39.1381,-0.118],[39.1381,-0.1202],[39.1331,-0.118]]],[[[39.1179,0.2745],[39.1078,0.2745],[39.101,0.2812],[39.1213,0.2812],[39.1179,0.2745]]],[[[39.1111,0.2576],[39.1145,0.2475],[39.0943,0.2509],[39.0943,0.2542],[39.1111,0.2576]]],[[[39.1044,-0.0776],[39.1078,-0.0708],[39.1145,-0.0708],[39.1111,-0.0776],[39.1044,-0.0776]]],[[[39.0403,0.3014],[39.0504,0.2981],[39.0504,0.2947],[39.037,0.2981],[39.037,0.3082],[39.0437,0.3082],[39.0403,0.3014]]],[[[39.0504,0.2981],[39.0504,0.3048],[39.0538,0.3048],[39.0673,0.2947],[39.0504,0.2981]]],[[[38.9763,-0.0438],[38.9864,-0.0539],[38.9801,-0.0607],[38.9763,-0.0607],[38.9763,-0.0438]]],[[[38.9425,-0.0708],[38.9527,-0.0674],[38.9527,-0.0776],[38.9425,-0.0776],[38.9425,-0.0708]]],[[[38.9324,-0.0438],[38.9392,-0.0371],[38.9425,-0.0506],[38.9324,-0.0539],[38.9324,-0.0472],[38.9358,-0.0472],[38.9324,-0.0438]]],[[[38.8987,-0.0708],[38.892,-0.0539],[38.8987,-0.0539],[38.9055,-0.0708],[38.8987,-0.0708]]],[[[38.8414,-0.0573],[38.8448,-0.0472],[38.8549,-0.0472],[38.8414,-0.0371],[38.8414,-0.0337],[38.8481,-0.0337],[38.8481,-0.027],[38.8582,-0.027],[38.8549,-0.0337],[38.8717,-0.0303],[38.8717,-0.0438],[38.8582,-0.0472],[38.8549,-0.0607],[38.8414,-0.0573]],[[38.8481,-0.0371],[38.8515,-0.0405],[38.8515,-0.0371],[38.8481,-0.0371]],[[38.865,-0.0438],[38.865,-0.0405],[38.8582,-0.0405],[38.8582,-0.0438],[38.865,-0.0438]],[[38.8481,-0.0539],[38.8515,-0.0573],[38.8515,-0.0539],[38.8481,-0.0539]]],[[[38.8616,-0.0944],[38.865,-0.0962],[38.8616,-0.0959],[38.8616,-0.0944]]],[[[38.838,-0.0946],[38.8414,-0.0944],[38.8414,-0.0946],[38.838,-0.0946]]],[[[38.8317,-0.0944],[38.8346,-0.0944],[38.8346,-0.0946],[38.8317,-0.0944]]],[[[38.8245,-0.0933],[38.8279,-0.091],[38.8279,-0.094],[38.8245,-0.0933]]],[[[38.811,-0.0877],[38.811,-0.0886],[38.8092,-0.0877],[38.811,-0.0877]]],[[[38.7656,-0.0716],[38.7595,-0.0736],[38.7571,-0.0741],[38.7571,-0.0708],[38.7656,-0.0716]]]]}}]}