{"type":"FeatureCollection","features":[{"type":"Feature","properties":{"id":"LG-0000","lagha_class":"IV – Minor lagha / gully (15–100 km²)","ff_hazard":"Moderate","ff_index":21.6,"system":"Lagh Dera system","upstream_km2":88.7,"strahler":2,"length_km":9.79,"near_town":"Habaswein","dist_town_km":3.0,"flooded_2023":true,"flooded_2024":null},"geometry":{"type":"LineString","coordinates":[[39.4642,1.0229],[39.4631,1.0211]]}},{"type":"Feature","properties":{"id":"LG-0002","lagha_class":"IV – Minor lagha / gully (15–100 km²)","ff_hazard":"Moderate","ff_index":18.8,"system":"Lagh Dera system","upstream_km2":88.7,"strahler":2,"length_km":6.47,"near_town":"Habaswein","dist_town_km":3.1,"flooded_2023":true,"flooded_2024":null},"geometry":{"type":"MultiLineString","coordinates":[[[39.4555,1.0222],[39.4567,1.0225]],[[39.4622,1.023],[39.4631,1.0211]]]}},{"type":"Feature","properties":{"id":"LG-0003","lagha_class":"III – Medium lagha (100–500 km²)","ff_hazard":"Very High","ff_index":38.2,"system":"Lagh Dera system","upstream_km2":129.6,"strahler":2,"length_km":3.2,"near_town":"Habaswein","dist_town_km":1.9,"flooded_2023":true,"flooded_2024":null},"geometry":{"type":"LineString","coordinates":[[39.4631,1.0211],[39.4719,1.0089],[39.4719,1.0033],[39.4764,0.9978]]}},{"type":"Feature","properties":{"id":"LG-0004","lagha_class":"III – Medium lagha (100–500 km²)","ff_hazard":"Moderate","ff_index":23.2,"system":"Lagh Dera system","upstream_km2":213.5,"strahler":3,"length_km":12.11,"near_town":"Habaswein","dist_town_km":2.8,"flooded_2023":true,"flooded_2024":null},"geometry":{"type":"LineString","coordinates":[[39.4367,1.0119],[39.4419,1.0078],[39.4431,1.0022],[39.4486,1.0044],[39.4531,1.0011],[39.4575,1.0011],[39.4642,0.9944],[39.4719,0.9922]]}},{"type":"Feature","properties":{"id":"LG-0007","lagha_class":"III – Medium lagha (100–500 km²)","ff_hazard":"Very High","ff_index":40.8,"system":"Lagh Dera system","upstream_km2":213.5,"strahler":3,"length_km":0.82,"near_town":"Habaswein","dist_town_km":2.0,"flooded_2023":true,"flooded_2024":null},"geometry":{"type":"LineString","coordinates":[[39.4764,0.9978],[39.4719,0.9922]]}},{"type":"Feature","properties":{"id":"LG-0008","lagha_class":"II – Large lagha (500–2,000 km²)","ff_hazard":"High","ff_index":32.4,"system":"Lagh Dera system","upstream_km2":1613.8,"strahler":4,"length_km":5.31,"near_town":"Habaswein","dist_town_km":2.8,"flooded_2023":true,"flooded_2024":null},"geometry":{"type":"LineString","coordinates":[[39.4719,0.9922],[39.4697,0.9889],[39.4831,0.9756],[39.4819,0.9689],[39.4853,0.9644],[39.4808,0.9567]]}},{"type":"Feature","properties":{"id":"LG-0009","lagha_class":"II – Large lagha (500–2,000 km²)","ff_hazard":"High","ff_index":31.7,"system":"Local ephemeral drainage","upstream_km2":1339.6,"strahler":4,"length_km":22.6,"near_town":"Habaswein","dist_town_km":9.9,"flooded_2023":true,"flooded_2024":null},"geometry":{"type":"LineString","coordinates":[[39.3805,0.9914],[39.3842,0.9878],[39.3897,0.9911],[39.3919,0.9956],[39.3953,0.9944],[39.4008,0.9978]]}},{"type":"Feature","properties":{"id":"LG-0012","lagha_class":"III – Medium lagha (100–500 km²)","ff_hazard":"Moderate","ff_index":20.0,"system":"Lagh Dera system","upstream_km2":115.2,"strahler":2,"length_km":7.33,"near_town":"Habaswein","dist_town_km":5.5,"flooded_2023":true,"flooded_2024":null},"geometry":{"type":"LineString","coordinates":[[39.5008,0.9622],[39.4997,0.9544],[39.5031,0.9489],[39.5019,0.9467],[39.5053,0.9433],[39.5042,0.9367],[39.5064,0.9278],[39.5075,0.9267],[39.5108,0.93],[39.5142,0.9289],[39.5164,0.9267],[39.5153,0.9211],[39.5208,0.9167]]}},{"type":"Feature","properties":{"id":"LG-0013","lagha_class":"II – Large lagha (500–2,000 km²)","ff_hazard":"High","ff_index":32.8,"system":"Lagh Dera system","upstream_km2":1646.5,"strahler":4,"length_km":4.76,"near_town":"Habaswein","dist_town_km":6.2,"flooded_2023":true,"flooded_2024":null},"geometry":{"type":"LineString","coordinates":[[39.4575,0.9644],[39.4586,0.9622],[39.4564,0.9567],[39.462,0.95],[39.4631,0.9511],[39.4686,0.9489],[39.4708,0.9456],[39.4819,0.9467]]}},{"type":"Feature","properties":{"id":"LG-0015","lagha_class":"III – Medium lagha (100–500 km²)","ff_hazard":"Moderate","ff_index":22.8,"system":"Lagh Dera system","upstream_km2":115.2,"strahler":2,"length_km":9.01,"near_town":"Habaswein","dist_town_km":9.5,"flooded_2023":true,"flooded_2024":null},"geometry":{"type":"LineString","coordinates":[[39.5287,0.9312],[39.5264,0.93],[39.5242,0.9322],[39.5208,0.9289],[39.5186,0.93],[39.5175,0.9256],[39.5197,0.9255],[39.5231,0.9211],[39.5208,0.9167]]}},{"type":"Feature","properties":{"id":"LG-0016","lagha_class":"III – Medium lagha (100–500 km²)","ff_hazard":"Moderate","ff_index":21.3,"system":"Lagh Dera system","upstream_km2":143.7,"strahler":2,"length_km":15.76,"near_town":"Habaswein","dist_town_km":11.0,"flooded_2023":true,"flooded_2024":null},"geometry":{"type":"LineString","coordinates":[[39.5208,0.9167],[39.5186,0.9122],[39.5208,0.9089],[39.5197,0.9],[39.5253,0.8944],[39.5253,0.89],[39.5286,0.8856],[39.5286,0.8778],[39.5308,0.8744],[39.5286,0.8711],[39.5331,0.8644],[39.5242,0.8556],[39.5242,0.8522],[39.5186,0.8478],[39.5186,0.8444],[39.5208,0.8422],[39.5231,0.8433],[39.5264,0.8378],[39.5242,0.8333],[39.5253,0.8311],[39.5186,0.8233],[39.5231,0.82],[39.5219,0.8144],[39.5264,0.8133]]}},{"type":"Feature","properties":{"id":"LG-0017","lagha_class":"II – Large lagha (500–2,000 km²)","ff_hazard":"High","ff_index":32.2,"system":"Lagh Dera system","upstream_km2":1673.7,"strahler":4,"length_km":1.47,"near_town":"Habaswein","dist_town_km":11.1,"flooded_2023":true,"flooded_2024":null},"geometry":{"type":"LineString","coordinates":[[39.4708,0.9122],[39.4742,0.9078],[39.4797,0.9078]]}},{"type":"Feature","properties":{"id":"LG-0019","lagha_class":"II – Large lagha (500–2,000 km²)","ff_hazard":"High","ff_index":33.3,"system":"Lagh Dera system","upstream_km2":657.6,"strahler":3,"length_km":0.42,"near_town":"Habaswein","dist_town_km":13.5,"flooded_2023":true,"flooded_2024":null},"geometry":{"type":"LineString","coordinates":[[39.4464,0.8967],[39.4453,0.8933]]}},{"type":"Feature","properties":{"id":"LG-0022","lagha_class":"IV – Minor lagha / gully (15–100 km²)","ff_hazard":"Low","ff_index":10.4,"system":"Lagh Dera system","upstream_km2":86.4,"strahler":2,"length_km":5.63,"near_town":"Habaswein","dist_town_km":20.2,"flooded_2023":false,"flooded_2024":null},"geometry":{"type":"LineString","coordinates":[[39.5645,0.8448],[39.5597,0.84]]}},{"type":"Feature","properties":{"id":"LG-0023","lagha_class":"III – Medium lagha (100–500 km²)","ff_hazard":"Moderate","ff_index":20.8,"system":"Lagh Dera system","upstream_km2":128.6,"strahler":2,"length_km":6.13,"near_town":"Habaswein","dist_town_km":20.5,"flooded_2023":true,"flooded_2024":null},"geometry":{"type":"LineString","coordinates":[[39.5597,0.84],[39.5553,0.8367],[39.5653,0.83],[39.5653,0.8267],[39.5608,0.8244],[39.5631,0.8211],[39.562,0.82],[39.5653,0.8178],[39.5686,0.8089],[39.5731,0.8055]]}},{"type":"Feature","properties":{"id":"LG-0024","lagha_class":"II – Large lagha (500–2,000 km²)","ff_hazard":"Very High","ff_index":41.9,"system":"Lagh Dera system","upstream_km2":511.3,"strahler":3,"length_km":19.7,"near_town":"Mado Gashi","dist_town_km":14.6,"flooded_2023":true,"flooded_2024":null},"geometry":{"type":"LineString","coordinates":[[39.2096,0.8499],[39.212,0.8544],[39.2153,0.8544],[39.2208,0.8611],[39.2242,0.8611],[39.2264,0.8633],[39.2275,0.8678],[39.2331,0.8678],[39.2331,0.87],[39.2375,0.8744],[39.242,0.8756],[39.2442,0.8778],[39.2442,0.8833],[39.2475,0.8867],[39.2508,0.8855],[39.2575,0.8878],[39.2619,0.8956],[39.2597,0.8989],[39.2631,0.9],[39.2653,0.9044],[39.2731,0.9033],[39.2786,0.9078],[39.2831,0.9078],[39.2864,0.9122],[39.2853,0.9156],[39.2908,0.9222],[39.2942,0.92],[39.2975,0.9244],[39.2997,0.9244],[39.3053,0.9211],[39.3097,0.9244]]}},{"type":"Feature","properties":{"id":"LG-0025","lagha_class":"II – Large lagha (500–2,000 km²)","ff_hazard":"Very High","ff_index":43.2,"system":"Lagh Dera system","upstream_km2":957.2,"strahler":4,"length_km":10.81,"near_town":"Habaswein","dist_town_km":18.3,"flooded_2023":true,"flooded_2024":null},"geometry":{"type":"LineString","coordinates":[[39.2977,0.9467],[39.3008,0.9467],[39.3042,0.95],[39.3075,0.9467],[39.3042,0.9444],[39.3097,0.9444],[39.3131,0.9411],[39.3131,0.9355],[39.3175,0.9356],[39.3197,0.93],[39.322,0.93],[39.322,0.9333],[39.3253,0.9355],[39.3308,0.9322],[39.3353,0.9244],[39.3397,0.9233],[39.3419,0.9278],[39.3486,0.9244]]}},{"type":"Feature","properties":{"id":"LG-0026","lagha_class":"IV – Minor lagha / gully (15–100 km²)","ff_hazard":"Low","ff_index":9.1,"system":"Local ephemeral drainage","upstream_km2":61.2,"strahler":2,"length_km":4.71,"near_town":"Mado Gashi","dist_town_km":19.8,"flooded_2023":false,"flooded_2024":null},"geometry":{"type":"LineString","coordinates":[[39.3019,0.8456],[39.3075,0.8467],[39.3153,0.8589],[39.3208,0.8589],[39.3231,0.8611],[39.3308,0.8556]]}},{"type":"Feature","properties":{"id":"LG-0027","lagha_class":"II – Large lagha (500–2,000 km²)","ff_hazard":"High","ff_index":28.3,"system":"Lagh Dera system","upstream_km2":611.5,"strahler":3,"length_km":30.15,"near_town":"Habaswein","dist_town_km":14.7,"flooded_2023":true,"flooded_2024":null},"geometry":{"type":"LineString","coordinates":[[39.3325,0.9683],[39.3353,0.96],[39.3375,0.9633],[39.3419,0.9633],[39.3531,0.9556],[39.3553,0.9578],[39.3631,0.9544],[39.3664,0.9511],[39.3608,0.9444],[39.3642,0.9411],[39.3675,0.9411],[39.3742,0.9333],[39.3764,0.9355],[39.3797,0.9355],[39.3808,0.9311]]}},{"type":"Feature","properties":{"id":"LG-0028","lagha_class":"II – Large lagha (500–2,000 km²)","ff_hazard":"High","ff_index":28.3,"system":"Lagh Dera system","upstream_km2":657.6,"strahler":3,"length_km":11.47,"near_town":"Habaswein","dist_town_km":13.4,"flooded_2023":true,"flooded_2024":null},"geometry":{"type":"LineString","coordinates":[[39.3808,0.9311],[39.3964,0.9311],[39.4019,0.9267],[39.4019,0.9233],[39.3986,0.92],[39.4019,0.9189],[39.4019,0.9144],[39.4108,0.91],[39.4153,0.9122],[39.4231,0.9022],[39.4242,0.9033],[39.4297,0.9],[39.4342,0.9022],[39.4453,0.8933]]}},{"type":"Feature","properties":{"id":"LG-0029","lagha_class":"II – Large lagha (500–2,000 km²)","ff_hazard":"High","ff_index":31.9,"system":"Lagh Dera system","upstream_km2":1248.3,"strahler":4,"length_km":2.68,"near_town":"Habaswein","dist_town_km":13.8,"flooded_2023":true,"flooded_2024":null},"geometry":{"type":"LineString","coordinates":[[39.4453,0.8933],[39.4475,0.8889],[39.4519,0.8867],[39.4508,0.8844],[39.4553,0.8789],[39.4553,0.8756]]}},{"type":"Feature","properties":{"id":"LG-0030","lagha_class":"II – Large lagha (500–2,000 km²)","ff_hazard":"High","ff_index":31.6,"system":"Lagh Dera system","upstream_km2":1308.0,"strahler":4,"length_km":10.19,"near_town":"Habaswein","dist_town_km":19.7,"flooded_2023":true,"flooded_2024":null},"geometry":{"type":"LineString","coordinates":[[39.4531,0.8356],[39.4653,0.8233],[39.4686,0.8256],[39.4731,0.8256],[39.4753,0.8233],[39.4731,0.8211],[39.4786,0.8144],[39.4819,0.82],[39.492,0.8189],[39.4931,0.8133],[39.4964,0.8089],[39.4953,0.8044],[39.4975,0.8022],[39.4964,0.8011],[39.4986,0.7956]]}},{"type":"Feature","properties":{"id":"LG-0031","lagha_class":"III – Medium lagha (100–500 km²)","ff_hazard":"Low","ff_index":13.1,"system":"Lagh Dera system","upstream_km2":158.6,"strahler":2,"length_km":2.38,"near_town":"Habaswein","dist_town_km":23.0,"flooded_2023":false,"flooded_2024":null},"geometry":{"type":"MultiLineString","coordinates":[[[39.5719,0.8204],[39.5721,0.8198]],[[39.5745,0.8115],[39.5752,0.809]],[[39.5753,0.8086],[39.5731,0.8055]]]}},{"type":"Feature","properties":{"id":"LG-0032","lagha_class":"III – Medium lagha (100–500 km²)","ff_hazard":"Low","ff_index":12.2,"system":"Lagh Dera system","upstream_km2":173.8,"strahler":2,"length_km":6.47,"near_town":"Habaswein","dist_town_km":24.6,"flooded_2023":false,"flooded_2024":null},"geometry":{"type":"LineString","coordinates":[[39.5731,0.8055],[39.5719,0.8022],[39.5753,0.8011],[39.5753,0.7967],[39.5786,0.7933],[39.5764,0.7911],[39.5797,0.79],[39.5731,0.78],[39.5731,0.7767],[39.5753,0.7756],[39.5786,0.7778],[39.5853,0.7711]]}},{"type":"Feature","properties":{"id":"LG-0033","lagha_class":"II – Large lagha (500–2,000 km²)","ff_hazard":"Moderate","ff_index":22.0,"system":"Lagh Dera system","upstream_km2":1154.2,"strahler":4,"length_km":7.39,"near_town":"Mado Gashi","dist_town_km":19.7,"flooded_2023":false,"flooded_2024":null},"geometry":{"type":"LineString","coordinates":[[39.3275,0.8089],[39.3297,0.8155],[39.3319,0.8156],[39.3331,0.8122],[39.3364,0.8167],[39.3375,0.8144],[39.3397,0.8144],[39.3431,0.8178],[39.3475,0.8178],[39.3531,0.8267],[39.3575,0.8244],[39.3597,0.8256],[39.3653,0.8311],[39.3642,0.8344]]}},{"type":"Feature","properties":{"id":"LG-0036","lagha_class":"IV – Minor lagha / gully (15–100 km²)","ff_hazard":"Low","ff_index":9.0,"system":"Lagh Dera system","upstream_km2":61.2,"strahler":2,"length_km":18.37,"near_town":"Mado Gashi","dist_town_km":10.3,"flooded_2023":false,"flooded_2024":null},"geometry":{"type":"LineString","coordinates":[[39.2342,0.7922],[39.2375,0.7944],[39.2375,0.8],[39.242,0.8033],[39.2442,0.8089],[39.2486,0.8111],[39.2486,0.8133],[39.2519,0.8111],[39.2564,0.8111],[39.2564,0.8155],[39.2586,0.8178],[39.2631,0.8144],[39.2653,0.8156],[39.2675,0.8211],[39.2731,0.8211],[39.2719,0.8267],[39.2742,0.8289],[39.2797,0.8278],[39.2853,0.8222],[39.2919,0.8222],[39.2953,0.8278],[39.2986,0.8289],[39.2997,0.8344],[39.3097,0.8333],[39.3131,0.8356],[39.3197,0.8433],[39.3208,0.85],[39.322,0.8511],[39.3253,0.8489],[39.3308,0.8556]]}},{"type":"Feature","properties":{"id":"LG-0037","lagha_class":"II – Large lagha (500–2,000 km²)","ff_hazard":"High","ff_index":32.2,"system":"Lagh Dera system","upstream_km2":1231.8,"strahler":4,"length_km":11.29,"near_town":"Habaswein","dist_town_km":17.8,"flooded_2023":true,"flooded_2024":null},"geometry":{"type":"LineString","coordinates":[[39.3308,0.8556],[39.3331,0.8589],[39.3353,0.8589],[39.3364,0.8622],[39.3397,0.86],[39.3453,0.8611],[39.3508,0.8678],[39.3575,0.8711],[39.3608,0.8744],[39.3597,0.8789],[39.3631,0.8822],[39.3653,0.8811],[39.3686,0.8833],[39.3797,0.8756],[39.3831,0.8778],[39.3853,0.8733],[39.3897,0.8778],[39.3942,0.8756],[39.3986,0.8778]]}},{"type":"Feature","properties":{"id":"LG-0038","lagha_class":"II – Large lagha (500–2,000 km²)","ff_hazard":"Very High","ff_index":48.0,"system":"Lagh Dera system","upstream_km2":1360.7,"strahler":4,"length_km":8.63,"near_town":"Habaswein","dist_town_km":24.8,"flooded_2023":true,"flooded_2024":null},"geometry":{"type":"LineString","coordinates":[[39.4586,0.7889],[39.4664,0.7833],[39.4664,0.78],[39.4708,0.7744],[39.4775,0.7767],[39.4797,0.7756],[39.4819,0.7733],[39.4808,0.77],[39.4831,0.7678],[39.4875,0.7689],[39.4908,0.7633],[39.4975,0.7633],[39.5019,0.7656],[39.5097,0.7622],[39.5119,0.7633]]}},{"type":"Feature","properties":{"id":"LG-0039","lagha_class":"I – Major lagha (≥2,000 km²)","ff_hazard":"High","ff_index":28.3,"system":"Lagh Dera system","upstream_km2":5216.4,"strahler":5,"length_km":4.98,"near_town":"Habaswein","dist_town_km":25.5,"flooded_2023":false,"flooded_2024":null},"geometry":{"type":"LineString","coordinates":[[39.5419,0.7867],[39.5442,0.7833],[39.5397,0.7767],[39.5408,0.7733],[39.5475,0.77],[39.5486,0.7633],[39.5531,0.7589],[39.5508,0.7567],[39.5519,0.7533]]}},{"type":"Feature","properties":{"id":"LG-0040","lagha_class":"III – Medium lagha (100–500 km²)","ff_hazard":"Low","ff_index":12.3,"system":"Lagh Dera system","upstream_km2":173.8,"strahler":2,"length_km":1.26,"near_town":"Habaswein","dist_town_km":28.4,"flooded_2023":false,"flooded_2024":null},"geometry":{"type":"LineString","coordinates":[[39.5875,0.7745],[39.5853,0.7733],[39.5853,0.7711]]}},{"type":"Feature","properties":{"id":"LG-0041","lagha_class":"III – Medium lagha (100–500 km²)","ff_hazard":"Low","ff_index":12.5,"system":"Lagh Dera system","upstream_km2":215.9,"strahler":2,"length_km":2.01,"near_town":"Habaswein","dist_town_km":28.6,"flooded_2023":false,"flooded_2024":null},"geometry":{"type":"LineString","coordinates":[[39.5853,0.7711],[39.5919,0.7622],[39.5919,0.7567]]}},{"type":"Feature","properties":{"id":"LG-0042","lagha_class":"IV – Minor lagha / gully (15–100 km²)","ff_hazard":"Low","ff_index":10.0,"system":"Local ephemeral drainage","upstream_km2":75.5,"strahler":2,"length_km":3.72,"near_town":"Mado Gashi","dist_town_km":23.6,"flooded_2023":false,"flooded_2024":null},"geometry":{"type":"LineString","coordinates":[[39.3786,0.7689],[39.3808,0.7678],[39.3808,0.7655],[39.3853,0.7667],[39.4019,0.7533]]}},{"type":"Feature","properties":{"id":"LG-0043","lagha_class":"III – Medium lagha (100–500 km²)","ff_hazard":"Low","ff_index":14.6,"system":"Lagh Dera system","upstream_km2":215.9,"strahler":2,"length_km":1.91,"near_town":"Habaswein","dist_town_km":30.3,"flooded_2023":false,"flooded_2024":null},"geometry":{"type":"LineString","coordinates":[[39.5961,0.7586],[39.5919,0.7567]]}},{"type":"Feature","properties":{"id":"LG-0044","lagha_class":"III – Medium lagha (100–500 km²)","ff_hazard":"Low","ff_index":13.5,"system":"Lagh Dera system","upstream_km2":233.8,"strahler":2,"length_km":6.27,"near_town":"Habaswein","dist_town_km":30.4,"flooded_2023":false,"flooded_2024":null},"geometry":{"type":"LineString","coordinates":[[39.5919,0.7567],[39.5875,0.7511],[39.5931,0.74],[39.6008,0.74],[39.6042,0.7367],[39.6031,0.7344],[39.6086,0.7311],[39.6097,0.7244],[39.6131,0.7233]]}},{"type":"Feature","properties":{"id":"LG-0045","lagha_class":"III – Medium lagha (100–500 km²)","ff_hazard":"Low","ff_index":14.8,"system":"Lagh Dera system","upstream_km2":309.5,"strahler":2,"length_km":7.21,"near_town":"Habaswein","dist_town_km":34.7,"flooded_2023":false,"flooded_2024":null},"geometry":{"type":"LineString","coordinates":[[39.6131,0.7233],[39.6142,0.7211],[39.6175,0.7211],[39.6197,0.7156],[39.6264,0.7111],[39.6275,0.7056],[39.6308,0.7067],[39.6331,0.7044],[39.6264,0.6944],[39.6286,0.6922],[39.6375,0.6933],[39.6397,0.69]]}},{"type":"Feature","properties":{"id":"LG-0046","lagha_class":"III – Medium lagha (100–500 km²)","ff_hazard":"Low","ff_index":12.8,"system":"Lagh Dera system","upstream_km2":143.9,"strahler":2,"length_km":31.96,"near_town":"Mado Gashi","dist_town_km":8.0,"flooded_2023":false,"flooded_2024":null},"geometry":{"type":"LineString","coordinates":[[39.1732,0.7968],[39.1831,0.8011],[39.1853,0.8044],[39.1897,0.8033],[39.1942,0.8078],[39.1953,0.8067],[39.1986,0.81],[39.1986,0.8133],[39.2031,0.8167],[39.2019,0.8178],[39.2097,0.8244],[39.2108,0.8278],[39.2142,0.8289],[39.2219,0.8433],[39.2297,0.8489],[39.2319,0.8467],[39.2353,0.8511],[39.2442,0.8522],[39.2442,0.8567],[39.2486,0.8589],[39.2553,0.8567],[39.2575,0.8589],[39.2608,0.8578],[39.2675,0.8622],[39.2697,0.8589],[39.2775,0.8578],[39.2797,0.8544],[39.2853,0.8522],[39.2875,0.8544],[39.2964,0.8544],[39.2975,0.8578],[39.3075,0.8611],[39.3142,0.8711],[39.312,0.8733],[39.3142,0.8744],[39.3153,0.8833],[39.322,0.8878],[39.3231,0.8911],[39.3286,0.8911],[39.3308,0.8889],[39.3342,0.8956],[39.3375,0.8933],[39.3375,0.9011]]}},{"type":"Feature","properties":{"id":"LG-0047","lagha_class":"III – Medium lagha (100–500 km²)","ff_hazard":"Moderate","ff_index":22.3,"system":"Lagh Dera system","upstream_km2":171.0,"strahler":2,"length_km":4.46,"near_town":"Habaswein","dist_town_km":17.4,"flooded_2023":true,"flooded_2024":null},"geometry":{"type":"LineString","coordinates":[[39.3375,0.9011],[39.3397,0.9044],[39.3464,0.9022],[39.3508,0.9056],[39.352,0.9122],[39.3642,0.9155]]}},{"type":"Feature","properties":{"id":"LG-0048","lagha_class":"IV – Minor lagha / gully (15–100 km²)","ff_hazard":"Low","ff_index":9.7,"system":"Lagh Dera system","upstream_km2":75.5,"strahler":2,"length_km":17.82,"near_town":"Mado Gashi","dist_town_km":13.2,"flooded_2023":false,"flooded_2024":null},"geometry":{"type":"LineString","coordinates":[[39.2886,0.74],[39.2908,0.7389],[39.2975,0.7422],[39.3008,0.74],[39.2997,0.7389],[39.3031,0.7344],[39.3097,0.7367],[39.3131,0.7333],[39.3153,0.7367],[39.3186,0.7356],[39.3231,0.74],[39.3253,0.7367],[39.3308,0.7367],[39.3364,0.7411],[39.3442,0.7378],[39.3486,0.7333],[39.352,0.7333],[39.3575,0.7389],[39.3619,0.74],[39.3653,0.7444],[39.3786,0.74],[39.3786,0.7433],[39.3831,0.7467],[39.3864,0.7456],[39.3919,0.7478],[39.3953,0.7456],[39.4019,0.7533]]}},{"type":"Feature","properties":{"id":"LG-0049","lagha_class":"IV – Minor lagha / gully (15–100 km²)","ff_hazard":"Low","ff_index":9.5,"system":"Lagh Dera system","upstream_km2":75.9,"strahler":2,"length_km":1.98,"near_town":"Mado Gashi","dist_town_km":25.9,"flooded_2023":false,"flooded_2024":null},"geometry":{"type":"LineString","coordinates":[[39.4019,0.7533],[39.4075,0.7422],[39.4108,0.7411]]}},{"type":"Feature","properties":{"id":"LG-0050","lagha_class":"III – Medium lagha (100–500 km²)","ff_hazard":"Moderate","ff_index":17.7,"system":"Lagh Dera system","upstream_km2":309.5,"strahler":2,"length_km":11.31,"near_town":"Habaswein","dist_town_km":39.2,"flooded_2023":false,"flooded_2024":null},"geometry":{"type":"LineString","coordinates":[[39.6467,0.6914],[39.6397,0.69]]}},{"type":"Feature","properties":{"id":"LG-0051","lagha_class":"III – Medium lagha (100–500 km²)","ff_hazard":"Moderate","ff_index":25.8,"system":"Lagh Dera system","upstream_km2":372.6,"strahler":2,"length_km":6.52,"near_town":"Habaswein","dist_town_km":39.2,"flooded_2023":true,"flooded_2024":null},"geometry":{"type":"LineString","coordinates":[[39.6397,0.69],[39.6375,0.6867],[39.6386,0.6855],[39.6331,0.6822],[39.6408,0.6711],[39.6475,0.67],[39.6453,0.6667],[39.6464,0.6622],[39.6442,0.66],[39.6464,0.6544],[39.6453,0.65]]}},{"type":"Feature","properties":{"id":"LG-0053","lagha_class":"IV – Minor lagha / gully (15–100 km²)","ff_hazard":"Low","ff_index":10.1,"system":"Lagh Dera system","upstream_km2":76.4,"strahler":2,"length_km":6.36,"near_town":"Mado Gashi","dist_town_km":21.7,"flooded_2023":false,"flooded_2024":null},"geometry":{"type":"LineString","coordinates":[[39.3664,0.7311],[39.3864,0.7311],[39.3942,0.7278],[39.4042,0.7367],[39.4086,0.7378],[39.4108,0.7411]]}},{"type":"Feature","properties":{"id":"LG-0054","lagha_class":"III – Medium lagha (100–500 km²)","ff_hazard":"Moderate","ff_index":21.4,"system":"Lagh Dera system","upstream_km2":115.5,"strahler":2,"length_km":9.23,"near_town":"Mado Gashi","dist_town_km":26.7,"flooded_2023":true,"flooded_2024":null},"geometry":{"type":"LineString","coordinates":[[39.4108,0.7411],[39.4142,0.7456],[39.4175,0.7422],[39.422,0.7456],[39.4286,0.7411],[39.4331,0.7456],[39.4431,0.7433],[39.4453,0.7456],[39.4508,0.7456],[39.4597,0.7378],[39.4653,0.7411],[39.4675,0.74],[39.4653,0.7344]]}},{"type":"Feature","properties":{"id":"LG-0055","lagha_class":"III – Medium lagha (100–500 km²)","ff_hazard":"Moderate","ff_index":24.6,"system":"Lagh Dera system","upstream_km2":281.8,"strahler":3,"length_km":12.83,"near_town":"Habaswein","dist_town_km":30.7,"flooded_2023":true,"flooded_2024":null},"geometry":{"type":"LineString","coordinates":[[39.4653,0.7344],[39.4686,0.7333],[39.4719,0.7289],[39.4764,0.7278],[39.4753,0.7256],[39.4786,0.7211],[39.4786,0.7122],[39.4819,0.7111],[39.4808,0.7044],[39.4786,0.7022],[39.4831,0.7011],[39.4875,0.6956],[39.4897,0.6956],[39.4897,0.6911],[39.4931,0.69],[39.4986,0.6922],[39.5008,0.6878],[39.4986,0.6855],[39.4986,0.6811],[39.5019,0.6778],[39.5042,0.68],[39.5064,0.6789],[39.5086,0.6722],[39.5019,0.6678]]}},{"type":"Feature","properties":{"id":"LG-0057","lagha_class":"III – Medium lagha (100–500 km²)","ff_hazard":"Low","ff_index":16.6,"system":"Lagh Dera system","upstream_km2":460.2,"strahler":2,"length_km":6.97,"near_town":"Habaswein","dist_town_km":43.5,"flooded_2023":false,"flooded_2024":null},"geometry":{"type":"LineString","coordinates":[[39.6453,0.65],[39.6486,0.6455],[39.6486,0.6411],[39.6519,0.6378],[39.6508,0.6367],[39.6542,0.6333],[39.6508,0.6311],[39.6519,0.6289],[39.6542,0.6256],[39.6564,0.6267],[39.6597,0.6233],[39.6586,0.6211],[39.6631,0.6189],[39.6653,0.6133],[39.6708,0.6078]]}},{"type":"Feature","properties":{"id":"LG-0062","lagha_class":"IV – Minor lagha / gully (15–100 km²)","ff_hazard":"Moderate","ff_index":20.0,"system":"Lagh Dera system","upstream_km2":99.0,"strahler":2,"length_km":1.84,"near_town":"Mado Gashi","dist_town_km":34.1,"flooded_2023":true,"flooded_2024":null},"geometry":{"type":"LineString","coordinates":[[39.4753,0.6844],[39.4808,0.6833],[39.4875,0.6755]]}},{"type":"Feature","properties":{"id":"LG-0063","lagha_class":"III – Medium lagha (100–500 km²)","ff_hazard":"Low","ff_index":13.0,"system":"Lagh Dera system","upstream_km2":117.2,"strahler":2,"length_km":19.06,"near_town":"Mado Gashi","dist_town_km":3.3,"flooded_2023":false,"flooded_2024":null},"geometry":{"type":"LineString","coordinates":[[39.1642,0.6811],[39.1708,0.6844],[39.1764,0.6833],[39.1819,0.6867],[39.1875,0.6922],[39.1908,0.7011],[39.1942,0.7022],[39.1975,0.7067],[39.1964,0.7089],[39.1986,0.7133],[39.2031,0.7178],[39.2053,0.7178],[39.2064,0.7211],[39.212,0.72],[39.2131,0.7244],[39.2219,0.7178],[39.2242,0.7189],[39.2253,0.7144],[39.2331,0.7067],[39.2408,0.7067],[39.2431,0.7033],[39.2475,0.7056],[39.2497,0.7033],[39.2531,0.7033],[39.2597,0.6944],[39.2664,0.6956],[39.2708,0.6856]]}},{"type":"Feature","properties":{"id":"LG-0065","lagha_class":"III – Medium lagha (100–500 km²)","ff_hazard":"Low","ff_index":13.3,"system":"Lagh Dera system","upstream_km2":117.2,"strahler":2,"length_km":0.55,"near_town":"Mado Gashi","dist_town_km":11.4,"flooded_2023":false,"flooded_2024":null},"geometry":{"type":"LineString","coordinates":[[39.2664,0.6844],[39.2708,0.6856]]}},{"type":"Feature","properties":{"id":"LG-0066","lagha_class":"III – Medium lagha (100–500 km²)","ff_hazard":"Low","ff_index":12.2,"system":"Lagh Dera system","upstream_km2":124.1,"strahler":2,"length_km":5.68,"near_town":"Mado Gashi","dist_town_km":11.9,"flooded_2023":false,"flooded_2024":null},"geometry":{"type":"LineString","coordinates":[[39.2708,0.6856],[39.2753,0.6844],[39.2853,0.6722],[39.2931,0.6733],[39.2953,0.67],[39.3042,0.6711],[39.3053,0.6667]]}},{"type":"Feature","properties":{"id":"LG-0067","lagha_class":"II – Large lagha (500–2,000 km²)","ff_hazard":"High","ff_index":34.2,"system":"Lagh Dera system","upstream_km2":926.8,"strahler":4,"length_km":2.63,"near_town":"Mado Gashi","dist_town_km":15.7,"flooded_2023":false,"flooded_2024":null},"geometry":{"type":"LineString","coordinates":[[39.0219,0.6722],[39.0242,0.6744],[39.0308,0.6722],[39.0353,0.6778],[39.0386,0.6756]]}},{"type":"Feature","properties":{"id":"LG-0069","lagha_class":"III – Medium lagha (100–500 km²)","ff_hazard":"Moderate","ff_index":24.1,"system":"Lagh Dera system","upstream_km2":281.8,"strahler":3,"length_km":2.24,"near_town":"Mado Gashi","dist_town_km":35.6,"flooded_2023":true,"flooded_2024":null},"geometry":{"type":"LineString","coordinates":[[39.4875,0.6755],[39.4897,0.6733],[39.4931,0.6755],[39.5019,0.6678]]}},{"type":"Feature","properties":{"id":"LG-0070","lagha_class":"III – Medium lagha (100–500 km²)","ff_hazard":"Moderate","ff_index":23.8,"system":"Lagh Dera system","upstream_km2":284.3,"strahler":3,"length_km":2.4,"near_town":"Mado Gashi","dist_town_km":37.1,"flooded_2023":true,"flooded_2024":null},"geometry":{"type":"LineString","coordinates":[[39.5019,0.6678],[39.4997,0.6655],[39.5008,0.6589],[39.4986,0.6556],[39.4986,0.6511],[39.5008,0.65]]}},{"type":"Feature","properties":{"id":"LG-0072","lagha_class":"III – Medium lagha (100–500 km²)","ff_hazard":"Moderate","ff_index":18.0,"system":"Lagh Dera system","upstream_km2":434.4,"strahler":3,"length_km":29.29,"near_town":"Mado Gashi","dist_town_km":18.2,"flooded_2023":false,"flooded_2024":null},"geometry":{"type":"MultiLineString","coordinates":[[[39.2296,0.8779],[39.2308,0.8791]],[[39.2342,0.8822],[39.2375,0.88],[39.2397,0.8822],[39.2397,0.8873]]]}},{"type":"Feature","properties":{"id":"LG-0073","lagha_class":"II – Large lagha (500–2,000 km²)","ff_hazard":"High","ff_index":28.5,"system":"Lagh Dera system","upstream_km2":511.3,"strahler":3,"length_km":9.38,"near_town":"Habaswein","dist_town_km":22.1,"flooded_2023":true,"flooded_2024":null},"geometry":{"type":"MultiLineString","coordinates":[[[39.2615,0.9093],[39.2653,0.9111],[39.2642,0.9123]],[[39.2651,0.9133],[39.2663,0.9145]],[[39.2788,0.9267],[39.2842,0.9244],[39.2875,0.9278],[39.2931,0.9267],[39.3008,0.9311],[39.3053,0.9278],[39.3053,0.9244],[39.3097,0.9244]]]}},{"type":"Feature","properties":{"id":"LG-0074","lagha_class":"II – Large lagha (500–2,000 km²)","ff_hazard":"Very High","ff_index":43.4,"system":"Lagh Dera system","upstream_km2":957.2,"strahler":4,"length_km":5.98,"near_town":"Habaswein","dist_town_km":18.3,"flooded_2023":true,"flooded_2024":null},"geometry":{"type":"LineString","coordinates":[[39.3097,0.9244],[39.3264,0.9233],[39.3275,0.9178],[39.3375,0.9178],[39.3397,0.9211],[39.3431,0.92],[39.3486,0.9244]]}},{"type":"Feature","properties":{"id":"LG-0075","lagha_class":"II – Large lagha (500–2,000 km²)","ff_hazard":"High","ff_index":30.3,"system":"Lagh Dera system","upstream_km2":959.8,"strahler":4,"length_km":2.73,"near_town":"Habaswein","dist_town_km":17.4,"flooded_2023":true,"flooded_2024":null},"geometry":{"type":"LineString","coordinates":[[39.3486,0.9244],[39.3508,0.9233],[39.3508,0.9211],[39.3597,0.9211],[39.3642,0.9155]]}},{"type":"Feature","properties":{"id":"LG-0076","lagha_class":"II – Large lagha (500–2,000 km²)","ff_hazard":"High","ff_index":31.3,"system":"Lagh Dera system","upstream_km2":1231.8,"strahler":4,"length_km":8.31,"near_town":"Habaswein","dist_town_km":15.7,"flooded_2023":true,"flooded_2024":null},"geometry":{"type":"LineString","coordinates":[[39.3642,0.9155],[39.3719,0.9122],[39.3742,0.9144],[39.3775,0.91],[39.3853,0.91],[39.3908,0.9078],[39.3953,0.9033],[39.3975,0.9],[39.3964,0.8944],[39.3997,0.8911],[39.3997,0.8878],[39.3942,0.8822],[39.3986,0.8778]]}},{"type":"Feature","properties":{"id":"LG-0077","lagha_class":"II – Large lagha (500–2,000 km²)","ff_hazard":"High","ff_index":31.5,"system":"Lagh Dera system","upstream_km2":1248.3,"strahler":4,"length_km":7.97,"near_town":"Habaswein","dist_town_km":15.4,"flooded_2023":true,"flooded_2024":null},"geometry":{"type":"LineString","coordinates":[[39.3986,0.8778],[39.4019,0.8811],[39.4086,0.8789],[39.4131,0.88],[39.4275,0.8711],[39.4297,0.8744],[39.4331,0.8722],[39.4375,0.8722],[39.4431,0.8789],[39.4553,0.8756]]}},{"type":"Feature","properties":{"id":"LG-0078","lagha_class":"I – Major lagha (≥2,000 km²)","ff_hazard":"High","ff_index":36.3,"system":"Lagh Dera system","upstream_km2":3628.7,"strahler":5,"length_km":6.82,"near_town":"Habaswein","dist_town_km":15.4,"flooded_2023":true,"flooded_2024":null},"geometry":{"type":"LineString","coordinates":[[39.4553,0.8756],[39.4586,0.87],[39.4686,0.8689],[39.4708,0.8722],[39.4742,0.8722],[39.4764,0.8689],[39.4853,0.8678],[39.4864,0.8633],[39.4908,0.8656],[39.4953,0.8622],[39.4997,0.8633]]}},{"type":"Feature","properties":{"id":"LG-0080","lagha_class":"III – Medium lagha (100–500 km²)","ff_hazard":"Low","ff_index":16.1,"system":"Lagh Dera system","upstream_km2":237.3,"strahler":2,"length_km":2.14,"near_town":"Mado Gashi","dist_town_km":19.1,"flooded_2023":false,"flooded_2024":null},"geometry":{"type":"LineString","coordinates":[[39.3231,0.6433],[39.3286,0.6456],[39.3297,0.6478],[39.3319,0.6467],[39.3319,0.6489],[39.3353,0.6511]]}},{"type":"Feature","properties":{"id":"LG-0082","lagha_class":"II – Large lagha (500–2,000 km²)","ff_hazard":"Moderate","ff_index":21.9,"system":"Local ephemeral drainage","upstream_km2":1339.6,"strahler":4,"length_km":71.45,"near_town":"Habaswein","dist_town_km":9.9,"flooded_2023":false,"flooded_2024":null},"geometry":{"type":"LineString","coordinates":[[39.4,0.9986],[39.4008,0.9978]]}},{"type":"Feature","properties":{"id":"LG-0083","lagha_class":"II – Large lagha (500–2,000 km²)","ff_hazard":"High","ff_index":32.6,"system":"Lagh Dera system","upstream_km2":1613.8,"strahler":4,"length_km":15.66,"near_town":"Habaswein","dist_town_km":3.9,"flooded_2023":true,"flooded_2024":null},"geometry":{"type":"LineString","coordinates":[[39.4008,0.9978],[39.4019,0.9989],[39.4064,0.9944],[39.4097,0.9989],[39.4119,0.9989],[39.4208,0.9922],[39.422,0.9889],[39.4264,0.9944],[39.4308,0.9944],[39.4342,0.9978],[39.4375,0.9956],[39.4386,0.99],[39.4486,0.9844],[39.4564,0.9889],[39.4608,0.9889],[39.4631,0.9822],[39.4719,0.9767],[39.4686,0.9733],[39.4731,0.97],[39.4719,0.9678],[39.4775,0.9656],[39.4797,0.9622],[39.4775,0.9578],[39.4808,0.9567]]}},{"type":"Feature","properties":{"id":"LG-0084","lagha_class":"II – Large lagha (500–2,000 km²)","ff_hazard":"High","ff_index":32.4,"system":"Lagh Dera system","upstream_km2":1646.5,"strahler":4,"length_km":2.03,"near_town":"Habaswein","dist_town_km":6.0,"flooded_2023":true,"flooded_2024":null},"geometry":{"type":"LineString","coordinates":[[39.4808,0.9567],[39.4864,0.9522],[39.4808,0.95],[39.4819,0.9467]]}},{"type":"Feature","properties":{"id":"LG-0085","lagha_class":"II – Large lagha (500–2,000 km²)","ff_hazard":"High","ff_index":32.7,"system":"Lagh Dera system","upstream_km2":1673.7,"strahler":4,"length_km":5.86,"near_town":"Habaswein","dist_town_km":7.1,"flooded_2023":true,"flooded_2024":null},"geometry":{"type":"LineString","coordinates":[[39.4819,0.9467],[39.4842,0.9456],[39.4831,0.9389],[39.4853,0.9367],[39.4853,0.9322],[39.4808,0.9311],[39.4808,0.9267],[39.4786,0.9233],[39.4797,0.9211],[39.4764,0.9189],[39.4764,0.9133],[39.4797,0.9111],[39.4797,0.9078]]}},{"type":"Feature","properties":{"id":"LG-0086","lagha_class":"I – Major lagha (≥2,000 km²)","ff_hazard":"High","ff_index":36.4,"system":"Lagh Dera system","upstream_km2":3628.7,"strahler":5,"length_km":7.38,"near_town":"Habaswein","dist_town_km":11.4,"flooded_2023":true,"flooded_2024":null},"geometry":{"type":"LineString","coordinates":[[39.4797,0.9078],[39.4786,0.9033],[39.4819,0.8989],[39.4808,0.8955],[39.4886,0.89],[39.4942,0.89],[39.4964,0.8856],[39.4942,0.8811],[39.4997,0.8789],[39.4997,0.8733],[39.5019,0.87],[39.4986,0.8667],[39.4997,0.8633]]}},{"type":"Feature","properties":{"id":"LG-0087","lagha_class":"I – Major lagha (≥2,000 km²)","ff_hazard":"High","ff_index":36.1,"system":"Lagh Dera system","upstream_km2":3658.3,"strahler":5,"length_km":10.12,"near_town":"Habaswein","dist_town_km":16.3,"flooded_2023":true,"flooded_2024":null},"geometry":{"type":"LineString","coordinates":[[39.4997,0.8633],[39.5008,0.8611],[39.4986,0.8567],[39.5031,0.8533],[39.5108,0.8411],[39.5108,0.8356],[39.5131,0.8333],[39.5086,0.8267],[39.5097,0.8244],[39.5042,0.8189],[39.5086,0.8133],[39.5075,0.8111],[39.5142,0.8111],[39.5164,0.8089],[39.5219,0.81],[39.5264,0.8133]]}},{"type":"Feature","properties":{"id":"LG-0088","lagha_class":"I – Major lagha (≥2,000 km²)","ff_hazard":"High","ff_index":36.6,"system":"Lagh Dera system","upstream_km2":3824.0,"strahler":5,"length_km":10.77,"near_town":"Habaswein","dist_town_km":22.2,"flooded_2023":true,"flooded_2024":null},"geometry":{"type":"LineString","coordinates":[[39.5264,0.8133],[39.5286,0.8122],[39.5264,0.8067],[39.5275,0.8033],[39.5242,0.8],[39.5264,0.7955],[39.5219,0.7922],[39.5253,0.7889],[39.5297,0.7911],[39.5308,0.7889],[39.5275,0.7833],[39.5275,0.7778],[39.5231,0.7722],[39.5264,0.77],[39.5297,0.7733],[39.5331,0.77],[39.5331,0.7633],[39.5364,0.7611],[39.5353,0.7533]]}},{"type":"Feature","properties":{"id":"LG-0089","lagha_class":"III – Medium lagha (100–500 km²)","ff_hazard":"Low","ff_index":16.2,"system":"Lagh Dera system","upstream_km2":202.8,"strahler":2,"length_km":5.93,"near_town":"Mado Gashi","dist_town_km":15.3,"flooded_2023":false,"flooded_2024":null},"geometry":{"type":"LineString","coordinates":[[39.2775,0.6367],[39.2808,0.6344],[39.2831,0.6378],[39.2897,0.6411],[39.2931,0.64],[39.2964,0.6433],[39.2997,0.6422],[39.3053,0.6467],[39.3053,0.6511],[39.312,0.6589]]}},{"type":"Feature","properties":{"id":"LG-0092","lagha_class":"III – Medium lagha (100–500 km²)","ff_hazard":"Low","ff_index":16.8,"system":"Lagh Dera system","upstream_km2":460.2,"strahler":2,"length_km":1.83,"near_town":"Habaswein","dist_town_km":47.8,"flooded_2023":false,"flooded_2024":null},"geometry":{"type":"LineString","coordinates":[[39.6731,0.62],[39.6742,0.6189],[39.6686,0.6144],[39.6708,0.6078]]}},{"type":"Feature","properties":{"id":"LG-0093","lagha_class":"III – Medium lagha (100–500 km²)","ff_hazard":"Low","ff_index":16.4,"system":"Lagh Dera system","upstream_km2":465.0,"strahler":2,"length_km":4.0,"near_town":"Habaswein","dist_town_km":49.0,"flooded_2023":false,"flooded_2024":null},"geometry":{"type":"LineString","coordinates":[[39.6708,0.6078],[39.6808,0.6],[39.6797,0.5967],[39.6842,0.5933],[39.6886,0.5978],[39.6942,0.5989]]}},{"type":"Feature","properties":{"id":"LG-0094","lagha_class":"II – Large lagha (500–2,000 km²)","ff_hazard":"Moderate","ff_index":26.7,"system":"Lagh Dera system","upstream_km2":514.2,"strahler":2,"length_km":3.05,"near_town":"Habaswein","dist_town_km":51.0,"flooded_2023":true,"flooded_2024":null},"geometry":{"type":"LineString","coordinates":[[39.6942,0.5989],[39.7108,0.5789]]}},{"type":"Feature","properties":{"id":"LG-0095","lagha_class":"II – Large lagha (500–2,000 km²)","ff_hazard":"High","ff_index":27.8,"system":"Lagh Dera system","upstream_km2":581.4,"strahler":2,"length_km":9.62,"near_town":"Habaswein","dist_town_km":53.8,"flooded_2023":true,"flooded_2024":null},"geometry":{"type":"LineString","coordinates":[[39.7108,0.5789],[39.7186,0.5733],[39.7197,0.57],[39.7231,0.5711],[39.7253,0.5689],[39.7186,0.5611],[39.7186,0.5578],[39.7231,0.5522],[39.7219,0.5489],[39.7253,0.5455],[39.7408,0.5389],[39.7497,0.5267]]}},{"type":"Feature","properties":{"id":"LG-0096","lagha_class":"III – Medium lagha (100–500 km²)","ff_hazard":"Low","ff_index":16.3,"system":"Lagh Dera system","upstream_km2":281.8,"strahler":2,"length_km":17.61,"near_town":"Mado Gashi","dist_town_km":20.2,"flooded_2023":false,"flooded_2024":null},"geometry":{"type":"LineString","coordinates":[[39.3197,0.6178],[39.3231,0.6211],[39.3319,0.6244],[39.3364,0.6322],[39.3353,0.6333],[39.3442,0.6411],[39.3486,0.6433],[39.3497,0.6422],[39.3542,0.6455],[39.3653,0.6444],[39.3697,0.65],[39.3731,0.6489],[39.3731,0.6467],[39.3764,0.65],[39.3808,0.6489],[39.3831,0.6411],[39.3908,0.6433],[39.3908,0.6455],[39.3964,0.6489],[39.3997,0.6489],[39.4053,0.6456],[39.4064,0.6411],[39.4153,0.6355],[39.4175,0.6389],[39.4242,0.64]]}},{"type":"Feature","properties":{"id":"LG-0098","lagha_class":"III – Medium lagha (100–500 km²)","ff_hazard":"Low","ff_index":13.5,"system":"Lagh Dera system","upstream_km2":201.4,"strahler":2,"length_km":1.31,"near_town":"Mado Gashi","dist_town_km":16.2,"flooded_2023":false,"flooded_2024":null},"geometry":{"type":"LineString","coordinates":[[39.3053,0.6667],[39.3108,0.6633],[39.312,0.6589]]}},{"type":"Feature","properties":{"id":"LG-0099","lagha_class":"III – Medium lagha (100–500 km²)","ff_hazard":"Low","ff_index":15.3,"system":"Lagh Dera system","upstream_km2":237.3,"strahler":2,"length_km":3.23,"near_town":"Mado Gashi","dist_town_km":17.2,"flooded_2023":false,"flooded_2024":null},"geometry":{"type":"LineString","coordinates":[[39.312,0.6589],[39.3153,0.66],[39.3197,0.6567],[39.3275,0.6567],[39.3353,0.6511]]}},{"type":"Feature","properties":{"id":"LG-0100","lagha_class":"III – Medium lagha (100–500 km²)","ff_hazard":"Low","ff_index":15.8,"system":"Lagh Dera system","upstream_km2":281.8,"strahler":2,"length_km":13.06,"near_town":"Mado Gashi","dist_town_km":19.9,"flooded_2023":false,"flooded_2024":null},"geometry":{"type":"LineString","coordinates":[[39.3353,0.6511],[39.3386,0.6511],[39.3486,0.6578],[39.3508,0.6567],[39.3564,0.6622],[39.3619,0.66],[39.3642,0.6611],[39.3664,0.6589],[39.3686,0.6622],[39.3708,0.6622],[39.3842,0.6544],[39.3875,0.6578],[39.3897,0.6544],[39.3975,0.6544],[39.3997,0.6511],[39.4042,0.6522],[39.4119,0.65],[39.4175,0.6455],[39.4186,0.6467],[39.4242,0.64]]}},{"type":"Feature","properties":{"id":"LG-0101","lagha_class":"III – Medium lagha (100–500 km²)","ff_hazard":"High","ff_index":29.4,"system":"Lagh Dera system","upstream_km2":336.3,"strahler":2,"length_km":7.65,"near_town":"Mado Gashi","dist_town_km":29.6,"flooded_2023":false,"flooded_2024":null},"geometry":{"type":"LineString","coordinates":[[39.4242,0.64],[39.4275,0.6367],[39.4297,0.6389],[39.4342,0.6367],[39.4397,0.6311],[39.4442,0.6333],[39.4508,0.6311],[39.4542,0.6344],[39.4564,0.6322],[39.4553,0.6311],[39.4608,0.6267],[39.4675,0.6278],[39.4719,0.6222]]}},{"type":"Feature","properties":{"id":"LG-0103","lagha_class":"II – Large lagha (500–2,000 km²)","ff_hazard":"Moderate","ff_index":22.8,"system":"Lagh Dera system","upstream_km2":951.8,"strahler":4,"length_km":23.45,"near_town":"Mado Gashi","dist_town_km":4.5,"flooded_2023":false,"flooded_2024":null},"geometry":{"type":"LineString","coordinates":[[39.0053,0.6011],[39.0119,0.6056],[39.0131,0.6044],[39.0186,0.61],[39.0186,0.6122],[39.0286,0.6233],[39.0286,0.6278],[39.0342,0.6344],[39.0386,0.6355],[39.0419,0.6333],[39.0464,0.6389],[39.0564,0.64],[39.0608,0.6456],[39.0697,0.6489],[39.0708,0.6544],[39.0742,0.6544],[39.0797,0.66],[39.0831,0.6589],[39.0864,0.6633],[39.0886,0.6622],[39.0964,0.67],[39.0953,0.6733],[39.0975,0.6744],[39.0975,0.6778],[39.1031,0.6767],[39.1075,0.6822],[39.1108,0.6811],[39.1131,0.6833],[39.1186,0.6833],[39.1219,0.6867],[39.1242,0.6944],[39.1308,0.6967],[39.1375,0.6956],[39.1386,0.7]]}},{"type":"Feature","properties":{"id":"LG-0107","lagha_class":"II – Large lagha (500–2,000 km²)","ff_hazard":"High","ff_index":28.1,"system":"Lagh Dera system","upstream_km2":585.5,"strahler":2,"length_km":9.97,"near_town":"Habaswein","dist_town_km":55.9,"flooded_2023":true,"flooded_2024":null},"geometry":{"type":"LineString","coordinates":[[39.7331,0.5689],[39.7342,0.5622],[39.7408,0.5567],[39.7431,0.55],[39.7553,0.54],[39.7531,0.5367],[39.7553,0.5333],[39.7542,0.5311],[39.7575,0.5278],[39.7631,0.53],[39.7631,0.5244],[39.7664,0.5211],[39.7731,0.5222],[39.7753,0.5155]]}},{"type":"Feature","properties":{"id":"LG-0109","lagha_class":"II – Large lagha (500–2,000 km²)","ff_hazard":"High","ff_index":29.4,"system":"Lagh Dera system","upstream_km2":660.7,"strahler":3,"length_km":6.15,"near_town":"Mado Gashi","dist_town_km":41.5,"flooded_2023":true,"flooded_2024":null},"geometry":{"type":"LineString","coordinates":[[39.5108,0.5678],[39.5153,0.5655],[39.5219,0.5656],[39.5242,0.5689],[39.5286,0.5689],[39.5308,0.5733],[39.5331,0.5711],[39.5375,0.5756],[39.5442,0.5789],[39.5486,0.5789],[39.5508,0.5844]]}},{"type":"Feature","properties":{"id":"LG-0112","lagha_class":"III – Medium lagha (100–500 km²)","ff_hazard":"Low","ff_index":15.2,"system":"Lagh Dera system","upstream_km2":336.3,"strahler":2,"length_km":1.76,"near_town":"Mado Gashi","dist_town_km":34.2,"flooded_2023":false,"flooded_2024":null},"geometry":{"type":"LineString","coordinates":[[39.4608,0.6211],[39.4631,0.6189],[39.4675,0.6233],[39.4719,0.6222]]}},{"type":"Feature","properties":{"id":"LG-0113","lagha_class":"III – Medium lagha (100–500 km²)","ff_hazard":"Moderate","ff_index":27.2,"system":"Lagh Dera system","upstream_km2":433.7,"strahler":3,"length_km":5.46,"near_town":"Mado Gashi","dist_town_km":35.3,"flooded_2023":true,"flooded_2024":null},"geometry":{"type":"LineString","coordinates":[[39.4719,0.6222],[39.4731,0.62],[39.4764,0.62],[39.4797,0.6233],[39.4842,0.6233],[39.4875,0.6267],[39.492,0.6278],[39.4931,0.63],[39.4897,0.6355],[39.4942,0.64],[39.4953,0.6455]]}},{"type":"Feature","properties":{"id":"LG-0114","lagha_class":"III – Medium lagha (100–500 km²)","ff_hazard":"High","ff_index":27.7,"system":"Lagh Dera system","upstream_km2":456.1,"strahler":3,"length_km":0.82,"near_town":"Mado Gashi","dist_town_km":37.1,"flooded_2023":true,"flooded_2024":null},"geometry":{"type":"LineString","coordinates":[[39.4953,0.6455],[39.5008,0.65]]}},{"type":"Feature","properties":{"id":"LG-0115","lagha_class":"II – Large lagha (500–2,000 km²)","ff_hazard":"High","ff_index":29.1,"system":"Lagh Dera system","upstream_km2":754.1,"strahler":4,"length_km":10.95,"near_town":"Mado Gashi","dist_town_km":37.6,"flooded_2023":true,"flooded_2024":null},"geometry":{"type":"LineString","coordinates":[[39.5008,0.65],[39.5119,0.6533],[39.5264,0.6422],[39.5264,0.64],[39.5242,0.6411],[39.5219,0.6378],[39.5297,0.6333],[39.5286,0.63],[39.532,0.6267],[39.5286,0.6222],[39.5397,0.6133],[39.5375,0.6089],[39.5375,0.6]]}},{"type":"Feature","properties":{"id":"LG-0116","lagha_class":"II – Large lagha (500–2,000 km²)","ff_hazard":"High","ff_index":29.2,"system":"Lagh Dera system","upstream_km2":791.8,"strahler":4,"length_km":4.83,"near_town":"Mado Gashi","dist_town_km":43.0,"flooded_2023":true,"flooded_2024":null},"geometry":{"type":"LineString","coordinates":[[39.5375,0.6],[39.5386,0.5967],[39.5408,0.6011],[39.5464,0.6],[39.5542,0.6033],[39.5553,0.5989],[39.5597,0.5944],[39.5597,0.5889]]}},{"type":"Feature","properties":{"id":"LG-0119","lagha_class":"IV – Minor lagha / gully (15–100 km²)","ff_hazard":"Low","ff_index":10.6,"system":"Local ephemeral drainage","upstream_km2":67.2,"strahler":2,"length_km":6.0,"near_town":"Benane","dist_town_km":13.4,"flooded_2023":false,"flooded_2024":null},"geometry":{"type":"LineString","coordinates":[[38.7722,0.56],[38.7753,0.5611],[38.7753,0.5628]]}},{"type":"Feature","properties":{"id":"LG-0120","lagha_class":"III – Medium lagha (100–500 km²)","ff_hazard":"Low","ff_index":13.5,"system":"Lagh Dera system","upstream_km2":133.8,"strahler":3,"length_km":6.26,"near_town":"Benane","dist_town_km":17.3,"flooded_2023":false,"flooded_2024":null},"geometry":{"type":"LineString","coordinates":[[38.7963,0.59],[38.7975,0.5889],[38.7986,0.5911],[38.8108,0.5978],[38.812,0.5967],[38.8164,0.6022],[38.8153,0.6056],[38.825,0.612]]}},{"type":"Feature","properties":{"id":"LG-0121","lagha_class":"III – Medium lagha (100–500 km²)","ff_hazard":"High","ff_index":28.1,"system":"Lagh Dera system","upstream_km2":231.3,"strahler":3,"length_km":15.78,"near_town":"Benane","dist_town_km":23.8,"flooded_2023":false,"flooded_2024":null},"geometry":{"type":"MultiLineString","coordinates":[[[38.8445,0.623],[38.8475,0.6211],[38.849,0.6251]],[[38.8536,0.6267],[38.8557,0.6271]],[[38.861,0.6276],[38.8664,0.6256],[38.8713,0.6283]],[[38.9111,0.6363],[38.9131,0.6344],[38.9153,0.6355],[38.9231,0.6333],[38.9297,0.6256],[38.9353,0.6289],[38.9397,0.6289]]]}},{"type":"Feature","properties":{"id":"LG-0122","lagha_class":"I – Major lagha (≥2,000 km²)","ff_hazard":"High","ff_index":35.8,"system":"Lagh Dera system","upstream_km2":3611.9,"strahler":4,"length_km":1.84,"near_town":"Mado Gashi","dist_town_km":52.2,"flooded_2023":true,"flooded_2024":null},"geometry":{"type":"LineString","coordinates":[[39.6064,0.5478],[39.6097,0.5444],[39.6097,0.54],[39.6153,0.5422]]}},{"type":"Feature","properties":{"id":"LG-0123","lagha_class":"IV – Minor lagha / gully (15–100 km²)","ff_hazard":"Low","ff_index":12.5,"system":"Local ephemeral drainage","upstream_km2":63.4,"strahler":2,"length_km":2.5,"near_town":"Benane","dist_town_km":27.7,"flooded_2023":false,"flooded_2024":null},"geometry":{"type":"LineString","coordinates":[[38.9131,0.5444],[38.9108,0.5455],[38.9131,0.5489],[38.9119,0.5622]]}},{"type":"Feature","properties":{"id":"LG-0124","lagha_class":"II – Large lagha (500–2,000 km²)","ff_hazard":"Moderate","ff_index":20.6,"system":"Lagh Dera system","upstream_km2":834.6,"strahler":3,"length_km":3.52,"near_town":"Habaswein","dist_town_km":67.2,"flooded_2023":false,"flooded_2024":null},"geometry":{"type":"LineString","coordinates":[[39.8297,0.5091],[39.8286,0.5067],[39.8242,0.5056],[39.8264,0.5044],[39.8253,0.5011],[39.8186,0.4956]]}},{"type":"Feature","properties":{"id":"LG-0125","lagha_class":"IV – Minor lagha / gully (15–100 km²)","ff_hazard":"Low","ff_index":15.3,"system":"Lagh Dera system","upstream_km2":83.6,"strahler":2,"length_km":2.13,"near_town":"Benane","dist_town_km":2.8,"flooded_2023":false,"flooded_2024":null},"geometry":{"type":"LineString","coordinates":[[38.6405,0.5281],[38.6464,0.5222]]}},{"type":"Feature","properties":{"id":"LG-0127","lagha_class":"IV – Minor lagha / gully (15–100 km²)","ff_hazard":"Low","ff_index":6.2,"system":"Lagh Dera system","upstream_km2":46.2,"strahler":2,"length_km":3.33,"near_town":"Habaswein","dist_town_km":62.2,"flooded_2023":false,"flooded_2024":null},"geometry":{"type":"LineString","coordinates":[[39.7775,0.5289],[39.782,0.5255],[39.7854,0.5257]]}},{"type":"Feature","properties":{"id":"LG-0128","lagha_class":"IV – Minor lagha / gully (15–100 km²)","ff_hazard":"Low","ff_index":9.4,"system":"Local ephemeral drainage","upstream_km2":86.1,"strahler":2,"length_km":0.84,"near_town":"Habaswein","dist_town_km":64.8,"flooded_2023":false,"flooded_2024":null},"geometry":{"type":"LineString","coordinates":[[39.7999,0.5154],[39.8008,0.5122]]}},{"type":"Feature","properties":{"id":"LG-0129","lagha_class":"III – Medium lagha (100–500 km²)","ff_hazard":"High","ff_index":35.0,"system":"Lagh Dera system","upstream_km2":346.8,"strahler":2,"length_km":3.17,"near_town":"Mado Gashi","dist_town_km":22.1,"flooded_2023":false,"flooded_2024":null},"geometry":{"type":"LineString","coordinates":[[39.2531,0.54],[39.2564,0.5433],[39.2653,0.5411],[39.2731,0.5444],[39.2731,0.5478]]}},{"type":"Feature","properties":{"id":"LG-0130","lagha_class":"IV – Minor lagha / gully (15–100 km²)","ff_hazard":"Low","ff_index":8.6,"system":"Lagh Dera system","upstream_km2":64.4,"strahler":2,"length_km":3.94,"near_town":"Dadaab","dist_town_km":66.9,"flooded_2023":false,"flooded_2024":null},"geometry":{"type":"LineString","coordinates":[[39.8739,0.4933],[39.8719,0.4922],[39.8786,0.4867],[39.8786,0.4811],[39.8731,0.4755]]}},{"type":"Feature","properties":{"id":"LG-0132","lagha_class":"II – Large lagha (500–2,000 km²)","ff_hazard":"Moderate","ff_index":22.4,"system":"Lagh Dera system","upstream_km2":876.2,"strahler":4,"length_km":12.08,"near_town":"Mado Gashi","dist_town_km":24.5,"flooded_2023":false,"flooded_2024":null},"geometry":{"type":"LineString","coordinates":[[38.9119,0.5622],[38.9153,0.5667],[38.9175,0.5656],[38.9208,0.5689],[38.9208,0.5733],[38.9275,0.5789],[38.9264,0.5822],[38.9286,0.5844],[38.9297,0.5833],[38.9319,0.5856],[38.9353,0.5856],[38.9364,0.5878],[38.9397,0.5878],[38.9442,0.5922],[38.9431,0.5967],[38.9475,0.5978],[38.9553,0.6067],[38.962,0.6067],[38.9642,0.61],[38.9686,0.6089],[38.9697,0.6067],[38.9797,0.6144]]}},{"type":"Feature","properties":{"id":"LG-0133","lagha_class":"II – Large lagha (500–2,000 km²)","ff_hazard":"Moderate","ff_index":17.4,"system":"Lagh Dera system","upstream_km2":581.4,"strahler":2,"length_km":2.96,"near_town":"Habaswein","dist_town_km":60.2,"flooded_2023":false,"flooded_2024":null},"geometry":{"type":"LineString","coordinates":[[39.7297,0.5233],[39.7331,0.52],[39.7397,0.5178],[39.7497,0.5267]]}},{"type":"Feature","properties":{"id":"LG-0134","lagha_class":"II – Large lagha (500–2,000 km²)","ff_hazard":"Moderate","ff_index":17.7,"system":"Lagh Dera system","upstream_km2":585.5,"strahler":2,"length_km":4.64,"near_town":"Habaswein","dist_town_km":60.9,"flooded_2023":false,"flooded_2024":null},"geometry":{"type":"LineString","coordinates":[[39.7497,0.5267],[39.7531,0.5256],[39.7564,0.5178],[39.7597,0.5189],[39.7631,0.5155],[39.7631,0.5111],[39.7753,0.5155]]}},{"type":"Feature","properties":{"id":"LG-0135","lagha_class":"II – Large lagha (500–2,000 km²)","ff_hazard":"Moderate","ff_index":18.2,"system":"Lagh Dera system","upstream_km2":664.1,"strahler":3,"length_km":4.62,"near_town":"Habaswein","dist_town_km":63.4,"flooded_2023":false,"flooded_2024":null},"geometry":{"type":"LineString","coordinates":[[39.7753,0.5155],[39.7775,0.5133],[39.7764,0.5089],[39.7786,0.5056],[39.7919,0.51],[39.7953,0.5144],[39.7975,0.5122],[39.8008,0.5122]]}},{"type":"Feature","properties":{"id":"LG-0136","lagha_class":"II – Large lagha (500–2,000 km²)","ff_hazard":"Moderate","ff_index":19.0,"system":"Lagh Dera system","upstream_km2":834.6,"strahler":3,"length_km":3.23,"near_town":"Habaswein","dist_town_km":65.2,"flooded_2023":false,"flooded_2024":null},"geometry":{"type":"LineString","coordinates":[[39.8008,0.5122],[39.8086,0.5044],[39.8075,0.5033],[39.8097,0.5],[39.8186,0.4956]]}},{"type":"Feature","properties":{"id":"LG-0137","lagha_class":"II – Large lagha (500–2,000 km²)","ff_hazard":"Moderate","ff_index":19.5,"system":"Lagh Dera system","upstream_km2":868.3,"strahler":3,"length_km":19.55,"near_town":"Dadaab","dist_town_km":60.2,"flooded_2023":false,"flooded_2024":null},"geometry":{"type":"LineString","coordinates":[[39.8186,0.4956],[39.8186,0.49],[39.8219,0.4855],[39.8197,0.4833],[39.8242,0.4811],[39.8242,0.4789],[39.8186,0.4733],[39.8231,0.4656],[39.8275,0.4656],[39.8319,0.46],[39.8353,0.4611],[39.8486,0.4511],[39.8619,0.4533],[39.8708,0.4467],[39.8742,0.4489],[39.8808,0.4489],[39.8842,0.4444],[39.8886,0.4433],[39.8864,0.44],[39.8897,0.4344],[39.8953,0.4367],[39.8975,0.4411],[39.9097,0.4311],[39.9119,0.4344],[39.9142,0.4322],[39.9175,0.4333]]}},{"type":"Feature","properties":{"id":"LG-0139","lagha_class":"III – Medium lagha (100–500 km²)","ff_hazard":"Moderate","ff_index":19.8,"system":"Lagh Dera system","upstream_km2":493.5,"strahler":3,"length_km":16.6,"near_town":"Benane","dist_town_km":15.0,"flooded_2023":false,"flooded_2024":null},"geometry":{"type":"LineString","coordinates":[[38.7997,0.5167],[38.8031,0.5167],[38.8042,0.52],[38.8108,0.5244],[38.8142,0.5233],[38.8286,0.5389],[38.8397,0.5444],[38.8453,0.5511],[38.8442,0.5522],[38.8464,0.5578],[38.8475,0.5567],[38.852,0.56],[38.8542,0.5589],[38.8642,0.5689],[38.8653,0.5678],[38.8708,0.5733],[38.8731,0.5856],[38.8808,0.59],[38.8831,0.5922],[38.882,0.5944],[38.8897,0.6011]]}},{"type":"Feature","properties":{"id":"LG-0141","lagha_class":"I – Major lagha (≥2,000 km²)","ff_hazard":"Very High","ff_index":37.4,"system":"Lagh Dera system","upstream_km2":3708.3,"strahler":4,"length_km":2.71,"near_town":"Mado Gashi","dist_town_km":55.1,"flooded_2023":true,"flooded_2024":null},"geometry":{"type":"LineString","coordinates":[[39.6253,0.5244],[39.6286,0.5244],[39.6286,0.5222],[39.6331,0.5178],[39.6419,0.5133]]}},{"type":"Feature","properties":{"id":"LG-0142","lagha_class":"III – Medium lagha (100–500 km²)","ff_hazard":"Low","ff_index":13.0,"system":"Lagh Dera system","upstream_km2":139.2,"strahler":2,"length_km":8.62,"near_town":"Mado Gashi","dist_town_km":36.9,"flooded_2023":false,"flooded_2024":null},"geometry":{"type":"LineString","coordinates":[[39.4431,0.5156],[39.4408,0.52],[39.4442,0.5233],[39.4442,0.5289],[39.4519,0.5389],[39.4519,0.5444],[39.4542,0.5489],[39.4586,0.5511],[39.4597,0.5555],[39.4686,0.5578],[39.4708,0.5644],[39.4764,0.57]]}},{"type":"Feature","properties":{"id":"LG-0143","lagha_class":"III – Medium lagha (100–500 km²)","ff_hazard":"Moderate","ff_index":17.7,"system":"Lagh Dera system","upstream_km2":268.3,"strahler":2,"length_km":7.47,"near_town":"Mado Gashi","dist_town_km":20.9,"flooded_2023":false,"flooded_2024":null},"geometry":{"type":"LineString","coordinates":[[39.1842,0.5133],[39.1886,0.5189],[39.1931,0.5178],[39.2008,0.53],[39.2053,0.5322],[39.2108,0.5389],[39.2153,0.5389],[39.2197,0.5356],[39.2219,0.5378],[39.2242,0.5367],[39.2286,0.5411],[39.2275,0.5422]]}},{"type":"Feature","properties":{"id":"LG-0145","lagha_class":"III – Medium lagha (100–500 km²)","ff_hazard":"High","ff_index":34.5,"system":"Lagh Dera system","upstream_km2":122.3,"strahler":2,"length_km":3.57,"near_town":"Benane","dist_town_km":0.1,"flooded_2023":false,"flooded_2024":null},"geometry":{"type":"LineString","coordinates":[[38.6464,0.5222],[38.6531,0.5167],[38.6542,0.5122],[38.6586,0.5089],[38.6619,0.51],[38.6642,0.5067],[38.6675,0.5056]]}},{"type":"Feature","properties":{"id":"LG-0147","lagha_class":"IV – Minor lagha / gully (15–100 km²)","ff_hazard":"Low","ff_index":7.3,"system":"Lagh Dera system","upstream_km2":34.1,"strahler":2,"length_km":2.75,"near_town":"Dadaab","dist_town_km":65.4,"flooded_2023":false,"flooded_2024":null},"geometry":{"type":"LineString","coordinates":[[39.8986,0.4903],[39.8986,0.4833],[39.8942,0.4811],[39.8919,0.4756]]}},{"type":"Feature","properties":{"id":"LG-0148","lagha_class":"IV – Minor lagha / gully (15–100 km²)","ff_hazard":"Low","ff_index":6.9,"system":"Lagh Dera system","upstream_km2":34.1,"strahler":2,"length_km":3.5,"near_town":"Dadaab","dist_town_km":64.7,"flooded_2023":false,"flooded_2024":null},"geometry":{"type":"LineString","coordinates":[[39.9131,0.4878],[39.9075,0.4844],[39.9042,0.4789],[39.8997,0.4811],[39.8975,0.4767],[39.8964,0.4778],[39.8919,0.4756]]}},{"type":"Feature","properties":{"id":"LG-0149","lagha_class":"IV – Minor lagha / gully (15–100 km²)","ff_hazard":"Low","ff_index":9.4,"system":"Lagh Dera system","upstream_km2":91.2,"strahler":2,"length_km":0.7,"near_town":"Dadaab","dist_town_km":65.2,"flooded_2023":false,"flooded_2024":null},"geometry":{"type":"LineString","coordinates":[[39.8919,0.4756],[39.8931,0.4744],[39.8897,0.4711]]}},{"type":"Feature","properties":{"id":"LG-0151","lagha_class":"III – Medium lagha (100–500 km²)","ff_hazard":"Low","ff_index":11.9,"system":"Lagh Dera system","upstream_km2":122.1,"strahler":2,"length_km":5.66,"near_town":"Mado Gashi","dist_town_km":35.4,"flooded_2023":false,"flooded_2024":null},"geometry":{"type":"LineString","coordinates":[[39.4264,0.5322],[39.4342,0.5422],[39.4375,0.5433],[39.4397,0.5411],[39.4475,0.5467],[39.4475,0.5544],[39.4531,0.5589],[39.4542,0.5622]]}},{"type":"Feature","properties":{"id":"LG-0152","lagha_class":"III – Medium lagha (100–500 km²)","ff_hazard":"Low","ff_index":11.1,"system":"Lagh Dera system","upstream_km2":139.2,"strahler":2,"length_km":3.87,"near_town":"Mado Gashi","dist_town_km":36.2,"flooded_2023":false,"flooded_2024":null},"geometry":{"type":"LineString","coordinates":[[39.4542,0.5622],[39.4642,0.57],[39.4697,0.5711],[39.4719,0.5756],[39.4753,0.5733],[39.4764,0.57]]}},{"type":"Feature","properties":{"id":"LG-0153","lagha_class":"III – Medium lagha (100–500 km²)","ff_hazard":"Moderate","ff_index":18.1,"system":"Lagh Dera system","upstream_km2":438.6,"strahler":2,"length_km":2.38,"near_town":"Mado Gashi","dist_town_km":38.0,"flooded_2023":false,"flooded_2024":null},"geometry":{"type":"LineString","coordinates":[[39.4764,0.57],[39.4786,0.5722],[39.4808,0.5711],[39.4819,0.5744],[39.4908,0.58]]}},{"type":"Feature","properties":{"id":"LG-0155","lagha_class":"III – Medium lagha (100–500 km²)","ff_hazard":"Low","ff_index":16.0,"system":"Lagh Dera system","upstream_km2":268.3,"strahler":2,"length_km":7.0,"near_town":"Mado Gashi","dist_town_km":19.1,"flooded_2023":false,"flooded_2024":null},"geometry":{"type":"LineString","coordinates":[[39.1753,0.5489],[39.1797,0.5511],[39.1986,0.5478],[39.2042,0.55],[39.2108,0.5433],[39.2208,0.54],[39.2264,0.5433],[39.2275,0.5422]]}},{"type":"Feature","properties":{"id":"LG-0156","lagha_class":"III – Medium lagha (100–500 km²)","ff_hazard":"High","ff_index":34.5,"system":"Lagh Dera system","upstream_km2":346.8,"strahler":2,"length_km":6.45,"near_town":"Mado Gashi","dist_town_km":20.7,"flooded_2023":false,"flooded_2024":null},"geometry":{"type":"LineString","coordinates":[[39.2275,0.5422],[39.2331,0.5467],[39.2408,0.5489],[39.2586,0.5489],[39.2597,0.5456],[39.2686,0.5455],[39.2719,0.5489],[39.2731,0.5478]]}},{"type":"Feature","properties":{"id":"LG-0157","lagha_class":"III – Medium lagha (100–500 km²)","ff_hazard":"Very High","ff_index":47.2,"system":"Lagh Dera system","upstream_km2":415.7,"strahler":2,"length_km":28.77,"near_town":"Mado Gashi","dist_town_km":22.3,"flooded_2023":true,"flooded_2024":null},"geometry":{"type":"LineString","coordinates":[[39.2731,0.5478],[39.2764,0.5522],[39.2797,0.5522],[39.2875,0.56],[39.2919,0.5567],[39.2986,0.5633],[39.3008,0.5622],[39.3053,0.5655],[39.3086,0.5644],[39.3131,0.5711],[39.3164,0.5722],[39.3197,0.5689],[39.3275,0.5689],[39.3331,0.5722],[39.3419,0.5678],[39.3453,0.5711],[39.352,0.5711],[39.3564,0.5733],[39.3586,0.58],[39.3631,0.58],[39.3675,0.5767],[39.382,0.58],[39.3897,0.5756],[39.3986,0.5811],[39.4019,0.5789],[39.4042,0.5811],[39.4075,0.58],[39.4086,0.5822],[39.4153,0.5789],[39.4175,0.5822],[39.4253,0.5822],[39.4342,0.5911],[39.4375,0.5911],[39.4419,0.5878],[39.4464,0.59],[39.4531,0.5867],[39.4564,0.59],[39.4675,0.5867]]}},{"type":"Feature","properties":{"id":"LG-0158","lagha_class":"III – Medium lagha (100–500 km²)","ff_hazard":"Moderate","ff_index":27.6,"system":"Lagh Dera system","upstream_km2":437.7,"strahler":2,"length_km":3.1,"near_town":"Mado Gashi","dist_town_km":36.3,"flooded_2023":true,"flooded_2024":null},"geometry":{"type":"LineString","coordinates":[[39.4675,0.5867],[39.4764,0.5833],[39.4875,0.5833],[39.4908,0.58]]}},{"type":"Feature","properties":{"id":"LG-0159","lagha_class":"II – Large lagha (500–2,000 km²)","ff_hazard":"High","ff_index":28.9,"system":"Lagh Dera system","upstream_km2":660.7,"strahler":3,"length_km":9.88,"near_town":"Mado Gashi","dist_town_km":39.0,"flooded_2023":true,"flooded_2024":null},"geometry":{"type":"LineString","coordinates":[[39.4908,0.58],[39.4942,0.5822],[39.5042,0.5811],[39.5075,0.5844],[39.5142,0.5833],[39.5153,0.5867],[39.5197,0.59],[39.5175,0.5944],[39.5253,0.5989],[39.5275,0.5933],[39.5353,0.5922],[39.5442,0.5878],[39.5486,0.5833],[39.5508,0.5844]]}},{"type":"Feature","properties":{"id":"LG-0160","lagha_class":"II – Large lagha (500–2,000 km²)","ff_hazard":"High","ff_index":28.0,"system":"Lagh Dera system","upstream_km2":661.6,"strahler":3,"length_km":1.47,"near_town":"Mado Gashi","dist_town_km":45.0,"flooded_2023":true,"flooded_2024":null},"geometry":{"type":"LineString","coordinates":[[39.5508,0.5844],[39.5553,0.5856],[39.5586,0.59],[39.5597,0.5889]]}},{"type":"Feature","properties":{"id":"LG-0161","lagha_class":"II – Large lagha (500–2,000 km²)","ff_hazard":"High","ff_index":31.9,"system":"Lagh Dera system","upstream_km2":1474.9,"strahler":4,"length_km":4.94,"near_town":"Mado Gashi","dist_town_km":45.7,"flooded_2023":true,"flooded_2024":null},"geometry":{"type":"LineString","coordinates":[[39.5597,0.5889],[39.5608,0.5867],[39.5653,0.5878],[39.5708,0.5844],[39.5808,0.5856],[39.5864,0.5789],[39.5831,0.5722],[39.5842,0.5711]]}},{"type":"Feature","properties":{"id":"LG-0163","lagha_class":"IV – Minor lagha / gully (15–100 km²)","ff_hazard":"Low","ff_index":9.0,"system":"Lagh Dera system","upstream_km2":91.2,"strahler":2,"length_km":2.51,"near_town":"Dadaab","dist_town_km":65.3,"flooded_2023":false,"flooded_2024":null},"geometry":{"type":"LineString","coordinates":[[39.8731,0.4755],[39.8753,0.4733],[39.8764,0.4744],[39.8786,0.4711],[39.8808,0.4733],[39.8886,0.4733],[39.8897,0.4711]]}},{"type":"Feature","properties":{"id":"LG-0164","lagha_class":"III – Medium lagha (100–500 km²)","ff_hazard":"Low","ff_index":11.4,"system":"Lagh Dera system","upstream_km2":153.5,"strahler":3,"length_km":8.16,"near_town":"Dadaab","dist_town_km":60.2,"flooded_2023":false,"flooded_2024":null},"geometry":{"type":"LineString","coordinates":[[39.8897,0.4711],[39.8875,0.4678],[39.8886,0.4633],[39.8908,0.4622],[39.8942,0.4656],[39.8964,0.4611],[39.8986,0.4611],[39.9042,0.4556],[39.9008,0.4522],[39.9064,0.4444],[39.9053,0.4433],[39.9108,0.4389],[39.9142,0.4422],[39.9153,0.4389],[39.9175,0.4389],[39.9186,0.4367],[39.9175,0.4333]]}},{"type":"Feature","properties":{"id":"LG-0165","lagha_class":"II – Large lagha (500–2,000 km²)","ff_hazard":"High","ff_index":30.7,"system":"Lagh Dera system","upstream_km2":1059.8,"strahler":4,"length_km":9.65,"near_town":"Dadaab","dist_town_km":53.4,"flooded_2023":true,"flooded_2024":null},"geometry":{"type":"LineString","coordinates":[[39.9175,0.4333],[39.9197,0.43],[39.9264,0.43],[39.9375,0.4233],[39.9408,0.42],[39.9408,0.4144],[39.9531,0.4167],[39.9564,0.4144],[39.9575,0.41],[39.9642,0.4133],[39.9764,0.4078],[39.9786,0.4089]]}},{"type":"Feature","properties":{"id":"LG-0168","lagha_class":"III – Medium lagha (100–500 km²)","ff_hazard":"High","ff_index":33.6,"system":"Lagh Dera system","upstream_km2":382.4,"strahler":3,"length_km":8.97,"near_town":"Benane","dist_town_km":8.9,"flooded_2023":false,"flooded_2024":null},"geometry":{"type":"LineString","coordinates":[[38.7386,0.4744],[38.7531,0.49],[38.7519,0.4911],[38.7564,0.4989],[38.7642,0.5067],[38.7653,0.5056],[38.7686,0.51],[38.7719,0.5111],[38.7708,0.5156],[38.7764,0.5156],[38.7797,0.5189],[38.7797,0.5256]]}},{"type":"Feature","properties":{"id":"LG-0170","lagha_class":"III – Medium lagha (100–500 km²)","ff_hazard":"Low","ff_index":15.2,"system":"Lagh Dera system","upstream_km2":249.2,"strahler":3,"length_km":9.01,"near_town":"Dadaab","dist_town_km":46.3,"flooded_2023":false,"flooded_2024":null},"geometry":{"type":"LineString","coordinates":[[40.0604,0.4215],[40.0575,0.4155],[40.0586,0.4144],[40.0553,0.4111],[40.0553,0.3989],[40.0519,0.3956],[40.0519,0.39]]}},{"type":"Feature","properties":{"id":"LG-0174","lagha_class":"II – Large lagha (500–2,000 km²)","ff_hazard":"High","ff_index":32.2,"system":"Lagh Dera system","upstream_km2":1441.1,"strahler":4,"length_km":13.92,"near_town":"Dadaab","dist_town_km":44.3,"flooded_2023":true,"flooded_2024":null},"geometry":{"type":"LineString","coordinates":[[39.9786,0.4089],[39.9875,0.4144],[39.9975,0.41],[39.9997,0.4078],[39.9986,0.4022],[40.0031,0.3978],[39.9997,0.3933],[40.0042,0.3889],[40.0142,0.3867],[40.0219,0.3789],[40.0286,0.3767],[40.032,0.3778],[40.0353,0.3744],[40.0364,0.3755],[40.0431,0.3689],[40.0497,0.37],[40.0519,0.3678],[40.0564,0.3744],[40.0608,0.3744]]}},{"type":"Feature","properties":{"id":"LG-0175","lagha_class":"II – Large lagha (500–2,000 km²)","ff_hazard":"Moderate","ff_index":19.3,"system":"Lagh Dera system","upstream_km2":556.9,"strahler":2,"length_km":6.52,"near_town":"Mado Gashi","dist_town_km":41.6,"flooded_2023":false,"flooded_2024":null},"geometry":{"type":"LineString","coordinates":[[39.4308,0.45],[39.4331,0.4511],[39.4331,0.4556],[39.4364,0.4589],[39.4375,0.4578],[39.4408,0.4611],[39.4442,0.46],[39.4531,0.4644],[39.4531,0.4678],[39.462,0.4789],[39.4642,0.4844]]}},{"type":"Feature","properties":{"id":"LG-0178","lagha_class":"III – Medium lagha (100–500 km²)","ff_hazard":"Moderate","ff_index":17.8,"system":"Lagh Dera system","upstream_km2":199.9,"strahler":2,"length_km":2.43,"near_town":"Benane","dist_town_km":25.4,"flooded_2023":false,"flooded_2024":null},"geometry":{"type":"LineString","coordinates":[[38.882,0.4333],[38.8875,0.4244],[38.8908,0.4222],[38.8908,0.4189],[38.8931,0.4167]]}},{"type":"Feature","properties":{"id":"LG-0179","lagha_class":"III – Medium lagha (100–500 km²)","ff_hazard":"Low","ff_index":14.5,"system":"Lagh Dera system","upstream_km2":249.2,"strahler":3,"length_km":9.05,"near_town":"Dadaab","dist_town_km":46.3,"flooded_2023":false,"flooded_2024":null},"geometry":{"type":"LineString","coordinates":[[40.0182,0.426],[40.0219,0.4233],[40.0264,0.4233],[40.0286,0.42],[40.0242,0.4089],[40.0331,0.4011],[40.0308,0.3978],[40.0386,0.3933],[40.0419,0.3933],[40.0475,0.3889],[40.0519,0.39]]}},{"type":"Feature","properties":{"id":"LG-0180","lagha_class":"II – Large lagha (500–2,000 km²)","ff_hazard":"Moderate","ff_index":22.2,"system":"Lagh Dera system","upstream_km2":1441.1,"strahler":4,"length_km":2.28,"near_town":"Dadaab","dist_town_km":44.3,"flooded_2023":false,"flooded_2024":null},"geometry":{"type":"LineString","coordinates":[[40.0519,0.39],[40.0553,0.3811],[40.0586,0.38],[40.0586,0.3767],[40.0608,0.3744]]}},{"type":"Feature","properties":{"id":"LG-0181","lagha_class":"II – Large lagha (500–2,000 km²)","ff_hazard":"Moderate","ff_index":22.2,"system":"Lagh Dera system","upstream_km2":1443.7,"strahler":4,"length_km":2.28,"near_town":"Dadaab","dist_town_km":42.6,"flooded_2023":false,"flooded_2024":null},"geometry":{"type":"LineString","coordinates":[[40.0608,0.3744],[40.0642,0.3711],[40.0686,0.3711],[40.0708,0.3667],[40.0753,0.3667]]}},{"type":"Feature","properties":{"id":"LG-0182","lagha_class":"III – Medium lagha (100–500 km²)","ff_hazard":"High","ff_index":33.2,"system":"Lagh Dera system","upstream_km2":116.7,"strahler":2,"length_km":7.0,"near_town":"Benane","dist_town_km":0.1,"flooded_2023":false,"flooded_2024":null},"geometry":{"type":"LineString","coordinates":[[38.6496,0.48],[38.6542,0.4833],[38.6542,0.4889],[38.6575,0.49],[38.6664,0.5],[38.6642,0.5022],[38.6675,0.5056]]}},{"type":"Feature","properties":{"id":"LG-0183","lagha_class":"III – Medium lagha (100–500 km²)","ff_hazard":"Very High","ff_index":38.2,"system":"Lagh Dera system","upstream_km2":239.7,"strahler":3,"length_km":0.89,"near_town":"Benane","dist_town_km":0.3,"flooded_2023":false,"flooded_2024":null},"geometry":{"type":"LineString","coordinates":[[38.6675,0.5056],[38.672,0.5067],[38.6742,0.5044]]}},{"type":"Feature","properties":{"id":"LG-0184","lagha_class":"III – Medium lagha (100–500 km²)","ff_hazard":"Very High","ff_index":38.3,"system":"Lagh Dera system","upstream_km2":382.4,"strahler":3,"length_km":16.83,"near_town":"Benane","dist_town_km":1.0,"flooded_2023":false,"flooded_2024":null},"geometry":{"type":"LineString","coordinates":[[38.6742,0.5044],[38.6775,0.5067],[38.6797,0.5056],[38.6842,0.51],[38.6875,0.5089],[38.6897,0.5122],[38.6931,0.5122],[38.6953,0.51],[38.6986,0.5122],[38.7019,0.51],[38.7097,0.5111],[38.712,0.5089],[38.7142,0.5111],[38.7175,0.5089],[38.7219,0.5122],[38.7231,0.5167],[38.7208,0.52],[38.7242,0.5233],[38.7308,0.5211],[38.7342,0.5178],[38.7386,0.5178],[38.7431,0.5222],[38.7475,0.5211],[38.7575,0.5111],[38.7575,0.5144],[38.7597,0.5167],[38.7664,0.5156],[38.7797,0.5256]]}},{"type":"Feature","properties":{"id":"LG-0185","lagha_class":"III – Medium lagha (100–500 km²)","ff_hazard":"Very High","ff_index":36.9,"system":"Lagh Dera system","upstream_km2":493.5,"strahler":3,"length_km":20.11,"near_town":"Benane","dist_town_km":13.0,"flooded_2023":false,"flooded_2024":null},"geometry":{"type":"LineString","coordinates":[[38.7797,0.5256],[38.7897,0.5355],[38.7931,0.5489],[38.7975,0.5489],[38.8019,0.5555],[38.8031,0.5544],[38.8075,0.5567],[38.8064,0.5589],[38.8097,0.5644],[38.8086,0.5667],[38.8186,0.5722],[38.8219,0.5767],[38.8275,0.5778],[38.8297,0.5822],[38.8275,0.5856],[38.8319,0.5922],[38.8397,0.5944],[38.8431,0.5989],[38.8453,0.5967],[38.8475,0.5989],[38.8542,0.5978],[38.8619,0.6022],[38.8664,0.6022],[38.8675,0.6],[38.8697,0.6],[38.8719,0.6033],[38.8753,0.6011],[38.8808,0.6022],[38.8831,0.6],[38.8864,0.6022],[38.8897,0.6011]]}},{"type":"Feature","properties":{"id":"LG-0186","lagha_class":"II – Large lagha (500–2,000 km²)","ff_hazard":"High","ff_index":31.6,"system":"Lagh Dera system","upstream_km2":505.1,"strahler":3,"length_km":10.67,"near_town":"Benane","dist_town_km":27.1,"flooded_2023":false,"flooded_2024":null},"geometry":{"type":"LineString","coordinates":[[38.8897,0.6011],[38.8908,0.6033],[38.8942,0.6022],[38.8964,0.6056],[38.8986,0.6022],[38.8975,0.6011],[38.9008,0.5989],[38.9108,0.6056],[38.9153,0.6033],[38.9142,0.6111],[38.9175,0.6133],[38.9186,0.6078],[38.922,0.61],[38.9253,0.6089],[38.9319,0.62],[38.9386,0.6244],[38.9375,0.6267],[38.9397,0.6289]]}},{"type":"Feature","properties":{"id":"LG-0187","lagha_class":"II – Large lagha (500–2,000 km²)","ff_hazard":"High","ff_index":34.4,"system":"Lagh Dera system","upstream_km2":876.2,"strahler":4,"length_km":6.18,"near_town":"Mado Gashi","dist_town_km":24.5,"flooded_2023":false,"flooded_2024":null},"geometry":{"type":"LineString","coordinates":[[38.9397,0.6289],[38.9464,0.6278],[38.9508,0.63],[38.9542,0.6211],[38.962,0.6178],[38.9642,0.6189],[38.9664,0.6167],[38.9697,0.6189],[38.9764,0.6144],[38.9797,0.6144]]}},{"type":"Feature","properties":{"id":"LG-0188","lagha_class":"II – Large lagha (500–2,000 km²)","ff_hazard":"Very High","ff_index":38.4,"system":"Lagh Dera system","upstream_km2":926.8,"strahler":4,"length_km":11.69,"near_town":"Mado Gashi","dist_town_km":15.7,"flooded_2023":false,"flooded_2024":null},"geometry":{"type":"LineString","coordinates":[[38.9797,0.6144],[38.9908,0.6156],[38.9942,0.62],[38.9975,0.62],[39.0053,0.6244],[39.0064,0.6344],[39.0075,0.6355],[39.0097,0.6333],[39.0119,0.6355],[39.0119,0.6389],[39.0197,0.6467],[39.0186,0.6511],[39.0208,0.6567],[39.0275,0.6667],[39.032,0.6667],[39.0386,0.6756]]}},{"type":"Feature","properties":{"id":"LG-0189","lagha_class":"II – Large lagha (500–2,000 km²)","ff_hazard":"High","ff_index":34.9,"system":"Lagh Dera system","upstream_km2":950.8,"strahler":4,"length_km":13.92,"near_town":"Mado Gashi","dist_town_km":4.5,"flooded_2023":false,"flooded_2024":null},"geometry":{"type":"LineString","coordinates":[[39.0386,0.6756],[39.0464,0.68],[39.0531,0.6889],[39.0608,0.6933],[39.062,0.6922],[39.0653,0.6956],[39.0697,0.6933],[39.0753,0.6933],[39.0786,0.6956],[39.0886,0.6889],[39.1008,0.6933],[39.1075,0.6933],[39.1097,0.6956],[39.1142,0.6944],[39.1186,0.7011],[39.1219,0.7011],[39.1242,0.7033],[39.1286,0.7022],[39.1297,0.7],[39.1386,0.7]]}},{"type":"Feature","properties":{"id":"LG-0190","lagha_class":"II – Large lagha (500–2,000 km²)","ff_hazard":"Very High","ff_index":42.7,"system":"Lagh Dera system","upstream_km2":1154.2,"strahler":4,"length_km":39.09,"near_town":"Mado Gashi","dist_town_km":0.6,"flooded_2023":false,"flooded_2024":null},"geometry":{"type":"LineString","coordinates":[[39.1386,0.7],[39.1419,0.7],[39.1442,0.7022],[39.1431,0.7044],[39.1508,0.7122],[39.1586,0.7267],[39.1686,0.7289],[39.172,0.7333],[39.1708,0.7356],[39.1731,0.7378],[39.1731,0.7411],[39.1775,0.7433],[39.1786,0.7467],[39.1831,0.7433],[39.1831,0.7478],[39.1908,0.7556],[39.1975,0.7533],[39.2019,0.7489],[39.2075,0.7522],[39.2097,0.75],[39.2164,0.75],[39.2253,0.7556],[39.2264,0.7589],[39.2308,0.7578],[39.2442,0.7678],[39.2497,0.7622],[39.2542,0.7622],[39.2575,0.7667],[39.2608,0.7667],[39.2642,0.77],[39.2631,0.7711],[39.2686,0.7833],[39.2708,0.7833],[39.2753,0.7889],[39.2808,0.7878],[39.2875,0.7944],[39.2908,0.7933],[39.2986,0.8011],[39.3042,0.8],[39.3075,0.8089],[39.3208,0.82],[39.3253,0.8222],[39.3364,0.8222],[39.3386,0.8244],[39.3364,0.8267],[39.3408,0.8311],[39.3442,0.8289],[39.3531,0.8289],[39.3564,0.8333],[39.3642,0.8344]]}},{"type":"Feature","properties":{"id":"LG-0191","lagha_class":"II – Large lagha (500–2,000 km²)","ff_hazard":"High","ff_index":32.7,"system":"Lagh Dera system","upstream_km2":1187.6,"strahler":4,"length_km":7.49,"near_town":"Habaswein","dist_town_km":20.4,"flooded_2023":true,"flooded_2024":null},"geometry":{"type":"LineString","coordinates":[[39.3642,0.8344],[39.3719,0.8378],[39.3808,0.8367],[39.3864,0.8389],[39.3875,0.8367],[39.4019,0.8356],[39.4075,0.8411],[39.4097,0.84],[39.4097,0.8378],[39.4164,0.8411]]}},{"type":"Feature","properties":{"id":"LG-0192","lagha_class":"II – Large lagha (500–2,000 km²)","ff_hazard":"High","ff_index":31.3,"system":"Lagh Dera system","upstream_km2":1222.9,"strahler":4,"length_km":4.67,"near_town":"Habaswein","dist_town_km":20.2,"flooded_2023":true,"flooded_2024":null},"geometry":{"type":"LineString","coordinates":[[39.4164,0.8411],[39.4186,0.8422],[39.4264,0.8356],[39.4231,0.8322],[39.4286,0.8244],[39.4286,0.8189],[39.4342,0.8156]]}},{"type":"Feature","properties":{"id":"LG-0193","lagha_class":"II – Large lagha (500–2,000 km²)","ff_hazard":"Very High","ff_index":47.8,"system":"Lagh Dera system","upstream_km2":1308.0,"strahler":4,"length_km":10.4,"near_town":"Habaswein","dist_town_km":21.1,"flooded_2023":true,"flooded_2024":null},"geometry":{"type":"LineString","coordinates":[[39.4342,0.8156],[39.4397,0.8144],[39.4442,0.8178],[39.4486,0.8178],[39.4497,0.8211],[39.4531,0.8233],[39.4664,0.8122],[39.4686,0.8144],[39.4731,0.8133],[39.4753,0.8044],[39.4797,0.8],[39.4831,0.8022],[39.4886,0.8022],[39.4897,0.8],[39.4986,0.7956]]}},{"type":"Feature","properties":{"id":"LG-0194","lagha_class":"II – Large lagha (500–2,000 km²)","ff_hazard":"High","ff_index":31.9,"system":"Lagh Dera system","upstream_km2":1360.7,"strahler":4,"length_km":5.01,"near_town":"Habaswein","dist_town_km":23.8,"flooded_2023":true,"flooded_2024":null},"geometry":{"type":"LineString","coordinates":[[39.4986,0.7956],[39.4975,0.7944],[39.4997,0.7922],[39.4997,0.7867],[39.4975,0.7844],[39.4975,0.78],[39.5031,0.7756],[39.5053,0.7722],[39.5042,0.77],[39.5075,0.7689],[39.5119,0.7633]]}},{"type":"Feature","properties":{"id":"LG-0195","lagha_class":"II – Large lagha (500–2,000 km²)","ff_hazard":"High","ff_index":31.6,"system":"Lagh Dera system","upstream_km2":1369.0,"strahler":4,"length_km":4.96,"near_town":"Habaswein","dist_town_km":26.9,"flooded_2023":true,"flooded_2024":null},"geometry":{"type":"LineString","coordinates":[[39.5119,0.7633],[39.5175,0.7689],[39.5219,0.7644],[39.5197,0.7611],[39.5208,0.7578],[39.5264,0.7522],[39.5286,0.7567],[39.5353,0.7533]]}},{"type":"Feature","properties":{"id":"LG-0196","lagha_class":"I – Major lagha (≥2,000 km²)","ff_hazard":"Very High","ff_index":37.5,"system":"Lagh Dera system","upstream_km2":5216.4,"strahler":5,"length_km":2.26,"near_town":"Habaswein","dist_town_km":28.9,"flooded_2023":true,"flooded_2024":null},"geometry":{"type":"LineString","coordinates":[[39.5353,0.7533],[39.5386,0.7511],[39.5431,0.7533],[39.5486,0.7511],[39.5519,0.7533]]}},{"type":"Feature","properties":{"id":"LG-0197","lagha_class":"I – Major lagha (≥2,000 km²)","ff_hazard":"Very High","ff_index":54.2,"system":"Lagh Dera system","upstream_km2":5259.3,"strahler":5,"length_km":24.09,"near_town":"Habaswein","dist_town_km":29.3,"flooded_2023":true,"flooded_2024":null},"geometry":{"type":"LineString","coordinates":[[39.5519,0.7533],[39.5553,0.7467],[39.5464,0.7344],[39.5464,0.7311],[39.5419,0.7267],[39.5419,0.7222],[39.5397,0.7189],[39.5419,0.7167],[39.5531,0.7167],[39.5597,0.7089],[39.5586,0.7022],[39.5608,0.6989],[39.5631,0.6967],[39.5708,0.6978],[39.5708,0.6933],[39.5764,0.69],[39.5764,0.6867],[39.5808,0.6811],[39.5797,0.6744],[39.5875,0.6633],[39.5997,0.6633],[39.6064,0.6555],[39.6064,0.6467],[39.6075,0.6455],[39.6097,0.6489],[39.6119,0.6489],[39.6153,0.6444],[39.6086,0.6389],[39.6042,0.6389],[39.5942,0.6278]]}},{"type":"Feature","properties":{"id":"LG-0198","lagha_class":"I – Major lagha (≥2,000 km²)","ff_hazard":"Very High","ff_index":38.1,"system":"Lagh Dera system","upstream_km2":5344.2,"strahler":5,"length_km":12.14,"near_town":"Habaswein","dist_town_km":43.9,"flooded_2023":true,"flooded_2024":null},"geometry":{"type":"LineString","coordinates":[[39.5942,0.6278],[39.5986,0.6233],[39.5975,0.6178],[39.5997,0.6156],[39.5953,0.6144],[39.5897,0.6089],[39.5908,0.6078],[39.5931,0.6089],[39.5986,0.6044],[39.602,0.6067],[39.6075,0.6044],[39.6142,0.6056],[39.6186,0.5978],[39.6275,0.5989],[39.6297,0.5967],[39.632,0.5989],[39.6375,0.59],[39.6442,0.5956]]}},{"type":"Feature","properties":{"id":"LG-0199","lagha_class":"I – Major lagha (≥2,000 km²)","ff_hazard":"Very High","ff_index":40.8,"system":"Lagh Dera system","upstream_km2":9228.6,"strahler":5,"length_km":22.11,"near_town":"Habaswein","dist_town_km":49.1,"flooded_2023":true,"flooded_2024":null},"geometry":{"type":"LineString","coordinates":[[39.6442,0.5956],[39.6531,0.5944],[39.6519,0.5889],[39.6631,0.58],[39.6631,0.5778],[39.6597,0.5756],[39.6653,0.5689],[39.6653,0.5622],[39.672,0.5644],[39.6775,0.5533],[39.6797,0.5522],[39.6797,0.5467],[39.6742,0.5444],[39.6742,0.54],[39.6708,0.5356],[39.6731,0.5333],[39.6742,0.5344],[39.6797,0.5278],[39.6775,0.5233],[39.6786,0.5211],[39.6753,0.5155],[39.6864,0.51],[39.6919,0.5],[39.6897,0.4956],[39.6919,0.4922],[39.6908,0.4911],[39.6986,0.4822],[39.6986,0.4722],[39.6942,0.4678],[39.6919,0.4678]]}},{"type":"Feature","properties":{"id":"LG-0200","lagha_class":"III – Medium lagha (100–500 km²)","ff_hazard":"Moderate","ff_index":18.9,"system":"Lagh Dera system","upstream_km2":131.8,"strahler":2,"length_km":0.77,"near_town":"Benane","dist_town_km":18.4,"flooded_2023":false,"flooded_2024":null},"geometry":{"type":"LineString","coordinates":[[38.8053,0.4178],[38.8108,0.4167]]}},{"type":"Feature","properties":{"id":"LG-0202","lagha_class":"II – Large lagha (500–2,000 km²)","ff_hazard":"High","ff_index":33.8,"system":"Lagh Dera system","upstream_km2":1424.2,"strahler":3,"length_km":6.2,"near_town":"Mado Gashi","dist_town_km":39.3,"flooded_2023":true,"flooded_2024":null},"geometry":{"type":"LineString","coordinates":[[39.3464,0.4144],[39.3653,0.4144],[39.3675,0.4122],[39.3786,0.4133],[39.3808,0.4111],[39.3842,0.4133],[39.3897,0.4067]]}},{"type":"Feature","properties":{"id":"LG-0209","lagha_class":"IV – Minor lagha / gully (15–100 km²)","ff_hazard":"Low","ff_index":8.2,"system":"Lagh Dera system","upstream_km2":59.6,"strahler":2,"length_km":1.19,"near_town":"Dadaab","dist_town_km":44.7,"flooded_2023":false,"flooded_2024":null},"geometry":{"type":"LineString","coordinates":[[40.0753,0.4],[40.0753,0.3911]]}},{"type":"Feature","properties":{"id":"LG-0210","lagha_class":"III – Medium lagha (100–500 km²)","ff_hazard":"Moderate","ff_index":19.7,"system":"Lagh Dera system","upstream_km2":106.9,"strahler":2,"length_km":15.51,"near_town":"Liboi","dist_town_km":8.9,"flooded_2023":true,"flooded_2024":null},"geometry":{"type":"LineString","coordinates":[[40.8902,0.4329],[40.8908,0.43],[40.8942,0.4278],[40.9008,0.4289],[40.9108,0.4267],[40.9208,0.4211]]}},{"type":"Feature","properties":{"id":"LG-0212","lagha_class":"III – Medium lagha (100–500 km²)","ff_hazard":"Low","ff_index":14.1,"system":"Lagh Dera system","upstream_km2":131.8,"strahler":2,"length_km":10.0,"near_town":"Benane","dist_town_km":14.2,"flooded_2023":false,"flooded_2024":null},"geometry":{"type":"LineString","coordinates":[[38.7542,0.4133],[38.7564,0.4144],[38.7586,0.4122],[38.7631,0.4056],[38.7619,0.4033],[38.7708,0.3944],[38.7731,0.3956],[38.7753,0.3933],[38.782,0.3933],[38.7897,0.4056],[38.7931,0.4033],[38.7953,0.4067],[38.7964,0.4056],[38.7975,0.4078],[38.8008,0.4078],[38.8064,0.4133],[38.8086,0.4133],[38.8108,0.4167]]}},{"type":"Feature","properties":{"id":"LG-0213","lagha_class":"III – Medium lagha (100–500 km²)","ff_hazard":"Low","ff_index":15.3,"system":"Lagh Dera system","upstream_km2":199.9,"strahler":2,"length_km":11.87,"near_town":"Benane","dist_town_km":19.0,"flooded_2023":false,"flooded_2024":null},"geometry":{"type":"LineString","coordinates":[[38.8108,0.4167],[38.8142,0.4189],[38.8231,0.4178],[38.8275,0.4211],[38.8331,0.42],[38.8397,0.4167],[38.8475,0.4078],[38.8564,0.4022],[38.8575,0.4044],[38.8631,0.4033],[38.8664,0.4067],[38.8731,0.4044],[38.8808,0.41],[38.8831,0.4089],[38.8875,0.4133],[38.8908,0.4133],[38.8931,0.4167]]}},{"type":"Feature","properties":{"id":"LG-0214","lagha_class":"III – Medium lagha (100–500 km²)","ff_hazard":"Moderate","ff_index":17.3,"system":"Lagh Dera system","upstream_km2":324.1,"strahler":2,"length_km":35.59,"near_town":"Benane","dist_town_km":27.2,"flooded_2023":false,"flooded_2024":null},"geometry":{"type":"LineString","coordinates":[[38.8931,0.4167],[38.9031,0.42],[38.9075,0.4178],[38.9186,0.4222],[38.922,0.4211],[38.9253,0.4244],[38.9297,0.4233],[38.9419,0.4311],[38.9508,0.4411],[38.9531,0.4422],[38.9608,0.44],[38.9664,0.4444],[38.9731,0.4433],[38.9753,0.4489],[38.9897,0.4489],[39.0053,0.4411],[39.0097,0.4444],[39.0219,0.4444],[39.0264,0.4478],[39.0275,0.4467],[39.0342,0.4533],[39.0386,0.4522],[39.0408,0.4544],[39.0508,0.4511],[39.0575,0.4444],[39.0608,0.4478],[39.0653,0.4444],[39.0697,0.4444],[39.0731,0.4467],[39.0764,0.4433],[39.0808,0.4456],[39.0853,0.4411],[39.0931,0.4467],[39.0942,0.4456],[39.1008,0.4533],[39.1064,0.45],[39.1119,0.4533],[39.1131,0.4522],[39.1175,0.4578],[39.1164,0.4611],[39.1242,0.4644],[39.1231,0.4678],[39.1253,0.4722]]}},{"type":"Feature","properties":{"id":"LG-0215","lagha_class":"III – Medium lagha (100–500 km²)","ff_hazard":"Moderate","ff_index":17.8,"system":"Lagh Dera system","upstream_km2":396.9,"strahler":2,"length_km":12.95,"near_town":"Mado Gashi","dist_town_km":27.0,"flooded_2023":false,"flooded_2024":null},"geometry":{"type":"LineString","coordinates":[[39.1253,0.4722],[39.1308,0.4722],[39.132,0.4755],[39.1342,0.4756],[39.1386,0.4722],[39.1397,0.4733],[39.1475,0.4711],[39.1486,0.4744],[39.1508,0.4733],[39.1575,0.4755],[39.1664,0.4755],[39.1686,0.48],[39.1742,0.48],[39.1808,0.4744],[39.1853,0.4744],[39.1919,0.4689],[39.1931,0.47],[39.1975,0.4656],[39.1964,0.4633],[39.1986,0.46],[39.2031,0.4578],[39.1997,0.4522]]}},{"type":"Feature","properties":{"id":"LG-0216","lagha_class":"III – Medium lagha (100–500 km²)","ff_hazard":"Moderate","ff_index":19.0,"system":"Lagh Dera system","upstream_km2":469.5,"strahler":2,"length_km":13.87,"near_town":"Mado Gashi","dist_town_km":29.4,"flooded_2023":false,"flooded_2024":null},"geometry":{"type":"LineString","coordinates":[[39.1997,0.4522],[39.2053,0.4467],[39.2108,0.45],[39.2131,0.45],[39.2153,0.4467],[39.2186,0.4489],[39.2208,0.4478],[39.2242,0.4522],[39.2275,0.4533],[39.2319,0.4611],[39.2453,0.4689],[39.2497,0.4667],[39.2531,0.4678],[39.2608,0.4656],[39.2653,0.4589],[39.2653,0.4556],[39.2697,0.4522],[39.2775,0.4478],[39.2853,0.4478],[39.2875,0.4456]]}},{"type":"Feature","properties":{"id":"LG-0217","lagha_class":"II – Large lagha (500–2,000 km²)","ff_hazard":"High","ff_index":32.5,"system":"Lagh Dera system","upstream_km2":556.9,"strahler":2,"length_km":28.12,"near_town":"Mado Gashi","dist_town_km":33.4,"flooded_2023":false,"flooded_2024":null},"geometry":{"type":"LineString","coordinates":[[39.2875,0.4456],[39.2919,0.4467],[39.2986,0.4378],[39.3064,0.4378],[39.3186,0.4456],[39.3242,0.4433],[39.3286,0.4389],[39.3342,0.4378],[39.3431,0.4422],[39.3453,0.4411],[39.3542,0.4478],[39.3597,0.4467],[39.3597,0.45],[39.3731,0.4489],[39.3753,0.4467],[39.3775,0.45],[39.3797,0.45],[39.3831,0.4444],[39.3908,0.4411],[39.3919,0.4389],[39.3997,0.4389],[39.4108,0.4544],[39.4119,0.4533],[39.4175,0.4589],[39.422,0.4544],[39.432,0.4567],[39.4386,0.4678],[39.4419,0.4667],[39.4464,0.4722],[39.4531,0.4733],[39.4564,0.4778],[39.4542,0.48],[39.4575,0.4844],[39.4642,0.4844]]}},{"type":"Feature","properties":{"id":"LG-0218","lagha_class":"II – Large lagha (500–2,000 km²)","ff_hazard":"High","ff_index":33.4,"system":"Lagh Dera system","upstream_km2":1474.9,"strahler":4,"length_km":23.96,"near_town":"Mado Gashi","dist_town_km":41.3,"flooded_2023":true,"flooded_2024":null},"geometry":{"type":"LineString","coordinates":[[39.4642,0.4844],[39.4664,0.49],[39.4642,0.4933],[39.4653,0.4955],[39.4708,0.4978],[39.4731,0.5011],[39.4764,0.5],[39.4897,0.5133],[39.4886,0.5167],[39.4953,0.5222],[39.4986,0.5244],[39.5019,0.52],[39.5053,0.5233],[39.5053,0.5267],[39.5097,0.5267],[39.5131,0.53],[39.5131,0.5389],[39.5153,0.5422],[39.5208,0.5456],[39.5208,0.55],[39.5264,0.5533],[39.5264,0.5555],[39.5364,0.5656],[39.5353,0.5667],[39.5397,0.5689],[39.5431,0.5733],[39.5464,0.5756],[39.5497,0.5744],[39.5553,0.5689],[39.5564,0.5722],[39.5642,0.58],[39.5697,0.5744],[39.5753,0.5744],[39.5764,0.5689],[39.5842,0.5711]]}},{"type":"Feature","properties":{"id":"LG-0219","lagha_class":"I – Major lagha (≥2,000 km²)","ff_hazard":"High","ff_index":36.3,"system":"Lagh Dera system","upstream_km2":3610.2,"strahler":4,"length_km":3.57,"near_town":"Mado Gashi","dist_town_km":48.9,"flooded_2023":true,"flooded_2024":null},"geometry":{"type":"LineString","coordinates":[[39.5842,0.5711],[39.5864,0.5722],[39.5886,0.57],[39.5886,0.5655],[39.5919,0.5644],[39.5942,0.56],[39.5986,0.5622],[39.5986,0.5567]]}},{"type":"Feature","properties":{"id":"LG-0221","lagha_class":"I – Major lagha (≥2,000 km²)","ff_hazard":"Very High","ff_index":42.2,"system":"Lagh Dera system","upstream_km2":9416.5,"strahler":5,"length_km":15.43,"near_town":"Mado Gashi","dist_town_km":58.0,"flooded_2023":true,"flooded_2024":null},"geometry":{"type":"LineString","coordinates":[[39.5942,0.4178],[39.5964,0.4156],[39.5997,0.4189],[39.602,0.4178],[39.6075,0.4244],[39.6119,0.4244],[39.6153,0.4278],[39.6242,0.4233],[39.6308,0.4244],[39.6353,0.4178],[39.6342,0.4155],[39.6397,0.4122],[39.6419,0.4167],[39.6508,0.4144],[39.6531,0.4189],[39.6575,0.4222],[39.6642,0.4211],[39.6675,0.4255],[39.6708,0.4255],[39.6697,0.43],[39.6797,0.43],[39.6842,0.4322],[39.6875,0.4278],[39.6897,0.4278]]}},{"type":"Feature","properties":{"id":"LG-0222","lagha_class":"I – Major lagha (≥2,000 km²)","ff_hazard":"Very High","ff_index":41.7,"system":"Lagh Dera system","upstream_km2":10863.8,"strahler":5,"length_km":12.61,"near_town":"Dadaab","dist_town_km":50.1,"flooded_2023":true,"flooded_2024":null},"geometry":{"type":"LineString","coordinates":[[39.8975,0.3956],[39.9019,0.3889],[39.8953,0.3822],[39.9019,0.3744],[39.9108,0.3733],[39.9186,0.3689],[39.9319,0.37],[39.9397,0.3755],[39.9431,0.3755],[39.9464,0.3744],[39.9508,0.3689],[39.9564,0.3678],[39.9597,0.3644],[39.962,0.3656],[39.9719,0.3567]]}},{"type":"Feature","properties":{"id":"LG-0224","lagha_class":"IV – Minor lagha / gully (15–100 km²)","ff_hazard":"Low","ff_index":9.9,"system":"Lagh Dera system","upstream_km2":60.0,"strahler":2,"length_km":2.19,"near_town":"Dadaab","dist_town_km":44.0,"flooded_2023":false,"flooded_2024":null},"geometry":{"type":"LineString","coordinates":[[40.0908,0.3944],[40.0842,0.3967],[40.0753,0.3911]]}},{"type":"Feature","properties":{"id":"LG-0225","lagha_class":"II – Large lagha (500–2,000 km²)","ff_hazard":"Moderate","ff_index":22.7,"system":"Lagh Dera system","upstream_km2":1443.7,"strahler":4,"length_km":3.57,"near_town":"Dadaab","dist_town_km":42.6,"flooded_2023":false,"flooded_2024":null},"geometry":{"type":"LineString","coordinates":[[40.0753,0.3911],[40.0742,0.3867],[40.0686,0.3811],[40.0686,0.3755],[40.0753,0.3667]]}},{"type":"Feature","properties":{"id":"LG-0226","lagha_class":"II – Large lagha (500–2,000 km²)","ff_hazard":"Moderate","ff_index":22.0,"system":"Lagh Dera system","upstream_km2":1536.6,"strahler":4,"length_km":6.21,"near_town":"Dadaab","dist_town_km":39.3,"flooded_2023":false,"flooded_2024":null},"geometry":{"type":"LineString","coordinates":[[40.0753,0.3667],[40.0797,0.3689],[40.0831,0.3667],[40.0875,0.3667],[40.0919,0.3611],[40.0864,0.36],[40.0908,0.3555],[40.0886,0.3533],[40.0908,0.3522],[40.0953,0.3544],[40.102,0.35]]}},{"type":"Feature","properties":{"id":"LG-0227","lagha_class":"II – Large lagha (500–2,000 km²)","ff_hazard":"Moderate","ff_index":27.3,"system":"Lagh Dera system","upstream_km2":1676.5,"strahler":4,"length_km":16.77,"near_town":"Dadaab","dist_town_km":27.9,"flooded_2023":false,"flooded_2024":null},"geometry":{"type":"LineString","coordinates":[[40.102,0.35],[40.1042,0.3422],[40.1131,0.3344],[40.1153,0.3356],[40.1175,0.3333],[40.1197,0.3344],[40.1208,0.3322],[40.1253,0.3322],[40.1342,0.3389],[40.1364,0.3333],[40.1431,0.3344],[40.1475,0.3311],[40.1475,0.3278],[40.1508,0.3289],[40.1564,0.3256],[40.1642,0.3144],[40.1675,0.3144],[40.172,0.31],[40.1742,0.31],[40.1764,0.3022],[40.1786,0.3011],[40.1786,0.2933],[40.1764,0.2911],[40.1819,0.2911],[40.1819,0.2811]]}},{"type":"Feature","properties":{"id":"LG-0228","lagha_class":"II – Large lagha (500–2,000 km²)","ff_hazard":"Very High","ff_index":39.4,"system":"Lagh Dera system","upstream_km2":1390.4,"strahler":3,"length_km":15.04,"near_town":"Mado Gashi","dist_town_km":39.1,"flooded_2023":false,"flooded_2024":null},"geometry":{"type":"LineString","coordinates":[[39.282,0.3878],[39.2864,0.3856],[39.2919,0.3878],[39.2953,0.3844],[39.3031,0.3867],[39.3064,0.3844],[39.3086,0.3889],[39.3108,0.3878],[39.3153,0.3922],[39.3186,0.3922],[39.3231,0.3889],[39.3286,0.3922],[39.3308,0.3967],[39.3331,0.3956],[39.3375,0.3978],[39.3564,0.3844],[39.3575,0.3867],[39.3642,0.3856],[39.3686,0.3911],[39.3675,0.3933],[39.3708,0.3956],[39.3742,0.3933],[39.3808,0.3944]]}},{"type":"Feature","properties":{"id":"LG-0229","lagha_class":"I – Major lagha (≥2,000 km²)","ff_hazard":"Very High","ff_index":42.6,"system":"Lagh Dera system","upstream_km2":10394.7,"strahler":5,"length_km":6.48,"near_town":"Mado Gashi","dist_town_km":67.6,"flooded_2023":true,"flooded_2024":null},"geometry":{"type":"LineString","coordinates":[[39.6753,0.3822],[39.6786,0.3833],[39.6842,0.39],[39.6842,0.3944],[39.6864,0.3944],[39.6919,0.4011],[39.6964,0.4033],[39.7053,0.4033],[39.7097,0.4],[39.7131,0.4033],[39.7164,0.4033]]}},{"type":"Feature","properties":{"id":"LG-0231","lagha_class":"I – Major lagha (≥2,000 km²)","ff_hazard":"Very High","ff_index":42.1,"system":"Lagh Dera system","upstream_km2":10437.1,"strahler":5,"length_km":5.51,"near_town":"Saka","dist_town_km":69.7,"flooded_2023":true,"flooded_2024":null},"geometry":{"type":"LineString","coordinates":[[39.7042,0.3767],[39.7097,0.3778],[39.7142,0.3822],[39.7164,0.38],[39.7197,0.38],[39.7242,0.3844],[39.7275,0.3844],[39.7353,0.3922],[39.742,0.3911]]}},{"type":"Feature","properties":{"id":"LG-0234","lagha_class":"I – Major lagha (≥2,000 km²)","ff_hazard":"Very High","ff_index":43.2,"system":"Lagh Dera system","upstream_km2":10608.6,"strahler":5,"length_km":0.42,"near_town":"Dadaab","dist_town_km":64.2,"flooded_2023":true,"flooded_2024":null},"geometry":{"type":"LineString","coordinates":[[39.8231,0.3689],[39.8264,0.37]]}},{"type":"Feature","properties":{"id":"LG-0235","lagha_class":"IV – Minor lagha / gully (15–100 km²)","ff_hazard":"Moderate","ff_index":19.4,"system":"Lagh Dera system","upstream_km2":79.2,"strahler":2,"length_km":3.3,"near_town":"Mado Gashi","dist_town_km":58.8,"flooded_2023":true,"flooded_2024":null},"geometry":{"type":"LineString","coordinates":[[39.5653,0.3644],[39.5664,0.3656],[39.5642,0.3678],[39.5664,0.37],[39.5675,0.3689],[39.5797,0.3744],[39.5831,0.3789]]}},{"type":"Feature","properties":{"id":"LG-0237","lagha_class":"III – Medium lagha (100–500 km²)","ff_hazard":"Moderate","ff_index":27.3,"system":"Lagh Dera system","upstream_km2":145.6,"strahler":2,"length_km":14.61,"near_town":"Mado Gashi","dist_town_km":38.5,"flooded_2023":false,"flooded_2024":null},"geometry":{"type":"LineString","coordinates":[[39.0953,0.3489],[39.1031,0.3511],[39.1053,0.35],[39.1108,0.3544],[39.1164,0.3533],[39.1186,0.3556],[39.1253,0.3522],[39.1408,0.3611],[39.1675,0.3611],[39.1775,0.3667],[39.1797,0.3689],[39.1786,0.3711],[39.1819,0.3733],[39.1853,0.3711],[39.1897,0.3733],[39.1897,0.3755],[39.1919,0.3744],[39.1942,0.3767]]}},{"type":"Feature","properties":{"id":"LG-0238","lagha_class":"III – Medium lagha (100–500 km²)","ff_hazard":"Moderate","ff_index":26.7,"system":"Lagh Dera system","upstream_km2":324.0,"strahler":2,"length_km":3.43,"near_town":"Mado Gashi","dist_town_km":38.3,"flooded_2023":true,"flooded_2024":null},"geometry":{"type":"LineString","coordinates":[[39.1942,0.3767],[39.1975,0.3778],[39.2064,0.3711],[39.2108,0.3778],[39.2153,0.38]]}},{"type":"Feature","properties":{"id":"LG-0240","lagha_class":"I – Major lagha (≥2,000 km²)","ff_hazard":"Very High","ff_index":42.8,"system":"Lagh Dera system","upstream_km2":10505.3,"strahler":5,"length_km":3.94,"near_town":"Saka","dist_town_km":70.7,"flooded_2023":true,"flooded_2024":null},"geometry":{"type":"LineString","coordinates":[[39.7408,0.36],[39.7431,0.36],[39.7453,0.3633],[39.7442,0.3678],[39.7475,0.3744],[39.7519,0.3744],[39.7542,0.3778],[39.7597,0.3778]]}},{"type":"Feature","properties":{"id":"LG-0244","lagha_class":"IV – Minor lagha / gully (15–100 km²)","ff_hazard":"Low","ff_index":16.3,"system":"Lagh Dera system","upstream_km2":56.7,"strahler":2,"length_km":0.3,"near_town":"Mado Gashi","dist_town_km":56.1,"flooded_2023":true,"flooded_2024":null},"geometry":{"type":"LineString","coordinates":[[39.5175,0.3556],[39.5197,0.3544]]}},{"type":"Feature","properties":{"id":"LG-0245","lagha_class":"I – Major lagha (≥2,000 km²)","ff_hazard":"Very High","ff_index":44.8,"system":"Lagh Dera system","upstream_km2":18312.0,"strahler":5,"length_km":1.42,"near_town":"Liboi","dist_town_km":12.0,"flooded_2023":true,"flooded_2024":null},"geometry":{"type":"LineString","coordinates":[[40.7519,0.3522],[40.7575,0.3522],[40.7619,0.3478]]}},{"type":"Feature","properties":{"id":"LG-0246","lagha_class":"II – Large lagha (500–2,000 km²)","ff_hazard":"High","ff_index":33.3,"system":"Lagh Dera system","upstream_km2":1720.1,"strahler":4,"length_km":5.53,"near_town":"Dadaab","dist_town_km":25.2,"flooded_2023":false,"flooded_2024":null},"geometry":{"type":"LineString","coordinates":[[40.2267,0.2959],[40.2186,0.2944],[40.2142,0.2889],[40.2142,0.2822],[40.212,0.28],[40.2142,0.2756],[40.212,0.2722],[40.2086,0.2722],[40.2064,0.27],[40.2064,0.2667]]}},{"type":"Feature","properties":{"id":"LG-0250","lagha_class":"III – Medium lagha (100–500 km²)","ff_hazard":"Low","ff_index":13.0,"system":"Lagh Dera system","upstream_km2":104.3,"strahler":2,"length_km":13.75,"near_town":"Benane","dist_town_km":18.2,"flooded_2023":false,"flooded_2024":null},"geometry":{"type":"LineString","coordinates":[[38.7375,0.3578],[38.7464,0.3578],[38.7486,0.36],[38.7531,0.3567],[38.7553,0.3578],[38.7597,0.3522],[38.7719,0.3522],[38.7742,0.3478],[38.7831,0.3433],[38.7886,0.3478],[38.7919,0.3478],[38.7953,0.3444],[38.7975,0.3489],[38.8031,0.3489],[38.8097,0.3522],[38.8153,0.3478],[38.8164,0.35],[38.8219,0.35],[38.8242,0.3478],[38.8286,0.35]]}},{"type":"Feature","properties":{"id":"LG-0251","lagha_class":"III – Medium lagha (100–500 km²)","ff_hazard":"Low","ff_index":12.4,"system":"Lagh Dera system","upstream_km2":135.3,"strahler":2,"length_km":1.47,"near_town":"Benane","dist_town_km":25.1,"flooded_2023":false,"flooded_2024":null},"geometry":{"type":"LineString","coordinates":[[38.8286,0.35],[38.8375,0.3433]]}},{"type":"Feature","properties":{"id":"LG-0252","lagha_class":"IV – Minor lagha / gully (15–100 km²)","ff_hazard":"Moderate","ff_index":18.7,"system":"Lagh Dera system","upstream_km2":56.7,"strahler":2,"length_km":2.56,"near_town":"Mado Gashi","dist_town_km":56.0,"flooded_2023":true,"flooded_2024":null},"geometry":{"type":"LineString","coordinates":[[39.5042,0.3433],[39.5086,0.3478],[39.5119,0.3467],[39.5186,0.3511],[39.5197,0.3544]]}},{"type":"Feature","properties":{"id":"LG-0253","lagha_class":"IV – Minor lagha / gully (15–100 km²)","ff_hazard":"Moderate","ff_index":19.7,"system":"Lagh Dera system","upstream_km2":79.2,"strahler":2,"length_km":10.1,"near_town":"Mado Gashi","dist_town_km":56.0,"flooded_2023":true,"flooded_2024":null},"geometry":{"type":"LineString","coordinates":[[39.5197,0.3544],[39.5219,0.3556],[39.5231,0.3611],[39.5242,0.36],[39.5297,0.3656],[39.5331,0.3644],[39.5386,0.37],[39.5397,0.3689],[39.5431,0.3711],[39.5497,0.3678],[39.5542,0.3722],[39.5586,0.3722],[39.5586,0.3744],[39.5631,0.3767],[39.5653,0.3744],[39.5764,0.3811],[39.5797,0.3778],[39.5808,0.38],[39.5831,0.3789]]}},{"type":"Feature","properties":{"id":"LG-0254","lagha_class":"II – Large lagha (500–2,000 km²)","ff_hazard":"High","ff_index":31.1,"system":"Lagh Dera system","upstream_km2":966.9,"strahler":3,"length_km":14.19,"near_town":"Mado Gashi","dist_town_km":59.6,"flooded_2023":true,"flooded_2024":null},"geometry":{"type":"LineString","coordinates":[[39.5831,0.3789],[39.5853,0.3767],[39.5908,0.3767],[39.5953,0.3811],[39.5942,0.3878],[39.6031,0.3944],[39.6064,0.3922],[39.6108,0.3956],[39.6142,0.3956],[39.6264,0.39],[39.6297,0.3922],[39.6342,0.3889],[39.6397,0.3922],[39.6408,0.3989],[39.6542,0.4022],[39.6597,0.4011],[39.6653,0.4067],[39.6686,0.4056],[39.6686,0.4033],[39.6708,0.4044]]}},{"type":"Feature","properties":{"id":"LG-0256","lagha_class":"II – Large lagha (500–2,000 km²)","ff_hazard":"Moderate","ff_index":21.5,"system":"Local ephemeral drainage","upstream_km2":1458.6,"strahler":4,"length_km":24.73,"near_town":"Liboi","dist_town_km":16.7,"flooded_2023":false,"flooded_2024":null},"geometry":{"type":"LineString","coordinates":[[41.0197,0.34],[41.0199,0.3398]]}},{"type":"Feature","properties":{"id":"LG-0260","lagha_class":"III – Medium lagha (100–500 km²)","ff_hazard":"Low","ff_index":14.9,"system":"Lagh Dera system","upstream_km2":135.3,"strahler":2,"length_km":5.85,"near_town":"Benane","dist_town_km":25.0,"flooded_2023":false,"flooded_2024":null},"geometry":{"type":"LineString","coordinates":[[38.7997,0.3233],[38.8019,0.3267],[38.8131,0.3322],[38.8175,0.3322],[38.8197,0.3344],[38.8186,0.3389],[38.8253,0.34],[38.8275,0.3422],[38.8331,0.3411],[38.8375,0.3433]]}},{"type":"Feature","properties":{"id":"LG-0261","lagha_class":"III – Medium lagha (100–500 km²)","ff_hazard":"Low","ff_index":16.1,"system":"Lagh Dera system","upstream_km2":236.1,"strahler":2,"length_km":8.91,"near_town":"Benane","dist_town_km":26.3,"flooded_2023":false,"flooded_2024":null},"geometry":{"type":"LineString","coordinates":[[38.8375,0.3433],[38.8408,0.34],[38.8442,0.3411],[38.8475,0.3378],[38.8564,0.3422],[38.8619,0.34],[38.8686,0.3422],[38.8697,0.34],[38.8753,0.3378],[38.8808,0.3411],[38.882,0.3378],[38.8853,0.3389],[38.8886,0.3356],[38.8931,0.3244]]}},{"type":"Feature","properties":{"id":"LG-0262","lagha_class":"II – Large lagha (500–2,000 km²)","ff_hazard":"Moderate","ff_index":21.6,"system":"Lagh Dera system","upstream_km2":848.4,"strahler":3,"length_km":1.26,"near_town":"Mbalambala","dist_town_km":41.7,"flooded_2023":false,"flooded_2024":null},"geometry":{"type":"LineString","coordinates":[[39.1853,0.3233],[39.1875,0.33],[39.1908,0.3311]]}},{"type":"Feature","properties":{"id":"LG-0264","lagha_class":"I – Major lagha (≥2,000 km²)","ff_hazard":"Very High","ff_index":69.6,"system":"Lagh Dera system","upstream_km2":15279.3,"strahler":5,"length_km":16.84,"near_town":"Dadaab","dist_town_km":14.4,"flooded_2023":true,"flooded_2024":null},"geometry":{"type":"LineString","coordinates":[[40.3306,0.232],[40.3253,0.2233],[40.3264,0.2189],[40.3208,0.2078],[40.3242,0.2]]}},{"type":"Feature","properties":{"id":"LG-0265","lagha_class":"I – Major lagha (≥2,000 km²)","ff_hazard":"Very High","ff_index":53.1,"system":"Lagh Dera system","upstream_km2":18350.4,"strahler":5,"length_km":17.93,"near_town":"Liboi","dist_town_km":0.4,"flooded_2023":false,"flooded_2024":null},"geometry":{"type":"LineString","coordinates":[[40.7864,0.3133],[40.7908,0.3111],[40.8042,0.3133],[40.8108,0.31],[40.8186,0.3122],[40.8219,0.31],[40.8253,0.3155],[40.8231,0.3189],[40.8319,0.3256],[40.8353,0.33],[40.8342,0.3333],[40.8408,0.3411],[40.8497,0.3378],[40.8586,0.3422],[40.8642,0.3467],[40.8675,0.3544],[40.8786,0.3633],[40.8719,0.3678],[40.8742,0.3711],[40.8731,0.3733],[40.8775,0.38]]}},{"type":"Feature","properties":{"id":"LG-0266","lagha_class":"III – Medium lagha (100–500 km²)","ff_hazard":"Moderate","ff_index":17.3,"system":"Lagh Dera system","upstream_km2":236.1,"strahler":2,"length_km":7.84,"near_town":"Benane","dist_town_km":29.0,"flooded_2023":false,"flooded_2024":null},"geometry":{"type":"LineString","coordinates":[[38.8397,0.3111],[38.8431,0.3089],[38.8464,0.3111],[38.8497,0.3089],[38.8531,0.3122],[38.8553,0.3089],[38.8619,0.31],[38.8708,0.3167],[38.8764,0.3167],[38.8797,0.3211],[38.8808,0.32],[38.8864,0.3233],[38.8897,0.3222],[38.8908,0.3244],[38.8931,0.3244]]}},{"type":"Feature","properties":{"id":"LG-0267","lagha_class":"III – Medium lagha (100–500 km²)","ff_hazard":"Moderate","ff_index":16.9,"system":"Lagh Dera system","upstream_km2":299.1,"strahler":2,"length_km":15.11,"near_town":"Benane","dist_town_km":32.3,"flooded_2023":false,"flooded_2024":null},"geometry":{"type":"LineString","coordinates":[[38.8931,0.3244],[38.8964,0.3211],[38.8975,0.3233],[38.9008,0.3233],[38.9042,0.3189],[38.9064,0.32],[38.9075,0.3155],[38.9097,0.3144],[38.9308,0.3144],[38.9353,0.3111],[38.9408,0.3122],[38.9442,0.3155],[38.9453,0.3144],[38.9531,0.3233],[38.962,0.3178],[38.9675,0.3189],[38.9719,0.3144],[38.9775,0.3144],[38.9797,0.3055],[38.9842,0.3022],[38.9864,0.2978],[38.9853,0.2956]]}},{"type":"Feature","properties":{"id":"LG-0268","lagha_class":"I – Major lagha (≥2,000 km²)","ff_hazard":"Very High","ff_index":70.1,"system":"Lagh Dera system","upstream_km2":15277.6,"strahler":5,"length_km":12.08,"near_town":"Dadaab","dist_town_km":16.0,"flooded_2023":true,"flooded_2024":null},"geometry":{"type":"LineString","coordinates":[[40.3053,0.2472],[40.3053,0.2278],[40.3008,0.2222],[40.3042,0.2178],[40.3086,0.2178],[40.312,0.2144]]}},{"type":"Feature","properties":{"id":"LG-0271","lagha_class":"II – Large lagha (500–2,000 km²)","ff_hazard":"High","ff_index":31.9,"system":"Lagh Dera system","upstream_km2":1468.4,"strahler":4,"length_km":2.01,"near_town":"Dadaab","dist_town_km":55.0,"flooded_2023":true,"flooded_2024":null},"geometry":{"type":"LineString","coordinates":[[39.8731,0.2911],[39.882,0.3011],[39.8808,0.3044]]}},{"type":"Feature","properties":{"id":"LG-0273","lagha_class":"IV – Minor lagha / gully (15–100 km²)","ff_hazard":"Low","ff_index":7.0,"system":"Lagh Dera system","upstream_km2":52.4,"strahler":2,"length_km":4.79,"near_town":"Saka","dist_town_km":59.5,"flooded_2023":false,"flooded_2024":null},"geometry":{"type":"LineString","coordinates":[[39.6686,0.2933],[39.6731,0.2867],[39.6764,0.2889],[39.6808,0.2833],[39.6797,0.28],[39.6886,0.2756],[39.6931,0.2689]]}},{"type":"Feature","properties":{"id":"LG-0274","lagha_class":"IV – Minor lagha / gully (15–100 km²)","ff_hazard":"Low","ff_index":10.6,"system":"Local ephemeral drainage","upstream_km2":59.1,"strahler":2,"length_km":3.28,"near_town":"Mbalambala","dist_town_km":44.6,"flooded_2023":false,"flooded_2024":null},"geometry":{"type":"LineString","coordinates":[[39.3075,0.2878],[39.3142,0.29],[39.3231,0.2867],[39.3286,0.2911],[39.3308,0.2878]]}},{"type":"Feature","properties":{"id":"LG-0275","lagha_class":"II – Large lagha (500–2,000 km²)","ff_hazard":"Very High","ff_index":38.4,"system":"Lagh Dera system","upstream_km2":1676.5,"strahler":4,"length_km":3.82,"near_town":"Dadaab","dist_town_km":27.9,"flooded_2023":true,"flooded_2024":null},"geometry":{"type":"LineString","coordinates":[[40.1575,0.2833],[40.1597,0.2789],[40.172,0.2822],[40.1753,0.2778],[40.1808,0.2822],[40.1819,0.2811]]}},{"type":"Feature","properties":{"id":"LG-0276","lagha_class":"II – Large lagha (500–2,000 km²)","ff_hazard":"High","ff_index":30.8,"system":"Lagh Dera system","upstream_km2":1717.0,"strahler":4,"length_km":3.52,"near_town":"Dadaab","dist_town_km":25.2,"flooded_2023":false,"flooded_2024":null},"geometry":{"type":"LineString","coordinates":[[40.1819,0.2811],[40.1908,0.2778],[40.1942,0.2733],[40.1997,0.2733],[40.2064,0.2667]]}},{"type":"Feature","properties":{"id":"LG-0277","lagha_class":"II – Large lagha (500–2,000 km²)","ff_hazard":"Very High","ff_index":40.7,"system":"Lagh Dera system","upstream_km2":1878.4,"strahler":4,"length_km":4.89,"near_town":"Dadaab","dist_town_km":21.3,"flooded_2023":true,"flooded_2024":null},"geometry":{"type":"LineString","coordinates":[[40.2064,0.2667],[40.2086,0.2644],[40.2086,0.2611],[40.2131,0.2589],[40.2164,0.2511],[40.2197,0.2511],[40.2275,0.2467],[40.2319,0.2411]]}},{"type":"Feature","properties":{"id":"LG-0278","lagha_class":"III – Medium lagha (100–500 km²)","ff_hazard":"Low","ff_index":15.4,"system":"Tana basin","upstream_km2":145.0,"strahler":2,"length_km":8.58,"near_town":"Benane","dist_town_km":23.6,"flooded_2023":false,"flooded_2024":null},"geometry":{"type":"LineString","coordinates":[[38.7006,0.2955],[38.7097,0.2944],[38.7186,0.2878],[38.7308,0.2844]]}},{"type":"Feature","properties":{"id":"LG-0279","lagha_class":"II – Large lagha (500–2,000 km²)","ff_hazard":"Moderate","ff_index":20.2,"system":"Lagh Dera system","upstream_km2":773.8,"strahler":3,"length_km":1.02,"near_town":"Mbalambala","dist_town_km":37.3,"flooded_2023":false,"flooded_2024":null},"geometry":{"type":"LineString","coordinates":[[39.1864,0.2811],[39.1864,0.2856],[39.1831,0.2867]]}},{"type":"Feature","properties":{"id":"LG-0281","lagha_class":"II – Large lagha (500–2,000 km²)","ff_hazard":"High","ff_index":30.4,"system":"Lagh Dera system","upstream_km2":640.1,"strahler":3,"length_km":20.49,"near_town":"Mbalambala","dist_town_km":31.4,"flooded_2023":true,"flooded_2024":null},"geometry":{"type":"LineString","coordinates":[[38.9853,0.2956],[38.9908,0.2911],[38.9942,0.2922],[38.9964,0.2889],[39.0019,0.2878],[39.0042,0.29],[39.0108,0.2889],[39.0142,0.2933],[39.0186,0.2933],[39.0219,0.2955],[39.0242,0.2933],[39.0275,0.2978],[39.032,0.3],[39.0375,0.2989],[39.0419,0.3022],[39.0453,0.3022],[39.0464,0.3],[39.0508,0.3011],[39.0531,0.2989],[39.0564,0.3],[39.0597,0.2956],[39.0642,0.2956],[39.0708,0.2867],[39.0731,0.2867],[39.0753,0.2822],[39.0742,0.28],[39.0797,0.2767],[39.0808,0.27],[39.0897,0.2689],[39.0919,0.2667],[39.0919,0.2633],[39.0953,0.2622],[39.1053,0.2511],[39.1086,0.25],[39.1108,0.2478],[39.1097,0.2467]]}},{"type":"Feature","properties":{"id":"LG-0283","lagha_class":"IV – Minor lagha / gully (15–100 km²)","ff_hazard":"Low","ff_index":16.0,"system":"Lagh Dera system","upstream_km2":44.1,"strahler":2,"length_km":1.49,"near_town":"Mbalambala","dist_town_km":38.7,"flooded_2023":true,"flooded_2024":null},"geometry":{"type":"LineString","coordinates":[[39.1731,0.2989],[39.1753,0.3022],[39.1831,0.3011]]}},{"type":"Feature","properties":{"id":"LG-0284","lagha_class":"III – Medium lagha (100–500 km²)","ff_hazard":"Moderate","ff_index":18.9,"system":"Tana basin","upstream_km2":145.0,"strahler":2,"length_km":1.91,"near_town":"Benane","dist_town_km":25.5,"flooded_2023":false,"flooded_2024":null},"geometry":{"type":"LineString","coordinates":[[38.7208,0.2733],[38.7231,0.2756],[38.7264,0.2756],[38.7308,0.2844]]}},{"type":"Feature","properties":{"id":"LG-0285","lagha_class":"III – Medium lagha (100–500 km²)","ff_hazard":"High","ff_index":35.6,"system":"Tana basin","upstream_km2":267.6,"strahler":2,"length_km":33.55,"near_town":"Kora Wells","dist_town_km":23.4,"flooded_2023":false,"flooded_2024":null},"geometry":{"type":"LineString","coordinates":[[38.7308,0.2844],[38.7353,0.2844],[38.7375,0.2811],[38.7408,0.2811],[38.7442,0.2778],[38.7519,0.2767],[38.7542,0.2744],[38.7575,0.2756],[38.7597,0.2733],[38.7631,0.2756],[38.7708,0.2756],[38.7753,0.2744],[38.7786,0.27],[38.7842,0.2711],[38.7986,0.2567],[38.8019,0.2544],[38.8075,0.2555],[38.8131,0.2511],[38.8231,0.2555],[38.8319,0.2511],[38.8453,0.2511],[38.8497,0.2489],[38.8531,0.2444],[38.852,0.2433],[38.8564,0.2389],[38.8586,0.2389],[38.8675,0.2267],[38.8697,0.2267],[38.8775,0.2133],[38.8842,0.2089],[38.882,0.2044],[38.8831,0.1989],[38.8897,0.1878],[38.8886,0.1822],[38.8908,0.18],[38.8886,0.1756],[38.8908,0.1722],[38.8908,0.1667],[38.8886,0.1633],[38.8975,0.1556],[38.8975,0.15],[38.8953,0.1456],[38.8986,0.1333]]}},{"type":"Feature","properties":{"id":"LG-0286","lagha_class":"II – Large lagha (500–2,000 km²)","ff_hazard":"Very High","ff_index":45.3,"system":"Lagh Dera system","upstream_km2":1439.2,"strahler":4,"length_km":2.03,"near_town":"Dadaab","dist_town_km":56.9,"flooded_2023":true,"flooded_2024":null},"geometry":{"type":"LineString","coordinates":[[39.8475,0.2689],[39.8508,0.2744],[39.8497,0.2822],[39.852,0.2844]]}},{"type":"Feature","properties":{"id":"LG-0289","lagha_class":"IV – Minor lagha / gully (15–100 km²)","ff_hazard":"Low","ff_index":12.0,"system":"Lagh Dera system","upstream_km2":99.0,"strahler":2,"length_km":8.36,"near_town":"Saka","dist_town_km":48.8,"flooded_2023":false,"flooded_2024":null},"geometry":{"type":"LineString","coordinates":[[39.5297,0.2622],[39.5331,0.2611],[39.5397,0.2689],[39.5419,0.2678],[39.5453,0.27],[39.5542,0.28],[39.5631,0.2833],[39.562,0.2878],[39.5664,0.2922],[39.5642,0.2955],[39.5664,0.2989],[39.5697,0.3],[39.5719,0.3044]]}},{"type":"Feature","properties":{"id":"LG-0292","lagha_class":"II – Large lagha (500–2,000 km²)","ff_hazard":"High","ff_index":34.7,"system":"Lagh Dera system","upstream_km2":1727.2,"strahler":4,"length_km":2.64,"near_town":"Dadaab","dist_town_km":38.5,"flooded_2023":true,"flooded_2024":null},"geometry":{"type":"LineString","coordinates":[[40.0242,0.2567],[40.0386,0.2722]]}},{"type":"Feature","properties":{"id":"LG-0294","lagha_class":"IV – Minor lagha / gully (15–100 km²)","ff_hazard":"Low","ff_index":10.4,"system":"Local ephemeral drainage","upstream_km2":59.1,"strahler":2,"length_km":12.0,"near_town":"Mbalambala","dist_town_km":37.5,"flooded_2023":false,"flooded_2024":null},"geometry":{"type":"LineString","coordinates":[[39.2553,0.2467],[39.2664,0.2456],[39.2786,0.25],[39.2842,0.2589],[39.2886,0.2578],[39.2931,0.2633],[39.3008,0.2656],[39.3019,0.2678],[39.3064,0.2678],[39.3086,0.2733],[39.3097,0.2722],[39.3131,0.2756],[39.3153,0.2733],[39.3186,0.2744],[39.3208,0.2778],[39.3242,0.2778],[39.3308,0.2878]]}},{"type":"Feature","properties":{"id":"LG-0295","lagha_class":"III – Medium lagha (100–500 km²)","ff_hazard":"Low","ff_index":13.6,"system":"Lagh Dera system","upstream_km2":140.2,"strahler":2,"length_km":26.52,"near_town":"Mbalambala","dist_town_km":46.2,"flooded_2023":false,"flooded_2024":null},"geometry":{"type":"LineString","coordinates":[[39.3308,0.2878],[39.3386,0.2967],[39.3464,0.2967],[39.3531,0.2933],[39.3575,0.2955],[39.3564,0.2967],[39.3586,0.2989],[39.3642,0.3],[39.3697,0.2978],[39.382,0.3022],[39.3875,0.3011],[39.3908,0.3067],[39.3997,0.3067],[39.4031,0.3089],[39.4086,0.3089],[39.4108,0.3067],[39.4175,0.3078],[39.4197,0.3055],[39.4242,0.3078],[39.4264,0.3055],[39.4431,0.3056],[39.4497,0.3089],[39.4531,0.3144],[39.4586,0.3111],[39.4642,0.3111],[39.4697,0.3144],[39.4708,0.3178],[39.4753,0.3155],[39.4775,0.3189],[39.4808,0.3189],[39.4831,0.3211],[39.4897,0.3167],[39.4942,0.3178],[39.4986,0.3156],[39.5031,0.3189],[39.5064,0.3189],[39.5097,0.3144],[39.5142,0.3144]]}},{"type":"Feature","properties":{"id":"LG-0296","lagha_class":"II – Large lagha (500–2,000 km²)","ff_hazard":"Moderate","ff_index":17.9,"system":"Lagh Dera system","upstream_km2":625.1,"strahler":3,"length_km":6.15,"near_town":"Liboi","dist_town_km":8.9,"flooded_2023":false,"flooded_2024":null},"geometry":{"type":"LineString","coordinates":[[40.9408,0.2444],[40.9308,0.2533],[40.9331,0.2633],[40.9142,0.2778],[40.9131,0.2833]]}},{"type":"Feature","properties":{"id":"LG-0299","lagha_class":"IV – Minor lagha / gully (15–100 km²)","ff_hazard":"Low","ff_index":12.0,"system":"Lagh Dera system","upstream_km2":76.6,"strahler":2,"length_km":3.1,"near_town":"Mbalambala","dist_town_km":30.5,"flooded_2023":false,"flooded_2024":null},"geometry":{"type":"LineString","coordinates":[[39.032,0.24],[39.0397,0.2411],[39.0419,0.2433],[39.0553,0.2422]]}},{"type":"Feature","properties":{"id":"LG-0300","lagha_class":"II – Large lagha (500–2,000 km²)","ff_hazard":"Moderate","ff_index":17.9,"system":"Lagh Dera system","upstream_km2":592.8,"strahler":3,"length_km":30.97,"near_town":"Liboi","dist_town_km":8.1,"flooded_2023":false,"flooded_2024":null},"geometry":{"type":"LineString","coordinates":[[40.6919,0.2311],[40.6931,0.2278],[40.6975,0.23],[40.7042,0.2256],[40.7097,0.2322],[40.712,0.2289],[40.7153,0.2278],[40.7186,0.2322],[40.7231,0.2322],[40.7264,0.2344],[40.7275,0.2333],[40.7297,0.2356],[40.7375,0.2344],[40.7408,0.2367],[40.7453,0.2311],[40.7497,0.23],[40.7508,0.2344],[40.7542,0.2378],[40.7642,0.2344],[40.7664,0.2422],[40.7631,0.2478],[40.7753,0.2589],[40.7775,0.2589],[40.7753,0.2622],[40.7786,0.2656],[40.7786,0.2689],[40.782,0.2722],[40.7853,0.2711],[40.7875,0.2756],[40.7908,0.2756],[40.7964,0.2711],[40.8019,0.2711],[40.8053,0.2678],[40.8086,0.2711],[40.8131,0.2678],[40.8142,0.2644],[40.8175,0.2678],[40.8242,0.2678],[40.8264,0.2722],[40.8331,0.2667],[40.8353,0.2711],[40.8408,0.2744],[40.8453,0.2733],[40.8531,0.2789],[40.8575,0.2789],[40.8608,0.2767],[40.8564,0.2667],[40.8575,0.2644]]}},{"type":"Feature","properties":{"id":"LG-0301","lagha_class":"III – Medium lagha (100–500 km²)","ff_hazard":"Moderate","ff_index":17.7,"system":"Lagh Dera system","upstream_km2":211.7,"strahler":3,"length_km":2.97,"near_town":"Mbalambala","dist_town_km":29.1,"flooded_2023":false,"flooded_2024":null},"geometry":{"type":"LineString","coordinates":[[39.0708,0.2289],[39.0753,0.2322],[39.0731,0.2367],[39.0775,0.2389],[39.0808,0.2478]]}},{"type":"Feature","properties":{"id":"LG-0303","lagha_class":"IV – Minor lagha / gully (15–100 km²)","ff_hazard":"Low","ff_index":15.7,"system":"Tana basin","upstream_km2":78.4,"strahler":2,"length_km":2.58,"near_town":"Kora Wells","dist_town_km":23.5,"flooded_2023":false,"flooded_2024":null},"geometry":{"type":"LineString","coordinates":[[38.7675,0.2244],[38.7786,0.2189],[38.782,0.22],[38.7831,0.2144]]}},{"type":"Feature","properties":{"id":"LG-0304","lagha_class":"IV – Minor lagha / gully (15–100 km²)","ff_hazard":"Low","ff_index":12.3,"system":"Lagh Dera system","upstream_km2":99.0,"strahler":2,"length_km":21.14,"near_town":"Saka","dist_town_km":41.3,"flooded_2023":false,"flooded_2024":null},"geometry":{"type":"LineString","coordinates":[[39.4508,0.22],[39.4542,0.2211],[39.4564,0.2244],[39.4597,0.2233],[39.4631,0.2289],[39.4686,0.2311],[39.4697,0.2367],[39.4764,0.2433],[39.4875,0.2444],[39.4931,0.2511],[39.5031,0.2567],[39.5064,0.2556],[39.5108,0.2622],[39.5108,0.2656],[39.5186,0.27],[39.5219,0.2822],[39.5286,0.2822],[39.5297,0.2867],[39.5364,0.2922],[39.5419,0.29],[39.5453,0.2911],[39.5486,0.2956],[39.5508,0.2933],[39.5542,0.2933],[39.5553,0.2989],[39.5586,0.2989],[39.5597,0.3022],[39.5608,0.3011],[39.562,0.3033],[39.5675,0.3055],[39.5719,0.3044]]}},{"type":"Feature","properties":{"id":"LG-0305","lagha_class":"II – Large lagha (500–2,000 km²)","ff_hazard":"High","ff_index":31.0,"system":"Lagh Dera system","upstream_km2":816.5,"strahler":3,"length_km":9.2,"near_town":"Saka","dist_town_km":55.2,"flooded_2023":true,"flooded_2024":null},"geometry":{"type":"LineString","coordinates":[[39.5719,0.3044],[39.5719,0.3067],[39.5764,0.3089],[39.5786,0.3178],[39.5819,0.3211],[39.5864,0.3189],[39.5897,0.3222],[39.5875,0.3267],[39.5875,0.33],[39.5897,0.3322],[39.5897,0.34],[39.6053,0.35],[39.6086,0.3533],[39.6097,0.3578]]}},{"type":"Feature","properties":{"id":"LG-0307","lagha_class":"III – Medium lagha (100–500 km²)","ff_hazard":"Low","ff_index":11.9,"system":"Lagh Dera system","upstream_km2":107.0,"strahler":2,"length_km":16.27,"near_town":"Saka","dist_town_km":42.8,"flooded_2023":false,"flooded_2024":null},"geometry":{"type":"LineString","coordinates":[[39.4931,0.2189],[39.4975,0.2189],[39.5031,0.2233],[39.5064,0.2322],[39.5108,0.2311],[39.5175,0.2344],[39.5186,0.2333],[39.5231,0.2422],[39.5253,0.2422],[39.5286,0.2467],[39.5342,0.2456],[39.5397,0.2411],[39.5419,0.2433],[39.5442,0.24],[39.5497,0.2444],[39.5531,0.2411],[39.5586,0.2444],[39.5608,0.25],[39.5664,0.25],[39.5653,0.2533],[39.5708,0.2589],[39.5708,0.2622],[39.5842,0.2622],[39.5864,0.2578],[39.5886,0.2578]]}},{"type":"Feature","properties":{"id":"LG-0308","lagha_class":"I – Major lagha (≥2,000 km²)","ff_hazard":"Very High","ff_index":76.3,"system":"Lagh Dera system","upstream_km2":15193.9,"strahler":5,"length_km":8.87,"near_town":"Dadaab","dist_town_km":15.4,"flooded_2023":true,"flooded_2024":null},"geometry":{"type":"LineString","coordinates":[[40.2464,0.2178],[40.2475,0.2189],[40.2497,0.2156],[40.2519,0.2167],[40.2597,0.2078],[40.2753,0.2178],[40.2786,0.2178],[40.2786,0.2122],[40.2875,0.2056],[40.2931,0.2111],[40.2942,0.21],[40.3008,0.2133]]}},{"type":"Feature","properties":{"id":"LG-0309","lagha_class":"IV – Minor lagha / gully (15–100 km²)","ff_hazard":"Low","ff_index":13.9,"system":"Tana basin","upstream_km2":78.4,"strahler":2,"length_km":15.53,"near_town":"Kora Wells","dist_town_km":22.2,"flooded_2023":false,"flooded_2024":null},"geometry":{"type":"MultiLineString","coordinates":[[[38.7206,0.218],[38.7208,0.2171]],[[38.7209,0.2166],[38.7231,0.2133],[38.7275,0.2167],[38.7386,0.2156],[38.742,0.2178],[38.7442,0.2156],[38.7475,0.2178],[38.7519,0.2144],[38.7531,0.2156],[38.7575,0.2111],[38.7675,0.2078],[38.7686,0.2056],[38.7719,0.2056],[38.7731,0.21],[38.7786,0.2089],[38.7831,0.2144]]]}},{"type":"Feature","properties":{"id":"LG-0310","lagha_class":"III – Medium lagha (100–500 km²)","ff_hazard":"Low","ff_index":16.6,"system":"Tana basin","upstream_km2":120.7,"strahler":2,"length_km":15.7,"near_town":"Kora Wells","dist_town_km":22.6,"flooded_2023":false,"flooded_2024":null},"geometry":{"type":"LineString","coordinates":[[38.7831,0.2144],[38.7853,0.2133],[38.7908,0.2167],[38.7931,0.2144],[38.7931,0.2111],[38.7997,0.2122],[38.8031,0.2078],[38.8064,0.2078],[38.8086,0.2056],[38.812,0.1989],[38.8131,0.2],[38.8175,0.1956],[38.8275,0.1978],[38.8308,0.1944],[38.8353,0.1978],[38.8397,0.1933],[38.8419,0.1944],[38.8508,0.1878],[38.8508,0.1856],[38.8553,0.1833],[38.8553,0.1811],[38.8631,0.18],[38.8631,0.1744],[38.8686,0.1678],[38.8653,0.16]]}},{"type":"Feature","properties":{"id":"LG-0311","lagha_class":"IV – Minor lagha / gully (15–100 km²)","ff_hazard":"Low","ff_index":11.2,"system":"Lagh Dera system","upstream_km2":65.1,"strahler":2,"length_km":2.31,"near_town":"Saka","dist_town_km":44.6,"flooded_2023":false,"flooded_2024":null},"geometry":{"type":"LineString","coordinates":[[39.5375,0.2144],[39.5408,0.2178],[39.5453,0.2189],[39.5508,0.2278]]}},{"type":"Feature","properties":{"id":"LG-0313","lagha_class":"IV – Minor lagha / gully (15–100 km²)","ff_hazard":"Moderate","ff_index":18.1,"system":"Lagh Dera system","upstream_km2":73.9,"strahler":2,"length_km":10.92,"near_town":"Dadaab","dist_town_km":17.8,"flooded_2023":true,"flooded_2024":null},"geometry":{"type":"MultiLineString","coordinates":[[[40.4064,0.2056],[40.4086,0.2044],[40.4119,0.2089],[40.4164,0.2067],[40.4242,0.2122],[40.4275,0.2122],[40.4297,0.2089],[40.4331,0.2078],[40.4364,0.2111],[40.4342,0.2144],[40.437,0.2162]],[[40.4382,0.216],[40.4397,0.2144],[40.4417,0.2153]]]}},{"type":"Feature","properties":{"id":"LG-0314","lagha_class":"III – Medium lagha (100–500 km²)","ff_hazard":"Moderate","ff_index":20.5,"system":"Lagh Dera system","upstream_km2":127.2,"strahler":2,"length_km":7.5,"near_town":"Dadaab","dist_town_km":27.7,"flooded_2023":true,"flooded_2024":null},"geometry":{"type":"LineString","coordinates":[[40.5034,0.2389],[40.5064,0.2389],[40.5086,0.244]]}},{"type":"Feature","properties":{"id":"LG-0315","lagha_class":"III – Medium lagha (100–500 km²)","ff_hazard":"Moderate","ff_index":25.9,"system":"Lagh Dera system","upstream_km2":361.3,"strahler":3,"length_km":9.48,"near_town":"Liboi","dist_town_km":13.9,"flooded_2023":true,"flooded_2024":null},"geometry":{"type":"LineString","coordinates":[[40.6954,0.3376],[40.7019,0.3356],[40.7086,0.3444],[40.7186,0.3467],[40.7275,0.34],[40.7286,0.3367],[40.7364,0.3378],[40.742,0.3344],[40.7464,0.3344]]}},{"type":"Feature","properties":{"id":"LG-0319","lagha_class":"II – Large lagha (500–2,000 km²)","ff_hazard":"Very High","ff_index":46.4,"system":"Lagh Dera system","upstream_km2":1634.1,"strahler":4,"length_km":29.62,"near_town":"Dadaab","dist_town_km":46.7,"flooded_2023":true,"flooded_2024":null},"geometry":{"type":"LineString","coordinates":[[39.8364,0.1956],[39.8386,0.1922],[39.8442,0.1956],[39.8475,0.1944],[39.8508,0.1967],[39.852,0.1933],[39.8608,0.1944],[39.8653,0.1911],[39.8686,0.1956],[39.8708,0.1944],[39.8842,0.2022],[39.8864,0.2011],[39.8875,0.2044],[39.8953,0.21],[39.8953,0.2122],[39.9008,0.2178],[39.9097,0.2244],[39.9142,0.2244],[39.9153,0.2289],[39.9231,0.2367],[39.9264,0.2367],[39.9286,0.2422],[39.9353,0.2456],[39.9375,0.25],[39.9419,0.2533],[39.9386,0.26],[39.9431,0.2633],[39.9397,0.2711],[39.9419,0.2756],[39.9397,0.28],[39.9464,0.2833],[39.9431,0.2844],[39.9408,0.2878],[39.9442,0.2911],[39.9397,0.2989],[39.9408,0.3033],[39.9442,0.3067],[39.9531,0.3011],[39.9575,0.3067],[39.9553,0.3089],[39.962,0.3156]]}},{"type":"Feature","properties":{"id":"LG-0321","lagha_class":"I – Major lagha (≥2,000 km²)","ff_hazard":"Very High","ff_index":48.3,"system":"Lagh Dera system","upstream_km2":17775.6,"strahler":5,"length_km":4.83,"near_town":"Hagadera","dist_town_km":32.4,"flooded_2023":false,"flooded_2024":null},"geometry":{"type":"LineString","coordinates":[[40.6142,0.1911],[40.6119,0.1933],[40.6075,0.1911],[40.6042,0.1922],[40.6053,0.1944],[40.6031,0.1967],[40.602,0.2056],[40.5975,0.21],[40.5919,0.2122],[40.5919,0.2155]]}},{"type":"Feature","properties":{"id":"LG-0322","lagha_class":"III – Medium lagha (100–500 km²)","ff_hazard":"Low","ff_index":9.5,"system":"Lagh Dera system","upstream_km2":109.6,"strahler":2,"length_km":6.36,"near_town":"Liboi","dist_town_km":15.2,"flooded_2023":false,"flooded_2024":null},"geometry":{"type":"LineString","coordinates":[[40.9442,0.1889],[40.9364,0.1911],[40.9308,0.1956],[40.9275,0.1956],[40.9231,0.2],[40.9164,0.2],[40.9008,0.2178]]}},{"type":"Feature","properties":{"id":"LG-0323","lagha_class":"I – Major lagha (≥2,000 km²)","ff_hazard":"Very High","ff_index":61.3,"system":"Lagh Dera system","upstream_km2":17670.2,"strahler":5,"length_km":4.39,"near_town":"Hagadera","dist_town_km":25.4,"flooded_2023":true,"flooded_2024":null},"geometry":{"type":"LineString","coordinates":[[40.5308,0.1867],[40.5286,0.19],[40.5308,0.1967],[40.5286,0.1989],[40.5253,0.1989],[40.5175,0.1933],[40.5119,0.2022]]}},{"type":"Feature","properties":{"id":"LG-0326","lagha_class":"I – Major lagha (≥2,000 km²)","ff_hazard":"Very High","ff_index":78.1,"system":"Lagh Dera system","upstream_km2":15344.4,"strahler":5,"length_km":22.6,"near_town":"Dadaab","dist_town_km":12.1,"flooded_2023":true,"flooded_2024":null},"geometry":{"type":"LineString","coordinates":[[40.1942,0.1789],[40.1975,0.1811],[40.2008,0.1767],[40.2019,0.1778],[40.2042,0.1756],[40.2086,0.1756],[40.2142,0.18],[40.2219,0.1756],[40.2264,0.1767],[40.2319,0.1733],[40.2342,0.1767],[40.2386,0.1756],[40.242,0.18],[40.2464,0.1811],[40.2508,0.1733],[40.2586,0.1733],[40.2586,0.1711],[40.2631,0.1678],[40.2708,0.1767],[40.2708,0.18],[40.2731,0.1811],[40.2719,0.1833],[40.2775,0.1878],[40.2831,0.1844],[40.2986,0.1855],[40.2986,0.1811],[40.3019,0.1778],[40.3053,0.1811],[40.3053,0.1856],[40.3097,0.1878],[40.3175,0.1833],[40.3219,0.1855],[40.3253,0.1922],[40.3297,0.1933]]}},{"type":"Feature","properties":{"id":"LG-0327","lagha_class":"I – Major lagha (≥2,000 km²)","ff_hazard":"Very High","ff_index":51.0,"system":"Lagh Dera system","upstream_km2":17599.0,"strahler":5,"length_km":2.28,"near_town":"Hagadera","dist_town_km":22.6,"flooded_2023":false,"flooded_2024":null},"geometry":{"type":"LineString","coordinates":[[40.4997,0.1744],[40.5008,0.1778],[40.5042,0.18],[40.5042,0.1867],[40.5086,0.19]]}},{"type":"Feature","properties":{"id":"LG-0330","lagha_class":"III – Medium lagha (100–500 km²)","ff_hazard":"Moderate","ff_index":27.5,"system":"Lagh Dera system","upstream_km2":440.2,"strahler":3,"length_km":5.85,"near_town":"Saka","dist_town_km":57.7,"flooded_2023":true,"flooded_2024":null},"geometry":{"type":"LineString","coordinates":[[39.7353,0.2022],[39.7364,0.2044],[39.7342,0.2067],[39.7364,0.2144],[39.7431,0.22],[39.7408,0.2222],[39.742,0.2244],[39.7453,0.2256],[39.7453,0.2289],[39.7475,0.2311],[39.7508,0.2311],[39.7531,0.2333],[39.7542,0.2378]]}},{"type":"Feature","properties":{"id":"LG-0332","lagha_class":"II – Large lagha (500–2,000 km²)","ff_hazard":"Very High","ff_index":45.0,"system":"Lagh Dera system","upstream_km2":662.4,"strahler":3,"length_km":17.71,"near_town":"Mbalambala","dist_town_km":22.8,"flooded_2023":true,"flooded_2024":null},"geometry":{"type":"LineString","coordinates":[[39.0808,0.1711],[39.0897,0.1711],[39.0931,0.1733],[39.0997,0.1722],[39.1086,0.1778],[39.1119,0.1822],[39.1164,0.1844],[39.1175,0.1833],[39.1264,0.1889],[39.1264,0.1922],[39.1308,0.1967],[39.1308,0.2011],[39.1353,0.2056],[39.1342,0.2078],[39.1364,0.21],[39.1353,0.2267],[39.1375,0.2278],[39.1364,0.2311],[39.1397,0.2367],[39.1386,0.24],[39.1431,0.2433],[39.1431,0.2489],[39.1475,0.2522],[39.1486,0.2555],[39.1519,0.2544],[39.1608,0.26]]}},{"type":"Feature","properties":{"id":"LG-0336","lagha_class":"III – Medium lagha (100–500 km²)","ff_hazard":"Low","ff_index":14.8,"system":"Lagh Dera system","upstream_km2":175.2,"strahler":3,"length_km":6.44,"near_town":"Mbalambala","dist_town_km":26.6,"flooded_2023":false,"flooded_2024":null},"geometry":{"type":"LineString","coordinates":[[39.0297,0.2033],[39.032,0.2056],[39.0331,0.2044],[39.0364,0.2089],[39.0364,0.2122],[39.0397,0.2144],[39.0397,0.2189],[39.0431,0.2211],[39.0442,0.2256],[39.0497,0.2322],[39.0486,0.2333],[39.0564,0.2378],[39.0553,0.2422]]}},{"type":"Feature","properties":{"id":"LG-0337","lagha_class":"III – Medium lagha (100–500 km²)","ff_hazard":"Low","ff_index":16.0,"system":"Lagh Dera system","upstream_km2":211.7,"strahler":3,"length_km":3.4,"near_town":"Mbalambala","dist_town_km":30.6,"flooded_2023":false,"flooded_2024":null},"geometry":{"type":"LineString","coordinates":[[39.0553,0.2422],[39.0664,0.2478],[39.0808,0.2478]]}},{"type":"Feature","properties":{"id":"LG-0338","lagha_class":"II – Large lagha (500–2,000 km²)","ff_hazard":"High","ff_index":30.3,"system":"Lagh Dera system","upstream_km2":640.1,"strahler":3,"length_km":4.22,"near_town":"Mbalambala","dist_town_km":31.2,"flooded_2023":true,"flooded_2024":null},"geometry":{"type":"LineString","coordinates":[[39.0808,0.2478],[39.0831,0.25],[39.0864,0.25],[39.0897,0.2467],[39.0975,0.2533],[39.1031,0.2489],[39.1097,0.2467]]}},{"type":"Feature","properties":{"id":"LG-0339","lagha_class":"II – Large lagha (500–2,000 km²)","ff_hazard":"High","ff_index":30.3,"system":"Lagh Dera system","upstream_km2":660.2,"strahler":3,"length_km":6.57,"near_town":"Mbalambala","dist_town_km":31.3,"flooded_2023":true,"flooded_2024":null},"geometry":{"type":"LineString","coordinates":[[39.1097,0.2467],[39.1175,0.2467],[39.1208,0.25],[39.1308,0.2511],[39.1408,0.2567],[39.1442,0.2556],[39.1475,0.2589],[39.1608,0.26]]}},{"type":"Feature","properties":{"id":"LG-0340","lagha_class":"II – Large lagha (500–2,000 km²)","ff_hazard":"Moderate","ff_index":20.9,"system":"Lagh Dera system","upstream_km2":773.8,"strahler":3,"length_km":4.51,"near_town":"Mbalambala","dist_town_km":34.2,"flooded_2023":false,"flooded_2024":null},"geometry":{"type":"LineString","coordinates":[[39.1608,0.26],[39.1653,0.2622],[39.1664,0.2667],[39.1697,0.2678],[39.1742,0.2733],[39.1764,0.2733],[39.1808,0.2811],[39.1797,0.2833],[39.1831,0.2867]]}},{"type":"Feature","properties":{"id":"LG-0341","lagha_class":"II – Large lagha (500–2,000 km²)","ff_hazard":"High","ff_index":31.4,"system":"Lagh Dera system","upstream_km2":820.5,"strahler":3,"length_km":1.91,"near_town":"Mbalambala","dist_town_km":37.8,"flooded_2023":true,"flooded_2024":null},"geometry":{"type":"LineString","coordinates":[[39.1831,0.2867],[39.1842,0.2889],[39.1808,0.2933],[39.1808,0.2978],[39.1831,0.3011]]}},{"type":"Feature","properties":{"id":"LG-0342","lagha_class":"II – Large lagha (500–2,000 km²)","ff_hazard":"High","ff_index":31.1,"system":"Lagh Dera system","upstream_km2":848.4,"strahler":3,"length_km":4.65,"near_town":"Mbalambala","dist_town_km":39.3,"flooded_2023":true,"flooded_2024":null},"geometry":{"type":"LineString","coordinates":[[39.1831,0.3011],[39.1897,0.3056],[39.1864,0.3111],[39.1897,0.3122],[39.1897,0.3278],[39.1919,0.3289],[39.1908,0.3311]]}},{"type":"Feature","properties":{"id":"LG-0343","lagha_class":"II – Large lagha (500–2,000 km²)","ff_hazard":"High","ff_index":32.6,"system":"Lagh Dera system","upstream_km2":1196.7,"strahler":3,"length_km":8.05,"near_town":"Mado Gashi","dist_town_km":38.3,"flooded_2023":true,"flooded_2024":null},"geometry":{"type":"LineString","coordinates":[[39.1908,0.3311],[39.1953,0.3378],[39.1975,0.3367],[39.1997,0.3444],[39.2075,0.3444],[39.2097,0.3522],[39.2064,0.3555],[39.2064,0.3611],[39.2131,0.3711],[39.2164,0.3789],[39.2153,0.38]]}},{"type":"Feature","properties":{"id":"LG-0344","lagha_class":"II – Large lagha (500–2,000 km²)","ff_hazard":"High","ff_index":32.7,"system":"Lagh Dera system","upstream_km2":1222.2,"strahler":3,"length_km":9.33,"near_town":"Mado Gashi","dist_town_km":37.6,"flooded_2023":true,"flooded_2024":null},"geometry":{"type":"LineString","coordinates":[[39.2153,0.38],[39.2197,0.3844],[39.2286,0.3889],[39.2331,0.3867],[39.2386,0.3867],[39.242,0.3889],[39.2464,0.3867],[39.2475,0.3878],[39.2486,0.3844],[39.2542,0.3833],[39.2564,0.3856],[39.2631,0.3811],[39.2742,0.3844],[39.282,0.3789]]}},{"type":"Feature","properties":{"id":"LG-0345","lagha_class":"II – Large lagha (500–2,000 km²)","ff_hazard":"Moderate","ff_index":23.8,"system":"Lagh Dera system","upstream_km2":1297.3,"strahler":3,"length_km":4.77,"near_town":"Mado Gashi","dist_town_km":39.9,"flooded_2023":false,"flooded_2024":null},"geometry":{"type":"LineString","coordinates":[[39.282,0.3789],[39.2842,0.3811],[39.2875,0.3789],[39.2919,0.3789],[39.2942,0.3811],[39.3008,0.3789],[39.3075,0.38],[39.3108,0.3789],[39.3131,0.3756],[39.3164,0.3755]]}},{"type":"Feature","properties":{"id":"LG-0346","lagha_class":"II – Large lagha (500–2,000 km²)","ff_hazard":"Very High","ff_index":39.3,"system":"Lagh Dera system","upstream_km2":1390.4,"strahler":3,"length_km":9.89,"near_town":"Mado Gashi","dist_town_km":41.8,"flooded_2023":false,"flooded_2024":null},"geometry":{"type":"LineString","coordinates":[[39.3164,0.3755],[39.3208,0.3722],[39.3242,0.3733],[39.3253,0.3711],[39.3297,0.3744],[39.3342,0.3744],[39.3364,0.3722],[39.3442,0.3722],[39.3475,0.3755],[39.3553,0.3733],[39.3597,0.3778],[39.3697,0.3811],[39.3731,0.3867],[39.3808,0.3911],[39.3808,0.3944]]}},{"type":"Feature","properties":{"id":"LG-0347","lagha_class":"II – Large lagha (500–2,000 km²)","ff_hazard":"High","ff_index":33.5,"system":"Lagh Dera system","upstream_km2":1424.2,"strahler":3,"length_km":2.25,"near_town":"Mado Gashi","dist_town_km":42.7,"flooded_2023":true,"flooded_2024":null},"geometry":{"type":"LineString","coordinates":[[39.3808,0.3944],[39.3853,0.3944],[39.3897,0.4067]]}},{"type":"Feature","properties":{"id":"LG-0348","lagha_class":"I – Major lagha (≥2,000 km²)","ff_hazard":"Very High","ff_index":37.9,"system":"Lagh Dera system","upstream_km2":3610.2,"strahler":4,"length_km":36.6,"near_town":"Mado Gashi","dist_town_km":42.6,"flooded_2023":true,"flooded_2024":null},"geometry":{"type":"LineString","coordinates":[[39.3897,0.4067],[39.3986,0.41],[39.4042,0.4155],[39.4086,0.4167],[39.4186,0.4267],[39.4275,0.4267],[39.4342,0.4367],[39.4386,0.4378],[39.4375,0.4389],[39.4397,0.4433],[39.4442,0.4456],[39.4464,0.45],[39.4486,0.4489],[39.4553,0.4544],[39.4542,0.4578],[39.4597,0.4633],[39.4653,0.4633],[39.4664,0.4689],[39.4742,0.4689],[39.4797,0.4744],[39.4831,0.4733],[39.4886,0.4789],[39.4942,0.4755],[39.4953,0.4811],[39.4986,0.4811],[39.5019,0.4867],[39.5119,0.4944],[39.5186,0.5056],[39.5264,0.51],[39.5297,0.51],[39.532,0.5122],[39.5331,0.5189],[39.5364,0.5167],[39.5453,0.5267],[39.5508,0.53],[39.5508,0.5322],[39.5553,0.5355],[39.5608,0.5455],[39.5608,0.5533],[39.5653,0.5589],[39.5686,0.5556],[39.5786,0.5555],[39.5875,0.5589],[39.5986,0.5567]]}},{"type":"Feature","properties":{"id":"LG-0349","lagha_class":"I – Major lagha (≥2,000 km²)","ff_hazard":"High","ff_index":35.8,"system":"Lagh Dera system","upstream_km2":3611.9,"strahler":4,"length_km":2.9,"near_town":"Mado Gashi","dist_town_km":51.0,"flooded_2023":true,"flooded_2024":null},"geometry":{"type":"LineString","coordinates":[[39.5986,0.5567],[39.6097,0.5522],[39.6131,0.5489],[39.6131,0.5444],[39.6153,0.5422]]}},{"type":"Feature","properties":{"id":"LG-0350","lagha_class":"I – Major lagha (≥2,000 km²)","ff_hazard":"Very High","ff_index":49.5,"system":"Lagh Dera system","upstream_km2":3708.3,"strahler":4,"length_km":6.75,"near_town":"Mado Gashi","dist_town_km":53.3,"flooded_2023":true,"flooded_2024":null},"geometry":{"type":"LineString","coordinates":[[39.6153,0.5422],[39.6197,0.5411],[39.6231,0.5444],[39.6253,0.54],[39.6331,0.54],[39.632,0.5355],[39.6408,0.5267],[39.6386,0.5244],[39.6386,0.5167],[39.6419,0.5133]]}},{"type":"Feature","properties":{"id":"LG-0351","lagha_class":"I – Major lagha (≥2,000 km²)","ff_hazard":"High","ff_index":36.3,"system":"Lagh Dera system","upstream_km2":3736.2,"strahler":4,"length_km":8.24,"near_town":"Mado Gashi","dist_town_km":57.3,"flooded_2023":true,"flooded_2024":null},"geometry":{"type":"LineString","coordinates":[[39.6419,0.5133],[39.6508,0.5078],[39.6531,0.5078],[39.6542,0.5111],[39.6553,0.51],[39.6586,0.5122],[39.6697,0.5056],[39.6731,0.5022],[39.6708,0.4967],[39.6819,0.4856],[39.6819,0.4822],[39.6853,0.4778]]}},{"type":"Feature","properties":{"id":"LG-0352","lagha_class":"I – Major lagha (≥2,000 km²)","ff_hazard":"Very High","ff_index":40.8,"system":"Lagh Dera system","upstream_km2":9228.6,"strahler":5,"length_km":1.59,"near_town":"Habaswein","dist_town_km":62.9,"flooded_2023":true,"flooded_2024":null},"geometry":{"type":"LineString","coordinates":[[39.6853,0.4778],[39.6908,0.4733],[39.6919,0.4678]]}},{"type":"Feature","properties":{"id":"LG-0353","lagha_class":"I – Major lagha (≥2,000 km²)","ff_hazard":"Very High","ff_index":40.2,"system":"Lagh Dera system","upstream_km2":9242.8,"strahler":5,"length_km":3.46,"near_town":"Habaswein","dist_town_km":64.2,"flooded_2023":true,"flooded_2024":null},"geometry":{"type":"LineString","coordinates":[[39.6919,0.4678],[39.6908,0.4633],[39.6942,0.4578],[39.6942,0.4489],[39.6864,0.4422]]}},{"type":"Feature","properties":{"id":"LG-0354","lagha_class":"I – Major lagha (≥2,000 km²)","ff_hazard":"Very High","ff_index":40.6,"system":"Lagh Dera system","upstream_km2":9416.5,"strahler":5,"length_km":1.96,"near_town":"Mado Gashi","dist_town_km":65.2,"flooded_2023":true,"flooded_2024":null},"geometry":{"type":"LineString","coordinates":[[39.6864,0.4422],[39.6875,0.4356],[39.6919,0.4311],[39.6897,0.4278]]}},{"type":"Feature","properties":{"id":"LG-0355","lagha_class":"I – Major lagha (≥2,000 km²)","ff_hazard":"Very High","ff_index":40.9,"system":"Lagh Dera system","upstream_km2":9418.5,"strahler":5,"length_km":1.78,"near_town":"Mado Gashi","dist_town_km":66.3,"flooded_2023":true,"flooded_2024":null},"geometry":{"type":"LineString","coordinates":[[39.6897,0.4278],[39.6919,0.4244],[39.6908,0.4189],[39.6953,0.4155]]}},{"type":"Feature","properties":{"id":"LG-0356","lagha_class":"III – Medium lagha (100–500 km²)","ff_hazard":"Low","ff_index":15.3,"system":"Lagh Dera system","upstream_km2":220.1,"strahler":2,"length_km":3.78,"near_town":"Dadaab","dist_town_km":38.2,"flooded_2023":false,"flooded_2024":null},"geometry":{"type":"LineString","coordinates":[[39.9875,0.1667],[39.9897,0.1722],[39.9931,0.1744],[39.9908,0.1789],[39.9908,0.1889],[39.9964,0.1911]]}},{"type":"Feature","properties":{"id":"LG-0357","lagha_class":"IV – Minor lagha / gully (15–100 km²)","ff_hazard":"Low","ff_index":5.8,"system":"Local ephemeral drainage","upstream_km2":43.3,"strahler":2,"length_km":1.29,"near_town":"Liboi","dist_town_km":19.6,"flooded_2023":false,"flooded_2024":null},"geometry":{"type":"LineString","coordinates":[[40.8942,0.1667],[40.8908,0.17],[40.8919,0.1722],[40.8897,0.1756]]}},{"type":"Feature","properties":{"id":"LG-0358","lagha_class":"II – Large lagha (500–2,000 km²)","ff_hazard":"High","ff_index":36.5,"system":"Tana basin","upstream_km2":542.6,"strahler":3,"length_km":37.93,"near_town":"Kora Wells","dist_town_km":13.4,"flooded_2023":false,"flooded_2024":null},"geometry":{"type":"LineString","coordinates":[[38.7264,0.1644],[38.7319,0.1667],[38.7319,0.17],[38.7342,0.1722],[38.7464,0.1744],[38.7475,0.1778],[38.7508,0.1744],[38.7497,0.1733],[38.7553,0.1689],[38.7542,0.1667],[38.7564,0.1622],[38.7608,0.1611],[38.7631,0.1578],[38.7697,0.1589],[38.7742,0.15],[38.782,0.1467],[38.782,0.1367],[38.7853,0.1378],[38.7942,0.1322],[38.7931,0.1311],[38.7964,0.1267],[38.7942,0.1211],[38.7919,0.12],[38.7908,0.1144],[38.7953,0.1133],[38.7953,0.11],[38.7975,0.1078],[38.8031,0.1078],[38.8075,0.11],[38.8142,0.1067],[38.8186,0.1],[38.8253,0.0978],[38.8342,0.0967],[38.8364,0.0989],[38.8397,0.0989],[38.8408,0.1011],[38.8442,0.1011],[38.8531,0.0956],[38.852,0.0911],[38.8475,0.0889],[38.8486,0.0844],[38.8542,0.0811],[38.8542,0.0756],[38.8575,0.0756],[38.8597,0.0733],[38.8586,0.0678],[38.8686,0.0622],[38.8775,0.07],[38.8842,0.07],[38.8875,0.0722],[38.8897,0.0678],[38.8942,0.0655],[38.8986,0.06],[38.9097,0.0633],[38.9097,0.0567],[38.9131,0.0533]]}},{"type":"Feature","properties":{"id":"LG-0360","lagha_class":"III – Medium lagha (100–500 km²)","ff_hazard":"Moderate","ff_index":16.9,"system":"Tana basin","upstream_km2":147.2,"strahler":2,"length_km":6.24,"near_town":"Kora Wells","dist_town_km":21.9,"flooded_2023":false,"flooded_2024":null},"geometry":{"type":"LineString","coordinates":[[38.8653,0.16],[38.8619,0.1589],[38.8619,0.1544],[38.8697,0.1522],[38.8742,0.1433],[38.8808,0.1444],[38.8842,0.1411],[38.8875,0.1356],[38.8864,0.1278]]}},{"type":"Feature","properties":{"id":"LG-0361","lagha_class":"IV – Minor lagha / gully (15–100 km²)","ff_hazard":"Moderate","ff_index":23.1,"system":"Lagh Dera system","upstream_km2":65.1,"strahler":2,"length_km":18.32,"near_town":"Saka","dist_town_km":34.8,"flooded_2023":false,"flooded_2024":null},"geometry":{"type":"LineString","coordinates":[[39.4308,0.1644],[39.4342,0.17],[39.4431,0.1722],[39.4453,0.1756],[39.4497,0.1744],[39.4531,0.1778],[39.4586,0.1744],[39.4731,0.18],[39.4786,0.1833],[39.4797,0.1867],[39.4831,0.1855],[39.4886,0.19],[39.4897,0.1889],[39.4953,0.1922],[39.4986,0.1967],[39.5031,0.1978],[39.5097,0.2033],[39.5131,0.2089],[39.5175,0.2089],[39.5231,0.2144],[39.5297,0.2144],[39.5397,0.22],[39.5464,0.23],[39.5508,0.2278]]}},{"type":"Feature","properties":{"id":"LG-0362","lagha_class":"III – Medium lagha (100–500 km²)","ff_hazard":"Low","ff_index":11.7,"system":"Lagh Dera system","upstream_km2":107.0,"strahler":2,"length_km":7.05,"near_town":"Saka","dist_town_km":46.6,"flooded_2023":false,"flooded_2024":null},"geometry":{"type":"LineString","coordinates":[[39.5508,0.2278],[39.5575,0.2322],[39.5608,0.2311],[39.5653,0.2344],[39.5664,0.2333],[39.5708,0.2422],[39.5697,0.2433],[39.5742,0.2433],[39.5764,0.2478],[39.5753,0.2489],[39.5875,0.2555],[39.5886,0.2578]]}},{"type":"Feature","properties":{"id":"LG-0363","lagha_class":"III – Medium lagha (100–500 km²)","ff_hazard":"Low","ff_index":15.1,"system":"Lagh Dera system","upstream_km2":206.5,"strahler":2,"length_km":8.13,"near_town":"Saka","dist_town_km":51.6,"flooded_2023":false,"flooded_2024":null},"geometry":{"type":"LineString","coordinates":[[39.5886,0.2578],[39.5908,0.2578],[39.5953,0.2622],[39.6008,0.2622],[39.6075,0.2556],[39.6153,0.2567],[39.6175,0.2622],[39.6219,0.2611],[39.6264,0.2644],[39.6308,0.2644],[39.6308,0.2622],[39.6342,0.2633],[39.6375,0.2578],[39.6408,0.2567]]}},{"type":"Feature","properties":{"id":"LG-0366","lagha_class":"I – Major lagha (≥2,000 km²)","ff_hazard":"Very High","ff_index":61.2,"system":"Lagh Dera system","upstream_km2":17720.9,"strahler":5,"length_km":13.75,"near_town":"Hagadera","dist_town_km":27.0,"flooded_2023":true,"flooded_2024":null},"geometry":{"type":"LineString","coordinates":[[40.5875,0.1611],[40.5842,0.16],[40.5797,0.1633],[40.5797,0.17],[40.5764,0.1744],[40.5786,0.1778],[40.5831,0.1767],[40.5853,0.1833],[40.5708,0.1956],[40.5675,0.1978],[40.562,0.1944],[40.5553,0.1956],[40.5519,0.1933],[40.5497,0.1978],[40.532,0.2022],[40.5308,0.2044],[40.5253,0.2056],[40.5208,0.2111]]}},{"type":"Feature","properties":{"id":"LG-0367","lagha_class":"III – Medium lagha (100–500 km²)","ff_hazard":"Moderate","ff_index":16.9,"system":"Lagh Dera system","upstream_km2":265.1,"strahler":2,"length_km":20.96,"near_town":"Saka","dist_town_km":39.9,"flooded_2023":false,"flooded_2024":null},"geometry":{"type":"LineString","coordinates":[[39.5442,0.16],[39.5508,0.1622],[39.5542,0.1667],[39.5531,0.1678],[39.5553,0.17],[39.5586,0.17],[39.5608,0.1756],[39.5631,0.1778],[39.5642,0.1767],[39.5675,0.1811],[39.5697,0.18],[39.5764,0.1833],[39.5786,0.1878],[39.5853,0.1878],[39.5908,0.1911],[39.6031,0.2044],[39.602,0.2089],[39.6053,0.2133],[39.6042,0.2155],[39.6097,0.2189],[39.6097,0.2233],[39.6119,0.2256],[39.6164,0.2256],[39.6175,0.23],[39.6286,0.24],[39.6308,0.24],[39.6308,0.2444],[39.6508,0.2478],[39.6597,0.2556]]}},{"type":"Feature","properties":{"id":"LG-0369","lagha_class":"III – Medium lagha (100–500 km²)","ff_hazard":"Moderate","ff_index":26.7,"system":"Lagh Dera system","upstream_km2":311.6,"strahler":3,"length_km":6.19,"near_town":"Dadaab","dist_town_km":33.6,"flooded_2023":true,"flooded_2024":null},"geometry":{"type":"LineString","coordinates":[[40.0286,0.1578],[40.0308,0.1633],[40.0331,0.1644],[40.0308,0.17],[40.0331,0.1744],[40.032,0.1767],[40.0342,0.1789],[40.0342,0.1867],[40.0364,0.1878],[40.0364,0.1944],[40.0342,0.1989],[40.0353,0.2022]]}},{"type":"Feature","properties":{"id":"LG-0370","lagha_class":"I – Major lagha (≥2,000 km²)","ff_hazard":"Very High","ff_index":56.4,"system":"Lagh Dera system","upstream_km2":15473.0,"strahler":5,"length_km":9.23,"near_town":"Dadaab","dist_town_km":11.6,"flooded_2023":true,"flooded_2024":null},"geometry":{"type":"LineString","coordinates":[[40.3786,0.1567],[40.3808,0.1589],[40.3875,0.16],[40.3964,0.1589],[40.4019,0.1544],[40.4064,0.1544],[40.4153,0.1633],[40.4175,0.1622],[40.4242,0.1678],[40.422,0.1711],[40.4186,0.1722],[40.4186,0.1756],[40.4264,0.1822],[40.4297,0.1822]]}},{"type":"Feature","properties":{"id":"LG-0371","lagha_class":"IV – Minor lagha / gully (15–100 km²)","ff_hazard":"Low","ff_index":5.5,"system":"Local ephemeral drainage","upstream_km2":43.3,"strahler":2,"length_km":6.01,"near_town":"Liboi","dist_town_km":19.5,"flooded_2023":false,"flooded_2024":null},"geometry":{"type":"LineString","coordinates":[[40.9086,0.1489],[40.9086,0.1533],[40.9164,0.1633],[40.9164,0.1667],[40.9131,0.1667],[40.8953,0.1767],[40.8897,0.1756]]}},{"type":"Feature","properties":{"id":"LG-0372","lagha_class":"IV – Minor lagha / gully (15–100 km²)","ff_hazard":"Low","ff_index":5.6,"system":"Lagh Dera system","upstream_km2":47.6,"strahler":2,"length_km":2.46,"near_town":"Liboi","dist_town_km":17.7,"flooded_2023":false,"flooded_2024":null},"geometry":{"type":"LineString","coordinates":[[40.8897,0.1756],[40.8897,0.1922]]}},{"type":"Feature","properties":{"id":"LG-0373","lagha_class":"III – Medium lagha (100–500 km²)","ff_hazard":"Low","ff_index":10.4,"system":"Lagh Dera system","upstream_km2":109.6,"strahler":2,"length_km":5.16,"near_town":"Liboi","dist_town_km":15.2,"flooded_2023":false,"flooded_2024":null},"geometry":{"type":"LineString","coordinates":[[40.8897,0.1922],[40.8931,0.1944],[40.8964,0.1911],[40.9008,0.1967],[40.9053,0.1978],[40.9042,0.1989],[40.9075,0.2056],[40.9008,0.2178]]}},{"type":"Feature","properties":{"id":"LG-0374","lagha_class":"II – Large lagha (500–2,000 km²)","ff_hazard":"Low","ff_index":16.7,"system":"Lagh Dera system","upstream_km2":506.9,"strahler":3,"length_km":8.15,"near_town":"Liboi","dist_town_km":10.7,"flooded_2023":false,"flooded_2024":null},"geometry":{"type":"LineString","coordinates":[[40.9008,0.2178],[40.8842,0.2367],[40.8786,0.2378],[40.8753,0.2422],[40.8631,0.2422],[40.8486,0.2567]]}},{"type":"Feature","properties":{"id":"LG-0375","lagha_class":"III – Medium lagha (100–500 km²)","ff_hazard":"Moderate","ff_index":20.2,"system":"Tana basin","upstream_km2":267.6,"strahler":2,"length_km":1.36,"near_town":"Kora Wells","dist_town_km":23.4,"flooded_2023":false,"flooded_2024":null},"geometry":{"type":"LineString","coordinates":[[38.8997,0.1433],[38.9019,0.1367],[38.8986,0.1333]]}},{"type":"Feature","properties":{"id":"LG-0376","lagha_class":"III – Medium lagha (100–500 km²)","ff_hazard":"Moderate","ff_index":21.0,"system":"Tana basin","upstream_km2":470.2,"strahler":3,"length_km":2.48,"near_town":"Kora Wells","dist_town_km":22.8,"flooded_2023":false,"flooded_2024":null},"geometry":{"type":"LineString","coordinates":[[38.8986,0.1333],[38.9019,0.1289],[38.9008,0.1244],[38.9031,0.1156]]}},{"type":"Feature","properties":{"id":"LG-0378","lagha_class":"IV – Minor lagha / gully (15–100 km²)","ff_hazard":"Low","ff_index":11.4,"system":"Lagh Dera system","upstream_km2":89.8,"strahler":2,"length_km":4.22,"near_town":"Mbalambala","dist_town_km":29.3,"flooded_2023":false,"flooded_2024":null},"geometry":{"type":"LineString","coordinates":[[39.2364,0.1678],[39.2408,0.1644],[39.2453,0.1656],[39.2497,0.1611],[39.2586,0.1622],[39.2653,0.1578]]}},{"type":"Feature","properties":{"id":"LG-0380","lagha_class":"III – Medium lagha (100–500 km²)","ff_hazard":"Moderate","ff_index":23.8,"system":"Tana basin","upstream_km2":470.2,"strahler":3,"length_km":2.98,"near_town":"Kora Wells","dist_town_km":21.7,"flooded_2023":false,"flooded_2024":null},"geometry":{"type":"LineString","coordinates":[[38.8864,0.1278],[38.8853,0.1267],[38.8897,0.12],[38.8942,0.12],[38.8964,0.1167],[38.8986,0.1178],[38.9031,0.1156]]}},{"type":"Feature","properties":{"id":"LG-0381","lagha_class":"II – Large lagha (500–2,000 km²)","ff_hazard":"Moderate","ff_index":20.3,"system":"Tana basin","upstream_km2":506.0,"strahler":3,"length_km":7.88,"near_town":"Mbalambala","dist_town_km":20.0,"flooded_2023":false,"flooded_2024":null},"geometry":{"type":"LineString","coordinates":[[38.9031,0.1156],[38.9042,0.1122],[38.9008,0.1022],[38.9019,0.09],[38.9097,0.08],[38.9142,0.08],[38.9197,0.0722],[38.9142,0.0633]]}},{"type":"Feature","properties":{"id":"LG-0383","lagha_class":"IV – Minor lagha / gully (15–100 km²)","ff_hazard":"Low","ff_index":4.5,"system":"Local ephemeral drainage","upstream_km2":39.2,"strahler":2,"length_km":0.12,"near_town":"Dadaab","dist_town_km":35.9,"flooded_2023":false,"flooded_2024":null},"geometry":{"type":"LineString","coordinates":[[40.0042,0.1356],[40.0031,0.1356]]}},{"type":"Feature","properties":{"id":"LG-0384","lagha_class":"III – Medium lagha (100–500 km²)","ff_hazard":"High","ff_index":28.3,"system":"Lagh Dera system","upstream_km2":206.5,"strahler":2,"length_km":37.44,"near_town":"Saka","dist_town_km":31.2,"flooded_2023":false,"flooded_2024":null},"geometry":{"type":"LineString","coordinates":[[39.4175,0.1344],[39.4231,0.1378],[39.4253,0.1367],[39.4297,0.1411],[39.4308,0.1456],[39.4331,0.1433],[39.4364,0.1444],[39.4375,0.1422],[39.4408,0.1433],[39.4453,0.1411],[39.4519,0.15],[39.4575,0.15],[39.4631,0.1467],[39.4742,0.16],[39.4808,0.1578],[39.4853,0.1611],[39.4908,0.1611],[39.492,0.1589],[39.4942,0.1633],[39.4975,0.1622],[39.5008,0.1656],[39.5108,0.1644],[39.5164,0.1689],[39.5253,0.1689],[39.5275,0.1711],[39.5275,0.1744],[39.532,0.1767],[39.5308,0.1789],[39.5397,0.1844],[39.5442,0.19],[39.5475,0.1878],[39.5486,0.1889],[39.5508,0.1944],[39.5486,0.1967],[39.5553,0.2044],[39.5542,0.21],[39.5575,0.2133],[39.5597,0.2133],[39.562,0.2167],[39.5708,0.2222],[39.5742,0.2222],[39.5786,0.2189],[39.5819,0.22],[39.5919,0.2289],[39.5986,0.2322],[39.5986,0.2356],[39.6064,0.2378],[39.6097,0.2344],[39.6142,0.2389],[39.6208,0.2389],[39.6297,0.2478],[39.6331,0.2544],[39.6353,0.2533],[39.6408,0.2567]]}},{"type":"Feature","properties":{"id":"LG-0385","lagha_class":"III – Medium lagha (100–500 km²)","ff_hazard":"Low","ff_index":15.0,"system":"Lagh Dera system","upstream_km2":265.1,"strahler":2,"length_km":2.66,"near_town":"Saka","dist_town_km":54.9,"flooded_2023":false,"flooded_2024":null},"geometry":{"type":"LineString","coordinates":[[39.6408,0.2567],[39.6475,0.2611],[39.6531,0.2567],[39.6597,0.2556]]}},{"type":"Feature","properties":{"id":"LG-0386","lagha_class":"III – Medium lagha (100–500 km²)","ff_hazard":"Low","ff_index":15.4,"system":"Lagh Dera system","upstream_km2":274.8,"strahler":2,"length_km":4.91,"near_town":"Saka","dist_town_km":56.1,"flooded_2023":false,"flooded_2024":null},"geometry":{"type":"LineString","coordinates":[[39.6597,0.2556],[39.6742,0.2556],[39.6786,0.2589],[39.6853,0.2589],[39.6908,0.2633],[39.6908,0.2678],[39.6931,0.2689]]}},{"type":"Feature","properties":{"id":"LG-0387","lagha_class":"III – Medium lagha (100–500 km²)","ff_hazard":"Low","ff_index":15.6,"system":"Lagh Dera system","upstream_km2":332.5,"strahler":3,"length_km":2.98,"near_town":"Saka","dist_town_km":59.6,"flooded_2023":false,"flooded_2024":null},"geometry":{"type":"LineString","coordinates":[[39.6931,0.2689],[39.7097,0.2633],[39.7131,0.2578]]}},{"type":"Feature","properties":{"id":"LG-0388","lagha_class":"III – Medium lagha (100–500 km²)","ff_hazard":"Moderate","ff_index":26.6,"system":"Lagh Dera system","upstream_km2":383.2,"strahler":3,"length_km":8.6,"near_town":"Saka","dist_town_km":60.2,"flooded_2023":true,"flooded_2024":null},"geometry":{"type":"LineString","coordinates":[[39.7131,0.2578],[39.7253,0.2578],[39.7297,0.2533],[39.7386,0.2511],[39.7408,0.2533],[39.7508,0.25],[39.7531,0.2511],[39.7619,0.2433],[39.7697,0.2422],[39.7719,0.2456],[39.7775,0.2444]]}},{"type":"Feature","properties":{"id":"LG-0391","lagha_class":"III – Medium lagha (100–500 km²)","ff_hazard":"Low","ff_index":15.8,"system":"Lagh Dera system","upstream_km2":252.1,"strahler":2,"length_km":8.32,"near_town":"Dadaab","dist_town_km":35.4,"flooded_2023":false,"flooded_2024":null},"geometry":{"type":"LineString","coordinates":[[40.0031,0.1356],[40.0019,0.1367],[40.0064,0.1389],[40.0064,0.1444],[40.0097,0.1456],[40.0086,0.1467],[40.0131,0.1544],[40.0131,0.16],[40.0164,0.1644],[40.0153,0.1689],[40.0175,0.1711],[40.0175,0.1767],[40.0142,0.1822],[40.0164,0.1844],[40.0153,0.19],[40.0175,0.1922]]}},{"type":"Feature","properties":{"id":"LG-0392","lagha_class":"IV – Minor lagha / gully (15–100 km²)","ff_hazard":"Low","ff_index":10.5,"system":"Lagh Dera system","upstream_km2":96.4,"strahler":2,"length_km":7.87,"near_town":"Dadaab","dist_town_km":48.6,"flooded_2023":false,"flooded_2024":null},"geometry":{"type":"LineString","coordinates":[[39.8397,0.1244],[39.8419,0.1256],[39.8475,0.1211],[39.852,0.1222],[39.8542,0.1289],[39.8631,0.1278],[39.8653,0.1311],[39.8697,0.1311],[39.8731,0.1356],[39.8797,0.1389],[39.8842,0.1444],[39.8897,0.1444]]}},{"type":"Feature","properties":{"id":"LG-0398","lagha_class":"III – Medium lagha (100–500 km²)","ff_hazard":"Low","ff_index":12.0,"system":"Lagh Dera system","upstream_km2":156.5,"strahler":3,"length_km":3.64,"near_town":"Liboi","dist_town_km":29.1,"flooded_2023":false,"flooded_2024":null},"geometry":{"type":"LineString","coordinates":[[40.7164,0.1367],[40.7142,0.14],[40.7053,0.1389],[40.6997,0.1444],[40.6975,0.1533]]}},{"type":"Feature","properties":{"id":"LG-0399","lagha_class":"III – Medium lagha (100–500 km²)","ff_hazard":"Moderate","ff_index":18.7,"system":"Lagh Dera system","upstream_km2":335.9,"strahler":3,"length_km":3.1,"near_town":"Saka","dist_town_km":33.1,"flooded_2023":false,"flooded_2024":null},"geometry":{"type":"LineString","coordinates":[[39.5019,0.1178],[39.5042,0.1189],[39.5108,0.1089],[39.5175,0.11],[39.5219,0.1078]]}},{"type":"Feature","properties":{"id":"LG-0401","lagha_class":"II – Large lagha (500–2,000 km²)","ff_hazard":"High","ff_index":36.2,"system":"Tana basin","upstream_km2":542.6,"strahler":3,"length_km":1.36,"near_town":"Mbalambala","dist_town_km":19.5,"flooded_2023":false,"flooded_2024":null},"geometry":{"type":"LineString","coordinates":[[38.9142,0.0633],[38.9164,0.0578],[38.9131,0.0533]]}},{"type":"Feature","properties":{"id":"LG-0402","lagha_class":"II – Large lagha (500–2,000 km²)","ff_hazard":"High","ff_index":36.1,"system":"Tana basin","upstream_km2":737.6,"strahler":3,"length_km":11.77,"near_town":"Mbalambala","dist_town_km":11.6,"flooded_2023":false,"flooded_2024":null},"geometry":{"type":"LineString","coordinates":[[38.9131,0.0533],[38.9131,0.0489],[38.9231,0.0411],[38.9197,0.0333],[38.9275,0.0278],[38.9319,0.0278],[38.9319,0.0156],[38.9386,0.01],[38.9453,0.0],[38.9464,0.0011],[38.9508,-0.0022],[38.9497,-0.0067],[38.9519,-0.0089],[38.9542,-0.0078],[38.9642,-0.0122]]}},{"type":"Feature","properties":{"id":"LG-0404","lagha_class":"I – Major lagha (≥2,000 km²)","ff_hazard":"Very High","ff_index":55.8,"system":"Lagh Dera system","upstream_km2":13250.4,"strahler":5,"length_km":14.99,"near_town":"Dadaab","dist_town_km":22.7,"flooded_2023":true,"flooded_2024":null},"geometry":{"type":"LineString","coordinates":[[40.1342,0.1722],[40.1375,0.18],[40.1353,0.1844],[40.1375,0.19],[40.1331,0.1933],[40.1331,0.1989],[40.1386,0.2],[40.1408,0.1956],[40.1442,0.1956],[40.1486,0.1989],[40.1508,0.2044],[40.1553,0.2022],[40.1597,0.2033],[40.1631,0.2011],[40.1653,0.2056],[40.1631,0.2111],[40.1642,0.2133],[40.1597,0.2133],[40.1575,0.2167],[40.1608,0.2222],[40.1642,0.2233],[40.1675,0.2211],[40.1797,0.2344]]}},{"type":"Feature","properties":{"id":"LG-0405","lagha_class":"I – Major lagha (≥2,000 km²)","ff_hazard":"Very High","ff_index":61.7,"system":"Lagh Dera system","upstream_km2":17651.1,"strahler":5,"length_km":14.13,"near_town":"Hagadera","dist_town_km":23.3,"flooded_2023":true,"flooded_2024":null},"geometry":{"type":"LineString","coordinates":[[40.5697,0.1155],[40.5675,0.1189],[40.5653,0.1178],[40.5597,0.1233],[40.5553,0.1256],[40.5531,0.1244],[40.5519,0.1278],[40.5453,0.1333],[40.5419,0.1422],[40.5386,0.1444],[40.5386,0.15],[40.532,0.1511],[40.5331,0.16],[40.5308,0.1622],[40.5275,0.1611],[40.5231,0.1656],[40.5253,0.17],[40.5142,0.1833],[40.5142,0.1911],[40.5119,0.1922],[40.5119,0.1956]]}},{"type":"Feature","properties":{"id":"LG-0410","lagha_class":"IV – Minor lagha / gully (15–100 km²)","ff_hazard":"Low","ff_index":12.2,"system":"Lagh Dera system","upstream_km2":97.9,"strahler":2,"length_km":13.67,"near_town":"Mbalambala","dist_town_km":20.7,"flooded_2023":false,"flooded_2024":null},"geometry":{"type":"LineString","coordinates":[[39.1753,0.1178],[39.1775,0.1211],[39.1819,0.12],[39.1897,0.1233],[39.1942,0.1222],[39.2008,0.1289],[39.2031,0.1278],[39.2086,0.1322],[39.212,0.13],[39.2186,0.1344],[39.2231,0.1344],[39.2297,0.1411],[39.2331,0.1422],[39.2375,0.1389],[39.2408,0.1433],[39.2442,0.1433],[39.2519,0.1522],[39.2553,0.1489],[39.2608,0.1567],[39.2653,0.1578]]}},{"type":"Feature","properties":{"id":"LG-0411","lagha_class":"III – Medium lagha (100–500 km²)","ff_hazard":"Low","ff_index":16.0,"system":"Lagh Dera system","upstream_km2":236.9,"strahler":3,"length_km":7.98,"near_town":"Mbalambala","dist_town_km":30.7,"flooded_2023":false,"flooded_2024":null},"geometry":{"type":"LineString","coordinates":[[39.2653,0.1578],[39.2719,0.1611],[39.2764,0.1667],[39.2808,0.1644],[39.2986,0.1778],[39.3008,0.1767],[39.3019,0.1822],[39.3042,0.1833],[39.3031,0.1855],[39.3064,0.1889],[39.3097,0.1889],[39.3097,0.1911]]}},{"type":"Feature","properties":{"id":"LG-0412","lagha_class":"III – Medium lagha (100–500 km²)","ff_hazard":"High","ff_index":33.4,"system":"Lagh Dera system","upstream_km2":307.8,"strahler":3,"length_km":15.88,"near_town":"Saka","dist_town_km":36.3,"flooded_2023":false,"flooded_2024":null},"geometry":{"type":"LineString","coordinates":[[39.3097,0.1911],[39.312,0.1933],[39.3153,0.19],[39.3175,0.1944],[39.3242,0.2],[39.3375,0.2],[39.3431,0.2078],[39.352,0.21],[39.3531,0.2133],[39.3575,0.2122],[39.3597,0.2155],[39.3608,0.2133],[39.3675,0.2155],[39.3697,0.2189],[39.3786,0.2233],[39.382,0.23],[39.3864,0.2322],[39.3875,0.2367],[39.4031,0.2444],[39.4042,0.2478],[39.4075,0.2478]]}},{"type":"Feature","properties":{"id":"LG-0413","lagha_class":"III – Medium lagha (100–500 km²)","ff_hazard":"High","ff_index":35.7,"system":"Lagh Dera system","upstream_km2":462.1,"strahler":3,"length_km":2.73,"near_town":"Saka","dist_town_km":43.2,"flooded_2023":false,"flooded_2024":null},"geometry":{"type":"LineString","coordinates":[[39.4075,0.2478],[39.4075,0.25],[39.4119,0.2544],[39.4153,0.2544],[39.4175,0.2578],[39.4153,0.2644]]}},{"type":"Feature","properties":{"id":"LG-0414","lagha_class":"II – Large lagha (500–2,000 km²)","ff_hazard":"Moderate","ff_index":19.1,"system":"Lagh Dera system","upstream_km2":502.9,"strahler":3,"length_km":17.12,"near_town":"Saka","dist_town_km":45.1,"flooded_2023":false,"flooded_2024":null},"geometry":{"type":"LineString","coordinates":[[39.4153,0.2644],[39.4175,0.2667],[39.4208,0.2644],[39.4253,0.27],[39.4253,0.2756],[39.4297,0.28],[39.4286,0.2833],[39.4308,0.2867],[39.4386,0.2856],[39.4419,0.2878],[39.4397,0.2911],[39.4397,0.2955],[39.4453,0.2956],[39.4508,0.2922],[39.4586,0.2956],[39.4642,0.2933],[39.4686,0.2944],[39.4697,0.2967],[39.4719,0.2956],[39.4742,0.3011],[39.4797,0.3044],[39.4842,0.3011],[39.4953,0.3067],[39.5008,0.3056],[39.5142,0.3144]]}},{"type":"Feature","properties":{"id":"LG-0415","lagha_class":"II – Large lagha (500–2,000 km²)","ff_hazard":"High","ff_index":30.9,"system":"Lagh Dera system","upstream_km2":816.5,"strahler":3,"length_km":16.55,"near_town":"Saka","dist_town_km":53.5,"flooded_2023":true,"flooded_2024":null},"geometry":{"type":"LineString","coordinates":[[39.5142,0.3144],[39.5186,0.3178],[39.5197,0.3211],[39.5342,0.3211],[39.5386,0.3222],[39.5419,0.3256],[39.5486,0.3256],[39.5519,0.3278],[39.5531,0.3311],[39.5631,0.3311],[39.5719,0.3389],[39.5719,0.3456],[39.5786,0.3478],[39.5831,0.3556],[39.5931,0.35],[39.5953,0.3533],[39.5931,0.3567],[39.5964,0.3622],[39.602,0.3556],[39.6086,0.3589],[39.6097,0.3578]]}},{"type":"Feature","properties":{"id":"LG-0416","lagha_class":"II – Large lagha (500–2,000 km²)","ff_hazard":"High","ff_index":31.0,"system":"Lagh Dera system","upstream_km2":966.9,"strahler":3,"length_km":12.03,"near_town":"Saka","dist_town_km":62.3,"flooded_2023":true,"flooded_2024":null},"geometry":{"type":"LineString","coordinates":[[39.6097,0.3578],[39.6108,0.3567],[39.6131,0.3589],[39.6164,0.3589],[39.6153,0.3644],[39.6175,0.3633],[39.6231,0.3667],[39.6275,0.3667],[39.6375,0.3778],[39.6431,0.3778],[39.6453,0.38],[39.6486,0.3789],[39.6531,0.3856],[39.6575,0.3867],[39.6564,0.39],[39.6586,0.3967],[39.6664,0.3933],[39.6697,0.3989],[39.6731,0.4],[39.6708,0.4044]]}},{"type":"Feature","properties":{"id":"LG-0417","lagha_class":"II – Large lagha (500–2,000 km²)","ff_hazard":"Moderate","ff_index":22.4,"system":"Lagh Dera system","upstream_km2":970.2,"strahler":3,"length_km":3.57,"near_town":"Mado Gashi","dist_town_km":65.9,"flooded_2023":false,"flooded_2024":null},"geometry":{"type":"LineString","coordinates":[[39.6708,0.4044],[39.6819,0.4078],[39.6864,0.4067],[39.6953,0.4155]]}},{"type":"Feature","properties":{"id":"LG-0418","lagha_class":"I – Major lagha (≥2,000 km²)","ff_hazard":"Very High","ff_index":41.4,"system":"Lagh Dera system","upstream_km2":10394.7,"strahler":5,"length_km":3.25,"near_town":"Mado Gashi","dist_town_km":67.5,"flooded_2023":true,"flooded_2024":null},"geometry":{"type":"LineString","coordinates":[[39.6953,0.4155],[39.7019,0.4111],[39.7064,0.4122],[39.712,0.4078],[39.712,0.4056],[39.7164,0.4033]]}},{"type":"Feature","properties":{"id":"LG-0419","lagha_class":"I – Major lagha (≥2,000 km²)","ff_hazard":"Very High","ff_index":41.1,"system":"Lagh Dera system","upstream_km2":10437.1,"strahler":5,"length_km":4.09,"near_town":"Mado Gashi","dist_town_km":70.2,"flooded_2023":true,"flooded_2024":null},"geometry":{"type":"LineString","coordinates":[[39.7164,0.4033],[39.7208,0.4011],[39.7231,0.4044],[39.7297,0.4044],[39.742,0.3944],[39.742,0.3911]]}},{"type":"Feature","properties":{"id":"LG-0420","lagha_class":"I – Major lagha (≥2,000 km²)","ff_hazard":"Very High","ff_index":41.9,"system":"Lagh Dera system","upstream_km2":10505.3,"strahler":5,"length_km":2.87,"near_town":"Dadaab","dist_town_km":71.0,"flooded_2023":true,"flooded_2024":null},"geometry":{"type":"LineString","coordinates":[[39.742,0.3911],[39.7453,0.3856],[39.7519,0.3856],[39.7597,0.3778]]}},{"type":"Feature","properties":{"id":"LG-0421","lagha_class":"I – Major lagha (≥2,000 km²)","ff_hazard":"Very High","ff_index":41.2,"system":"Lagh Dera system","upstream_km2":10539.9,"strahler":5,"length_km":6.92,"near_town":"Dadaab","dist_town_km":65.7,"flooded_2023":true,"flooded_2024":null},"geometry":{"type":"LineString","coordinates":[[39.7597,0.3778],[39.7642,0.3789],[39.7686,0.3733],[39.7731,0.3733],[39.7764,0.3689],[39.7808,0.3711],[39.7942,0.3689],[39.8008,0.3711],[39.8075,0.37],[39.812,0.3722]]}},{"type":"Feature","properties":{"id":"LG-0422","lagha_class":"I – Major lagha (≥2,000 km²)","ff_hazard":"High","ff_index":31.7,"system":"Lagh Dera system","upstream_km2":10585.2,"strahler":5,"length_km":0.82,"near_town":"Dadaab","dist_town_km":64.9,"flooded_2023":false,"flooded_2024":null},"geometry":{"type":"LineString","coordinates":[[39.812,0.3722],[39.8164,0.3667]]}},{"type":"Feature","properties":{"id":"LG-0423","lagha_class":"I – Major lagha (≥2,000 km²)","ff_hazard":"Very High","ff_index":41.2,"system":"Lagh Dera system","upstream_km2":10608.6,"strahler":5,"length_km":1.71,"near_town":"Dadaab","dist_town_km":64.2,"flooded_2023":true,"flooded_2024":null},"geometry":{"type":"LineString","coordinates":[[39.8164,0.3667],[39.8197,0.3722],[39.8242,0.3722],[39.8264,0.37]]}},{"type":"Feature","properties":{"id":"LG-0424","lagha_class":"I – Major lagha (≥2,000 km²)","ff_hazard":"Very High","ff_index":41.4,"system":"Lagh Dera system","upstream_km2":10625.5,"strahler":5,"length_km":3.72,"near_town":"Dadaab","dist_town_km":61.6,"flooded_2023":true,"flooded_2024":null},"geometry":{"type":"LineString","coordinates":[[39.8264,0.37],[39.8331,0.3722],[39.8375,0.3689],[39.8442,0.3711],[39.852,0.37],[39.8553,0.3722]]}},{"type":"Feature","properties":{"id":"LG-0425","lagha_class":"I – Major lagha (≥2,000 km²)","ff_hazard":"Very High","ff_index":41.4,"system":"Lagh Dera system","upstream_km2":10736.0,"strahler":5,"length_km":4.17,"near_town":"Dadaab","dist_town_km":58.9,"flooded_2023":true,"flooded_2024":null},"geometry":{"type":"LineString","coordinates":[[39.8553,0.3722],[39.8608,0.3689],[39.8675,0.3678],[39.8708,0.3633],[39.8653,0.36],[39.8742,0.3578]]}},{"type":"Feature","properties":{"id":"LG-0426","lagha_class":"I – Major lagha (≥2,000 km²)","ff_hazard":"Very High","ff_index":41.1,"system":"Lagh Dera system","upstream_km2":10767.5,"strahler":5,"length_km":8.51,"near_town":"Dadaab","dist_town_km":54.3,"flooded_2023":true,"flooded_2024":null},"geometry":{"type":"LineString","coordinates":[[39.8742,0.3578],[39.8875,0.3578],[39.8919,0.36],[39.8986,0.3533],[39.9019,0.3589],[39.9086,0.3589],[39.9119,0.3522],[39.9153,0.3544],[39.9175,0.3522],[39.9142,0.3489],[39.9119,0.34]]}},{"type":"Feature","properties":{"id":"LG-0427","lagha_class":"I – Major lagha (≥2,000 km²)","ff_hazard":"Very High","ff_index":41.5,"system":"Lagh Dera system","upstream_km2":10863.8,"strahler":5,"length_km":9.12,"near_town":"Dadaab","dist_town_km":50.1,"flooded_2023":true,"flooded_2024":null},"geometry":{"type":"LineString","coordinates":[[39.9119,0.34],[39.9175,0.3378],[39.9208,0.3411],[39.9242,0.34],[39.9264,0.3422],[39.9297,0.3378],[39.9319,0.3422],[39.9386,0.3433],[39.9431,0.3489],[39.9453,0.3467],[39.9475,0.3489],[39.9553,0.3467],[39.9653,0.3555],[39.9686,0.3544],[39.9719,0.3567]]}},{"type":"Feature","properties":{"id":"LG-0428","lagha_class":"I – Major lagha (≥2,000 km²)","ff_hazard":"Very High","ff_index":60.5,"system":"Lagh Dera system","upstream_km2":10955.4,"strahler":5,"length_km":29.6,"near_town":"Dadaab","dist_town_km":29.0,"flooded_2023":true,"flooded_2024":null},"geometry":{"type":"LineString","coordinates":[[39.9719,0.3567],[39.9864,0.3433],[40.0042,0.3522],[40.0119,0.3522],[40.0231,0.3456],[40.0286,0.3467],[40.0386,0.3367],[40.0419,0.3389],[40.0453,0.3344],[40.0564,0.3322],[40.0597,0.3267],[40.0653,0.3244],[40.0675,0.3222],[40.0664,0.32],[40.0742,0.3133],[40.0764,0.3055],[40.0842,0.3055],[40.0797,0.3],[40.0808,0.2967],[40.0864,0.2889],[40.0897,0.2889],[40.0886,0.2822],[40.0975,0.27],[40.1031,0.2689],[40.1064,0.2722],[40.1131,0.2722],[40.1153,0.2678],[40.1108,0.2656],[40.1119,0.2622],[40.1175,0.26],[40.1231,0.25],[40.1275,0.2467]]}},{"type":"Feature","properties":{"id":"LG-0430","lagha_class":"III – Medium lagha (100–500 km²)","ff_hazard":"Low","ff_index":15.5,"system":"Lagh Dera system","upstream_km2":257.9,"strahler":3,"length_km":11.93,"near_town":"Saka","dist_town_km":52.8,"flooded_2023":false,"flooded_2024":null},"geometry":{"type":"LineString","coordinates":[[39.7497,0.1056],[39.7497,0.1167],[39.7519,0.1244],[39.7642,0.1433],[39.7608,0.1522],[39.7608,0.16],[39.7631,0.1633],[39.7608,0.1678],[39.7631,0.17],[39.7597,0.1744],[39.7608,0.1811],[39.7531,0.1911],[39.7542,0.1944]]}},{"type":"Feature","properties":{"id":"LG-0433","lagha_class":"IV – Minor lagha / gully (15–100 km²)","ff_hazard":"Low","ff_index":15.3,"system":"Local ephemeral drainage","upstream_km2":77.0,"strahler":2,"length_km":11.53,"near_town":"Mbalambala","dist_town_km":7.1,"flooded_2023":false,"flooded_2024":null},"geometry":{"type":"LineString","coordinates":[[39.0286,0.1022],[39.0275,0.1],[39.0297,0.0933],[39.0286,0.09],[39.0231,0.0856],[39.0231,0.0767],[39.0286,0.0689],[39.0375,0.0633],[39.0364,0.0611],[39.0442,0.0556],[39.0431,0.0544],[39.0453,0.05],[39.0519,0.0433],[39.0464,0.0311],[39.0497,0.0278]]}},{"type":"Feature","properties":{"id":"LG-0434","lagha_class":"IV – Minor lagha / gully (15–100 km²)","ff_hazard":"Low","ff_index":8.9,"system":"Lagh Dera system","upstream_km2":53.4,"strahler":2,"length_km":5.79,"near_town":"Saka","dist_town_km":48.6,"flooded_2023":false,"flooded_2024":null},"geometry":{"type":"LineString","coordinates":[[39.712,0.0967],[39.7086,0.1],[39.7097,0.1056],[39.7153,0.1089],[39.7164,0.1144],[39.7197,0.1133],[39.7231,0.1167],[39.7242,0.1278],[39.7297,0.1333]]}},{"type":"Feature","properties":{"id":"LG-0437","lagha_class":"IV – Minor lagha / gully (15–100 km²)","ff_hazard":"Low","ff_index":15.2,"system":"Tana basin","upstream_km2":99.9,"strahler":2,"length_km":11.14,"near_town":"Mbalambala","dist_town_km":10.6,"flooded_2023":false,"flooded_2024":null},"geometry":{"type":"LineString","coordinates":[[38.9675,0.0822],[38.9697,0.0789],[38.9697,0.0733],[38.9764,0.0667],[38.9775,0.0611],[38.9753,0.0544],[38.9708,0.0533],[38.9642,0.0467],[38.962,0.0378],[38.9686,0.0256],[38.9753,0.0211],[38.9797,0.0067]]}},{"type":"Feature","properties":{"id":"LG-0438","lagha_class":"IV – Minor lagha / gully (15–100 km²)","ff_hazard":"Low","ff_index":8.0,"system":"Lagh Dera system","upstream_km2":57.6,"strahler":2,"length_km":8.35,"near_town":"Dadaab","dist_town_km":49.5,"flooded_2023":false,"flooded_2024":null},"geometry":{"type":"LineString","coordinates":[[39.8419,0.0911],[39.8419,0.0955],[39.8375,0.0967],[39.8419,0.1022],[39.8542,0.1089],[39.8675,0.1089],[39.8686,0.1178],[39.8753,0.1267],[39.8786,0.1244]]}},{"type":"Feature","properties":{"id":"LG-0440","lagha_class":"III – Medium lagha (100–500 km²)","ff_hazard":"High","ff_index":28.9,"system":"Lagh Dera system","upstream_km2":257.7,"strahler":3,"length_km":13.73,"near_town":"Saka","dist_town_km":47.8,"flooded_2023":false,"flooded_2024":null},"geometry":{"type":"LineString","coordinates":[[39.6742,0.1356],[39.6831,0.1422],[39.6897,0.14],[39.6919,0.1456],[39.6975,0.1433],[39.6986,0.1456],[39.7031,0.1444],[39.7042,0.1467],[39.7064,0.1467],[39.7075,0.15],[39.7153,0.1544],[39.7164,0.16],[39.7186,0.16],[39.7208,0.1656],[39.7242,0.1644],[39.7253,0.1667],[39.7275,0.1667],[39.7286,0.17],[39.7331,0.1722],[39.7375,0.1811],[39.7453,0.1811],[39.7453,0.1855],[39.7497,0.1889]]}},{"type":"Feature","properties":{"id":"LG-0442","lagha_class":"III – Medium lagha (100–500 km²)","ff_hazard":"Low","ff_index":11.6,"system":"Lagh Dera system","upstream_km2":140.9,"strahler":2,"length_km":9.98,"near_town":"Dadaab","dist_town_km":43.2,"flooded_2023":false,"flooded_2024":null},"geometry":{"type":"LineString","coordinates":[[39.9231,0.0867],[39.9319,0.0944],[39.9286,0.0967],[39.9331,0.0989],[39.9231,0.1122],[39.9242,0.1133],[39.9208,0.1167],[39.9186,0.1155],[39.9153,0.1178],[39.9142,0.1211],[39.9108,0.1233],[39.9042,0.1356],[39.9053,0.1389],[39.9008,0.1422],[39.9019,0.1467]]}},{"type":"Feature","properties":{"id":"LG-0443","lagha_class":"IV – Minor lagha / gully (15–100 km²)","ff_hazard":"Low","ff_index":12.9,"system":"Lagh Dera system","upstream_km2":31.7,"strahler":2,"length_km":0.12,"near_town":"Dadaab","dist_town_km":8.9,"flooded_2023":false,"flooded_2024":null},"geometry":{"type":"LineString","coordinates":[[40.242,0.0867],[40.242,0.0878]]}},{"type":"Feature","properties":{"id":"LG-0445","lagha_class":"IV – Minor lagha / gully (15–100 km²)","ff_hazard":"Low","ff_index":7.7,"system":"Lagh Dera system","upstream_km2":57.6,"strahler":2,"length_km":6.55,"near_town":"Dadaab","dist_town_km":48.8,"flooded_2023":false,"flooded_2024":null},"geometry":{"type":"LineString","coordinates":[[39.8786,0.0856],[39.8797,0.0867],[39.8764,0.0911],[39.8797,0.0933],[39.8786,0.0944],[39.8808,0.0978],[39.8775,0.1022],[39.8775,0.1089],[39.8797,0.11],[39.8808,0.1144],[39.8786,0.1178],[39.8842,0.12],[39.882,0.1233],[39.8808,0.1222],[39.8786,0.1244]]}},{"type":"Feature","properties":{"id":"LG-0446","lagha_class":"IV – Minor lagha / gully (15–100 km²)","ff_hazard":"Low","ff_index":10.4,"system":"Lagh Dera system","upstream_km2":96.4,"strahler":2,"length_km":3.32,"near_town":"Dadaab","dist_town_km":48.4,"flooded_2023":false,"flooded_2024":null},"geometry":{"type":"LineString","coordinates":[[39.8786,0.1244],[39.882,0.1278],[39.8808,0.1322],[39.8897,0.1378],[39.8897,0.1444]]}},{"type":"Feature","properties":{"id":"LG-0447","lagha_class":"III – Medium lagha (100–500 km²)","ff_hazard":"Low","ff_index":11.7,"system":"Lagh Dera system","upstream_km2":140.9,"strahler":2,"length_km":2.01,"near_town":"Dadaab","dist_town_km":47.3,"flooded_2023":false,"flooded_2024":null},"geometry":{"type":"LineString","coordinates":[[39.8897,0.1444],[39.8986,0.1511],[39.9019,0.1467]]}},{"type":"Feature","properties":{"id":"LG-0448","lagha_class":"III – Medium lagha (100–500 km²)","ff_hazard":"Low","ff_index":12.0,"system":"Lagh Dera system","upstream_km2":147.4,"strahler":2,"length_km":2.21,"near_town":"Dadaab","dist_town_km":46.2,"flooded_2023":false,"flooded_2024":null},"geometry":{"type":"LineString","coordinates":[[39.9019,0.1467],[39.9064,0.1544],[39.9097,0.1544],[39.9142,0.1589]]}},{"type":"Feature","properties":{"id":"LG-0449","lagha_class":"III – Medium lagha (100–500 km²)","ff_hazard":"Low","ff_index":14.0,"system":"Lagh Dera system","upstream_km2":220.1,"strahler":2,"length_km":14.18,"near_town":"Dadaab","dist_town_km":38.4,"flooded_2023":false,"flooded_2024":null},"geometry":{"type":"LineString","coordinates":[[39.9142,0.1589],[39.9208,0.1667],[39.922,0.1656],[39.9242,0.1678],[39.9231,0.17],[39.9253,0.1733],[39.9286,0.1722],[39.9308,0.1744],[39.9297,0.1767],[39.9342,0.1811],[39.9464,0.1878],[39.9519,0.1878],[39.9553,0.1911],[39.9597,0.1867],[39.9642,0.1933],[39.9664,0.1922],[39.9686,0.1944],[39.9697,0.1978],[39.9764,0.1933],[39.9786,0.1944],[39.9808,0.19],[39.9875,0.1956],[39.9897,0.1911],[39.9964,0.1911]]}},{"type":"Feature","properties":{"id":"LG-0450","lagha_class":"III – Medium lagha (100–500 km²)","ff_hazard":"Low","ff_index":14.0,"system":"Lagh Dera system","upstream_km2":252.1,"strahler":2,"length_km":3.25,"near_town":"Dadaab","dist_town_km":36.3,"flooded_2023":false,"flooded_2024":null},"geometry":{"type":"LineString","coordinates":[[39.9964,0.1911],[40.0042,0.1944],[40.0097,0.1922],[40.0119,0.1956],[40.0142,0.1922],[40.0175,0.1922]]}},{"type":"Feature","properties":{"id":"LG-0451","lagha_class":"III – Medium lagha (100–500 km²)","ff_hazard":"Moderate","ff_index":25.0,"system":"Lagh Dera system","upstream_km2":307.8,"strahler":3,"length_km":2.85,"near_town":"Dadaab","dist_town_km":34.9,"flooded_2023":true,"flooded_2024":null},"geometry":{"type":"LineString","coordinates":[[40.0175,0.1922],[40.0253,0.1967],[40.0264,0.1956],[40.0286,0.2011],[40.0308,0.2],[40.0353,0.2022]]}},{"type":"Feature","properties":{"id":"LG-0452","lagha_class":"I – Major lagha (≥2,000 km²)","ff_hazard":"High","ff_index":34.7,"system":"Lagh Dera system","upstream_km2":2146.6,"strahler":4,"length_km":11.62,"near_town":"Dadaab","dist_town_km":30.7,"flooded_2023":true,"flooded_2024":null},"geometry":{"type":"LineString","coordinates":[[40.0353,0.2022],[40.0408,0.2056],[40.0419,0.2089],[40.0464,0.2089],[40.0464,0.2122],[40.0531,0.22],[40.0597,0.2222],[40.0597,0.23],[40.0664,0.2367],[40.0708,0.2367],[40.0719,0.2333],[40.0842,0.2378],[40.0897,0.2333],[40.0908,0.23],[40.0953,0.2311],[40.0942,0.2333],[40.0997,0.2367]]}},{"type":"Feature","properties":{"id":"LG-0453","lagha_class":"IV – Minor lagha / gully (15–100 km²)","ff_hazard":"Low","ff_index":12.9,"system":"Lagh Dera system","upstream_km2":31.7,"strahler":2,"length_km":0.35,"near_town":"Dadaab","dist_town_km":8.6,"flooded_2023":false,"flooded_2024":null},"geometry":{"type":"LineString","coordinates":[[40.2442,0.0856],[40.242,0.0878]]}},{"type":"Feature","properties":{"id":"LG-0454","lagha_class":"III – Medium lagha (100–500 km²)","ff_hazard":"Moderate","ff_index":23.4,"system":"Lagh Dera system","upstream_km2":225.4,"strahler":2,"length_km":7.42,"near_town":"Dadaab","dist_town_km":7.6,"flooded_2023":false,"flooded_2024":null},"geometry":{"type":"LineString","coordinates":[[40.242,0.0878],[40.2408,0.0889],[40.2442,0.0933],[40.2431,0.1022],[40.2464,0.1056],[40.2519,0.1044],[40.2564,0.1078],[40.2597,0.1078],[40.2608,0.1133],[40.2653,0.1122],[40.2742,0.1244]]}},{"type":"Feature","properties":{"id":"LG-0456","lagha_class":"IV – Minor lagha / gully (15–100 km²)","ff_hazard":"Low","ff_index":9.3,"system":"Lagh Dera system","upstream_km2":63.7,"strahler":2,"length_km":2.9,"near_town":"Saka","dist_town_km":25.5,"flooded_2023":false,"flooded_2024":null},"geometry":{"type":"LineString","coordinates":[[39.3486,0.0933],[39.3542,0.0944],[39.3564,0.0989],[39.3586,0.0978],[39.3619,0.1011],[39.3686,0.1011]]}},{"type":"Feature","properties":{"id":"LG-0457","lagha_class":"III – Medium lagha (100–500 km²)","ff_hazard":"Low","ff_index":13.6,"system":"Lagh Dera system","upstream_km2":158.7,"strahler":2,"length_km":13.03,"near_town":"Saka","dist_town_km":26.4,"flooded_2023":false,"flooded_2024":null},"geometry":{"type":"LineString","coordinates":[[39.3686,0.1011],[39.3786,0.1011],[39.3853,0.1033],[39.3875,0.1],[39.3953,0.0989],[39.3975,0.0967],[39.4097,0.0967],[39.4164,0.1],[39.4253,0.1],[39.4275,0.1022],[39.4353,0.1],[39.4408,0.1022],[39.4464,0.1],[39.4653,0.1011]]}},{"type":"Feature","properties":{"id":"LG-0459","lagha_class":"IV – Minor lagha / gully (15–100 km²)","ff_hazard":"Low","ff_index":8.6,"system":"Lagh Dera system","upstream_km2":53.4,"strahler":2,"length_km":7.68,"near_town":"Saka","dist_town_km":49.5,"flooded_2023":false,"flooded_2024":null},"geometry":{"type":"LineString","coordinates":[[39.7297,0.0811],[39.7353,0.0933],[39.7342,0.0989],[39.7308,0.1022],[39.7342,0.1067],[39.7386,0.1089],[39.7397,0.1144],[39.7364,0.1167],[39.7331,0.1244],[39.7342,0.1256],[39.7297,0.13],[39.7297,0.1333]]}},{"type":"Feature","properties":{"id":"LG-0460","lagha_class":"III – Medium lagha (100–500 km²)","ff_hazard":"Low","ff_index":11.5,"system":"Lagh Dera system","upstream_km2":110.2,"strahler":2,"length_km":6.04,"near_town":"Saka","dist_town_km":52.6,"flooded_2023":false,"flooded_2024":null},"geometry":{"type":"LineString","coordinates":[[39.7297,0.1333],[39.7331,0.1367],[39.7331,0.1467],[39.7375,0.1467],[39.7442,0.1511],[39.742,0.1533],[39.7408,0.1622],[39.7453,0.1678],[39.7453,0.1722]]}},{"type":"Feature","properties":{"id":"LG-0463","lagha_class":"III – Medium lagha (100–500 km²)","ff_hazard":"Moderate","ff_index":21.0,"system":"Tana basin","upstream_km2":221.4,"strahler":2,"length_km":8.39,"near_town":"Kora Wells","dist_town_km":3.9,"flooded_2023":false,"flooded_2024":null},"geometry":{"type":"LineString","coordinates":[[38.7486,-0.02],[38.7486,-0.0256],[38.7508,-0.0278],[38.7508,-0.0389],[38.7531,-0.0411],[38.7519,-0.05],[38.7597,-0.0511],[38.7621,-0.0535]]}},{"type":"Feature","properties":{"id":"LG-0465","lagha_class":"III – Medium lagha (100–500 km²)","ff_hazard":"Low","ff_index":12.0,"system":"Lagh Dera system","upstream_km2":156.5,"strahler":3,"length_km":9.96,"near_town":"Liboi","dist_town_km":29.1,"flooded_2023":false,"flooded_2024":null},"geometry":{"type":"LineString","coordinates":[[40.6553,0.1189],[40.6664,0.1289],[40.6653,0.1333],[40.6708,0.1378],[40.6708,0.14],[40.6664,0.1444],[40.6675,0.1467],[40.6642,0.15],[40.6642,0.1544],[40.6686,0.1544],[40.6742,0.1578],[40.6819,0.1578],[40.6897,0.15],[40.6942,0.15],[40.6975,0.1533]]}},{"type":"Feature","properties":{"id":"LG-0466","lagha_class":"III – Medium lagha (100–500 km²)","ff_hazard":"Moderate","ff_index":27.0,"system":"Lagh Dera system","upstream_km2":256.9,"strahler":3,"length_km":35.59,"near_town":"Liboi","dist_town_km":15.0,"flooded_2023":false,"flooded_2024":null},"geometry":{"type":"LineString","coordinates":[[40.6975,0.1533],[40.6997,0.1611],[40.7019,0.1633],[40.7075,0.1622],[40.7186,0.1744],[40.7342,0.1756],[40.7375,0.1722],[40.7519,0.1744],[40.7586,0.1711],[40.7608,0.1656],[40.7653,0.1611],[40.7708,0.1622],[40.7786,0.1578],[40.7831,0.1589],[40.7853,0.1567],[40.7886,0.1567],[40.7919,0.1533],[40.7964,0.1522],[40.8053,0.1422],[40.8097,0.1422],[40.8197,0.1378],[40.8253,0.1322],[40.8319,0.1311],[40.8375,0.1378],[40.8419,0.14],[40.8375,0.1444],[40.8464,0.1478],[40.8453,0.15],[40.8486,0.1567],[40.8464,0.1589],[40.8475,0.1611],[40.8453,0.1633],[40.8453,0.1678],[40.8375,0.1733],[40.8331,0.1733],[40.8253,0.18],[40.8264,0.1856],[40.8331,0.1911],[40.8319,0.1944],[40.8353,0.1978],[40.8297,0.2111],[40.8219,0.2156],[40.8153,0.2222],[40.8142,0.2278]]}},{"type":"Feature","properties":{"id":"LG-0467","lagha_class":"II – Large lagha (500–2,000 km²)","ff_hazard":"Moderate","ff_index":17.2,"system":"Lagh Dera system","upstream_km2":506.9,"strahler":3,"length_km":7.72,"near_town":"Liboi","dist_town_km":10.7,"flooded_2023":false,"flooded_2024":null},"geometry":{"type":"LineString","coordinates":[[40.8142,0.2278],[40.8142,0.2311],[40.8164,0.2333],[40.8153,0.24],[40.8208,0.2489],[40.8264,0.2478],[40.8286,0.25],[40.8275,0.2567],[40.8297,0.2589],[40.8319,0.26],[40.8364,0.2555],[40.8442,0.2544],[40.8486,0.2567]]}},{"type":"Feature","properties":{"id":"LG-0468","lagha_class":"II – Large lagha (500–2,000 km²)","ff_hazard":"Moderate","ff_index":17.7,"system":"Lagh Dera system","upstream_km2":592.8,"strahler":3,"length_km":1.56,"near_town":"Liboi","dist_town_km":9.7,"flooded_2023":false,"flooded_2024":null},"geometry":{"type":"LineString","coordinates":[[40.8486,0.2567],[40.8508,0.2589],[40.8542,0.2589],[40.8542,0.2622],[40.8575,0.2644]]}},{"type":"Feature","properties":{"id":"LG-0469","lagha_class":"II – Large lagha (500–2,000 km²)","ff_hazard":"Moderate","ff_index":17.8,"system":"Lagh Dera system","upstream_km2":614.7,"strahler":3,"length_km":8.35,"near_town":"Liboi","dist_town_km":7.9,"flooded_2023":false,"flooded_2024":null},"geometry":{"type":"LineString","coordinates":[[40.8575,0.2644],[40.8642,0.2622],[40.8686,0.2667],[40.8719,0.2667],[40.8764,0.2711],[40.8797,0.2711],[40.8886,0.2822],[40.8919,0.2822],[40.8953,0.2789],[40.8975,0.28],[40.9031,0.2756],[40.9075,0.2756],[40.9131,0.2833]]}},{"type":"Feature","properties":{"id":"LG-0470","lagha_class":"II – Large lagha (500–2,000 km²)","ff_hazard":"Moderate","ff_index":18.8,"system":"Lagh Dera system","upstream_km2":670.6,"strahler":3,"length_km":5.87,"near_town":"Liboi","dist_town_km":8.7,"flooded_2023":false,"flooded_2024":null},"geometry":{"type":"LineString","coordinates":[[40.9131,0.2833],[40.9153,0.2867],[40.9264,0.2878],[40.9286,0.2911],[40.9331,0.29],[40.9375,0.2933],[40.9386,0.2978],[40.9431,0.3011],[40.9419,0.3078],[40.9386,0.31]]}},{"type":"Feature","properties":{"id":"LG-0471","lagha_class":"II – Large lagha (500–2,000 km²)","ff_hazard":"Very High","ff_index":38.5,"system":"Lagh Dera system","upstream_km2":771.8,"strahler":3,"length_km":17.09,"near_town":"Liboi","dist_town_km":8.9,"flooded_2023":false,"flooded_2024":null},"geometry":{"type":"LineString","coordinates":[[40.9386,0.31],[40.9442,0.3133],[40.9431,0.3167],[40.9464,0.32],[40.9519,0.3222],[40.9586,0.3144],[40.9664,0.3144],[40.9708,0.3111],[40.9786,0.3167],[40.9897,0.3111],[41.0031,0.3122],[41.0201,0.2952]]}},{"type":"Feature","properties":{"id":"LG-0475","lagha_class":"III – Medium lagha (100–500 km²)","ff_hazard":"High","ff_index":28.7,"system":"Lagh Dera system","upstream_km2":142.3,"strahler":2,"length_km":27.24,"near_town":"Dadaab","dist_town_km":10.7,"flooded_2023":false,"flooded_2024":null},"geometry":{"type":"LineString","coordinates":[[40.0686,0.0644],[40.0753,0.0578],[40.0842,0.0667],[40.0886,0.0644],[40.0997,0.07],[40.1119,0.06],[40.1208,0.0567],[40.1231,0.0578],[40.1297,0.0533],[40.1342,0.0567],[40.1386,0.0544],[40.1431,0.0578],[40.1486,0.0556],[40.1486,0.0589],[40.1531,0.0633],[40.1542,0.0622],[40.1586,0.0689],[40.1708,0.0644],[40.1753,0.07],[40.1786,0.0689],[40.1797,0.0733],[40.1842,0.0722],[40.1864,0.0756],[40.1853,0.0789],[40.1875,0.0811],[40.1931,0.0778],[40.1964,0.08],[40.1964,0.0822],[40.2075,0.0856],[40.2142,0.0911],[40.2208,0.0889],[40.2231,0.09],[40.2242,0.0922],[40.2219,0.0944],[40.2253,0.0956],[40.2286,0.1],[40.2286,0.1111]]}},{"type":"Feature","properties":{"id":"LG-0476","lagha_class":"III – Medium lagha (100–500 km²)","ff_hazard":"Moderate","ff_index":19.3,"system":"Lagh Dera system","upstream_km2":146.2,"strahler":2,"length_km":4.96,"near_town":"Dadaab","dist_town_km":9.3,"flooded_2023":false,"flooded_2024":null},"geometry":{"type":"LineString","coordinates":[[40.2286,0.1111],[40.2342,0.1133],[40.2375,0.1111],[40.2475,0.1122],[40.2475,0.1156],[40.2542,0.1233],[40.2531,0.1289],[40.2553,0.13]]}},{"type":"Feature","properties":{"id":"LG-0477","lagha_class":"III – Medium lagha (100–500 km²)","ff_hazard":"Low","ff_index":13.0,"system":"Lagh Dera system","upstream_km2":225.4,"strahler":2,"length_km":3.05,"near_town":"Dadaab","dist_town_km":7.9,"flooded_2023":false,"flooded_2024":null},"geometry":{"type":"LineString","coordinates":[[40.2553,0.13],[40.2653,0.1311],[40.2675,0.1289],[40.2675,0.1244],[40.2742,0.1244]]}},{"type":"Feature","properties":{"id":"LG-0478","lagha_class":"III – Medium lagha (100–500 km²)","ff_hazard":"Very High","ff_index":48.6,"system":"Lagh Dera system","upstream_km2":302.6,"strahler":3,"length_km":11.79,"near_town":"Dadaab","dist_town_km":5.3,"flooded_2023":false,"flooded_2024":null},"geometry":{"type":"LineString","coordinates":[[40.2742,0.1244],[40.2775,0.1278],[40.2831,0.1278],[40.2875,0.1233],[40.2931,0.1311],[40.3008,0.1356],[40.3064,0.1322],[40.3086,0.1322],[40.3108,0.1356],[40.3142,0.1322],[40.3231,0.1333],[40.3275,0.1289],[40.3275,0.1244],[40.3364,0.1155],[40.3431,0.1155],[40.3475,0.1089]]}},{"type":"Feature","properties":{"id":"LG-0479","lagha_class":"II – Large lagha (500–2,000 km²)","ff_hazard":"Very High","ff_index":38.0,"system":"Lagh Dera system","upstream_km2":1552.9,"strahler":4,"length_km":6.15,"near_town":"Dadaab","dist_town_km":4.7,"flooded_2023":false,"flooded_2024":null},"geometry":{"type":"LineString","coordinates":[[40.3475,0.1089],[40.3508,0.1022],[40.3553,0.1],[40.3553,0.0978],[40.3531,0.0967],[40.3575,0.09],[40.3653,0.0933],[40.3742,0.0911],[40.3775,0.0944],[40.382,0.0956]]}},{"type":"Feature","properties":{"id":"LG-0481","lagha_class":"IV – Minor lagha / gully (15–100 km²)","ff_hazard":"Low","ff_index":15.2,"system":"Tana basin","upstream_km2":84.8,"strahler":2,"length_km":14.3,"near_town":"Kora Wells","dist_town_km":9.5,"flooded_2023":false,"flooded_2024":null},"geometry":{"type":"LineString","coordinates":[[38.8108,0.06],[38.8142,0.0556],[38.8142,0.0511],[38.8175,0.05],[38.8197,0.0467],[38.8131,0.0456],[38.8086,0.0367],[38.8131,0.0333],[38.8142,0.03],[38.812,0.0267],[38.8186,0.02],[38.8186,0.0122],[38.8242,0.0089],[38.8264,0.0011],[38.8464,-0.0078],[38.8497,-0.0056],[38.8542,-0.0056],[38.8575,-0.0078],[38.8597,-0.0033]]}},{"type":"Feature","properties":{"id":"LG-0482","lagha_class":"IV – Minor lagha / gully (15–100 km²)","ff_hazard":"Low","ff_index":14.7,"system":"Tana basin","upstream_km2":99.9,"strahler":2,"length_km":8.15,"near_town":"Mbalambala","dist_town_km":10.3,"flooded_2023":false,"flooded_2024":null},"geometry":{"type":"LineString","coordinates":[[38.9953,0.0578],[38.9953,0.0511],[38.9897,0.0444],[38.9908,0.0422],[38.9886,0.04],[38.9908,0.0355],[38.9953,0.0322],[38.9953,0.0278],[38.9931,0.0233],[38.9897,0.0244],[38.9864,0.0211],[38.9864,0.0167],[38.9819,0.0144],[38.9797,0.0067]]}},{"type":"Feature","properties":{"id":"LG-0483","lagha_class":"II – Large lagha (500–2,000 km²)","ff_hazard":"Moderate","ff_index":20.4,"system":"Tana basin","upstream_km2":737.6,"strahler":3,"length_km":3.97,"near_town":"Mbalambala","dist_town_km":10.2,"flooded_2023":false,"flooded_2024":null},"geometry":{"type":"LineString","coordinates":[[38.9797,0.0067],[38.9775,0.0033],[38.9797,-0.0022],[38.9786,-0.0078],[38.9764,-0.01],[38.9686,-0.0078],[38.9642,-0.0122]]}},{"type":"Feature","properties":{"id":"LG-0484","lagha_class":"I – Major lagha (≥2,000 km²)","ff_hazard":"Very High","ff_index":43.3,"system":"Tana basin","upstream_km2":2724.6,"strahler":4,"length_km":8.7,"near_town":"Mbalambala","dist_town_km":9.9,"flooded_2023":false,"flooded_2024":null},"geometry":{"type":"LineString","coordinates":[[38.9642,-0.0122],[38.9731,-0.02],[38.9753,-0.0289],[38.9742,-0.03],[38.9775,-0.0389],[38.9764,-0.0411]]}},{"type":"Feature","properties":{"id":"LG-0486","lagha_class":"II – Large lagha (500–2,000 km²)","ff_hazard":"Moderate","ff_index":18.1,"system":"Lagh Dera system","upstream_km2":708.1,"strahler":3,"length_km":5.14,"near_town":"Dadaab","dist_town_km":3.5,"flooded_2023":false,"flooded_2024":null},"geometry":{"type":"LineString","coordinates":[[40.3853,0.0544],[40.3831,0.0567],[40.3764,0.0544],[40.3719,0.0578],[40.3686,0.0578],[40.3608,0.0522],[40.3553,0.0556],[40.3508,0.0622]]}},{"type":"Feature","properties":{"id":"LG-0487","lagha_class":"IV – Minor lagha / gully (15–100 km²)","ff_hazard":"Low","ff_index":16.0,"system":"Local ephemeral drainage","upstream_km2":77.0,"strahler":2,"length_km":5.11,"near_town":"Mbalambala","dist_town_km":7.1,"flooded_2023":false,"flooded_2024":null},"geometry":{"type":"LineString","coordinates":[[39.0764,0.0522],[39.0697,0.0467],[39.0697,0.0444],[39.0642,0.0411],[39.0575,0.0433],[39.0531,0.0378],[39.0497,0.0278]]}},{"type":"Feature","properties":{"id":"LG-0488","lagha_class":"I – Major lagha (≥2,000 km²)","ff_hazard":"Very High","ff_index":45.4,"system":"Local ephemeral drainage","upstream_km2":2757.4,"strahler":4,"length_km":11.47,"near_town":"Mbalambala","dist_town_km":2.2,"flooded_2023":false,"flooded_2024":null},"geometry":{"type":"LineString","coordinates":[[39.0497,0.0278],[39.0497,0.0233],[39.0475,0.0211],[39.0497,0.0067],[39.0453,0.0011],[39.0497,-0.0033],[39.0497,-0.0111],[39.0542,-0.0144],[39.0531,-0.0189],[39.0497,-0.0189],[39.0475,-0.0211],[39.0431,-0.0318]]}},{"type":"Feature","properties":{"id":"LG-0490","lagha_class":"III – Medium lagha (100–500 km²)","ff_hazard":"Moderate","ff_index":17.6,"system":"Lagh Dera system","upstream_km2":314.9,"strahler":3,"length_km":10.36,"near_town":"Saka","dist_town_km":23.7,"flooded_2023":false,"flooded_2024":null},"geometry":{"type":"LineString","coordinates":[[39.4464,0.0489],[39.4553,0.0544],[39.462,0.0622],[39.4664,0.0622],[39.4697,0.0655],[39.4708,0.0644],[39.4742,0.0689],[39.4797,0.07],[39.4864,0.0778],[39.4942,0.0789],[39.5008,0.09],[39.5053,0.0911],[39.5086,0.1]]}},{"type":"Feature","properties":{"id":"LG-0492","lagha_class":"IV – Minor lagha / gully (15–100 km²)","ff_hazard":"Low","ff_index":10.0,"system":"Lagh Dera system","upstream_km2":63.7,"strahler":2,"length_km":1.78,"near_town":"Saka","dist_town_km":44.7,"flooded_2023":false,"flooded_2024":null},"geometry":{"type":"LineString","coordinates":[[39.6764,0.0856],[39.6786,0.0889],[39.6786,0.0933],[39.6831,0.0989]]}},{"type":"Feature","properties":{"id":"LG-0493","lagha_class":"III – Medium lagha (100–500 km²)","ff_hazard":"Low","ff_index":12.2,"system":"Lagh Dera system","upstream_km2":109.9,"strahler":2,"length_km":13.26,"near_town":"Saka","dist_town_km":46.2,"flooded_2023":false,"flooded_2024":null},"geometry":{"type":"LineString","coordinates":[[39.6831,0.0989],[39.6864,0.1033],[39.6864,0.1089],[39.6897,0.1133],[39.6908,0.12],[39.7031,0.1333],[39.7031,0.1378],[39.7108,0.1378],[39.7142,0.1478],[39.7186,0.1511],[39.7208,0.1578],[39.7242,0.16],[39.7253,0.1589],[39.7275,0.1633],[39.7319,0.1656],[39.7353,0.1644],[39.7453,0.1722]]}},{"type":"Feature","properties":{"id":"LG-0494","lagha_class":"III – Medium lagha (100–500 km²)","ff_hazard":"Low","ff_index":15.5,"system":"Lagh Dera system","upstream_km2":257.7,"strahler":3,"length_km":2.33,"near_town":"Saka","dist_town_km":56.5,"flooded_2023":false,"flooded_2024":null},"geometry":{"type":"LineString","coordinates":[[39.7453,0.1722],[39.7486,0.1756],[39.7519,0.1856],[39.7497,0.1889]]}},{"type":"Feature","properties":{"id":"LG-0495","lagha_class":"III – Medium lagha (100–500 km²)","ff_hazard":"Low","ff_index":13.4,"system":"Lagh Dera system","upstream_km2":257.9,"strahler":3,"length_km":0.89,"near_town":"Saka","dist_town_km":58.0,"flooded_2023":false,"flooded_2024":null},"geometry":{"type":"LineString","coordinates":[[39.7497,0.1889],[39.7508,0.1922],[39.7542,0.1944]]}},{"type":"Feature","properties":{"id":"LG-0496","lagha_class":"II – Large lagha (500–2,000 km²)","ff_hazard":"High","ff_index":28.3,"system":"Lagh Dera system","upstream_km2":517.3,"strahler":3,"length_km":5.49,"near_town":"Saka","dist_town_km":58.8,"flooded_2023":true,"flooded_2024":null},"geometry":{"type":"LineString","coordinates":[[39.7542,0.1944],[39.7564,0.2011],[39.7553,0.2033],[39.7597,0.2089],[39.7597,0.2178],[39.7642,0.2244],[39.7653,0.2367]]}},{"type":"Feature","properties":{"id":"LG-0498","lagha_class":"III – Medium lagha (100–500 km²)","ff_hazard":"High","ff_index":30.1,"system":"Lagh Dera system","upstream_km2":127.1,"strahler":2,"length_km":17.61,"near_town":"Liboi","dist_town_km":33.3,"flooded_2023":false,"flooded_2024":null},"geometry":{"type":"LineString","coordinates":[[40.9131,0.0533],[40.9142,0.05],[40.9186,0.0478],[40.9319,0.0478],[40.9342,0.0433],[40.9431,0.0389],[40.9519,0.0411],[40.9664,0.0322],[40.9708,0.0256],[40.9753,0.0267],[40.9819,0.0189],[40.9942,0.0189],[41.0201,0.0448]]}},{"type":"Feature","properties":{"id":"LG-0499","lagha_class":"IV – Minor lagha / gully (15–100 km²)","ff_hazard":"Low","ff_index":7.2,"system":"Local ephemeral drainage","upstream_km2":40.8,"strahler":2,"length_km":7.89,"near_town":"Saka","dist_town_km":18.2,"flooded_2023":false,"flooded_2024":null},"geometry":{"type":"LineString","coordinates":[[39.2753,0.04],[39.2831,0.0378],[39.2864,0.0344],[39.2997,0.04],[39.3031,0.0333],[39.3075,0.0355],[39.3097,0.0322],[39.312,0.0333],[39.3231,0.0267],[39.3297,0.0278]]}},{"type":"Feature","properties":{"id":"LG-0500","lagha_class":"III – Medium lagha (100–500 km²)","ff_hazard":"Very High","ff_index":43.9,"system":"Local ephemeral drainage","upstream_km2":124.4,"strahler":2,"length_km":16.21,"near_town":"Mbalambala","dist_town_km":5.8,"flooded_2023":true,"flooded_2024":null},"geometry":{"type":"LineString","coordinates":[[39.1453,0.0367],[39.1497,0.0289],[39.1475,0.0211],[39.1508,0.0122],[39.1486,0.0022],[39.1464,0.0],[39.1464,-0.0078],[39.1497,-0.0144],[39.1442,-0.0211],[39.1419,-0.0278],[39.1375,-0.0289],[39.1342,-0.0344],[39.1286,-0.0367],[39.1253,-0.0422],[39.1208,-0.0422],[39.1164,-0.0478],[39.1164,-0.0556],[39.1186,-0.06],[39.1164,-0.0622],[39.1175,-0.0656],[39.1131,-0.0745]]}},{"type":"Feature","properties":{"id":"LG-0503","lagha_class":"IV – Minor lagha / gully (15–100 km²)","ff_hazard":"Low","ff_index":4.7,"system":"Local ephemeral drainage","upstream_km2":41.0,"strahler":2,"length_km":0.35,"near_town":"Hagadera","dist_town_km":18.2,"flooded_2023":false,"flooded_2024":null},"geometry":{"type":"LineString","coordinates":[[40.5364,0.0311],[40.5342,0.0333]]}},{"type":"Feature","properties":{"id":"LG-0505","lagha_class":"III – Medium lagha (100–500 km²)","ff_hazard":"Low","ff_index":12.9,"system":"Lagh Dera system","upstream_km2":198.9,"strahler":3,"length_km":20.08,"near_town":"Hagadera","dist_town_km":9.8,"flooded_2023":false,"flooded_2024":null},"geometry":{"type":"LineString","coordinates":[[40.5342,0.0333],[40.5264,0.0322],[40.5186,0.0378],[40.5153,0.0378],[40.4997,0.0511],[40.5053,0.0578],[40.4975,0.0622],[40.4964,0.0767],[40.4897,0.0811],[40.492,0.0833],[40.4908,0.0856],[40.4797,0.0822],[40.4719,0.0878],[40.4697,0.0867],[40.462,0.0933],[40.4519,0.0933],[40.4486,0.0955],[40.4419,0.0944],[40.4386,0.0844],[40.4331,0.0811],[40.4253,0.0878]]}},{"type":"Feature","properties":{"id":"LG-0507","lagha_class":"II – Large lagha (500–2,000 km²)","ff_hazard":"Very High","ff_index":42.6,"system":"Lagh Dera system","upstream_km2":681.5,"strahler":3,"length_km":4.19,"near_town":"Dadaab","dist_town_km":0.0,"flooded_2023":false,"flooded_2024":null},"geometry":{"type":"LineString","coordinates":[[40.3175,0.07],[40.3253,0.0678],[40.3297,0.0622],[40.3353,0.0589],[40.3453,0.06],[40.3486,0.0578]]}},{"type":"Feature","properties":{"id":"LG-0509","lagha_class":"III – Medium lagha (100–500 km²)","ff_hazard":"High","ff_index":35.2,"system":"North-East coastal drainage","upstream_km2":158.2,"strahler":2,"length_km":16.76,"near_town":"Dadaab","dist_town_km":33.0,"flooded_2023":true,"flooded_2024":null},"geometry":{"type":"LineString","coordinates":[[39.9586,0.0233],[39.9653,0.0255],[39.9719,0.0178],[39.9775,0.0233],[39.9819,0.0222],[39.9842,0.02],[39.9819,0.0178],[39.9875,0.0122],[39.9953,0.0133],[40.0031,0.0067],[40.0075,0.0078],[40.0119,0.0022],[40.0164,0.0022],[40.0208,-0.0022],[40.0197,-0.0044],[40.0275,-0.0078],[40.0375,-0.0211],[40.0375,-0.0233],[40.0331,-0.0278],[40.0342,-0.0311],[40.032,-0.0344],[40.0386,-0.0389],[40.0386,-0.0433]]}},{"type":"Feature","properties":{"id":"LG-0510","lagha_class":"II – Large lagha (500–2,000 km²)","ff_hazard":"High","ff_index":32.9,"system":"Lagh Dera system","upstream_km2":1324.7,"strahler":4,"length_km":42.75,"near_town":"Saka","dist_town_km":43.5,"flooded_2023":true,"flooded_2024":null},"geometry":{"type":"LineString","coordinates":[[39.6964,0.0267],[39.6986,0.03],[39.7042,0.03],[39.7064,0.0278],[39.7131,0.0289],[39.7153,0.0222],[39.7219,0.0233],[39.7231,0.0211],[39.7253,0.0211],[39.7308,0.0244],[39.7331,0.0233],[39.7408,0.03],[39.7453,0.0389],[39.7497,0.0389],[39.7531,0.0422],[39.7519,0.0467],[39.7553,0.0544],[39.7586,0.0567],[39.7597,0.0611],[39.7575,0.0656],[39.7608,0.0722],[39.7697,0.0756],[39.7742,0.0822],[39.7786,0.0822],[39.7831,0.0922],[39.7897,0.0944],[39.7908,0.0956],[39.7886,0.0989],[39.7931,0.1011],[39.7964,0.1056],[39.7975,0.12],[39.7931,0.1255],[39.7986,0.1267],[39.7997,0.1322],[39.7975,0.1367],[39.8008,0.14],[39.8019,0.1478],[39.7975,0.15],[39.7964,0.1555],[39.7931,0.1578],[39.7875,0.1578],[39.7875,0.1611],[39.7831,0.1656],[39.7842,0.1711],[39.7808,0.1744],[39.7797,0.1811],[39.7764,0.1844],[39.7797,0.1889],[39.7786,0.1933],[39.782,0.1967],[39.7775,0.2056],[39.7775,0.2144],[39.7753,0.2156],[39.7775,0.2189],[39.7808,0.2189],[39.7797,0.2222],[39.7875,0.2289],[39.7875,0.2356],[39.7919,0.2378],[39.7931,0.2444],[39.7975,0.2478],[39.7953,0.2533]]}},{"type":"Feature","properties":{"id":"LG-0511","lagha_class":"IV – Minor lagha / gully (15–100 km²)","ff_hazard":"Low","ff_index":4.9,"system":"Local ephemeral drainage","upstream_km2":39.4,"strahler":2,"length_km":2.04,"near_town":"Hagadera","dist_town_km":29.1,"flooded_2023":false,"flooded_2024":null},"geometry":{"type":"LineString","coordinates":[[40.6486,0.0244],[40.6464,0.0267],[40.6353,0.0233],[40.6331,0.0244]]}},{"type":"Feature","properties":{"id":"LG-0512","lagha_class":"IV – Minor lagha / gully (15–100 km²)","ff_hazard":"Low","ff_index":8.2,"system":"Local ephemeral drainage","upstream_km2":40.8,"strahler":2,"length_km":3.42,"near_town":"Saka","dist_town_km":17.6,"flooded_2023":false,"flooded_2024":null},"geometry":{"type":"LineString","coordinates":[[39.3064,0.0233],[39.3108,0.02],[39.3131,0.02],[39.3142,0.0222],[39.3208,0.0211],[39.322,0.0233],[39.3264,0.0233],[39.3297,0.0278]]}},{"type":"Feature","properties":{"id":"LG-0513","lagha_class":"IV – Minor lagha / gully (15–100 km²)","ff_hazard":"Moderate","ff_index":21.8,"system":"Lagh Dera system","upstream_km2":53.5,"strahler":2,"length_km":12.82,"near_town":"Saka","dist_town_km":17.9,"flooded_2023":false,"flooded_2024":null},"geometry":{"type":"LineString","coordinates":[[39.3297,0.0278],[39.3331,0.03],[39.3353,0.0278],[39.3353,0.0244],[39.3375,0.0244],[39.3475,0.0378],[39.352,0.0389],[39.3531,0.0367],[39.3653,0.0422],[39.3697,0.04],[39.3764,0.0411],[39.3842,0.0511],[39.3864,0.0489],[39.3897,0.05],[39.3908,0.0544],[39.3964,0.0578],[39.3964,0.0611],[39.4031,0.0633],[39.4042,0.0667]]}},{"type":"Feature","properties":{"id":"LG-0514","lagha_class":"III – Medium lagha (100–500 km²)","ff_hazard":"Low","ff_index":14.0,"system":"Lagh Dera system","upstream_km2":159.8,"strahler":2,"length_km":9.48,"near_town":"Saka","dist_town_km":23.6,"flooded_2023":false,"flooded_2024":null},"geometry":{"type":"LineString","coordinates":[[39.4042,0.0667],[39.4097,0.0711],[39.4208,0.0733],[39.4242,0.0778],[39.4275,0.0767],[39.4308,0.0789],[39.4331,0.0767],[39.4364,0.0811],[39.4497,0.0867],[39.4531,0.09],[39.4564,0.09],[39.4597,0.0956],[39.4608,0.0944],[39.4653,0.0989],[39.4653,0.1011]]}},{"type":"Feature","properties":{"id":"LG-0515","lagha_class":"III – Medium lagha (100–500 km²)","ff_hazard":"Low","ff_index":15.9,"system":"Lagh Dera system","upstream_km2":272.2,"strahler":3,"length_km":5.48,"near_town":"Saka","dist_town_km":29.7,"flooded_2023":false,"flooded_2024":null},"geometry":{"type":"LineString","coordinates":[[39.4653,0.1011],[39.4697,0.1033],[39.4731,0.1011],[39.4831,0.1011],[39.4864,0.0989],[39.492,0.0989],[39.4964,0.1011],[39.5086,0.1]]}},{"type":"Feature","properties":{"id":"LG-0516","lagha_class":"III – Medium lagha (100–500 km²)","ff_hazard":"Moderate","ff_index":18.6,"system":"Lagh Dera system","upstream_km2":335.9,"strahler":3,"length_km":2.09,"near_town":"Saka","dist_town_km":32.2,"flooded_2023":false,"flooded_2024":null},"geometry":{"type":"LineString","coordinates":[[39.5086,0.1],[39.5164,0.1033],[39.5186,0.1078],[39.5219,0.1078]]}},{"type":"Feature","properties":{"id":"LG-0517","lagha_class":"III – Medium lagha (100–500 km²)","ff_hazard":"Moderate","ff_index":18.2,"system":"Lagh Dera system","upstream_km2":397.3,"strahler":3,"length_km":30.5,"near_town":"Saka","dist_town_km":33.7,"flooded_2023":false,"flooded_2024":null},"geometry":{"type":"LineString","coordinates":[[39.5219,0.1078],[39.5364,0.1133],[39.5442,0.1189],[39.5497,0.1167],[39.5542,0.1178],[39.5575,0.1222],[39.5631,0.1222],[39.5719,0.1322],[39.5808,0.1322],[39.5853,0.1378],[39.5875,0.1367],[39.5908,0.1389],[39.5953,0.1478],[39.6008,0.1511],[39.6008,0.1533],[39.6053,0.1578],[39.6086,0.1578],[39.6186,0.1656],[39.6253,0.1667],[39.6308,0.1722],[39.6297,0.1744],[39.6331,0.1767],[39.6364,0.1833],[39.6408,0.1822],[39.6464,0.1889],[39.6508,0.1911],[39.6542,0.19],[39.6597,0.1956],[39.6642,0.1956],[39.6675,0.2],[39.672,0.2],[39.6775,0.2078],[39.6797,0.2056],[39.6853,0.2122],[39.6864,0.2111],[39.6897,0.2133],[39.6897,0.2155],[39.6931,0.2144],[39.6975,0.2178],[39.7019,0.2167],[39.7064,0.22],[39.7131,0.22]]}},{"type":"Feature","properties":{"id":"LG-0518","lagha_class":"III – Medium lagha (100–500 km²)","ff_hazard":"High","ff_index":28.0,"system":"Lagh Dera system","upstream_km2":440.2,"strahler":3,"length_km":6.35,"near_town":"Saka","dist_town_km":57.2,"flooded_2023":true,"flooded_2024":null},"geometry":{"type":"LineString","coordinates":[[39.7131,0.22],[39.7186,0.22],[39.7208,0.2222],[39.7219,0.2211],[39.7264,0.2278],[39.7331,0.2311],[39.7331,0.2333],[39.7408,0.2411],[39.7542,0.2378]]}},{"type":"Feature","properties":{"id":"LG-0519","lagha_class":"II – Large lagha (500–2,000 km²)","ff_hazard":"High","ff_index":28.1,"system":"Lagh Dera system","upstream_km2":517.3,"strahler":3,"length_km":1.39,"near_town":"Saka","dist_town_km":61.9,"flooded_2023":true,"flooded_2024":null},"geometry":{"type":"LineString","coordinates":[[39.7542,0.2378],[39.7653,0.2367]]}},{"type":"Feature","properties":{"id":"LG-0520","lagha_class":"II – Large lagha (500–2,000 km²)","ff_hazard":"High","ff_index":29.9,"system":"Lagh Dera system","upstream_km2":830.1,"strahler":4,"length_km":1.93,"near_town":"Saka","dist_town_km":62.8,"flooded_2023":true,"flooded_2024":null},"geometry":{"type":"LineString","coordinates":[[39.7653,0.2367],[39.7719,0.2367],[39.7775,0.2444]]}},{"type":"Feature","properties":{"id":"LG-0521","lagha_class":"II – Large lagha (500–2,000 km²)","ff_hazard":"High","ff_index":30.9,"system":"Lagh Dera system","upstream_km2":1217.4,"strahler":4,"length_km":3.22,"near_town":"Dadaab","dist_town_km":61.8,"flooded_2023":true,"flooded_2024":null},"geometry":{"type":"LineString","coordinates":[[39.7775,0.2444],[39.782,0.2455],[39.7853,0.2422],[39.7886,0.2444],[39.7875,0.2489],[39.7953,0.2533]]}},{"type":"Feature","properties":{"id":"LG-0522","lagha_class":"II – Large lagha (500–2,000 km²)","ff_hazard":"Very High","ff_index":48.0,"system":"Lagh Dera system","upstream_km2":1325.8,"strahler":4,"length_km":3.1,"near_town":"Dadaab","dist_town_km":61.3,"flooded_2023":true,"flooded_2024":null},"geometry":{"type":"LineString","coordinates":[[39.7953,0.2533],[39.8053,0.2667],[39.8075,0.2733]]}},{"type":"Feature","properties":{"id":"LG-0523","lagha_class":"II – Large lagha (500–2,000 km²)","ff_hazard":"Very High","ff_index":47.7,"system":"Lagh Dera system","upstream_km2":1378.2,"strahler":4,"length_km":2.28,"near_town":"Dadaab","dist_town_km":59.7,"flooded_2023":true,"flooded_2024":null},"geometry":{"type":"LineString","coordinates":[[39.8075,0.2733],[39.8108,0.2733],[39.8108,0.2689],[39.8208,0.2689]]}},{"type":"Feature","properties":{"id":"LG-0524","lagha_class":"II – Large lagha (500–2,000 km²)","ff_hazard":"Very High","ff_index":45.6,"system":"Lagh Dera system","upstream_km2":1439.2,"strahler":4,"length_km":5.08,"near_town":"Dadaab","dist_town_km":57.2,"flooded_2023":true,"flooded_2024":null},"geometry":{"type":"LineString","coordinates":[[39.8208,0.2689],[39.8231,0.2733],[39.8275,0.2733],[39.8297,0.2756],[39.8319,0.2744],[39.8386,0.28],[39.8419,0.2778],[39.8453,0.2811],[39.8464,0.2856],[39.852,0.2844]]}},{"type":"Feature","properties":{"id":"LG-0525","lagha_class":"II – Large lagha (500–2,000 km²)","ff_hazard":"Very High","ff_index":45.3,"system":"Lagh Dera system","upstream_km2":1468.4,"strahler":4,"length_km":6.93,"near_town":"Dadaab","dist_town_km":55.3,"flooded_2023":true,"flooded_2024":null},"geometry":{"type":"LineString","coordinates":[[39.852,0.2844],[39.8553,0.2844],[39.852,0.29],[39.8531,0.2911],[39.8575,0.2911],[39.8675,0.2967],[39.8675,0.3],[39.8653,0.3022],[39.8664,0.3044],[39.8697,0.3022],[39.8731,0.3056],[39.8775,0.3011],[39.8808,0.3044]]}},{"type":"Feature","properties":{"id":"LG-0526","lagha_class":"II – Large lagha (500–2,000 km²)","ff_hazard":"High","ff_index":32.7,"system":"Lagh Dera system","upstream_km2":1634.1,"strahler":4,"length_km":12.19,"near_town":"Dadaab","dist_town_km":48.2,"flooded_2023":true,"flooded_2024":null},"geometry":{"type":"LineString","coordinates":[[39.8808,0.3044],[39.8897,0.3044],[39.8908,0.3022],[39.9008,0.3089],[39.9019,0.3078],[39.9042,0.31],[39.9097,0.31],[39.9131,0.3133],[39.9164,0.3111],[39.9231,0.3189],[39.9275,0.3178],[39.9308,0.3211],[39.9331,0.3189],[39.9364,0.3211],[39.9419,0.3156],[39.9475,0.3133],[39.9519,0.3178],[39.962,0.3156]]}},{"type":"Feature","properties":{"id":"LG-0527","lagha_class":"II – Large lagha (500–2,000 km²)","ff_hazard":"High","ff_index":32.8,"system":"Lagh Dera system","upstream_km2":1654.8,"strahler":4,"length_km":10.08,"near_town":"Dadaab","dist_town_km":40.9,"flooded_2023":true,"flooded_2024":null},"geometry":{"type":"LineString","coordinates":[[39.962,0.3156],[39.9631,0.3167],[39.9675,0.31],[39.9708,0.3133],[39.9742,0.3133],[39.9764,0.31],[39.9808,0.3089],[39.9831,0.3089],[39.9853,0.3122],[39.9897,0.31],[39.992,0.3111],[39.9953,0.3078],[39.9964,0.3089],[40.0008,0.3067],[40.0086,0.3],[40.0142,0.2978],[40.0153,0.2989],[40.0186,0.2933],[40.0219,0.2933],[40.0231,0.2878]]}},{"type":"Feature","properties":{"id":"LG-0528","lagha_class":"II – Large lagha (500–2,000 km²)","ff_hazard":"High","ff_index":32.3,"system":"Lagh Dera system","upstream_km2":1727.2,"strahler":4,"length_km":2.58,"near_town":"Dadaab","dist_town_km":38.5,"flooded_2023":true,"flooded_2024":null},"geometry":{"type":"LineString","coordinates":[[40.0231,0.2878],[40.0386,0.2722]]}},{"type":"Feature","properties":{"id":"LG-0529","lagha_class":"I – Major lagha (≥2,000 km²)","ff_hazard":"High","ff_index":34.0,"system":"Lagh Dera system","upstream_km2":2146.6,"strahler":4,"length_km":10.2,"near_town":"Dadaab","dist_town_km":30.6,"flooded_2023":true,"flooded_2024":null},"geometry":{"type":"LineString","coordinates":[[40.0386,0.2722],[40.0408,0.2678],[40.0442,0.2689],[40.0531,0.2622],[40.0564,0.2622],[40.0597,0.2656],[40.062,0.2633],[40.0675,0.2644],[40.0753,0.2567],[40.0753,0.2533],[40.0797,0.25],[40.0908,0.2522],[40.0942,0.2489],[40.0953,0.2444],[40.0997,0.2411],[40.0997,0.2367]]}},{"type":"Feature","properties":{"id":"LG-0530","lagha_class":"I – Major lagha (≥2,000 km²)","ff_hazard":"High","ff_index":34.1,"system":"Lagh Dera system","upstream_km2":2181.2,"strahler":4,"length_km":6.3,"near_town":"Dadaab","dist_town_km":27.9,"flooded_2023":true,"flooded_2024":null},"geometry":{"type":"LineString","coordinates":[[40.0997,0.2367],[40.1053,0.2311],[40.1164,0.2311],[40.1231,0.2267],[40.1231,0.2311],[40.1264,0.2344],[40.1264,0.2389],[40.1231,0.2444],[40.1275,0.2467]]}},{"type":"Feature","properties":{"id":"LG-0531","lagha_class":"I – Major lagha (≥2,000 km²)","ff_hazard":"Very High","ff_index":42.6,"system":"Lagh Dera system","upstream_km2":13250.4,"strahler":5,"length_km":7.12,"near_town":"Dadaab","dist_town_km":24.0,"flooded_2023":true,"flooded_2024":null},"geometry":{"type":"LineString","coordinates":[[40.1275,0.2467],[40.1353,0.2467],[40.1442,0.2389],[40.1486,0.2378],[40.1608,0.2433],[40.1619,0.24],[40.1697,0.2344],[40.1797,0.2344]]}},{"type":"Feature","properties":{"id":"LG-0532","lagha_class":"I – Major lagha (≥2,000 km²)","ff_hazard":"Very High","ff_index":42.4,"system":"Lagh Dera system","upstream_km2":13266.4,"strahler":5,"length_km":8.24,"near_town":"Dadaab","dist_town_km":21.3,"flooded_2023":true,"flooded_2024":null},"geometry":{"type":"LineString","coordinates":[[40.1797,0.2344],[40.1831,0.2333],[40.1842,0.2289],[40.1875,0.2267],[40.1931,0.2311],[40.1931,0.2333],[40.1953,0.2322],[40.2019,0.2367],[40.2053,0.2344],[40.2075,0.2389],[40.2108,0.2389],[40.2153,0.2422],[40.2231,0.2378],[40.2275,0.2411],[40.2319,0.2411]]}},{"type":"Feature","properties":{"id":"LG-0533","lagha_class":"I – Major lagha (≥2,000 km²)","ff_hazard":"Very High","ff_index":68.1,"system":"Lagh Dera system","upstream_km2":15193.9,"strahler":5,"length_km":11.71,"near_town":"Dadaab","dist_town_km":16.0,"flooded_2023":true,"flooded_2024":null},"geometry":{"type":"LineString","coordinates":[[40.2319,0.2411],[40.2331,0.24],[40.2386,0.2433],[40.2464,0.2389],[40.2486,0.2411],[40.2475,0.2433],[40.2531,0.2478],[40.2553,0.2411],[40.2608,0.2444],[40.2619,0.2411],[40.2653,0.2389],[40.2697,0.24],[40.2775,0.2344],[40.282,0.2344],[40.2875,0.2256],[40.2919,0.2233],[40.2919,0.22],[40.3008,0.2133]]}},{"type":"Feature","properties":{"id":"LG-0534","lagha_class":"I – Major lagha (≥2,000 km²)","ff_hazard":"Very High","ff_index":68.1,"system":"Lagh Dera system","upstream_km2":15277.6,"strahler":5,"length_km":1.39,"near_town":"Dadaab","dist_town_km":15.9,"flooded_2023":true,"flooded_2024":null},"geometry":{"type":"LineString","coordinates":[[40.3008,0.2133],[40.3019,0.2122],[40.312,0.2144]]}},{"type":"Feature","properties":{"id":"LG-0535","lagha_class":"I – Major lagha (≥2,000 km²)","ff_hazard":"Very High","ff_index":66.8,"system":"Lagh Dera system","upstream_km2":15279.3,"strahler":5,"length_km":2.55,"near_town":"Dadaab","dist_town_km":14.4,"flooded_2023":true,"flooded_2024":null},"geometry":{"type":"LineString","coordinates":[[40.312,0.2144],[40.3186,0.2011],[40.3242,0.2]]}},{"type":"Feature","properties":{"id":"LG-0536","lagha_class":"I – Major lagha (≥2,000 km²)","ff_hazard":"Very High","ff_index":64.0,"system":"Lagh Dera system","upstream_km2":15344.4,"strahler":5,"length_km":0.99,"near_town":"Dadaab","dist_town_km":13.7,"flooded_2023":true,"flooded_2024":null},"geometry":{"type":"LineString","coordinates":[[40.3242,0.2],[40.3297,0.1933]]}},{"type":"Feature","properties":{"id":"LG-0537","lagha_class":"I – Major lagha (≥2,000 km²)","ff_hazard":"Very High","ff_index":53.0,"system":"Lagh Dera system","upstream_km2":15469.0,"strahler":5,"length_km":14.47,"near_town":"Dadaab","dist_town_km":13.6,"flooded_2023":true,"flooded_2024":null},"geometry":{"type":"LineString","coordinates":[[40.3297,0.1933],[40.3486,0.1933],[40.352,0.19],[40.3564,0.19],[40.3586,0.1878],[40.3608,0.1889],[40.3642,0.1844],[40.3719,0.1867],[40.3742,0.19],[40.3808,0.1911],[40.3842,0.1878],[40.3831,0.1855],[40.3853,0.1833],[40.3886,0.1844],[40.3908,0.1822],[40.3953,0.1822],[40.3986,0.1767],[40.4053,0.18],[40.4064,0.1789],[40.4119,0.1833],[40.4131,0.1822],[40.4175,0.1867],[40.4231,0.1867],[40.4297,0.1822]]}},{"type":"Feature","properties":{"id":"LG-0538","lagha_class":"I – Major lagha (≥2,000 km²)","ff_hazard":"Very High","ff_index":43.4,"system":"Lagh Dera system","upstream_km2":15523.1,"strahler":5,"length_km":5.16,"near_town":"Dadaab","dist_town_km":17.4,"flooded_2023":true,"flooded_2024":null},"geometry":{"type":"LineString","coordinates":[[40.4297,0.1822],[40.4319,0.1844],[40.4386,0.1822],[40.4453,0.1855],[40.4497,0.1856],[40.4531,0.1855],[40.4564,0.1811],[40.4642,0.1833],[40.4675,0.1822]]}},{"type":"Feature","properties":{"id":"LG-0540","lagha_class":"IV – Minor lagha / gully (15–100 km²)","ff_hazard":"Low","ff_index":9.2,"system":"North-East coastal drainage","upstream_km2":73.9,"strahler":2,"length_km":11.64,"near_town":"Saka","dist_town_km":29.3,"flooded_2023":false,"flooded_2024":null},"geometry":{"type":"LineString","coordinates":[[39.5519,0.0211],[39.5553,0.0211],[39.5675,0.0056],[39.5775,-0.0011],[39.5819,0.0022],[39.5853,-0.0011],[39.5864,0.0],[39.5964,-0.0133],[39.6064,-0.0133],[39.6131,-0.0189],[39.6131,-0.0222],[39.6219,-0.0289]]}},{"type":"Feature","properties":{"id":"LG-0544","lagha_class":"I – Major lagha (≥2,000 km²)","ff_hazard":"Moderate","ff_index":23.6,"system":"Lagh Dera system","upstream_km2":2034.0,"strahler":4,"length_km":30.98,"near_town":"Hagadera","dist_town_km":14.3,"flooded_2023":false,"flooded_2024":null},"geometry":{"type":"LineString","coordinates":[[40.6331,0.0244],[40.6186,0.0367],[40.6197,0.0433],[40.6153,0.0478],[40.6064,0.0522],[40.5875,0.07],[40.5831,0.0711],[40.5631,0.0911],[40.5586,0.0911],[40.5353,0.1133],[40.5197,0.11],[40.5175,0.1078],[40.5153,0.1078],[40.5108,0.1122],[40.5075,0.1089],[40.5064,0.1167],[40.5008,0.1211],[40.4719,0.1244],[40.4664,0.1244],[40.4575,0.1178],[40.4531,0.1167],[40.4475,0.1255],[40.4442,0.1255],[40.4342,0.1356],[40.4342,0.1378],[40.4308,0.1378]]}},{"type":"Feature","properties":{"id":"LG-0546","lagha_class":"III – Medium lagha (100–500 km²)","ff_hazard":"Low","ff_index":11.8,"system":"Lagh Dera system","upstream_km2":152.6,"strahler":2,"length_km":20.22,"near_town":"Liboi","dist_town_km":38.0,"flooded_2023":false,"flooded_2024":null},"geometry":{"type":"LineString","coordinates":[[40.7642,0.0244],[40.7719,0.0189],[40.7764,0.0189],[40.7875,0.0122],[40.7919,0.0122],[40.8064,0.0],[40.8075,-0.0044],[40.8186,-0.0044],[40.8197,-0.0089],[40.8231,-0.0122],[40.8308,-0.0133],[40.8564,-0.0311],[40.8697,-0.0311],[40.8719,-0.0333],[40.8775,-0.0333],[40.8797,-0.0367],[40.8842,-0.0322],[40.8864,-0.0367],[40.8997,-0.0356],[40.9019,-0.0378]]}},{"type":"Feature","properties":{"id":"LG-0547","lagha_class":"IV – Minor lagha / gully (15–100 km²)","ff_hazard":"Moderate","ff_index":17.9,"system":"Tana basin","upstream_km2":84.8,"strahler":2,"length_km":1.84,"near_town":"Kora Wells","dist_town_km":13.5,"flooded_2023":false,"flooded_2024":null},"geometry":{"type":"LineString","coordinates":[[38.8497,0.0056],[38.8542,0.0022],[38.8542,-0.0011],[38.8597,-0.0033]]}},{"type":"Feature","properties":{"id":"LG-0548","lagha_class":"II – Large lagha (500–2,000 km²)","ff_hazard":"Very High","ff_index":38.7,"system":"Tana basin","upstream_km2":1737.4,"strahler":4,"length_km":15.82,"near_town":"Kora Wells","dist_town_km":14.7,"flooded_2023":true,"flooded_2024":null},"geometry":{"type":"LineString","coordinates":[[38.8597,-0.0033],[38.8642,-0.0056],[38.8686,-0.0156],[38.8586,-0.0256],[38.8608,-0.03],[38.8664,-0.0333],[38.8664,-0.04],[38.8731,-0.0433],[38.8708,-0.0478],[38.8719,-0.05],[38.8697,-0.0522],[38.882,-0.0656],[38.8797,-0.07],[38.8842,-0.0722],[38.8886,-0.0781]]}},{"type":"Feature","properties":{"id":"LG-0551","lagha_class":"III – Medium lagha (100–500 km²)","ff_hazard":"Low","ff_index":11.8,"system":"Local ephemeral drainage","upstream_km2":113.3,"strahler":2,"length_km":4.22,"near_town":"Saka","dist_town_km":24.4,"flooded_2023":false,"flooded_2024":null},"geometry":{"type":"LineString","coordinates":[[39.5119,0.0022],[39.5175,-0.0033],[39.5175,-0.0067],[39.5219,-0.0078],[39.5275,-0.0144],[39.5264,-0.0156],[39.5308,-0.0156],[39.5331,-0.02]]}},{"type":"Feature","properties":{"id":"LG-0556","lagha_class":"III – Medium lagha (100–500 km²)","ff_hazard":"Moderate","ff_index":22.9,"system":"North-East coastal drainage","upstream_km2":172.4,"strahler":2,"length_km":29.01,"near_town":"Dadaab","dist_town_km":36.5,"flooded_2023":true,"flooded_2024":null},"geometry":{"type":"LineString","coordinates":[[39.8342,0.0067],[39.8408,0.0],[39.8408,-0.0022],[39.8453,-0.0022],[39.8486,-0.0056],[39.8497,-0.0122],[39.852,-0.0111],[39.8586,-0.0178],[39.8708,-0.0233],[39.8786,-0.03],[39.8831,-0.03],[39.8853,-0.0278],[39.8875,-0.0289],[39.8919,-0.0233],[39.8986,-0.02],[39.9119,-0.02],[39.9197,-0.0322],[39.922,-0.0311],[39.9297,-0.0356],[39.9297,-0.0378],[39.9364,-0.0422],[39.9431,-0.04],[39.9431,-0.0433],[39.9475,-0.05],[39.9564,-0.0544],[39.9819,-0.0589],[39.9875,-0.0567],[39.9908,-0.0522],[39.9942,-0.0522],[39.9975,-0.0556],[40.0031,-0.0544],[40.0031,-0.0578],[40.0053,-0.06],[40.0064,-0.0589],[40.0097,-0.0611],[40.0119,-0.0589],[40.0142,-0.0611],[40.0186,-0.0611]]}},{"type":"Feature","properties":{"id":"LG-0557","lagha_class":"IV – Minor lagha / gully (15–100 km²)","ff_hazard":"Moderate","ff_index":25.5,"system":"Local ephemeral drainage","upstream_km2":70.7,"strahler":2,"length_km":22.68,"near_town":"Hagadera","dist_town_km":17.3,"flooded_2023":false,"flooded_2024":null},"geometry":{"type":"LineString","coordinates":[[40.1308,-0.01],[40.1342,-0.0178],[40.1342,-0.0267],[40.1386,-0.0311],[40.1386,-0.0333],[40.1519,-0.04],[40.1553,-0.04],[40.1631,-0.05],[40.1697,-0.0478],[40.1742,-0.0544],[40.1753,-0.0533],[40.1775,-0.0556],[40.1775,-0.0622],[40.1797,-0.0644],[40.1831,-0.06],[40.1853,-0.0667],[40.1908,-0.0711],[40.1931,-0.0756],[40.2019,-0.0756],[40.2042,-0.0778],[40.2075,-0.0778],[40.2131,-0.0833],[40.2175,-0.0789],[40.2231,-0.0778],[40.2264,-0.0822],[40.2364,-0.0856],[40.2497,-0.0956],[40.2553,-0.0933],[40.2575,-0.09]]}},{"type":"Feature","properties":{"id":"LG-0560","lagha_class":"III – Medium lagha (100–500 km²)","ff_hazard":"Low","ff_index":12.7,"system":"North-East coastal drainage","upstream_km2":158.2,"strahler":2,"length_km":11.93,"near_town":"Dadaab","dist_town_km":33.7,"flooded_2023":false,"flooded_2024":null},"geometry":{"type":"LineString","coordinates":[[39.9631,-0.0111],[39.9653,-0.0133],[39.9719,-0.0133],[39.9742,-0.0178],[39.9819,-0.02],[39.9942,-0.0289],[40.0019,-0.0256],[40.0086,-0.0278],[40.0175,-0.0256],[40.0208,-0.0278],[40.0208,-0.0344],[40.0253,-0.0389],[40.0275,-0.0389],[40.0297,-0.0422],[40.0331,-0.0411],[40.0342,-0.0433],[40.0386,-0.0433]]}},{"type":"Feature","properties":{"id":"LG-0561","lagha_class":"III – Medium lagha (100–500 km²)","ff_hazard":"Low","ff_index":11.8,"system":"North-East coastal drainage","upstream_km2":160.8,"strahler":2,"length_km":3.22,"near_town":"Dadaab","dist_town_km":32.1,"flooded_2023":false,"flooded_2024":null},"geometry":{"type":"LineString","coordinates":[[40.0386,-0.0433],[40.0508,-0.0544],[40.0542,-0.0544],[40.0575,-0.0511]]}},{"type":"Feature","properties":{"id":"LG-0562","lagha_class":"II – Large lagha (500–2,000 km²)","ff_hazard":"Moderate","ff_index":18.1,"system":"North-East coastal drainage","upstream_km2":510.8,"strahler":3,"length_km":3.57,"near_town":"Dadaab","dist_town_km":31.8,"flooded_2023":false,"flooded_2024":null},"geometry":{"type":"LineString","coordinates":[[40.0575,-0.0511],[40.0597,-0.0533],[40.0575,-0.0556],[40.0586,-0.0589],[40.062,-0.06],[40.0642,-0.0644],[40.0697,-0.0678],[40.0708,-0.0733]]}},{"type":"Feature","properties":{"id":"LG-0565","lagha_class":"IV – Minor lagha / gully (15–100 km²)","ff_hazard":"Very High","ff_index":41.3,"system":"Lagh Dera system","upstream_km2":98.1,"strahler":2,"length_km":10.4,"near_town":"Hagadera","dist_town_km":3.4,"flooded_2023":false,"flooded_2024":null},"geometry":{"type":"LineString","coordinates":[[40.2775,0.0011],[40.2842,-0.0033],[40.2853,-0.0022],[40.2942,-0.0044],[40.3042,-0.0011],[40.3086,0.0067],[40.3153,0.0067],[40.3242,-0.0011],[40.3297,0.0],[40.3342,-0.0067],[40.3397,-0.0067],[40.3419,-0.0044],[40.3508,-0.0067]]}},{"type":"Feature","properties":{"id":"LG-0567","lagha_class":"III – Medium lagha (100–500 km²)","ff_hazard":"Low","ff_index":16.6,"system":"North-East coastal drainage","upstream_km2":381.5,"strahler":3,"length_km":2.5,"near_town":"Saka","dist_town_km":37.3,"flooded_2023":false,"flooded_2024":null},"geometry":{"type":"LineString","coordinates":[[39.6564,-0.0222],[39.6608,-0.0211],[39.6653,-0.0289],[39.672,-0.0322]]}},{"type":"Feature","properties":{"id":"LG-0568","lagha_class":"III – Medium lagha (100–500 km²)","ff_hazard":"Low","ff_index":13.9,"system":"North-East coastal drainage","upstream_km2":213.6,"strahler":2,"length_km":22.89,"near_town":"Hagadera","dist_town_km":34.3,"flooded_2023":false,"flooded_2024":null},"geometry":{"type":"LineString","coordinates":[[40.6764,-0.0289],[40.6842,-0.0333],[40.6919,-0.0322],[40.6953,-0.0367],[40.6986,-0.0378],[40.7019,-0.0445],[40.7064,-0.0456],[40.7131,-0.0522],[40.7175,-0.0544],[40.7197,-0.0533],[40.7275,-0.0578],[40.7319,-0.0578],[40.7331,-0.0611],[40.7364,-0.0633],[40.7442,-0.0633],[40.7464,-0.0656],[40.7497,-0.0656],[40.7497,-0.0678],[40.7597,-0.0778],[40.7619,-0.0756],[40.7719,-0.0789],[40.7731,-0.0778],[40.7786,-0.0856],[40.7831,-0.0833],[40.7931,-0.0833],[40.8086,-0.0989],[40.8142,-0.0989],[40.8175,-0.1022],[40.8208,-0.1022],[40.8297,-0.1122]]}},{"type":"Feature","properties":{"id":"LG-0570","lagha_class":"III – Medium lagha (100–500 km²)","ff_hazard":"Low","ff_index":13.6,"system":"North-East coastal drainage","upstream_km2":173.5,"strahler":2,"length_km":12.16,"near_town":"Saka","dist_town_km":25.0,"flooded_2023":false,"flooded_2024":null},"geometry":{"type":"LineString","coordinates":[[39.5331,-0.02],[39.5419,-0.0256],[39.5464,-0.0256],[39.5497,-0.0278],[39.5597,-0.0278],[39.562,-0.0244],[39.5686,-0.0256],[39.5697,-0.0233],[39.5775,-0.0233],[39.5897,-0.0189],[39.5931,-0.02],[39.5953,-0.0178],[39.6142,-0.03],[39.6197,-0.0311],[39.6219,-0.0289]]}},{"type":"Feature","properties":{"id":"LG-0571","lagha_class":"III – Medium lagha (100–500 km²)","ff_hazard":"Low","ff_index":15.1,"system":"North-East coastal drainage","upstream_km2":248.4,"strahler":3,"length_km":1.05,"near_town":"Saka","dist_town_km":33.5,"flooded_2023":false,"flooded_2024":null},"geometry":{"type":"LineString","coordinates":[[39.6219,-0.0289],[39.6242,-0.0289],[39.6264,-0.0333]]}},{"type":"Feature","properties":{"id":"LG-0572","lagha_class":"IV – Minor lagha / gully (15–100 km²)","ff_hazard":"Low","ff_index":8.6,"system":"Lagh Dera system","upstream_km2":69.8,"strahler":2,"length_km":1.47,"near_town":"Hagadera","dist_town_km":16.1,"flooded_2023":false,"flooded_2024":null},"geometry":{"type":"LineString","coordinates":[[40.5164,-0.0333],[40.5119,-0.0289],[40.5075,-0.0333]]}},{"type":"Feature","properties":{"id":"LG-0575","lagha_class":"III – Medium lagha (100–500 km²)","ff_hazard":"High","ff_index":36.3,"system":"Local ephemeral drainage","upstream_km2":124.4,"strahler":2,"length_km":1.59,"near_town":"Mbalambala","dist_town_km":5.4,"flooded_2023":true,"flooded_2024":null},"geometry":{"type":"LineString","coordinates":[[39.1053,-0.0633],[39.1131,-0.0745]]}},{"type":"Feature","properties":{"id":"LG-0576","lagha_class":"III – Medium lagha (100–500 km²)","ff_hazard":"Very High","ff_index":37.4,"system":"Local ephemeral drainage","upstream_km2":141.5,"strahler":2,"length_km":6.95,"near_town":"Mbalambala","dist_town_km":6.8,"flooded_2023":true,"flooded_2024":null},"geometry":{"type":"LineString","coordinates":[[39.1131,-0.0745],[39.1186,-0.0789],[39.1197,-0.0833],[39.1253,-0.0889],[39.1308,-0.0889],[39.1331,-0.0922],[39.1386,-0.0889],[39.1419,-0.0889],[39.1453,-0.0922],[39.1519,-0.0878],[39.1575,-0.0889]]}},{"type":"Feature","properties":{"id":"LG-0580","lagha_class":"III – Medium lagha (100–500 km²)","ff_hazard":"High","ff_index":29.2,"system":"Local ephemeral drainage","upstream_km2":266.8,"strahler":3,"length_km":11.77,"near_town":"Mbalambala","dist_town_km":12.3,"flooded_2023":true,"flooded_2024":null},"geometry":{"type":"LineString","coordinates":[[39.1997,-0.0467],[39.1919,-0.0522],[39.1897,-0.06],[39.1853,-0.06],[39.1731,-0.0689],[39.1653,-0.0856],[39.1686,-0.0889],[39.172,-0.0889],[39.1742,-0.0922],[39.1742,-0.1045],[39.1864,-0.1156],[39.1897,-0.1156]]}},{"type":"Feature","properties":{"id":"LG-0581","lagha_class":"III – Medium lagha (100–500 km²)","ff_hazard":"Low","ff_index":13.6,"system":"Lagh Dera system","upstream_km2":152.6,"strahler":2,"length_km":6.93,"near_town":"Liboi","dist_town_km":43.2,"flooded_2023":false,"flooded_2024":null},"geometry":{"type":"LineString","coordinates":[[40.8608,-0.05],[40.8619,-0.0511],[40.8642,-0.0456],[40.8675,-0.0456],[40.8731,-0.05],[40.8775,-0.0445],[40.8808,-0.0478],[40.8842,-0.0467],[40.8897,-0.05],[40.8931,-0.0433],[40.9019,-0.0378]]}},{"type":"Feature","properties":{"id":"LG-0582","lagha_class":"III – Medium lagha (100–500 km²)","ff_hazard":"Low","ff_index":12.8,"system":"Lagh Dera system","upstream_km2":194.9,"strahler":2,"length_km":3.87,"near_town":"Liboi","dist_town_km":43.2,"flooded_2023":false,"flooded_2024":null},"geometry":{"type":"LineString","coordinates":[[40.9019,-0.0378],[40.9042,-0.0378],[40.9108,-0.0456],[40.9164,-0.0444],[40.9208,-0.0489],[40.9297,-0.0511]]}},{"type":"Feature","properties":{"id":"LG-0583","lagha_class":"III – Medium lagha (100–500 km²)","ff_hazard":"Low","ff_index":15.8,"system":"Lagh Dera system","upstream_km2":343.1,"strahler":2,"length_km":9.34,"near_town":"Liboi","dist_town_km":45.0,"flooded_2023":false,"flooded_2024":null},"geometry":{"type":"LineString","coordinates":[[40.9297,-0.0511],[40.9453,-0.0611],[40.9464,-0.06],[40.9542,-0.0667],[40.9575,-0.0667],[40.9719,-0.0778],[40.9764,-0.0767],[40.9786,-0.08],[40.9931,-0.08],[40.9953,-0.0822]]}},{"type":"Feature","properties":{"id":"LG-0584","lagha_class":"IV – Minor lagha / gully (15–100 km²)","ff_hazard":"Low","ff_index":5.6,"system":"Local ephemeral drainage","upstream_km2":43.9,"strahler":2,"length_km":4.29,"near_town":"Hagadera","dist_town_km":24.6,"flooded_2023":false,"flooded_2024":null},"geometry":{"type":"LineString","coordinates":[[40.5842,-0.0544],[40.5831,-0.0511],[40.5897,-0.0489],[40.5919,-0.0456],[40.5919,-0.0411],[40.5875,-0.0356],[40.5897,-0.0322],[40.5886,-0.0267]]}},{"type":"Feature","properties":{"id":"LG-0586","lagha_class":"III – Medium lagha (100–500 km²)","ff_hazard":"Low","ff_index":12.6,"system":"Lagh Dera system","upstream_km2":159.4,"strahler":3,"length_km":14.3,"near_town":"Hagadera","dist_town_km":13.2,"flooded_2023":false,"flooded_2024":null},"geometry":{"type":"LineString","coordinates":[[40.5886,-0.0267],[40.5764,-0.0144],[40.5775,-0.0111],[40.5742,-0.01],[40.5697,-0.0089],[40.5575,-0.0133],[40.5486,-0.0044],[40.5386,-0.0056],[40.5308,-0.0033],[40.5186,0.0044],[40.5119,0.0022],[40.5086,0.0056],[40.5075,0.0044],[40.4997,0.0067],[40.4975,0.01],[40.4897,0.0056]]}},{"type":"Feature","properties":{"id":"LG-0588","lagha_class":"II – Large lagha (500–2,000 km²)","ff_hazard":"Moderate","ff_index":18.2,"system":"North-East coastal drainage","upstream_km2":510.8,"strahler":3,"length_km":8.52,"near_town":"Dadaab","dist_town_km":31.9,"flooded_2023":false,"flooded_2024":null},"geometry":{"type":"LineString","coordinates":[[40.0186,-0.0611],[40.0219,-0.0589],[40.0264,-0.0611],[40.0275,-0.0733],[40.032,-0.0733],[40.0342,-0.07],[40.0464,-0.07],[40.0508,-0.0667],[40.0608,-0.0678],[40.0664,-0.0745],[40.0708,-0.0733]]}},{"type":"Feature","properties":{"id":"LG-0589","lagha_class":"II – Large lagha (500–2,000 km²)","ff_hazard":"High","ff_index":27.8,"system":"North-East coastal drainage","upstream_km2":533.4,"strahler":3,"length_km":11.28,"near_town":"Dadaab","dist_town_km":29.0,"flooded_2023":true,"flooded_2024":null},"geometry":{"type":"LineString","coordinates":[[40.0708,-0.0733],[40.0786,-0.0778],[40.0786,-0.0856],[40.0808,-0.0878],[40.0908,-0.09],[40.0975,-0.0978],[40.1075,-0.0989],[40.1119,-0.0967],[40.1164,-0.0989],[40.1186,-0.1033],[40.1253,-0.1089],[40.1275,-0.1156],[40.132,-0.12],[40.1364,-0.1178],[40.1386,-0.1189]]}},{"type":"Feature","properties":{"id":"LG-0590","lagha_class":"II – Large lagha (500–2,000 km²)","ff_hazard":"Moderate","ff_index":18.0,"system":"North-East coastal drainage","upstream_km2":578.6,"strahler":3,"length_km":0.82,"near_town":"Dadaab","dist_town_km":29.0,"flooded_2023":false,"flooded_2024":null},"geometry":{"type":"LineString","coordinates":[[40.1386,-0.1189],[40.1442,-0.1233]]}},{"type":"Feature","properties":{"id":"LG-0594","lagha_class":"IV – Minor lagha / gully (15–100 km²)","ff_hazard":"Low","ff_index":9.0,"system":"North-East coastal drainage","upstream_km2":72.0,"strahler":2,"length_km":6.07,"near_town":"Saka","dist_town_km":28.6,"flooded_2023":false,"flooded_2024":null},"geometry":{"type":"LineString","coordinates":[[39.5819,-0.0467],[39.5842,-0.0445],[39.5897,-0.0456],[39.5908,-0.0422],[39.5953,-0.0422],[39.6053,-0.0367],[39.6175,-0.0367],[39.6197,-0.0345],[39.6264,-0.0333]]}},{"type":"Feature","properties":{"id":"LG-0595","lagha_class":"III – Medium lagha (100–500 km²)","ff_hazard":"Low","ff_index":16.1,"system":"North-East coastal drainage","upstream_km2":325.8,"strahler":3,"length_km":4.39,"near_town":"Saka","dist_town_km":33.8,"flooded_2023":false,"flooded_2024":null},"geometry":{"type":"LineString","coordinates":[[39.6264,-0.0333],[39.6353,-0.0345],[39.6375,-0.0367],[39.6419,-0.0322],[39.6464,-0.0333],[39.6564,-0.0422]]}},{"type":"Feature","properties":{"id":"LG-0596","lagha_class":"III – Medium lagha (100–500 km²)","ff_hazard":"Moderate","ff_index":17.9,"system":"North-East coastal drainage","upstream_km2":450.0,"strahler":3,"length_km":8.59,"near_town":"Saka","dist_town_km":38.9,"flooded_2023":false,"flooded_2024":null},"geometry":{"type":"LineString","coordinates":[[39.6831,-0.0644],[39.6853,-0.0622],[39.6875,-0.0633],[39.6919,-0.0611],[39.6953,-0.0644],[39.7008,-0.0622],[39.7042,-0.0644],[39.7086,-0.0633],[39.7108,-0.0656],[39.7131,-0.0622],[39.7208,-0.0622],[39.7242,-0.0578],[39.7275,-0.0611],[39.7319,-0.0578],[39.7364,-0.0578],[39.7364,-0.0544],[39.7386,-0.0522]]}},{"type":"Feature","properties":{"id":"LG-0600","lagha_class":"III – Medium lagha (100–500 km²)","ff_hazard":"Low","ff_index":10.6,"system":"Local ephemeral drainage","upstream_km2":141.5,"strahler":2,"length_km":0.72,"near_town":"Mbalambala","dist_town_km":11.3,"flooded_2023":false,"flooded_2024":null},"geometry":{"type":"LineString","coordinates":[[39.1553,-0.0833],[39.1575,-0.0856],[39.1575,-0.0889]]}},{"type":"Feature","properties":{"id":"LG-0601","lagha_class":"III – Medium lagha (100–500 km²)","ff_hazard":"Moderate","ff_index":24.1,"system":"Local ephemeral drainage","upstream_km2":266.8,"strahler":3,"length_km":6.38,"near_town":"Mbalambala","dist_town_km":11.8,"flooded_2023":true,"flooded_2024":null},"geometry":{"type":"MultiLineString","coordinates":[[[39.1575,-0.0889],[39.1586,-0.0911],[39.1564,-0.0967],[39.1642,-0.0989],[39.1686,-0.1067],[39.1755,-0.1136]],[[39.1873,-0.1168],[39.1897,-0.1156]]]}},{"type":"Feature","properties":{"id":"LG-0602","lagha_class":"III – Medium lagha (100–500 km²)","ff_hazard":"Moderate","ff_index":24.4,"system":"Local ephemeral drainage","upstream_km2":270.7,"strahler":3,"length_km":4.44,"near_town":"Mbalambala","dist_town_km":16.4,"flooded_2023":true,"flooded_2024":null},"geometry":{"type":"LineString","coordinates":[[39.1897,-0.1156],[39.1915,-0.1174]]}},{"type":"Feature","properties":{"id":"LG-0604","lagha_class":"III – Medium lagha (100–500 km²)","ff_hazard":"Moderate","ff_index":17.3,"system":"North-East coastal drainage","upstream_km2":381.5,"strahler":3,"length_km":2.43,"near_town":"Saka","dist_town_km":36.7,"flooded_2023":false,"flooded_2024":null},"geometry":{"type":"LineString","coordinates":[[39.6564,-0.0422],[39.6608,-0.0422],[39.6642,-0.0367],[39.672,-0.0322]]}},{"type":"Feature","properties":{"id":"LG-0605","lagha_class":"III – Medium lagha (100–500 km²)","ff_hazard":"Moderate","ff_index":17.3,"system":"North-East coastal drainage","upstream_km2":450.0,"strahler":3,"length_km":10.92,"near_town":"Saka","dist_town_km":38.6,"flooded_2023":false,"flooded_2024":null},"geometry":{"type":"LineString","coordinates":[[39.672,-0.0322],[39.6742,-0.0345],[39.6764,-0.03],[39.6797,-0.03],[39.6819,-0.0322],[39.6897,-0.0278],[39.6931,-0.03],[39.6919,-0.0322],[39.6942,-0.0344],[39.7031,-0.0322],[39.7053,-0.0367],[39.7086,-0.0378],[39.712,-0.0356],[39.7197,-0.04],[39.7219,-0.0433],[39.7264,-0.0422],[39.7331,-0.0478],[39.7364,-0.0467],[39.7364,-0.05],[39.7386,-0.0522]]}},{"type":"Feature","properties":{"id":"LG-0606","lagha_class":"III – Medium lagha (100–500 km²)","ff_hazard":"Moderate","ff_index":17.7,"system":"North-East coastal drainage","upstream_km2":497.8,"strahler":3,"length_km":4.87,"near_town":"Garissa","dist_town_km":44.6,"flooded_2023":false,"flooded_2024":null},"geometry":{"type":"LineString","coordinates":[[39.7386,-0.0522],[39.7453,-0.0533],[39.7486,-0.0578],[39.7508,-0.0578],[39.7553,-0.0533],[39.7631,-0.0611],[39.7664,-0.06],[39.7708,-0.0622]]}},{"type":"Feature","properties":{"id":"LG-0609","lagha_class":"III – Medium lagha (100–500 km²)","ff_hazard":"High","ff_index":35.0,"system":"Lagh Dera system","upstream_km2":360.8,"strahler":2,"length_km":13.27,"near_town":"Liboi","dist_town_km":49.9,"flooded_2023":false,"flooded_2024":null},"geometry":{"type":"LineString","coordinates":[[40.9953,-0.0822],[40.9975,-0.0844],[41.0201,-0.0833]]}},{"type":"Feature","properties":{"id":"LG-0611","lagha_class":"III – Medium lagha (100–500 km²)","ff_hazard":"Low","ff_index":16.3,"system":"North-East coastal drainage","upstream_km2":304.6,"strahler":2,"length_km":3.5,"near_town":"Liboi","dist_town_km":48.9,"flooded_2023":false,"flooded_2024":null},"geometry":{"type":"LineString","coordinates":[[40.8686,-0.0911],[40.8742,-0.0956],[40.8742,-0.1011],[40.8775,-0.1078],[40.8753,-0.1111],[40.8797,-0.1133]]}},{"type":"Feature","properties":{"id":"LG-0612","lagha_class":"II – Large lagha (500–2,000 km²)","ff_hazard":"Very High","ff_index":41.9,"system":"North-East coastal drainage","upstream_km2":741.1,"strahler":3,"length_km":12.67,"near_town":"Dadaab","dist_town_km":23.9,"flooded_2023":true,"flooded_2024":null},"geometry":{"type":"LineString","coordinates":[[40.1786,-0.0922],[40.1819,-0.0989],[40.1864,-0.1],[40.1875,-0.1044],[40.1897,-0.1056],[40.1897,-0.1078],[40.1786,-0.1178],[40.1786,-0.1211],[40.1886,-0.1278],[40.1931,-0.1267],[40.1975,-0.13],[40.2019,-0.1289],[40.2042,-0.1311],[40.2064,-0.1344],[40.2053,-0.1422],[40.2086,-0.1467],[40.2086,-0.1556],[40.2064,-0.1589],[40.2108,-0.1645]]}},{"type":"Feature","properties":{"id":"LG-0613","lagha_class":"III – Medium lagha (100–500 km²)","ff_hazard":"Moderate","ff_index":18.8,"system":"North-East coastal drainage","upstream_km2":497.8,"strahler":3,"length_km":9.06,"near_town":"Garissa","dist_town_km":39.7,"flooded_2023":false,"flooded_2024":null},"geometry":{"type":"LineString","coordinates":[[39.712,-0.0956],[39.7219,-0.0867],[39.7264,-0.09],[39.7308,-0.09],[39.7486,-0.0778],[39.7531,-0.0778],[39.7586,-0.0722],[39.7586,-0.07],[39.7619,-0.07],[39.7653,-0.0644],[39.7686,-0.0644],[39.7708,-0.0622]]}},{"type":"Feature","properties":{"id":"LG-0614","lagha_class":"II – Large lagha (500–2,000 km²)","ff_hazard":"Moderate","ff_index":18.3,"system":"North-East coastal drainage","upstream_km2":540.5,"strahler":3,"length_km":11.24,"near_town":"Garissa","dist_town_km":44.8,"flooded_2023":false,"flooded_2024":null},"geometry":{"type":"LineString","coordinates":[[39.7708,-0.0622],[39.7742,-0.0622],[39.7775,-0.0589],[39.7808,-0.0644],[39.7875,-0.0644],[39.7931,-0.0678],[39.7997,-0.0667],[39.8031,-0.07],[39.8086,-0.07],[39.8186,-0.0756],[39.8219,-0.0733],[39.8253,-0.0778],[39.8319,-0.0789],[39.8397,-0.0778],[39.8419,-0.0745],[39.8453,-0.0733],[39.8453,-0.0756],[39.8497,-0.08]]}},{"type":"Feature","properties":{"id":"LG-0617","lagha_class":"II – Large lagha (500–2,000 km²)","ff_hazard":"Moderate","ff_index":21.1,"system":"North-East coastal drainage","upstream_km2":800.2,"strahler":3,"length_km":0.84,"near_town":"Garissa","dist_town_km":46.1,"flooded_2023":false,"flooded_2024":null},"geometry":{"type":"LineString","coordinates":[[39.8731,-0.0978],[39.8797,-0.0956]]}},{"type":"Feature","properties":{"id":"LG-0622","lagha_class":"IV – Minor lagha / gully (15–100 km²)","ff_hazard":"Moderate","ff_index":18.7,"system":"North-East coastal drainage","upstream_km2":74.3,"strahler":2,"length_km":5.46,"near_town":"Dadaab","dist_town_km":30.6,"flooded_2023":true,"flooded_2024":null},"geometry":{"type":"LineString","coordinates":[[40.0886,-0.1111],[40.0931,-0.1156],[40.102,-0.1156],[40.1064,-0.1122],[40.1086,-0.1144],[40.1119,-0.1111],[40.1186,-0.1178],[40.1175,-0.1222],[40.1208,-0.1256]]}},{"type":"Feature","properties":{"id":"LG-0623","lagha_class":"IV – Minor lagha / gully (15–100 km²)","ff_hazard":"Low","ff_index":8.7,"system":"Lagh Dera system","upstream_km2":69.8,"strahler":2,"length_km":17.68,"near_town":"Hagadera","dist_town_km":16.1,"flooded_2023":false,"flooded_2024":null},"geometry":{"type":"LineString","coordinates":[[40.5786,-0.1067],[40.5742,-0.1089],[40.5753,-0.11],[40.5675,-0.1189],[40.5686,-0.1211],[40.5653,-0.1211],[40.5653,-0.1178],[40.5597,-0.1122],[40.5597,-0.1056],[40.5408,-0.0878],[40.5419,-0.0856],[40.5353,-0.0789],[40.5342,-0.0733],[40.5364,-0.0689],[40.5242,-0.0556],[40.5275,-0.0522],[40.5231,-0.0478],[40.5186,-0.05],[40.5164,-0.0467],[40.5186,-0.0445],[40.5064,-0.0356],[40.5075,-0.0333]]}},{"type":"Feature","properties":{"id":"LG-0624","lagha_class":"III – Medium lagha (100–500 km²)","ff_hazard":"Low","ff_index":11.5,"system":"Lagh Dera system","upstream_km2":159.4,"strahler":3,"length_km":5.47,"near_town":"Hagadera","dist_town_km":13.2,"flooded_2023":false,"flooded_2024":null},"geometry":{"type":"LineString","coordinates":[[40.5075,-0.0333],[40.5053,-0.0256],[40.4986,-0.0211],[40.4997,-0.0156],[40.4964,-0.01],[40.4975,-0.0067],[40.4942,-0.0033],[40.4942,0.0011],[40.4897,0.0056]]}},{"type":"Feature","properties":{"id":"LG-0625","lagha_class":"III – Medium lagha (100–500 km²)","ff_hazard":"Moderate","ff_index":25.0,"system":"Lagh Dera system","upstream_km2":175.0,"strahler":3,"length_km":7.85,"near_town":"Hagadera","dist_town_km":9.7,"flooded_2023":false,"flooded_2024":null},"geometry":{"type":"LineString","coordinates":[[40.4897,0.0056],[40.4731,0.0233],[40.4686,0.0322],[40.4575,0.0433],[40.4519,0.0544],[40.4475,0.0589]]}},{"type":"Feature","properties":{"id":"LG-0626","lagha_class":"III – Medium lagha (100–500 km²)","ff_hazard":"Moderate","ff_index":25.1,"system":"Lagh Dera system","upstream_km2":198.8,"strahler":3,"length_km":4.22,"near_town":"Hagadera","dist_town_km":9.4,"flooded_2023":false,"flooded_2024":null},"geometry":{"type":"LineString","coordinates":[[40.4475,0.0589],[40.4264,0.0811],[40.4253,0.0878]]}},{"type":"Feature","properties":{"id":"LG-0627","lagha_class":"II – Large lagha (500–2,000 km²)","ff_hazard":"Moderate","ff_index":22.8,"system":"Lagh Dera system","upstream_km2":1845.4,"strahler":4,"length_km":4.63,"near_town":"Dadaab","dist_town_km":9.7,"flooded_2023":false,"flooded_2024":null},"geometry":{"type":"LineString","coordinates":[[40.4253,0.0878],[40.4186,0.0922],[40.4119,0.1],[40.4131,0.1022],[40.4097,0.1056],[40.4053,0.1044],[40.4008,0.1089],[40.3986,0.1089]]}},{"type":"Feature","properties":{"id":"LG-0630","lagha_class":"III – Medium lagha (100–500 km²)","ff_hazard":"Low","ff_index":11.9,"system":"North-East coastal drainage","upstream_km2":145.0,"strahler":2,"length_km":17.2,"near_town":"Hagadera","dist_town_km":38.3,"flooded_2023":false,"flooded_2024":null},"geometry":{"type":"LineString","coordinates":[[40.6942,-0.1044],[40.7064,-0.1111],[40.712,-0.1178],[40.7108,-0.12],[40.7175,-0.1233],[40.7253,-0.1333],[40.7331,-0.1356],[40.7364,-0.1289],[40.742,-0.1256],[40.7475,-0.1289],[40.7553,-0.1411],[40.7631,-0.1344],[40.7719,-0.1433],[40.7742,-0.1433],[40.7786,-0.1389],[40.7808,-0.1311],[40.7808,-0.1267],[40.7775,-0.12],[40.7786,-0.1167]]}},{"type":"Feature","properties":{"id":"LG-0631","lagha_class":"III – Medium lagha (100–500 km²)","ff_hazard":"Low","ff_index":13.4,"system":"North-East coastal drainage","upstream_km2":213.6,"strahler":2,"length_km":7.35,"near_town":"Hagadera","dist_town_km":47.6,"flooded_2023":false,"flooded_2024":null},"geometry":{"type":"LineString","coordinates":[[40.7786,-0.1167],[40.782,-0.1133],[40.7853,-0.1167],[40.7875,-0.1122],[40.7964,-0.1078],[40.8019,-0.1089],[40.8108,-0.1167],[40.8297,-0.1122]]}},{"type":"Feature","properties":{"id":"LG-0632","lagha_class":"III – Medium lagha (100–500 km²)","ff_hazard":"Low","ff_index":13.3,"system":"North-East coastal drainage","upstream_km2":216.5,"strahler":2,"length_km":4.32,"near_town":"Liboi","dist_town_km":50.7,"flooded_2023":false,"flooded_2024":null},"geometry":{"type":"LineString","coordinates":[[40.8297,-0.1122],[40.8319,-0.1144],[40.8353,-0.1144],[40.8386,-0.1111],[40.8464,-0.1111],[40.8486,-0.1078],[40.8542,-0.1111],[40.8586,-0.1067]]}},{"type":"Feature","properties":{"id":"LG-0633","lagha_class":"III – Medium lagha (100–500 km²)","ff_hazard":"Low","ff_index":15.9,"system":"North-East coastal drainage","upstream_km2":304.6,"strahler":2,"length_km":3.13,"near_town":"Liboi","dist_town_km":50.7,"flooded_2023":false,"flooded_2024":null},"geometry":{"type":"LineString","coordinates":[[40.8586,-0.1067],[40.8631,-0.1111],[40.8653,-0.11],[40.8708,-0.1156],[40.8797,-0.1133]]}},{"type":"Feature","properties":{"id":"LG-0634","lagha_class":"III – Medium lagha (100–500 km²)","ff_hazard":"High","ff_index":32.0,"system":"North-East coastal drainage","upstream_km2":335.4,"strahler":2,"length_km":11.07,"near_town":"Liboi","dist_town_km":51.4,"flooded_2023":false,"flooded_2024":null},"geometry":{"type":"LineString","coordinates":[[40.8797,-0.1133],[40.8864,-0.1178],[40.8897,-0.1156],[40.8919,-0.1178],[40.9008,-0.1178],[40.9108,-0.1211],[40.9175,-0.1256],[40.9197,-0.1245],[40.9253,-0.1311],[40.9286,-0.1289],[40.9364,-0.13],[40.9386,-0.1278],[40.9475,-0.1356],[40.9553,-0.1356],[40.9597,-0.1389]]}},{"type":"Feature","properties":{"id":"LG-0635","lagha_class":"IV – Minor lagha / gully (15–100 km²)","ff_hazard":"Low","ff_index":7.4,"system":"Local ephemeral drainage","upstream_km2":70.7,"strahler":2,"length_km":4.91,"near_town":"Hagadera","dist_town_km":17.3,"flooded_2023":false,"flooded_2024":null},"geometry":{"type":"LineString","coordinates":[[40.2408,-0.1144],[40.2431,-0.1167],[40.2464,-0.1167],[40.2497,-0.11],[40.2519,-0.1078],[40.2542,-0.1089],[40.2608,-0.1011],[40.2619,-0.0967],[40.2575,-0.0922],[40.2575,-0.09]]}},{"type":"Feature","properties":{"id":"LG-0636","lagha_class":"IV – Minor lagha / gully (15–100 km²)","ff_hazard":"Low","ff_index":8.4,"system":"Local ephemeral drainage","upstream_km2":72.6,"strahler":2,"length_km":1.96,"near_town":"Hagadera","dist_town_km":15.7,"flooded_2023":false,"flooded_2024":null},"geometry":{"type":"LineString","coordinates":[[40.2575,-0.09],[40.2608,-0.0878],[40.2608,-0.0844],[40.2664,-0.0789]]}},{"type":"Feature","properties":{"id":"LG-0637","lagha_class":"III – Medium lagha (100–500 km²)","ff_hazard":"Low","ff_index":16.4,"system":"Lagh Dera system","upstream_km2":401.2,"strahler":3,"length_km":8.73,"near_town":"Hagadera","dist_town_km":11.0,"flooded_2023":false,"flooded_2024":null},"geometry":{"type":"LineString","coordinates":[[40.2664,-0.0789],[40.2708,-0.0767],[40.2731,-0.0833],[40.2775,-0.0867],[40.2919,-0.0856],[40.2986,-0.0878],[40.3108,-0.0778],[40.3131,-0.0789],[40.3153,-0.0711],[40.3186,-0.0733],[40.3208,-0.0689]]}},{"type":"Feature","properties":{"id":"LG-0639","lagha_class":"III – Medium lagha (100–500 km²)","ff_hazard":"Low","ff_index":15.5,"system":"North-East coastal drainage","upstream_km2":357.3,"strahler":2,"length_km":3.68,"near_town":"Liboi","dist_town_km":55.1,"flooded_2023":false,"flooded_2024":null},"geometry":{"type":"LineString","coordinates":[[40.9597,-0.1389],[40.9686,-0.1478],[40.9764,-0.1478],[40.9864,-0.1545]]}},{"type":"Feature","properties":{"id":"LG-0640","lagha_class":"IV – Minor lagha / gully (15–100 km²)","ff_hazard":"Low","ff_index":9.3,"system":"North-East coastal drainage","upstream_km2":66.8,"strahler":2,"length_km":4.05,"near_town":"Garissa","dist_town_km":45.8,"flooded_2023":false,"flooded_2024":null},"geometry":{"type":"LineString","coordinates":[[39.9053,-0.1233],[39.9108,-0.1233],[39.9119,-0.1244],[39.9097,-0.1267],[39.9153,-0.13],[39.9186,-0.1289],[39.9242,-0.1322],[39.9308,-0.1322]]}},{"type":"Feature","properties":{"id":"LG-0641","lagha_class":"IV – Minor lagha / gully (15–100 km²)","ff_hazard":"Moderate","ff_index":18.8,"system":"North-East coastal drainage","upstream_km2":74.3,"strahler":2,"length_km":6.01,"near_town":"Dadaab","dist_town_km":31.0,"flooded_2023":true,"flooded_2024":null},"geometry":{"type":"LineString","coordinates":[[40.0808,-0.1244],[40.0819,-0.1233],[40.0853,-0.1267],[40.0853,-0.1244],[40.0897,-0.12],[40.1064,-0.1311],[40.1208,-0.1256]]}},{"type":"Feature","properties":{"id":"LG-0642","lagha_class":"IV – Minor lagha / gully (15–100 km²)","ff_hazard":"Moderate","ff_index":18.5,"system":"North-East coastal drainage","upstream_km2":78.1,"strahler":2,"length_km":3.65,"near_town":"Dadaab","dist_town_km":29.0,"flooded_2023":true,"flooded_2024":null},"geometry":{"type":"LineString","coordinates":[[40.1208,-0.1256],[40.1253,-0.1278],[40.1275,-0.1267],[40.1353,-0.1333],[40.1442,-0.1233]]}},{"type":"Feature","properties":{"id":"LG-0643","lagha_class":"II – Large lagha (500–2,000 km²)","ff_hazard":"High","ff_index":28.1,"system":"North-East coastal drainage","upstream_km2":660.2,"strahler":3,"length_km":2.19,"near_town":"Dadaab","dist_town_km":28.5,"flooded_2023":true,"flooded_2024":null},"geometry":{"type":"LineString","coordinates":[[40.1442,-0.1233],[40.1464,-0.1256],[40.1508,-0.1244],[40.1586,-0.13]]}},{"type":"Feature","properties":{"id":"LG-0644","lagha_class":"II – Large lagha (500–2,000 km²)","ff_hazard":"High","ff_index":28.7,"system":"North-East coastal drainage","upstream_km2":741.1,"strahler":3,"length_km":8.76,"near_town":"Hagadera","dist_town_km":26.8,"flooded_2023":true,"flooded_2024":null},"geometry":{"type":"LineString","coordinates":[[40.1586,-0.13],[40.1686,-0.1311],[40.1708,-0.1356],[40.1831,-0.1456],[40.1831,-0.1489],[40.1931,-0.1556],[40.1964,-0.1633],[40.2019,-0.1633],[40.2042,-0.1611],[40.2064,-0.1644],[40.2108,-0.1645]]}},{"type":"Feature","properties":{"id":"LG-0645","lagha_class":"II – Large lagha (500–2,000 km²)","ff_hazard":"High","ff_index":28.9,"system":"North-East coastal drainage","upstream_km2":762.4,"strahler":3,"length_km":4.83,"near_town":"Hagadera","dist_town_km":26.8,"flooded_2023":true,"flooded_2024":null},"geometry":{"type":"LineString","coordinates":[[40.2108,-0.1645],[40.2153,-0.1711],[40.2153,-0.1789],[40.2208,-0.1867],[40.2231,-0.1867],[40.2253,-0.1989]]}},{"type":"Feature","properties":{"id":"LG-0646","lagha_class":"III – Medium lagha (100–500 km²)","ff_hazard":"Low","ff_index":9.7,"system":"Lagh Dera system","upstream_km2":117.8,"strahler":2,"length_km":2.13,"near_town":"Hagadera","dist_town_km":19.0,"flooded_2023":false,"flooded_2024":null},"geometry":{"type":"LineString","coordinates":[[40.4931,-0.1245],[40.4953,-0.1178],[40.4886,-0.1089]]}},{"type":"Feature","properties":{"id":"LG-0648","lagha_class":"III – Medium lagha (100–500 km²)","ff_hazard":"Low","ff_index":10.7,"system":"Lagh Dera system","upstream_km2":117.8,"strahler":2,"length_km":9.9,"near_town":"Hagadera","dist_town_km":14.1,"flooded_2023":false,"flooded_2024":null},"geometry":{"type":"LineString","coordinates":[[40.4264,-0.0989],[40.4308,-0.1],[40.4319,-0.1033],[40.4397,-0.1022],[40.4408,-0.1045],[40.4453,-0.1045],[40.4508,-0.0989],[40.4508,-0.0967],[40.4575,-0.0933],[40.4597,-0.0956],[40.4631,-0.0956],[40.4675,-0.1033],[40.4797,-0.1156],[40.4864,-0.1144],[40.4886,-0.1089]]}},{"type":"Feature","properties":{"id":"LG-0649","lagha_class":"III – Medium lagha (100–500 km²)","ff_hazard":"High","ff_index":33.5,"system":"Lagh Dera system","upstream_km2":456.1,"strahler":3,"length_km":30.06,"near_town":"Hagadera","dist_town_km":4.8,"flooded_2023":false,"flooded_2024":null},"geometry":{"type":"LineString","coordinates":[[40.4886,-0.1089],[40.4742,-0.09],[40.4831,-0.08],[40.4708,-0.0689],[40.4675,-0.07],[40.4642,-0.0667],[40.4519,-0.0667],[40.4497,-0.0644],[40.4431,-0.0644],[40.4397,-0.0667],[40.4231,-0.05],[40.4186,-0.0478],[40.4186,-0.0456],[40.4253,-0.0389],[40.4331,-0.0389],[40.4431,-0.0278],[40.4431,-0.0222],[40.4475,-0.0178],[40.4531,-0.0167],[40.4597,-0.0078],[40.4464,0.0056],[40.4297,0.0111],[40.4286,0.01],[40.4275,0.0133],[40.4164,0.0233],[40.4131,0.0289],[40.422,0.0355],[40.422,0.0411]]}},{"type":"Feature","properties":{"id":"LG-0651","lagha_class":"III – Medium lagha (100–500 km²)","ff_hazard":"Low","ff_index":12.4,"system":"North-East coastal drainage","upstream_km2":149.1,"strahler":2,"length_km":1.71,"near_town":"Garissa","dist_town_km":34.0,"flooded_2023":false,"flooded_2024":null},"geometry":{"type":"LineString","coordinates":[[39.6808,-0.14],[39.6831,-0.1389],[39.6864,-0.1433],[39.6886,-0.1411],[39.6919,-0.1422]]}},{"type":"Feature","properties":{"id":"LG-0652","lagha_class":"III – Medium lagha (100–500 km²)","ff_hazard":"High","ff_index":36.2,"system":"North-East coastal drainage","upstream_km2":469.9,"strahler":2,"length_km":22.41,"near_town":"Liboi","dist_town_km":54.2,"flooded_2023":false,"flooded_2024":null},"geometry":{"type":"LineString","coordinates":[[40.8775,-0.1389],[40.8931,-0.1589],[40.8931,-0.1622],[40.9019,-0.17],[40.9108,-0.1722],[40.9175,-0.1767],[40.9297,-0.1756],[40.9453,-0.1889],[40.9508,-0.1889],[40.9564,-0.1933],[40.9631,-0.1944],[40.9697,-0.1989],[40.9742,-0.1978],[40.9808,-0.2],[40.9875,-0.1967],[40.9986,-0.1978],[41.0201,-0.1763]]}},{"type":"Feature","properties":{"id":"LG-0655","lagha_class":"IV – Minor lagha / gully (15–100 km²)","ff_hazard":"Low","ff_index":5.7,"system":"North-East coastal drainage","upstream_km2":38.9,"strahler":2,"length_km":1.61,"near_town":"Garissa","dist_town_km":44.2,"flooded_2023":false,"flooded_2024":null},"geometry":{"type":"LineString","coordinates":[[39.9119,-0.1478],[39.9131,-0.1456],[39.9164,-0.1456],[39.9186,-0.1389]]}},{"type":"Feature","properties":{"id":"LG-0656","lagha_class":"IV – Minor lagha / gully (15–100 km²)","ff_hazard":"Low","ff_index":6.7,"system":"Local ephemeral drainage","upstream_km2":62.7,"strahler":2,"length_km":10.05,"near_town":"Hagadera","dist_town_km":21.1,"flooded_2023":false,"flooded_2024":null},"geometry":{"type":"LineString","coordinates":[[40.282,-0.1522],[40.2853,-0.1578],[40.2808,-0.1633],[40.2842,-0.1667],[40.2897,-0.18],[40.2953,-0.1856],[40.3031,-0.1856],[40.3086,-0.1911],[40.3064,-0.1945],[40.3108,-0.2033],[40.3075,-0.2089],[40.3075,-0.2133],[40.3042,-0.2156]]}},{"type":"Feature","properties":{"id":"LG-0658","lagha_class":"IV – Minor lagha / gully (15–100 km²)","ff_hazard":"Low","ff_index":11.4,"system":"North-East coastal drainage","upstream_km2":66.8,"strahler":2,"length_km":1.91,"near_town":"Garissa","dist_town_km":45.5,"flooded_2023":false,"flooded_2024":null},"geometry":{"type":"LineString","coordinates":[[39.9186,-0.1389],[39.9253,-0.1389],[39.9297,-0.1356],[39.9308,-0.1322]]}},{"type":"Feature","properties":{"id":"LG-0659","lagha_class":"III – Medium lagha (100–500 km²)","ff_hazard":"Moderate","ff_index":20.5,"system":"North-East coastal drainage","upstream_km2":100.7,"strahler":2,"length_km":6.2,"near_town":"Dadaab","dist_town_km":46.0,"flooded_2023":true,"flooded_2024":null},"geometry":{"type":"LineString","coordinates":[[39.9308,-0.1322],[39.9386,-0.1311],[39.9419,-0.1367],[39.9475,-0.1344],[39.9531,-0.14],[39.9553,-0.1378],[39.9575,-0.1411],[39.9608,-0.1411],[39.9653,-0.1444],[39.9686,-0.1522]]}},{"type":"Feature","properties":{"id":"LG-0660","lagha_class":"III – Medium lagha (100–500 km²)","ff_hazard":"Low","ff_index":10.0,"system":"North-East coastal drainage","upstream_km2":112.8,"strahler":2,"length_km":10.27,"near_town":"Hagadera","dist_town_km":55.2,"flooded_2023":false,"flooded_2024":null},"geometry":{"type":"LineString","coordinates":[[40.8375,-0.1544],[40.8408,-0.1589],[40.8397,-0.1622],[40.8508,-0.1733],[40.8575,-0.1778],[40.8664,-0.1789],[40.8708,-0.1833],[40.8697,-0.1867],[40.8675,-0.1856],[40.8653,-0.1878],[40.8653,-0.1956],[40.8686,-0.2044],[40.8653,-0.2122],[40.8686,-0.2156]]}},{"type":"Feature","properties":{"id":"LG-0661","lagha_class":"III – Medium lagha (100–500 km²)","ff_hazard":"Low","ff_index":11.0,"system":"North-East coastal drainage","upstream_km2":100.7,"strahler":2,"length_km":5.31,"near_town":"Garissa","dist_town_km":44.7,"flooded_2023":false,"flooded_2024":null},"geometry":{"type":"LineString","coordinates":[[39.9319,-0.1611],[39.9364,-0.1633],[39.9408,-0.1611],[39.9453,-0.1633],[39.9564,-0.1589],[39.9597,-0.1611],[39.962,-0.1578],[39.9653,-0.1578],[39.9686,-0.1522]]}},{"type":"Feature","properties":{"id":"LG-0662","lagha_class":"III – Medium lagha (100–500 km²)","ff_hazard":"Moderate","ff_index":22.6,"system":"North-East coastal drainage","upstream_km2":167.2,"strahler":2,"length_km":25.19,"near_town":"Hagadera","dist_town_km":36.3,"flooded_2023":true,"flooded_2024":null},"geometry":{"type":"LineString","coordinates":[[39.9686,-0.1522],[39.9764,-0.1556],[39.9819,-0.1645],[39.9853,-0.1645],[39.9897,-0.1611],[40.0031,-0.1678],[40.0042,-0.1711],[40.0075,-0.1733],[40.0119,-0.1711],[40.0142,-0.1744],[40.0108,-0.1756],[40.0108,-0.18],[40.0186,-0.1811],[40.0208,-0.1867],[40.0253,-0.1845],[40.0286,-0.1867],[40.0308,-0.1844],[40.0353,-0.1878],[40.0375,-0.1867],[40.0419,-0.19],[40.0442,-0.1889],[40.0442,-0.1911],[40.0475,-0.1922],[40.0508,-0.1967],[40.0542,-0.1967],[40.0564,-0.1944],[40.0642,-0.1967],[40.0686,-0.2011],[40.0731,-0.1989],[40.0764,-0.2022],[40.0786,-0.2],[40.0797,-0.2011],[40.0853,-0.1944],[40.0875,-0.1945],[40.0897,-0.1978],[40.0931,-0.1922],[40.0953,-0.1956],[40.1042,-0.19],[40.1075,-0.1922],[40.1142,-0.1922],[40.1164,-0.1878]]}},{"type":"Feature","properties":{"id":"LG-0663","lagha_class":"III – Medium lagha (100–500 km²)","ff_hazard":"Low","ff_index":10.8,"system":"North-East coastal drainage","upstream_km2":112.8,"strahler":2,"length_km":17.83,"near_town":"Hagadera","dist_town_km":46.5,"flooded_2023":false,"flooded_2024":null},"geometry":{"type":"LineString","coordinates":[[40.7486,-0.1644],[40.7531,-0.1689],[40.7542,-0.1678],[40.7619,-0.1722],[40.7642,-0.1767],[40.7686,-0.1778],[40.7853,-0.1889],[40.7875,-0.1878],[40.7908,-0.19],[40.8008,-0.1911],[40.8031,-0.1933],[40.8019,-0.2],[40.8153,-0.2089],[40.8208,-0.2044],[40.8264,-0.2056],[40.8319,-0.2],[40.8386,-0.2056],[40.8475,-0.2044],[40.8564,-0.2067],[40.8675,-0.2167],[40.8686,-0.2156]]}},{"type":"Feature","properties":{"id":"LG-0664","lagha_class":"III – Medium lagha (100–500 km²)","ff_hazard":"High","ff_index":34.6,"system":"North-East coastal drainage","upstream_km2":336.6,"strahler":2,"length_km":28.83,"near_town":"Hagadera","dist_town_km":61.0,"flooded_2023":false,"flooded_2024":null},"geometry":{"type":"LineString","coordinates":[[40.8686,-0.2156],[40.8853,-0.2322],[40.8997,-0.24],[40.9019,-0.2433],[40.9086,-0.2445],[40.9186,-0.2511],[40.9364,-0.2711],[40.9397,-0.2711],[40.9419,-0.2733],[40.9631,-0.2711],[40.9653,-0.2733],[40.9631,-0.2767],[40.9742,-0.2878],[40.9775,-0.2889],[40.9786,-0.2933],[40.9864,-0.3011],[40.9931,-0.2989],[40.9964,-0.3011],[41.0175,-0.3011],[41.02,-0.3037]]}},{"type":"Feature","properties":{"id":"LG-0667","lagha_class":"IV – Minor lagha / gully (15–100 km²)","ff_hazard":"Low","ff_index":7.4,"system":"Local ephemeral drainage","upstream_km2":51.0,"strahler":2,"length_km":8.81,"near_town":"Hagadera","dist_town_km":37.7,"flooded_2023":false,"flooded_2024":null},"geometry":{"type":"LineString","coordinates":[[40.6564,-0.1678],[40.6564,-0.1711],[40.6586,-0.1733],[40.6653,-0.1744],[40.6742,-0.1822],[40.6775,-0.1822],[40.6808,-0.1856],[40.6853,-0.1867],[40.6875,-0.19],[40.6953,-0.1878],[40.6997,-0.1922],[40.7019,-0.1922],[40.7031,-0.19],[40.7064,-0.1911],[40.7064,-0.1856],[40.7108,-0.1833]]}},{"type":"Feature","properties":{"id":"LG-0671","lagha_class":"III – Medium lagha (100–500 km²)","ff_hazard":"High","ff_index":36.2,"system":"North-East coastal drainage","upstream_km2":469.9,"strahler":2,"length_km":5.46,"near_town":"Liboi","dist_town_km":57.4,"flooded_2023":false,"flooded_2024":null},"geometry":{"type":"LineString","coordinates":[[40.9864,-0.1545],[40.9897,-0.1556],[40.9997,-0.1656],[41.0201,-0.1656]]}},{"type":"Feature","properties":{"id":"LG-0673","lagha_class":"III – Medium lagha (100–500 km²)","ff_hazard":"Moderate","ff_index":22.7,"system":"North-East coastal drainage","upstream_km2":209.0,"strahler":2,"length_km":4.92,"near_town":"Hagadera","dist_town_km":32.7,"flooded_2023":true,"flooded_2024":null},"geometry":{"type":"LineString","coordinates":[[40.1164,-0.1878],[40.1219,-0.1833],[40.1264,-0.1845],[40.1308,-0.1822],[40.1331,-0.1856],[40.1397,-0.1811],[40.1431,-0.1822],[40.1453,-0.1778],[40.1486,-0.1767]]}},{"type":"Feature","properties":{"id":"LG-0674","lagha_class":"IV – Minor lagha / gully (15–100 km²)","ff_hazard":"Low","ff_index":8.4,"system":"Local ephemeral drainage","upstream_km2":51.0,"strahler":2,"length_km":1.38,"near_town":"Hagadera","dist_town_km":42.7,"flooded_2023":false,"flooded_2024":null},"geometry":{"type":"LineString","coordinates":[[40.7053,-0.1744],[40.7075,-0.1756],[40.7108,-0.1833]]}},{"type":"Feature","properties":{"id":"LG-0675","lagha_class":"IV – Minor lagha / gully (15–100 km²)","ff_hazard":"Low","ff_index":8.1,"system":"North-East coastal drainage","upstream_km2":60.6,"strahler":2,"length_km":7.22,"near_town":"Hagadera","dist_town_km":43.7,"flooded_2023":false,"flooded_2024":null},"geometry":{"type":"LineString","coordinates":[[40.7108,-0.1833],[40.7131,-0.1822],[40.7208,-0.1878],[40.7219,-0.1922],[40.7286,-0.1989],[40.7308,-0.1989],[40.7331,-0.2044],[40.7364,-0.2033],[40.742,-0.2067],[40.7408,-0.2133],[40.7453,-0.2133],[40.7464,-0.2167]]}},{"type":"Feature","properties":{"id":"LG-0676","lagha_class":"III – Medium lagha (100–500 km²)","ff_hazard":"Low","ff_index":13.1,"system":"North-East coastal drainage","upstream_km2":149.1,"strahler":2,"length_km":6.97,"near_town":"Garissa","dist_town_km":30.1,"flooded_2023":false,"flooded_2024":null},"geometry":{"type":"LineString","coordinates":[[39.6553,-0.1767],[39.6608,-0.1756],[39.6631,-0.1689],[39.6642,-0.17],[39.6742,-0.1644],[39.6764,-0.1656],[39.6864,-0.1544],[39.6864,-0.1511],[39.6908,-0.1467],[39.6919,-0.1422]]}},{"type":"Feature","properties":{"id":"LG-0677","lagha_class":"II – Large lagha (500–2,000 km²)","ff_hazard":"Moderate","ff_index":20.5,"system":"North-East coastal drainage","upstream_km2":775.1,"strahler":3,"length_km":24.18,"near_town":"Garissa","dist_town_km":34.0,"flooded_2023":false,"flooded_2024":null},"geometry":{"type":"LineString","coordinates":[[39.6919,-0.1422],[39.6931,-0.1411],[39.6964,-0.1444],[39.7108,-0.14],[39.7131,-0.1422],[39.7164,-0.1422],[39.7197,-0.1389],[39.7208,-0.14],[39.7275,-0.1356],[39.7408,-0.1311],[39.742,-0.1278],[39.7453,-0.13],[39.7519,-0.1267],[39.7575,-0.1289],[39.7586,-0.1245],[39.7653,-0.1244],[39.7697,-0.1267],[39.7753,-0.1233],[39.7775,-0.1189],[39.7853,-0.1189],[39.7864,-0.1167],[39.7931,-0.1156],[39.7953,-0.1133],[39.8008,-0.1133],[39.8031,-0.1111],[39.8064,-0.1122],[39.8153,-0.1056],[39.8197,-0.1056],[39.8264,-0.1022],[39.8286,-0.1],[39.8275,-0.0967],[39.8308,-0.09],[39.8364,-0.0889],[39.8364,-0.0867],[39.8408,-0.0889],[39.8431,-0.0867],[39.8431,-0.0833],[39.8475,-0.0833],[39.8497,-0.08]]}},{"type":"Feature","properties":{"id":"LG-0678","lagha_class":"II – Large lagha (500–2,000 km²)","ff_hazard":"Moderate","ff_index":20.5,"system":"North-East coastal drainage","upstream_km2":800.2,"strahler":3,"length_km":4.29,"near_town":"Garissa","dist_town_km":46.4,"flooded_2023":false,"flooded_2024":null},"geometry":{"type":"LineString","coordinates":[[39.8497,-0.08],[39.8608,-0.0844],[39.8642,-0.0833],[39.8686,-0.0889],[39.8775,-0.0922],[39.8797,-0.0956]]}},{"type":"Feature","properties":{"id":"LG-0679","lagha_class":"II – Large lagha (500–2,000 km²)","ff_hazard":"High","ff_index":30.6,"system":"North-East coastal drainage","upstream_km2":894.0,"strahler":3,"length_km":42.46,"near_town":"Hagadera","dist_town_km":32.0,"flooded_2023":true,"flooded_2024":null},"geometry":{"type":"LineString","coordinates":[[39.8797,-0.0956],[39.8864,-0.0956],[39.8931,-0.1033],[39.8975,-0.1033],[39.8997,-0.1056],[39.9019,-0.1044],[39.9053,-0.1078],[39.9097,-0.1067],[39.9142,-0.1111],[39.9197,-0.1089],[39.9286,-0.1156],[39.9308,-0.1122],[39.9386,-0.1167],[39.9419,-0.1156],[39.9453,-0.1222],[39.9486,-0.12],[39.9531,-0.12],[39.9553,-0.1222],[39.9575,-0.1178],[39.962,-0.1167],[39.9664,-0.1189],[39.9731,-0.1167],[39.9753,-0.1189],[39.9831,-0.1178],[39.9897,-0.1211],[39.9908,-0.1244],[39.9953,-0.1211],[39.9975,-0.1267],[40.0008,-0.1289],[40.0042,-0.1267],[40.0086,-0.1289],[40.0108,-0.1267],[40.0175,-0.1344],[40.0275,-0.1344],[40.0331,-0.1411],[40.0375,-0.1422],[40.0453,-0.1389],[40.0508,-0.1389],[40.0553,-0.1456],[40.0575,-0.1444],[40.0675,-0.1489],[40.0753,-0.1489],[40.0786,-0.1522],[40.0819,-0.1522],[40.0842,-0.1545],[40.0875,-0.1533],[40.0942,-0.1589],[40.1008,-0.1589],[40.1042,-0.1622],[40.1097,-0.1611],[40.1142,-0.1645],[40.1119,-0.1689],[40.1164,-0.1711],[40.1186,-0.1689],[40.1231,-0.1689],[40.1253,-0.1711],[40.1286,-0.1645],[40.1308,-0.1678],[40.1353,-0.1622],[40.1375,-0.1622],[40.1442,-0.1667],[40.1475,-0.1656],[40.1497,-0.17],[40.1486,-0.1767]]}},{"type":"Feature","properties":{"id":"LG-0680","lagha_class":"II – Large lagha (500–2,000 km²)","ff_hazard":"High","ff_index":30.8,"system":"North-East coastal drainage","upstream_km2":1116.4,"strahler":3,"length_km":7.55,"near_town":"Hagadera","dist_town_km":31.1,"flooded_2023":true,"flooded_2024":null},"geometry":{"type":"LineString","coordinates":[[40.1486,-0.1767],[40.1542,-0.1822],[40.1597,-0.1778],[40.1653,-0.1767],[40.1731,-0.1856],[40.1753,-0.1844],[40.1775,-0.1867],[40.1764,-0.19],[40.1797,-0.1933],[40.1797,-0.1967],[40.1886,-0.2011],[40.1864,-0.2056]]}},{"type":"Feature","properties":{"id":"LG-0681","lagha_class":"II – Large lagha (500–2,000 km²)","ff_hazard":"High","ff_index":29.1,"system":"North-East coastal drainage","upstream_km2":762.9,"strahler":3,"length_km":3.1,"near_town":"Hagadera","dist_town_km":26.4,"flooded_2023":true,"flooded_2024":null},"geometry":{"type":"LineString","coordinates":[[40.2353,-0.1789],[40.2331,-0.1822],[40.2342,-0.1833],[40.2308,-0.1867],[40.2319,-0.1944],[40.2297,-0.1978],[40.2253,-0.1989]]}},{"type":"Feature","properties":{"id":"LG-0682","lagha_class":"II – Large lagha (500–2,000 km²)","ff_hazard":"High","ff_index":31.9,"system":"North-East coastal drainage","upstream_km2":1146.5,"strahler":3,"length_km":1.82,"near_town":"Hagadera","dist_town_km":28.8,"flooded_2023":true,"flooded_2024":null},"geometry":{"type":"LineString","coordinates":[[40.2253,-0.1989],[40.2253,-0.2033],[40.2231,-0.2056],[40.2231,-0.2144]]}},{"type":"Feature","properties":{"id":"LG-0683","lagha_class":"IV – Minor lagha / gully (15–100 km²)","ff_hazard":"Low","ff_index":13.7,"system":"Local ephemeral drainage","upstream_km2":52.4,"strahler":2,"length_km":4.75,"near_town":"Saka","dist_town_km":18.7,"flooded_2023":false,"flooded_2024":null},"geometry":{"type":"LineString","coordinates":[[39.5197,-0.18],[39.5142,-0.1978],[39.5119,-0.1967],[39.5042,-0.2033],[39.4953,-0.2033]]}},{"type":"Feature","properties":{"id":"LG-0684","lagha_class":"I – Major lagha (≥2,000 km²)","ff_hazard":"Very High","ff_index":51.2,"system":"Local ephemeral drainage","upstream_km2":5607.1,"strahler":4,"length_km":4.61,"near_town":"Saka","dist_town_km":18.4,"flooded_2023":false,"flooded_2024":null},"geometry":{"type":"LineString","coordinates":[[39.4953,-0.2033],[39.4908,-0.2078],[39.492,-0.21],[39.4886,-0.2133],[39.4877,-0.2187]]}},{"type":"Feature","properties":{"id":"LG-0687","lagha_class":"IV – Minor lagha / gully (15–100 km²)","ff_hazard":"Moderate","ff_index":24.7,"system":"Lagh Dera system","upstream_km2":87.0,"strahler":2,"length_km":6.82,"near_town":"Hagadera","dist_town_km":30.0,"flooded_2023":false,"flooded_2024":null},"geometry":{"type":"LineString","coordinates":[[40.6097,-0.1967],[40.6053,-0.1945],[40.5953,-0.1989],[40.5919,-0.1956],[40.5908,-0.1889],[40.5842,-0.1744],[40.5742,-0.1633]]}},{"type":"Feature","properties":{"id":"LG-0689","lagha_class":"IV – Minor lagha / gully (15–100 km²)","ff_hazard":"Low","ff_index":10.5,"system":"North-East coastal drainage","upstream_km2":97.2,"strahler":2,"length_km":3.0,"near_town":"Garissa","dist_town_km":34.8,"flooded_2023":false,"flooded_2024":null},"geometry":{"type":"LineString","coordinates":[[39.8275,-0.1833],[39.8319,-0.1833],[39.8386,-0.1911],[39.8375,-0.1956],[39.8419,-0.2]]}},{"type":"Feature","properties":{"id":"LG-0690","lagha_class":"IV – Minor lagha / gully (15–100 km²)","ff_hazard":"Moderate","ff_index":25.7,"system":"Local ephemeral drainage","upstream_km2":67.6,"strahler":2,"length_km":10.76,"near_town":"Saka","dist_town_km":23.5,"flooded_2023":false,"flooded_2024":null},"geometry":{"type":"LineString","coordinates":[[39.5464,-0.2078],[39.5442,-0.21],[39.5442,-0.2222],[39.532,-0.2389],[39.5231,-0.2445],[39.5231,-0.2522],[39.5198,-0.2555]]}},{"type":"Feature","properties":{"id":"LG-0692","lagha_class":"II – Large lagha (500–2,000 km²)","ff_hazard":"High","ff_index":30.8,"system":"North-East coastal drainage","upstream_km2":1146.5,"strahler":3,"length_km":5.41,"near_town":"Hagadera","dist_town_km":30.1,"flooded_2023":true,"flooded_2024":null},"geometry":{"type":"LineString","coordinates":[[40.1864,-0.2056],[40.1908,-0.2067],[40.1919,-0.21],[40.1986,-0.2111],[40.2053,-0.2167],[40.2186,-0.2089],[40.2231,-0.2144]]}},{"type":"Feature","properties":{"id":"LG-0693","lagha_class":"II – Large lagha (500–2,000 km²)","ff_hazard":"High","ff_index":33.0,"system":"North-East coastal drainage","upstream_km2":1943.9,"strahler":4,"length_km":3.99,"near_town":"Hagadera","dist_town_km":29.8,"flooded_2023":true,"flooded_2024":null},"geometry":{"type":"LineString","coordinates":[[40.2231,-0.2144],[40.2331,-0.2144],[40.2375,-0.2189],[40.2364,-0.2222],[40.2431,-0.2278],[40.2442,-0.2333]]}},{"type":"Feature","properties":{"id":"LG-0695","lagha_class":"IV – Minor lagha / gully (15–100 km²)","ff_hazard":"Moderate","ff_index":24.5,"system":"Lagh Dera system","upstream_km2":86.8,"strahler":2,"length_km":1.98,"near_town":"Hagadera","dist_town_km":29.5,"flooded_2023":false,"flooded_2024":null},"geometry":{"type":"LineString","coordinates":[[40.562,-0.17],[40.5697,-0.1711],[40.5742,-0.1633]]}},{"type":"Feature","properties":{"id":"LG-0696","lagha_class":"III – Medium lagha (100–500 km²)","ff_hazard":"High","ff_index":32.3,"system":"Lagh Dera system","upstream_km2":456.1,"strahler":3,"length_km":32.31,"near_town":"Hagadera","dist_town_km":6.3,"flooded_2023":false,"flooded_2024":null},"geometry":{"type":"LineString","coordinates":[[40.5742,-0.1633],[40.5742,-0.1589],[40.5675,-0.1522],[40.5664,-0.1467],[40.5564,-0.1367],[40.5542,-0.1311],[40.5475,-0.1233],[40.5331,-0.1111],[40.5286,-0.1],[40.5242,-0.0967],[40.5231,-0.0922],[40.5164,-0.0844],[40.5153,-0.0778],[40.5031,-0.0656],[40.5042,-0.0611],[40.4964,-0.05],[40.4853,-0.0389],[40.4853,-0.0344],[40.4775,-0.0211],[40.4786,-0.0189],[40.4764,-0.01],[40.4608,0.0111],[40.4608,0.0167],[40.4586,0.0189],[40.4586,0.0222],[40.4608,0.0233],[40.4553,0.0267],[40.4519,0.0256],[40.4397,0.0367],[40.4319,0.0344],[40.422,0.0411]]}},{"type":"Feature","properties":{"id":"LG-0697","lagha_class":"II – Large lagha (500–2,000 km²)","ff_hazard":"Moderate","ff_index":20.8,"system":"Lagh Dera system","upstream_km2":1201.3,"strahler":4,"length_km":9.18,"near_town":"Hagadera","dist_town_km":5.6,"flooded_2023":false,"flooded_2024":null},"geometry":{"type":"LineString","coordinates":[[40.422,0.0411],[40.4153,0.0444],[40.4053,0.0567],[40.4019,0.0567],[40.3986,0.06],[40.4053,0.07],[40.4019,0.08],[40.3919,0.08],[40.3853,0.0856],[40.3831,0.09]]}},{"type":"Feature","properties":{"id":"LG-0698","lagha_class":"IV – Minor lagha / gully (15–100 km²)","ff_hazard":"Low","ff_index":8.1,"system":"Local ephemeral drainage","upstream_km2":62.7,"strahler":2,"length_km":0.72,"near_town":"Hagadera","dist_town_km":26.7,"flooded_2023":false,"flooded_2024":null},"geometry":{"type":"LineString","coordinates":[[40.3097,-0.2178],[40.3042,-0.2156]]}},{"type":"Feature","properties":{"id":"LG-0699","lagha_class":"IV – Minor lagha / gully (15–100 km²)","ff_hazard":"Low","ff_index":9.5,"system":"Local ephemeral drainage","upstream_km2":99.8,"strahler":2,"length_km":1.84,"near_town":"Hagadera","dist_town_km":26.7,"flooded_2023":false,"flooded_2024":null},"geometry":{"type":"LineString","coordinates":[[40.3042,-0.2156],[40.2975,-0.2211],[40.2986,-0.2244],[40.2964,-0.2267]]}},{"type":"Feature","properties":{"id":"LG-0702","lagha_class":"III – Medium lagha (100–500 km²)","ff_hazard":"Moderate","ff_index":23.8,"system":"North-East coastal drainage","upstream_km2":121.2,"strahler":2,"length_km":11.29,"near_town":"Hagadera","dist_town_km":49.0,"flooded_2023":false,"flooded_2024":null},"geometry":{"type":"LineString","coordinates":[[40.7464,-0.2167],[40.7508,-0.2211],[40.7542,-0.2211],[40.7608,-0.2278],[40.7608,-0.2311],[40.7653,-0.2356],[40.7697,-0.2367],[40.7775,-0.2445],[40.7775,-0.2489],[40.7864,-0.2567],[40.7919,-0.2678],[40.8042,-0.2811],[40.8053,-0.2889]]}},{"type":"Feature","properties":{"id":"LG-0705","lagha_class":"IV – Minor lagha / gully (15–100 km²)","ff_hazard":"Moderate","ff_index":24.4,"system":"Lagh Dera system","upstream_km2":87.1,"strahler":2,"length_km":7.77,"near_town":"Hagadera","dist_town_km":20.7,"flooded_2023":false,"flooded_2024":null},"geometry":{"type":"LineString","coordinates":[[40.4208,-0.1989],[40.4097,-0.1911],[40.4053,-0.1911],[40.4019,-0.1878],[40.3897,-0.1844],[40.3853,-0.18],[40.3775,-0.1822],[40.3753,-0.1756],[40.3731,-0.1756],[40.3686,-0.1711]]}},{"type":"Feature","properties":{"id":"LG-0707","lagha_class":"III – Medium lagha (100–500 km²)","ff_hazard":"High","ff_index":34.6,"system":"North-East coastal drainage","upstream_km2":336.6,"strahler":2,"length_km":38.35,"near_town":"Hagadera","dist_town_km":55.2,"flooded_2023":false,"flooded_2024":null},"geometry":{"type":"LineString","coordinates":[[40.8019,-0.2311],[40.8053,-0.2378],[40.8086,-0.2344],[40.8175,-0.2356],[40.8386,-0.2567],[40.8419,-0.2644],[40.8475,-0.27],[40.8553,-0.2733],[40.8619,-0.2789],[40.8697,-0.2778],[40.8775,-0.28],[40.8808,-0.2822],[40.8808,-0.2844],[40.8853,-0.2867],[40.8908,-0.2822],[40.8964,-0.2822],[40.9031,-0.2867],[40.9053,-0.2911],[40.9097,-0.2911],[40.9197,-0.2989],[40.9231,-0.2989],[40.9264,-0.3044],[40.9308,-0.3044],[40.9342,-0.3089],[40.9375,-0.3089],[40.9431,-0.3133],[40.9453,-0.3122],[40.9508,-0.3178],[40.9486,-0.32],[40.9508,-0.3222],[40.9497,-0.3233],[40.9586,-0.3333],[40.9742,-0.3344],[40.9753,-0.3322],[40.9775,-0.3322],[40.9797,-0.3389],[40.9864,-0.3444],[40.9908,-0.3411],[40.9931,-0.3411],[40.9964,-0.3456],[40.9986,-0.3456],[41.0031,-0.3411],[41.02,-0.3411]]}},{"type":"Feature","properties":{"id":"LG-0709","lagha_class":"III – Medium lagha (100–500 km²)","ff_hazard":"Moderate","ff_index":27.4,"system":"North-East coastal drainage","upstream_km2":195.5,"strahler":2,"length_km":7.11,"near_town":"Garissa","dist_town_km":32.6,"flooded_2023":false,"flooded_2024":null},"geometry":{"type":"LineString","coordinates":[[39.8497,-0.2333],[39.8642,-0.2422],[39.8753,-0.2367],[39.8775,-0.2378],[39.8797,-0.2322],[39.882,-0.2311],[39.882,-0.2256],[39.8864,-0.2156],[39.8853,-0.2133]]}},{"type":"Feature","properties":{"id":"LG-0710","lagha_class":"IV – Minor lagha / gully (15–100 km²)","ff_hazard":"High","ff_index":27.7,"system":"Local ephemeral drainage","upstream_km2":67.6,"strahler":2,"length_km":7.39,"near_town":"Garissa","dist_town_km":23.8,"flooded_2023":false,"flooded_2024":null},"geometry":{"type":"LineString","coordinates":[[39.5753,-0.2344],[39.5664,-0.2433],[39.5653,-0.2478],[39.5597,-0.25],[39.5553,-0.2544],[39.5497,-0.2533],[39.5464,-0.2578],[39.5386,-0.26],[39.5321,-0.2688]]}},{"type":"Feature","properties":{"id":"LG-0712","lagha_class":"III – Medium lagha (100–500 km²)","ff_hazard":"Very High","ff_index":37.1,"system":"North-East coastal drainage","upstream_km2":195.5,"strahler":2,"length_km":6.25,"near_town":"Garissa","dist_town_km":34.8,"flooded_2023":true,"flooded_2024":null},"geometry":{"type":"LineString","coordinates":[[39.8419,-0.2],[39.8486,-0.2011],[39.8508,-0.2033],[39.8553,-0.2],[39.8597,-0.2078],[39.8653,-0.21],[39.8708,-0.2089],[39.8764,-0.2133],[39.8853,-0.2133]]}},{"type":"Feature","properties":{"id":"LG-0713","lagha_class":"III – Medium lagha (100–500 km²)","ff_hazard":"Very High","ff_index":39.3,"system":"North-East coastal drainage","upstream_km2":280.5,"strahler":2,"length_km":20.57,"near_town":"Garissa","dist_town_km":36.9,"flooded_2023":true,"flooded_2024":null},"geometry":{"type":"LineString","coordinates":[[39.8853,-0.2133],[39.8875,-0.2111],[39.8908,-0.2133],[39.9042,-0.2122],[39.9064,-0.21],[39.9208,-0.2111],[39.9231,-0.2089],[39.9264,-0.21],[39.9308,-0.2078],[39.9408,-0.2078],[39.9431,-0.21],[39.9453,-0.2078],[39.9531,-0.2089],[39.9553,-0.2067],[39.9697,-0.2044],[39.9742,-0.2011],[39.9797,-0.2022],[39.9808,-0.2078],[39.9864,-0.2078],[39.9942,-0.2122],[39.9942,-0.2156],[39.9975,-0.2156],[39.9997,-0.2133],[40.0086,-0.2133],[40.0119,-0.21],[40.0164,-0.21],[40.0197,-0.2111],[40.0242,-0.2167],[40.0286,-0.2167],[40.032,-0.2189]]}},{"type":"Feature","properties":{"id":"LG-0714","lagha_class":"III – Medium lagha (100–500 km²)","ff_hazard":"Moderate","ff_index":25.8,"system":"North-East coastal drainage","upstream_km2":322.6,"strahler":2,"length_km":10.03,"near_town":"Hagadera","dist_town_km":40.8,"flooded_2023":true,"flooded_2024":null},"geometry":{"type":"LineString","coordinates":[[40.032,-0.2189],[40.0386,-0.2189],[40.0408,-0.2167],[40.0453,-0.22],[40.0497,-0.22],[40.0519,-0.2156],[40.0553,-0.2167],[40.0586,-0.2133],[40.062,-0.2156],[40.0608,-0.2178],[40.0631,-0.22],[40.0742,-0.22],[40.0764,-0.2233],[40.0864,-0.2233],[40.0908,-0.2278],[40.0942,-0.2256],[40.0975,-0.23]]}},{"type":"Feature","properties":{"id":"LG-0715","lagha_class":"IV – Minor lagha / gully (15–100 km²)","ff_hazard":"Low","ff_index":7.4,"system":"Local ephemeral drainage","upstream_km2":48.9,"strahler":2,"length_km":6.78,"near_town":"Hagadera","dist_town_km":45.6,"flooded_2023":false,"flooded_2024":null},"geometry":{"type":"LineString","coordinates":[[40.6942,-0.2378],[40.7008,-0.2378],[40.7053,-0.2422],[40.7142,-0.2422],[40.7208,-0.2489],[40.7264,-0.2478],[40.7319,-0.2533],[40.7386,-0.2656]]}},{"type":"Feature","properties":{"id":"LG-0718","lagha_class":"III – Medium lagha (100–500 km²)","ff_hazard":"Low","ff_index":9.3,"system":"North-East coastal drainage","upstream_km2":105.7,"strahler":2,"length_km":8.91,"near_town":"Hagadera","dist_town_km":40.8,"flooded_2023":false,"flooded_2024":null},"geometry":{"type":"LineString","coordinates":[[40.6053,-0.2678],[40.6075,-0.2711],[40.6164,-0.2733],[40.6242,-0.2789],[40.6275,-0.2889],[40.6386,-0.2967],[40.6397,-0.3056],[40.6542,-0.32]]}},{"type":"Feature","properties":{"id":"LG-0723","lagha_class":"IV – Minor lagha / gully (15–100 km²)","ff_hazard":"Low","ff_index":9.1,"system":"North-East coastal drainage","upstream_km2":87.5,"strahler":2,"length_km":11.36,"near_town":"Hagadera","dist_town_km":33.5,"flooded_2023":false,"flooded_2024":null},"geometry":{"type":"LineString","coordinates":[[40.4697,-0.27],[40.4808,-0.2756],[40.4864,-0.2878],[40.492,-0.2889],[40.5008,-0.2956],[40.5008,-0.3],[40.5131,-0.3144],[40.5219,-0.3178],[40.5286,-0.3244],[40.5331,-0.3245],[40.5375,-0.3211]]}},{"type":"Feature","properties":{"id":"LG-0725","lagha_class":"IV – Minor lagha / gully (15–100 km²)","ff_hazard":"Low","ff_index":8.0,"system":"Local ephemeral drainage","upstream_km2":48.9,"strahler":2,"length_km":2.51,"near_town":"Hagadera","dist_town_km":50.5,"flooded_2023":false,"flooded_2024":null},"geometry":{"type":"LineString","coordinates":[[40.7219,-0.2745],[40.7231,-0.2756],[40.7331,-0.2722],[40.7386,-0.2656]]}},{"type":"Feature","properties":{"id":"LG-0726","lagha_class":"IV – Minor lagha / gully (15–100 km²)","ff_hazard":"Moderate","ff_index":20.6,"system":"North-East coastal drainage","upstream_km2":59.7,"strahler":2,"length_km":7.45,"near_town":"Hagadera","dist_town_km":51.4,"flooded_2023":false,"flooded_2024":null},"geometry":{"type":"LineString","coordinates":[[40.7386,-0.2656],[40.7519,-0.2667],[40.7575,-0.2711],[40.7619,-0.2711],[40.7719,-0.2756],[40.7808,-0.2844],[40.7842,-0.2822],[40.7942,-0.2867]]}},{"type":"Feature","properties":{"id":"LG-0727","lagha_class":"IV – Minor lagha / gully (15–100 km²)","ff_hazard":"Low","ff_index":9.2,"system":"Local ephemeral drainage","upstream_km2":99.8,"strahler":2,"length_km":12.18,"near_town":"Hagadera","dist_town_km":28.1,"flooded_2023":false,"flooded_2024":null},"geometry":{"type":"LineString","coordinates":[[40.3553,-0.2767],[40.3508,-0.2733],[40.3508,-0.2678],[40.3453,-0.2633],[40.3386,-0.2644],[40.3275,-0.2578],[40.3253,-0.2589],[40.3208,-0.2467],[40.3164,-0.2467],[40.3142,-0.25],[40.3108,-0.2478],[40.3086,-0.2489],[40.3008,-0.2411],[40.2997,-0.2422],[40.2964,-0.2389],[40.2931,-0.2389],[40.2919,-0.2344],[40.2964,-0.23],[40.2964,-0.2267]]}},{"type":"Feature","properties":{"id":"LG-0728","lagha_class":"II – Large lagha (500–2,000 km²)","ff_hazard":"High","ff_index":33.1,"system":"North-East coastal drainage","upstream_km2":1944.8,"strahler":4,"length_km":8.11,"near_town":"Hagadera","dist_town_km":28.0,"flooded_2023":true,"flooded_2024":null},"geometry":{"type":"LineString","coordinates":[[40.2964,-0.2267],[40.2875,-0.2256],[40.2831,-0.2278],[40.2786,-0.2267],[40.2731,-0.2211],[40.2564,-0.2178],[40.2542,-0.22],[40.2508,-0.2189],[40.2475,-0.2211],[40.2453,-0.23],[40.2464,-0.2311],[40.2442,-0.2333]]}},{"type":"Feature","properties":{"id":"LG-0729","lagha_class":"I – Major lagha (≥2,000 km²)","ff_hazard":"High","ff_index":33.6,"system":"North-East coastal drainage","upstream_km2":2146.8,"strahler":4,"length_km":13.74,"near_town":"Hagadera","dist_town_km":31.0,"flooded_2023":true,"flooded_2024":null},"geometry":{"type":"LineString","coordinates":[[40.2442,-0.2333],[40.2364,-0.2411],[40.2408,-0.2511],[40.2475,-0.2567],[40.2464,-0.2622],[40.2542,-0.27],[40.2531,-0.2767],[40.2375,-0.29],[40.2375,-0.2922],[40.2319,-0.2978],[40.2264,-0.2978],[40.2219,-0.3022],[40.2219,-0.3089],[40.2164,-0.3145],[40.2164,-0.3211]]}},{"type":"Feature","properties":{"id":"LG-0731","lagha_class":"IV – Minor lagha / gully (15–100 km²)","ff_hazard":"Moderate","ff_index":22.8,"system":"Lagh Dera system","upstream_km2":59.8,"strahler":2,"length_km":8.56,"near_town":"Hagadera","dist_town_km":20.7,"flooded_2023":false,"flooded_2024":null},"geometry":{"type":"LineString","coordinates":[[40.3964,-0.23],[40.3908,-0.2211],[40.3842,-0.2167],[40.3764,-0.2078],[40.3764,-0.2],[40.3731,-0.1945],[40.3775,-0.1889],[40.3753,-0.1833],[40.3675,-0.1756],[40.3686,-0.1711]]}},{"type":"Feature","properties":{"id":"LG-0732","lagha_class":"III – Medium lagha (100–500 km²)","ff_hazard":"Moderate","ff_index":24.0,"system":"Lagh Dera system","upstream_km2":151.4,"strahler":3,"length_km":2.73,"near_town":"Hagadera","dist_town_km":18.5,"flooded_2023":false,"flooded_2024":null},"geometry":{"type":"LineString","coordinates":[[40.3686,-0.1711],[40.3664,-0.1578],[40.3597,-0.1511]]}},{"type":"Feature","properties":{"id":"LG-0733","lagha_class":"III – Medium lagha (100–500 km²)","ff_hazard":"Low","ff_index":13.1,"system":"Lagh Dera system","upstream_km2":231.2,"strahler":3,"length_km":3.65,"near_town":"Hagadera","dist_town_km":15.8,"flooded_2023":false,"flooded_2024":null},"geometry":{"type":"LineString","coordinates":[[40.3597,-0.1511],[40.3619,-0.1489],[40.3608,-0.1456],[40.3642,-0.14],[40.3586,-0.1322],[40.3597,-0.13],[40.3553,-0.1256]]}},{"type":"Feature","properties":{"id":"LG-0734","lagha_class":"III – Medium lagha (100–500 km²)","ff_hazard":"Low","ff_index":14.0,"system":"Lagh Dera system","upstream_km2":252.2,"strahler":3,"length_km":9.68,"near_town":"Hagadera","dist_town_km":11.0,"flooded_2023":false,"flooded_2024":null},"geometry":{"type":"LineString","coordinates":[[40.3553,-0.1256],[40.3542,-0.1222],[40.3597,-0.12],[40.3608,-0.1178],[40.3475,-0.1011],[40.3442,-0.1022],[40.3375,-0.0967],[40.3353,-0.0922],[40.3364,-0.09],[40.3319,-0.0856],[40.3331,-0.0811],[40.3297,-0.08],[40.3208,-0.0689]]}},{"type":"Feature","properties":{"id":"LG-0735","lagha_class":"III – Medium lagha (100–500 km²)","ff_hazard":"Very High","ff_index":48.5,"system":"Lagh Dera system","upstream_km2":449.0,"strahler":3,"length_km":9.67,"near_town":"Hagadera","dist_town_km":3.4,"flooded_2023":false,"flooded_2024":null},"geometry":{"type":"LineString","coordinates":[[40.3208,-0.0689],[40.3219,-0.0667],[40.3197,-0.0644],[40.3242,-0.0644],[40.3342,-0.0511],[40.3331,-0.0444],[40.3408,-0.0311],[40.3442,-0.0289],[40.3431,-0.0278],[40.3453,-0.0256],[40.3464,-0.0189],[40.3453,-0.0178],[40.3497,-0.0144],[40.3508,-0.0067]]}},{"type":"Feature","properties":{"id":"LG-0736","lagha_class":"II – Large lagha (500–2,000 km²)","ff_hazard":"Very High","ff_index":53.1,"system":"Lagh Dera system","upstream_km2":681.5,"strahler":3,"length_km":18.79,"near_town":"Hagadera","dist_town_km":0.3,"flooded_2023":false,"flooded_2024":null},"geometry":{"type":"LineString","coordinates":[[40.3508,-0.0067],[40.3542,-0.0056],[40.3586,-0.0078],[40.3664,-0.0178],[40.3731,-0.0144],[40.3797,-0.0144],[40.382,-0.0167],[40.3964,-0.01],[40.3919,-0.0033],[40.3875,-0.0022],[40.3842,-0.0044],[40.3742,0.0056],[40.3753,0.0078],[40.3686,0.0144],[40.3653,0.0222],[40.3575,0.0222],[40.3442,0.0344],[40.3475,0.04],[40.3508,0.04],[40.3475,0.0467],[40.3486,0.0578]]}},{"type":"Feature","properties":{"id":"LG-0737","lagha_class":"II – Large lagha (500–2,000 km²)","ff_hazard":"Moderate","ff_index":19.2,"system":"Lagh Dera system","upstream_km2":708.1,"strahler":3,"length_km":0.59,"near_town":"Dadaab","dist_town_km":3.5,"flooded_2023":false,"flooded_2024":null},"geometry":{"type":"LineString","coordinates":[[40.3486,0.0578],[40.3508,0.0622]]}},{"type":"Feature","properties":{"id":"LG-0738","lagha_class":"II – Large lagha (500–2,000 km²)","ff_hazard":"Moderate","ff_index":18.2,"system":"Lagh Dera system","upstream_km2":725.4,"strahler":3,"length_km":7.17,"near_town":"Dadaab","dist_town_km":3.3,"flooded_2023":false,"flooded_2024":null},"geometry":{"type":"LineString","coordinates":[[40.3508,0.0622],[40.3497,0.0656],[40.3553,0.0689],[40.3597,0.07],[40.3642,0.0667],[40.3697,0.0711],[40.3708,0.0722],[40.3675,0.0767],[40.3697,0.0789],[40.3742,0.0811],[40.382,0.0811],[40.3831,0.09]]}},{"type":"Feature","properties":{"id":"LG-0739","lagha_class":"II – Large lagha (500–2,000 km²)","ff_hazard":"Moderate","ff_index":21.8,"system":"Lagh Dera system","upstream_km2":1552.9,"strahler":4,"length_km":0.87,"near_town":"Dadaab","dist_town_km":7.4,"flooded_2023":false,"flooded_2024":null},"geometry":{"type":"LineString","coordinates":[[40.3831,0.09],[40.3853,0.0922],[40.382,0.0956]]}},{"type":"Feature","properties":{"id":"LG-0740","lagha_class":"II – Large lagha (500–2,000 km²)","ff_hazard":"Moderate","ff_index":22.9,"system":"Lagh Dera system","upstream_km2":1845.4,"strahler":4,"length_km":3.52,"near_town":"Dadaab","dist_town_km":7.3,"flooded_2023":false,"flooded_2024":null},"geometry":{"type":"LineString","coordinates":[[40.382,0.0956],[40.3797,0.0978],[40.3808,0.1],[40.3875,0.1022],[40.3897,0.1078],[40.3953,0.1089],[40.3975,0.1067],[40.3986,0.1089]]}},{"type":"Feature","properties":{"id":"LG-0741","lagha_class":"II – Large lagha (500–2,000 km²)","ff_hazard":"Moderate","ff_index":22.6,"system":"Lagh Dera system","upstream_km2":1850.4,"strahler":4,"length_km":1.86,"near_town":"Dadaab","dist_town_km":9.7,"flooded_2023":false,"flooded_2024":null},"geometry":{"type":"LineString","coordinates":[[40.3986,0.1089],[40.3986,0.1167],[40.4031,0.1222]]}},{"type":"Feature","properties":{"id":"LG-0742","lagha_class":"I – Major lagha (≥2,000 km²)","ff_hazard":"Moderate","ff_index":23.3,"system":"Lagh Dera system","upstream_km2":2034.0,"strahler":4,"length_km":6.01,"near_town":"Dadaab","dist_town_km":10.8,"flooded_2023":false,"flooded_2024":null},"geometry":{"type":"LineString","coordinates":[[40.4031,0.1222],[40.4075,0.1144],[40.4119,0.1133],[40.4175,0.1178],[40.4275,0.1178],[40.4297,0.1211],[40.4308,0.1378]]}},{"type":"Feature","properties":{"id":"LG-0743","lagha_class":"I – Major lagha (≥2,000 km²)","ff_hazard":"Very High","ff_index":56.6,"system":"Lagh Dera system","upstream_km2":15523.2,"strahler":5,"length_km":7.44,"near_town":"Dadaab","dist_town_km":14.4,"flooded_2023":true,"flooded_2024":null},"geometry":{"type":"LineString","coordinates":[[40.4308,0.1378],[40.4297,0.1456],[40.4397,0.1533],[40.4431,0.1611],[40.4497,0.1689],[40.4586,0.1722],[40.4631,0.18],[40.4675,0.1822]]}},{"type":"Feature","properties":{"id":"LG-0744","lagha_class":"I – Major lagha (≥2,000 km²)","ff_hazard":"Very High","ff_index":43.9,"system":"Lagh Dera system","upstream_km2":17572.1,"strahler":5,"length_km":3.4,"near_town":"Dadaab","dist_town_km":20.6,"flooded_2023":true,"flooded_2024":null},"geometry":{"type":"LineString","coordinates":[[40.4675,0.1822],[40.4731,0.1855],[40.4831,0.1855],[40.4875,0.19],[40.4908,0.19],[40.4931,0.1878]]}},{"type":"Feature","properties":{"id":"LG-0745","lagha_class":"I – Major lagha (≥2,000 km²)","ff_hazard":"Very High","ff_index":59.0,"system":"Lagh Dera system","upstream_km2":17598.8,"strahler":5,"length_km":1.93,"near_town":"Dadaab","dist_town_km":23.2,"flooded_2023":true,"flooded_2024":null},"geometry":{"type":"LineString","coordinates":[[40.4931,0.1878],[40.4997,0.1911],[40.5086,0.19]]}},{"type":"Feature","properties":{"id":"LG-0746","lagha_class":"I – Major lagha (≥2,000 km²)","ff_hazard":"Very High","ff_index":61.2,"system":"Lagh Dera system","upstream_km2":17651.1,"strahler":5,"length_km":0.84,"near_town":"Hagadera","dist_town_km":24.5,"flooded_2023":true,"flooded_2024":null},"geometry":{"type":"LineString","coordinates":[[40.5086,0.19],[40.5108,0.1911],[40.5119,0.1956]]}},{"type":"Feature","properties":{"id":"LG-0747","lagha_class":"I – Major lagha (≥2,000 km²)","ff_hazard":"Very High","ff_index":60.4,"system":"Lagh Dera system","upstream_km2":17670.2,"strahler":5,"length_km":0.74,"near_town":"Hagadera","dist_town_km":25.3,"flooded_2023":true,"flooded_2024":null},"geometry":{"type":"LineString","coordinates":[[40.5119,0.1956],[40.5119,0.2022]]}},{"type":"Feature","properties":{"id":"LG-0748","lagha_class":"I – Major lagha (≥2,000 km²)","ff_hazard":"Very High","ff_index":60.6,"system":"Lagh Dera system","upstream_km2":17673.2,"strahler":5,"length_km":1.79,"near_town":"Hagadera","dist_town_km":25.8,"flooded_2023":true,"flooded_2024":null},"geometry":{"type":"LineString","coordinates":[[40.5119,0.2022],[40.5142,0.2033],[40.5142,0.2078],[40.5208,0.2111]]}},{"type":"Feature","properties":{"id":"LG-0749","lagha_class":"I – Major lagha (≥2,000 km²)","ff_hazard":"Very High","ff_index":61.1,"system":"Lagh Dera system","upstream_km2":17775.6,"strahler":5,"length_km":10.07,"near_town":"Hagadera","dist_town_km":27.2,"flooded_2023":true,"flooded_2024":null},"geometry":{"type":"LineString","coordinates":[[40.5208,0.2111],[40.5275,0.2244],[40.532,0.2233],[40.5375,0.2267],[40.5464,0.2256],[40.5697,0.2144],[40.5808,0.2167],[40.5853,0.2133],[40.5897,0.2133],[40.5919,0.2155]]}},{"type":"Feature","properties":{"id":"LG-0750","lagha_class":"I – Major lagha (≥2,000 km²)","ff_hazard":"Very High","ff_index":61.1,"system":"Lagh Dera system","upstream_km2":17898.2,"strahler":5,"length_km":23.65,"near_town":"Liboi","dist_town_km":18.0,"flooded_2023":true,"flooded_2024":null},"geometry":{"type":"LineString","coordinates":[[40.5919,0.2155],[40.5997,0.2267],[40.6053,0.2222],[40.6142,0.2322],[40.6164,0.23],[40.6219,0.23],[40.6242,0.2267],[40.6275,0.2289],[40.632,0.2278],[40.6353,0.2311],[40.6386,0.23],[40.6408,0.2322],[40.6431,0.2289],[40.6475,0.2278],[40.6608,0.2389],[40.6664,0.2389],[40.6764,0.2489],[40.6831,0.2522],[40.6886,0.2589],[40.6842,0.2667],[40.6975,0.2733],[40.7075,0.2833],[40.7042,0.2889],[40.712,0.3011],[40.7108,0.3033],[40.7142,0.3078],[40.712,0.3111]]}},{"type":"Feature","properties":{"id":"LG-0751","lagha_class":"I – Major lagha (≥2,000 km²)","ff_hazard":"Very High","ff_index":44.0,"system":"Lagh Dera system","upstream_km2":17913.9,"strahler":5,"length_km":6.65,"near_town":"Liboi","dist_town_km":13.9,"flooded_2023":true,"flooded_2024":null},"geometry":{"type":"LineString","coordinates":[[40.712,0.3111],[40.7142,0.3122],[40.7186,0.3089],[40.7197,0.3144],[40.7253,0.3122],[40.7342,0.3189],[40.7375,0.3189],[40.7408,0.3233],[40.7442,0.3233],[40.7475,0.3267],[40.7453,0.33],[40.7464,0.3344]]}},{"type":"Feature","properties":{"id":"LG-0752","lagha_class":"I – Major lagha (≥2,000 km²)","ff_hazard":"Very High","ff_index":44.1,"system":"Lagh Dera system","upstream_km2":18312.0,"strahler":5,"length_km":2.66,"near_town":"Liboi","dist_town_km":12.0,"flooded_2023":true,"flooded_2024":null},"geometry":{"type":"LineString","coordinates":[[40.7464,0.3344],[40.7564,0.3444],[40.7564,0.3467],[40.7619,0.3478]]}},{"type":"Feature","properties":{"id":"LG-0753","lagha_class":"I – Major lagha (≥2,000 km²)","ff_hazard":"Very High","ff_index":43.9,"system":"Lagh Dera system","upstream_km2":18350.0,"strahler":5,"length_km":17.01,"near_town":"Liboi","dist_town_km":2.8,"flooded_2023":true,"flooded_2024":null},"geometry":{"type":"LineString","coordinates":[[40.7619,0.3478],[40.7708,0.3433],[40.7731,0.3456],[40.7719,0.3478],[40.7775,0.35],[40.7797,0.3544],[40.7953,0.3544],[40.8075,0.3622],[40.8142,0.36],[40.8186,0.3655],[40.8219,0.3622],[40.8364,0.3744],[40.8453,0.3767],[40.8508,0.3811],[40.8564,0.3755],[40.8619,0.3789],[40.8708,0.3767],[40.8731,0.38],[40.8775,0.38]]}},{"type":"Feature","properties":{"id":"LG-0754","lagha_class":"I – Major lagha (≥2,000 km²)","ff_hazard":"Very High","ff_index":44.1,"system":"Lagh Dera system","upstream_km2":18464.2,"strahler":5,"length_km":6.11,"near_town":"Liboi","dist_town_km":3.2,"flooded_2023":true,"flooded_2024":null},"geometry":{"type":"LineString","coordinates":[[40.8775,0.38],[40.8808,0.3789],[40.8831,0.3822],[40.8853,0.3811],[40.9053,0.3922],[40.9042,0.3944],[40.9119,0.4011],[40.9119,0.4067]]}},{"type":"Feature","properties":{"id":"LG-0755","lagha_class":"I – Major lagha (≥2,000 km²)","ff_hazard":"Very High","ff_index":45.1,"system":"Lagh Dera system","upstream_km2":18613.5,"strahler":5,"length_km":2.26,"near_town":"Liboi","dist_town_km":7.7,"flooded_2023":true,"flooded_2024":null},"geometry":{"type":"LineString","coordinates":[[40.9119,0.4067],[40.9197,0.4122],[40.922,0.4178],[40.9208,0.4211]]}},{"type":"Feature","properties":{"id":"LG-0756","lagha_class":"I – Major lagha (≥2,000 km²)","ff_hazard":"Very High","ff_index":63.5,"system":"Lagh Dera system","upstream_km2":18674.6,"strahler":5,"length_km":112.67,"near_town":"Liboi","dist_town_km":9.6,"flooded_2023":true,"flooded_2024":null},"geometry":{"type":"LineString","coordinates":[[40.9208,0.4211],[40.9264,0.4244],[40.9308,0.43],[40.9375,0.4278],[40.9397,0.4311],[40.9442,0.43],[40.9475,0.4322],[40.9531,0.4389],[40.9642,0.4389],[40.9675,0.4444],[40.9664,0.4456],[40.9686,0.4467],[40.9686,0.4522],[40.9708,0.4544],[40.9742,0.4533],[40.9797,0.4589],[40.9897,0.4533],[41.0148,0.4784]]}},{"type":"Feature","properties":{"id":"LG-0758","lagha_class":"IV – Minor lagha / gully (15–100 km²)","ff_hazard":"Low","ff_index":12.0,"system":"North-East coastal drainage","upstream_km2":99.0,"strahler":2,"length_km":2.43,"near_town":"Garissa","dist_town_km":39.9,"flooded_2023":false,"flooded_2024":null},"geometry":{"type":"LineString","coordinates":[[39.9575,-0.2633],[39.9631,-0.2678],[39.9664,-0.2622],[39.9731,-0.2622]]}},{"type":"Feature","properties":{"id":"LG-0760","lagha_class":"IV – Minor lagha / gully (15–100 km²)","ff_hazard":"Moderate","ff_index":25.8,"system":"Local ephemeral drainage","upstream_km2":74.4,"strahler":2,"length_km":5.01,"near_town":"Garissa","dist_town_km":19.9,"flooded_2023":false,"flooded_2024":null},"geometry":{"type":"LineString","coordinates":[[39.5664,-0.2889],[39.5653,-0.2904]]}},{"type":"Feature","properties":{"id":"LG-0762","lagha_class":"IV – Minor lagha / gully (15–100 km²)","ff_hazard":"Moderate","ff_index":17.2,"system":"North-East coastal drainage","upstream_km2":48.0,"strahler":2,"length_km":4.94,"near_town":"Hagadera","dist_town_km":41.2,"flooded_2023":true,"flooded_2024":null},"geometry":{"type":"LineString","coordinates":[[40.0919,-0.2689],[40.0953,-0.27],[40.0997,-0.2678],[40.1042,-0.2711],[40.1108,-0.2656],[40.1164,-0.2678],[40.1197,-0.2644],[40.1186,-0.2589],[40.1208,-0.2578]]}},{"type":"Feature","properties":{"id":"LG-0763","lagha_class":"II – Large lagha (500–2,000 km²)","ff_hazard":"High","ff_index":27.8,"system":"North-East coastal drainage","upstream_km2":555.1,"strahler":3,"length_km":3.62,"near_town":"Hagadera","dist_town_km":39.2,"flooded_2023":true,"flooded_2024":null},"geometry":{"type":"LineString","coordinates":[[40.1208,-0.2578],[40.1264,-0.2533],[40.1397,-0.2578],[40.1397,-0.2533],[40.1419,-0.2533]]}},{"type":"Feature","properties":{"id":"LG-0766","lagha_class":"IV – Minor lagha / gully (15–100 km²)","ff_hazard":"Low","ff_index":15.3,"system":"Local ephemeral drainage","upstream_km2":77.6,"strahler":2,"length_km":8.29,"near_town":"Garissa","dist_town_km":16.9,"flooded_2023":false,"flooded_2024":null},"geometry":{"type":"LineString","coordinates":[[39.6275,-0.2844],[39.6208,-0.2889],[39.6208,-0.2911],[39.6164,-0.2956],[39.6131,-0.2944],[39.6097,-0.2978],[39.6042,-0.2989],[39.602,-0.2967],[39.5897,-0.3078],[39.5875,-0.3056],[39.5808,-0.3122],[39.5775,-0.3122]]}},{"type":"Feature","properties":{"id":"LG-0767","lagha_class":"IV – Minor lagha / gully (15–100 km²)","ff_hazard":"Low","ff_index":9.8,"system":"North-East coastal drainage","upstream_km2":59.7,"strahler":2,"length_km":1.93,"near_town":"Hagadera","dist_town_km":56.6,"flooded_2023":false,"flooded_2024":null},"geometry":{"type":"LineString","coordinates":[[40.7786,-0.2911],[40.7942,-0.2867]]}},{"type":"Feature","properties":{"id":"LG-0768","lagha_class":"IV – Minor lagha / gully (15–100 km²)","ff_hazard":"Low","ff_index":7.9,"system":"North-East coastal drainage","upstream_km2":80.9,"strahler":2,"length_km":1.54,"near_town":"Hagadera","dist_town_km":57.7,"flooded_2023":false,"flooded_2024":null},"geometry":{"type":"LineString","coordinates":[[40.7942,-0.2867],[40.8019,-0.29],[40.8042,-0.2878],[40.8053,-0.2889]]}},{"type":"Feature","properties":{"id":"LG-0769","lagha_class":"III – Medium lagha (100–500 km²)","ff_hazard":"Low","ff_index":13.4,"system":"North-East coastal drainage","upstream_km2":226.4,"strahler":3,"length_km":5.02,"near_town":"Hagadera","dist_town_km":58.9,"flooded_2023":false,"flooded_2024":null},"geometry":{"type":"LineString","coordinates":[[40.8053,-0.2889],[40.8108,-0.2978],[40.8142,-0.2989],[40.8264,-0.3111],[40.8331,-0.3133],[40.8364,-0.3167]]}},{"type":"Feature","properties":{"id":"LG-0770","lagha_class":"IV – Minor lagha / gully (15–100 km²)","ff_hazard":"Low","ff_index":12.1,"system":"North-East coastal drainage","upstream_km2":99.0,"strahler":2,"length_km":6.44,"near_town":"Garissa","dist_town_km":37.1,"flooded_2023":false,"flooded_2024":null},"geometry":{"type":"LineString","coordinates":[[39.9464,-0.2956],[39.9497,-0.2911],[39.9531,-0.2911],[39.9519,-0.2878],[39.9542,-0.2856],[39.9575,-0.2856],[39.962,-0.2789],[39.9708,-0.2778],[39.9742,-0.2678],[39.9719,-0.2667],[39.9731,-0.2622]]}},{"type":"Feature","properties":{"id":"LG-0771","lagha_class":"III – Medium lagha (100–500 km²)","ff_hazard":"Moderate","ff_index":26.7,"system":"North-East coastal drainage","upstream_km2":322.6,"strahler":2,"length_km":18.27,"near_town":"Hagadera","dist_town_km":40.9,"flooded_2023":true,"flooded_2024":null},"geometry":{"type":"LineString","coordinates":[[39.9731,-0.2622],[39.9742,-0.2611],[39.9764,-0.2644],[39.9886,-0.26],[39.992,-0.2567],[40.0019,-0.2556],[40.0064,-0.2533],[40.0086,-0.2467],[40.0131,-0.2433],[40.0231,-0.2433],[40.0253,-0.2456],[40.032,-0.2422],[40.0353,-0.2445],[40.0431,-0.24],[40.0575,-0.2456],[40.0608,-0.2411],[40.0642,-0.2411],[40.0731,-0.23],[40.0775,-0.2322],[40.0819,-0.2322],[40.0853,-0.23],[40.0975,-0.23]]}},{"type":"Feature","properties":{"id":"LG-0772","lagha_class":"II – Large lagha (500–2,000 km²)","ff_hazard":"High","ff_index":27.9,"system":"North-East coastal drainage","upstream_km2":555.1,"strahler":3,"length_km":6.81,"near_town":"Hagadera","dist_town_km":38.9,"flooded_2023":true,"flooded_2024":null},"geometry":{"type":"LineString","coordinates":[[40.0975,-0.23],[40.0997,-0.2289],[40.1064,-0.2322],[40.1219,-0.2445],[40.1253,-0.2411],[40.1297,-0.2411],[40.1331,-0.2445],[40.1364,-0.2444],[40.1419,-0.2533]]}},{"type":"Feature","properties":{"id":"LG-0773","lagha_class":"II – Large lagha (500–2,000 km²)","ff_hazard":"Moderate","ff_index":27.6,"system":"North-East coastal drainage","upstream_km2":558.9,"strahler":3,"length_km":1.66,"near_town":"Hagadera","dist_town_km":38.6,"flooded_2023":true,"flooded_2024":null},"geometry":{"type":"LineString","coordinates":[[40.1419,-0.2533],[40.1442,-0.2567],[40.1486,-0.2578],[40.1531,-0.2545]]}},{"type":"Feature","properties":{"id":"LG-0774","lagha_class":"II – Large lagha (500–2,000 km²)","ff_hazard":"High","ff_index":27.9,"system":"North-East coastal drainage","upstream_km2":592.8,"strahler":3,"length_km":5.1,"near_town":"Hagadera","dist_town_km":38.2,"flooded_2023":true,"flooded_2024":null},"geometry":{"type":"LineString","coordinates":[[40.1531,-0.2545],[40.1631,-0.2578],[40.1653,-0.2622],[40.1675,-0.2622],[40.1697,-0.2656],[40.1731,-0.2656],[40.1819,-0.2756],[40.1819,-0.28]]}},{"type":"Feature","properties":{"id":"LG-0775","lagha_class":"III – Medium lagha (100–500 km²)","ff_hazard":"Low","ff_index":9.2,"system":"North-East coastal drainage","upstream_km2":105.7,"strahler":2,"length_km":2.84,"near_town":"Hagadera","dist_town_km":46.3,"flooded_2023":false,"flooded_2024":null},"geometry":{"type":"LineString","coordinates":[[40.6486,-0.2967],[40.6542,-0.32]]}},{"type":"Feature","properties":{"id":"LG-0776","lagha_class":"III – Medium lagha (100–500 km²)","ff_hazard":"Low","ff_index":11.0,"system":"North-East coastal drainage","upstream_km2":155.4,"strahler":2,"length_km":0.77,"near_town":"Hagadera","dist_town_km":48.7,"flooded_2023":false,"flooded_2024":null},"geometry":{"type":"LineString","coordinates":[[40.6542,-0.32],[40.6553,-0.3256]]}},{"type":"Feature","properties":{"id":"LG-0780","lagha_class":"IV – Minor lagha / gully (15–100 km²)","ff_hazard":"Moderate","ff_index":19.2,"system":"North-East coastal drainage","upstream_km2":98.4,"strahler":2,"length_km":10.08,"near_town":"Hagadera","dist_town_km":37.8,"flooded_2023":true,"flooded_2024":null},"geometry":{"type":"LineString","coordinates":[[40.2953,-0.3167],[40.2997,-0.3178],[40.2986,-0.3233],[40.3042,-0.3311],[40.3031,-0.3333],[40.3097,-0.3389],[40.3019,-0.3489],[40.3031,-0.3522],[40.3053,-0.3544],[40.3086,-0.3511],[40.3142,-0.3511],[40.3186,-0.3533],[40.3253,-0.3611],[40.3253,-0.3644],[40.3308,-0.3611]]}},{"type":"Feature","properties":{"id":"LG-0782","lagha_class":"IV – Minor lagha / gully (15–100 km²)","ff_hazard":"Low","ff_index":10.9,"system":"North-East coastal drainage","upstream_km2":87.5,"strahler":2,"length_km":1.38,"near_town":"Hagadera","dist_town_km":40.3,"flooded_2023":false,"flooded_2024":null},"geometry":{"type":"LineString","coordinates":[[40.5342,-0.31],[40.5375,-0.3211]]}},{"type":"Feature","properties":{"id":"LG-0783","lagha_class":"III – Medium lagha (100–500 km²)","ff_hazard":"Low","ff_index":11.0,"system":"North-East coastal drainage","upstream_km2":112.3,"strahler":2,"length_km":10.59,"near_town":"Hagadera","dist_town_km":41.6,"flooded_2023":false,"flooded_2024":null},"geometry":{"type":"LineString","coordinates":[[40.5375,-0.3211],[40.5397,-0.3233],[40.5464,-0.3233],[40.5542,-0.3267],[40.5675,-0.3267],[40.5764,-0.3244],[40.5819,-0.3256],[40.5864,-0.3233],[40.5942,-0.3245],[40.5964,-0.3222],[40.6008,-0.3244],[40.6042,-0.3211],[40.6064,-0.3211],[40.6075,-0.3233],[40.6119,-0.3233],[40.6186,-0.3189]]}},{"type":"Feature","properties":{"id":"LG-0784","lagha_class":"III – Medium lagha (100–500 km²)","ff_hazard":"Low","ff_index":11.8,"system":"North-East coastal drainage","upstream_km2":155.4,"strahler":2,"length_km":6.5,"near_town":"Hagadera","dist_town_km":46.1,"flooded_2023":false,"flooded_2024":null},"geometry":{"type":"LineString","coordinates":[[40.6186,-0.3189],[40.6208,-0.3222],[40.6186,-0.3244],[40.6208,-0.3267],[40.6297,-0.3244],[40.632,-0.3222],[40.6364,-0.3222],[40.6408,-0.3278],[40.6431,-0.3244],[40.6464,-0.3267],[40.6464,-0.3233],[40.6519,-0.3233],[40.6553,-0.3256]]}},{"type":"Feature","properties":{"id":"LG-0785","lagha_class":"III – Medium lagha (100–500 km²)","ff_hazard":"Low","ff_index":14.7,"system":"North-East coastal drainage","upstream_km2":309.3,"strahler":3,"length_km":9.11,"near_town":"Hagadera","dist_town_km":49.2,"flooded_2023":false,"flooded_2024":null},"geometry":{"type":"LineString","coordinates":[[40.6553,-0.3256],[40.6575,-0.3311],[40.6553,-0.3378],[40.6608,-0.34],[40.6642,-0.3389],[40.6642,-0.3433],[40.6608,-0.3456],[40.6608,-0.3478],[40.6642,-0.3533],[40.6675,-0.3533],[40.6697,-0.3556],[40.6697,-0.3633],[40.6764,-0.3722],[40.6731,-0.3756],[40.6731,-0.3833]]}},{"type":"Feature","properties":{"id":"LG-0786","lagha_class":"IV – Minor lagha / gully (15–100 km²)","ff_hazard":"Low","ff_index":6.8,"system":"Local ephemeral drainage","upstream_km2":48.0,"strahler":2,"length_km":7.45,"near_town":"Hagadera","dist_town_km":53.9,"flooded_2023":false,"flooded_2024":null},"geometry":{"type":"LineString","coordinates":[[40.7264,-0.3156],[40.7442,-0.3322],[40.7486,-0.3333],[40.7519,-0.3367],[40.7619,-0.3511],[40.7619,-0.3622]]}},{"type":"Feature","properties":{"id":"LG-0788","lagha_class":"IV – Minor lagha / gully (15–100 km²)","ff_hazard":"Low","ff_index":10.4,"system":"North-East coastal drainage","upstream_km2":92.7,"strahler":2,"length_km":4.52,"near_town":"Hagadera","dist_town_km":44.5,"flooded_2023":false,"flooded_2024":null},"geometry":{"type":"LineString","coordinates":[[40.0897,-0.3089],[40.0942,-0.3033],[40.1053,-0.2967],[40.1164,-0.3],[40.1208,-0.2978]]}},{"type":"Feature","properties":{"id":"LG-0789","lagha_class":"III – Medium lagha (100–500 km²)","ff_hazard":"Low","ff_index":13.5,"system":"North-East coastal drainage","upstream_km2":226.4,"strahler":3,"length_km":3.7,"near_town":"Hagadera","dist_town_km":61.7,"flooded_2023":false,"flooded_2024":null},"geometry":{"type":"LineString","coordinates":[[40.8086,-0.3278],[40.8142,-0.3278],[40.8164,-0.3256],[40.8275,-0.3233],[40.8342,-0.3167],[40.8364,-0.3167]]}},{"type":"Feature","properties":{"id":"LG-0790","lagha_class":"III – Medium lagha (100–500 km²)","ff_hazard":"Low","ff_index":15.0,"system":"North-East coastal drainage","upstream_km2":265.3,"strahler":3,"length_km":7.4,"near_town":"Hagadera","dist_town_km":63.5,"flooded_2023":false,"flooded_2024":null},"geometry":{"type":"LineString","coordinates":[[40.8364,-0.3167],[40.8431,-0.3167],[40.8497,-0.3211],[40.8575,-0.3189],[40.8597,-0.3211],[40.8675,-0.32],[40.8742,-0.3222],[40.8775,-0.3245],[40.8775,-0.3267],[40.882,-0.3278],[40.8864,-0.3322],[40.8842,-0.3356]]}},{"type":"Feature","properties":{"id":"LG-0792","lagha_class":"I – Major lagha (≥2,000 km²)","ff_hazard":"Very High","ff_index":37.7,"system":"North-East coastal drainage","upstream_km2":3969.2,"strahler":5,"length_km":8.62,"near_town":"Hagadera","dist_town_km":38.9,"flooded_2023":true,"flooded_2024":null},"geometry":{"type":"LineString","coordinates":[[40.3886,-0.3356],[40.3875,-0.3422],[40.3853,-0.3422],[40.3831,-0.3456],[40.3875,-0.3511],[40.3919,-0.3522],[40.3908,-0.3544],[40.3931,-0.3567],[40.3931,-0.3622],[40.3953,-0.3656],[40.3931,-0.3689],[40.3942,-0.3733],[40.3919,-0.3789],[40.3786,-0.3911]]}},{"type":"Feature","properties":{"id":"LG-0794","lagha_class":"II – Large lagha (500–2,000 km²)","ff_hazard":"Very High","ff_index":54.4,"system":"North-East coastal drainage","upstream_km2":728.6,"strahler":3,"length_km":29.31,"near_town":"Hagadera","dist_town_km":69.1,"flooded_2023":false,"flooded_2024":null},"geometry":{"type":"LineString","coordinates":[[40.8842,-0.3356],[40.8908,-0.34],[40.8964,-0.3367],[40.9008,-0.3389],[40.9031,-0.3378],[40.9053,-0.34],[40.9164,-0.34],[40.9208,-0.3444],[40.9253,-0.3444],[40.9319,-0.3511],[40.9364,-0.3522],[40.9397,-0.3556],[40.9431,-0.3544],[40.9442,-0.3578],[40.9486,-0.3611],[40.9464,-0.3667],[40.9475,-0.3678],[40.9531,-0.3678],[40.9564,-0.3644],[40.9686,-0.3711],[40.9808,-0.37],[40.9853,-0.3778],[40.9886,-0.3778],[40.992,-0.3811],[40.992,-0.3845],[41.02,-0.3844]]}},{"type":"Feature","properties":{"id":"LG-0796","lagha_class":"IV – Minor lagha / gully (15–100 km²)","ff_hazard":"High","ff_index":30.0,"system":"Local ephemeral drainage","upstream_km2":38.2,"strahler":2,"length_km":6.34,"near_town":"Garissa","dist_town_km":9.2,"flooded_2023":false,"flooded_2024":null},"geometry":{"type":"LineString","coordinates":[[39.6519,-0.3467],[39.6497,-0.3456],[39.6453,-0.35],[39.6419,-0.35],[39.6397,-0.3533],[39.6308,-0.3567],[39.6264,-0.3667],[39.6153,-0.3689],[39.6142,-0.3733]]}},{"type":"Feature","properties":{"id":"LG-0800","lagha_class":"III – Medium lagha (100–500 km²)","ff_hazard":"Low","ff_index":12.9,"system":"North-East coastal drainage","upstream_km2":179.3,"strahler":2,"length_km":1.07,"near_town":"Korokora","dist_town_km":34.1,"flooded_2023":false,"flooded_2024":null},"geometry":{"type":"LineString","coordinates":[[39.9542,-0.3511],[39.962,-0.3556]]}},{"type":"Feature","properties":{"id":"LG-0802","lagha_class":"III – Medium lagha (100–500 km²)","ff_hazard":"Low","ff_index":13.5,"system":"North-East coastal drainage","upstream_km2":179.3,"strahler":2,"length_km":4.84,"near_town":"Korokora","dist_town_km":32.0,"flooded_2023":false,"flooded_2024":null},"geometry":{"type":"LineString","coordinates":[[39.9275,-0.3567],[39.9319,-0.3611],[39.9364,-0.3622],[39.9408,-0.3578],[39.9508,-0.3567],[39.9575,-0.3589],[39.962,-0.3556]]}},{"type":"Feature","properties":{"id":"LG-0803","lagha_class":"III – Medium lagha (100–500 km²)","ff_hazard":"Low","ff_index":13.9,"system":"North-East coastal drainage","upstream_km2":209.2,"strahler":2,"length_km":4.83,"near_town":"Korokora","dist_town_km":34.0,"flooded_2023":false,"flooded_2024":null},"geometry":{"type":"LineString","coordinates":[[39.962,-0.3556],[39.9642,-0.3556],[39.9653,-0.36],[39.9708,-0.3633],[39.9731,-0.3611],[39.9819,-0.36],[39.9831,-0.3656],[39.9897,-0.3722]]}},{"type":"Feature","properties":{"id":"LG-0804","lagha_class":"IV – Minor lagha / gully (15–100 km²)","ff_hazard":"Moderate","ff_index":18.8,"system":"North-East coastal drainage","upstream_km2":98.4,"strahler":2,"length_km":0.35,"near_town":"Hagadera","dist_town_km":41.7,"flooded_2023":true,"flooded_2024":null},"geometry":{"type":"LineString","coordinates":[[40.3308,-0.3589],[40.3308,-0.3611]]}},{"type":"Feature","properties":{"id":"LG-0805","lagha_class":"I – Major lagha (≥2,000 km²)","ff_hazard":"High","ff_index":36.2,"system":"North-East coastal drainage","upstream_km2":3909.3,"strahler":5,"length_km":5.49,"near_town":"Hagadera","dist_town_km":42.0,"flooded_2023":true,"flooded_2024":null},"geometry":{"type":"LineString","coordinates":[[40.3308,-0.3611],[40.3553,-0.3756],[40.3597,-0.3756],[40.3697,-0.3845]]}},{"type":"Feature","properties":{"id":"LG-0806","lagha_class":"IV – Minor lagha / gully (15–100 km²)","ff_hazard":"Low","ff_index":9.3,"system":"Local ephemeral drainage","upstream_km2":48.0,"strahler":2,"length_km":0.35,"near_town":"Hagadera","dist_town_km":60.0,"flooded_2023":false,"flooded_2024":null},"geometry":{"type":"LineString","coordinates":[[40.7597,-0.36],[40.7619,-0.3622]]}},{"type":"Feature","properties":{"id":"LG-0807","lagha_class":"III – Medium lagha (100–500 km²)","ff_hazard":"Low","ff_index":10.5,"system":"North-East coastal drainage","upstream_km2":107.7,"strahler":2,"length_km":24.15,"near_town":"Hagadera","dist_town_km":60.3,"flooded_2023":false,"flooded_2024":null},"geometry":{"type":"LineString","coordinates":[[40.7619,-0.3622],[40.7697,-0.3678],[40.7753,-0.3678],[40.7808,-0.3644],[40.7897,-0.3656],[40.7964,-0.3622],[40.8031,-0.3778],[40.8064,-0.3811],[40.8053,-0.3856],[40.8164,-0.3956],[40.8242,-0.3967],[40.8331,-0.4078],[40.8419,-0.4078],[40.8542,-0.4156],[40.8597,-0.4156],[40.8631,-0.4189],[40.8664,-0.4144],[40.8642,-0.4122],[40.8675,-0.4089],[40.8742,-0.4067],[40.882,-0.4078],[40.8875,-0.4022],[40.8886,-0.4033],[40.8964,-0.4011],[40.8986,-0.4056],[40.9031,-0.4078],[40.9119,-0.4078],[40.9142,-0.4056]]}},{"type":"Feature","properties":{"id":"LG-0812","lagha_class":"IV – Minor lagha / gully (15–100 km²)","ff_hazard":"Moderate","ff_index":18.6,"system":"North-East coastal drainage","upstream_km2":89.8,"strahler":2,"length_km":4.35,"near_town":"Hagadera","dist_town_km":44.4,"flooded_2023":true,"flooded_2024":null},"geometry":{"type":"LineString","coordinates":[[40.2142,-0.3544],[40.2231,-0.3633],[40.2397,-0.3633],[40.2442,-0.3667],[40.2453,-0.3656]]}},{"type":"Feature","properties":{"id":"LG-0813","lagha_class":"III – Medium lagha (100–500 km²)","ff_hazard":"Low","ff_index":14.5,"system":"North-East coastal drainage","upstream_km2":209.2,"strahler":2,"length_km":4.24,"near_town":"Korokora","dist_town_km":32.2,"flooded_2023":false,"flooded_2024":null},"geometry":{"type":"LineString","coordinates":[[39.962,-0.3778],[39.9675,-0.38],[39.9708,-0.3767],[39.9742,-0.3778],[39.9764,-0.3756],[39.9819,-0.3789],[39.9875,-0.3722],[39.9897,-0.3722]]}},{"type":"Feature","properties":{"id":"LG-0814","lagha_class":"III – Medium lagha (100–500 km²)","ff_hazard":"Low","ff_index":13.8,"system":"North-East coastal drainage","upstream_km2":209.9,"strahler":2,"length_km":2.88,"near_town":"Korokora","dist_town_km":34.6,"flooded_2023":false,"flooded_2024":null},"geometry":{"type":"LineString","coordinates":[[39.9897,-0.3722],[39.9931,-0.3722],[39.9986,-0.3789],[40.0108,-0.3778]]}},{"type":"Feature","properties":{"id":"LG-0815","lagha_class":"III – Medium lagha (100–500 km²)","ff_hazard":"Moderate","ff_index":23.7,"system":"North-East coastal drainage","upstream_km2":190.4,"strahler":2,"length_km":11.99,"near_town":"Hagadera","dist_town_km":46.4,"flooded_2023":true,"flooded_2024":null},"geometry":{"type":"LineString","coordinates":[[40.1475,-0.3822],[40.1508,-0.3822],[40.1531,-0.3789],[40.1575,-0.38],[40.1586,-0.3778],[40.1708,-0.3822],[40.1742,-0.38],[40.1797,-0.3811],[40.1842,-0.3756],[40.1875,-0.3767],[40.1897,-0.3733],[40.1942,-0.3733],[40.1986,-0.3689],[40.2064,-0.3733],[40.2131,-0.3722],[40.2208,-0.3778],[40.2231,-0.3833],[40.2286,-0.3833]]}},{"type":"Feature","properties":{"id":"LG-0816","lagha_class":"III – Medium lagha (100–500 km²)","ff_hazard":"Low","ff_index":9.8,"system":"North-East coastal drainage","upstream_km2":107.7,"strahler":2,"length_km":9.18,"near_town":"Hagadera","dist_town_km":70.9,"flooded_2023":false,"flooded_2024":null},"geometry":{"type":"LineString","coordinates":[[40.8686,-0.3844],[40.8786,-0.3922],[40.8842,-0.3833],[40.8886,-0.3922],[40.8953,-0.3911],[40.9008,-0.3956],[40.9019,-0.3933],[40.9075,-0.3922],[40.9119,-0.3956],[40.9075,-0.4022],[40.9142,-0.4056]]}},{"type":"Feature","properties":{"id":"LG-0817","lagha_class":"II – Large lagha (500–2,000 km²)","ff_hazard":"Very High","ff_index":38.3,"system":"North-East coastal drainage","upstream_km2":731.3,"strahler":3,"length_km":25.8,"near_town":"Hagadera","dist_town_km":76.3,"flooded_2023":false,"flooded_2024":null},"geometry":{"type":"LineString","coordinates":[[40.9142,-0.4056],[40.9231,-0.41],[40.9275,-0.4144],[40.9286,-0.4133],[40.9342,-0.4167],[40.9408,-0.4133],[40.9419,-0.4156],[40.9442,-0.4144],[40.9486,-0.42],[40.9531,-0.4178],[40.9564,-0.4189],[40.9553,-0.4133],[40.9586,-0.41],[40.9642,-0.4089],[40.9664,-0.4111],[40.9675,-0.4089],[40.9742,-0.4078],[40.9731,-0.4],[40.9775,-0.3956],[40.9808,-0.3967],[40.9875,-0.3944],[40.9908,-0.39],[40.9942,-0.3911],[40.9997,-0.3878],[41.02,-0.3878]]}},{"type":"Feature","properties":{"id":"LG-0822","lagha_class":"I – Major lagha (≥2,000 km²)","ff_hazard":"Very High","ff_index":68.1,"system":"Local ephemeral drainage","upstream_km2":7309.3,"strahler":4,"length_km":2.68,"near_town":"Garissa","dist_town_km":4.8,"flooded_2023":true,"flooded_2024":null},"geometry":{"type":"LineString","coordinates":[[39.6308,-0.4],[39.6286,-0.4033],[39.6297,-0.4089],[39.6253,-0.4122],[39.6219,-0.4122],[39.6208,-0.4156]]}},{"type":"Feature","properties":{"id":"LG-0823","lagha_class":"III – Medium lagha (100–500 km²)","ff_hazard":"Low","ff_index":15.4,"system":"North-East coastal drainage","upstream_km2":236.3,"strahler":2,"length_km":5.55,"near_town":"Korokora","dist_town_km":31.7,"flooded_2023":false,"flooded_2024":null},"geometry":{"type":"LineString","coordinates":[[39.9775,-0.3967],[39.9808,-0.3956],[39.9842,-0.3889],[39.9875,-0.39],[39.9942,-0.3811],[39.9964,-0.3833],[39.9986,-0.3811],[40.0008,-0.3822],[40.0097,-0.38],[40.0108,-0.3778]]}},{"type":"Feature","properties":{"id":"LG-0824","lagha_class":"III – Medium lagha (100–500 km²)","ff_hazard":"Low","ff_index":15.2,"system":"North-East coastal drainage","upstream_km2":246.5,"strahler":2,"length_km":4.69,"near_town":"Korokora","dist_town_km":35.7,"flooded_2023":false,"flooded_2024":null},"geometry":{"type":"LineString","coordinates":[[40.0108,-0.3778],[40.0153,-0.3778],[40.0175,-0.3744],[40.0242,-0.3789],[40.0275,-0.3756],[40.032,-0.3778],[40.0342,-0.3767],[40.0353,-0.38],[40.0397,-0.3778],[40.0408,-0.3789]]}},{"type":"Feature","properties":{"id":"LG-0825","lagha_class":"III – Medium lagha (100–500 km²)","ff_hazard":"Moderate","ff_index":17.8,"system":"North-East coastal drainage","upstream_km2":399.5,"strahler":3,"length_km":17.16,"near_town":"Korokora","dist_town_km":38.0,"flooded_2023":false,"flooded_2024":null},"geometry":{"type":"LineString","coordinates":[[40.0408,-0.3789],[40.0475,-0.3789],[40.0519,-0.3767],[40.0542,-0.38],[40.0575,-0.38],[40.0653,-0.3711],[40.0697,-0.3711],[40.0742,-0.3656],[40.0775,-0.3656],[40.0819,-0.3611],[40.0864,-0.36],[40.0853,-0.3567],[40.0897,-0.3556],[40.0931,-0.3467],[40.0997,-0.3444],[40.102,-0.3356],[40.1042,-0.3356],[40.1086,-0.3311],[40.1075,-0.3289],[40.1208,-0.3167],[40.1231,-0.3078],[40.1264,-0.3044],[40.1208,-0.3],[40.1208,-0.2978]]}},{"type":"Feature","properties":{"id":"LG-0826","lagha_class":"II – Large lagha (500–2,000 km²)","ff_hazard":"High","ff_index":27.9,"system":"North-East coastal drainage","upstream_km2":592.8,"strahler":3,"length_km":14.22,"near_town":"Hagadera","dist_town_km":38.7,"flooded_2023":true,"flooded_2024":null},"geometry":{"type":"LineString","coordinates":[[40.1208,-0.2978],[40.1219,-0.2956],[40.1253,-0.2967],[40.1275,-0.2922],[40.1231,-0.2867],[40.1242,-0.2833],[40.1286,-0.2811],[40.132,-0.2822],[40.1342,-0.28],[40.1342,-0.2767],[40.1364,-0.2756],[40.1397,-0.2789],[40.1442,-0.2745],[40.1486,-0.2745],[40.1519,-0.27],[40.1519,-0.2667],[40.1575,-0.27],[40.1631,-0.2644],[40.1642,-0.2667],[40.1608,-0.2722],[40.1631,-0.2767],[40.1675,-0.2789],[40.1697,-0.2767],[40.1708,-0.28],[40.1753,-0.2822],[40.1775,-0.2822],[40.1797,-0.2778],[40.1819,-0.28]]}},{"type":"Feature","properties":{"id":"LG-0827","lagha_class":"II – Large lagha (500–2,000 km²)","ff_hazard":"High","ff_index":30.3,"system":"North-East coastal drainage","upstream_km2":1027.6,"strahler":4,"length_km":1.59,"near_town":"Hagadera","dist_town_km":38.8,"flooded_2023":true,"flooded_2024":null},"geometry":{"type":"LineString","coordinates":[[40.1819,-0.28],[40.1875,-0.2856],[40.1931,-0.2856]]}},{"type":"Feature","properties":{"id":"LG-0828","lagha_class":"II – Large lagha (500–2,000 km²)","ff_hazard":"High","ff_index":30.4,"system":"North-East coastal drainage","upstream_km2":1061.8,"strahler":4,"length_km":6.35,"near_town":"Hagadera","dist_town_km":38.5,"flooded_2023":true,"flooded_2024":null},"geometry":{"type":"LineString","coordinates":[[40.1931,-0.2856],[40.1964,-0.2844],[40.1997,-0.2867],[40.1997,-0.2933],[40.2064,-0.2978],[40.2053,-0.3011],[40.2097,-0.3056],[40.2108,-0.3044],[40.2142,-0.3067],[40.212,-0.3111],[40.2164,-0.3211]]}},{"type":"Feature","properties":{"id":"LG-0829","lagha_class":"I – Major lagha (≥2,000 km²)","ff_hazard":"High","ff_index":35.5,"system":"North-East coastal drainage","upstream_km2":3231.0,"strahler":5,"length_km":7.66,"near_town":"Hagadera","dist_town_km":41.1,"flooded_2023":true,"flooded_2024":null},"geometry":{"type":"LineString","coordinates":[[40.2164,-0.3211],[40.2197,-0.3256],[40.2264,-0.3256],[40.2331,-0.3333],[40.2319,-0.3378],[40.2364,-0.3411],[40.2342,-0.3467],[40.2353,-0.3544],[40.2453,-0.3611],[40.2453,-0.3656]]}},{"type":"Feature","properties":{"id":"LG-0830","lagha_class":"I – Major lagha (≥2,000 km²)","ff_hazard":"High","ff_index":35.8,"system":"North-East coastal drainage","upstream_km2":3327.8,"strahler":5,"length_km":5.83,"near_town":"Hagadera","dist_town_km":43.7,"flooded_2023":true,"flooded_2024":null},"geometry":{"type":"LineString","coordinates":[[40.2453,-0.3656],[40.2519,-0.3722],[40.2575,-0.3733],[40.2664,-0.37],[40.2708,-0.3711],[40.2731,-0.3689],[40.2831,-0.3689],[40.2853,-0.3711],[40.2897,-0.37]]}},{"type":"Feature","properties":{"id":"LG-0831","lagha_class":"I – Major lagha (≥2,000 km²)","ff_hazard":"Very High","ff_index":52.6,"system":"North-East coastal drainage","upstream_km2":3348.4,"strahler":5,"length_km":4.25,"near_town":"Hagadera","dist_town_km":43.7,"flooded_2023":true,"flooded_2024":null},"geometry":{"type":"LineString","coordinates":[[40.2897,-0.37],[40.3197,-0.39]]}},{"type":"Feature","properties":{"id":"LG-0832","lagha_class":"IV – Minor lagha / gully (15–100 km²)","ff_hazard":"Moderate","ff_index":19.6,"system":"Local ephemeral drainage","upstream_km2":78.1,"strahler":2,"length_km":12.59,"near_town":"Garissa","dist_town_km":11.4,"flooded_2023":true,"flooded_2024":null},"geometry":{"type":"LineString","coordinates":[[39.7408,-0.3989],[39.7408,-0.4011],[39.7464,-0.4044],[39.7486,-0.4111],[39.7497,-0.4089],[39.7553,-0.4089],[39.7575,-0.4133],[39.7653,-0.4178],[39.7664,-0.4167],[39.7742,-0.4256],[39.7731,-0.4289],[39.7764,-0.4311],[39.7831,-0.4456],[39.7831,-0.4522],[39.7797,-0.4589],[39.782,-0.4644],[39.782,-0.4733]]}},{"type":"Feature","properties":{"id":"LG-0834","lagha_class":"IV – Minor lagha / gully (15–100 km²)","ff_hazard":"Low","ff_index":6.1,"system":"Local ephemeral drainage","upstream_km2":38.7,"strahler":2,"length_km":6.48,"near_town":"Hagadera","dist_town_km":49.9,"flooded_2023":false,"flooded_2024":null},"geometry":{"type":"LineString","coordinates":[[40.5286,-0.4067],[40.5308,-0.4067],[40.5331,-0.4111],[40.5386,-0.4156],[40.5442,-0.4156],[40.5486,-0.4189],[40.5531,-0.4178],[40.5519,-0.42],[40.5553,-0.4233],[40.5697,-0.4211]]}},{"type":"Feature","properties":{"id":"LG-0836","lagha_class":"IV – Minor lagha / gully (15–100 km²)","ff_hazard":"Low","ff_index":15.1,"system":"North-East coastal drainage","upstream_km2":44.7,"strahler":2,"length_km":2.68,"near_town":"Hagadera","dist_town_km":46.8,"flooded_2023":true,"flooded_2024":null},"geometry":{"type":"LineString","coordinates":[[40.2953,-0.4011],[40.3019,-0.4011],[40.3153,-0.4111]]}},{"type":"Feature","properties":{"id":"LG-0838","lagha_class":"III – Medium lagha (100–500 km²)","ff_hazard":"Moderate","ff_index":26.6,"system":"North-East coastal drainage","upstream_km2":186.4,"strahler":2,"length_km":16.3,"near_town":"Korokora","dist_town_km":23.0,"flooded_2023":false,"flooded_2024":null},"geometry":{"type":"LineString","coordinates":[[39.8864,-0.4122],[39.8997,-0.4222],[39.8997,-0.4256],[39.9031,-0.4244],[39.9108,-0.4322],[39.9108,-0.4345],[39.9164,-0.4389],[39.9186,-0.4433],[39.9153,-0.4467],[39.9164,-0.4478],[39.9275,-0.4544],[39.9308,-0.4522],[39.9319,-0.4567],[39.9375,-0.4578],[39.9397,-0.4622],[39.9486,-0.4656],[39.9475,-0.4711],[39.9497,-0.4733],[39.9564,-0.4756],[39.9575,-0.4789],[39.962,-0.4811],[39.9631,-0.48],[39.9653,-0.4833],[39.9731,-0.4844]]}},{"type":"Feature","properties":{"id":"LG-0839","lagha_class":"I – Major lagha (≥2,000 km²)","ff_hazard":"Very High","ff_index":53.2,"system":"North-East coastal drainage","upstream_km2":3788.0,"strahler":5,"length_km":2.98,"near_town":"Hagadera","dist_town_km":45.9,"flooded_2023":true,"flooded_2024":null},"geometry":{"type":"LineString","coordinates":[[40.3464,-0.4167],[40.3297,-0.3967]]}},{"type":"Feature","properties":{"id":"LG-0840","lagha_class":"IV – Minor lagha / gully (15–100 km²)","ff_hazard":"Low","ff_index":4.8,"system":"Local ephemeral drainage","upstream_km2":38.7,"strahler":2,"length_km":2.13,"near_town":"Hagadera","dist_town_km":52.3,"flooded_2023":false,"flooded_2024":null},"geometry":{"type":"LineString","coordinates":[[40.5608,-0.4167],[40.5664,-0.42],[40.5697,-0.4156],[40.5697,-0.4211]]}},{"type":"Feature","properties":{"id":"LG-0841","lagha_class":"IV – Minor lagha / gully (15–100 km²)","ff_hazard":"Low","ff_index":5.5,"system":"Local ephemeral drainage","upstream_km2":43.1,"strahler":2,"length_km":4.67,"near_town":"Hagadera","dist_town_km":53.1,"flooded_2023":false,"flooded_2024":null},"geometry":{"type":"LineString","coordinates":[[40.5697,-0.4211],[40.5753,-0.4233],[40.5764,-0.4222],[40.5786,-0.4244],[40.5764,-0.4278],[40.5853,-0.4311],[40.5908,-0.4378],[40.5931,-0.4356],[40.5964,-0.4378]]}},{"type":"Feature","properties":{"id":"LG-0844","lagha_class":"III – Medium lagha (100–500 km²)","ff_hazard":"Low","ff_index":9.4,"system":"North-East coastal drainage","upstream_km2":109.8,"strahler":2,"length_km":1.54,"near_town":"Hagadera","dist_town_km":54.7,"flooded_2023":false,"flooded_2024":null},"geometry":{"type":"LineString","coordinates":[[40.6631,-0.3822],[40.6664,-0.3833],[40.6697,-0.38],[40.6731,-0.3833]]}},{"type":"Feature","properties":{"id":"LG-0845","lagha_class":"II – Large lagha (500–2,000 km²)","ff_hazard":"Moderate","ff_index":17.0,"system":"North-East coastal drainage","upstream_km2":508.1,"strahler":3,"length_km":14.57,"near_town":"Hagadera","dist_town_km":55.5,"flooded_2023":false,"flooded_2024":null},"geometry":{"type":"LineString","coordinates":[[40.6731,-0.3833],[40.6742,-0.3911],[40.6808,-0.3867],[40.6842,-0.3911],[40.6797,-0.3967],[40.6797,-0.4],[40.6864,-0.4],[40.6886,-0.3978],[40.6931,-0.4],[40.7053,-0.4122],[40.7042,-0.4133],[40.7064,-0.4156],[40.712,-0.4189],[40.712,-0.4211],[40.7053,-0.4278],[40.7053,-0.4311],[40.6953,-0.4389],[40.6953,-0.4467],[40.7019,-0.4533],[40.7019,-0.4556]]}},{"type":"Feature","properties":{"id":"LG-0849","lagha_class":"II – Large lagha (500–2,000 km²)","ff_hazard":"Moderate","ff_index":17.2,"system":"North-East coastal drainage","upstream_km2":508.1,"strahler":3,"length_km":3.9,"near_town":"Hagadera","dist_town_km":60.5,"flooded_2023":false,"flooded_2024":null},"geometry":{"type":"LineString","coordinates":[[40.6853,-0.4311],[40.6908,-0.4389],[40.6886,-0.4444],[40.6975,-0.4544],[40.7019,-0.4556]]}},{"type":"Feature","properties":{"id":"LG-0850","lagha_class":"II – Large lagha (500–2,000 km²)","ff_hazard":"Low","ff_index":16.8,"system":"North-East coastal drainage","upstream_km2":532.7,"strahler":3,"length_km":3.38,"near_town":"Hagadera","dist_town_km":63.8,"flooded_2023":false,"flooded_2024":null},"geometry":{"type":"LineString","coordinates":[[40.7019,-0.4556],[40.7064,-0.4567],[40.7064,-0.46],[40.7153,-0.4667],[40.7153,-0.4711],[40.7175,-0.4744]]}},{"type":"Feature","properties":{"id":"LG-0852","lagha_class":"I – Major lagha (≥2,000 km²)","ff_hazard":"Very High","ff_index":37.0,"system":"North-East coastal drainage","upstream_km2":4250.4,"strahler":5,"length_km":8.56,"near_town":"Hagadera","dist_town_km":56.9,"flooded_2023":true,"flooded_2024":null},"geometry":{"type":"LineString","coordinates":[[40.5075,-0.48],[40.5097,-0.4844],[40.5108,-0.4833],[40.5131,-0.4856],[40.5131,-0.49],[40.5086,-0.4956],[40.5186,-0.5067],[40.5253,-0.51],[40.5331,-0.5178],[40.5353,-0.5211],[40.5331,-0.5233],[40.5375,-0.5322]]}},{"type":"Feature","properties":{"id":"LG-0855","lagha_class":"IV – Minor lagha / gully (15–100 km²)","ff_hazard":"Low","ff_index":6.0,"system":"Local ephemeral drainage","upstream_km2":43.1,"strahler":2,"length_km":3.6,"near_town":"Hagadera","dist_town_km":54.9,"flooded_2023":false,"flooded_2024":null},"geometry":{"type":"LineString","coordinates":[[40.5731,-0.4367],[40.5786,-0.4367],[40.5808,-0.4345],[40.5842,-0.44],[40.5853,-0.4389],[40.5897,-0.4411],[40.5964,-0.4378]]}},{"type":"Feature","properties":{"id":"LG-0856","lagha_class":"III – Medium lagha (100–500 km²)","ff_hazard":"Low","ff_index":10.7,"system":"North-East coastal drainage","upstream_km2":117.4,"strahler":2,"length_km":21.5,"near_town":"Hagadera","dist_town_km":56.1,"flooded_2023":false,"flooded_2024":null},"geometry":{"type":"LineString","coordinates":[[40.5964,-0.4378],[40.602,-0.4422],[40.6008,-0.45],[40.6064,-0.4556],[40.6097,-0.4545],[40.6153,-0.4589],[40.6153,-0.4611],[40.6331,-0.48],[40.632,-0.4833],[40.6353,-0.4867],[40.6386,-0.4856],[40.6431,-0.49],[40.6464,-0.49],[40.6486,-0.4922],[40.6464,-0.4945],[40.6475,-0.4956],[40.6519,-0.4956],[40.6542,-0.4978],[40.6575,-0.4956],[40.6619,-0.4989],[40.6631,-0.4967],[40.6675,-0.4978],[40.6742,-0.4889],[40.6797,-0.4911],[40.6831,-0.49],[40.6875,-0.4944],[40.6908,-0.4944],[40.6931,-0.4978],[40.6975,-0.4978],[40.7008,-0.5022],[40.7019,-0.5011],[40.7042,-0.5044],[40.7064,-0.5044],[40.7097,-0.5133],[40.7153,-0.5111]]}},{"type":"Feature","properties":{"id":"LG-0858","lagha_class":"IV – Minor lagha / gully (15–100 km²)","ff_hazard":"Low","ff_index":8.3,"system":"Local ephemeral drainage","upstream_km2":64.6,"strahler":2,"length_km":2.8,"near_town":"Korokora","dist_town_km":40.2,"flooded_2023":false,"flooded_2024":null},"geometry":{"type":"LineString","coordinates":[[40.1131,-0.45],[40.1175,-0.4489],[40.1219,-0.4533],[40.1253,-0.4511],[40.1275,-0.4578]]}},{"type":"Feature","properties":{"id":"LG-0860","lagha_class":"III – Medium lagha (100–500 km²)","ff_hazard":"High","ff_index":32.5,"system":"North-East coastal drainage","upstream_km2":212.9,"strahler":3,"length_km":17.61,"near_town":"Hagadera","dist_town_km":79.6,"flooded_2023":false,"flooded_2024":null},"geometry":{"type":"LineString","coordinates":[[40.9242,-0.44],[40.9286,-0.4378],[40.9342,-0.4411],[40.9419,-0.44],[40.9486,-0.4311],[40.9553,-0.43],[40.962,-0.4333],[40.9642,-0.4322],[40.9653,-0.4356],[40.9719,-0.4378],[40.9742,-0.4367],[40.9764,-0.4389],[40.9764,-0.4433],[40.9808,-0.4422],[40.9831,-0.4478],[40.9864,-0.4467],[40.9908,-0.45],[40.9931,-0.45],[40.9953,-0.4467],[40.9975,-0.4478],[41.02,-0.4456]]}},{"type":"Feature","properties":{"id":"LG-0861","lagha_class":"IV – Minor lagha / gully (15–100 km²)","ff_hazard":"Low","ff_index":10.0,"system":"Local ephemeral drainage","upstream_km2":78.1,"strahler":2,"length_km":3.13,"near_town":"Garissa","dist_town_km":12.9,"flooded_2023":false,"flooded_2024":null},"geometry":{"type":"LineString","coordinates":[[39.7653,-0.4556],[39.7719,-0.4622],[39.7753,-0.47],[39.7797,-0.4744],[39.782,-0.4733]]}},{"type":"Feature","properties":{"id":"LG-0862","lagha_class":"III – Medium lagha (100–500 km²)","ff_hazard":"Moderate","ff_index":25.7,"system":"Tana basin","upstream_km2":168.1,"strahler":2,"length_km":17.9,"near_town":"Korokora","dist_town_km":3.1,"flooded_2023":true,"flooded_2024":null},"geometry":{"type":"LineString","coordinates":[[39.782,-0.4733],[39.7942,-0.4878],[39.8064,-0.4944],[39.8086,-0.4989],[39.8186,-0.5078],[39.8331,-0.53],[39.8319,-0.5322],[39.8353,-0.5433],[39.8264,-0.5556],[39.8253,-0.56],[39.8208,-0.5622],[39.8175,-0.5678],[39.8186,-0.5722],[39.8142,-0.5767],[39.8086,-0.5911]]}},{"type":"Feature","properties":{"id":"LG-0863","lagha_class":"IV – Minor lagha / gully (15–100 km²)","ff_hazard":"Moderate","ff_index":17.1,"system":"Tana basin","upstream_km2":40.1,"strahler":2,"length_km":5.13,"near_town":"Korokora","dist_town_km":14.5,"flooded_2023":true,"flooded_2024":null},"geometry":{"type":"LineString","coordinates":[[39.8264,-0.4578],[39.8275,-0.4622],[39.8308,-0.4644],[39.8297,-0.4689],[39.8375,-0.4767],[39.8375,-0.4833],[39.8431,-0.4878],[39.8419,-0.4922]]}},{"type":"Feature","properties":{"id":"LG-0864","lagha_class":"IV – Minor lagha / gully (15–100 km²)","ff_hazard":"Low","ff_index":10.0,"system":"Local ephemeral drainage","upstream_km2":64.6,"strahler":2,"length_km":0.42,"near_town":"Korokora","dist_town_km":41.0,"flooded_2023":false,"flooded_2024":null},"geometry":{"type":"LineString","coordinates":[[40.1253,-0.46],[40.1275,-0.4578]]}},{"type":"Feature","properties":{"id":"LG-0865","lagha_class":"III – Medium lagha (100–500 km²)","ff_hazard":"Moderate","ff_index":24.0,"system":"North-East coastal drainage","upstream_km2":190.4,"strahler":2,"length_km":19.06,"near_town":"Korokora","dist_town_km":41.3,"flooded_2023":true,"flooded_2024":null},"geometry":{"type":"LineString","coordinates":[[40.1275,-0.4578],[40.1308,-0.4633],[40.1331,-0.4633],[40.1386,-0.4589],[40.1397,-0.4544],[40.1453,-0.4489],[40.1486,-0.45],[40.1531,-0.4456],[40.1575,-0.4467],[40.1664,-0.4367],[40.1697,-0.4367],[40.1697,-0.43],[40.1786,-0.4244],[40.1786,-0.42],[40.1864,-0.4056],[40.1964,-0.4],[40.2008,-0.4033],[40.2153,-0.4033],[40.2153,-0.4],[40.2208,-0.3922],[40.2208,-0.3878],[40.2286,-0.3833]]}},{"type":"Feature","properties":{"id":"LG-0866","lagha_class":"I – Major lagha (≥2,000 km²)","ff_hazard":"Very High","ff_index":52.6,"system":"North-East coastal drainage","upstream_km2":3349.1,"strahler":5,"length_km":11.66,"near_town":"Hagadera","dist_town_km":44.6,"flooded_2023":true,"flooded_2024":null},"geometry":{"type":"LineString","coordinates":[[40.2286,-0.3833],[40.2375,-0.38],[40.2408,-0.3767],[40.2531,-0.3756],[40.2619,-0.3822],[40.2697,-0.3811],[40.2719,-0.3833],[40.2797,-0.3833],[40.2831,-0.3811],[40.2886,-0.3822],[40.2931,-0.38],[40.3042,-0.3811],[40.3086,-0.3856],[40.3197,-0.39]]}},{"type":"Feature","properties":{"id":"LG-0867","lagha_class":"I – Major lagha (≥2,000 km²)","ff_hazard":"Very High","ff_index":52.9,"system":"North-East coastal drainage","upstream_km2":3550.3,"strahler":5,"length_km":1.34,"near_town":"Hagadera","dist_town_km":45.3,"flooded_2023":true,"flooded_2024":null},"geometry":{"type":"LineString","coordinates":[[40.3197,-0.39],[40.3286,-0.3978]]}},{"type":"Feature","properties":{"id":"LG-0870","lagha_class":"II – Large lagha (500–2,000 km²)","ff_hazard":"Moderate","ff_index":17.8,"system":"North-East coastal drainage","upstream_km2":532.7,"strahler":3,"length_km":0.7,"near_town":"Hagadera","dist_town_km":66.4,"flooded_2023":false,"flooded_2024":null},"geometry":{"type":"LineString","coordinates":[[40.7219,-0.47],[40.7175,-0.4744]]}},{"type":"Feature","properties":{"id":"LG-0871","lagha_class":"II – Large lagha (500–2,000 km²)","ff_hazard":"Moderate","ff_index":17.3,"system":"North-East coastal drainage","upstream_km2":551.5,"strahler":3,"length_km":6.18,"near_town":"Hagadera","dist_town_km":66.5,"flooded_2023":false,"flooded_2024":null},"geometry":{"type":"LineString","coordinates":[[40.7175,-0.4744],[40.7142,-0.4767],[40.7131,-0.4811],[40.7197,-0.4844],[40.7208,-0.4867],[40.7186,-0.49],[40.7242,-0.4933],[40.7242,-0.4989],[40.7231,-0.5022],[40.7142,-0.5089],[40.7153,-0.5111]]}},{"type":"Feature","properties":{"id":"LG-0872","lagha_class":"II – Large lagha (500–2,000 km²)","ff_hazard":"Moderate","ff_index":18.6,"system":"North-East coastal drainage","upstream_km2":741.4,"strahler":3,"length_km":4.62,"near_town":"Hagadera","dist_town_km":69.7,"flooded_2023":false,"flooded_2024":null},"geometry":{"type":"LineString","coordinates":[[40.7153,-0.5111],[40.7253,-0.5167],[40.7286,-0.52],[40.7286,-0.5233],[40.7342,-0.5233],[40.7342,-0.5278],[40.7297,-0.5344]]}},{"type":"Feature","properties":{"id":"LG-0873","lagha_class":"IV – Minor lagha / gully (15–100 km²)","ff_hazard":"Moderate","ff_index":18.2,"system":"Local ephemeral drainage","upstream_km2":72.7,"strahler":2,"length_km":4.82,"near_town":"Hagadera","dist_town_km":53.3,"flooded_2023":true,"flooded_2024":null},"geometry":{"type":"LineString","coordinates":[[40.3664,-0.4711],[40.3542,-0.4756],[40.3397,-0.4644],[40.3331,-0.4656]]}},{"type":"Feature","properties":{"id":"LG-0874","lagha_class":"IV – Minor lagha / gully (15–100 km²)","ff_hazard":"Very High","ff_index":44.1,"system":"Tana basin","upstream_km2":62.4,"strahler":2,"length_km":2.85,"near_town":"Garissa","dist_town_km":2.6,"flooded_2023":false,"flooded_2024":null},"geometry":{"type":"LineString","coordinates":[[39.6542,-0.4722],[39.6531,-0.4778],[39.6564,-0.4822],[39.6553,-0.4856],[39.6608,-0.4933]]}},{"type":"Feature","properties":{"id":"LG-0875","lagha_class":"III – Medium lagha (100–500 km²)","ff_hazard":"Low","ff_index":14.0,"system":"North-East coastal drainage","upstream_km2":186.4,"strahler":2,"length_km":2.48,"near_town":"Korokora","dist_town_km":24.7,"flooded_2023":false,"flooded_2024":null},"geometry":{"type":"LineString","coordinates":[[39.9631,-0.4722],[39.9708,-0.4789],[39.9742,-0.4789],[39.9753,-0.4833],[39.9731,-0.4844]]}},{"type":"Feature","properties":{"id":"LG-0876","lagha_class":"III – Medium lagha (100–500 km²)","ff_hazard":"Low","ff_index":13.5,"system":"North-East coastal drainage","upstream_km2":221.0,"strahler":2,"length_km":5.97,"near_town":"Korokora","dist_town_km":24.6,"flooded_2023":false,"flooded_2024":null},"geometry":{"type":"LineString","coordinates":[[39.9731,-0.4844],[39.9719,-0.4867],[39.9753,-0.4911],[39.9831,-0.4889],[39.9842,-0.49],[39.9831,-0.4944],[39.9864,-0.4967],[39.9875,-0.5],[39.9864,-0.5044],[39.9964,-0.5089],[39.9942,-0.5133]]}},{"type":"Feature","properties":{"id":"LG-0877","lagha_class":"IV – Minor lagha / gully (15–100 km²)","ff_hazard":"Very High","ff_index":46.7,"system":"Tana basin","upstream_km2":62.4,"strahler":2,"length_km":7.19,"near_town":"Garissa","dist_town_km":4.6,"flooded_2023":false,"flooded_2024":null},"geometry":{"type":"LineString","coordinates":[[39.7108,-0.4744],[39.7075,-0.4756],[39.7053,-0.4789],[39.7019,-0.4778],[39.6942,-0.48],[39.6897,-0.4778],[39.6864,-0.48],[39.6819,-0.48],[39.6775,-0.4844],[39.672,-0.4844],[39.6642,-0.4933],[39.6608,-0.4933]]}},{"type":"Feature","properties":{"id":"LG-0878","lagha_class":"III – Medium lagha (100–500 km²)","ff_hazard":"Very High","ff_index":51.0,"system":"Tana basin","upstream_km2":125.5,"strahler":2,"length_km":13.37,"near_town":"Garissa","dist_town_km":5.1,"flooded_2023":true,"flooded_2024":null},"geometry":{"type":"MultiLineString","coordinates":[[[39.6608,-0.4933],[39.6542,-0.4989],[39.6542,-0.5011],[39.6586,-0.5022],[39.6619,-0.5067],[39.6642,-0.5056],[39.6675,-0.5078],[39.6708,-0.5133],[39.6797,-0.5178],[39.6797,-0.5202]],[[39.7002,-0.5527],[39.7053,-0.5556],[39.7031,-0.5588]]]}},{"type":"Feature","properties":{"id":"LG-0879","lagha_class":"II – Large lagha (500–2,000 km²)","ff_hazard":"Moderate","ff_index":19.3,"system":"North-East coastal drainage","upstream_km2":741.4,"strahler":3,"length_km":28.28,"near_town":"Hagadera","dist_town_km":58.6,"flooded_2023":false,"flooded_2024":null},"geometry":{"type":"LineString","coordinates":[[40.562,-0.4778],[40.5642,-0.4844],[40.5686,-0.4889],[40.5719,-0.4878],[40.5753,-0.4911],[40.5797,-0.49],[40.5875,-0.4967],[40.5908,-0.4967],[40.5931,-0.4933],[40.5986,-0.4944],[40.6075,-0.49],[40.6119,-0.49],[40.6153,-0.4922],[40.6219,-0.4911],[40.6231,-0.4945],[40.6253,-0.4933],[40.6331,-0.4989],[40.6375,-0.4967],[40.6397,-0.4978],[40.6375,-0.5022],[40.6397,-0.5044],[40.6419,-0.5033],[40.6442,-0.5078],[40.6464,-0.5044],[40.6508,-0.5044],[40.6531,-0.5067],[40.6553,-0.5144],[40.6586,-0.5167],[40.6564,-0.5189],[40.6608,-0.5233],[40.6697,-0.5256],[40.672,-0.5222],[40.6764,-0.5256],[40.6808,-0.5256],[40.6831,-0.53],[40.6875,-0.53],[40.6886,-0.5278],[40.6942,-0.5278],[40.6964,-0.53],[40.6997,-0.5256],[40.7075,-0.5244],[40.7108,-0.5322],[40.7142,-0.5311],[40.7164,-0.5278],[40.7197,-0.53],[40.7219,-0.5289],[40.7253,-0.5344],[40.7264,-0.5322],[40.7297,-0.5344]]}},{"type":"Feature","properties":{"id":"LG-0880","lagha_class":"II – Large lagha (500–2,000 km²)","ff_hazard":"Moderate","ff_index":19.6,"system":"North-East coastal drainage","upstream_km2":877.4,"strahler":3,"length_km":8.07,"near_town":"Hagadera","dist_town_km":72.8,"flooded_2023":false,"flooded_2024":null},"geometry":{"type":"LineString","coordinates":[[40.7297,-0.5344],[40.7331,-0.5378],[40.7319,-0.5422],[40.7342,-0.5444],[40.7397,-0.5444],[40.7442,-0.55],[40.7464,-0.55],[40.7542,-0.5567],[40.7619,-0.5544],[40.7631,-0.5556],[40.7642,-0.5611],[40.7608,-0.5633],[40.7631,-0.5678],[40.7619,-0.5722]]}},{"type":"Feature","properties":{"id":"LG-0882","lagha_class":"IV – Minor lagha / gully (15–100 km²)","ff_hazard":"Low","ff_index":11.3,"system":"North-East coastal drainage","upstream_km2":98.2,"strahler":2,"length_km":7.61,"near_town":"Korokora","dist_town_km":17.1,"flooded_2023":false,"flooded_2024":null},"geometry":{"type":"LineString","coordinates":[[39.8831,-0.4822],[39.8886,-0.4878],[39.8931,-0.4867],[39.8953,-0.4889],[39.8953,-0.4922],[39.9053,-0.5033],[39.9042,-0.5078],[39.9064,-0.5111],[39.9108,-0.5111],[39.9175,-0.5144],[39.9197,-0.5189],[39.9186,-0.5233]]}},{"type":"Feature","properties":{"id":"LG-0883","lagha_class":"IV – Minor lagha / gully (15–100 km²)","ff_hazard":"High","ff_index":27.7,"system":"North-East coastal drainage","upstream_km2":76.6,"strahler":2,"length_km":7.2,"near_town":"Kolbio","dist_town_km":76.1,"flooded_2023":false,"flooded_2024":null},"geometry":{"type":"LineString","coordinates":[[40.9786,-0.4822],[40.9853,-0.48],[40.9864,-0.4778],[40.9886,-0.4778],[40.9908,-0.4811],[40.9942,-0.48],[40.9975,-0.4822],[40.9997,-0.48],[41.0153,-0.48],[41.02,-0.4753]]}},{"type":"Feature","properties":{"id":"LG-0884","lagha_class":"IV – Minor lagha / gully (15–100 km²)","ff_hazard":"Low","ff_index":15.8,"system":"Tana basin","upstream_km2":40.1,"strahler":2,"length_km":2.48,"near_town":"Korokora","dist_town_km":14.3,"flooded_2023":true,"flooded_2024":null},"geometry":{"type":"LineString","coordinates":[[39.8286,-0.4833],[39.8275,-0.4856],[39.8308,-0.49],[39.8331,-0.4889],[39.8397,-0.4933],[39.8419,-0.4922]]}},{"type":"Feature","properties":{"id":"LG-0885","lagha_class":"IV – Minor lagha / gully (15–100 km²)","ff_hazard":"Moderate","ff_index":20.2,"system":"North-East coastal drainage","upstream_km2":98.2,"strahler":2,"length_km":12.09,"near_town":"Korokora","dist_town_km":14.2,"flooded_2023":true,"flooded_2024":null},"geometry":{"type":"LineString","coordinates":[[39.8419,-0.4922],[39.8464,-0.4967],[39.8508,-0.4945],[39.852,-0.4989],[39.8553,-0.5022],[39.8586,-0.5],[39.8619,-0.5044],[39.8653,-0.5044],[39.8697,-0.5],[39.8742,-0.5022],[39.8842,-0.5022],[39.8886,-0.51],[39.8908,-0.5089],[39.8931,-0.5111],[39.9008,-0.5111],[39.9008,-0.5133],[39.9064,-0.5178],[39.9097,-0.5167],[39.9186,-0.5233]]}},{"type":"Feature","properties":{"id":"LG-0886","lagha_class":"III – Medium lagha (100–500 km²)","ff_hazard":"Moderate","ff_index":24.2,"system":"North-East coastal drainage","upstream_km2":220.4,"strahler":2,"length_km":35.14,"near_town":"Korokora","dist_town_km":17.4,"flooded_2023":true,"flooded_2024":null},"geometry":{"type":"LineString","coordinates":[[39.9186,-0.5233],[39.922,-0.5267],[39.9242,-0.5256],[39.9275,-0.5278],[39.9308,-0.5333],[39.9331,-0.5322],[39.9353,-0.5378],[39.9397,-0.5422],[39.9431,-0.5433],[39.9453,-0.5411],[39.9486,-0.5444],[39.9508,-0.5467],[39.9486,-0.5489],[39.9508,-0.5556],[39.9608,-0.5544],[39.9642,-0.5589],[39.9686,-0.5589],[39.9764,-0.5633],[39.9797,-0.5678],[39.9775,-0.57],[39.9797,-0.5722],[39.9775,-0.5767],[39.9808,-0.58],[39.9808,-0.5833],[39.9842,-0.5867],[39.9964,-0.59],[39.9986,-0.5933],[39.9975,-0.5956],[39.9997,-0.5978],[40.0031,-0.5967],[40.0108,-0.6044],[40.0108,-0.6078],[40.0131,-0.61],[40.0153,-0.6111],[40.0186,-0.6089],[40.0219,-0.6122],[40.0286,-0.6145],[40.0331,-0.62],[40.0364,-0.62],[40.0386,-0.6222],[40.0431,-0.6189],[40.0453,-0.6222],[40.0475,-0.62],[40.0508,-0.6233],[40.0553,-0.6233],[40.0564,-0.6322],[40.0608,-0.6356],[40.0608,-0.64],[40.0675,-0.6467],[40.0642,-0.6511],[40.0675,-0.6556],[40.0697,-0.6533],[40.0753,-0.6589],[40.0831,-0.6611],[40.0864,-0.6678],[40.0897,-0.6667],[40.0964,-0.6689],[40.102,-0.6656]]}},{"type":"Feature","properties":{"id":"LG-0889","lagha_class":"IV – Minor lagha / gully (15–100 km²)","ff_hazard":"High","ff_index":27.7,"system":"North-East coastal drainage","upstream_km2":76.6,"strahler":2,"length_km":14.14,"near_town":"Kolbio","dist_town_km":77.5,"flooded_2023":false,"flooded_2024":null},"geometry":{"type":"LineString","coordinates":[[40.9286,-0.4856],[40.9331,-0.4856],[40.9353,-0.4811],[40.9419,-0.4811],[40.9464,-0.4844],[40.9497,-0.48],[40.9553,-0.48],[40.9575,-0.4767],[40.9708,-0.4767],[40.9742,-0.4733],[40.9742,-0.47],[40.9786,-0.4711],[40.9819,-0.4689],[40.9953,-0.4689],[40.9964,-0.4656],[41.02,-0.4656]]}},{"type":"Feature","properties":{"id":"LG-0892","lagha_class":"IV – Minor lagha / gully (15–100 km²)","ff_hazard":"Low","ff_index":7.2,"system":"North-East coastal drainage","upstream_km2":55.9,"strahler":2,"length_km":2.73,"near_town":"Korokora","dist_town_km":29.9,"flooded_2023":false,"flooded_2024":null},"geometry":{"type":"LineString","coordinates":[[40.0442,-0.5078],[40.0475,-0.51],[40.0486,-0.5156],[40.0431,-0.5211],[40.0475,-0.5244]]}},{"type":"Feature","properties":{"id":"LG-0894","lagha_class":"III – Medium lagha (100–500 km²)","ff_hazard":"Moderate","ff_index":27.6,"system":"North-East coastal drainage","upstream_km2":485.4,"strahler":3,"length_km":7.88,"near_town":"Korokora","dist_town_km":50.1,"flooded_2023":true,"flooded_2024":null},"geometry":{"type":"LineString","coordinates":[[40.2264,-0.5022],[40.2275,-0.5011],[40.2308,-0.5044],[40.2308,-0.5089],[40.2375,-0.5078],[40.2453,-0.52],[40.2497,-0.52],[40.2486,-0.5244],[40.2531,-0.5289],[40.2519,-0.5344],[40.2597,-0.5422],[40.2597,-0.5444]]}},{"type":"Feature","properties":{"id":"LG-0896","lagha_class":"III – Medium lagha (100–500 km²)","ff_hazard":"Very High","ff_index":40.0,"system":"North-East coastal drainage","upstream_km2":126.7,"strahler":2,"length_km":57.93,"near_town":"Kolbio","dist_town_km":72.7,"flooded_2023":true,"flooded_2024":null},"geometry":{"type":"LineString","coordinates":[[40.8497,-0.4989],[40.8531,-0.5011],[40.8564,-0.4989],[40.8586,-0.5033],[40.8608,-0.5033],[40.8697,-0.4978],[40.8786,-0.5011],[40.8808,-0.4989],[40.8842,-0.4989],[40.8853,-0.4967],[40.8886,-0.4989],[40.8931,-0.4967],[40.8953,-0.5],[40.8986,-0.5],[40.9086,-0.5144],[40.9119,-0.5156],[40.9119,-0.5233],[40.9164,-0.5267],[40.9264,-0.5278],[40.9286,-0.53],[40.9319,-0.5278],[40.9364,-0.5311],[40.9386,-0.5278],[40.9508,-0.5289],[40.9542,-0.5267],[40.9608,-0.5322],[40.9631,-0.5278],[40.9631,-0.52],[40.9675,-0.52],[40.9697,-0.5178],[40.9719,-0.52],[40.9831,-0.52],[40.992,-0.51],[40.9975,-0.5111],[40.9964,-0.5033],[40.9997,-0.4989],[41.02,-0.4989]]}},{"type":"Feature","properties":{"id":"LG-0898","lagha_class":"IV – Minor lagha / gully (15–100 km²)","ff_hazard":"Moderate","ff_index":18.2,"system":"Local ephemeral drainage","upstream_km2":72.7,"strahler":2,"length_km":2.13,"near_town":"Hagadera","dist_town_km":53.4,"flooded_2023":true,"flooded_2024":null},"geometry":{"type":"LineString","coordinates":[[40.3364,-0.48],[40.3375,-0.4778],[40.3342,-0.4744],[40.3364,-0.47],[40.3331,-0.4656]]}},{"type":"Feature","properties":{"id":"LG-0899","lagha_class":"III – Medium lagha (100–500 km²)","ff_hazard":"Moderate","ff_index":19.7,"system":"North-East coastal drainage","upstream_km2":113.3,"strahler":2,"length_km":8.8,"near_town":"Hagadera","dist_town_km":47.9,"flooded_2023":true,"flooded_2024":null},"geometry":{"type":"LineString","coordinates":[[40.3331,-0.4656],[40.3186,-0.4545],[40.312,-0.4567],[40.3075,-0.45],[40.3075,-0.4367],[40.3031,-0.4311],[40.3031,-0.4244],[40.3131,-0.4133]]}},{"type":"Feature","properties":{"id":"LG-0900","lagha_class":"IV – Minor lagha / gully (15–100 km²)","ff_hazard":"Low","ff_index":15.1,"system":"North-East coastal drainage","upstream_km2":44.7,"strahler":2,"length_km":0.35,"near_town":"Hagadera","dist_town_km":47.7,"flooded_2023":true,"flooded_2024":null},"geometry":{"type":"LineString","coordinates":[[40.3131,-0.4133],[40.3153,-0.4111]]}},{"type":"Feature","properties":{"id":"LG-0901","lagha_class":"I – Major lagha (≥2,000 km²)","ff_hazard":"Very High","ff_index":52.9,"system":"North-East coastal drainage","upstream_km2":3550.3,"strahler":5,"length_km":2.09,"near_town":"Hagadera","dist_town_km":46.0,"flooded_2023":true,"flooded_2024":null},"geometry":{"type":"LineString","coordinates":[[40.3153,-0.4111],[40.3286,-0.3978]]}},{"type":"Feature","properties":{"id":"LG-0903","lagha_class":"I – Major lagha (≥2,000 km²)","ff_hazard":"Very High","ff_index":53.3,"system":"North-East coastal drainage","upstream_km2":3909.3,"strahler":5,"length_km":5.41,"near_town":"Hagadera","dist_town_km":44.3,"flooded_2023":true,"flooded_2024":null},"geometry":{"type":"LineString","coordinates":[[40.3297,-0.3967],[40.3408,-0.39],[40.3597,-0.39],[40.3697,-0.3845]]}},{"type":"Feature","properties":{"id":"LG-0904","lagha_class":"I – Major lagha (≥2,000 km²)","ff_hazard":"High","ff_index":36.2,"system":"North-East coastal drainage","upstream_km2":3969.2,"strahler":5,"length_km":1.29,"near_town":"Hagadera","dist_town_km":44.3,"flooded_2023":true,"flooded_2024":null},"geometry":{"type":"LineString","coordinates":[[40.3697,-0.3845],[40.3786,-0.3911]]}},{"type":"Feature","properties":{"id":"LG-0905","lagha_class":"I – Major lagha (≥2,000 km²)","ff_hazard":"High","ff_index":36.5,"system":"North-East coastal drainage","upstream_km2":3998.3,"strahler":5,"length_km":10.62,"near_town":"Hagadera","dist_town_km":44.9,"flooded_2023":true,"flooded_2024":null},"geometry":{"type":"LineString","coordinates":[[40.3786,-0.3911],[40.3831,-0.3945],[40.3864,-0.3911],[40.3908,-0.39],[40.4019,-0.3989],[40.4019,-0.4067],[40.4075,-0.4122],[40.4075,-0.4222],[40.4108,-0.4222],[40.4186,-0.4322],[40.4208,-0.4322],[40.4231,-0.4278],[40.4286,-0.4311],[40.4319,-0.43]]}},{"type":"Feature","properties":{"id":"LG-0906","lagha_class":"I – Major lagha (≥2,000 km²)","ff_hazard":"Very High","ff_index":36.9,"system":"North-East coastal drainage","upstream_km2":4250.4,"strahler":5,"length_km":24.13,"near_town":"Hagadera","dist_town_km":49.8,"flooded_2023":true,"flooded_2024":null},"geometry":{"type":"LineString","coordinates":[[40.4319,-0.43],[40.4364,-0.4333],[40.4419,-0.4456],[40.4353,-0.4511],[40.4353,-0.4533],[40.4331,-0.4533],[40.4286,-0.4578],[40.4319,-0.4622],[40.4297,-0.47],[40.4331,-0.4778],[40.4475,-0.4911],[40.4486,-0.4978],[40.4531,-0.5],[40.4597,-0.4989],[40.462,-0.5011],[40.4642,-0.4989],[40.4664,-0.5011],[40.4686,-0.5],[40.4708,-0.5067],[40.4742,-0.51],[40.4775,-0.51],[40.4808,-0.5156],[40.4864,-0.5156],[40.4897,-0.5189],[40.5008,-0.5144],[40.5131,-0.5256],[40.5164,-0.5256],[40.5231,-0.52],[40.5297,-0.5256],[40.5286,-0.5289],[40.5375,-0.5322]]}},{"type":"Feature","properties":{"id":"LG-0907","lagha_class":"I – Major lagha (≥2,000 km²)","ff_hazard":"Moderate","ff_index":26.8,"system":"North-East coastal drainage","upstream_km2":4281.8,"strahler":5,"length_km":3.25,"near_town":"Hagadera","dist_town_km":63.4,"flooded_2023":false,"flooded_2024":null},"geometry":{"type":"LineString","coordinates":[[40.5375,-0.5322],[40.5453,-0.54],[40.5442,-0.5433],[40.5508,-0.5544]]}},{"type":"Feature","properties":{"id":"LG-0908","lagha_class":"I – Major lagha (≥2,000 km²)","ff_hazard":"Very High","ff_index":65.2,"system":"Tana basin","upstream_km2":7472.8,"strahler":4,"length_km":5.68,"near_town":"Garissa","dist_town_km":5.4,"flooded_2023":false,"flooded_2024":null},"geometry":{"type":"LineString","coordinates":[[39.6068,-0.5007],[39.6175,-0.4989],[39.6219,-0.4944],[39.6242,-0.4956],[39.6308,-0.4933]]}},{"type":"Feature","properties":{"id":"LG-0910","lagha_class":"III – Medium lagha (100–500 km²)","ff_hazard":"Low","ff_index":14.3,"system":"North-East coastal drainage","upstream_km2":245.3,"strahler":2,"length_km":7.43,"near_town":"Korokora","dist_town_km":25.2,"flooded_2023":false,"flooded_2024":null},"geometry":{"type":"LineString","coordinates":[[39.9942,-0.5133],[40.0031,-0.5167],[40.0075,-0.5222],[40.0142,-0.5189],[40.0164,-0.5211],[40.0175,-0.52],[40.0197,-0.5222],[40.0264,-0.5222],[40.0397,-0.5278],[40.0475,-0.5244]]}},{"type":"Feature","properties":{"id":"LG-0911","lagha_class":"III – Medium lagha (100–500 km²)","ff_hazard":"Low","ff_index":15.9,"system":"North-East coastal drainage","upstream_km2":346.2,"strahler":3,"length_km":13.23,"near_town":"Korokora","dist_town_km":30.3,"flooded_2023":false,"flooded_2024":null},"geometry":{"type":"LineString","coordinates":[[40.0475,-0.5244],[40.0508,-0.5211],[40.0531,-0.5222],[40.0542,-0.5233],[40.0519,-0.5256],[40.0553,-0.5289],[40.0631,-0.5233],[40.0753,-0.5333],[40.0797,-0.5333],[40.0886,-0.54],[40.0931,-0.5367],[40.0953,-0.5322],[40.1042,-0.53],[40.1086,-0.5244],[40.1131,-0.5222],[40.1186,-0.5278],[40.1242,-0.5233],[40.1264,-0.5244],[40.1286,-0.5211]]}},{"type":"Feature","properties":{"id":"LG-0912","lagha_class":"III – Medium lagha (100–500 km²)","ff_hazard":"Low","ff_index":16.8,"system":"Local ephemeral drainage","upstream_km2":346.2,"strahler":3,"length_km":3.49,"near_town":"Korokora","dist_town_km":36.8,"flooded_2023":false,"flooded_2024":null},"geometry":{"type":"LineString","coordinates":[[40.1053,-0.5122],[40.1086,-0.5133],[40.1086,-0.5167],[40.1131,-0.5167],[40.1175,-0.5211],[40.1286,-0.5211]]}},{"type":"Feature","properties":{"id":"LG-0913","lagha_class":"III – Medium lagha (100–500 km²)","ff_hazard":"Moderate","ff_index":27.0,"system":"North-East coastal drainage","upstream_km2":388.5,"strahler":3,"length_km":17.28,"near_town":"Korokora","dist_town_km":39.0,"flooded_2023":true,"flooded_2024":null},"geometry":{"type":"LineString","coordinates":[[40.1286,-0.5211],[40.1308,-0.52],[40.1331,-0.5222],[40.1375,-0.5189],[40.1464,-0.5211],[40.1464,-0.5189],[40.1508,-0.5156],[40.1542,-0.5178],[40.1619,-0.5078],[40.1619,-0.5033],[40.1642,-0.5022],[40.1686,-0.5056],[40.1753,-0.5],[40.1831,-0.5],[40.1853,-0.5022],[40.1897,-0.5],[40.1975,-0.5056],[40.2053,-0.5044],[40.2153,-0.5133],[40.2197,-0.5122],[40.2208,-0.5144],[40.2253,-0.5144],[40.2275,-0.5167],[40.2275,-0.52],[40.2297,-0.5189],[40.2319,-0.5211],[40.2308,-0.5244]]}},{"type":"Feature","properties":{"id":"LG-0915","lagha_class":"III – Medium lagha (100–500 km²)","ff_hazard":"Low","ff_index":16.7,"system":"North-East coastal drainage","upstream_km2":388.5,"strahler":3,"length_km":1.98,"near_town":"Korokora","dist_town_km":48.5,"flooded_2023":false,"flooded_2024":null},"geometry":{"type":"LineString","coordinates":[[40.2164,-0.5244],[40.2186,-0.5267],[40.2308,-0.5244]]}},{"type":"Feature","properties":{"id":"LG-0916","lagha_class":"III – Medium lagha (100–500 km²)","ff_hazard":"High","ff_index":27.7,"system":"North-East coastal drainage","upstream_km2":485.4,"strahler":3,"length_km":4.73,"near_town":"Korokora","dist_town_km":50.0,"flooded_2023":true,"flooded_2024":null},"geometry":{"type":"LineString","coordinates":[[40.2308,-0.5244],[40.2364,-0.5311],[40.2364,-0.5344],[40.2408,-0.5378],[40.2408,-0.54],[40.2486,-0.54],[40.2531,-0.5433],[40.2597,-0.5444]]}},{"type":"Feature","properties":{"id":"LG-0917","lagha_class":"II – Large lagha (500–2,000 km²)","ff_hazard":"High","ff_index":28.0,"system":"North-East coastal drainage","upstream_km2":555.6,"strahler":3,"length_km":3.72,"near_town":"Korokora","dist_town_km":52.8,"flooded_2023":true,"flooded_2024":null},"geometry":{"type":"LineString","coordinates":[[40.2597,-0.5444],[40.2664,-0.55],[40.2642,-0.5544],[40.2686,-0.5544],[40.2708,-0.5578],[40.2697,-0.5644]]}},{"type":"Feature","properties":{"id":"LG-0918","lagha_class":"III – Medium lagha (100–500 km²)","ff_hazard":"Moderate","ff_index":17.2,"system":"Tana basin","upstream_km2":168.1,"strahler":2,"length_km":8.99,"near_town":"Korokora","dist_town_km":3.1,"flooded_2023":false,"flooded_2024":null},"geometry":{"type":"LineString","coordinates":[[39.782,-0.5311],[39.782,-0.5367],[39.7875,-0.5433],[39.7853,-0.5456],[39.7886,-0.5522],[39.7864,-0.5544],[39.7908,-0.56],[39.7908,-0.5633],[39.7953,-0.5656],[39.7964,-0.57],[39.8042,-0.5733],[39.8086,-0.5911]]}},{"type":"Feature","properties":{"id":"LG-0919","lagha_class":"III – Medium lagha (100–500 km²)","ff_hazard":"High","ff_index":34.2,"system":"Tana basin","upstream_km2":183.7,"strahler":2,"length_km":6.92,"near_town":"Korokora","dist_town_km":0.9,"flooded_2023":false,"flooded_2024":null},"geometry":{"type":"LineString","coordinates":[[39.8086,-0.5911],[39.8097,-0.5967],[39.8053,-0.6022],[39.8064,-0.6078],[39.8042,-0.6078],[39.8019,-0.6122],[39.7928,-0.6208]]}},{"type":"Feature","properties":{"id":"LG-0920","lagha_class":"IV – Minor lagha / gully (15–100 km²)","ff_hazard":"Low","ff_index":5.7,"system":"Local ephemeral drainage","upstream_km2":39.5,"strahler":2,"length_km":6.81,"near_town":"Hagadera","dist_town_km":64.9,"flooded_2023":false,"flooded_2024":null},"geometry":{"type":"LineString","coordinates":[[40.5953,-0.5311],[40.5986,-0.53],[40.6064,-0.5211],[40.6119,-0.5244],[40.6153,-0.5233],[40.6208,-0.5289],[40.6297,-0.5267],[40.632,-0.5311],[40.6386,-0.5311]]}},{"type":"Feature","properties":{"id":"LG-0926","lagha_class":"I – Major lagha (≥2,000 km²)","ff_hazard":"Very High","ff_index":71.6,"system":"Tana basin","upstream_km2":7449.5,"strahler":4,"length_km":3.54,"near_town":"Garissa","dist_town_km":2.2,"flooded_2023":true,"flooded_2024":null},"geometry":{"type":"LineString","coordinates":[[39.6308,-0.4567],[39.6308,-0.46],[39.6353,-0.4633],[39.6353,-0.47],[39.6286,-0.4756],[39.6286,-0.4811]]}},{"type":"Feature","properties":{"id":"LG-0932","lagha_class":"IV – Minor lagha / gully (15–100 km²)","ff_hazard":"Low","ff_index":6.2,"system":"Local ephemeral drainage","upstream_km2":39.5,"strahler":2,"length_km":2.36,"near_town":"Hagadera","dist_town_km":67.4,"flooded_2023":false,"flooded_2024":null},"geometry":{"type":"LineString","coordinates":[[40.6242,-0.5444],[40.6275,-0.5433],[40.6386,-0.5311]]}},{"type":"Feature","properties":{"id":"LG-0933","lagha_class":"III – Medium lagha (100–500 km²)","ff_hazard":"Low","ff_index":9.9,"system":"North-East coastal drainage","upstream_km2":102.6,"strahler":2,"length_km":12.63,"near_town":"Hagadera","dist_town_km":67.4,"flooded_2023":false,"flooded_2024":null},"geometry":{"type":"LineString","coordinates":[[40.6386,-0.5311],[40.6431,-0.5311],[40.6464,-0.5333],[40.6464,-0.54],[40.6531,-0.54],[40.6597,-0.5456],[40.6631,-0.55],[40.6597,-0.56],[40.6631,-0.5633],[40.6731,-0.5633],[40.6764,-0.56],[40.6819,-0.56],[40.6842,-0.5567],[40.6886,-0.56],[40.6931,-0.5567],[40.6975,-0.56],[40.7031,-0.5578],[40.7086,-0.5622]]}},{"type":"Feature","properties":{"id":"LG-0935","lagha_class":"IV – Minor lagha / gully (15–100 km²)","ff_hazard":"Moderate","ff_index":17.3,"system":"Local ephemeral drainage","upstream_km2":61.4,"strahler":2,"length_km":5.6,"near_town":"Hagadera","dist_town_km":63.4,"flooded_2023":true,"flooded_2024":null},"geometry":{"type":"LineString","coordinates":[[40.4097,-0.5556],[40.4097,-0.5622],[40.4142,-0.5667],[40.4231,-0.5845],[40.4208,-0.5878],[40.4164,-0.5878],[40.4164,-0.5933]]}},{"type":"Feature","properties":{"id":"LG-0936","lagha_class":"I – Major lagha (≥2,000 km²)","ff_hazard":"Moderate","ff_index":27.1,"system":"North-East coastal drainage","upstream_km2":4281.8,"strahler":5,"length_km":0.65,"near_town":"Hagadera","dist_town_km":66.1,"flooded_2023":false,"flooded_2024":null},"geometry":{"type":"LineString","coordinates":[[40.5464,-0.5556],[40.5475,-0.5567],[40.5508,-0.5544]]}},{"type":"Feature","properties":{"id":"LG-0937","lagha_class":"I – Major lagha (≥2,000 km²)","ff_hazard":"Moderate","ff_index":27.0,"system":"North-East coastal drainage","upstream_km2":4331.1,"strahler":5,"length_km":6.56,"near_town":"Hagadera","dist_town_km":66.2,"flooded_2023":false,"flooded_2024":null},"geometry":{"type":"LineString","coordinates":[[40.5508,-0.5544],[40.5542,-0.5578],[40.5542,-0.5633],[40.5586,-0.5722],[40.5597,-0.5833],[40.562,-0.5856],[40.5608,-0.5878],[40.5653,-0.5911],[40.5719,-0.6033]]}},{"type":"Feature","properties":{"id":"LG-0940","lagha_class":"IV – Minor lagha / gully (15–100 km²)","ff_hazard":"Moderate","ff_index":17.2,"system":"Local ephemeral drainage","upstream_km2":61.3,"strahler":2,"length_km":4.42,"near_town":"Hagadera","dist_town_km":65.1,"flooded_2023":true,"flooded_2024":null},"geometry":{"type":"LineString","coordinates":[[40.3942,-0.5722],[40.4064,-0.5922],[40.4075,-0.5911],[40.4119,-0.5945],[40.4142,-0.5922],[40.4164,-0.5933]]}},{"type":"Feature","properties":{"id":"LG-0941","lagha_class":"III – Medium lagha (100–500 km²)","ff_hazard":"Moderate","ff_index":20.8,"system":"North-East coastal drainage","upstream_km2":133.5,"strahler":2,"length_km":11.38,"near_town":"Hagadera","dist_town_km":67.6,"flooded_2023":true,"flooded_2024":null},"geometry":{"type":"LineString","coordinates":[[40.4164,-0.5933],[40.4208,-0.6011],[40.4186,-0.6011],[40.4131,-0.6078],[40.4153,-0.6133],[40.4197,-0.6178],[40.4231,-0.6178],[40.4319,-0.6289],[40.4353,-0.63],[40.4331,-0.6356],[40.4275,-0.6367],[40.4264,-0.6422],[40.4297,-0.6456],[40.4308,-0.65],[40.4286,-0.6533],[40.4286,-0.6567],[40.4308,-0.6589],[40.4275,-0.6633]]}},{"type":"Feature","properties":{"id":"LG-0943","lagha_class":"IV – Minor lagha / gully (15–100 km²)","ff_hazard":"Moderate","ff_index":18.7,"system":"North-East coastal drainage","upstream_km2":56.8,"strahler":2,"length_km":9.31,"near_town":"Korokora","dist_town_km":34.1,"flooded_2023":true,"flooded_2024":null},"geometry":{"type":"LineString","coordinates":[[40.0931,-0.5678],[40.0942,-0.5711],[40.0975,-0.5711],[40.0986,-0.5689],[40.1031,-0.5722],[40.1008,-0.5756],[40.102,-0.5856],[40.1053,-0.5922],[40.1097,-0.5944],[40.1086,-0.5956],[40.1108,-0.5978],[40.1108,-0.6011],[40.1131,-0.6022],[40.1108,-0.6056],[40.1153,-0.6067],[40.1164,-0.6089],[40.1153,-0.6167],[40.1219,-0.6211]]}},{"type":"Feature","properties":{"id":"LG-0944","lagha_class":"III – Medium lagha (100–500 km²)","ff_hazard":"Moderate","ff_index":24.4,"system":"North-East coastal drainage","upstream_km2":220.4,"strahler":2,"length_km":20.22,"near_town":"Korokora","dist_town_km":24.7,"flooded_2023":true,"flooded_2024":null},"geometry":{"type":"LineString","coordinates":[[40.0086,-0.5689],[40.0086,-0.5756],[40.0108,-0.5767],[40.0131,-0.5856],[40.0208,-0.5878],[40.0253,-0.5922],[40.0297,-0.59],[40.0331,-0.5933],[40.032,-0.5956],[40.0364,-0.5978],[40.0364,-0.6022],[40.0419,-0.6056],[40.0431,-0.6044],[40.0486,-0.6144],[40.062,-0.6144],[40.0642,-0.6178],[40.0642,-0.6222],[40.0686,-0.6233],[40.0708,-0.6267],[40.0742,-0.6267],[40.0775,-0.6311],[40.0875,-0.6367],[40.0831,-0.6467],[40.0953,-0.6578],[40.0953,-0.6611],[40.0997,-0.6622],[40.102,-0.6656]]}},{"type":"Feature","properties":{"id":"LG-0945","lagha_class":"III – Medium lagha (100–500 km²)","ff_hazard":"Moderate","ff_index":25.5,"system":"North-East coastal drainage","upstream_km2":335.3,"strahler":2,"length_km":23.42,"near_town":"Korokora","dist_town_km":35.2,"flooded_2023":true,"flooded_2024":null},"geometry":{"type":"LineString","coordinates":[[40.102,-0.6656],[40.1119,-0.6711],[40.1131,-0.67],[40.1175,-0.6767],[40.1231,-0.6744],[40.1264,-0.6778],[40.1264,-0.6811],[40.1297,-0.6822],[40.1297,-0.6845],[40.1342,-0.6878],[40.1308,-0.6933],[40.1375,-0.6989],[40.1419,-0.7],[40.1453,-0.6978],[40.1542,-0.7045],[40.1608,-0.7056],[40.1675,-0.7033],[40.1708,-0.7056],[40.1753,-0.7045],[40.1786,-0.71],[40.1819,-0.71],[40.1886,-0.7156],[40.1953,-0.7167],[40.1953,-0.7233],[40.1997,-0.7278],[40.2075,-0.7289],[40.2097,-0.7333],[40.2153,-0.7356],[40.2164,-0.7389],[40.2142,-0.7411],[40.2175,-0.7433],[40.2186,-0.7422],[40.2231,-0.7478],[40.2275,-0.7622]]}},{"type":"Feature","properties":{"id":"LG-0946","lagha_class":"III – Medium lagha (100–500 km²)","ff_hazard":"Moderate","ff_index":23.7,"system":"North-East coastal drainage","upstream_km2":200.5,"strahler":2,"length_km":46.47,"near_town":"Korokora","dist_town_km":11.3,"flooded_2023":true,"flooded_2024":null},"geometry":{"type":"LineString","coordinates":[[39.8831,-0.5711],[39.8853,-0.5711],[39.8897,-0.5778],[39.8886,-0.5811],[39.8908,-0.5856],[39.8975,-0.5911],[39.8953,-0.5945],[39.9019,-0.6011],[39.9053,-0.6011],[39.9053,-0.6044],[39.9131,-0.6122],[39.9175,-0.62],[39.9108,-0.6289],[39.922,-0.6356],[39.9253,-0.6344],[39.9286,-0.6378],[39.9253,-0.6422],[39.9264,-0.6456],[39.9297,-0.6456],[39.9319,-0.6478],[39.9231,-0.6556],[39.9242,-0.66],[39.9286,-0.6622],[39.9308,-0.6667],[39.9275,-0.67],[39.9308,-0.67],[39.9364,-0.6756],[39.9364,-0.6789],[39.9397,-0.6778],[39.9497,-0.6889],[39.9564,-0.6889],[39.9586,-0.6911],[39.9575,-0.6933],[39.9597,-0.6956],[39.9553,-0.7],[39.9564,-0.7022],[39.9531,-0.7078],[39.9608,-0.7145],[39.9642,-0.7133],[39.9708,-0.7189],[39.9708,-0.7233],[39.9753,-0.7267],[39.9786,-0.7344],[39.9808,-0.7356],[39.9853,-0.7311],[39.9875,-0.7345],[39.9942,-0.7378],[39.9908,-0.74],[39.9908,-0.7422],[39.9942,-0.7433],[39.9986,-0.7489],[40.0019,-0.7489],[40.0019,-0.7533],[40.0075,-0.7644],[40.0064,-0.7667],[40.0119,-0.7711],[40.0097,-0.7733],[40.0131,-0.78],[40.0208,-0.7856],[40.0275,-0.7856],[40.0297,-0.7889],[40.032,-0.7889],[40.0331,-0.7933],[40.0386,-0.8],[40.0431,-0.8011],[40.0453,-0.7989],[40.0519,-0.8056],[40.0519,-0.8122]]}},{"type":"Feature","properties":{"id":"LG-0947","lagha_class":"II – Large lagha (500–2,000 km²)","ff_hazard":"High","ff_index":28.9,"system":"North-East coastal drainage","upstream_km2":555.6,"strahler":3,"length_km":15.68,"near_town":"Korokora","dist_town_km":42.6,"flooded_2023":true,"flooded_2024":null},"geometry":{"type":"LineString","coordinates":[[40.1708,-0.5722],[40.1731,-0.5722],[40.1764,-0.5678],[40.1819,-0.5711],[40.1831,-0.5644],[40.1853,-0.5622],[40.1942,-0.56],[40.1975,-0.5633],[40.1997,-0.56],[40.2064,-0.5556],[40.2075,-0.5567],[40.2164,-0.5522],[40.2219,-0.5467],[40.2264,-0.5511],[40.2319,-0.55],[40.2353,-0.5533],[40.2397,-0.5522],[40.242,-0.5544],[40.2531,-0.5544],[40.2586,-0.5633],[40.2642,-0.5644],[40.2686,-0.5622],[40.2697,-0.5644]]}},{"type":"Feature","properties":{"id":"LG-0948","lagha_class":"II – Large lagha (500–2,000 km²)","ff_hazard":"High","ff_index":28.8,"system":"North-East coastal drainage","upstream_km2":642.9,"strahler":3,"length_km":16.51,"near_town":"Korokora","dist_town_km":53.5,"flooded_2023":true,"flooded_2024":null},"geometry":{"type":"LineString","coordinates":[[40.2697,-0.5644],[40.2686,-0.5656],[40.2753,-0.57],[40.2742,-0.5722],[40.2786,-0.5767],[40.2864,-0.5811],[40.2897,-0.5789],[40.3019,-0.58],[40.3064,-0.5878],[40.3131,-0.5922],[40.3108,-0.5944],[40.312,-0.5978],[40.3164,-0.6022],[40.3197,-0.6022],[40.3253,-0.6067],[40.3286,-0.6156],[40.3319,-0.6167],[40.3308,-0.6222],[40.3342,-0.6244],[40.3364,-0.6322],[40.3408,-0.6389],[40.3408,-0.6544]]}},{"type":"Feature","properties":{"id":"LG-0949","lagha_class":"III – Medium lagha (100–500 km²)","ff_hazard":"High","ff_index":30.7,"system":"Local ephemeral drainage","upstream_km2":146.9,"strahler":2,"length_km":32.28,"near_town":"Kolbio","dist_town_km":57.9,"flooded_2023":false,"flooded_2024":null},"geometry":{"type":"LineString","coordinates":[[40.8586,-0.5722],[40.8653,-0.5767],[40.8653,-0.5845],[40.8697,-0.5878],[40.8697,-0.5933],[40.8742,-0.5978],[40.8764,-0.5978],[40.8808,-0.6022],[40.8842,-0.6],[40.8875,-0.6033],[40.8975,-0.6022],[40.8986,-0.6056],[40.9053,-0.6111],[40.9075,-0.6078],[40.9131,-0.6067],[40.9153,-0.6111],[40.9186,-0.6111],[40.922,-0.6178],[40.9264,-0.6189],[40.9275,-0.6211],[40.9308,-0.62],[40.9386,-0.6278],[40.9342,-0.6322],[40.9375,-0.6344],[40.9419,-0.6344],[40.9464,-0.6378],[40.9553,-0.6356],[40.9597,-0.6389],[40.9653,-0.6344],[40.9675,-0.6378],[40.9764,-0.6389],[40.9853,-0.6456],[40.9831,-0.6478],[40.9853,-0.6544],[40.9897,-0.6511],[40.9953,-0.6511],[40.9986,-0.6533],[41.02,-0.6533]]}},{"type":"Feature","properties":{"id":"LG-0950","lagha_class":"III – Medium lagha (100–500 km²)","ff_hazard":"Low","ff_index":10.5,"system":"North-East coastal drainage","upstream_km2":102.6,"strahler":2,"length_km":3.85,"near_town":"Hagadera","dist_town_km":74.1,"flooded_2023":false,"flooded_2024":null},"geometry":{"type":"LineString","coordinates":[[40.6853,-0.5745],[40.6908,-0.5789],[40.6953,-0.5789],[40.7075,-0.5656],[40.7086,-0.5622]]}},{"type":"Feature","properties":{"id":"LG-0951","lagha_class":"II – Large lagha (500–2,000 km²)","ff_hazard":"Moderate","ff_index":20.3,"system":"North-East coastal drainage","upstream_km2":877.4,"strahler":3,"length_km":7.94,"near_town":"Hagadera","dist_town_km":74.1,"flooded_2023":false,"flooded_2024":null},"geometry":{"type":"LineString","coordinates":[[40.7086,-0.5622],[40.7142,-0.56],[40.7242,-0.5678],[40.7319,-0.5633],[40.7364,-0.5689],[40.7397,-0.5689],[40.7431,-0.5656],[40.7486,-0.5678],[40.7508,-0.5711],[40.7608,-0.5689],[40.7619,-0.5722]]}},{"type":"Feature","properties":{"id":"LG-0952","lagha_class":"II – Large lagha (500–2,000 km²)","ff_hazard":"Moderate","ff_index":20.0,"system":"North-East coastal drainage","upstream_km2":882.4,"strahler":3,"length_km":3.15,"near_town":"Kolbio","dist_town_km":77.8,"flooded_2023":false,"flooded_2024":null},"geometry":{"type":"LineString","coordinates":[[40.7619,-0.5722],[40.7619,-0.5756],[40.7642,-0.5756],[40.7697,-0.5811],[40.7764,-0.5822],[40.7808,-0.5867]]}},{"type":"Feature","properties":{"id":"LG-0953","lagha_class":"II – Large lagha (500–2,000 km²)","ff_hazard":"High","ff_index":28.8,"system":"North-East coastal drainage","upstream_km2":642.9,"strahler":3,"length_km":11.61,"near_town":"Korokora","dist_town_km":56.3,"flooded_2023":true,"flooded_2024":null},"geometry":{"type":"LineString","coordinates":[[40.2953,-0.5889],[40.2964,-0.5922],[40.2986,-0.5911],[40.3008,-0.5933],[40.3008,-0.5989],[40.3075,-0.6056],[40.3075,-0.61],[40.3142,-0.6156],[40.312,-0.6189],[40.3153,-0.6211],[40.3142,-0.6222],[40.3275,-0.6267],[40.3264,-0.6289],[40.3342,-0.6378],[40.3353,-0.6444],[40.3386,-0.6478],[40.3386,-0.6522],[40.3408,-0.6544]]}},{"type":"Feature","properties":{"id":"LG-0954","lagha_class":"II – Large lagha (500–2,000 km²)","ff_hazard":"High","ff_index":27.7,"system":"North-East coastal drainage","upstream_km2":642.9,"strahler":3,"length_km":0.25,"near_town":"Korokora","dist_town_km":61.5,"flooded_2023":true,"flooded_2024":null},"geometry":{"type":"LineString","coordinates":[[40.3408,-0.6544],[40.3408,-0.6567]]}},{"type":"Feature","properties":{"id":"LG-0955","lagha_class":"II – Large lagha (500–2,000 km²)","ff_hazard":"Moderate","ff_index":20.5,"system":"North-East coastal drainage","upstream_km2":882.4,"strahler":3,"length_km":1.24,"near_town":"Kolbio","dist_town_km":77.8,"flooded_2023":false,"flooded_2024":null},"geometry":{"type":"LineString","coordinates":[[40.7719,-0.5922],[40.7808,-0.5867]]}},{"type":"Feature","properties":{"id":"LG-0956","lagha_class":"II – Large lagha (500–2,000 km²)","ff_hazard":"Moderate","ff_index":20.4,"system":"North-East coastal drainage","upstream_km2":974.9,"strahler":3,"length_km":8.06,"near_town":"Kolbio","dist_town_km":72.8,"flooded_2023":false,"flooded_2024":null},"geometry":{"type":"LineString","coordinates":[[40.7808,-0.5867],[40.7853,-0.5856],[40.7908,-0.5789],[40.7953,-0.58],[40.7975,-0.5845],[40.8031,-0.5844],[40.8053,-0.5867],[40.8031,-0.59],[40.8053,-0.5922],[40.8042,-0.5933],[40.8064,-0.6022],[40.8131,-0.6033],[40.8175,-0.6078],[40.8186,-0.6133]]}},{"type":"Feature","properties":{"id":"LG-0959","lagha_class":"I – Major lagha (≥2,000 km²)","ff_hazard":"High","ff_index":28.5,"system":"North-East coastal drainage","upstream_km2":4331.1,"strahler":5,"length_km":3.7,"near_town":"Hagadera","dist_town_km":71.4,"flooded_2023":false,"flooded_2024":null},"geometry":{"type":"LineString","coordinates":[[40.5475,-0.6045],[40.5542,-0.6056],[40.5564,-0.6022],[40.5575,-0.6056],[40.562,-0.6067],[40.5664,-0.6033],[40.5719,-0.6033]]}},{"type":"Feature","properties":{"id":"LG-0960","lagha_class":"I – Major lagha (≥2,000 km²)","ff_hazard":"Moderate","ff_index":27.0,"system":"North-East coastal drainage","upstream_km2":4364.9,"strahler":5,"length_km":9.68,"near_town":"Hagadera","dist_town_km":72.0,"flooded_2023":false,"flooded_2024":null},"geometry":{"type":"LineString","coordinates":[[40.5719,-0.6033],[40.5731,-0.6067],[40.5775,-0.61],[40.5819,-0.61],[40.5864,-0.6167],[40.5908,-0.6189],[40.5953,-0.6267],[40.5997,-0.6267],[40.6108,-0.64],[40.6131,-0.6411],[40.6153,-0.6367],[40.6175,-0.6444],[40.6219,-0.6489]]}},{"type":"Feature","properties":{"id":"LG-0961","lagha_class":"II – Large lagha (500–2,000 km²)","ff_hazard":"Moderate","ff_index":20.8,"system":"North-East coastal drainage","upstream_km2":974.9,"strahler":3,"length_km":13.46,"near_town":"Kolbio","dist_town_km":72.8,"flooded_2023":false,"flooded_2024":null},"geometry":{"type":"LineString","coordinates":[[40.7375,-0.6111],[40.742,-0.6078],[40.7442,-0.6089],[40.7453,-0.6067],[40.7597,-0.6089],[40.7708,-0.5989],[40.7731,-0.6],[40.7808,-0.5944],[40.7831,-0.5956],[40.7853,-0.5922],[40.7864,-0.5956],[40.7953,-0.6033],[40.7942,-0.6067],[40.7997,-0.6133],[40.8097,-0.6189],[40.8164,-0.6111],[40.8186,-0.6133]]}},{"type":"Feature","properties":{"id":"LG-0962","lagha_class":"II – Large lagha (500–2,000 km²)","ff_hazard":"Moderate","ff_index":20.6,"system":"North-East coastal drainage","upstream_km2":1031.5,"strahler":3,"length_km":12.96,"near_town":"Kolbio","dist_town_km":63.9,"flooded_2023":false,"flooded_2024":null},"geometry":{"type":"LineString","coordinates":[[40.8186,-0.6133],[40.8231,-0.6156],[40.8264,-0.6133],[40.8286,-0.6156],[40.8297,-0.6189],[40.8264,-0.6222],[40.8242,-0.6289],[40.8308,-0.6333],[40.8297,-0.6344],[40.8319,-0.6367],[40.8386,-0.6367],[40.8397,-0.6344],[40.8431,-0.6356],[40.8497,-0.6422],[40.8475,-0.6444],[40.852,-0.65],[40.8719,-0.6622],[40.8753,-0.6678],[40.8786,-0.6667],[40.8797,-0.6689]]}},{"type":"Feature","properties":{"id":"LG-0963","lagha_class":"III – Medium lagha (100–500 km²)","ff_hazard":"Low","ff_index":10.7,"system":"North-East coastal drainage","upstream_km2":124.0,"strahler":2,"length_km":26.04,"near_town":"Hagadera","dist_town_km":70.4,"flooded_2023":false,"flooded_2024":null},"geometry":{"type":"LineString","coordinates":[[40.4608,-0.6144],[40.4664,-0.6256],[40.462,-0.63],[40.4697,-0.6333],[40.4731,-0.6378],[40.4742,-0.6367],[40.4775,-0.64],[40.4731,-0.6444],[40.4764,-0.6489],[40.4742,-0.6511],[40.4742,-0.6589],[40.4675,-0.6622],[40.4719,-0.6656],[40.4697,-0.6689],[40.4719,-0.6744],[40.4742,-0.6733],[40.4775,-0.6767],[40.4831,-0.6733],[40.4875,-0.6822],[40.4931,-0.6733],[40.4997,-0.6711],[40.5031,-0.6756],[40.5164,-0.6811],[40.5153,-0.6889],[40.5175,-0.69],[40.5197,-0.6878],[40.5208,-0.6911],[40.5253,-0.6945],[40.5286,-0.7022],[40.5331,-0.7056],[40.5297,-0.7144],[40.532,-0.7133],[40.5397,-0.7156],[40.5419,-0.7133],[40.5453,-0.7144],[40.5519,-0.71]]}},{"type":"Feature","properties":{"id":"LG-0965","lagha_class":"IV – Minor lagha / gully (15–100 km²)","ff_hazard":"Moderate","ff_index":18.2,"system":"North-East coastal drainage","upstream_km2":56.8,"strahler":2,"length_km":2.24,"near_town":"Korokora","dist_town_km":35.6,"flooded_2023":true,"flooded_2024":null},"geometry":{"type":"LineString","coordinates":[[40.1108,-0.6167],[40.1097,-0.6189],[40.1119,-0.6189],[40.1153,-0.6233],[40.1197,-0.6233],[40.1219,-0.6211]]}},{"type":"Feature","properties":{"id":"LG-0966","lagha_class":"IV – Minor lagha / gully (15–100 km²)","ff_hazard":"Low","ff_index":16.8,"system":"North-East coastal drainage","upstream_km2":57.6,"strahler":2,"length_km":1.44,"near_town":"Korokora","dist_town_km":37.0,"flooded_2023":true,"flooded_2024":null},"geometry":{"type":"LineString","coordinates":[[40.1219,-0.6211],[40.1286,-0.6233],[40.1286,-0.6278]]}},{"type":"Feature","properties":{"id":"LG-0967","lagha_class":"III – Medium lagha (100–500 km²)","ff_hazard":"Moderate","ff_index":21.2,"system":"North-East coastal drainage","upstream_km2":125.7,"strahler":2,"length_km":12.56,"near_town":"Korokora","dist_town_km":37.8,"flooded_2023":true,"flooded_2024":null},"geometry":{"type":"LineString","coordinates":[[40.1286,-0.6278],[40.1331,-0.6311],[40.1342,-0.6356],[40.1408,-0.64],[40.1408,-0.6433],[40.1486,-0.6467],[40.1519,-0.6522],[40.1542,-0.6511],[40.1575,-0.6533],[40.1597,-0.65],[40.1631,-0.6511],[40.1675,-0.6467],[40.1697,-0.6556],[40.172,-0.6544],[40.1786,-0.6578],[40.1808,-0.6611],[40.1842,-0.6578],[40.1875,-0.6578],[40.1953,-0.6644],[40.1986,-0.6644]]}},{"type":"Feature","properties":{"id":"LG-0970","lagha_class":"IV – Minor lagha / gully (15–100 km²)","ff_hazard":"Low","ff_index":7.7,"system":"North-East coastal drainage","upstream_km2":62.3,"strahler":2,"length_km":11.19,"near_town":"Korokora","dist_town_km":40.8,"flooded_2023":false,"flooded_2024":null},"geometry":{"type":"LineString","coordinates":[[40.1564,-0.6233],[40.1608,-0.6256],[40.1642,-0.6322],[40.1697,-0.6311],[40.1753,-0.6344],[40.1819,-0.6311],[40.1864,-0.6333],[40.1886,-0.6378],[40.1942,-0.6367],[40.1953,-0.64],[40.2042,-0.6389],[40.2075,-0.6411],[40.2075,-0.6444],[40.2153,-0.6478],[40.2219,-0.6478],[40.2242,-0.6444],[40.2264,-0.6456],[40.2275,-0.6433]]}},{"type":"Feature","properties":{"id":"LG-0972","lagha_class":"IV – Minor lagha / gully (15–100 km²)","ff_hazard":"Low","ff_index":9.6,"system":"North-East coastal drainage","upstream_km2":85.1,"strahler":2,"length_km":10.57,"near_town":"Korokora","dist_town_km":21.7,"flooded_2023":false,"flooded_2024":null},"geometry":{"type":"LineString","coordinates":[[39.9819,-0.6467],[39.9864,-0.65],[39.992,-0.6489],[39.9931,-0.6511],[39.9908,-0.6533],[39.9953,-0.6578],[40.0042,-0.6567],[40.0075,-0.6589],[40.0075,-0.6611],[40.0097,-0.6633],[40.0119,-0.6622],[40.0142,-0.6644],[40.0142,-0.6678],[40.0164,-0.6678],[40.0175,-0.6711],[40.0219,-0.6733],[40.0253,-0.6778],[40.0297,-0.6778],[40.0419,-0.6833],[40.0475,-0.68]]}},{"type":"Feature","properties":{"id":"LG-0973","lagha_class":"III – Medium lagha (100–500 km²)","ff_hazard":"Low","ff_index":13.8,"system":"North-East coastal drainage","upstream_km2":221.9,"strahler":3,"length_km":15.95,"near_town":"Korokora","dist_town_km":29.6,"flooded_2023":false,"flooded_2024":null},"geometry":{"type":"LineString","coordinates":[[40.0475,-0.68],[40.0508,-0.6789],[40.0675,-0.6911],[40.0697,-0.6944],[40.0675,-0.7],[40.0764,-0.7133],[40.0764,-0.72],[40.0819,-0.7267],[40.0919,-0.7256],[40.0942,-0.7278],[40.0964,-0.7378],[40.1008,-0.7411],[40.0942,-0.7489],[40.0975,-0.7544],[40.0931,-0.7622],[40.0942,-0.7644],[40.0908,-0.7644],[40.0886,-0.7667],[40.0919,-0.7711]]}},{"type":"Feature","properties":{"id":"LG-0974","lagha_class":"IV – Minor lagha / gully (15–100 km²)","ff_hazard":"Low","ff_index":8.1,"system":"North-East coastal drainage","upstream_km2":62.3,"strahler":2,"length_km":2.38,"near_town":"Korokora","dist_town_km":47.3,"flooded_2023":false,"flooded_2024":null},"geometry":{"type":"LineString","coordinates":[[40.2142,-0.63],[40.2231,-0.6389],[40.2231,-0.6411],[40.2275,-0.6433]]}},{"type":"Feature","properties":{"id":"LG-0975","lagha_class":"III – Medium lagha (100–500 km²)","ff_hazard":"Low","ff_index":14.5,"system":"North-East coastal drainage","upstream_km2":257.1,"strahler":3,"length_km":6.43,"near_town":"Korokora","dist_town_km":48.8,"flooded_2023":false,"flooded_2024":null},"geometry":{"type":"LineString","coordinates":[[40.2275,-0.6433],[40.2297,-0.6422],[40.2397,-0.6522],[40.2497,-0.6422],[40.2553,-0.6456],[40.2608,-0.6456],[40.2619,-0.6422],[40.2675,-0.6444]]}},{"type":"Feature","properties":{"id":"LG-0976","lagha_class":"II – Large lagha (500–2,000 km²)","ff_hazard":"High","ff_index":29.0,"system":"North-East coastal drainage","upstream_km2":642.9,"strahler":3,"length_km":4.89,"near_town":"Korokora","dist_town_km":58.2,"flooded_2023":true,"flooded_2024":null},"geometry":{"type":"LineString","coordinates":[[40.312,-0.6322],[40.3142,-0.6344],[40.3153,-0.6333],[40.3186,-0.6389],[40.3208,-0.6378],[40.3264,-0.6444],[40.3342,-0.6478],[40.3408,-0.6567]]}},{"type":"Feature","properties":{"id":"LG-0977","lagha_class":"II – Large lagha (500–2,000 km²)","ff_hazard":"High","ff_index":29.2,"system":"North-East coastal drainage","upstream_km2":672.9,"strahler":3,"length_km":2.82,"near_town":"Korokora","dist_town_km":61.5,"flooded_2023":true,"flooded_2024":null},"geometry":{"type":"LineString","coordinates":[[40.3408,-0.6567],[40.3419,-0.6633],[40.3497,-0.6778]]}},{"type":"Feature","properties":{"id":"LG-0978","lagha_class":"III – Medium lagha (100–500 km²)","ff_hazard":"High","ff_index":31.5,"system":"Local ephemeral drainage","upstream_km2":173.7,"strahler":2,"length_km":7.92,"near_town":"Kolbio","dist_town_km":59.3,"flooded_2023":false,"flooded_2024":null},"geometry":{"type":"LineString","coordinates":[[40.992,-0.6356],[40.9964,-0.6389],[41.02,-0.6389]]}},{"type":"Feature","properties":{"id":"LG-0980","lagha_class":"I – Major lagha (≥2,000 km²)","ff_hazard":"High","ff_index":27.8,"system":"North-East coastal drainage","upstream_km2":4365.2,"strahler":5,"length_km":6.21,"near_town":"Hagadera","dist_town_km":77.4,"flooded_2023":false,"flooded_2024":null},"geometry":{"type":"LineString","coordinates":[[40.5808,-0.6511],[40.5864,-0.6567],[40.5886,-0.6556],[40.5919,-0.6578],[40.5953,-0.6544],[40.5997,-0.6578],[40.602,-0.6567],[40.6053,-0.66],[40.6197,-0.6489],[40.6219,-0.6489]]}},{"type":"Feature","properties":{"id":"LG-0981","lagha_class":"I – Major lagha (≥2,000 km²)","ff_hazard":"Very High","ff_index":37.5,"system":"North-East coastal drainage","upstream_km2":4448.7,"strahler":5,"length_km":13.73,"near_town":"Kolbio","dist_town_km":76.5,"flooded_2023":true,"flooded_2024":null},"geometry":{"type":"LineString","coordinates":[[40.6219,-0.6489],[40.6264,-0.6522],[40.6364,-0.6511],[40.6464,-0.6622],[40.6519,-0.6578],[40.6542,-0.66],[40.6597,-0.6578],[40.6619,-0.66],[40.6653,-0.6589],[40.6686,-0.6622],[40.6808,-0.66],[40.6842,-0.6633],[40.6875,-0.6622],[40.6897,-0.6656],[40.6964,-0.6622],[40.7064,-0.6633],[40.712,-0.6589],[40.7197,-0.6578]]}},{"type":"Feature","properties":{"id":"LG-0982","lagha_class":"I – Major lagha (≥2,000 km²)","ff_hazard":"High","ff_index":28.9,"system":"North-East coastal drainage","upstream_km2":5612.0,"strahler":5,"length_km":23.53,"near_town":"Kolbio","dist_town_km":63.4,"flooded_2023":false,"flooded_2024":null},"geometry":{"type":"LineString","coordinates":[[40.7197,-0.6578],[40.7231,-0.6533],[40.7286,-0.6578],[40.7431,-0.6522],[40.7497,-0.6533],[40.7519,-0.65],[40.7575,-0.6522],[40.7653,-0.6511],[40.7675,-0.6533],[40.782,-0.6522],[40.7853,-0.6556],[40.7875,-0.6544],[40.8008,-0.6611],[40.8042,-0.6656],[40.8097,-0.6656],[40.8131,-0.67],[40.8153,-0.67],[40.8164,-0.6733],[40.8264,-0.6733],[40.8297,-0.6756],[40.8342,-0.6744],[40.8353,-0.6789],[40.8386,-0.6778],[40.8408,-0.6744],[40.8475,-0.6778],[40.8508,-0.6733],[40.8542,-0.6767],[40.8575,-0.6756],[40.8597,-0.6778],[40.8664,-0.6767],[40.8686,-0.6744],[40.8797,-0.6744]]}},{"type":"Feature","properties":{"id":"LG-0983","lagha_class":"III – Medium lagha (100–500 km²)","ff_hazard":"Low","ff_index":11.3,"system":"North-East coastal drainage","upstream_km2":133.5,"strahler":2,"length_km":1.69,"near_town":"Korokora","dist_town_km":69.9,"flooded_2023":false,"flooded_2024":null},"geometry":{"type":"LineString","coordinates":[[40.4164,-0.6567],[40.4186,-0.66],[40.4275,-0.6633]]}},{"type":"Feature","properties":{"id":"LG-0984","lagha_class":"III – Medium lagha (100–500 km²)","ff_hazard":"Low","ff_index":12.1,"system":"North-East coastal drainage","upstream_km2":162.4,"strahler":2,"length_km":21.31,"near_town":"Bura","dist_town_km":70.6,"flooded_2023":false,"flooded_2024":null},"geometry":{"type":"LineString","coordinates":[[40.4275,-0.6633],[40.4275,-0.6656],[40.4308,-0.6678],[40.4408,-0.6644],[40.4453,-0.6733],[40.4497,-0.6722],[40.4575,-0.6767],[40.4575,-0.68],[40.4631,-0.6822],[40.4675,-0.6867],[40.4686,-0.6933],[40.4731,-0.6944],[40.4764,-0.7011],[40.4864,-0.7011],[40.4942,-0.7078],[40.4964,-0.7056],[40.5019,-0.7122],[40.5075,-0.7122],[40.5075,-0.7145],[40.5097,-0.7156],[40.5097,-0.7211],[40.5053,-0.7278],[40.5075,-0.7344],[40.5108,-0.7311],[40.5142,-0.7322],[40.5164,-0.7356],[40.5153,-0.7456],[40.5175,-0.75],[40.5153,-0.7533]]}},{"type":"Feature","properties":{"id":"LG-0985","lagha_class":"II – Large lagha (500–2,000 km²)","ff_hazard":"Moderate","ff_index":20.4,"system":"North-East coastal drainage","upstream_km2":1031.5,"strahler":3,"length_km":1.42,"near_town":"Kolbio","dist_town_km":63.9,"flooded_2023":false,"flooded_2024":null},"geometry":{"type":"LineString","coordinates":[[40.8875,-0.66],[40.8797,-0.6689]]}},{"type":"Feature","properties":{"id":"LG-0986","lagha_class":"I – Major lagha (≥2,000 km²)","ff_hazard":"High","ff_index":29.3,"system":"North-East coastal drainage","upstream_km2":5612.0,"strahler":5,"length_km":0.72,"near_town":"Kolbio","dist_town_km":63.4,"flooded_2023":false,"flooded_2024":null},"geometry":{"type":"LineString","coordinates":[[40.8797,-0.6689],[40.8797,-0.6744]]}},{"type":"Feature","properties":{"id":"LG-0987","lagha_class":"I – Major lagha (≥2,000 km²)","ff_hazard":"High","ff_index":28.8,"system":"North-East coastal drainage","upstream_km2":5640.0,"strahler":5,"length_km":6.25,"near_town":"Kolbio","dist_town_km":58.1,"flooded_2023":false,"flooded_2024":null},"geometry":{"type":"LineString","coordinates":[[40.8797,-0.6744],[40.8831,-0.6778],[40.8831,-0.6878],[40.8864,-0.6889],[40.8875,-0.6945],[40.8964,-0.7033],[40.8997,-0.7111],[40.8986,-0.7133],[40.9019,-0.7167]]}},{"type":"Feature","properties":{"id":"LG-0988","lagha_class":"II – Large lagha (500–2,000 km²)","ff_hazard":"Moderate","ff_index":18.9,"system":"North-East coastal drainage","upstream_km2":672.9,"strahler":3,"length_km":1.66,"near_town":"Korokora","dist_town_km":62.6,"flooded_2023":false,"flooded_2024":null},"geometry":{"type":"LineString","coordinates":[[40.352,-0.6656],[40.3497,-0.6689],[40.352,-0.6733],[40.3497,-0.6778]]}},{"type":"Feature","properties":{"id":"LG-0989","lagha_class":"II – Large lagha (500–2,000 km²)","ff_hazard":"High","ff_index":29.0,"system":"North-East coastal drainage","upstream_km2":742.8,"strahler":3,"length_km":10.02,"near_town":"Bura","dist_town_km":62.1,"flooded_2023":true,"flooded_2024":null},"geometry":{"type":"LineString","coordinates":[[40.3497,-0.6778],[40.3464,-0.6878],[40.3508,-0.6878],[40.3575,-0.6945],[40.3575,-0.6967],[40.3619,-0.7],[40.3642,-0.7045],[40.3619,-0.7067],[40.3664,-0.7111],[40.3708,-0.7111],[40.3742,-0.7167],[40.3731,-0.72],[40.3764,-0.7233],[40.382,-0.72],[40.3864,-0.72],[40.3908,-0.7244]]}},{"type":"Feature","properties":{"id":"LG-0990","lagha_class":"III – Medium lagha (100–500 km²)","ff_hazard":"Moderate","ff_index":20.9,"system":"North-East coastal drainage","upstream_km2":125.7,"strahler":2,"length_km":8.44,"near_town":"Korokora","dist_town_km":40.7,"flooded_2023":true,"flooded_2024":null},"geometry":{"type":"LineString","coordinates":[[40.1508,-0.67],[40.1542,-0.6667],[40.1586,-0.6711],[40.1619,-0.6689],[40.1642,-0.6733],[40.1697,-0.6711],[40.1753,-0.6722],[40.1797,-0.6756],[40.1842,-0.6756],[40.1819,-0.6711],[40.1831,-0.67],[40.1919,-0.6733],[40.1942,-0.67],[40.1931,-0.6678],[40.1986,-0.6644]]}},{"type":"Feature","properties":{"id":"LG-0991","lagha_class":"III – Medium lagha (100–500 km²)","ff_hazard":"Low","ff_index":12.4,"system":"North-East coastal drainage","upstream_km2":167.5,"strahler":2,"length_km":9.26,"near_town":"Korokora","dist_town_km":45.9,"flooded_2023":false,"flooded_2024":null},"geometry":{"type":"LineString","coordinates":[[40.1986,-0.6644],[40.2086,-0.66],[40.2142,-0.6544],[40.2231,-0.6644],[40.2308,-0.6656],[40.2375,-0.6711],[40.2475,-0.6656],[40.2531,-0.6556],[40.2586,-0.6522]]}},{"type":"Feature","properties":{"id":"LG-0992","lagha_class":"III – Medium lagha (100–500 km²)","ff_hazard":"High","ff_index":30.7,"system":"Local ephemeral drainage","upstream_km2":146.9,"strahler":2,"length_km":14.66,"near_town":"Kolbio","dist_town_km":53.6,"flooded_2023":false,"flooded_2024":null},"geometry":{"type":"LineString","coordinates":[[40.9608,-0.6711],[40.9675,-0.6733],[40.9686,-0.6811],[40.9786,-0.6889],[40.9831,-0.69],[40.9886,-0.6956],[40.992,-0.6944],[40.9975,-0.6978],[41.0142,-0.6978],[41.02,-0.6919]]}},{"type":"Feature","properties":{"id":"LG-0994","lagha_class":"III – Medium lagha (100–500 km²)","ff_hazard":"Low","ff_index":12.1,"system":"North-East coastal drainage","upstream_km2":167.5,"strahler":2,"length_km":5.35,"near_town":"Korokora","dist_town_km":51.1,"flooded_2023":false,"flooded_2024":null},"geometry":{"type":"LineString","coordinates":[[40.2453,-0.6811],[40.2442,-0.6756],[40.2475,-0.6733],[40.2497,-0.6744],[40.2508,-0.67],[40.2553,-0.6711],[40.2575,-0.6689],[40.2564,-0.6611],[40.2619,-0.6567],[40.2586,-0.6522]]}},{"type":"Feature","properties":{"id":"LG-0995","lagha_class":"III – Medium lagha (100–500 km²)","ff_hazard":"Low","ff_index":13.6,"system":"North-East coastal drainage","upstream_km2":257.1,"strahler":3,"length_km":1.49,"near_town":"Korokora","dist_town_km":52.4,"flooded_2023":false,"flooded_2024":null},"geometry":{"type":"LineString","coordinates":[[40.2586,-0.6522],[40.2642,-0.65],[40.2675,-0.6444]]}},{"type":"Feature","properties":{"id":"LG-0996","lagha_class":"III – Medium lagha (100–500 km²)","ff_hazard":"Moderate","ff_index":24.9,"system":"North-East coastal drainage","upstream_km2":296.5,"strahler":3,"length_km":21.17,"near_town":"Korokora","dist_town_km":53.3,"flooded_2023":true,"flooded_2024":null},"geometry":{"type":"LineString","coordinates":[[40.2675,-0.6444],[40.2686,-0.6456],[40.2719,-0.6422],[40.2775,-0.6456],[40.2797,-0.6411],[40.2853,-0.6411],[40.2942,-0.6444],[40.2975,-0.65],[40.2975,-0.6567],[40.3053,-0.6578],[40.3064,-0.6633],[40.3153,-0.6678],[40.3142,-0.6778],[40.3208,-0.6789],[40.3197,-0.6822],[40.3253,-0.6911],[40.3331,-0.6945],[40.3342,-0.6933],[40.3364,-0.6989],[40.3386,-0.6989],[40.3397,-0.6956],[40.3508,-0.6956],[40.3531,-0.7011],[40.3508,-0.7033],[40.352,-0.7056],[40.3486,-0.7078],[40.3542,-0.7133],[40.352,-0.7167],[40.352,-0.7233],[40.3553,-0.7256],[40.3542,-0.7278]]}},{"type":"Feature","properties":{"id":"LG-0997","lagha_class":"I – Major lagha (≥2,000 km²)","ff_hazard":"High","ff_index":28.8,"system":"North-East coastal drainage","upstream_km2":5640.0,"strahler":5,"length_km":35.43,"near_town":"Kolbio","dist_town_km":58.1,"flooded_2023":false,"flooded_2024":null},"geometry":{"type":"LineString","coordinates":[[40.7031,-0.6878],[40.7064,-0.6878],[40.7108,-0.6922],[40.7164,-0.6878],[40.7186,-0.6889],[40.7197,-0.6922],[40.7242,-0.6956],[40.7242,-0.7011],[40.7275,-0.7044],[40.7264,-0.7089],[40.7308,-0.7111],[40.7342,-0.7156],[40.742,-0.7156],[40.7519,-0.7333],[40.7564,-0.73],[40.7553,-0.7256],[40.7586,-0.7222],[40.7631,-0.7211],[40.7686,-0.7145],[40.7753,-0.7145],[40.7786,-0.7089],[40.782,-0.7089],[40.7853,-0.7122],[40.7864,-0.7156],[40.7842,-0.7189],[40.7886,-0.7222],[40.7875,-0.7233],[40.7986,-0.7333],[40.7997,-0.7322],[40.8053,-0.7367],[40.812,-0.7311],[40.8142,-0.7333],[40.8197,-0.73],[40.8242,-0.7322],[40.8253,-0.7311],[40.8297,-0.7345],[40.8319,-0.7322],[40.8308,-0.73],[40.8364,-0.7256],[40.8431,-0.7256],[40.8497,-0.72],[40.8575,-0.7278],[40.8631,-0.7245],[40.8675,-0.7245],[40.8708,-0.7189],[40.8753,-0.7211],[40.8797,-0.7267],[40.8864,-0.7278],[40.8919,-0.7178],[40.9019,-0.7167]]}},{"type":"Feature","properties":{"id":"LG-0998","lagha_class":"I – Major lagha (≥2,000 km²)","ff_hazard":"High","ff_index":28.7,"system":"North-East coastal drainage","upstream_km2":5816.3,"strahler":5,"length_km":8.71,"near_town":"Kolbio","dist_town_km":51.1,"flooded_2023":false,"flooded_2024":null},"geometry":{"type":"LineString","coordinates":[[40.9019,-0.7167],[40.9064,-0.72],[40.9075,-0.7244],[40.9108,-0.7267],[40.9108,-0.73],[40.9153,-0.7322],[40.9186,-0.7311],[40.9286,-0.7411],[40.9275,-0.7456],[40.9297,-0.7478],[40.9286,-0.75],[40.9319,-0.7544],[40.9308,-0.7556],[40.9397,-0.7644],[40.9397,-0.7678]]}},{"type":"Feature","properties":{"id":"LG-1001","lagha_class":"III – Medium lagha (100–500 km²)","ff_hazard":"Low","ff_index":9.9,"system":"North-East coastal drainage","upstream_km2":110.4,"strahler":2,"length_km":2.48,"near_town":"Bura","dist_town_km":78.2,"flooded_2023":false,"flooded_2024":null},"geometry":{"type":"LineString","coordinates":[[40.5364,-0.6967],[40.5519,-0.71]]}},{"type":"Feature","properties":{"id":"LG-1002","lagha_class":"III – Medium lagha (100–500 km²)","ff_hazard":"Low","ff_index":12.4,"system":"North-East coastal drainage","upstream_km2":199.4,"strahler":2,"length_km":5.02,"near_town":"Bura","dist_town_km":78.9,"flooded_2023":false,"flooded_2024":null},"geometry":{"type":"LineString","coordinates":[[40.5519,-0.71],[40.5575,-0.7111],[40.5608,-0.7167],[40.5797,-0.7333],[40.5786,-0.7356],[40.5808,-0.7378]]}},{"type":"Feature","properties":{"id":"LG-1003","lagha_class":"IV – Minor lagha / gully (15–100 km²)","ff_hazard":"Low","ff_index":7.8,"system":"North-East coastal drainage","upstream_km2":64.1,"strahler":2,"length_km":3.75,"near_town":"Bura","dist_town_km":58.8,"flooded_2023":false,"flooded_2024":null},"geometry":{"type":"LineString","coordinates":[[40.3164,-0.7022],[40.3197,-0.6978],[40.3231,-0.7011],[40.3219,-0.7022],[40.3242,-0.7067],[40.3342,-0.71],[40.3319,-0.7133]]}},{"type":"Feature","properties":{"id":"LG-1004","lagha_class":"III – Medium lagha (100–500 km²)","ff_hazard":"Low","ff_index":13.6,"system":"North-East coastal drainage","upstream_km2":200.5,"strahler":2,"length_km":22.64,"near_town":"Korokora","dist_town_km":20.5,"flooded_2023":false,"flooded_2024":null},"geometry":{"type":"LineString","coordinates":[[39.9442,-0.7133],[39.9419,-0.7178],[39.9453,-0.72],[39.9497,-0.7178],[39.9508,-0.7244],[39.962,-0.7333],[39.9653,-0.7433],[39.9686,-0.7456],[39.9686,-0.7489],[39.9719,-0.7522],[39.9708,-0.7544],[39.9764,-0.7589],[39.9753,-0.7656],[39.9808,-0.7722],[39.9853,-0.7733],[39.9875,-0.7711],[39.992,-0.7711],[39.9964,-0.7733],[39.9953,-0.7767],[39.9975,-0.7789],[40.0008,-0.7789],[40.0064,-0.7889],[40.0097,-0.7889],[40.0131,-0.7944],[40.0153,-0.7944],[40.0164,-0.7922],[40.0208,-0.7944],[40.0242,-0.7989],[40.0208,-0.8022],[40.0219,-0.8033],[40.0253,-0.8033],[40.0275,-0.8056],[40.0297,-0.8033],[40.032,-0.8067],[40.0386,-0.8056],[40.0508,-0.8133],[40.0519,-0.8122]]}},{"type":"Feature","properties":{"id":"LG-1005","lagha_class":"III – Medium lagha (100–500 km²)","ff_hazard":"Low","ff_index":13.1,"system":"North-East coastal drainage","upstream_km2":210.5,"strahler":2,"length_km":5.21,"near_town":"Bura","dist_town_km":31.2,"flooded_2023":false,"flooded_2024":null},"geometry":{"type":"LineString","coordinates":[[40.0519,-0.8122],[40.0597,-0.8178],[40.0631,-0.8167],[40.0664,-0.8222],[40.0708,-0.8211],[40.0797,-0.83],[40.0831,-0.8367]]}},{"type":"Feature","properties":{"id":"LG-1006","lagha_class":"II – Large lagha (500–2,000 km²)","ff_hazard":"Moderate","ff_index":19.5,"system":"North-East coastal drainage","upstream_km2":742.8,"strahler":3,"length_km":1.79,"near_town":"Bura","dist_town_km":63.3,"flooded_2023":false,"flooded_2024":null},"geometry":{"type":"LineString","coordinates":[[40.3853,-0.7144],[40.3919,-0.7178],[40.3908,-0.7244]]}},{"type":"Feature","properties":{"id":"LG-1007","lagha_class":"II – Large lagha (500–2,000 km²)","ff_hazard":"High","ff_index":30.6,"system":"North-East coastal drainage","upstream_km2":1185.8,"strahler":4,"length_km":7.85,"near_town":"Bura","dist_town_km":59.9,"flooded_2023":true,"flooded_2024":null},"geometry":{"type":"LineString","coordinates":[[40.3908,-0.7244],[40.3942,-0.7456],[40.3842,-0.75],[40.3808,-0.7478],[40.3786,-0.7489],[40.3842,-0.7589],[40.3831,-0.76],[40.3875,-0.7711]]}},{"type":"Feature","properties":{"id":"LG-1008","lagha_class":"III – Medium lagha (100–500 km²)","ff_hazard":"Low","ff_index":15.3,"system":"North-East coastal drainage","upstream_km2":335.3,"strahler":2,"length_km":22.67,"near_town":"Korokora","dist_town_km":36.1,"flooded_2023":false,"flooded_2024":null},"geometry":{"type":"LineString","coordinates":[[40.0964,-0.7189],[40.1008,-0.7222],[40.0997,-0.7233],[40.102,-0.7278],[40.1053,-0.7267],[40.1075,-0.7289],[40.1108,-0.7267],[40.1175,-0.7267],[40.1231,-0.7311],[40.1219,-0.7322],[40.1242,-0.7344],[40.1286,-0.7367],[40.1297,-0.74],[40.1431,-0.7278],[40.1519,-0.7278],[40.1575,-0.73],[40.1608,-0.7278],[40.1619,-0.73],[40.1697,-0.7278],[40.172,-0.73],[40.1708,-0.7311],[40.1786,-0.7389],[40.1797,-0.7356],[40.1831,-0.7333],[40.1864,-0.7378],[40.1942,-0.7345],[40.2008,-0.7356],[40.2019,-0.7367],[40.1986,-0.7422],[40.2064,-0.7478],[40.2075,-0.7533],[40.2153,-0.7589],[40.2153,-0.7622],[40.2186,-0.7644],[40.2275,-0.7622]]}},{"type":"Feature","properties":{"id":"LG-1009","lagha_class":"III – Medium lagha (100–500 km²)","ff_hazard":"Low","ff_index":15.3,"system":"North-East coastal drainage","upstream_km2":357.1,"strahler":2,"length_km":9.36,"near_town":"Bura","dist_town_km":45.0,"flooded_2023":false,"flooded_2024":null},"geometry":{"type":"LineString","coordinates":[[40.2275,-0.7622],[40.2297,-0.7656],[40.2331,-0.7633],[40.2364,-0.7633],[40.2386,-0.7667],[40.2431,-0.7656],[40.2586,-0.78],[40.2586,-0.7844],[40.2497,-0.7944],[40.2508,-0.8],[40.2442,-0.8056],[40.2486,-0.8089],[40.2475,-0.81]]}},{"type":"Feature","properties":{"id":"LG-1011","lagha_class":"III – Medium lagha (100–500 km²)","ff_hazard":"Low","ff_index":14.2,"system":"North-East coastal drainage","upstream_km2":303.3,"strahler":2,"length_km":4.87,"near_town":"Bura","dist_town_km":72.9,"flooded_2023":false,"flooded_2024":null},"geometry":{"type":"LineString","coordinates":[[40.5153,-0.7533],[40.5253,-0.7544],[40.5297,-0.7578],[40.5342,-0.7578],[40.5431,-0.7667],[40.5464,-0.7656],[40.5508,-0.7689]]}},{"type":"Feature","properties":{"id":"LG-1013","lagha_class":"III – Medium lagha (100–500 km²)","ff_hazard":"Low","ff_index":13.5,"system":"North-East coastal drainage","upstream_km2":242.9,"strahler":2,"length_km":3.27,"near_town":"Bura","dist_town_km":77.8,"flooded_2023":false,"flooded_2024":null},"geometry":{"type":"LineString","coordinates":[[40.5808,-0.7378],[40.5731,-0.7433],[40.5742,-0.7533],[40.5675,-0.7567]]}},{"type":"Feature","properties":{"id":"LG-1014","lagha_class":"III – Medium lagha (100–500 km²)","ff_hazard":"Low","ff_index":13.6,"system":"North-East coastal drainage","upstream_km2":242.9,"strahler":2,"length_km":14.88,"near_town":"Kolbio","dist_town_km":76.3,"flooded_2023":false,"flooded_2024":null},"geometry":{"type":"LineString","coordinates":[[40.6464,-0.7311],[40.6453,-0.7322],[40.6475,-0.7367],[40.6419,-0.7422],[40.6419,-0.7467],[40.6397,-0.7489],[40.6408,-0.7578],[40.6353,-0.7656],[40.6297,-0.7689],[40.6297,-0.7722],[40.6264,-0.7756],[40.6231,-0.7756],[40.6208,-0.7733],[40.6197,-0.7744],[40.6108,-0.7667],[40.6042,-0.7656],[40.5964,-0.7611],[40.5942,-0.7622],[40.5919,-0.76],[40.5875,-0.7633],[40.5831,-0.76],[40.5831,-0.7578],[40.5675,-0.7567]]}},{"type":"Feature","properties":{"id":"LG-1015","lagha_class":"III – Medium lagha (100–500 km²)","ff_hazard":"Low","ff_index":14.5,"system":"North-East coastal drainage","upstream_km2":303.3,"strahler":2,"length_km":3.08,"near_town":"Bura","dist_town_km":75.6,"flooded_2023":false,"flooded_2024":null},"geometry":{"type":"LineString","coordinates":[[40.5675,-0.7567],[40.5597,-0.7622],[40.5564,-0.7589],[40.5508,-0.7689]]}},{"type":"Feature","properties":{"id":"LG-1016","lagha_class":"II – Large lagha (500–2,000 km²)","ff_hazard":"Low","ff_index":16.8,"system":"North-East coastal drainage","upstream_km2":539.4,"strahler":3,"length_km":0.77,"near_town":"Bura","dist_town_km":75.1,"flooded_2023":false,"flooded_2024":null},"geometry":{"type":"LineString","coordinates":[[40.5508,-0.7689],[40.5486,-0.7722],[40.5497,-0.7744]]}},{"type":"Feature","properties":{"id":"LG-1017","lagha_class":"III – Medium lagha (100–500 km²)","ff_hazard":"Low","ff_index":12.3,"system":"North-East coastal drainage","upstream_km2":155.5,"strahler":2,"length_km":32.17,"near_town":"Korokora","dist_town_km":18.5,"flooded_2023":false,"flooded_2024":null},"geometry":{"type":"LineString","coordinates":[[39.9019,-0.7356],[39.9042,-0.7378],[39.9008,-0.7422],[39.9064,-0.7522],[39.9175,-0.7556],[39.9197,-0.7544],[39.9264,-0.7633],[39.9275,-0.7622],[39.9431,-0.7778],[39.9486,-0.7811],[39.9464,-0.7878],[39.9508,-0.7933],[39.9542,-0.7933],[39.9531,-0.7956],[39.9575,-0.8044],[39.9553,-0.8089],[39.9564,-0.8167],[39.9642,-0.8222],[39.9631,-0.8244],[39.9653,-0.8289],[39.9742,-0.8344],[39.9742,-0.8378],[39.9786,-0.8433],[39.9842,-0.8444],[39.9875,-0.8422],[39.9875,-0.8456],[39.992,-0.8489],[39.992,-0.8544],[39.9953,-0.8589],[39.992,-0.8611],[39.992,-0.8656],[39.9942,-0.8689],[39.9908,-0.8689],[39.9864,-0.8733],[39.9875,-0.8822],[39.9853,-0.8856],[39.9853,-0.89],[39.9908,-0.8978],[39.9964,-0.8956],[39.9997,-0.8967],[39.9986,-0.9089],[40.0019,-0.9122],[40.0019,-0.9156]]}},{"type":"Feature","properties":{"id":"LG-1018","lagha_class":"IV – Minor lagha / gully (15–100 km²)","ff_hazard":"Low","ff_index":9.0,"system":"North-East coastal drainage","upstream_km2":64.1,"strahler":2,"length_km":9.56,"near_town":"Bura","dist_town_km":52.6,"flooded_2023":false,"flooded_2024":null},"geometry":{"type":"LineString","coordinates":[[40.2697,-0.7356],[40.2719,-0.7378],[40.2753,-0.7345],[40.2775,-0.7378],[40.2831,-0.7378],[40.2864,-0.7356],[40.2897,-0.7367],[40.2942,-0.7333],[40.2964,-0.7345],[40.3008,-0.7311],[40.3008,-0.7289],[40.3064,-0.7278],[40.3097,-0.7244],[40.3186,-0.7245],[40.3219,-0.7189],[40.3264,-0.7167],[40.3264,-0.7145],[40.3319,-0.7133]]}},{"type":"Feature","properties":{"id":"LG-1019","lagha_class":"IV – Minor lagha / gully (15–100 km²)","ff_hazard":"Low","ff_index":7.4,"system":"North-East coastal drainage","upstream_km2":66.2,"strahler":2,"length_km":3.9,"near_town":"Bura","dist_town_km":59.0,"flooded_2023":false,"flooded_2024":null},"geometry":{"type":"LineString","coordinates":[[40.3319,-0.7133],[40.3319,-0.7156],[40.3364,-0.7189],[40.3419,-0.7167],[40.3497,-0.7278],[40.3542,-0.7278]]}},{"type":"Feature","properties":{"id":"LG-1020","lagha_class":"III – Medium lagha (100–500 km²)","ff_hazard":"Low","ff_index":15.9,"system":"North-East coastal drainage","upstream_km2":372.7,"strahler":3,"length_km":5.3,"near_town":"Bura","dist_town_km":59.3,"flooded_2023":false,"flooded_2024":null},"geometry":{"type":"LineString","coordinates":[[40.3542,-0.7278],[40.3619,-0.7333],[40.3642,-0.7333],[40.3653,-0.7311],[40.3675,-0.7322],[40.3653,-0.7389],[40.3675,-0.7456],[40.3653,-0.75],[40.3708,-0.7544],[40.3708,-0.7567]]}},{"type":"Feature","properties":{"id":"LG-1022","lagha_class":"III – Medium lagha (100–500 km²)","ff_hazard":"Low","ff_index":13.8,"system":"North-East coastal drainage","upstream_km2":221.9,"strahler":3,"length_km":8.26,"near_town":"Korokora","dist_town_km":33.1,"flooded_2023":false,"flooded_2024":null},"geometry":{"type":"LineString","coordinates":[[40.0564,-0.7444],[40.0564,-0.7489],[40.0608,-0.7522],[40.0631,-0.7578],[40.0664,-0.7567],[40.0686,-0.7611],[40.0764,-0.7611],[40.0786,-0.7633],[40.0819,-0.7633],[40.0786,-0.7678],[40.0808,-0.7711],[40.0808,-0.7767],[40.0842,-0.7778],[40.0886,-0.7722],[40.0919,-0.7711]]}},{"type":"Feature","properties":{"id":"LG-1023","lagha_class":"III – Medium lagha (100–500 km²)","ff_hazard":"Low","ff_index":15.0,"system":"North-East coastal drainage","upstream_km2":261.6,"strahler":3,"length_km":5.41,"near_town":"Bura","dist_town_km":35.3,"flooded_2023":false,"flooded_2024":null},"geometry":{"type":"LineString","coordinates":[[40.0919,-0.7711],[40.0942,-0.7711],[40.0997,-0.7778],[40.0997,-0.7889],[40.1042,-0.7933],[40.1042,-0.7978],[40.1064,-0.8],[40.1008,-0.8044]]}},{"type":"Feature","properties":{"id":"LG-1024","lagha_class":"II – Large lagha (500–2,000 km²)","ff_hazard":"Moderate","ff_index":21.3,"system":"North-East coastal drainage","upstream_km2":1187.1,"strahler":4,"length_km":11.04,"near_town":"Bura","dist_town_km":60.1,"flooded_2023":false,"flooded_2024":null},"geometry":{"type":"LineString","coordinates":[[40.4508,-0.74],[40.4475,-0.7422],[40.4508,-0.7444],[40.4486,-0.7478],[40.4431,-0.7444],[40.4331,-0.7511],[40.4308,-0.7478],[40.4275,-0.75],[40.4231,-0.7489],[40.4197,-0.7522],[40.4175,-0.7511],[40.4153,-0.7556],[40.4119,-0.7544],[40.4031,-0.7611],[40.3986,-0.7611],[40.3942,-0.7656],[40.3942,-0.7778]]}},{"type":"Feature","properties":{"id":"LG-1025","lagha_class":"I – Major lagha (≥2,000 km²)","ff_hazard":"High","ff_index":29.6,"system":"North-East coastal drainage","upstream_km2":5816.3,"strahler":5,"length_km":8.07,"near_town":"Kolbio","dist_town_km":51.1,"flooded_2023":false,"flooded_2024":null},"geometry":{"type":"LineString","coordinates":[[40.8853,-0.7422],[40.8875,-0.7422],[40.8908,-0.7489],[40.8942,-0.7478],[40.8975,-0.7522],[40.9075,-0.7556],[40.9131,-0.76],[40.9119,-0.7611],[40.9142,-0.7633],[40.9186,-0.7656],[40.9319,-0.7689],[40.9397,-0.7678]]}},{"type":"Feature","properties":{"id":"LG-1026","lagha_class":"I – Major lagha (≥2,000 km²)","ff_hazard":"High","ff_index":28.8,"system":"North-East coastal drainage","upstream_km2":5917.3,"strahler":5,"length_km":6.34,"near_town":"Kolbio","dist_town_km":46.5,"flooded_2023":false,"flooded_2024":null},"geometry":{"type":"LineString","coordinates":[[40.9397,-0.7678],[40.9442,-0.7722],[40.9419,-0.7756],[40.9431,-0.7778],[40.9475,-0.7778],[40.9508,-0.7756],[40.9586,-0.7822],[40.9608,-0.7811],[40.9631,-0.7833],[40.9697,-0.7844],[40.9775,-0.7922]]}},{"type":"Feature","properties":{"id":"LG-1027","lagha_class":"III – Medium lagha (100–500 km²)","ff_hazard":"Low","ff_index":15.5,"system":"North-East coastal drainage","upstream_km2":372.7,"strahler":3,"length_km":5.31,"near_town":"Bura","dist_town_km":57.9,"flooded_2023":false,"flooded_2024":null},"geometry":{"type":"LineString","coordinates":[[40.3442,-0.7444],[40.3464,-0.7467],[40.3508,-0.7467],[40.3564,-0.7422],[40.3586,-0.7444],[40.3564,-0.7478],[40.3619,-0.7489],[40.3653,-0.7522],[40.3642,-0.7567],[40.3686,-0.7589],[40.3708,-0.7567]]}},{"type":"Feature","properties":{"id":"LG-1028","lagha_class":"II – Large lagha (500–2,000 km²)","ff_hazard":"Moderate","ff_index":20.6,"system":"North-East coastal drainage","upstream_km2":1185.8,"strahler":4,"length_km":2.66,"near_town":"Bura","dist_town_km":59.3,"flooded_2023":false,"flooded_2024":null},"geometry":{"type":"LineString","coordinates":[[40.3708,-0.7567],[40.3797,-0.7678],[40.3875,-0.7711]]}},{"type":"Feature","properties":{"id":"LG-1029","lagha_class":"II – Large lagha (500–2,000 km²)","ff_hazard":"Moderate","ff_index":20.6,"system":"North-East coastal drainage","upstream_km2":1187.1,"strahler":4,"length_km":1.05,"near_town":"Bura","dist_town_km":59.9,"flooded_2023":false,"flooded_2024":null},"geometry":{"type":"LineString","coordinates":[[40.3875,-0.7711],[40.3942,-0.7778]]}},{"type":"Feature","properties":{"id":"LG-1030","lagha_class":"II – Large lagha (500–2,000 km²)","ff_hazard":"High","ff_index":30.8,"system":"North-East coastal drainage","upstream_km2":1245.8,"strahler":4,"length_km":2.29,"near_town":"Bura","dist_town_km":60.1,"flooded_2023":true,"flooded_2024":null},"geometry":{"type":"LineString","coordinates":[[40.3942,-0.7778],[40.4086,-0.7911]]}},{"type":"Feature","properties":{"id":"LG-1031","lagha_class":"I – Major lagha (≥2,000 km²)","ff_hazard":"High","ff_index":30.4,"system":"North-East coastal drainage","upstream_km2":5936.7,"strahler":5,"length_km":3.74,"near_town":"Kolbio","dist_town_km":46.2,"flooded_2023":false,"flooded_2024":null},"geometry":{"type":"LineString","coordinates":[[40.9819,-0.7667],[40.9808,-0.7744],[40.9875,-0.7822],[40.9831,-0.7911],[40.9808,-0.7922]]}},{"type":"Feature","properties":{"id":"LG-1032","lagha_class":"II – Large lagha (500–2,000 km²)","ff_hazard":"Low","ff_index":16.8,"system":"North-East coastal drainage","upstream_km2":539.4,"strahler":3,"length_km":2.91,"near_town":"Bura","dist_town_km":73.4,"flooded_2023":false,"flooded_2024":null},"geometry":{"type":"LineString","coordinates":[[40.5308,-0.7733],[40.5342,-0.7744],[40.5364,-0.7711],[40.5408,-0.7767],[40.5442,-0.7778],[40.5497,-0.7744]]}},{"type":"Feature","properties":{"id":"LG-1033","lagha_class":"II – Large lagha (500–2,000 km²)","ff_hazard":"Moderate","ff_index":18.2,"system":"North-East coastal drainage","upstream_km2":641.1,"strahler":3,"length_km":22.27,"near_town":"Kolbio","dist_town_km":66.9,"flooded_2023":false,"flooded_2024":null},"geometry":{"type":"LineString","coordinates":[[40.5497,-0.7744],[40.562,-0.7867],[40.5675,-0.7844],[40.5875,-0.7944],[40.5919,-0.7933],[40.6008,-0.8067],[40.6008,-0.8111],[40.6086,-0.8189],[40.6053,-0.8222],[40.6097,-0.8233],[40.6142,-0.8278],[40.6175,-0.8267],[40.6208,-0.83],[40.6219,-0.8344],[40.6242,-0.8345],[40.6275,-0.8389],[40.6353,-0.8411],[40.6442,-0.8511],[40.6442,-0.8533],[40.6564,-0.86],[40.6564,-0.8656],[40.6619,-0.8733],[40.6619,-0.8778],[40.6653,-0.88],[40.6642,-0.8867],[40.6664,-0.8878]]}},{"type":"Feature","properties":{"id":"LG-1034","lagha_class":"II – Large lagha (500–2,000 km²)","ff_hazard":"Moderate","ff_index":18.6,"system":"North-East coastal drainage","upstream_km2":641.1,"strahler":3,"length_km":18.37,"near_town":"Kolbio","dist_town_km":66.0,"flooded_2023":false,"flooded_2024":null},"geometry":{"type":"LineString","coordinates":[[40.6753,-0.7744],[40.672,-0.7789],[40.6686,-0.78],[40.6631,-0.7922],[40.6675,-0.7967],[40.6664,-0.7989],[40.6697,-0.8056],[40.6675,-0.8133],[40.6697,-0.8167],[40.6731,-0.8178],[40.672,-0.8222],[40.6753,-0.8289],[40.6797,-0.8311],[40.6786,-0.8378],[40.6731,-0.8445],[40.6731,-0.8489],[40.6753,-0.85],[40.6731,-0.8533],[40.6786,-0.8589],[40.6786,-0.8633],[40.6764,-0.8667],[40.6797,-0.8767],[40.6764,-0.8811],[40.6764,-0.8844],[40.6742,-0.8856],[40.6753,-0.8878],[40.6708,-0.89],[40.6708,-0.8922],[40.6664,-0.8878]]}},{"type":"Feature","properties":{"id":"LG-1035","lagha_class":"II – Large lagha (500–2,000 km²)","ff_hazard":"Moderate","ff_index":19.5,"system":"North-East coastal drainage","upstream_km2":760.5,"strahler":3,"length_km":2.48,"near_town":"Kolbio","dist_town_km":66.5,"flooded_2023":false,"flooded_2024":null},"geometry":{"type":"LineString","coordinates":[[40.6664,-0.8878],[40.6642,-0.8922],[40.6653,-0.8956],[40.6631,-0.8978],[40.6642,-0.9011],[40.6597,-0.9033]]}},{"type":"Feature","properties":{"id":"LG-1037","lagha_class":"III – Medium lagha (100–500 km²)","ff_hazard":"Moderate","ff_index":17.5,"system":"North-East coastal drainage","upstream_km2":447.8,"strahler":2,"length_km":8.8,"near_town":"Bura","dist_town_km":43.3,"flooded_2023":false,"flooded_2024":null},"geometry":{"type":"LineString","coordinates":[[40.2475,-0.81],[40.2497,-0.8122],[40.2531,-0.81],[40.2664,-0.8233],[40.2664,-0.8311],[40.2642,-0.8333],[40.2686,-0.8389],[40.2686,-0.8556],[40.2708,-0.8567],[40.2686,-0.8578],[40.2686,-0.8622],[40.2708,-0.8656]]}},{"type":"Feature","properties":{"id":"LG-1038","lagha_class":"III – Medium lagha (100–500 km²)","ff_hazard":"Low","ff_index":15.6,"system":"North-East coastal drainage","upstream_km2":261.6,"strahler":3,"length_km":5.46,"near_town":"Bura","dist_town_km":34.8,"flooded_2023":false,"flooded_2024":null},"geometry":{"type":"LineString","coordinates":[[40.0642,-0.7856],[40.0708,-0.79],[40.0719,-0.7889],[40.0731,-0.7933],[40.0808,-0.7989],[40.0819,-0.7978],[40.0842,-0.8],[40.0908,-0.8],[40.0953,-0.8022],[40.0975,-0.8011],[40.1008,-0.8044]]}},{"type":"Feature","properties":{"id":"LG-1039","lagha_class":"III – Medium lagha (100–500 km²)","ff_hazard":"Moderate","ff_index":25.7,"system":"North-East coastal drainage","upstream_km2":296.1,"strahler":3,"length_km":13.82,"near_town":"Bura","dist_town_km":32.1,"flooded_2023":true,"flooded_2024":null},"geometry":{"type":"LineString","coordinates":[[40.1008,-0.8044],[40.1064,-0.81],[40.1064,-0.8122],[40.1086,-0.8122],[40.1097,-0.82],[40.1131,-0.8222],[40.1186,-0.8367],[40.1219,-0.8378],[40.1231,-0.8422],[40.1264,-0.8422],[40.1297,-0.8456],[40.132,-0.85],[40.1308,-0.8522],[40.1342,-0.8556],[40.1331,-0.8611],[40.1408,-0.8667],[40.1453,-0.8667],[40.1508,-0.8744],[40.1575,-0.8733],[40.1586,-0.8756],[40.1686,-0.8778]]}},{"type":"Feature","properties":{"id":"LG-1040","lagha_class":"III – Medium lagha (100–500 km²)","ff_hazard":"Low","ff_index":12.4,"system":"North-East coastal drainage","upstream_km2":179.7,"strahler":2,"length_km":13.85,"near_town":"Kolbio","dist_town_km":48.4,"flooded_2023":false,"flooded_2024":null},"geometry":{"type":"LineString","coordinates":[[40.8464,-0.7889],[40.8486,-0.7989],[40.8531,-0.7989],[40.8564,-0.8022],[40.852,-0.8067],[40.852,-0.8111],[40.8542,-0.8144],[40.8531,-0.8178],[40.8553,-0.82],[40.8542,-0.83],[40.8564,-0.8311],[40.852,-0.84],[40.8586,-0.8467],[40.8564,-0.8489],[40.8564,-0.86],[40.8542,-0.8656],[40.8631,-0.8744],[40.8619,-0.8811],[40.8586,-0.8833]]}},{"type":"Feature","properties":{"id":"LG-1041","lagha_class":"II – Large lagha (500–2,000 km²)","ff_hazard":"High","ff_index":30.8,"system":"North-East coastal drainage","upstream_km2":1245.8,"strahler":4,"length_km":0.12,"near_town":"Bura","dist_town_km":60.5,"flooded_2023":true,"flooded_2024":null},"geometry":{"type":"LineString","coordinates":[[40.4075,-0.7911],[40.4086,-0.7911]]}},{"type":"Feature","properties":{"id":"LG-1042","lagha_class":"II – Large lagha (500–2,000 km²)","ff_hazard":"High","ff_index":30.8,"system":"North-East coastal drainage","upstream_km2":1260.0,"strahler":4,"length_km":4.42,"near_town":"Bura","dist_town_km":60.6,"flooded_2023":true,"flooded_2024":null},"geometry":{"type":"LineString","coordinates":[[40.4086,-0.7911],[40.4164,-0.7967],[40.4253,-0.7911],[40.4331,-0.7989],[40.4319,-0.8011],[40.4342,-0.8044]]}},{"type":"Feature","properties":{"id":"LG-1044","lagha_class":"II – Large lagha (500–2,000 km²)","ff_hazard":"Moderate","ff_index":21.7,"system":"North-East coastal drainage","upstream_km2":1351.0,"strahler":4,"length_km":22.51,"near_town":"Masabubu","dist_town_km":60.5,"flooded_2023":false,"flooded_2024":null},"geometry":{"type":"LineString","coordinates":[[40.4342,-0.8044],[40.4397,-0.8067],[40.4419,-0.81],[40.4397,-0.8133],[40.4397,-0.82],[40.4575,-0.84],[40.462,-0.8422],[40.4664,-0.8511],[40.4697,-0.8511],[40.4719,-0.8489],[40.4786,-0.8545],[40.4786,-0.86],[40.4819,-0.86],[40.4875,-0.8644],[40.4908,-0.87],[40.4908,-0.8756],[40.4975,-0.8822],[40.5008,-0.8889],[40.5086,-0.8956],[40.5086,-0.9],[40.5064,-0.9022],[40.5075,-0.9044],[40.5031,-0.9078],[40.5042,-0.91],[40.4997,-0.9156],[40.5008,-0.9189],[40.4942,-0.9244],[40.4942,-0.9289],[40.4897,-0.9322],[40.4908,-0.9333],[40.4842,-0.9367]]}},{"type":"Feature","properties":{"id":"LG-1045","lagha_class":"IV – Minor lagha / gully (15–100 km²)","ff_hazard":"Low","ff_index":8.0,"system":"Local ephemeral drainage","upstream_km2":70.1,"strahler":2,"length_km":14.02,"near_town":"Kolbio","dist_town_km":56.4,"flooded_2023":false,"flooded_2024":null},"geometry":{"type":"LineString","coordinates":[[40.7597,-0.7956],[40.7653,-0.7944],[40.7697,-0.7878],[40.7742,-0.7944],[40.7786,-0.7911],[40.782,-0.7933],[40.7797,-0.7978],[40.7831,-0.8011],[40.7886,-0.7978],[40.7986,-0.8],[40.7964,-0.8033],[40.7986,-0.8033],[40.8031,-0.8078],[40.7986,-0.8111],[40.7964,-0.8156],[40.7986,-0.82],[40.7942,-0.8233],[40.7953,-0.8278],[40.7919,-0.83],[40.7975,-0.8333],[40.7964,-0.84],[40.7997,-0.8433]]}},{"type":"Feature","properties":{"id":"LG-1046","lagha_class":"I – Major lagha (≥2,000 km²)","ff_hazard":"High","ff_index":30.6,"system":"North-East coastal drainage","upstream_km2":5917.3,"strahler":5,"length_km":2.03,"near_town":"Kolbio","dist_town_km":45.5,"flooded_2023":false,"flooded_2024":null},"geometry":{"type":"LineString","coordinates":[[40.9719,-0.8067],[40.9719,-0.7989],[40.9775,-0.7922]]}},{"type":"Feature","properties":{"id":"LG-1047","lagha_class":"I – Major lagha (≥2,000 km²)","ff_hazard":"High","ff_index":29.2,"system":"North-East coastal drainage","upstream_km2":5936.7,"strahler":5,"length_km":0.65,"near_town":"Kolbio","dist_town_km":46.2,"flooded_2023":false,"flooded_2024":null},"geometry":{"type":"LineString","coordinates":[[40.9775,-0.7922],[40.9797,-0.79],[40.9808,-0.7922]]}},{"type":"Feature","properties":{"id":"LG-1048","lagha_class":"I – Major lagha (≥2,000 km²)","ff_hazard":"Very High","ff_index":48.3,"system":"North-East coastal drainage","upstream_km2":6102.4,"strahler":6,"length_km":103.45,"near_town":"Kolbio","dist_town_km":43.4,"flooded_2023":false,"flooded_2024":null},"geometry":{"type":"LineString","coordinates":[[40.9808,-0.7922],[40.9875,-0.7967],[40.9986,-0.7956],[41.0019,-0.7978],[41.02,-0.7978]]}},{"type":"Feature","properties":{"id":"LG-1050","lagha_class":"III – Medium lagha (100–500 km²)","ff_hazard":"Low","ff_index":16.8,"system":"North-East coastal drainage","upstream_km2":388.4,"strahler":3,"length_km":4.79,"near_town":"Bura","dist_town_km":33.4,"flooded_2023":false,"flooded_2024":null},"geometry":{"type":"LineString","coordinates":[[40.1686,-0.8778],[40.1831,-0.8922],[40.1875,-0.8911],[40.1897,-0.8878],[40.1942,-0.8922],[40.1975,-0.8911]]}},{"type":"Feature","properties":{"id":"LG-1051","lagha_class":"III – Medium lagha (100–500 km²)","ff_hazard":"Moderate","ff_index":22.3,"system":"North-East coastal drainage","upstream_km2":155.5,"strahler":2,"length_km":22.57,"near_town":"Bura","dist_town_km":19.1,"flooded_2023":true,"flooded_2024":null},"geometry":{"type":"LineString","coordinates":[[39.9008,-0.8133],[39.9053,-0.81],[39.9075,-0.8122],[39.9075,-0.82],[39.9131,-0.8189],[39.9186,-0.8233],[39.9231,-0.8278],[39.9208,-0.8322],[39.9275,-0.8389],[39.9408,-0.8445],[39.9453,-0.8444],[39.9464,-0.8489],[39.9508,-0.8522],[39.9586,-0.8533],[39.9675,-0.8622],[39.9753,-0.8633],[39.9719,-0.8689],[39.9786,-0.8767],[39.9731,-0.8811],[39.9742,-0.8878],[39.9786,-0.8922],[39.9775,-0.8944],[39.9808,-0.8989],[39.9819,-0.8978],[39.9842,-0.9011],[39.9864,-0.9011],[39.9842,-0.9067],[39.9886,-0.9089],[39.9886,-0.9122],[39.9942,-0.9178],[39.9986,-0.9178],[40.0019,-0.9156]]}},{"type":"Feature","properties":{"id":"LG-1052","lagha_class":"III – Medium lagha (100–500 km²)","ff_hazard":"Low","ff_index":12.8,"system":"North-East coastal drainage","upstream_km2":171.7,"strahler":2,"length_km":3.9,"near_town":"Bura","dist_town_km":18.9,"flooded_2023":false,"flooded_2024":null},"geometry":{"type":"LineString","coordinates":[[40.0019,-0.9156],[40.0086,-0.9189],[40.0108,-0.9222],[40.0153,-0.9222],[40.0208,-0.9256],[40.0231,-0.9278],[40.0219,-0.9289],[40.0264,-0.9322]]}},{"type":"Feature","properties":{"id":"LG-1054","lagha_class":"III – Medium lagha (100–500 km²)","ff_hazard":"Moderate","ff_index":18.0,"system":"North-East coastal drainage","upstream_km2":475.5,"strahler":2,"length_km":8.83,"near_town":"Bura","dist_town_km":43.5,"flooded_2023":false,"flooded_2024":null},"geometry":{"type":"LineString","coordinates":[[40.2753,-0.8211],[40.2742,-0.8244],[40.2808,-0.8333],[40.2775,-0.8356],[40.2775,-0.8378],[40.282,-0.8378],[40.2875,-0.8411],[40.2875,-0.8456],[40.2908,-0.8511],[40.2897,-0.8556],[40.2919,-0.8578],[40.2919,-0.8611],[40.2786,-0.8744]]}},{"type":"Feature","properties":{"id":"LG-1057","lagha_class":"III – Medium lagha (100–500 km²)","ff_hazard":"Moderate","ff_index":17.7,"system":"North-East coastal drainage","upstream_km2":447.8,"strahler":2,"length_km":6.9,"near_town":"Bura","dist_town_km":42.3,"flooded_2023":false,"flooded_2024":null},"geometry":{"type":"LineString","coordinates":[[40.2319,-0.83],[40.2542,-0.8533],[40.2586,-0.8556],[40.2653,-0.8667],[40.2708,-0.8656]]}},{"type":"Feature","properties":{"id":"LG-1058","lagha_class":"III – Medium lagha (100–500 km²)","ff_hazard":"Moderate","ff_index":17.8,"system":"North-East coastal drainage","upstream_km2":475.5,"strahler":2,"length_km":1.49,"near_town":"Bura","dist_town_km":43.2,"flooded_2023":false,"flooded_2024":null},"geometry":{"type":"LineString","coordinates":[[40.2708,-0.8656],[40.2742,-0.8722],[40.2786,-0.8744]]}},{"type":"Feature","properties":{"id":"LG-1059","lagha_class":"II – Large lagha (500–2,000 km²)","ff_hazard":"Moderate","ff_index":19.1,"system":"North-East coastal drainage","upstream_km2":504.7,"strahler":2,"length_km":11.05,"near_town":"Bura","dist_town_km":38.8,"flooded_2023":false,"flooded_2024":null},"geometry":{"type":"LineString","coordinates":[[40.2786,-0.8744],[40.282,-0.8811],[40.2886,-0.8867],[40.2908,-0.8911],[40.2864,-0.8933],[40.2864,-0.9011],[40.2786,-0.91],[40.2786,-0.9133],[40.2753,-0.9156],[40.2775,-0.92],[40.2775,-0.9289],[40.2731,-0.9344],[40.2742,-0.9389],[40.2708,-0.94],[40.2697,-0.9478]]}},{"type":"Feature","properties":{"id":"LG-1062","lagha_class":"IV – Minor lagha / gully (15–100 km²)","ff_hazard":"Low","ff_index":7.9,"system":"North-East coastal drainage","upstream_km2":70.1,"strahler":2,"length_km":3.72,"near_town":"Bura","dist_town_km":58.2,"flooded_2023":false,"flooded_2024":null},"geometry":{"type":"LineString","coordinates":[[40.4097,-0.8367],[40.4153,-0.8433],[40.4175,-0.84],[40.4197,-0.8411],[40.4208,-0.8444],[40.4186,-0.8478],[40.4186,-0.8522],[40.4208,-0.8556]]}},{"type":"Feature","properties":{"id":"LG-1064","lagha_class":"IV – Minor lagha / gully (15–100 km²)","ff_hazard":"Low","ff_index":5.5,"system":"North-East coastal drainage","upstream_km2":39.0,"strahler":2,"length_km":4.76,"near_town":"Bura","dist_town_km":30.2,"flooded_2023":false,"flooded_2024":null},"geometry":{"type":"LineString","coordinates":[[40.0553,-0.8333],[40.0575,-0.8322],[40.0597,-0.8267],[40.0642,-0.8278],[40.0653,-0.8311],[40.0697,-0.8344],[40.0753,-0.8345],[40.0797,-0.84],[40.0831,-0.8367]]}},{"type":"Feature","properties":{"id":"LG-1065","lagha_class":"III – Medium lagha (100–500 km²)","ff_hazard":"Low","ff_index":15.8,"system":"North-East coastal drainage","upstream_km2":292.8,"strahler":3,"length_km":22.76,"near_town":"Bura","dist_town_km":30.8,"flooded_2023":false,"flooded_2024":null},"geometry":{"type":"LineString","coordinates":[[40.0831,-0.8367],[40.0864,-0.8389],[40.0864,-0.8411],[40.0964,-0.8367],[40.1008,-0.8433],[40.0997,-0.8478],[40.1031,-0.8533],[40.1075,-0.8522],[40.1086,-0.8567],[40.1131,-0.8567],[40.1186,-0.8611],[40.1231,-0.8611],[40.1242,-0.8645],[40.1253,-0.8633],[40.1297,-0.8678],[40.1331,-0.8667],[40.1353,-0.87],[40.1342,-0.8722],[40.1386,-0.8733],[40.1453,-0.8844],[40.1475,-0.8833],[40.1519,-0.8889],[40.1519,-0.8933],[40.1564,-0.8956],[40.1575,-0.8944],[40.1642,-0.9],[40.1664,-0.9089],[40.1708,-0.9133],[40.1797,-0.9167],[40.1797,-0.9211],[40.1875,-0.9289],[40.1919,-0.9389],[40.1964,-0.9422]]}},{"type":"Feature","properties":{"id":"LG-1066","lagha_class":"IV – Minor lagha / gully (15–100 km²)","ff_hazard":"Low","ff_index":8.0,"system":"Local ephemeral drainage","upstream_km2":70.1,"strahler":2,"length_km":2.63,"near_town":"Kolbio","dist_town_km":56.4,"flooded_2023":false,"flooded_2024":null},"geometry":{"type":"LineString","coordinates":[[40.7864,-0.8389],[40.7919,-0.8433],[40.7919,-0.8478],[40.7953,-0.8478],[40.7964,-0.8444],[40.7997,-0.8433]]}},{"type":"Feature","properties":{"id":"LG-1067","lagha_class":"III – Medium lagha (100–500 km²)","ff_hazard":"Low","ff_index":12.6,"system":"North-East coastal drainage","upstream_km2":179.7,"strahler":2,"length_km":10.65,"near_town":"Kolbio","dist_town_km":48.5,"flooded_2023":false,"flooded_2024":null},"geometry":{"type":"LineString","coordinates":[[40.7997,-0.8433],[40.8031,-0.8422],[40.8075,-0.8467],[40.812,-0.8467],[40.8142,-0.85],[40.8142,-0.8467],[40.8164,-0.8444],[40.8342,-0.8533],[40.8375,-0.8589],[40.8386,-0.8578],[40.8408,-0.8611],[40.8431,-0.8611],[40.8464,-0.8689],[40.8531,-0.8756],[40.8531,-0.8789],[40.8586,-0.8833]]}},{"type":"Feature","properties":{"id":"LG-1068","lagha_class":"III – Medium lagha (100–500 km²)","ff_hazard":"Low","ff_index":12.0,"system":"North-East coastal drainage","upstream_km2":185.6,"strahler":2,"length_km":2.1,"near_town":"Kolbio","dist_town_km":47.4,"flooded_2023":false,"flooded_2024":null},"geometry":{"type":"LineString","coordinates":[[40.8586,-0.8833],[40.8608,-0.8856],[40.8597,-0.9]]}},{"type":"Feature","properties":{"id":"LG-1069","lagha_class":"IV – Minor lagha / gully (15–100 km²)","ff_hazard":"High","ff_index":28.0,"system":"Local ephemeral drainage","upstream_km2":82.8,"strahler":2,"length_km":109.54,"near_town":"Kolbio","dist_town_km":37.8,"flooded_2023":false,"flooded_2024":null},"geometry":{"type":"LineString","coordinates":[[40.9442,-0.8444],[40.9519,-0.8445],[40.9553,-0.8422],[40.9597,-0.8444],[40.9631,-0.8433],[40.9675,-0.8478],[40.9775,-0.85],[40.9853,-0.8556],[40.9908,-0.8556],[40.9964,-0.8511],[40.9997,-0.8511],[41.0019,-0.8533],[41.0031,-0.8511],[41.0086,-0.85],[41.0119,-0.8556],[41.0142,-0.8511],[41.0253,-0.8545],[41.0369,-0.8428]]}},{"type":"Feature","properties":{"id":"LG-1070","lagha_class":"IV – Minor lagha / gully (15–100 km²)","ff_hazard":"Low","ff_index":8.0,"system":"North-East coastal drainage","upstream_km2":70.1,"strahler":2,"length_km":3.5,"near_town":"Bura","dist_town_km":56.6,"flooded_2023":false,"flooded_2024":null},"geometry":{"type":"LineString","coordinates":[[40.4008,-0.8511],[40.4042,-0.8489],[40.4075,-0.8522],[40.4119,-0.8522],[40.4153,-0.86],[40.4175,-0.86],[40.4208,-0.8556]]}},{"type":"Feature","properties":{"id":"LG-1071","lagha_class":"III – Medium lagha (100–500 km²)","ff_hazard":"Low","ff_index":11.3,"system":"North-East coastal drainage","upstream_km2":143.8,"strahler":2,"length_km":28.52,"near_town":"Masabubu","dist_town_km":52.2,"flooded_2023":false,"flooded_2024":null},"geometry":{"type":"LineString","coordinates":[[40.4208,-0.8556],[40.4275,-0.8578],[40.4286,-0.8633],[40.4319,-0.8678],[40.4275,-0.8722],[40.4275,-0.8822],[40.4242,-0.8911],[40.4186,-0.8911],[40.4164,-0.8944],[40.4164,-0.9033],[40.4197,-0.9078],[40.4231,-0.9089],[40.4197,-0.9167],[40.4242,-0.9167],[40.4308,-0.9211],[40.4275,-0.9233],[40.4264,-0.9267],[40.4375,-0.9333],[40.4375,-0.9389],[40.4431,-0.95],[40.4442,-0.9578],[40.4397,-0.9589],[40.4364,-0.9622],[40.4419,-0.9667],[40.4408,-0.9722],[40.4442,-0.9789],[40.4419,-0.9856],[40.4519,-0.9956],[40.4486,-1.0011],[40.4542,-1.0056],[40.4519,-1.0078],[40.4553,-1.01],[40.4553,-1.0156],[40.4531,-1.02],[40.4497,-1.0211],[40.4519,-1.0267],[40.4464,-1.0322]]}},{"type":"Feature","properties":{"id":"LG-1072","lagha_class":"IV – Minor lagha / gully (15–100 km²)","ff_hazard":"Low","ff_index":8.5,"system":"North-East coastal drainage","upstream_km2":81.7,"strahler":2,"length_km":15.19,"near_town":"Masabubu","dist_town_km":67.6,"flooded_2023":false,"flooded_2024":null},"geometry":{"type":"LineString","coordinates":[[40.5264,-0.8567],[40.5331,-0.8611],[40.5342,-0.8722],[40.5364,-0.8767],[40.5431,-0.8822],[40.5408,-0.8856],[40.5453,-0.89],[40.5364,-0.8956],[40.5364,-0.9],[40.5486,-0.91],[40.5464,-0.9133],[40.5486,-0.9133],[40.5508,-0.9167],[40.5542,-0.9156],[40.5564,-0.9178],[40.5597,-0.9178],[40.5608,-0.9144],[40.5575,-0.9111],[40.5597,-0.9078],[40.5653,-0.9111],[40.5742,-0.9111],[40.5786,-0.9133]]}},{"type":"Feature","properties":{"id":"LG-1073","lagha_class":"III – Medium lagha (100–500 km²)","ff_hazard":"Moderate","ff_index":17.6,"system":"North-East coastal drainage","upstream_km2":388.4,"strahler":3,"length_km":3.34,"near_town":"Bura","dist_town_km":35.0,"flooded_2023":false,"flooded_2024":null},"geometry":{"type":"LineString","coordinates":[[40.1964,-0.8689],[40.2008,-0.8722],[40.1997,-0.8822],[40.2019,-0.8844],[40.1964,-0.89],[40.1975,-0.8911]]}},{"type":"Feature","properties":{"id":"LG-1074","lagha_class":"III – Medium lagha (100–500 km²)","ff_hazard":"Low","ff_index":16.7,"system":"North-East coastal drainage","upstream_km2":428.3,"strahler":3,"length_km":16.87,"near_town":"Bura","dist_town_km":34.4,"flooded_2023":false,"flooded_2024":null},"geometry":{"type":"LineString","coordinates":[[40.1975,-0.8911],[40.1997,-0.8933],[40.2019,-0.8911],[40.2064,-0.8944],[40.2064,-0.8967],[40.2019,-0.9011],[40.2042,-0.9056],[40.2031,-0.9078],[40.2075,-0.9111],[40.2097,-0.9089],[40.2142,-0.9089],[40.2208,-0.92],[40.2286,-0.9267],[40.2286,-0.9311],[40.2319,-0.9344],[40.2297,-0.94],[40.2308,-0.9422],[40.2353,-0.9411],[40.2408,-0.9467],[40.2431,-0.9456],[40.2442,-0.95],[40.2464,-0.9522],[40.2486,-0.9511],[40.2519,-0.9544],[40.2542,-0.9522],[40.2597,-0.9522],[40.2597,-0.9556],[40.2631,-0.9589],[40.2608,-0.9667],[40.2653,-0.9711]]}},{"type":"Feature","properties":{"id":"LG-1076","lagha_class":"IV – Minor lagha / gully (15–100 km²)","ff_hazard":"Low","ff_index":11.6,"system":"North-East coastal drainage","upstream_km2":83.1,"strahler":2,"length_km":7.75,"near_town":"Masabubu","dist_town_km":43.9,"flooded_2023":false,"flooded_2024":null},"geometry":{"type":"LineString","coordinates":[[40.3464,-0.92],[40.3486,-0.9222],[40.3486,-0.93],[40.3464,-0.9333],[40.3486,-0.9389],[40.3419,-0.9433],[40.3386,-0.9533],[40.3353,-0.9556],[40.3375,-0.9656],[40.3319,-0.9756]]}},{"type":"Feature","properties":{"id":"LG-1078","lagha_class":"IV – Minor lagha / gully (15–100 km²)","ff_hazard":"Low","ff_index":9.3,"system":"North-East coastal drainage","upstream_km2":81.7,"strahler":2,"length_km":5.91,"near_town":"Masabubu","dist_town_km":70.4,"flooded_2023":false,"flooded_2024":null},"geometry":{"type":"LineString","coordinates":[[40.5742,-0.88],[40.5764,-0.8822],[40.5719,-0.8856],[40.5708,-0.8889],[40.5731,-0.9],[40.5686,-0.9011],[40.5675,-0.9033],[40.5764,-0.9089],[40.5786,-0.9133]]}},{"type":"Feature","properties":{"id":"LG-1079","lagha_class":"III – Medium lagha (100–500 km²)","ff_hazard":"Low","ff_index":12.1,"system":"North-East coastal drainage","upstream_km2":161.2,"strahler":2,"length_km":13.02,"near_town":"Kolbio","dist_town_km":67.3,"flooded_2023":false,"flooded_2024":null},"geometry":{"type":"LineString","coordinates":[[40.5786,-0.9133],[40.5886,-0.9133],[40.5908,-0.9178],[40.5942,-0.9178],[40.5975,-0.9211],[40.5975,-0.9289],[40.5997,-0.9311],[40.5964,-0.9367],[40.602,-0.9411],[40.602,-0.9456],[40.5997,-0.9467],[40.6053,-0.9511],[40.6031,-0.9533],[40.6064,-0.9589],[40.6042,-0.9611],[40.6131,-0.97],[40.6164,-0.97],[40.6231,-0.9744],[40.6242,-0.98],[40.6286,-0.9833]]}},{"type":"Feature","properties":{"id":"LG-1081","lagha_class":"III – Medium lagha (100–500 km²)","ff_hazard":"Low","ff_index":10.5,"system":"North-East coastal drainage","upstream_km2":117.6,"strahler":2,"length_km":25.11,"near_town":"Kolbio","dist_town_km":26.0,"flooded_2023":false,"flooded_2024":null},"geometry":{"type":"LineString","coordinates":[[40.9253,-0.8822],[40.9286,-0.8878],[40.9375,-0.8933],[40.9375,-0.8956],[40.9419,-0.9],[40.9419,-0.9044],[40.9464,-0.9044],[40.9486,-0.9067],[40.9464,-0.91],[40.9475,-0.9122],[40.9531,-0.9122],[40.9564,-0.9089],[40.9586,-0.91],[40.9597,-0.9133],[40.9575,-0.9167],[40.9597,-0.9211],[40.9631,-0.9211],[40.9653,-0.9189],[40.9686,-0.92],[40.9731,-0.9156],[40.9797,-0.9178],[40.9831,-0.9122],[40.9908,-0.9167],[40.9931,-0.9156],[40.9986,-0.9211],[40.9986,-0.9256],[40.9964,-0.9256],[40.9964,-0.9278],[41.0008,-0.9278],[41.0086,-0.9356],[41.0131,-0.9344],[41.0164,-0.9367],[41.0242,-0.9333],[41.0275,-0.9345],[41.0297,-0.94],[41.032,-0.94],[41.0431,-0.9489],[41.0519,-0.95],[41.0553,-0.9589],[41.0586,-0.9622]]}},{"type":"Feature","properties":{"id":"LG-1083","lagha_class":"III – Medium lagha (100–500 km²)","ff_hazard":"Low","ff_index":12.5,"system":"North-East coastal drainage","upstream_km2":185.6,"strahler":2,"length_km":4.71,"near_town":"Kolbio","dist_town_km":47.4,"flooded_2023":false,"flooded_2024":null},"geometry":{"type":"LineString","coordinates":[[40.8308,-0.89],[40.8331,-0.8911],[40.8342,-0.8889],[40.8408,-0.8867],[40.8453,-0.8889],[40.8475,-0.8878],[40.8486,-0.8933],[40.8553,-0.8944],[40.8597,-0.9]]}},{"type":"Feature","properties":{"id":"LG-1084","lagha_class":"III – Medium lagha (100–500 km²)","ff_hazard":"Low","ff_index":12.8,"system":"North-East coastal drainage","upstream_km2":228.7,"strahler":2,"length_km":3.13,"near_town":"Kolbio","dist_town_km":45.9,"flooded_2023":false,"flooded_2024":null},"geometry":{"type":"LineString","coordinates":[[40.8597,-0.9],[40.8642,-0.9078],[40.8608,-0.9144],[40.8631,-0.9189],[40.8608,-0.9222]]}},{"type":"Feature","properties":{"id":"LG-1085","lagha_class":"II – Large lagha (500–2,000 km²)","ff_hazard":"Moderate","ff_index":19.7,"system":"North-East coastal drainage","upstream_km2":760.5,"strahler":3,"length_km":4.76,"near_town":"Kolbio","dist_town_km":66.9,"flooded_2023":false,"flooded_2024":null},"geometry":{"type":"LineString","coordinates":[[40.6308,-0.8944],[40.6342,-0.8922],[40.6386,-0.8933],[40.6431,-0.89],[40.6475,-0.8911],[40.6497,-0.8933],[40.6486,-0.8956],[40.6519,-0.8978],[40.6564,-0.8967],[40.6597,-0.9033]]}},{"type":"Feature","properties":{"id":"LG-1086","lagha_class":"II – Large lagha (500–2,000 km²)","ff_hazard":"High","ff_index":29.5,"system":"North-East coastal drainage","upstream_km2":810.3,"strahler":3,"length_km":11.72,"near_town":"Kolbio","dist_town_km":64.9,"flooded_2023":true,"flooded_2024":null},"geometry":{"type":"LineString","coordinates":[[40.6597,-0.9033],[40.6619,-0.9111],[40.6586,-0.9189],[40.6619,-0.9222],[40.6575,-0.9244],[40.6564,-0.9289],[40.6586,-0.9333],[40.6564,-0.9378],[40.6575,-0.9467],[40.6531,-0.9567],[40.6553,-0.9656],[40.6519,-0.9678],[40.6508,-0.9733],[40.6531,-0.9756],[40.6486,-0.9856]]}},{"type":"Feature","properties":{"id":"LG-1087","lagha_class":"III – Medium lagha (100–500 km²)","ff_hazard":"Low","ff_index":14.4,"system":"North-East coastal drainage","upstream_km2":175.8,"strahler":2,"length_km":2.94,"near_town":"Bura","dist_town_km":18.9,"flooded_2023":false,"flooded_2024":null},"geometry":{"type":"LineString","coordinates":[[40.0308,-0.91],[40.0297,-0.9178],[40.032,-0.92],[40.032,-0.9233],[40.0308,-0.9278],[40.0264,-0.9322]]}},{"type":"Feature","properties":{"id":"LG-1088","lagha_class":"III – Medium lagha (100–500 km²)","ff_hazard":"Moderate","ff_index":24.0,"system":"North-East coastal drainage","upstream_km2":249.8,"strahler":2,"length_km":14.94,"near_town":"Bura","dist_town_km":17.9,"flooded_2023":true,"flooded_2024":null},"geometry":{"type":"LineString","coordinates":[[40.0264,-0.9322],[40.032,-0.9389],[40.0375,-0.9389],[40.0397,-0.9422],[40.0431,-0.94],[40.0508,-0.9478],[40.0497,-0.9489],[40.0564,-0.9556],[40.0597,-0.9678],[40.0608,-0.9667],[40.0642,-0.97],[40.0664,-0.9689],[40.0731,-0.9733],[40.0786,-0.9778],[40.0797,-0.9811],[40.0842,-0.9789],[40.0886,-0.9833],[40.0942,-0.9845],[40.0964,-0.9911],[40.1042,-0.9911],[40.1053,-0.9922],[40.1008,-0.9967],[40.1042,-0.9989]]}},{"type":"Feature","properties":{"id":"LG-1090","lagha_class":"III – Medium lagha (100–500 km²)","ff_hazard":"Low","ff_index":13.0,"system":"North-East coastal drainage","upstream_km2":195.5,"strahler":2,"length_km":20.96,"near_town":"Kolbio","dist_town_km":44.5,"flooded_2023":false,"flooded_2024":null},"geometry":{"type":"LineString","coordinates":[[40.7431,-0.89],[40.7508,-0.9033],[40.7486,-0.9067],[40.7575,-0.9133],[40.7642,-0.9133],[40.7664,-0.9156],[40.7686,-0.9144],[40.7697,-0.9233],[40.7731,-0.9278],[40.7775,-0.9256],[40.7831,-0.9256],[40.7875,-0.9278],[40.7886,-0.9311],[40.7931,-0.9322],[40.7964,-0.9367],[40.8008,-0.9378],[40.8075,-0.9433],[40.8108,-0.9422],[40.8164,-0.95],[40.8242,-0.9433],[40.8264,-0.9389],[40.8342,-0.9411],[40.8364,-0.9378],[40.8397,-0.9367],[40.8453,-0.9433],[40.8497,-0.9456],[40.8553,-0.9456],[40.8586,-0.9533]]}},{"type":"Feature","properties":{"id":"LG-1091","lagha_class":"IV – Minor lagha / gully (15–100 km²)","ff_hazard":"Moderate","ff_index":26.1,"system":"Local ephemeral drainage","upstream_km2":73.0,"strahler":2,"length_km":2.96,"near_town":"Bura","dist_town_km":18.4,"flooded_2023":false,"flooded_2024":null},"geometry":{"type":"LineString","coordinates":[[39.9053,-0.9178],[39.9008,-0.9211],[39.9019,-0.9222],[39.8997,-0.9244],[39.8939,-0.927]]}},{"type":"Feature","properties":{"id":"LG-1092","lagha_class":"I – Major lagha (≥2,000 km²)","ff_hazard":"Very High","ff_index":45.4,"system":"Local ephemeral drainage","upstream_km2":12746.2,"strahler":5,"length_km":17.56,"near_town":"Bura","dist_town_km":8.1,"flooded_2023":false,"flooded_2024":null},"geometry":{"type":"LineString","coordinates":[[39.9075,-0.9985],[39.9119,-1.0044],[39.9097,-1.0133],[39.9131,-1.0167],[39.9131,-1.0205]]}},{"type":"Feature","properties":{"id":"LG-1093","lagha_class":"IV – Minor lagha / gully (15–100 km²)","ff_hazard":"Moderate","ff_index":24.7,"system":"North-East coastal drainage","upstream_km2":40.6,"strahler":2,"length_km":91.78,"near_town":"Kolbio","dist_town_km":29.0,"flooded_2023":false,"flooded_2024":null},"geometry":{"type":"LineString","coordinates":[[41.0631,-0.9178],[41.0664,-0.9167],[41.0708,-0.9189],[41.0833,-0.9053]]}},{"type":"Feature","properties":{"id":"LG-1094","lagha_class":"III – Medium lagha (100–500 km²)","ff_hazard":"Low","ff_index":13.7,"system":"North-East coastal drainage","upstream_km2":228.7,"strahler":2,"length_km":0.77,"near_town":"Kolbio","dist_town_km":45.9,"flooded_2023":false,"flooded_2024":null},"geometry":{"type":"LineString","coordinates":[[40.8553,-0.9189],[40.8608,-0.9222]]}},{"type":"Feature","properties":{"id":"LG-1095","lagha_class":"III – Medium lagha (100–500 km²)","ff_hazard":"Low","ff_index":13.5,"system":"North-East coastal drainage","upstream_km2":239.3,"strahler":2,"length_km":4.76,"near_town":"Kolbio","dist_town_km":44.1,"flooded_2023":false,"flooded_2024":null},"geometry":{"type":"LineString","coordinates":[[40.8608,-0.9222],[40.8653,-0.9256],[40.8642,-0.9322],[40.8586,-0.9378],[40.8642,-0.9467],[40.8608,-0.9511],[40.8608,-0.9556]]}},{"type":"Feature","properties":{"id":"LG-1096","lagha_class":"II – Large lagha (500–2,000 km²)","ff_hazard":"Moderate","ff_index":16.9,"system":"North-East coastal drainage","upstream_km2":504.7,"strahler":2,"length_km":2.95,"near_town":"Bura","dist_town_km":37.8,"flooded_2023":false,"flooded_2024":null},"geometry":{"type":"LineString","coordinates":[[40.2575,-0.9322],[40.2553,-0.9344],[40.2564,-0.9389],[40.2642,-0.9467],[40.2686,-0.9489],[40.2697,-0.9478]]}},{"type":"Feature","properties":{"id":"LG-1097","lagha_class":"II – Large lagha (500–2,000 km²)","ff_hazard":"Low","ff_index":16.8,"system":"North-East coastal drainage","upstream_km2":536.5,"strahler":2,"length_km":3.48,"near_town":"Bura","dist_town_km":37.4,"flooded_2023":false,"flooded_2024":null},"geometry":{"type":"LineString","coordinates":[[40.2697,-0.9478],[40.2719,-0.9511],[40.2675,-0.9556],[40.2697,-0.9578],[40.2675,-0.9589],[40.2675,-0.9622],[40.2653,-0.9644],[40.2653,-0.9711]]}},{"type":"Feature","properties":{"id":"LG-1098","lagha_class":"II – Large lagha (500–2,000 km²)","ff_hazard":"Moderate","ff_index":22.3,"system":"North-East coastal drainage","upstream_km2":1455.3,"strahler":4,"length_km":6.56,"near_town":"Bura","dist_town_km":37.3,"flooded_2023":false,"flooded_2024":null},"geometry":{"type":"LineString","coordinates":[[40.2653,-0.9711],[40.2686,-0.98],[40.2764,-0.9811],[40.2808,-0.9867],[40.2831,-0.9944],[40.282,-0.9967],[40.2853,-1.0033],[40.2886,-1.0056],[40.2908,-1.0133]]}},{"type":"Feature","properties":{"id":"LG-1100","lagha_class":"II – Large lagha (500–2,000 km²)","ff_hazard":"Moderate","ff_index":21.9,"system":"Local ephemeral drainage","upstream_km2":1420.4,"strahler":4,"length_km":10.05,"near_town":"Masabubu","dist_town_km":60.5,"flooded_2023":false,"flooded_2024":null},"geometry":{"type":"LineString","coordinates":[[40.4842,-0.9367],[40.4875,-0.94],[40.4886,-0.9456],[40.4975,-0.9544],[40.5008,-0.9533],[40.5019,-0.9556],[40.5064,-0.9556],[40.5097,-0.96],[40.5142,-0.9611],[40.5131,-0.9633],[40.5231,-0.9767],[40.5308,-0.9811],[40.5353,-0.98],[40.5375,-0.9844],[40.5408,-0.9844]]}},{"type":"Feature","properties":{"id":"LG-1101","lagha_class":"IV – Minor lagha / gully (15–100 km²)","ff_hazard":"Low","ff_index":8.9,"system":"Local ephemeral drainage","upstream_km2":75.7,"strahler":2,"length_km":7.44,"near_town":"Kolbio","dist_town_km":33.5,"flooded_2023":false,"flooded_2024":null},"geometry":{"type":"LineString","coordinates":[[40.9286,-0.9333],[40.9364,-0.9344],[40.9364,-0.9378],[40.9397,-0.9378],[40.9419,-0.9422],[40.9519,-0.95],[40.9564,-0.9622],[40.9564,-0.9689],[40.9542,-0.97],[40.9597,-0.9745]]}},{"type":"Feature","properties":{"id":"LG-1103","lagha_class":"IV – Minor lagha / gully (15–100 km²)","ff_hazard":"Low","ff_index":8.7,"system":"North-East coastal drainage","upstream_km2":83.1,"strahler":2,"length_km":7.12,"near_town":"Bura","dist_town_km":41.2,"flooded_2023":false,"flooded_2024":null},"geometry":{"type":"LineString","coordinates":[[40.3008,-0.95],[40.3019,-0.9556],[40.2986,-0.9645],[40.3019,-0.9689],[40.3053,-0.9689],[40.3097,-0.9633],[40.3131,-0.9622],[40.3142,-0.9656],[40.3242,-0.9733],[40.3286,-0.9733],[40.3319,-0.9756]]}},{"type":"Feature","properties":{"id":"LG-1104","lagha_class":"III – Medium lagha (100–500 km²)","ff_hazard":"Moderate","ff_index":21.0,"system":"North-East coastal drainage","upstream_km2":151.9,"strahler":2,"length_km":8.03,"near_town":"Masabubu","dist_town_km":43.2,"flooded_2023":true,"flooded_2024":null},"geometry":{"type":"LineString","coordinates":[[40.3319,-0.9756],[40.3286,-0.9778],[40.3286,-0.9811],[40.3353,-0.9867],[40.3397,-0.9856],[40.3508,-0.9922],[40.352,-0.9944],[40.3497,-0.9978],[40.3542,-0.9989],[40.3708,-1.0156]]}},{"type":"Feature","properties":{"id":"LG-1105","lagha_class":"III – Medium lagha (100–500 km²)","ff_hazard":"Low","ff_index":13.3,"system":"North-East coastal drainage","upstream_km2":195.5,"strahler":2,"length_km":12.37,"near_town":"Kolbio","dist_town_km":44.5,"flooded_2023":false,"flooded_2024":null},"geometry":{"type":"LineString","coordinates":[[40.7853,-0.9656],[40.7908,-0.9711],[40.7953,-0.9689],[40.7975,-0.9711],[40.8042,-0.9678],[40.8075,-0.9611],[40.8131,-0.9589],[40.8231,-0.97],[40.8286,-0.9667],[40.8308,-0.9711],[40.8353,-0.9667],[40.8386,-0.9678],[40.8408,-0.9656],[40.8442,-0.9656],[40.8475,-0.9622],[40.8464,-0.9611],[40.8497,-0.9556],[40.8564,-0.9556],[40.8586,-0.9533]]}},{"type":"Feature","properties":{"id":"LG-1106","lagha_class":"III – Medium lagha (100–500 km²)","ff_hazard":"Low","ff_index":13.0,"system":"North-East coastal drainage","upstream_km2":239.3,"strahler":2,"length_km":0.35,"near_town":"Kolbio","dist_town_km":44.1,"flooded_2023":false,"flooded_2024":null},"geometry":{"type":"LineString","coordinates":[[40.8586,-0.9533],[40.8608,-0.9556]]}},{"type":"Feature","properties":{"id":"LG-1107","lagha_class":"III – Medium lagha (100–500 km²)","ff_hazard":"Moderate","ff_index":26.8,"system":"North-East coastal drainage","upstream_km2":463.9,"strahler":3,"length_km":13.88,"near_town":"Kolbio","dist_town_km":36.2,"flooded_2023":true,"flooded_2024":null},"geometry":{"type":"LineString","coordinates":[[40.8608,-0.9556],[40.8631,-0.9633],[40.8697,-0.97],[40.8731,-0.9767],[40.8786,-0.9767],[40.8808,-0.9789],[40.8875,-0.9778],[40.8897,-0.98],[40.8864,-0.9856],[40.8897,-0.9911],[40.8964,-0.9944],[40.8953,-1.0011],[40.8986,-1.0045],[40.8953,-1.0089],[40.8975,-1.0156],[40.8964,-1.0233],[40.9019,-1.0422]]}},{"type":"Feature","properties":{"id":"LG-1108","lagha_class":"III – Medium lagha (100–500 km²)","ff_hazard":"Low","ff_index":10.3,"system":"North-East coastal drainage","upstream_km2":112.0,"strahler":2,"length_km":3.94,"near_town":"Bura","dist_town_km":27.0,"flooded_2023":false,"flooded_2024":null},"geometry":{"type":"LineString","coordinates":[[40.1619,-0.9689],[40.1664,-0.9711],[40.1742,-0.96],[40.1797,-0.9578],[40.1808,-0.9489]]}},{"type":"Feature","properties":{"id":"LG-1109","lagha_class":"III – Medium lagha (100–500 km²)","ff_hazard":"Low","ff_index":9.7,"system":"North-East coastal drainage","upstream_km2":114.9,"strahler":2,"length_km":2.14,"near_town":"Bura","dist_town_km":29.9,"flooded_2023":false,"flooded_2024":null},"geometry":{"type":"LineString","coordinates":[[40.1808,-0.9489],[40.1831,-0.9467],[40.1864,-0.9478],[40.1931,-0.9422],[40.1964,-0.9422]]}},{"type":"Feature","properties":{"id":"LG-1110","lagha_class":"III – Medium lagha (100–500 km²)","ff_hazard":"Moderate","ff_index":17.0,"system":"North-East coastal drainage","upstream_km2":460.2,"strahler":3,"length_km":7.42,"near_town":"Bura","dist_town_km":31.7,"flooded_2023":false,"flooded_2024":null},"geometry":{"type":"LineString","coordinates":[[40.1964,-0.9422],[40.2008,-0.94],[40.2053,-0.9433],[40.2053,-0.9456],[40.2086,-0.9445],[40.2131,-0.9467],[40.2153,-0.9544],[40.2208,-0.9567],[40.2253,-0.9611],[40.2308,-0.96],[40.2375,-0.9667],[40.2375,-0.9722]]}},{"type":"Feature","properties":{"id":"LG-1111","lagha_class":"IV – Minor lagha / gully (15–100 km²)","ff_hazard":"Low","ff_index":6.4,"system":"North-East coastal drainage","upstream_km2":45.1,"strahler":2,"length_km":3.45,"near_town":"Kolbio","dist_town_km":25.7,"flooded_2023":false,"flooded_2024":null},"geometry":{"type":"LineString","coordinates":[[41.0364,-0.9722],[41.0386,-0.9689],[41.0419,-0.9678],[41.0464,-0.97],[41.0497,-0.97],[41.0519,-0.9678],[41.0542,-0.97],[41.0575,-0.9633]]}},{"type":"Feature","properties":{"id":"LG-1112","lagha_class":"III – Medium lagha (100–500 km²)","ff_hazard":"Low","ff_index":16.4,"system":"North-East coastal drainage","upstream_km2":460.2,"strahler":3,"length_km":5.51,"near_town":"Bura","dist_town_km":30.8,"flooded_2023":false,"flooded_2024":null},"geometry":{"type":"LineString","coordinates":[[40.2031,-0.9744],[40.2153,-0.9822],[40.2164,-0.9811],[40.2186,-0.9844],[40.2242,-0.9844],[40.2331,-0.9756],[40.2342,-0.9722],[40.2375,-0.9722]]}},{"type":"Feature","properties":{"id":"LG-1113","lagha_class":"II – Large lagha (500–2,000 km²)","ff_hazard":"Moderate","ff_index":22.1,"system":"North-East coastal drainage","upstream_km2":1455.3,"strahler":4,"length_km":9.15,"near_town":"Bura","dist_town_km":34.5,"flooded_2023":false,"flooded_2024":null},"geometry":{"type":"LineString","coordinates":[[40.2375,-0.9722],[40.242,-0.9756],[40.2453,-0.9845],[40.2575,-0.9989],[40.2697,-0.9989],[40.2719,-1.0011],[40.2719,-1.0056],[40.2764,-1.0067],[40.2797,-1.0044],[40.2831,-1.0089],[40.2908,-1.0133]]}},{"type":"Feature","properties":{"id":"LG-1114","lagha_class":"II – Large lagha (500–2,000 km²)","ff_hazard":"Moderate","ff_index":21.5,"system":"North-East coastal drainage","upstream_km2":1455.7,"strahler":4,"length_km":1.34,"near_town":"Masabubu","dist_town_km":37.8,"flooded_2023":false,"flooded_2024":null},"geometry":{"type":"LineString","coordinates":[[40.2908,-1.0133],[40.2931,-1.0156],[40.2953,-1.0145],[40.2997,-1.0189]]}},{"type":"Feature","properties":{"id":"LG-1116","lagha_class":"III – Medium lagha (100–500 km²)","ff_hazard":"Moderate","ff_index":26.1,"system":"North-East coastal drainage","upstream_km2":446.1,"strahler":3,"length_km":5.3,"near_town":"Masabubu","dist_town_km":45.1,"flooded_2023":true,"flooded_2024":null},"geometry":{"type":"LineString","coordinates":[[40.3708,-1.0156],[40.3775,-1.0245],[40.3764,-1.0278],[40.382,-1.0367],[40.3808,-1.04],[40.3842,-1.0478],[40.3886,-1.0478],[40.3897,-1.0511]]}},{"type":"Feature","properties":{"id":"LG-1117","lagha_class":"II – Large lagha (500–2,000 km²)","ff_hazard":"Moderate","ff_index":21.4,"system":"Local ephemeral drainage","upstream_km2":1420.4,"strahler":4,"length_km":0.42,"near_town":"Masabubu","dist_town_km":63.9,"flooded_2023":false,"flooded_2024":null},"geometry":{"type":"LineString","coordinates":[[40.5419,-0.9811],[40.5408,-0.9844]]}},{"type":"Feature","properties":{"id":"LG-1118","lagha_class":"II – Large lagha (500–2,000 km²)","ff_hazard":"Moderate","ff_index":22.6,"system":"North-East coastal drainage","upstream_km2":1459.3,"strahler":4,"length_km":14.55,"near_town":"Ijara","dist_town_km":57.4,"flooded_2023":false,"flooded_2024":null},"geometry":{"type":"LineString","coordinates":[[40.5408,-0.9844],[40.5464,-0.9889],[40.5442,-0.9933],[40.5486,-0.9967],[40.5486,-1.0],[40.5519,-1.0045],[40.5508,-1.0056],[40.5553,-1.01],[40.5531,-1.0156],[40.5553,-1.0167],[40.5586,-1.0256],[40.562,-1.0267],[40.5642,-1.0367],[40.5686,-1.04],[40.5731,-1.0378],[40.5731,-1.04],[40.5775,-1.0445],[40.5742,-1.0511],[40.5697,-1.0533],[40.5708,-1.0567],[40.5686,-1.0611],[40.5708,-1.0633],[40.5731,-1.0611],[40.5753,-1.0633],[40.5719,-1.0689]]}},{"type":"Feature","properties":{"id":"LG-1119","lagha_class":"IV – Minor lagha / gully (15–100 km²)","ff_hazard":"Moderate","ff_index":18.3,"system":"North-East coastal drainage","upstream_km2":75.7,"strahler":2,"length_km":6.98,"near_town":"Kolbio","dist_town_km":33.5,"flooded_2023":true,"flooded_2024":null},"geometry":{"type":"LineString","coordinates":[[40.9197,-0.9822],[40.9231,-0.9856],[40.9286,-0.9822],[40.9342,-0.9867],[40.9342,-0.99],[40.9397,-0.9889],[40.9431,-0.9911],[40.9453,-0.9867],[40.9497,-0.9833],[40.9497,-0.9789],[40.9542,-0.9756],[40.9597,-0.9745]]}},{"type":"Feature","properties":{"id":"LG-1120","lagha_class":"III – Medium lagha (100–500 km²)","ff_hazard":"Moderate","ff_index":20.3,"system":"North-East coastal drainage","upstream_km2":114.2,"strahler":2,"length_km":10.86,"near_town":"Kolbio","dist_town_km":28.0,"flooded_2023":true,"flooded_2024":null},"geometry":{"type":"LineString","coordinates":[[40.9597,-0.9745],[40.9631,-0.9745],[40.9675,-0.9778],[40.9742,-0.9867],[40.9731,-0.9911],[40.9786,-0.9956],[40.9775,-1.0045],[40.9808,-1.0144],[40.9797,-1.0211],[40.9819,-1.0211],[40.9831,-1.0233],[40.9797,-1.0278],[40.9786,-1.0389],[40.9808,-1.0411],[40.9753,-1.0467]]}},{"type":"Feature","properties":{"id":"LG-1121","lagha_class":"II – Large lagha (500–2,000 km²)","ff_hazard":"Moderate","ff_index":21.7,"system":"North-East coastal drainage","upstream_km2":1053.4,"strahler":3,"length_km":10.14,"near_town":"Kolbio","dist_town_km":59.5,"flooded_2023":false,"flooded_2024":null},"geometry":{"type":"LineString","coordinates":[[40.6875,-0.9833],[40.6897,-0.9845],[40.6897,-0.9989],[40.6942,-1.0011],[40.6942,-1.01],[40.6842,-1.0178],[40.6842,-1.0222],[40.6819,-1.0244],[40.6831,-1.0278],[40.6797,-1.0289],[40.6808,-1.0322],[40.6753,-1.0389],[40.6731,-1.0378],[40.6708,-1.04],[40.672,-1.0411],[40.6697,-1.0433]]}},{"type":"Feature","properties":{"id":"LG-1123","lagha_class":"III – Medium lagha (100–500 km²)","ff_hazard":"Low","ff_index":11.3,"system":"Local ephemeral drainage","upstream_km2":148.8,"strahler":2,"length_km":9.25,"near_town":"Bura","dist_town_km":3.1,"flooded_2023":false,"flooded_2024":null},"geometry":{"type":"LineString","coordinates":[[39.9331,-1.0245],[39.9364,-1.0267],[39.9442,-1.0256],[39.9531,-1.03],[39.9519,-1.0356],[39.9608,-1.04],[39.9608,-1.0422],[39.9664,-1.0467],[39.9575,-1.0522],[39.9575,-1.0567],[39.9675,-1.06],[39.9708,-1.0644]]}},{"type":"Feature","properties":{"id":"LG-1124","lagha_class":"IV – Minor lagha / gully (15–100 km²)","ff_hazard":"Low","ff_index":5.9,"system":"North-East coastal drainage","upstream_km2":45.1,"strahler":2,"length_km":5.28,"near_town":"Kolbio","dist_town_km":24.7,"flooded_2023":false,"flooded_2024":null},"geometry":{"type":"LineString","coordinates":[[41.0408,-0.9867],[41.0453,-0.98],[41.0464,-0.9822],[41.0497,-0.9822],[41.0519,-0.9845],[41.0564,-0.9811],[41.0597,-0.9711],[41.0631,-0.9678],[41.0575,-0.9633]]}},{"type":"Feature","properties":{"id":"LG-1125","lagha_class":"III – Medium lagha (100–500 km²)","ff_hazard":"Low","ff_index":9.7,"system":"North-East coastal drainage","upstream_km2":117.6,"strahler":2,"length_km":0.17,"near_town":"Kolbio","dist_town_km":26.0,"flooded_2023":false,"flooded_2024":null},"geometry":{"type":"LineString","coordinates":[[41.0575,-0.9633],[41.0586,-0.9622]]}},{"type":"Feature","properties":{"id":"LG-1126","lagha_class":"III – Medium lagha (100–500 km²)","ff_hazard":"High","ff_index":31.3,"system":"North-East coastal drainage","upstream_km2":165.3,"strahler":3,"length_km":92.67,"near_town":"Kolbio","dist_town_km":25.7,"flooded_2023":false,"flooded_2024":null},"geometry":{"type":"LineString","coordinates":[[41.0586,-0.9622],[41.0608,-0.9622],[41.0642,-0.9578],[41.0686,-0.9578],[41.0819,-0.9422],[41.0853,-0.94],[41.0886,-0.9422],[41.1012,-0.9296]]}},{"type":"Feature","properties":{"id":"LG-1128","lagha_class":"III – Medium lagha (100–500 km²)","ff_hazard":"Moderate","ff_index":26.3,"system":"North-East coastal drainage","upstream_km2":446.1,"strahler":3,"length_km":14.62,"near_town":"Masabubu","dist_town_km":45.5,"flooded_2023":true,"flooded_2024":null},"geometry":{"type":"LineString","coordinates":[[40.4464,-1.0322],[40.4519,-1.0378],[40.4497,-1.04],[40.4508,-1.0411],[40.4475,-1.0433],[40.4486,-1.0467],[40.4464,-1.0478],[40.4531,-1.0544],[40.4519,-1.0589],[40.4553,-1.0633],[40.4531,-1.0678],[40.4453,-1.0644],[40.4375,-1.0567],[40.4353,-1.0578],[40.4331,-1.0533],[40.4286,-1.0511],[40.4242,-1.0545],[40.4186,-1.0545],[40.4131,-1.05],[40.4053,-1.0533],[40.3975,-1.0478],[40.3897,-1.0511]]}},{"type":"Feature","properties":{"id":"LG-1129","lagha_class":"II – Large lagha (500–2,000 km²)","ff_hazard":"High","ff_index":32.6,"system":"North-East coastal drainage","upstream_km2":1572.0,"strahler":4,"length_km":3.08,"near_town":"Masabubu","dist_town_km":44.2,"flooded_2023":true,"flooded_2024":null},"geometry":{"type":"LineString","coordinates":[[40.3897,-1.0511],[40.3831,-1.0567],[40.3864,-1.0589],[40.3831,-1.0667],[40.3853,-1.0711]]}},{"type":"Feature","properties":{"id":"LG-1130","lagha_class":"III – Medium lagha (100–500 km²)","ff_hazard":"Low","ff_index":11.8,"system":"North-East coastal drainage","upstream_km2":161.2,"strahler":2,"length_km":4.37,"near_town":"Ijara","dist_town_km":65.8,"flooded_2023":false,"flooded_2024":null},"geometry":{"type":"LineString","coordinates":[[40.5986,-0.9911],[40.6031,-0.9956],[40.6064,-0.9956],[40.6131,-0.9911],[40.6175,-0.9933],[40.6286,-0.9833]]}},{"type":"Feature","properties":{"id":"LG-1131","lagha_class":"III – Medium lagha (100–500 km²)","ff_hazard":"Low","ff_index":12.5,"system":"North-East coastal drainage","upstream_km2":166.2,"strahler":2,"length_km":3.08,"near_town":"Kolbio","dist_town_km":65.1,"flooded_2023":false,"flooded_2024":null},"geometry":{"type":"LineString","coordinates":[[40.6286,-0.9833],[40.6297,-0.9845],[40.6375,-0.9811],[40.6442,-0.9844],[40.6475,-0.9822],[40.6486,-0.9856]]}},{"type":"Feature","properties":{"id":"LG-1132","lagha_class":"II – Large lagha (500–2,000 km²)","ff_hazard":"Moderate","ff_index":21.0,"system":"North-East coastal drainage","upstream_km2":1053.4,"strahler":3,"length_km":8.68,"near_town":"Kolbio","dist_town_km":61.4,"flooded_2023":false,"flooded_2024":null},"geometry":{"type":"LineString","coordinates":[[40.6486,-0.9856],[40.6486,-0.9878],[40.6508,-0.9889],[40.6486,-0.9944],[40.6519,-0.9989],[40.6597,-1.0033],[40.6586,-1.0067],[40.6664,-1.0189],[40.6631,-1.0244],[40.6675,-1.0333],[40.6675,-1.0411],[40.6697,-1.0433]]}},{"type":"Feature","properties":{"id":"LG-1133","lagha_class":"II – Large lagha (500–2,000 km²)","ff_hazard":"Moderate","ff_index":20.7,"system":"North-East coastal drainage","upstream_km2":1084.1,"strahler":3,"length_km":7.75,"near_town":"Ijara","dist_town_km":55.8,"flooded_2023":false,"flooded_2024":null},"geometry":{"type":"LineString","coordinates":[[40.6697,-1.0433],[40.672,-1.0456],[40.6708,-1.0545],[40.6631,-1.0622],[40.6686,-1.07],[40.6675,-1.0756],[40.6697,-1.0933],[40.6653,-1.0978],[40.6664,-1.1011]]}},{"type":"Feature","properties":{"id":"LG-1135","lagha_class":"III – Medium lagha (100–500 km²)","ff_hazard":"Low","ff_index":11.4,"system":"Local ephemeral drainage","upstream_km2":148.8,"strahler":2,"length_km":10.56,"near_town":"Bura","dist_town_km":3.3,"flooded_2023":false,"flooded_2024":null},"geometry":{"type":"LineString","coordinates":[[39.9697,-1.0011],[39.9719,-1.0033],[39.9708,-1.0067],[39.9742,-1.01],[39.9731,-1.0122],[39.9831,-1.0211],[39.9819,-1.0233],[39.9875,-1.03],[39.9864,-1.0345],[39.9886,-1.0367],[39.9853,-1.0411],[39.9775,-1.0411],[39.9719,-1.0456],[39.9753,-1.0611],[39.9708,-1.0644]]}},{"type":"Feature","properties":{"id":"LG-1136","lagha_class":"III – Medium lagha (100–500 km²)","ff_hazard":"High","ff_index":30.8,"system":"Local ephemeral drainage","upstream_km2":156.4,"strahler":2,"length_km":9.68,"near_town":"Bura","dist_town_km":0.6,"flooded_2023":false,"flooded_2024":null},"geometry":{"type":"LineString","coordinates":[[39.9708,-1.0644],[39.9742,-1.0744],[39.9731,-1.08],[39.9686,-1.0856],[39.9664,-1.0856],[39.9608,-1.0767],[39.9564,-1.08],[39.9542,-1.0789],[39.9531,-1.0889],[39.9575,-1.0944],[39.9538,-1.0978]]}},{"type":"Feature","properties":{"id":"LG-1137","lagha_class":"III – Medium lagha (100–500 km²)","ff_hazard":"Low","ff_index":13.8,"system":"North-East coastal drainage","upstream_km2":249.8,"strahler":2,"length_km":6.18,"near_town":"Bura","dist_town_km":16.4,"flooded_2023":false,"flooded_2024":null},"geometry":{"type":"LineString","coordinates":[[40.0719,-1.0011],[40.0753,-1.0067],[40.0808,-1.0089],[40.0842,-1.0056],[40.0831,-1.0044],[40.0853,-1.0011],[40.0908,-1.0011],[40.0931,-1.0033],[40.0919,-1.0067],[40.0953,-1.0078],[40.0975,-1.0056],[40.0986,-1.0067],[40.1042,-0.9989]]}},{"type":"Feature","properties":{"id":"LG-1138","lagha_class":"III – Medium lagha (100–500 km²)","ff_hazard":"Low","ff_index":15.3,"system":"North-East coastal drainage","upstream_km2":332.4,"strahler":2,"length_km":14.72,"near_town":"Bura","dist_town_km":19.7,"flooded_2023":false,"flooded_2024":null},"geometry":{"type":"LineString","coordinates":[[40.1042,-0.9989],[40.1086,-1.0],[40.1097,-1.0045],[40.1153,-1.0056],[40.1186,-1.0122],[40.1219,-1.0144],[40.1253,-1.0089],[40.1342,-1.01],[40.132,-1.0122],[40.1353,-1.0178],[40.1386,-1.0211],[40.1408,-1.0189],[40.1419,-1.02],[40.1408,-1.0289],[40.1364,-1.0311],[40.1353,-1.0378],[40.1408,-1.0422],[40.1408,-1.0456],[40.1475,-1.0433],[40.1486,-1.0445],[40.1475,-1.0522],[40.1508,-1.0556],[40.1531,-1.0544],[40.1564,-1.0611]]}},{"type":"Feature","properties":{"id":"LG-1139","lagha_class":"II – Large lagha (500–2,000 km²)","ff_hazard":"Moderate","ff_index":21.9,"system":"North-East coastal drainage","upstream_km2":1456.1,"strahler":4,"length_km":8.11,"near_town":"Masabubu","dist_town_km":33.2,"flooded_2023":false,"flooded_2024":null},"geometry":{"type":"LineString","coordinates":[[40.2464,-1.0222],[40.2508,-1.0189],[40.2542,-1.0267],[40.2586,-1.02],[40.2642,-1.0211],[40.2697,-1.0167],[40.2831,-1.0167],[40.2919,-1.0211],[40.2997,-1.0189]]}},{"type":"Feature","properties":{"id":"LG-1140","lagha_class":"II – Large lagha (500–2,000 km²)","ff_hazard":"Moderate","ff_index":21.7,"system":"North-East coastal drainage","upstream_km2":1499.0,"strahler":4,"length_km":5.92,"near_town":"Masabubu","dist_town_km":38.2,"flooded_2023":false,"flooded_2024":null},"geometry":{"type":"LineString","coordinates":[[40.2997,-1.0189],[40.312,-1.03],[40.3164,-1.0289],[40.3308,-1.0433],[40.3397,-1.0489]]}},{"type":"Feature","properties":{"id":"LG-1142","lagha_class":"III – Medium lagha (100–500 km²)","ff_hazard":"Low","ff_index":11.6,"system":"North-East coastal drainage","upstream_km2":177.2,"strahler":2,"length_km":0.35,"near_town":"Kolbio","dist_town_km":38.0,"flooded_2023":false,"flooded_2024":null},"geometry":{"type":"LineString","coordinates":[[40.8853,-1.0322],[40.8875,-1.0345]]}},{"type":"Feature","properties":{"id":"LG-1145","lagha_class":"II – Large lagha (500–2,000 km²)","ff_hazard":"Moderate","ff_index":22.1,"system":"North-East coastal drainage","upstream_km2":1540.5,"strahler":4,"length_km":3.5,"near_town":"Masabubu","dist_town_km":40.5,"flooded_2023":false,"flooded_2024":null},"geometry":{"type":"LineString","coordinates":[[40.3397,-1.0489],[40.3453,-1.0544],[40.3564,-1.0567],[40.3597,-1.0622],[40.3586,-1.0656]]}},{"type":"Feature","properties":{"id":"LG-1147","lagha_class":"III – Medium lagha (100–500 km²)","ff_hazard":"Low","ff_index":16.4,"system":"North-East coastal drainage","upstream_km2":365.2,"strahler":2,"length_km":4.63,"near_town":"Masabubu","dist_town_km":22.7,"flooded_2023":false,"flooded_2024":null},"geometry":{"type":"LineString","coordinates":[[40.1564,-1.0611],[40.1697,-1.0689],[40.1697,-1.0733],[40.1753,-1.0756],[40.1742,-1.0833],[40.1786,-1.0856]]}},{"type":"Feature","properties":{"id":"LG-1150","lagha_class":"III – Medium lagha (100–500 km²)","ff_hazard":"Low","ff_index":11.1,"system":"North-East coastal drainage","upstream_km2":159.5,"strahler":3,"length_km":1.49,"near_town":"Kolbio","dist_town_km":27.6,"flooded_2023":false,"flooded_2024":null},"geometry":{"type":"LineString","coordinates":[[40.9753,-1.0467],[40.9775,-1.0489],[40.9764,-1.0544],[40.9786,-1.0578]]}},{"type":"Feature","properties":{"id":"LG-1151","lagha_class":"III – Medium lagha (100–500 km²)","ff_hazard":"Low","ff_index":13.3,"system":"North-East coastal drainage","upstream_km2":185.8,"strahler":3,"length_km":2.9,"near_town":"Kolbio","dist_town_km":25.1,"flooded_2023":false,"flooded_2024":null},"geometry":{"type":"LineString","coordinates":[[40.9964,-1.0545],[40.9964,-1.0589],[40.992,-1.0633],[40.9964,-1.07],[40.9953,-1.0756]]}},{"type":"Feature","properties":{"id":"LG-1154","lagha_class":"III – Medium lagha (100–500 km²)","ff_hazard":"Low","ff_index":11.1,"system":"North-East coastal drainage","upstream_km2":159.5,"strahler":3,"length_km":0.25,"near_town":"Kolbio","dist_town_km":27.6,"flooded_2023":false,"flooded_2024":null},"geometry":{"type":"LineString","coordinates":[[40.9764,-1.0578],[40.9786,-1.0578]]}},{"type":"Feature","properties":{"id":"LG-1155","lagha_class":"III – Medium lagha (100–500 km²)","ff_hazard":"Low","ff_index":12.8,"system":"North-East coastal drainage","upstream_km2":185.8,"strahler":3,"length_km":3.13,"near_town":"Kolbio","dist_town_km":25.2,"flooded_2023":false,"flooded_2024":null},"geometry":{"type":"LineString","coordinates":[[40.9786,-1.0578],[40.9864,-1.0633],[40.9897,-1.0722],[40.9953,-1.0756]]}},{"type":"Feature","properties":{"id":"LG-1156","lagha_class":"III – Medium lagha (100–500 km²)","ff_hazard":"Low","ff_index":13.0,"system":"North-East coastal drainage","upstream_km2":209.0,"strahler":3,"length_km":1.76,"near_town":"Kolbio","dist_town_km":24.2,"flooded_2023":false,"flooded_2024":null},"geometry":{"type":"LineString","coordinates":[[40.9953,-1.0756],[41.0019,-1.0878]]}},{"type":"Feature","properties":{"id":"LG-1157","lagha_class":"IV – Minor lagha / gully (15–100 km²)","ff_hazard":"Moderate","ff_index":16.9,"system":"North-East coastal drainage","upstream_km2":46.2,"strahler":2,"length_km":6.75,"near_town":"Masabubu","dist_town_km":25.8,"flooded_2023":true,"flooded_2024":null},"geometry":{"type":"LineString","coordinates":[[40.212,-1.0589],[40.2131,-1.0611],[40.2108,-1.0633],[40.2153,-1.0656],[40.2186,-1.07],[40.2175,-1.0722],[40.2197,-1.0733],[40.2208,-1.08],[40.2197,-1.0833],[40.2219,-1.0856],[40.2208,-1.0867],[40.2242,-1.0889],[40.2208,-1.0922],[40.2231,-1.0956],[40.2186,-1.1033]]}},{"type":"Feature","properties":{"id":"LG-1158","lagha_class":"II – Large lagha (500–2,000 km²)","ff_hazard":"Moderate","ff_index":22.1,"system":"North-East coastal drainage","upstream_km2":1540.5,"strahler":4,"length_km":5.0,"near_town":"Masabubu","dist_town_km":38.6,"flooded_2023":false,"flooded_2024":null},"geometry":{"type":"LineString","coordinates":[[40.3253,-1.0589],[40.3297,-1.0533],[40.3331,-1.0533],[40.3486,-1.0667],[40.3542,-1.0667],[40.3564,-1.0644],[40.3586,-1.0656]]}},{"type":"Feature","properties":{"id":"LG-1159","lagha_class":"II – Large lagha (500–2,000 km²)","ff_hazard":"Moderate","ff_index":22.3,"system":"North-East coastal drainage","upstream_km2":1572.0,"strahler":4,"length_km":4.36,"near_town":"Masabubu","dist_town_km":41.4,"flooded_2023":false,"flooded_2024":null},"geometry":{"type":"LineString","coordinates":[[40.3586,-1.0656],[40.3575,-1.0711],[40.3619,-1.0733],[40.3653,-1.0733],[40.3686,-1.07],[40.3764,-1.0733],[40.3853,-1.0711]]}},{"type":"Feature","properties":{"id":"LG-1160","lagha_class":"I – Major lagha (≥2,000 km²)","ff_hazard":"High","ff_index":34.0,"system":"North-East coastal drainage","upstream_km2":2180.7,"strahler":4,"length_km":14.95,"near_town":"Masabubu","dist_town_km":43.1,"flooded_2023":true,"flooded_2024":null},"geometry":{"type":"LineString","coordinates":[[40.3853,-1.0711],[40.3864,-1.0733],[40.3842,-1.0789],[40.3875,-1.0844],[40.3875,-1.0889],[40.3975,-1.0922],[40.4042,-1.0989],[40.4042,-1.1033],[40.4008,-1.11],[40.4053,-1.1133],[40.4053,-1.1156],[40.3975,-1.1189],[40.3986,-1.1256],[40.4008,-1.1244],[40.4031,-1.1267],[40.3997,-1.13],[40.4008,-1.1344],[40.3986,-1.1367],[40.4008,-1.14],[40.3997,-1.1422],[40.4031,-1.1456],[40.4031,-1.15],[40.3953,-1.1622],[40.3975,-1.1644]]}},{"type":"Feature","properties":{"id":"LG-1162","lagha_class":"III – Medium lagha (100–500 km²)","ff_hazard":"Moderate","ff_index":27.1,"system":"North-East coastal drainage","upstream_km2":121.3,"strahler":2,"length_km":5.34,"near_town":"Kolbio","dist_town_km":13.0,"flooded_2023":false,"flooded_2024":null},"geometry":{"type":"LineString","coordinates":[[41.0875,-1.1],[41.0908,-1.1056],[41.0886,-1.11],[41.0942,-1.1156],[41.0931,-1.1178],[41.0975,-1.12],[41.0942,-1.1222],[41.0964,-1.1289],[41.0908,-1.1311]]}},{"type":"Feature","properties":{"id":"LG-1164","lagha_class":"II – Large lagha (500–2,000 km²)","ff_hazard":"Moderate","ff_index":21.6,"system":"North-East coastal drainage","upstream_km2":1114.6,"strahler":3,"length_km":10.72,"near_town":"Ijara","dist_town_km":53.9,"flooded_2023":false,"flooded_2024":null},"geometry":{"type":"LineString","coordinates":[[40.7097,-1.0633],[40.7142,-1.07],[40.7142,-1.0756],[40.7197,-1.0833],[40.7153,-1.0867],[40.7142,-1.0911],[40.7164,-1.0933],[40.7153,-1.0944],[40.7175,-1.0967],[40.7175,-1.1],[40.7053,-1.1122],[40.7053,-1.1156],[40.6953,-1.1156],[40.6964,-1.12],[40.6931,-1.1278]]}},{"type":"Feature","properties":{"id":"LG-1167","lagha_class":"III – Medium lagha (100–500 km²)","ff_hazard":"Low","ff_index":10.2,"system":"North-East coastal drainage","upstream_km2":121.8,"strahler":2,"length_km":7.2,"near_town":"Ijara","dist_town_km":56.9,"flooded_2023":false,"flooded_2024":null},"geometry":{"type":"LineString","coordinates":[[40.5242,-1.06],[40.5286,-1.0633],[40.5331,-1.0611],[40.5364,-1.0656],[40.5397,-1.0633],[40.5431,-1.0656],[40.5442,-1.0689],[40.5564,-1.0667],[40.5631,-1.0733],[40.5664,-1.07],[40.5719,-1.0689]]}},{"type":"Feature","properties":{"id":"LG-1168","lagha_class":"II – Large lagha (500–2,000 km²)","ff_hazard":"Moderate","ff_index":22.2,"system":"North-East coastal drainage","upstream_km2":1597.5,"strahler":4,"length_km":4.39,"near_town":"Ijara","dist_town_km":54.3,"flooded_2023":false,"flooded_2024":null},"geometry":{"type":"LineString","coordinates":[[40.5719,-1.0689],[40.5731,-1.0722],[40.5786,-1.0756],[40.5797,-1.08],[40.5764,-1.0844],[40.5786,-1.0911],[40.5853,-1.0989]]}},{"type":"Feature","properties":{"id":"LG-1169","lagha_class":"IV – Minor lagha / gully (15–100 km²)","ff_hazard":"Moderate","ff_index":25.8,"system":"Local ephemeral drainage","upstream_km2":51.8,"strahler":2,"length_km":80.86,"near_town":"Kolbio","dist_town_km":7.1,"flooded_2023":false,"flooded_2024":null},"geometry":{"type":"LineString","coordinates":[[41.1442,-1.0711],[41.1519,-1.0744],[41.1597,-1.0811],[41.1597,-1.0878],[41.1631,-1.0911],[41.1686,-1.0856],[41.1675,-1.0833],[41.1697,-1.0789],[41.172,-1.0767],[41.1786,-1.0778],[41.1808,-1.0711],[41.1831,-1.0756],[41.1864,-1.0756],[41.1908,-1.0789],[41.2024,-1.0673]]}},{"type":"Feature","properties":{"id":"LG-1170","lagha_class":"III – Medium lagha (100–500 km²)","ff_hazard":"Low","ff_index":13.5,"system":"Local ephemeral drainage","upstream_km2":219.0,"strahler":2,"length_km":15.39,"near_town":"Masabubu","dist_town_km":2.3,"flooded_2023":false,"flooded_2024":null},"geometry":{"type":"LineString","coordinates":[[39.991,-1.18],[39.9931,-1.18],[39.9997,-1.1867],[40.0031,-1.1833]]}},{"type":"Feature","properties":{"id":"LG-1171","lagha_class":"II – Large lagha (500–2,000 km²)","ff_hazard":"Moderate","ff_index":22.8,"system":"North-East coastal drainage","upstream_km2":1597.5,"strahler":4,"length_km":5.53,"near_town":"Ijara","dist_town_km":54.3,"flooded_2023":false,"flooded_2024":null},"geometry":{"type":"LineString","coordinates":[[40.6075,-1.0744],[40.602,-1.0789],[40.5997,-1.0789],[40.5964,-1.0744],[40.5897,-1.0789],[40.5908,-1.0844],[40.5842,-1.09],[40.5853,-1.0989]]}},{"type":"Feature","properties":{"id":"LG-1172","lagha_class":"II – Large lagha (500–2,000 km²)","ff_hazard":"Moderate","ff_index":22.0,"system":"North-East coastal drainage","upstream_km2":1597.5,"strahler":4,"length_km":0.3,"near_town":"Ijara","dist_town_km":54.0,"flooded_2023":false,"flooded_2024":null},"geometry":{"type":"LineString","coordinates":[[40.5853,-1.0989],[40.5864,-1.1011]]}},{"type":"Feature","properties":{"id":"LG-1174","lagha_class":"IV – Minor lagha / gully (15–100 km²)","ff_hazard":"Low","ff_index":8.2,"system":"North-East coastal drainage","upstream_km2":72.2,"strahler":2,"length_km":6.9,"near_town":"Kolbio","dist_town_km":44.2,"flooded_2023":false,"flooded_2024":null},"geometry":{"type":"LineString","coordinates":[[40.7831,-1.0711],[40.7875,-1.0756],[40.7875,-1.0789],[40.7986,-1.0822],[40.8042,-1.0767],[40.8142,-1.0711],[40.8197,-1.0644],[40.8208,-1.0589],[40.8242,-1.0567]]}},{"type":"Feature","properties":{"id":"LG-1175","lagha_class":"III – Medium lagha (100–500 km²)","ff_hazard":"Low","ff_index":10.7,"system":"North-East coastal drainage","upstream_km2":131.7,"strahler":2,"length_km":4.37,"near_town":"Kolbio","dist_town_km":41.3,"flooded_2023":false,"flooded_2024":null},"geometry":{"type":"LineString","coordinates":[[40.8242,-1.0567],[40.8253,-1.0578],[40.8275,-1.0556],[40.8319,-1.0556],[40.8342,-1.0533],[40.8408,-1.0545],[40.8508,-1.0445],[40.8542,-1.0445]]}},{"type":"Feature","properties":{"id":"LG-1176","lagha_class":"III – Medium lagha (100–500 km²)","ff_hazard":"Low","ff_index":12.7,"system":"North-East coastal drainage","upstream_km2":177.2,"strahler":2,"length_km":5.01,"near_town":"Kolbio","dist_town_km":38.0,"flooded_2023":false,"flooded_2024":null},"geometry":{"type":"LineString","coordinates":[[40.8542,-1.0445],[40.8631,-1.0456],[40.8675,-1.0422],[40.8708,-1.0433],[40.8742,-1.0389],[40.8786,-1.0411],[40.8853,-1.0411],[40.8853,-1.0356],[40.8875,-1.0345]]}},{"type":"Feature","properties":{"id":"LG-1177","lagha_class":"III – Medium lagha (100–500 km²)","ff_hazard":"Low","ff_index":12.3,"system":"North-East coastal drainage","upstream_km2":179.0,"strahler":2,"length_km":2.06,"near_town":"Kolbio","dist_town_km":36.2,"flooded_2023":false,"flooded_2024":null},"geometry":{"type":"LineString","coordinates":[[40.8875,-1.0345],[40.8942,-1.04],[40.8953,-1.0389],[40.9019,-1.0422]]}},{"type":"Feature","properties":{"id":"LG-1178","lagha_class":"II – Large lagha (500–2,000 km²)","ff_hazard":"Moderate","ff_index":18.6,"system":"North-East coastal drainage","upstream_km2":681.3,"strahler":3,"length_km":15.06,"near_town":"Kolbio","dist_town_km":34.0,"flooded_2023":false,"flooded_2024":null},"geometry":{"type":"LineString","coordinates":[[40.9019,-1.0422],[40.9108,-1.0533],[40.9097,-1.0678],[40.9075,-1.0711],[40.9042,-1.0711],[40.9064,-1.08],[40.9086,-1.0811],[40.9042,-1.0856],[40.9042,-1.0878],[40.9097,-1.0944],[40.9097,-1.1],[40.9019,-1.1056],[40.8964,-1.1044],[40.8931,-1.11],[40.8875,-1.11],[40.8831,-1.1167],[40.8786,-1.12],[40.8742,-1.12],[40.8686,-1.1256]]}},{"type":"Feature","properties":{"id":"LG-1179","lagha_class":"IV – Minor lagha / gully (15–100 km²)","ff_hazard":"Low","ff_index":6.5,"system":"North-East coastal drainage","upstream_km2":46.2,"strahler":2,"length_km":3.9,"near_town":"Masabubu","dist_town_km":24.9,"flooded_2023":false,"flooded_2024":null},"geometry":{"type":"LineString","coordinates":[[40.1964,-1.08],[40.2064,-1.0911],[40.2064,-1.0944],[40.2186,-1.1033]]}},{"type":"Feature","properties":{"id":"LG-1180","lagha_class":"III – Medium lagha (100–500 km²)","ff_hazard":"Low","ff_index":16.0,"system":"North-East coastal drainage","upstream_km2":399.4,"strahler":2,"length_km":2.38,"near_town":"Masabubu","dist_town_km":25.8,"flooded_2023":false,"flooded_2024":null},"geometry":{"type":"LineString","coordinates":[[40.2186,-1.1033],[40.2219,-1.1067],[40.2231,-1.1133],[40.2275,-1.1144],[40.2264,-1.1178]]}},{"type":"Feature","properties":{"id":"LG-1181","lagha_class":"III – Medium lagha (100–500 km²)","ff_hazard":"Low","ff_index":16.3,"system":"North-East coastal drainage","upstream_km2":365.2,"strahler":2,"length_km":2.95,"near_town":"Masabubu","dist_town_km":21.3,"flooded_2023":false,"flooded_2024":null},"geometry":{"type":"LineString","coordinates":[[40.1608,-1.0844],[40.1653,-1.0911],[40.1697,-1.0911],[40.1742,-1.0867],[40.1753,-1.0878],[40.1786,-1.0856]]}},{"type":"Feature","properties":{"id":"LG-1182","lagha_class":"III – Medium lagha (100–500 km²)","ff_hazard":"Low","ff_index":16.3,"system":"North-East coastal drainage","upstream_km2":399.4,"strahler":2,"length_km":7.61,"near_town":"Masabubu","dist_town_km":22.9,"flooded_2023":false,"flooded_2024":null},"geometry":{"type":"LineString","coordinates":[[40.1786,-1.0856],[40.1808,-1.0878],[40.1875,-1.0889],[40.1897,-1.0922],[40.1942,-1.0922],[40.1986,-1.0989],[40.2042,-1.1],[40.2086,-1.1044],[40.2097,-1.1122],[40.2131,-1.1156],[40.2164,-1.1156],[40.2186,-1.1178],[40.2264,-1.1178]]}},{"type":"Feature","properties":{"id":"LG-1183","lagha_class":"III – Medium lagha (100–500 km²)","ff_hazard":"Low","ff_index":16.1,"system":"North-East coastal drainage","upstream_km2":447.8,"strahler":3,"length_km":1.87,"near_town":"Masabubu","dist_town_km":25.8,"flooded_2023":false,"flooded_2024":null},"geometry":{"type":"LineString","coordinates":[[40.2264,-1.1178],[40.2264,-1.1211],[40.2286,-1.1233],[40.2308,-1.1233],[40.2353,-1.1189]]}},{"type":"Feature","properties":{"id":"LG-1185","lagha_class":"II – Large lagha (500–2,000 km²)","ff_hazard":"Moderate","ff_index":21.2,"system":"North-East coastal drainage","upstream_km2":1114.6,"strahler":3,"length_km":4.69,"near_town":"Ijara","dist_town_km":53.9,"flooded_2023":false,"flooded_2024":null},"geometry":{"type":"LineString","coordinates":[[40.6664,-1.1011],[40.6753,-1.1144],[40.6831,-1.1178],[40.6831,-1.12],[40.6931,-1.1278]]}},{"type":"Feature","properties":{"id":"LG-1186","lagha_class":"II – Large lagha (500–2,000 km²)","ff_hazard":"Moderate","ff_index":21.6,"system":"North-East coastal drainage","upstream_km2":1202.5,"strahler":3,"length_km":7.17,"near_town":"Ijara","dist_town_km":48.4,"flooded_2023":false,"flooded_2024":null},"geometry":{"type":"LineString","coordinates":[[40.6931,-1.1278],[40.6986,-1.1378],[40.6975,-1.1489],[40.6997,-1.1511],[40.6953,-1.1667],[40.6964,-1.1689],[40.6942,-1.17],[40.6953,-1.1722],[40.6897,-1.18]]}},{"type":"Feature","properties":{"id":"LG-1188","lagha_class":"II – Large lagha (500–2,000 km²)","ff_hazard":"Moderate","ff_index":23.1,"system":"North-East coastal drainage","upstream_km2":1711.3,"strahler":4,"length_km":17.05,"near_town":"Ijara","dist_town_km":48.4,"flooded_2023":false,"flooded_2024":null},"geometry":{"type":"LineString","coordinates":[[40.5864,-1.1011],[40.5908,-1.1011],[40.5931,-1.1033],[40.5942,-1.1111],[40.5975,-1.1133],[40.602,-1.1133],[40.6086,-1.1189],[40.6119,-1.1278],[40.6186,-1.1356],[40.6253,-1.1389],[40.6275,-1.1378],[40.6308,-1.1422],[40.6353,-1.1422],[40.6453,-1.1511],[40.6486,-1.1567],[40.6531,-1.1544],[40.6564,-1.1556],[40.6575,-1.1589],[40.6619,-1.1611],[40.6642,-1.1667],[40.6731,-1.1722],[40.6842,-1.1756],[40.6897,-1.18]]}},{"type":"Feature","properties":{"id":"LG-1189","lagha_class":"I – Major lagha (≥2,000 km²)","ff_hazard":"Moderate","ff_index":25.5,"system":"North-East coastal drainage","upstream_km2":2939.4,"strahler":4,"length_km":7.28,"near_town":"Ijara","dist_town_km":44.5,"flooded_2023":false,"flooded_2024":null},"geometry":{"type":"LineString","coordinates":[[40.6897,-1.18],[40.6908,-1.1822],[40.6919,-1.1811],[40.6953,-1.1833],[40.6919,-1.1911],[40.6953,-1.1945],[40.7008,-1.1933],[40.7019,-1.1989],[40.6997,-1.2011],[40.6997,-1.2056],[40.7019,-1.2078],[40.7008,-1.2144],[40.7042,-1.2189],[40.7031,-1.2245]]}},{"type":"Feature","properties":{"id":"LG-1190","lagha_class":"III – Medium lagha (100–500 km²)","ff_hazard":"Low","ff_index":15.0,"system":"North-East coastal drainage","upstream_km2":209.0,"strahler":3,"length_km":1.94,"near_town":"Kolbio","dist_town_km":24.2,"flooded_2023":false,"flooded_2024":null},"geometry":{"type":"LineString","coordinates":[[40.9908,-1.0978],[41.0019,-1.0878]]}},{"type":"Feature","properties":{"id":"LG-1191","lagha_class":"III – Medium lagha (100–500 km²)","ff_hazard":"High","ff_index":33.8,"system":"North-East coastal drainage","upstream_km2":300.8,"strahler":3,"length_km":10.54,"near_town":"Kolbio","dist_town_km":17.3,"flooded_2023":false,"flooded_2024":null},"geometry":{"type":"LineString","coordinates":[[41.0019,-1.0878],[41.0053,-1.0878],[41.0119,-1.0944],[41.0119,-1.0967],[41.0153,-1.0989],[41.0153,-1.1033],[41.0231,-1.1122],[41.0242,-1.1178],[41.0297,-1.1211],[41.0308,-1.1267],[41.0375,-1.1311],[41.0375,-1.1333],[41.0419,-1.1378],[41.0453,-1.1389],[41.0464,-1.1433],[41.0497,-1.1433],[41.0519,-1.1411],[41.0575,-1.1433]]}},{"type":"Feature","properties":{"id":"LG-1194","lagha_class":"III – Medium lagha (100–500 km²)","ff_hazard":"Moderate","ff_index":17.4,"system":"North-East coastal drainage","upstream_km2":495.3,"strahler":3,"length_km":2.73,"near_town":"Masabubu","dist_town_km":26.8,"flooded_2023":false,"flooded_2024":null},"geometry":{"type":"LineString","coordinates":[[40.2353,-1.1189],[40.2386,-1.1244],[40.2442,-1.1256],[40.2486,-1.1344]]}},{"type":"Feature","properties":{"id":"LG-1196","lagha_class":"III – Medium lagha (100–500 km²)","ff_hazard":"Low","ff_index":9.8,"system":"Local ephemeral drainage","upstream_km2":119.4,"strahler":2,"length_km":0.89,"near_town":"Masabubu","dist_town_km":3.4,"flooded_2023":false,"flooded_2024":null},"geometry":{"type":"LineString","coordinates":[[40.0053,-1.1678],[40.0086,-1.1744]]}},{"type":"Feature","properties":{"id":"LG-1197","lagha_class":"III – Medium lagha (100–500 km²)","ff_hazard":"Moderate","ff_index":27.2,"system":"North-East coastal drainage","upstream_km2":495.3,"strahler":3,"length_km":4.27,"near_town":"Masabubu","dist_town_km":27.7,"flooded_2023":true,"flooded_2024":null},"geometry":{"type":"LineString","coordinates":[[40.2642,-1.1122],[40.2664,-1.1167],[40.2586,-1.1233],[40.2542,-1.1222],[40.2531,-1.1233],[40.2553,-1.1267],[40.2486,-1.1322],[40.2486,-1.1344]]}},{"type":"Feature","properties":{"id":"LG-1198","lagha_class":"II – Large lagha (500–2,000 km²)","ff_hazard":"Moderate","ff_index":17.3,"system":"North-East coastal drainage","upstream_km2":512.5,"strahler":3,"length_km":4.49,"near_town":"Masabubu","dist_town_km":27.6,"flooded_2023":false,"flooded_2024":null},"geometry":{"type":"LineString","coordinates":[[40.2486,-1.1344],[40.2575,-1.1433],[40.2586,-1.1467],[40.2553,-1.1511],[40.2608,-1.1533],[40.2653,-1.1578],[40.2631,-1.1611]]}},{"type":"Feature","properties":{"id":"LG-1199","lagha_class":"III – Medium lagha (100–500 km²)","ff_hazard":"High","ff_index":28.6,"system":"North-East coastal drainage","upstream_km2":121.3,"strahler":2,"length_km":5.02,"near_town":"Kolbio","dist_town_km":13.6,"flooded_2023":false,"flooded_2024":null},"geometry":{"type":"LineString","coordinates":[[41.062,-1.1144],[41.0664,-1.12],[41.0753,-1.1222],[41.0775,-1.1256],[41.0819,-1.1222],[41.0819,-1.1267],[41.0853,-1.1267],[41.0908,-1.1311]]}},{"type":"Feature","properties":{"id":"LG-1200","lagha_class":"III – Medium lagha (100–500 km²)","ff_hazard":"Moderate","ff_index":22.8,"system":"North-East coastal drainage","upstream_km2":121.4,"strahler":2,"length_km":0.3,"near_town":"Kolbio","dist_town_km":13.5,"flooded_2023":false,"flooded_2024":null},"geometry":{"type":"LineString","coordinates":[[41.0908,-1.1311],[41.0919,-1.1333]]}},{"type":"Feature","properties":{"id":"LG-1202","lagha_class":"IV – Minor lagha / gully (15–100 km²)","ff_hazard":"Low","ff_index":9.6,"system":"North-East coastal drainage","upstream_km2":96.6,"strahler":2,"length_km":22.84,"near_town":"Ijara","dist_town_km":36.7,"flooded_2023":false,"flooded_2024":null},"geometry":{"type":"LineString","coordinates":[[40.5131,-1.12],[40.5119,-1.1211],[40.5164,-1.1278],[40.5164,-1.1333],[40.5242,-1.1389],[40.5242,-1.1422],[40.532,-1.15],[40.532,-1.1533],[40.5364,-1.1544],[40.5408,-1.16],[40.5386,-1.1622],[40.5397,-1.1678],[40.5375,-1.17],[40.5442,-1.1756],[40.5442,-1.1811],[40.5508,-1.19],[40.5475,-1.1945],[40.5497,-1.1989],[40.5497,-1.2022],[40.5475,-1.2044],[40.5486,-1.2067],[40.5431,-1.2156],[40.5453,-1.2189],[40.5386,-1.2222],[40.5386,-1.2289],[40.5231,-1.2289],[40.5197,-1.2311],[40.5186,-1.2344],[40.5186,-1.2378],[40.5275,-1.2444],[40.5242,-1.2478],[40.532,-1.2545]]}},{"type":"Feature","properties":{"id":"LG-1204","lagha_class":"II – Large lagha (500–2,000 km²)","ff_hazard":"Moderate","ff_index":19.0,"system":"North-East coastal drainage","upstream_km2":722.9,"strahler":3,"length_km":6.27,"near_town":"Kolbio","dist_town_km":38.3,"flooded_2023":false,"flooded_2024":null},"geometry":{"type":"LineString","coordinates":[[40.8686,-1.1256],[40.8664,-1.13],[40.8686,-1.1378],[40.8631,-1.1433],[40.8597,-1.1444],[40.8542,-1.1411],[40.8497,-1.1411],[40.8486,-1.1433],[40.8508,-1.1456],[40.8486,-1.1478],[40.8386,-1.1467]]}},{"type":"Feature","properties":{"id":"LG-1205","lagha_class":"II – Large lagha (500–2,000 km²)","ff_hazard":"Moderate","ff_index":19.1,"system":"North-East coastal drainage","upstream_km2":751.1,"strahler":3,"length_km":1.54,"near_town":"Kolbio","dist_town_km":41.7,"flooded_2023":false,"flooded_2024":null},"geometry":{"type":"LineString","coordinates":[[40.8386,-1.1467],[40.8319,-1.1533],[40.8331,-1.1567]]}},{"type":"Feature","properties":{"id":"LG-1207","lagha_class":"I – Major lagha (≥2,000 km²)","ff_hazard":"Moderate","ff_index":24.5,"system":"North-East coastal drainage","upstream_km2":2180.7,"strahler":4,"length_km":6.7,"near_town":"Masabubu","dist_town_km":39.5,"flooded_2023":false,"flooded_2024":null},"geometry":{"type":"LineString","coordinates":[[40.3586,-1.1378],[40.3675,-1.1433],[40.3675,-1.1478],[40.3708,-1.1511],[40.3719,-1.15],[40.3764,-1.1544],[40.3797,-1.1533],[40.3853,-1.1611],[40.3931,-1.1633],[40.3953,-1.1667],[40.3975,-1.1644]]}},{"type":"Feature","properties":{"id":"LG-1208","lagha_class":"I – Major lagha (≥2,000 km²)","ff_hazard":"Moderate","ff_index":23.5,"system":"North-East coastal drainage","upstream_km2":2201.2,"strahler":4,"length_km":6.65,"near_town":"Masabubu","dist_town_km":43.3,"flooded_2023":false,"flooded_2024":null},"geometry":{"type":"LineString","coordinates":[[40.3975,-1.1644],[40.4064,-1.1722],[40.4086,-1.1767],[40.4064,-1.1789],[40.4075,-1.18],[40.4131,-1.1833],[40.4186,-1.1811],[40.422,-1.1878],[40.4275,-1.1856],[40.4319,-1.1867],[40.4342,-1.19]]}},{"type":"Feature","properties":{"id":"LG-1210","lagha_class":"II – Large lagha (500–2,000 km²)","ff_hazard":"Moderate","ff_index":18.1,"system":"North-East coastal drainage","upstream_km2":663.8,"strahler":3,"length_km":22.24,"near_town":"Masabubu","dist_town_km":28.6,"flooded_2023":false,"flooded_2024":null},"geometry":{"type":"LineString","coordinates":[[40.2631,-1.1611],[40.2719,-1.1689],[40.2708,-1.1733],[40.2753,-1.1778],[40.2753,-1.1833],[40.2797,-1.1922],[40.2919,-1.2033],[40.2919,-1.2089],[40.2942,-1.2111],[40.2919,-1.2133],[40.2919,-1.2233],[40.2875,-1.2267],[40.2953,-1.2345],[40.2964,-1.2389],[40.2997,-1.2356],[40.3019,-1.2367],[40.3031,-1.2433],[40.3097,-1.2567],[40.3086,-1.27],[40.2942,-1.2756],[40.2931,-1.2811],[40.3019,-1.2889],[40.3064,-1.2844],[40.3153,-1.2867]]}},{"type":"Feature","properties":{"id":"LG-1211","lagha_class":"IV – Minor lagha / gully (15–100 km²)","ff_hazard":"Very High","ff_index":43.2,"system":"Local ephemeral drainage","upstream_km2":50.2,"strahler":2,"length_km":70.38,"near_town":"Kolbio","dist_town_km":0.6,"flooded_2023":false,"flooded_2024":null},"geometry":{"type":"LineString","coordinates":[[41.1975,-1.1256],[41.2097,-1.1344],[41.2131,-1.1322],[41.2186,-1.1322],[41.2368,-1.1141]]}},{"type":"Feature","properties":{"id":"LG-1213","lagha_class":"II – Large lagha (500–2,000 km²)","ff_hazard":"Moderate","ff_index":20.1,"system":"North-East coastal drainage","upstream_km2":835.7,"strahler":3,"length_km":1.94,"near_town":"Kolbio","dist_town_km":42.3,"flooded_2023":false,"flooded_2024":null},"geometry":{"type":"LineString","coordinates":[[40.8331,-1.1567],[40.8231,-1.1656],[40.8208,-1.1633]]}},{"type":"Feature","properties":{"id":"LG-1215","lagha_class":"II – Large lagha (500–2,000 km²)","ff_hazard":"Moderate","ff_index":21.9,"system":"North-East coastal drainage","upstream_km2":835.7,"strahler":3,"length_km":3.69,"near_town":"Kolbio","dist_town_km":43.6,"flooded_2023":false,"flooded_2024":null},"geometry":{"type":"LineString","coordinates":[[40.8064,-1.1411],[40.8097,-1.1433],[40.8086,-1.1478],[40.8131,-1.1522],[40.8153,-1.1522],[40.8208,-1.1589],[40.8208,-1.1633]]}},{"type":"Feature","properties":{"id":"LG-1216","lagha_class":"II – Large lagha (500–2,000 km²)","ff_hazard":"Moderate","ff_index":19.1,"system":"North-East coastal drainage","upstream_km2":843.2,"strahler":3,"length_km":3.79,"near_town":"Kolbio","dist_town_km":43.7,"flooded_2023":false,"flooded_2024":null},"geometry":{"type":"LineString","coordinates":[[40.8208,-1.1633],[40.812,-1.1711],[40.8031,-1.1889]]}},{"type":"Feature","properties":{"id":"LG-1217","lagha_class":"I – Major lagha (≥2,000 km²)","ff_hazard":"Moderate","ff_index":24.1,"system":"North-East coastal drainage","upstream_km2":2201.2,"strahler":4,"length_km":8.37,"near_town":"Ijara","dist_town_km":45.1,"flooded_2023":false,"flooded_2024":null},"geometry":{"type":"LineString","coordinates":[[40.4475,-1.1433],[40.4531,-1.1544],[40.4464,-1.1556],[40.4419,-1.1611],[40.4386,-1.1622],[40.4419,-1.1656],[40.4353,-1.1667],[40.4331,-1.1689],[40.4386,-1.1744],[40.4375,-1.1878],[40.4342,-1.19]]}},{"type":"Feature","properties":{"id":"LG-1218","lagha_class":"I – Major lagha (≥2,000 km²)","ff_hazard":"Moderate","ff_index":23.7,"system":"North-East coastal drainage","upstream_km2":2237.1,"strahler":4,"length_km":2.62,"near_town":"Ijara","dist_town_km":43.3,"flooded_2023":false,"flooded_2024":null},"geometry":{"type":"LineString","coordinates":[[40.4342,-1.19],[40.4342,-1.1956],[40.4308,-1.2022],[40.4242,-1.2089]]}},{"type":"Feature","properties":{"id":"LG-1221","lagha_class":"IV – Minor lagha / gully (15–100 km²)","ff_hazard":"Low","ff_index":8.5,"system":"North-East coastal drainage","upstream_km2":84.5,"strahler":2,"length_km":3.67,"near_town":"Masabubu","dist_town_km":9.9,"flooded_2023":false,"flooded_2024":null},"geometry":{"type":"LineString","coordinates":[[40.0875,-1.1522],[40.0875,-1.1556],[40.0897,-1.1578],[40.0886,-1.1633],[40.0908,-1.1656],[40.0953,-1.1622],[40.0942,-1.1578],[40.0975,-1.1533]]}},{"type":"Feature","properties":{"id":"LG-1222","lagha_class":"III – Medium lagha (100–500 km²)","ff_hazard":"Low","ff_index":11.4,"system":"North-East coastal drainage","upstream_km2":146.8,"strahler":2,"length_km":12.07,"near_town":"Masabubu","dist_town_km":11.3,"flooded_2023":false,"flooded_2024":null},"geometry":{"type":"LineString","coordinates":[[40.0975,-1.1533],[40.102,-1.1544],[40.1053,-1.1622],[40.1131,-1.1689],[40.1153,-1.1733],[40.1153,-1.1789],[40.1186,-1.18],[40.1219,-1.1778],[40.1253,-1.1811],[40.1231,-1.1878],[40.1286,-1.1922],[40.1253,-1.1978],[40.1197,-1.2],[40.1175,-1.2067],[40.1142,-1.2089],[40.1153,-1.2156],[40.1119,-1.2189],[40.1097,-1.2256]]}},{"type":"Feature","properties":{"id":"LG-1223","lagha_class":"III – Medium lagha (100–500 km²)","ff_hazard":"High","ff_index":34.5,"system":"North-East coastal drainage","upstream_km2":300.8,"strahler":3,"length_km":0.96,"near_town":"Kolbio","dist_town_km":17.3,"flooded_2023":false,"flooded_2024":null},"geometry":{"type":"LineString","coordinates":[[41.0531,-1.1489],[41.0575,-1.1467],[41.0575,-1.1433]]}},{"type":"Feature","properties":{"id":"LG-1224","lagha_class":"III – Medium lagha (100–500 km²)","ff_hazard":"High","ff_index":35.3,"system":"North-East coastal drainage","upstream_km2":309.6,"strahler":3,"length_km":5.04,"near_town":"Kolbio","dist_town_km":13.5,"flooded_2023":false,"flooded_2024":null},"geometry":{"type":"LineString","coordinates":[[41.0575,-1.1433],[41.0642,-1.1411],[41.0719,-1.1333],[41.0764,-1.1356],[41.0842,-1.1322],[41.0897,-1.1356],[41.0919,-1.1333]]}},{"type":"Feature","properties":{"id":"LG-1225","lagha_class":"II – Large lagha (500–2,000 km²)","ff_hazard":"High","ff_index":30.5,"system":"North-East coastal drainage","upstream_km2":503.9,"strahler":3,"length_km":13.24,"near_town":"Kolbio","dist_town_km":11.0,"flooded_2023":false,"flooded_2024":null},"geometry":{"type":"LineString","coordinates":[[41.0919,-1.1333],[41.0975,-1.14],[41.0953,-1.1456],[41.0953,-1.1533],[41.0986,-1.1567],[41.1042,-1.1578],[41.1075,-1.1622],[41.1108,-1.1633],[41.1142,-1.1689],[41.1175,-1.17],[41.1175,-1.1756],[41.1231,-1.18],[41.1275,-1.1889],[41.1242,-1.1944],[41.1308,-1.2011],[41.1286,-1.2045],[41.1342,-1.2089],[41.1397,-1.2178]]}},{"type":"Feature","properties":{"id":"LG-1228","lagha_class":"III – Medium lagha (100–500 km²)","ff_hazard":"Low","ff_index":10.7,"system":"North-East coastal drainage","upstream_km2":107.4,"strahler":2,"length_km":18.32,"near_town":"Kolbio","dist_town_km":5.2,"flooded_2023":false,"flooded_2024":null},"geometry":{"type":"LineString","coordinates":[[41.1686,-1.1622],[41.1764,-1.1722],[41.1819,-1.1744],[41.1853,-1.18],[41.1919,-1.1833],[41.1886,-1.1867],[41.1942,-1.2],[41.1919,-1.2022],[41.1919,-1.2178],[41.1964,-1.2189],[41.1986,-1.2233],[41.2042,-1.2256],[41.2075,-1.2345],[41.2064,-1.2367],[41.2086,-1.2389],[41.2086,-1.2433],[41.2053,-1.2445],[41.2086,-1.2489],[41.2108,-1.26],[41.2197,-1.2667],[41.2219,-1.2733],[41.2286,-1.2733]]}},{"type":"Feature","properties":{"id":"LG-1230","lagha_class":"IV – Minor lagha / gully (15–100 km²)","ff_hazard":"Low","ff_index":7.0,"system":"North-East coastal drainage","upstream_km2":38.3,"strahler":2,"length_km":3.5,"near_town":"Kolbio","dist_town_km":45.9,"flooded_2023":false,"flooded_2024":null},"geometry":{"type":"LineString","coordinates":[[40.7864,-1.1678],[40.7886,-1.1744],[40.7919,-1.1767],[40.7919,-1.1811],[40.8031,-1.1889]]}},{"type":"Feature","properties":{"id":"LG-1231","lagha_class":"II – Large lagha (500–2,000 km²)","ff_hazard":"Moderate","ff_index":20.2,"system":"North-East coastal drainage","upstream_km2":928.8,"strahler":3,"length_km":9.01,"near_town":"Kolbio","dist_town_km":45.9,"flooded_2023":false,"flooded_2024":null},"geometry":{"type":"LineString","coordinates":[[40.8031,-1.1889],[40.8031,-1.1944],[40.8008,-1.1967],[40.8042,-1.2],[40.7964,-1.2067],[40.7964,-1.21],[40.7897,-1.2178],[40.7897,-1.2233],[40.7831,-1.23],[40.7831,-1.2322],[40.7775,-1.2345],[40.7753,-1.2389],[40.7764,-1.2411],[40.7719,-1.2456]]}},{"type":"Feature","properties":{"id":"LG-1232","lagha_class":"III – Medium lagha (100–500 km²)","ff_hazard":"Low","ff_index":10.1,"system":"Local ephemeral drainage","upstream_km2":119.4,"strahler":2,"length_km":3.18,"near_town":"Masabubu","dist_town_km":3.4,"flooded_2023":false,"flooded_2024":null},"geometry":{"type":"LineString","coordinates":[[40.0242,-1.1678],[40.0186,-1.1622],[40.0153,-1.1667],[40.0153,-1.17],[40.0142,-1.1711],[40.0119,-1.1689],[40.0086,-1.1744]]}},{"type":"Feature","properties":{"id":"LG-1233","lagha_class":"III – Medium lagha (100–500 km²)","ff_hazard":"Low","ff_index":14.5,"system":"Local ephemeral drainage","upstream_km2":120.3,"strahler":2,"length_km":2.19,"near_town":"Masabubu","dist_town_km":2.5,"flooded_2023":false,"flooded_2024":null},"geometry":{"type":"LineString","coordinates":[[40.0086,-1.1744],[40.0031,-1.1789],[39.9997,-1.1789],[39.9997,-1.1822],[40.0031,-1.1833]]}},{"type":"Feature","properties":{"id":"LG-1234","lagha_class":"III – Medium lagha (100–500 km²)","ff_hazard":"High","ff_index":34.5,"system":"Local ephemeral drainage","upstream_km2":370.5,"strahler":3,"length_km":6.03,"near_town":"Masabubu","dist_town_km":0.9,"flooded_2023":false,"flooded_2024":null},"geometry":{"type":"LineString","coordinates":[[40.0031,-1.1833],[40.0064,-1.1844],[40.0053,-1.1878],[40.0097,-1.19],[40.0108,-1.1933],[40.0053,-1.1989]]}},{"type":"Feature","properties":{"id":"LG-1235","lagha_class":"II – Large lagha (500–2,000 km²)","ff_hazard":"Moderate","ff_index":18.3,"system":"North-East coastal drainage","upstream_km2":663.8,"strahler":3,"length_km":18.98,"near_town":"Masabubu","dist_town_km":33.7,"flooded_2023":false,"flooded_2024":null},"geometry":{"type":"LineString","coordinates":[[40.3131,-1.1756],[40.3253,-1.1867],[40.3197,-1.1922],[40.3197,-1.1956],[40.3219,-1.1978],[40.3186,-1.2033],[40.3197,-1.2067],[40.3153,-1.21],[40.3175,-1.2189],[40.312,-1.2256],[40.3197,-1.2322],[40.3219,-1.2356],[40.3219,-1.24],[40.3264,-1.2422],[40.3275,-1.2456],[40.3308,-1.2456],[40.3342,-1.2489],[40.3319,-1.2533],[40.3375,-1.2567],[40.3319,-1.2633],[40.3342,-1.2667],[40.3286,-1.2733],[40.3308,-1.2767],[40.3308,-1.2811],[40.3253,-1.2811],[40.3208,-1.2845],[40.3175,-1.2833],[40.3153,-1.2867]]}},{"type":"Feature","properties":{"id":"LG-1236","lagha_class":"II – Large lagha (500–2,000 km²)","ff_hazard":"Moderate","ff_index":19.2,"system":"North-East coastal drainage","upstream_km2":803.3,"strahler":3,"length_km":26.56,"near_town":"Ijara","dist_town_km":23.0,"flooded_2023":false,"flooded_2024":null},"geometry":{"type":"LineString","coordinates":[[40.3153,-1.2867],[40.3208,-1.29],[40.3208,-1.2944],[40.3231,-1.2967],[40.3219,-1.3078],[40.3264,-1.3122],[40.3264,-1.3144],[40.3297,-1.3156],[40.3319,-1.3133],[40.3375,-1.3189],[40.3353,-1.3233],[40.3419,-1.3244],[40.3442,-1.3267],[40.3431,-1.3322],[40.3486,-1.33],[40.3531,-1.3356],[40.3575,-1.3356],[40.3608,-1.34],[40.3597,-1.3456],[40.3653,-1.35],[40.3642,-1.3511],[40.3664,-1.3533],[40.3697,-1.3511],[40.3731,-1.3533],[40.3753,-1.3567],[40.3742,-1.3589],[40.3764,-1.3644],[40.3764,-1.3722],[40.382,-1.3722],[40.3864,-1.3767],[40.3875,-1.3822],[40.3897,-1.3844],[40.3942,-1.3833],[40.3997,-1.3911],[40.4042,-1.3889],[40.4064,-1.39],[40.4097,-1.3867],[40.4131,-1.39],[40.4119,-1.3944],[40.4142,-1.3967],[40.4208,-1.3956],[40.4308,-1.3978],[40.4342,-1.3956],[40.4375,-1.4]]}},{"type":"Feature","properties":{"id":"LG-1237","lagha_class":"IV – Minor lagha / gully (15–100 km²)","ff_hazard":"Moderate","ff_index":19.0,"system":"North-East coastal drainage","upstream_km2":86.1,"strahler":2,"length_km":17.32,"near_town":"Kolbio","dist_town_km":30.1,"flooded_2023":true,"flooded_2024":null},"geometry":{"type":"LineString","coordinates":[[40.9419,-1.1811],[40.9419,-1.1844],[40.9364,-1.1833],[40.9364,-1.1878],[40.9431,-1.1945],[40.9431,-1.2],[40.9464,-1.2022],[40.9497,-1.2089],[40.9442,-1.2133],[40.9475,-1.2156],[40.9419,-1.2222],[40.9442,-1.2245],[40.9486,-1.2233],[40.9531,-1.2278],[40.9542,-1.2322],[40.9575,-1.2356],[40.9575,-1.2389],[40.9631,-1.2422],[40.9542,-1.2533],[40.9542,-1.2578],[40.9575,-1.2611],[40.9475,-1.2689],[40.9397,-1.27],[40.9331,-1.2767]]}},{"type":"Feature","properties":{"id":"LG-1239","lagha_class":"I – Major lagha (≥2,000 km²)","ff_hazard":"Moderate","ff_index":24.2,"system":"North-East coastal drainage","upstream_km2":2304.9,"strahler":4,"length_km":12.93,"near_town":"Ijara","dist_town_km":38.5,"flooded_2023":false,"flooded_2024":null},"geometry":{"type":"LineString","coordinates":[[40.4242,-1.2089],[40.4231,-1.2133],[40.4264,-1.2156],[40.4319,-1.2089],[40.4375,-1.21],[40.4442,-1.2145],[40.4486,-1.21],[40.4531,-1.2122],[40.4675,-1.2122],[40.4742,-1.21],[40.4786,-1.2144],[40.4853,-1.2156],[40.4964,-1.2278],[40.4953,-1.23],[40.5053,-1.2389]]}},{"type":"Feature","properties":{"id":"LG-1240","lagha_class":"IV – Minor lagha / gully (15–100 km²)","ff_hazard":"Moderate","ff_index":19.5,"system":"North-East coastal drainage","upstream_km2":97.5,"strahler":2,"length_km":26.39,"near_town":"Ijara","dist_town_km":26.1,"flooded_2023":true,"flooded_2024":null},"geometry":{"type":"LineString","coordinates":[[40.5831,-1.2011],[40.5775,-1.2044],[40.5742,-1.2033],[40.5719,-1.2056],[40.5786,-1.2067],[40.5808,-1.2089],[40.5797,-1.2133],[40.5842,-1.22],[40.5831,-1.2256],[40.5875,-1.2322],[40.5864,-1.2356],[40.5897,-1.2367],[40.5953,-1.2433],[40.5897,-1.25],[40.5853,-1.2511],[40.5864,-1.2578],[40.5842,-1.26],[40.5886,-1.2667],[40.5819,-1.2722],[40.5842,-1.2745],[40.5842,-1.2778],[40.5797,-1.2778],[40.5786,-1.28],[40.5764,-1.28],[40.5786,-1.2856],[40.5742,-1.2933],[40.5753,-1.2967],[40.5719,-1.2989],[40.5786,-1.3056],[40.5775,-1.3133],[40.5786,-1.3178],[40.5819,-1.3211],[40.5819,-1.3267],[40.5742,-1.3356],[40.5719,-1.3411],[40.5731,-1.3444],[40.5708,-1.3478],[40.5731,-1.3511],[40.5719,-1.3522],[40.5697,-1.35],[40.5664,-1.35],[40.5642,-1.3522],[40.5597,-1.3522]]}},{"type":"Feature","properties":{"id":"LG-1241","lagha_class":"III – Medium lagha (100–500 km²)","ff_hazard":"Moderate","ff_index":20.3,"system":"North-East coastal drainage","upstream_km2":107.7,"strahler":2,"length_km":31.76,"near_town":"Kolbio","dist_town_km":24.7,"flooded_2023":true,"flooded_2024":null},"geometry":{"type":"LineString","coordinates":[[41.0008,-1.2044],[40.9953,-1.2111],[40.9897,-1.2133],[40.9864,-1.2178],[40.9842,-1.2267],[40.9853,-1.24],[40.9964,-1.25],[40.9953,-1.2522],[40.9986,-1.2556],[40.9975,-1.2589],[41.0008,-1.2611],[41.0019,-1.2644],[40.9997,-1.27],[41.0008,-1.2789],[41.0031,-1.2811],[41.0086,-1.2789],[41.0119,-1.2822],[41.0097,-1.2856],[41.0108,-1.2911],[41.0242,-1.3044],[41.0242,-1.3122],[41.0286,-1.3144],[41.0286,-1.3178],[41.0353,-1.3233],[41.0419,-1.3233],[41.0375,-1.3267],[41.0397,-1.3289],[41.0431,-1.3289],[41.0508,-1.3389],[41.0597,-1.3433],[41.0664,-1.3556],[41.0719,-1.36],[41.0719,-1.3644],[41.0842,-1.3622],[41.0875,-1.3656],[41.0897,-1.3633],[41.0931,-1.3656],[41.0953,-1.3633],[41.1064,-1.36]]}},{"type":"Feature","properties":{"id":"LG-1243","lagha_class":"III – Medium lagha (100–500 km²)","ff_hazard":"Moderate","ff_index":26.7,"system":"Local ephemeral drainage","upstream_km2":467.7,"strahler":3,"length_km":30.02,"near_town":"Masabubu","dist_town_km":7.3,"flooded_2023":true,"flooded_2024":null},"geometry":{"type":"MultiLineString","coordinates":[[[40.0298,-1.2679],[40.0308,-1.2689],[40.0288,-1.2721]],[[40.0286,-1.2725],[40.032,-1.2756],[40.0342,-1.2811],[40.0331,-1.2867],[40.0353,-1.2878],[40.0297,-1.2944],[40.0297,-1.3078],[40.0342,-1.3111],[40.0331,-1.3133],[40.0364,-1.3167],[40.0342,-1.3211],[40.0386,-1.3233],[40.0397,-1.3278],[40.0353,-1.3333],[40.0375,-1.3367],[40.0342,-1.34],[40.0311,-1.3389]],[[40.0308,-1.3385],[40.0296,-1.3365]],[[40.0383,-1.3678],[40.0442,-1.3722],[40.0464,-1.3822],[40.0486,-1.3844],[40.0475,-1.3889],[40.0508,-1.3922],[40.0497,-1.3944],[40.0519,-1.3967]]]}},{"type":"Feature","properties":{"id":"LG-1246","lagha_class":"II – Large lagha (500–2,000 km²)","ff_hazard":"Moderate","ff_index":20.3,"system":"North-East coastal drainage","upstream_km2":975.8,"strahler":3,"length_km":7.31,"near_town":"Ijara","dist_town_km":43.7,"flooded_2023":false,"flooded_2024":null},"geometry":{"type":"LineString","coordinates":[[40.7719,-1.2456],[40.7742,-1.2567],[40.7775,-1.2578],[40.7786,-1.2611],[40.7775,-1.2656],[40.7808,-1.2722],[40.7864,-1.2767],[40.7853,-1.2778],[40.7875,-1.2822],[40.7853,-1.2844],[40.7886,-1.29],[40.7919,-1.2889],[40.7942,-1.2922]]}},{"type":"Feature","properties":{"id":"LG-1248","lagha_class":"I – Major lagha (≥2,000 km²)","ff_hazard":"Moderate","ff_index":23.9,"system":"North-East coastal drainage","upstream_km2":2304.9,"strahler":4,"length_km":2.66,"near_town":"Ijara","dist_town_km":38.5,"flooded_2023":false,"flooded_2024":null},"geometry":{"type":"LineString","coordinates":[[40.5053,-1.2233],[40.5097,-1.2256],[40.5042,-1.2322],[40.5064,-1.2345],[40.5053,-1.2389]]}},{"type":"Feature","properties":{"id":"LG-1249","lagha_class":"I – Major lagha (≥2,000 km²)","ff_hazard":"Moderate","ff_index":24.1,"system":"North-East coastal drainage","upstream_km2":2397.6,"strahler":4,"length_km":6.91,"near_town":"Ijara","dist_town_km":33.5,"flooded_2023":false,"flooded_2024":null},"geometry":{"type":"LineString","coordinates":[[40.5053,-1.2389],[40.5119,-1.2422],[40.5086,-1.2589],[40.5131,-1.2644],[40.5131,-1.2678],[40.5075,-1.2711],[40.5064,-1.2756],[40.5108,-1.2778],[40.5153,-1.2833]]}},{"type":"Feature","properties":{"id":"LG-1250","lagha_class":"IV – Minor lagha / gully (15–100 km²)","ff_hazard":"Moderate","ff_index":24.2,"system":"Local ephemeral drainage","upstream_km2":36.5,"strahler":2,"length_km":56.5,"near_town":"Kolbio","dist_town_km":11.8,"flooded_2023":false,"flooded_2024":null},"geometry":{"type":"LineString","coordinates":[[41.2864,-1.2156],[41.2919,-1.2156],[41.304,-1.2046]]}},{"type":"Feature","properties":{"id":"LG-1254","lagha_class":"III – Medium lagha (100–500 km²)","ff_hazard":"Low","ff_index":11.9,"system":"North-East coastal drainage","upstream_km2":172.6,"strahler":2,"length_km":4.51,"near_town":"Masabubu","dist_town_km":11.3,"flooded_2023":false,"flooded_2024":null},"geometry":{"type":"LineString","coordinates":[[40.1097,-1.2256],[40.1142,-1.2356],[40.1131,-1.24],[40.1086,-1.2445],[40.1108,-1.2467],[40.1108,-1.25],[40.1175,-1.2578]]}},{"type":"Feature","properties":{"id":"LG-1256","lagha_class":"I – Major lagha (≥2,000 km²)","ff_hazard":"Moderate","ff_index":25.3,"system":"North-East coastal drainage","upstream_km2":3007.1,"strahler":4,"length_km":5.05,"near_town":"Ijara","dist_town_km":41.9,"flooded_2023":false,"flooded_2024":null},"geometry":{"type":"LineString","coordinates":[[40.7031,-1.2245],[40.7053,-1.2289],[40.7097,-1.2289],[40.7086,-1.2322],[40.7075,-1.2311],[40.7053,-1.2333],[40.7042,-1.2389],[40.7042,-1.2456],[40.7064,-1.2478],[40.7053,-1.25],[40.7097,-1.2544]]}},{"type":"Feature","properties":{"id":"LG-1257","lagha_class":"II – Large lagha (500–2,000 km²)","ff_hazard":"Moderate","ff_index":18.5,"system":"North-East coastal drainage","upstream_km2":503.9,"strahler":3,"length_km":4.0,"near_town":"Kolbio","dist_town_km":11.9,"flooded_2023":false,"flooded_2024":null},"geometry":{"type":"LineString","coordinates":[[41.1097,-1.2256],[41.1153,-1.2256],[41.1253,-1.2211],[41.1275,-1.2222],[41.1297,-1.22],[41.1342,-1.2211],[41.1397,-1.2178]]}},{"type":"Feature","properties":{"id":"LG-1258","lagha_class":"II – Large lagha (500–2,000 km²)","ff_hazard":"High","ff_index":28.2,"system":"North-East coastal drainage","upstream_km2":555.6,"strahler":3,"length_km":13.58,"near_town":"Kolbio","dist_town_km":11.6,"flooded_2023":true,"flooded_2024":null},"geometry":{"type":"LineString","coordinates":[[41.1397,-1.2178],[41.1464,-1.2267],[41.1497,-1.2245],[41.1553,-1.2267],[41.1575,-1.2311],[41.1697,-1.2345],[41.1797,-1.2456],[41.1775,-1.2478],[41.1786,-1.2545],[41.1819,-1.2578],[41.1831,-1.2567],[41.1886,-1.26],[41.1997,-1.2745],[41.1997,-1.2789],[41.2031,-1.2822],[41.2008,-1.2833],[41.2031,-1.2878],[41.2019,-1.2911]]}},{"type":"Feature","properties":{"id":"LG-1260","lagha_class":"I – Major lagha (≥2,000 km²)","ff_hazard":"Moderate","ff_index":26.1,"system":"North-East coastal drainage","upstream_km2":3007.1,"strahler":4,"length_km":8.53,"near_town":"Ijara","dist_town_km":40.7,"flooded_2023":false,"flooded_2024":null},"geometry":{"type":"LineString","coordinates":[[40.6575,-1.2289],[40.6597,-1.2322],[40.6631,-1.2333],[40.6631,-1.2422],[40.6653,-1.2444],[40.6764,-1.2478],[40.6808,-1.2467],[40.6819,-1.25],[40.6919,-1.2533],[40.6931,-1.2556],[40.6975,-1.2544],[40.6986,-1.2567],[40.7042,-1.2567],[40.7097,-1.2544]]}},{"type":"Feature","properties":{"id":"LG-1261","lagha_class":"I – Major lagha (≥2,000 km²)","ff_hazard":"Very High","ff_index":44.4,"system":"North-East coastal drainage","upstream_km2":3062.8,"strahler":4,"length_km":14.97,"near_town":"Ijara","dist_town_km":39.5,"flooded_2023":false,"flooded_2024":null},"geometry":{"type":"LineString","coordinates":[[40.7097,-1.2544],[40.7153,-1.2589],[40.7153,-1.2656],[40.7231,-1.2711],[40.7197,-1.2733],[40.7286,-1.28],[40.7264,-1.2822],[40.7297,-1.29],[40.7386,-1.2944],[40.7431,-1.3011],[40.7475,-1.3],[40.7531,-1.3056],[40.7553,-1.3033],[40.7719,-1.3056],[40.7808,-1.3],[40.7897,-1.3],[40.7953,-1.2967]]}},{"type":"Feature","properties":{"id":"LG-1262","lagha_class":"III – Medium lagha (100–500 km²)","ff_hazard":"Low","ff_index":13.6,"system":"North-East coastal drainage","upstream_km2":259.8,"strahler":3,"length_km":5.25,"near_town":"Masabubu","dist_town_km":15.6,"flooded_2023":false,"flooded_2024":null},"geometry":{"type":"LineString","coordinates":[[40.1475,-1.2311],[40.1486,-1.2411],[40.1519,-1.2445],[40.1575,-1.2445],[40.1608,-1.2489],[40.1586,-1.2533],[40.1586,-1.2589],[40.1642,-1.2633],[40.1631,-1.2644]]}},{"type":"Feature","properties":{"id":"LG-1265","lagha_class":"IV – Minor lagha / gully (15–100 km²)","ff_hazard":"Low","ff_index":8.2,"system":"North-East coastal drainage","upstream_km2":85.2,"strahler":2,"length_km":1.09,"near_town":"Kolbio","dist_town_km":34.4,"flooded_2023":false,"flooded_2024":null},"geometry":{"type":"LineString","coordinates":[[40.9308,-1.2678],[40.9331,-1.2767]]}},{"type":"Feature","properties":{"id":"LG-1266","lagha_class":"III – Medium lagha (100–500 km²)","ff_hazard":"Low","ff_index":15.3,"system":"North-East coastal drainage","upstream_km2":292.0,"strahler":3,"length_km":20.6,"near_town":"Mararani No10","dist_town_km":31.3,"flooded_2023":false,"flooded_2024":null},"geometry":{"type":"LineString","coordinates":[[40.9331,-1.2767],[40.9319,-1.2878],[40.9342,-1.2922],[40.9342,-1.2978],[40.9419,-1.3133],[40.9419,-1.3222],[40.9464,-1.33],[40.9475,-1.3433],[40.9519,-1.3533],[40.9608,-1.3656],[40.9664,-1.3711],[40.9686,-1.3711],[40.9686,-1.3733],[40.9731,-1.3778],[40.9731,-1.3811],[40.9797,-1.3844],[40.9864,-1.3956],[40.9975,-1.4067],[40.9975,-1.4167],[41.0086,-1.4222]]}},{"type":"Feature","properties":{"id":"LG-1268","lagha_class":"III – Medium lagha (100–500 km²)","ff_hazard":"Moderate","ff_index":21.7,"system":"North-East coastal drainage","upstream_km2":172.6,"strahler":2,"length_km":6.94,"near_town":"Masabubu","dist_town_km":7.6,"flooded_2023":true,"flooded_2024":null},"geometry":{"type":"LineString","coordinates":[[40.0753,-1.2245],[40.0764,-1.2278],[40.0797,-1.23],[40.0808,-1.2367],[40.0864,-1.2422],[40.0886,-1.2422],[40.0908,-1.2456],[40.0997,-1.2456],[40.1042,-1.2522],[40.1108,-1.2533],[40.1175,-1.2578]]}},{"type":"Feature","properties":{"id":"LG-1269","lagha_class":"III – Medium lagha (100–500 km²)","ff_hazard":"Low","ff_index":13.6,"system":"North-East coastal drainage","upstream_km2":259.8,"strahler":3,"length_km":6.33,"near_town":"Masabubu","dist_town_km":13.3,"flooded_2023":false,"flooded_2024":null},"geometry":{"type":"LineString","coordinates":[[40.1175,-1.2578],[40.1242,-1.26],[40.1308,-1.2578],[40.1408,-1.2644],[40.1464,-1.2589],[40.1542,-1.2589],[40.1586,-1.2656],[40.1631,-1.2644]]}},{"type":"Feature","properties":{"id":"LG-1270","lagha_class":"III – Medium lagha (100–500 km²)","ff_hazard":"Low","ff_index":14.9,"system":"North-East coastal drainage","upstream_km2":304.3,"strahler":3,"length_km":6.02,"near_town":"Masabubu","dist_town_km":18.3,"flooded_2023":false,"flooded_2024":null},"geometry":{"type":"LineString","coordinates":[[40.1631,-1.2644],[40.1653,-1.2678],[40.1786,-1.2644],[40.1864,-1.2744],[40.1886,-1.2733],[40.1908,-1.2767],[40.1897,-1.28],[40.1942,-1.2811],[40.1975,-1.2856]]}},{"type":"Feature","properties":{"id":"LG-1272","lagha_class":"IV – Minor lagha / gully (15–100 km²)","ff_hazard":"Low","ff_index":8.8,"system":"North-East coastal drainage","upstream_km2":97.3,"strahler":2,"length_km":1.02,"near_town":"Ijara","dist_town_km":30.8,"flooded_2023":false,"flooded_2024":null},"geometry":{"type":"LineString","coordinates":[[40.4986,-1.3078],[40.5008,-1.3067],[40.5031,-1.3089],[40.5064,-1.3089]]}},{"type":"Feature","properties":{"id":"LG-1273","lagha_class":"II – Large lagha (500–2,000 km²)","ff_hazard":"Moderate","ff_index":17.4,"system":"North-East coastal drainage","upstream_km2":540.8,"strahler":3,"length_km":34.39,"near_town":"Masabubu","dist_town_km":24.4,"flooded_2023":false,"flooded_2024":null},"geometry":{"type":"LineString","coordinates":[[40.2253,-1.2456],[40.2275,-1.2478],[40.2253,-1.25],[40.2264,-1.2545],[40.2242,-1.2578],[40.2297,-1.2622],[40.2264,-1.2656],[40.2275,-1.2678],[40.2342,-1.2678],[40.2375,-1.2633],[40.2408,-1.2622],[40.2508,-1.2633],[40.2653,-1.2744],[40.2664,-1.2778],[40.2619,-1.2778],[40.2575,-1.2822],[40.2619,-1.2878],[40.2586,-1.2911],[40.2664,-1.2989],[40.2719,-1.2989],[40.2753,-1.2956],[40.2786,-1.2978],[40.2764,-1.3022],[40.282,-1.3067],[40.2842,-1.3111],[40.2864,-1.3278],[40.2908,-1.3311],[40.2886,-1.3344],[40.2897,-1.3356],[40.2931,-1.3333],[40.2997,-1.3422],[40.3064,-1.3422],[40.3131,-1.3356],[40.3186,-1.3356],[40.3264,-1.3489],[40.3264,-1.3544],[40.3319,-1.36],[40.3353,-1.36],[40.3375,-1.3667],[40.3364,-1.3689],[40.3397,-1.3722],[40.3297,-1.38],[40.3319,-1.3822],[40.3308,-1.3856],[40.3342,-1.3922],[40.3319,-1.3989],[40.3331,-1.4033]]}},{"type":"Feature","properties":{"id":"LG-1274","lagha_class":"IV – Minor lagha / gully (15–100 km²)","ff_hazard":"Low","ff_index":9.1,"system":"North-East coastal drainage","upstream_km2":96.6,"strahler":2,"length_km":2.31,"near_town":"Ijara","dist_town_km":36.7,"flooded_2023":false,"flooded_2024":null},"geometry":{"type":"LineString","coordinates":[[40.5475,-1.2478],[40.5419,-1.2478],[40.5386,-1.2522],[40.532,-1.2545]]}},{"type":"Feature","properties":{"id":"LG-1275","lagha_class":"IV – Minor lagha / gully (15–100 km²)","ff_hazard":"Low","ff_index":9.3,"system":"North-East coastal drainage","upstream_km2":99.3,"strahler":2,"length_km":5.23,"near_town":"Ijara","dist_town_km":33.5,"flooded_2023":false,"flooded_2024":null},"geometry":{"type":"LineString","coordinates":[[40.532,-1.2545],[40.5331,-1.2567],[40.5308,-1.2633],[40.5275,-1.2656],[40.5297,-1.2711],[40.5275,-1.2733],[40.5286,-1.2767],[40.5231,-1.2811],[40.5175,-1.2789],[40.5153,-1.2833]]}},{"type":"Feature","properties":{"id":"LG-1276","lagha_class":"I – Major lagha (≥2,000 km²)","ff_hazard":"Moderate","ff_index":25.2,"system":"North-East coastal drainage","upstream_km2":2506.8,"strahler":4,"length_km":3.62,"near_town":"Ijara","dist_town_km":30.8,"flooded_2023":false,"flooded_2024":null},"geometry":{"type":"LineString","coordinates":[[40.5153,-1.2833],[40.5142,-1.29],[40.5097,-1.2956],[40.5119,-1.3],[40.5075,-1.3044],[40.5064,-1.3089]]}},{"type":"Feature","properties":{"id":"LG-1277","lagha_class":"I – Major lagha (≥2,000 km²)","ff_hazard":"Moderate","ff_index":24.8,"system":"North-East coastal drainage","upstream_km2":2622.8,"strahler":4,"length_km":5.58,"near_town":"Ijara","dist_town_km":27.7,"flooded_2023":false,"flooded_2024":null},"geometry":{"type":"LineString","coordinates":[[40.5064,-1.3089],[40.5131,-1.3144],[40.5153,-1.3122],[40.5186,-1.3144],[40.5208,-1.3133],[40.5286,-1.3211],[40.5297,-1.3289],[40.5331,-1.3289],[40.532,-1.3356]]}},{"type":"Feature","properties":{"id":"LG-1278","lagha_class":"III – Medium lagha (100–500 km²)","ff_hazard":"Low","ff_index":11.3,"system":"North-East coastal drainage","upstream_km2":107.4,"strahler":2,"length_km":1.61,"near_town":"Kolbio","dist_town_km":13.7,"flooded_2023":false,"flooded_2024":null},"geometry":{"type":"LineString","coordinates":[[41.2319,-1.2611],[41.2275,-1.2667],[41.2286,-1.2733]]}},{"type":"Feature","properties":{"id":"LG-1279","lagha_class":"III – Medium lagha (100–500 km²)","ff_hazard":"Moderate","ff_index":20.9,"system":"North-East coastal drainage","upstream_km2":134.6,"strahler":2,"length_km":6.76,"near_town":"Kolbio","dist_town_km":15.0,"flooded_2023":true,"flooded_2024":null},"geometry":{"type":"LineString","coordinates":[[41.2286,-1.2733],[41.2319,-1.2767],[41.2308,-1.2911],[41.2219,-1.2989],[41.2219,-1.3045],[41.2275,-1.31],[41.2253,-1.3211]]}},{"type":"Feature","properties":{"id":"LG-1281","lagha_class":"II – Large lagha (500–2,000 km²)","ff_hazard":"High","ff_index":28.2,"system":"North-East coastal drainage","upstream_km2":606.6,"strahler":3,"length_km":4.86,"near_town":"Kolbio","dist_town_km":16.9,"flooded_2023":true,"flooded_2024":null},"geometry":{"type":"LineString","coordinates":[[41.2019,-1.2911],[41.2086,-1.2989],[41.2131,-1.3011],[41.212,-1.3033],[41.2175,-1.3144],[41.2253,-1.3211]]}},{"type":"Feature","properties":{"id":"LG-1282","lagha_class":"II – Large lagha (500–2,000 km²)","ff_hazard":"High","ff_index":29.3,"system":"North-East coastal drainage","upstream_km2":750.9,"strahler":3,"length_km":3.76,"near_town":"Kolbio","dist_town_km":20.2,"flooded_2023":true,"flooded_2024":null},"geometry":{"type":"LineString","coordinates":[[41.2253,-1.3211],[41.2242,-1.3222],[41.2264,-1.3256],[41.2308,-1.3267],[41.2297,-1.34],[41.2253,-1.3467]]}},{"type":"Feature","properties":{"id":"LG-1285","lagha_class":"II – Large lagha (500–2,000 km²)","ff_hazard":"Moderate","ff_index":24.1,"system":"North-East coastal drainage","upstream_km2":975.9,"strahler":3,"length_km":2.61,"near_town":"Ijara","dist_town_km":43.9,"flooded_2023":false,"flooded_2024":null},"geometry":{"type":"LineString","coordinates":[[40.8064,-1.2767],[40.7997,-1.28],[40.7942,-1.2856],[40.7942,-1.2922]]}},{"type":"Feature","properties":{"id":"LG-1286","lagha_class":"II – Large lagha (500–2,000 km²)","ff_hazard":"Moderate","ff_index":19.7,"system":"North-East coastal drainage","upstream_km2":999.1,"strahler":3,"length_km":1.17,"near_town":"Ijara","dist_town_km":43.5,"flooded_2023":false,"flooded_2024":null},"geometry":{"type":"LineString","coordinates":[[40.7942,-1.2922],[40.7908,-1.2945],[40.7953,-1.2967]]}},{"type":"Feature","properties":{"id":"LG-1287","lagha_class":"I – Major lagha (≥2,000 km²)","ff_hazard":"Moderate","ff_index":27.2,"system":"North-East coastal drainage","upstream_km2":4137.7,"strahler":4,"length_km":16.5,"near_town":"Kolbio","dist_town_km":43.1,"flooded_2023":false,"flooded_2024":null},"geometry":{"type":"LineString","coordinates":[[40.7953,-1.2967],[40.8019,-1.3022],[40.8008,-1.3044],[40.8031,-1.3078],[40.8097,-1.3067],[40.8142,-1.3144],[40.8242,-1.3233],[40.8231,-1.3256],[40.8253,-1.3289],[40.8408,-1.3422],[40.8508,-1.3444],[40.8542,-1.35],[40.8619,-1.3467],[40.8642,-1.3511],[40.8731,-1.3511],[40.8753,-1.3544],[40.8797,-1.3544],[40.8808,-1.3578],[40.8853,-1.36],[40.8875,-1.36],[40.8886,-1.3578],[40.8942,-1.36]]}},{"type":"Feature","properties":{"id":"LG-1289","lagha_class":"I – Major lagha (≥2,000 km²)","ff_hazard":"High","ff_index":28.3,"system":"North-East coastal drainage","upstream_km2":4137.7,"strahler":4,"length_km":10.4,"near_town":"Kolbio","dist_town_km":41.5,"flooded_2023":false,"flooded_2024":null},"geometry":{"type":"LineString","coordinates":[[40.8608,-1.2889],[40.8686,-1.2989],[40.8719,-1.3],[40.8797,-1.3078],[40.8808,-1.3133],[40.8831,-1.3144],[40.8853,-1.3244],[40.8831,-1.3267],[40.882,-1.3367],[40.8842,-1.34],[40.8919,-1.3433],[40.8953,-1.3578],[40.8942,-1.36]]}},{"type":"Feature","properties":{"id":"LG-1290","lagha_class":"I – Major lagha (≥2,000 km²)","ff_hazard":"Very High","ff_index":36.9,"system":"North-East coastal drainage","upstream_km2":4253.9,"strahler":4,"length_km":11.49,"near_town":"Mararani No10","dist_town_km":38.7,"flooded_2023":true,"flooded_2024":null},"geometry":{"type":"LineString","coordinates":[[40.8942,-1.36],[40.8986,-1.3644],[40.9042,-1.3667],[40.9075,-1.3722],[40.9153,-1.3711],[40.9186,-1.3744],[40.922,-1.3733],[40.9286,-1.3778],[40.9308,-1.3767],[40.9353,-1.3822],[40.9386,-1.3822],[40.9375,-1.39],[40.9408,-1.3967],[40.9408,-1.4044],[40.9342,-1.4122],[40.9331,-1.4178]]}},{"type":"Feature","properties":{"id":"LG-1292","lagha_class":"IV – Minor lagha / gully (15–100 km²)","ff_hazard":"Moderate","ff_index":18.8,"system":"North-East coastal drainage","upstream_km2":76.1,"strahler":2,"length_km":10.27,"near_town":"Kolbio","dist_town_km":24.6,"flooded_2023":true,"flooded_2024":null},"geometry":{"type":"LineString","coordinates":[[41.0597,-1.2989],[41.0586,-1.3],[41.0631,-1.3067],[41.0675,-1.3078],[41.0708,-1.3122],[41.0742,-1.3133],[41.0742,-1.3189],[41.0797,-1.3256],[41.0842,-1.3256],[41.0931,-1.33],[41.102,-1.3489],[41.1064,-1.3544],[41.1064,-1.36]]}},{"type":"Feature","properties":{"id":"LG-1293","lagha_class":"III – Medium lagha (100–500 km²)","ff_hazard":"Moderate","ff_index":22.5,"system":"North-East coastal drainage","upstream_km2":198.0,"strahler":2,"length_km":6.43,"near_town":"Kolbio","dist_town_km":24.2,"flooded_2023":true,"flooded_2024":null},"geometry":{"type":"LineString","coordinates":[[41.1064,-1.36],[41.1108,-1.36],[41.1142,-1.3622],[41.1175,-1.36],[41.1331,-1.3611],[41.1442,-1.3544],[41.1464,-1.35],[41.1542,-1.35]]}},{"type":"Feature","properties":{"id":"LG-1294","lagha_class":"III – Medium lagha (100–500 km²)","ff_hazard":"Low","ff_index":15.9,"system":"North-East coastal drainage","upstream_km2":311.6,"strahler":2,"length_km":7.62,"near_town":"Kolbio","dist_town_km":22.5,"flooded_2023":false,"flooded_2024":null},"geometry":{"type":"LineString","coordinates":[[41.1542,-1.35],[41.1553,-1.3511],[41.1642,-1.3411],[41.172,-1.3389],[41.1753,-1.3411],[41.1797,-1.34],[41.1819,-1.3433],[41.1919,-1.3444],[41.1975,-1.3511],[41.2008,-1.35],[41.2042,-1.3544],[41.2064,-1.3544]]}},{"type":"Feature","properties":{"id":"LG-1296","lagha_class":"IV – Minor lagha / gully (15–100 km²)","ff_hazard":"Moderate","ff_index":19.6,"system":"North-East coastal drainage","upstream_km2":97.5,"strahler":2,"length_km":9.47,"near_town":"Ijara","dist_town_km":26.1,"flooded_2023":true,"flooded_2024":null},"geometry":{"type":"LineString","coordinates":[[40.5553,-1.2856],[40.5542,-1.29],[40.5597,-1.2967],[40.5586,-1.3],[40.5653,-1.3067],[40.5586,-1.3311],[40.5542,-1.3356],[40.5575,-1.3378],[40.5553,-1.3422],[40.5597,-1.3467],[40.5597,-1.3522]]}},{"type":"Feature","properties":{"id":"LG-1297","lagha_class":"IV – Minor lagha / gully (15–100 km²)","ff_hazard":"Low","ff_index":9.3,"system":"North-East coastal drainage","upstream_km2":98.9,"strahler":2,"length_km":2.16,"near_town":"Ijara","dist_town_km":25.2,"flooded_2023":false,"flooded_2024":null},"geometry":{"type":"LineString","coordinates":[[40.5597,-1.3522],[40.5564,-1.3556],[40.5542,-1.3533],[40.5519,-1.3556],[40.5497,-1.3544],[40.5464,-1.3589]]}},{"type":"Feature","properties":{"id":"LG-1299","lagha_class":"II – Large lagha (500–2,000 km²)","ff_hazard":"Moderate","ff_index":20.1,"system":"North-East coastal drainage","upstream_km2":889.8,"strahler":3,"length_km":8.95,"near_town":"Ijara","dist_town_km":18.0,"flooded_2023":false,"flooded_2024":null},"geometry":{"type":"LineString","coordinates":[[40.4375,-1.4],[40.4353,-1.4022],[40.4364,-1.4056],[40.4319,-1.41],[40.4286,-1.41],[40.4297,-1.4122],[40.4264,-1.4167],[40.4297,-1.4189],[40.4275,-1.4222],[40.4308,-1.4278],[40.4286,-1.43],[40.4297,-1.4333],[40.4275,-1.4367],[40.4275,-1.4456],[40.4297,-1.4478],[40.4264,-1.4533],[40.4264,-1.46]]}},{"type":"Feature","properties":{"id":"LG-1301","lagha_class":"III – Medium lagha (100–500 km²)","ff_hazard":"Low","ff_index":15.0,"system":"North-East coastal drainage","upstream_km2":327.8,"strahler":3,"length_km":1.37,"near_town":"Masabubu","dist_town_km":22.7,"flooded_2023":false,"flooded_2024":null},"geometry":{"type":"LineString","coordinates":[[40.1975,-1.2856],[40.2031,-1.29],[40.2075,-1.2889]]}},{"type":"Feature","properties":{"id":"LG-1302","lagha_class":"III – Medium lagha (100–500 km²)","ff_hazard":"Low","ff_index":15.1,"system":"North-East coastal drainage","upstream_km2":372.5,"strahler":3,"length_km":0.82,"near_town":"Masabubu","dist_town_km":23.9,"flooded_2023":false,"flooded_2024":null},"geometry":{"type":"LineString","coordinates":[[40.2075,-1.2889],[40.2131,-1.2933]]}},{"type":"Feature","properties":{"id":"LG-1304","lagha_class":"IV – Minor lagha / gully (15–100 km²)","ff_hazard":"Low","ff_index":7.5,"system":"North-East coastal drainage","upstream_km2":59.0,"strahler":2,"length_km":3.79,"near_town":"Kolbio","dist_town_km":22.3,"flooded_2023":false,"flooded_2024":null},"geometry":{"type":"LineString","coordinates":[[41.3264,-1.3056],[41.3286,-1.3089],[41.3253,-1.3122],[41.3242,-1.3189],[41.3219,-1.3211],[41.3264,-1.3333]]}},{"type":"Feature","properties":{"id":"LG-1306","lagha_class":"III – Medium lagha (100–500 km²)","ff_hazard":"Low","ff_index":15.9,"system":"North-East coastal drainage","upstream_km2":441.2,"strahler":3,"length_km":3.63,"near_town":"Masabubu","dist_town_km":24.6,"flooded_2023":false,"flooded_2024":null},"geometry":{"type":"LineString","coordinates":[[40.2131,-1.2933],[40.2242,-1.3044],[40.2308,-1.3044],[40.2264,-1.3089],[40.2286,-1.3111]]}},{"type":"Feature","properties":{"id":"LG-1307","lagha_class":"IV – Minor lagha / gully (15–100 km²)","ff_hazard":"Low","ff_index":6.2,"system":"Local ephemeral drainage","upstream_km2":44.5,"strahler":2,"length_km":5.85,"near_town":"Kolbio","dist_town_km":30.3,"flooded_2023":false,"flooded_2024":null},"geometry":{"type":"LineString","coordinates":[[41.0008,-1.3111],[40.9997,-1.3122],[41.0019,-1.3178],[41.0042,-1.3178],[41.0097,-1.3233],[41.0142,-1.3322],[41.0142,-1.3444],[41.0108,-1.3511]]}},{"type":"Feature","properties":{"id":"LG-1308","lagha_class":"III – Medium lagha (100–500 km²)","ff_hazard":"Moderate","ff_index":17.2,"system":"North-East coastal drainage","upstream_km2":441.2,"strahler":3,"length_km":3.62,"near_town":"Masabubu","dist_town_km":26.6,"flooded_2023":false,"flooded_2024":null},"geometry":{"type":"LineString","coordinates":[[40.2164,-1.3267],[40.2286,-1.3233],[40.2231,-1.3167],[40.2286,-1.3111]]}},{"type":"Feature","properties":{"id":"LG-1309","lagha_class":"II – Large lagha (500–2,000 km²)","ff_hazard":"Moderate","ff_index":17.6,"system":"North-East coastal drainage","upstream_km2":540.8,"strahler":3,"length_km":19.36,"near_town":"Masabubu","dist_town_km":27.0,"flooded_2023":false,"flooded_2024":null},"geometry":{"type":"LineString","coordinates":[[40.2286,-1.3111],[40.2342,-1.3144],[40.2364,-1.3178],[40.2353,-1.32],[40.2386,-1.3233],[40.2408,-1.3211],[40.2453,-1.3244],[40.2475,-1.3233],[40.2497,-1.33],[40.2586,-1.3378],[40.2653,-1.34],[40.2686,-1.3478],[40.2786,-1.3567],[40.2864,-1.3589],[40.2964,-1.3678],[40.2997,-1.3667],[40.3064,-1.37],[40.3086,-1.3733],[40.3064,-1.3789],[40.3108,-1.3822],[40.3097,-1.3844],[40.312,-1.3856],[40.3142,-1.3833],[40.3164,-1.3878],[40.3253,-1.3933],[40.3253,-1.3978],[40.3331,-1.4033]]}},{"type":"Feature","properties":{"id":"LG-1310","lagha_class":"II – Large lagha (500–2,000 km²)","ff_hazard":"Moderate","ff_index":18.4,"system":"North-East coastal drainage","upstream_km2":644.7,"strahler":3,"length_km":3.15,"near_town":"Ijara","dist_town_km":27.3,"flooded_2023":false,"flooded_2024":null},"geometry":{"type":"LineString","coordinates":[[40.3331,-1.4033],[40.3419,-1.4078],[40.3464,-1.4122],[40.3442,-1.4156],[40.3497,-1.4178]]}},{"type":"Feature","properties":{"id":"LG-1311","lagha_class":"IV – Minor lagha / gully (15–100 km²)","ff_hazard":"Low","ff_index":6.1,"system":"Local ephemeral drainage","upstream_km2":44.5,"strahler":2,"length_km":3.78,"near_town":"Kolbio","dist_town_km":31.5,"flooded_2023":false,"flooded_2024":null},"geometry":{"type":"LineString","coordinates":[[41.0008,-1.3278],[41.0019,-1.3311],[41.0086,-1.3367],[41.0031,-1.3433],[41.0108,-1.3511]]}},{"type":"Feature","properties":{"id":"LG-1312","lagha_class":"III – Medium lagha (100–500 km²)","ff_hazard":"Low","ff_index":15.5,"system":"North-East coastal drainage","upstream_km2":292.0,"strahler":3,"length_km":10.87,"near_town":"Mararani No10","dist_town_km":31.1,"flooded_2023":false,"flooded_2024":null},"geometry":{"type":"LineString","coordinates":[[41.0108,-1.3511],[41.0119,-1.3578],[41.0097,-1.36],[41.0097,-1.3633],[41.0175,-1.3689],[41.0153,-1.3711],[41.0175,-1.3733],[41.0142,-1.3789],[41.0208,-1.3889],[41.0242,-1.4044],[41.0153,-1.4089],[41.0086,-1.4222]]}},{"type":"Feature","properties":{"id":"LG-1313","lagha_class":"I – Major lagha (≥2,000 km²)","ff_hazard":"Very High","ff_index":37.8,"system":"North-East coastal drainage","upstream_km2":4900.8,"strahler":4,"length_km":13.79,"near_town":"Mararani No10","dist_town_km":25.3,"flooded_2023":true,"flooded_2024":null},"geometry":{"type":"LineString","coordinates":[[41.0086,-1.4222],[41.0097,-1.43],[41.0119,-1.4322],[41.0108,-1.44],[41.0053,-1.4456],[41.0019,-1.4533],[40.9964,-1.4578],[40.9964,-1.4644],[40.9897,-1.4744],[40.9953,-1.4856],[40.9931,-1.4922],[41.0019,-1.4978],[41.0108,-1.5067],[41.0153,-1.5078],[41.0219,-1.5144]]}},{"type":"Feature","properties":{"id":"LG-1314","lagha_class":"I – Major lagha (≥2,000 km²)","ff_hazard":"Moderate","ff_index":25.3,"system":"North-East coastal drainage","upstream_km2":2622.8,"strahler":4,"length_km":2.53,"near_town":"Ijara","dist_town_km":27.7,"flooded_2023":false,"flooded_2024":null},"geometry":{"type":"LineString","coordinates":[[40.5142,-1.3333],[40.5153,-1.3356],[40.5208,-1.3356],[40.5286,-1.3322],[40.532,-1.3356]]}},{"type":"Feature","properties":{"id":"LG-1315","lagha_class":"I – Major lagha (≥2,000 km²)","ff_hazard":"Moderate","ff_index":24.9,"system":"North-East coastal drainage","upstream_km2":2677.5,"strahler":4,"length_km":3.96,"near_town":"Ijara","dist_town_km":25.2,"flooded_2023":false,"flooded_2024":null},"geometry":{"type":"LineString","coordinates":[[40.532,-1.3356],[40.5331,-1.34],[40.5364,-1.34],[40.5342,-1.3433],[40.5364,-1.3533],[40.5464,-1.3589]]}},{"type":"Feature","properties":{"id":"LG-1316","lagha_class":"I – Major lagha (≥2,000 km²)","ff_hazard":"Moderate","ff_index":25.2,"system":"North-East coastal drainage","upstream_km2":2811.4,"strahler":4,"length_km":2.85,"near_town":"Ijara","dist_town_km":23.7,"flooded_2023":false,"flooded_2024":null},"geometry":{"type":"LineString","coordinates":[[40.5464,-1.3589],[40.5575,-1.3667],[40.5564,-1.3678],[40.5597,-1.37],[40.5608,-1.3744]]}},{"type":"Feature","properties":{"id":"LG-1318","lagha_class":"II – Large lagha (500–2,000 km²)","ff_hazard":"Moderate","ff_index":21.5,"system":"North-East coastal drainage","upstream_km2":1438.2,"strahler":3,"length_km":0.52,"near_town":"Kolbio","dist_town_km":25.7,"flooded_2023":false,"flooded_2024":null},"geometry":{"type":"LineString","coordinates":[[41.3353,-1.34],[41.3331,-1.3378],[41.3342,-1.3367]]}},{"type":"Feature","properties":{"id":"LG-1320","lagha_class":"III – Medium lagha (100–500 km²)","ff_hazard":"Low","ff_index":11.8,"system":"Tana basin","upstream_km2":148.8,"strahler":2,"length_km":24.36,"near_town":"Masabubu","dist_town_km":17.9,"flooded_2023":false,"flooded_2024":null},"geometry":{"type":"LineString","coordinates":[[40.0753,-1.3533],[40.0753,-1.3567],[40.0786,-1.36],[40.0831,-1.3578],[40.0919,-1.3622],[40.1031,-1.3711],[40.1042,-1.37],[40.1108,-1.3744],[40.1153,-1.3722],[40.1197,-1.3767],[40.1253,-1.3778],[40.1308,-1.3833],[40.1297,-1.3867],[40.1353,-1.3933],[40.132,-1.4022],[40.1286,-1.4022],[40.1253,-1.4056],[40.1186,-1.4044],[40.1108,-1.4156],[40.1097,-1.4222],[40.1153,-1.4322],[40.1131,-1.4322],[40.1097,-1.4367],[40.1175,-1.4411],[40.1175,-1.4467],[40.1153,-1.4511],[40.1197,-1.4578],[40.1197,-1.4656],[40.1175,-1.4678],[40.1197,-1.4711],[40.1186,-1.4744],[40.1153,-1.4789],[40.1108,-1.4811]]}},{"type":"Feature","properties":{"id":"LG-1324","lagha_class":"IV – Minor lagha / gully (15–100 km²)","ff_hazard":"Low","ff_index":9.3,"system":"North-East coastal drainage","upstream_km2":91.8,"strahler":2,"length_km":6.38,"near_town":"Ijara","dist_town_km":37.1,"flooded_2023":false,"flooded_2024":null},"geometry":{"type":"LineString","coordinates":[[40.8019,-1.3889],[40.8064,-1.3944],[40.8042,-1.3978],[40.8131,-1.4022],[40.8197,-1.4111],[40.8175,-1.4156],[40.8186,-1.4178],[40.8297,-1.4267]]}},{"type":"Feature","properties":{"id":"LG-1325","lagha_class":"III – Medium lagha (100–500 km²)","ff_hazard":"Low","ff_index":15.2,"system":"North-East coastal drainage","upstream_km2":311.6,"strahler":2,"length_km":6.55,"near_town":"Mararani No10","dist_town_km":23.7,"flooded_2023":false,"flooded_2024":null},"geometry":{"type":"LineString","coordinates":[[41.1697,-1.3778],[41.1742,-1.3767],[41.1786,-1.38],[41.1864,-1.3756],[41.1875,-1.37],[41.1897,-1.3689],[41.1919,-1.3711],[41.1942,-1.3644],[41.2008,-1.3622],[41.2064,-1.3544]]}},{"type":"Feature","properties":{"id":"LG-1326","lagha_class":"III – Medium lagha (100–500 km²)","ff_hazard":"Moderate","ff_index":25.0,"system":"North-East coastal drainage","upstream_km2":361.9,"strahler":2,"length_km":3.82,"near_town":"Kolbio","dist_town_km":23.0,"flooded_2023":true,"flooded_2024":null},"geometry":{"type":"LineString","coordinates":[[41.2064,-1.3544],[41.2108,-1.3511],[41.212,-1.3467],[41.2131,-1.3489],[41.2164,-1.3467],[41.2186,-1.3522],[41.2231,-1.3467],[41.2253,-1.3467]]}},{"type":"Feature","properties":{"id":"LG-1327","lagha_class":"II – Large lagha (500–2,000 km²)","ff_hazard":"High","ff_index":31.2,"system":"North-East coastal drainage","upstream_km2":1141.6,"strahler":3,"length_km":7.2,"near_town":"Kolbio","dist_town_km":23.0,"flooded_2023":true,"flooded_2024":null},"geometry":{"type":"LineString","coordinates":[[41.2253,-1.3467],[41.2297,-1.3511],[41.2319,-1.3578],[41.2308,-1.3633],[41.2353,-1.3689],[41.2375,-1.3678],[41.2397,-1.37],[41.2431,-1.37],[41.2486,-1.3767],[41.2508,-1.3756],[41.2508,-1.3722],[41.2531,-1.37],[41.2619,-1.3711]]}},{"type":"Feature","properties":{"id":"LG-1328","lagha_class":"I – Major lagha (≥2,000 km²)","ff_hazard":"Very High","ff_index":44.4,"system":"Local ephemeral drainage","upstream_km2":21152.3,"strahler":5,"length_km":5.35,"near_town":"Masabubu","dist_town_km":21.6,"flooded_2023":true,"flooded_2024":null},"geometry":{"type":"LineString","coordinates":[[40.0451,-1.3976],[40.0486,-1.3989],[40.0519,-1.3967]]}},{"type":"Feature","properties":{"id":"LG-1329","lagha_class":"I – Major lagha (≥2,000 km²)","ff_hazard":"Very High","ff_index":44.8,"system":"Tana basin","upstream_km2":21672.1,"strahler":5,"length_km":13.71,"near_town":"Masabubu","dist_town_km":21.7,"flooded_2023":true,"flooded_2024":null},"geometry":{"type":"LineString","coordinates":[[40.0519,-1.3967],[40.0597,-1.4078],[40.0586,-1.4156],[40.0564,-1.4178],[40.062,-1.4278],[40.062,-1.44],[40.0597,-1.45],[40.0664,-1.4578],[40.0664,-1.4633],[40.0719,-1.4689],[40.0686,-1.4756],[40.0664,-1.4778],[40.0631,-1.4778],[40.062,-1.4844]]}},{"type":"Feature","properties":{"id":"LG-1331","lagha_class":"I – Major lagha (≥2,000 km²)","ff_hazard":"Moderate","ff_index":25.3,"system":"North-East coastal drainage","upstream_km2":2811.4,"strahler":4,"length_km":8.69,"near_town":"Ijara","dist_town_km":21.2,"flooded_2023":false,"flooded_2024":null},"geometry":{"type":"LineString","coordinates":[[40.5131,-1.3922],[40.5175,-1.39],[40.5231,-1.3944],[40.5264,-1.39],[40.5275,-1.3911],[40.5364,-1.3867],[40.5386,-1.3822],[40.5464,-1.38],[40.5475,-1.3744],[40.5453,-1.37],[40.5475,-1.3678],[40.5553,-1.3744],[40.5608,-1.3744]]}},{"type":"Feature","properties":{"id":"LG-1332","lagha_class":"I – Major lagha (≥2,000 km²)","ff_hazard":"Moderate","ff_index":24.7,"system":"North-East coastal drainage","upstream_km2":2839.0,"strahler":4,"length_km":3.65,"near_town":"Ijara","dist_town_km":21.6,"flooded_2023":false,"flooded_2024":null},"geometry":{"type":"LineString","coordinates":[[40.5608,-1.3744],[40.5653,-1.3778],[40.562,-1.3822],[40.5686,-1.3867],[40.5697,-1.39],[40.5675,-1.3922],[40.5719,-1.3956]]}},{"type":"Feature","properties":{"id":"LG-1333","lagha_class":"I – Major lagha (≥2,000 km²)","ff_hazard":"Moderate","ff_index":25.1,"system":"North-East coastal drainage","upstream_km2":2894.1,"strahler":4,"length_km":5.51,"near_town":"Ijara","dist_town_km":18.9,"flooded_2023":false,"flooded_2024":null},"geometry":{"type":"LineString","coordinates":[[40.5719,-1.3956],[40.5764,-1.3978],[40.5819,-1.4056],[40.5864,-1.4144],[40.5853,-1.4189],[40.5886,-1.4211],[40.5864,-1.4244],[40.5942,-1.4278]]}},{"type":"Feature","properties":{"id":"LG-1334","lagha_class":"III – Medium lagha (100–500 km²)","ff_hazard":"Low","ff_index":13.2,"system":"North-East coastal drainage","upstream_km2":217.3,"strahler":2,"length_km":10.54,"near_town":"Ijara","dist_town_km":24.3,"flooded_2023":false,"flooded_2024":null},"geometry":{"type":"LineString","coordinates":[[40.7175,-1.3967],[40.7219,-1.4056],[40.7197,-1.4056],[40.7175,-1.4078],[40.7186,-1.41],[40.7086,-1.4178],[40.7086,-1.4233],[40.7053,-1.4222],[40.7031,-1.4244],[40.6997,-1.4244],[40.6964,-1.4311],[40.6864,-1.4333],[40.6864,-1.4289],[40.6808,-1.4256],[40.6797,-1.42],[40.6731,-1.4211]]}},{"type":"Feature","properties":{"id":"LG-1335","lagha_class":"I – Major lagha (≥2,000 km²)","ff_hazard":"Very High","ff_index":41.8,"system":"North-East coastal drainage","upstream_km2":2973.1,"strahler":4,"length_km":8.96,"near_town":"Ijara","dist_town_km":19.7,"flooded_2023":false,"flooded_2024":null},"geometry":{"type":"LineString","coordinates":[[40.6731,-1.4211],[40.6697,-1.4244],[40.6708,-1.4345],[40.6675,-1.4411],[40.6675,-1.45],[40.6753,-1.4556],[40.6675,-1.4633],[40.6675,-1.4711],[40.672,-1.4744],[40.6731,-1.4833]]}},{"type":"Feature","properties":{"id":"LG-1338","lagha_class":"I – Major lagha (≥2,000 km²)","ff_hazard":"Very High","ff_index":37.6,"system":"North-East coastal drainage","upstream_km2":4537.8,"strahler":4,"length_km":12.1,"near_town":"Mararani No10","dist_town_km":32.5,"flooded_2023":true,"flooded_2024":null},"geometry":{"type":"LineString","coordinates":[[40.9331,-1.4178],[40.9331,-1.4244],[40.9308,-1.4289],[40.9342,-1.4378],[40.9342,-1.4444],[40.9375,-1.4467],[40.9397,-1.4445],[40.9408,-1.4489],[40.9442,-1.4522],[40.9442,-1.4556],[40.9419,-1.4578],[40.9431,-1.4645],[40.9519,-1.4645],[40.9508,-1.4689],[40.9575,-1.4733],[40.9564,-1.48],[40.9597,-1.4867],[40.9586,-1.4922],[40.9608,-1.4933]]}},{"type":"Feature","properties":{"id":"LG-1340","lagha_class":"IV – Minor lagha / gully (15–100 km²)","ff_hazard":"Moderate","ff_index":19.4,"system":"North-East coastal drainage","upstream_km2":99.7,"strahler":2,"length_km":27.52,"near_town":"Kanjonja","dist_town_km":22.3,"flooded_2023":true,"flooded_2024":null},"geometry":{"type":"LineString","coordinates":[[40.1642,-1.4133],[40.1653,-1.4156],[40.1597,-1.4256],[40.1664,-1.4311],[40.1708,-1.4311],[40.1764,-1.4367],[40.1731,-1.4433],[40.1786,-1.4467],[40.1808,-1.4511],[40.1808,-1.4556],[40.1742,-1.4644],[40.1786,-1.4667],[40.1742,-1.4733],[40.1764,-1.4789],[40.1742,-1.4811],[40.1742,-1.4878],[40.1864,-1.4978],[40.1853,-1.5022],[40.1875,-1.5045],[40.2008,-1.5122],[40.2053,-1.5122],[40.2075,-1.51],[40.2108,-1.5111],[40.2164,-1.5067],[40.2186,-1.5089],[40.2186,-1.5156],[40.2264,-1.5144],[40.2319,-1.5078],[40.2364,-1.51],[40.2486,-1.5078],[40.2531,-1.5111],[40.2575,-1.5111],[40.2664,-1.52],[40.2719,-1.52]]}},{"type":"Feature","properties":{"id":"LG-1342","lagha_class":"II – Large lagha (500–2,000 km²)","ff_hazard":"Moderate","ff_index":19.4,"system":"North-East coastal drainage","upstream_km2":730.3,"strahler":3,"length_km":17.5,"near_town":"Ijara","dist_town_km":26.7,"flooded_2023":false,"flooded_2024":null},"geometry":{"type":"LineString","coordinates":[[40.2553,-1.4156],[40.2664,-1.4256],[40.2708,-1.4233],[40.2753,-1.4278],[40.2753,-1.4333],[40.2797,-1.4389],[40.2842,-1.4345],[40.2831,-1.4278],[40.2853,-1.4256],[40.2931,-1.4256],[40.2953,-1.43],[40.3042,-1.4211],[40.3153,-1.4211],[40.3175,-1.4256],[40.3308,-1.4178],[40.3375,-1.4211],[40.3408,-1.4189],[40.3486,-1.4267],[40.352,-1.4211],[40.3497,-1.4178]]}},{"type":"Feature","properties":{"id":"LG-1343","lagha_class":"II – Large lagha (500–2,000 km²)","ff_hazard":"Moderate","ff_index":18.9,"system":"North-East coastal drainage","upstream_km2":766.3,"strahler":3,"length_km":8.78,"near_town":"Ijara","dist_town_km":21.7,"flooded_2023":false,"flooded_2024":null},"geometry":{"type":"LineString","coordinates":[[40.3497,-1.4178],[40.352,-1.4156],[40.3553,-1.4167],[40.3631,-1.4133],[40.3686,-1.42],[40.3786,-1.4233],[40.3842,-1.42],[40.3864,-1.4222],[40.3864,-1.4256],[40.3897,-1.4256],[40.3919,-1.4233],[40.3931,-1.4244],[40.3919,-1.4278],[40.3975,-1.4311],[40.3997,-1.4389]]}},{"type":"Feature","properties":{"id":"LG-1344","lagha_class":"II – Large lagha (500–2,000 km²)","ff_hazard":"High","ff_index":33.5,"system":"North-East coastal drainage","upstream_km2":1738.6,"strahler":4,"length_km":9.27,"near_town":"Ijara","dist_town_km":15.7,"flooded_2023":true,"flooded_2024":null},"geometry":{"type":"LineString","coordinates":[[40.4519,-1.4167],[40.4486,-1.4244],[40.4419,-1.4311],[40.4419,-1.4389],[40.4342,-1.4478],[40.4364,-1.4511],[40.4342,-1.4544],[40.4353,-1.4589],[40.4397,-1.4611],[40.4464,-1.46],[40.4508,-1.4645],[40.4464,-1.4678],[40.4464,-1.4711]]}},{"type":"Feature","properties":{"id":"LG-1346","lagha_class":"IV – Minor lagha / gully (15–100 km²)","ff_hazard":"Low","ff_index":11.0,"system":"North-East coastal drainage","upstream_km2":92.5,"strahler":2,"length_km":1.49,"near_town":"Ijara","dist_town_km":36.8,"flooded_2023":false,"flooded_2024":null},"geometry":{"type":"LineString","coordinates":[[40.8186,-1.4256],[40.8231,-1.4289],[40.8297,-1.4267]]}},{"type":"Feature","properties":{"id":"LG-1347","lagha_class":"III – Medium lagha (100–500 km²)","ff_hazard":"Low","ff_index":11.5,"system":"North-East coastal drainage","upstream_km2":111.3,"strahler":2,"length_km":1.59,"near_town":"Ijara","dist_town_km":37.9,"flooded_2023":false,"flooded_2024":null},"geometry":{"type":"LineString","coordinates":[[40.8297,-1.4267],[40.8342,-1.4289],[40.8397,-1.4356]]}},{"type":"Feature","properties":{"id":"LG-1348","lagha_class":"I – Major lagha (≥2,000 km²)","ff_hazard":"High","ff_index":28.7,"system":"North-East coastal drainage","upstream_km2":2895.1,"strahler":4,"length_km":0.6,"near_town":"Ijara","dist_town_km":18.6,"flooded_2023":false,"flooded_2024":null},"geometry":{"type":"LineString","coordinates":[[40.5897,-1.43],[40.5942,-1.4278]]}},{"type":"Feature","properties":{"id":"LG-1349","lagha_class":"I – Major lagha (≥2,000 km²)","ff_hazard":"Very High","ff_index":38.3,"system":"North-East coastal drainage","upstream_km2":2973.1,"strahler":4,"length_km":15.83,"near_town":"Ijara","dist_town_km":16.1,"flooded_2023":false,"flooded_2024":null},"geometry":{"type":"LineString","coordinates":[[40.5942,-1.4278],[40.5964,-1.4289],[40.5942,-1.4333],[40.5986,-1.4389],[40.5986,-1.4422],[40.6108,-1.4533],[40.6108,-1.4578],[40.6253,-1.4667],[40.6219,-1.4722],[40.6297,-1.4822],[40.6364,-1.4778],[40.6464,-1.4833],[40.6486,-1.4789],[40.6475,-1.4756],[40.6531,-1.4744],[40.6653,-1.4856],[40.6731,-1.4833]]}},{"type":"Feature","properties":{"id":"LG-1350","lagha_class":"I – Major lagha (≥2,000 km²)","ff_hazard":"Moderate","ff_index":26.2,"system":"North-East coastal drainage","upstream_km2":3320.2,"strahler":4,"length_km":14.86,"near_town":"Ijara","dist_town_km":19.7,"flooded_2023":false,"flooded_2024":null},"geometry":{"type":"LineString","coordinates":[[40.6731,-1.4833],[40.6786,-1.4856],[40.6819,-1.4845],[40.6919,-1.4967],[40.6964,-1.4967],[40.7042,-1.5044],[40.7031,-1.5056],[40.7153,-1.5178],[40.7186,-1.5167],[40.7319,-1.5289],[40.7364,-1.53],[40.7464,-1.5378],[40.7575,-1.5433],[40.7608,-1.5489],[40.7686,-1.5544]]}},{"type":"Feature","properties":{"id":"LG-1352","lagha_class":"III – Medium lagha (100–500 km²)","ff_hazard":"Low","ff_index":12.8,"system":"North-East coastal drainage","upstream_km2":178.6,"strahler":2,"length_km":12.4,"near_town":"Mararani No10","dist_town_km":36.9,"flooded_2023":false,"flooded_2024":null},"geometry":{"type":"LineString","coordinates":[[40.8397,-1.4356],[40.8408,-1.4444],[40.8486,-1.4544],[40.8586,-1.4567],[40.8597,-1.4589],[40.8708,-1.46],[40.8831,-1.4678],[40.8875,-1.4678],[40.8942,-1.4733],[40.9064,-1.4711],[40.9186,-1.4811],[40.9231,-1.4822]]}},{"type":"Feature","properties":{"id":"LG-1354","lagha_class":"IV – Minor lagha / gully (15–100 km²)","ff_hazard":"Moderate","ff_index":17.7,"system":"North-East coastal drainage","upstream_km2":77.2,"strahler":2,"length_km":4.32,"near_town":"Mararani No10","dist_town_km":18.5,"flooded_2023":true,"flooded_2024":null},"geometry":{"type":"LineString","coordinates":[[41.1431,-1.4411],[41.1508,-1.4433],[41.1586,-1.4356],[41.1631,-1.4333],[41.1642,-1.4345],[41.1686,-1.4278],[41.1708,-1.4278]]}},{"type":"Feature","properties":{"id":"LG-1355","lagha_class":"II – Large lagha (500–2,000 km²)","ff_hazard":"High","ff_index":31.0,"system":"North-East coastal drainage","upstream_km2":1141.6,"strahler":3,"length_km":18.82,"near_town":"Mararani No10","dist_town_km":16.3,"flooded_2023":true,"flooded_2024":null},"geometry":{"type":"LineString","coordinates":[[41.1708,-1.4278],[41.1753,-1.4311],[41.1842,-1.43],[41.1842,-1.4345],[41.1931,-1.4411],[41.2086,-1.4411],[41.2208,-1.4389],[41.2264,-1.4333],[41.242,-1.4278],[41.2464,-1.42],[41.2464,-1.4167],[41.2497,-1.4133],[41.2519,-1.3967],[41.2664,-1.3911],[41.2686,-1.3878],[41.2686,-1.3822],[41.2631,-1.3767],[41.2597,-1.3767],[41.2597,-1.3733],[41.2619,-1.3711]]}},{"type":"Feature","properties":{"id":"LG-1356","lagha_class":"II – Large lagha (500–2,000 km²)","ff_hazard":"High","ff_index":31.6,"system":"North-East coastal drainage","upstream_km2":1328.3,"strahler":3,"length_km":4.08,"near_town":"Mararani No10","dist_town_km":23.9,"flooded_2023":true,"flooded_2024":null},"geometry":{"type":"LineString","coordinates":[[41.2619,-1.3711],[41.2686,-1.3633],[41.2719,-1.3656],[41.2831,-1.3589],[41.2853,-1.36],[41.2886,-1.3567]]}},{"type":"Feature","properties":{"id":"LG-1357","lagha_class":"II – Large lagha (500–2,000 km²)","ff_hazard":"High","ff_index":31.2,"system":"North-East coastal drainage","upstream_km2":1359.2,"strahler":3,"length_km":3.46,"near_town":"Kolbio","dist_town_km":24.5,"flooded_2023":true,"flooded_2024":null},"geometry":{"type":"LineString","coordinates":[[41.2886,-1.3567],[41.3042,-1.3422],[41.312,-1.3378]]}},{"type":"Feature","properties":{"id":"LG-1359","lagha_class":"II – Large lagha (500–2,000 km²)","ff_hazard":"Moderate","ff_index":22.3,"system":"North-East coastal drainage","upstream_km2":1438.1,"strahler":3,"length_km":1.19,"near_town":"Kolbio","dist_town_km":24.9,"flooded_2023":false,"flooded_2024":null},"geometry":{"type":"LineString","coordinates":[[41.3264,-1.3333],[41.3297,-1.3378],[41.3342,-1.3367]]}},{"type":"Feature","properties":{"id":"LG-1360","lagha_class":"II – Large lagha (500–2,000 km²)","ff_hazard":"Very High","ff_index":41.7,"system":"North-East coastal drainage","upstream_km2":1498.0,"strahler":3,"length_km":48.71,"near_town":"Kolbio","dist_town_km":25.7,"flooded_2023":false,"flooded_2024":null},"geometry":{"type":"LineString","coordinates":[[41.3342,-1.3367],[41.3386,-1.3344],[41.3464,-1.34],[41.3531,-1.3356],[41.3675,-1.3356],[41.3719,-1.3311],[41.3753,-1.3311],[41.3874,-1.3168]]}},{"type":"Feature","properties":{"id":"LG-1363","lagha_class":"I – Major lagha (≥2,000 km²)","ff_hazard":"High","ff_index":28.9,"system":"North-East coastal drainage","upstream_km2":5374.0,"strahler":4,"length_km":22.48,"near_town":"Mararani No10","dist_town_km":17.4,"flooded_2023":false,"flooded_2024":null},"geometry":{"type":"LineString","coordinates":[[41.0631,-1.46],[41.0664,-1.4633],[41.0686,-1.4722],[41.0664,-1.4811],[41.0686,-1.4833],[41.0719,-1.4811],[41.0764,-1.4811],[41.0797,-1.4856],[41.0797,-1.4889],[41.0775,-1.4911],[41.0775,-1.4933],[41.0797,-1.4945],[41.0797,-1.5033],[41.0753,-1.5078],[41.0764,-1.5111],[41.0731,-1.5178],[41.0742,-1.5211],[41.0708,-1.5244],[41.0708,-1.5278],[41.0764,-1.5333],[41.0764,-1.5378],[41.0797,-1.5411],[41.0708,-1.5478],[41.0719,-1.55],[41.0697,-1.5544],[41.0719,-1.5611],[41.0753,-1.5622],[41.0786,-1.5667],[41.0775,-1.5689],[41.0797,-1.5744],[41.0775,-1.5789],[41.0819,-1.5811],[41.0797,-1.5856],[41.0764,-1.5867],[41.0775,-1.5933],[41.0808,-1.5978],[41.0808,-1.6022],[41.0764,-1.6078]]}},{"type":"Feature","properties":{"id":"LG-1366","lagha_class":"IV – Minor lagha / gully (15–100 km²)","ff_hazard":"Low","ff_index":14.8,"system":"North-East coastal drainage","upstream_km2":36.6,"strahler":2,"length_km":14.89,"near_town":"Ijara","dist_town_km":7.0,"flooded_2023":true,"flooded_2024":null},"geometry":{"type":"LineString","coordinates":[[40.5264,-1.4645],[40.5231,-1.4667],[40.5286,-1.4722],[40.5253,-1.4778],[40.5264,-1.4822],[40.5297,-1.4833],[40.5286,-1.4889],[40.532,-1.4911],[40.5308,-1.4967],[40.5375,-1.5022],[40.5419,-1.5011],[40.5442,-1.5033],[40.5419,-1.5056],[40.5431,-1.5078],[40.5675,-1.53],[40.5664,-1.5333],[40.5719,-1.54],[40.5753,-1.54],[40.5775,-1.5433],[40.5819,-1.5422],[40.5853,-1.5389]]}},{"type":"Feature","properties":{"id":"LG-1369","lagha_class":"II – Large lagha (500–2,000 km²)","ff_hazard":"Very High","ff_index":42.4,"system":"North-East coastal drainage","upstream_km2":766.3,"strahler":3,"length_km":12.35,"near_town":"Ijara","dist_town_km":21.7,"flooded_2023":true,"flooded_2024":null},"geometry":{"type":"LineString","coordinates":[[40.3286,-1.4667],[40.3342,-1.47],[40.3364,-1.4678],[40.3353,-1.4656],[40.3397,-1.4633],[40.3419,-1.4644],[40.3419,-1.46],[40.3464,-1.4567],[40.3553,-1.4578],[40.3575,-1.4489],[40.3597,-1.45],[40.3631,-1.4467],[40.3708,-1.4456],[40.3731,-1.4422],[40.3764,-1.4444],[40.3842,-1.4367],[40.3853,-1.4333],[40.3875,-1.4333],[40.3919,-1.44],[40.3942,-1.4378],[40.3997,-1.4389]]}},{"type":"Feature","properties":{"id":"LG-1370","lagha_class":"II – Large lagha (500–2,000 km²)","ff_hazard":"Moderate","ff_index":19.5,"system":"North-East coastal drainage","upstream_km2":837.9,"strahler":3,"length_km":4.96,"near_town":"Ijara","dist_town_km":18.0,"flooded_2023":false,"flooded_2024":null},"geometry":{"type":"LineString","coordinates":[[40.3997,-1.4389],[40.4008,-1.4422],[40.4086,-1.4389],[40.4186,-1.4544],[40.4264,-1.4578],[40.4264,-1.46]]}},{"type":"Feature","properties":{"id":"LG-1371","lagha_class":"II – Large lagha (500–2,000 km²)","ff_hazard":"High","ff_index":33.1,"system":"North-East coastal drainage","upstream_km2":1738.6,"strahler":4,"length_km":3.25,"near_town":"Ijara","dist_town_km":15.7,"flooded_2023":true,"flooded_2024":null},"geometry":{"type":"LineString","coordinates":[[40.4264,-1.46],[40.4264,-1.4633],[40.4308,-1.4667],[40.4342,-1.4656],[40.4442,-1.4722],[40.4464,-1.4711]]}},{"type":"Feature","properties":{"id":"LG-1372","lagha_class":"II – Large lagha (500–2,000 km²)","ff_hazard":"High","ff_index":32.5,"system":"North-East coastal drainage","upstream_km2":1790.8,"strahler":4,"length_km":7.86,"near_town":"Ijara","dist_town_km":11.1,"flooded_2023":true,"flooded_2024":null},"geometry":{"type":"LineString","coordinates":[[40.4464,-1.4711],[40.4464,-1.4789],[40.4564,-1.4822],[40.4542,-1.4911],[40.4508,-1.4933],[40.4575,-1.5],[40.4508,-1.5067],[40.4508,-1.51],[40.4542,-1.5133],[40.4531,-1.5144],[40.4553,-1.5178]]}},{"type":"Feature","properties":{"id":"LG-1373","lagha_class":"III – Medium lagha (100–500 km²)","ff_hazard":"Low","ff_index":14.3,"system":"North-East coastal drainage","upstream_km2":272.3,"strahler":2,"length_km":1.89,"near_town":"Dar Es Salaam","dist_town_km":23.2,"flooded_2023":false,"flooded_2024":null},"geometry":{"type":"LineString","coordinates":[[41.4342,-1.4745],[41.4386,-1.47],[41.4419,-1.47],[41.4475,-1.4656]]}},{"type":"Feature","properties":{"id":"LG-1374","lagha_class":"III – Medium lagha (100–500 km²)","ff_hazard":"Low","ff_index":10.6,"system":"North-East coastal drainage","upstream_km2":111.8,"strahler":2,"length_km":8.44,"near_town":"Mararani No10","dist_town_km":14.8,"flooded_2023":false,"flooded_2024":null},"geometry":{"type":"LineString","coordinates":[[41.1197,-1.4822],[41.1186,-1.4911],[41.1219,-1.5],[41.1175,-1.5045],[41.1186,-1.5089],[41.1097,-1.5189],[41.1131,-1.5211],[41.1142,-1.5322],[41.1119,-1.5345],[41.1131,-1.5356],[41.1108,-1.5445]]}},{"type":"Feature","properties":{"id":"LG-1377","lagha_class":"IV – Minor lagha / gully (15–100 km²)","ff_hazard":"Low","ff_index":15.5,"system":"North-East coastal drainage","upstream_km2":46.9,"strahler":2,"length_km":5.51,"near_town":"Kanjonja","dist_town_km":25.7,"flooded_2023":true,"flooded_2024":null},"geometry":{"type":"LineString","coordinates":[[40.2508,-1.4956],[40.2553,-1.5],[40.2508,-1.5045],[40.2564,-1.5044],[40.2597,-1.5089],[40.2664,-1.5078],[40.2697,-1.5111],[40.2675,-1.5145],[40.2719,-1.52]]}},{"type":"Feature","properties":{"id":"LG-1378","lagha_class":"III – Medium lagha (100–500 km²)","ff_hazard":"Moderate","ff_index":23.3,"system":"North-East coastal drainage","upstream_km2":217.6,"strahler":2,"length_km":25.53,"near_town":"Ijara","dist_town_km":15.5,"flooded_2023":true,"flooded_2024":null},"geometry":{"type":"LineString","coordinates":[[40.2719,-1.52],[40.2775,-1.5267],[40.282,-1.5289],[40.2864,-1.5289],[40.2953,-1.5233],[40.2986,-1.5311],[40.3086,-1.5433],[40.3142,-1.5356],[40.3186,-1.5356],[40.3219,-1.5389],[40.3253,-1.5378],[40.3286,-1.5333],[40.3331,-1.5367],[40.3375,-1.5367],[40.3397,-1.5345],[40.3386,-1.53],[40.3431,-1.5256],[40.3475,-1.5333],[40.3553,-1.5333],[40.3597,-1.54],[40.3653,-1.5411],[40.3664,-1.5378],[40.3686,-1.5378],[40.3697,-1.5356],[40.3719,-1.5378],[40.3775,-1.5378],[40.3931,-1.5256],[40.3986,-1.5267],[40.4008,-1.5233],[40.3986,-1.5189],[40.4053,-1.5133],[40.4097,-1.5133],[40.4097,-1.5056],[40.4153,-1.5022]]}},{"type":"Feature","properties":{"id":"LG-1379","lagha_class":"III – Medium lagha (100–500 km²)","ff_hazard":"Low","ff_index":12.3,"system":"North-East coastal drainage","upstream_km2":133.0,"strahler":2,"length_km":2.96,"near_town":"Ijara","dist_town_km":36.7,"flooded_2023":false,"flooded_2024":null},"geometry":{"type":"LineString","coordinates":[[40.8564,-1.4911],[40.8575,-1.4933],[40.8542,-1.5],[40.8542,-1.5089],[40.8508,-1.5111],[40.8508,-1.5133]]}},{"type":"Feature","properties":{"id":"LG-1381","lagha_class":"III – Medium lagha (100–500 km²)","ff_hazard":"Low","ff_index":13.3,"system":"Tana basin","upstream_km2":148.8,"strahler":2,"length_km":4.41,"near_town":"Kanjonja","dist_town_km":22.1,"flooded_2023":false,"flooded_2024":null},"geometry":{"type":"LineString","coordinates":[[40.1364,-1.4956],[40.1342,-1.4945],[40.1308,-1.4978],[40.1264,-1.4967],[40.1242,-1.49],[40.1186,-1.4867],[40.1142,-1.4867],[40.1108,-1.4811]]}},{"type":"Feature","properties":{"id":"LG-1382","lagha_class":"III – Medium lagha (100–500 km²)","ff_hazard":"Moderate","ff_index":23.9,"system":"Tana basin","upstream_km2":198.6,"strahler":2,"length_km":17.44,"near_town":"Kanjonja","dist_town_km":13.6,"flooded_2023":true,"flooded_2024":null},"geometry":{"type":"LineString","coordinates":[[40.1108,-1.4811],[40.102,-1.4811],[40.0919,-1.4844],[40.0931,-1.4944],[40.0897,-1.5044],[40.0931,-1.5111],[40.0919,-1.5144],[40.0986,-1.5189],[40.0953,-1.5222],[40.0964,-1.5256],[40.0908,-1.5311],[40.0931,-1.54],[40.0875,-1.5445],[40.0953,-1.5544],[40.0931,-1.5578],[40.0931,-1.5644],[40.0975,-1.5689],[40.0964,-1.5733],[40.0986,-1.5756],[40.0979,-1.5774]]}},{"type":"Feature","properties":{"id":"LG-1383","lagha_class":"III – Medium lagha (100–500 km²)","ff_hazard":"Low","ff_index":13.1,"system":"North-East coastal drainage","upstream_km2":178.6,"strahler":2,"length_km":2.55,"near_town":"Mararani No10","dist_town_km":36.9,"flooded_2023":false,"flooded_2024":null},"geometry":{"type":"LineString","coordinates":[[40.9097,-1.4978],[40.9131,-1.4956],[40.9175,-1.4867],[40.9231,-1.4822]]}},{"type":"Feature","properties":{"id":"LG-1384","lagha_class":"I – Major lagha (≥2,000 km²)","ff_hazard":"Very High","ff_index":37.9,"system":"North-East coastal drainage","upstream_km2":4537.8,"strahler":4,"length_km":5.64,"near_town":"Mararani No10","dist_town_km":32.5,"flooded_2023":true,"flooded_2024":null},"geometry":{"type":"LineString","coordinates":[[40.9231,-1.4822],[40.9297,-1.4789],[40.9331,-1.4845],[40.9419,-1.4922],[40.9464,-1.4911],[40.9486,-1.4944],[40.9519,-1.4922],[40.9586,-1.4945],[40.9608,-1.4933]]}},{"type":"Feature","properties":{"id":"LG-1385","lagha_class":"I – Major lagha (≥2,000 km²)","ff_hazard":"Very High","ff_index":36.9,"system":"North-East coastal drainage","upstream_km2":4546.9,"strahler":4,"length_km":4.44,"near_town":"Mararani No10","dist_town_km":29.0,"flooded_2023":true,"flooded_2024":null},"geometry":{"type":"LineString","coordinates":[[40.9608,-1.4933],[40.962,-1.4922],[40.9664,-1.4944],[40.9753,-1.5022],[40.9775,-1.5022],[40.9808,-1.5056],[40.9831,-1.5144],[40.9864,-1.5167]]}},{"type":"Feature","properties":{"id":"LG-1386","lagha_class":"I – Major lagha (≥2,000 km²)","ff_hazard":"High","ff_index":30.6,"system":"North-East coastal drainage","upstream_km2":5250.4,"strahler":4,"length_km":3.69,"near_town":"Mararani No10","dist_town_km":21.7,"flooded_2023":false,"flooded_2024":null},"geometry":{"type":"LineString","coordinates":[[41.0453,-1.5011],[41.0475,-1.5033],[41.0475,-1.5078],[41.0497,-1.5111],[41.0486,-1.5122],[41.0553,-1.5178],[41.0519,-1.5222],[41.0519,-1.5267]]}},{"type":"Feature","properties":{"id":"LG-1388","lagha_class":"III – Medium lagha (100–500 km²)","ff_hazard":"Moderate","ff_index":23.1,"system":"North-East coastal drainage","upstream_km2":217.6,"strahler":2,"length_km":1.24,"near_town":"Ijara","dist_town_km":15.7,"flooded_2023":true,"flooded_2024":null},"geometry":{"type":"LineString","coordinates":[[40.4064,-1.4989],[40.4119,-1.4989],[40.4153,-1.5022]]}},{"type":"Feature","properties":{"id":"LG-1389","lagha_class":"II – Large lagha (500–2,000 km²)","ff_hazard":"Moderate","ff_index":23.1,"system":"North-East coastal drainage","upstream_km2":1790.8,"strahler":4,"length_km":6.03,"near_town":"Ijara","dist_town_km":11.1,"flooded_2023":false,"flooded_2024":null},"geometry":{"type":"LineString","coordinates":[[40.4153,-1.5022],[40.4208,-1.5056],[40.4275,-1.5156],[40.4375,-1.5133],[40.4408,-1.5178],[40.4486,-1.5156],[40.4553,-1.5178]]}},{"type":"Feature","properties":{"id":"LG-1390","lagha_class":"I – Major lagha (≥2,000 km²)","ff_hazard":"Moderate","ff_index":23.8,"system":"North-East coastal drainage","upstream_km2":2105.8,"strahler":4,"length_km":5.16,"near_town":"Ijara","dist_town_km":6.9,"flooded_2023":false,"flooded_2024":null},"geometry":{"type":"LineString","coordinates":[[40.4553,-1.5178],[40.4642,-1.5278],[40.4753,-1.53],[40.4819,-1.5356],[40.4831,-1.5445]]}},{"type":"Feature","properties":{"id":"LG-1392","lagha_class":"I – Major lagha (≥2,000 km²)","ff_hazard":"Moderate","ff_index":26.7,"system":"North-East coastal drainage","upstream_km2":3320.2,"strahler":4,"length_km":6.7,"near_town":"Ijara","dist_town_km":26.2,"flooded_2023":false,"flooded_2024":null},"geometry":{"type":"LineString","coordinates":[[40.7508,-1.5045],[40.7531,-1.51],[40.7597,-1.5156],[40.7608,-1.5222],[40.7631,-1.5245],[40.7631,-1.5344],[40.7675,-1.54],[40.7697,-1.5511],[40.7686,-1.5544]]}},{"type":"Feature","properties":{"id":"LG-1393","lagha_class":"I – Major lagha (≥2,000 km²)","ff_hazard":"Moderate","ff_index":26.3,"system":"North-East coastal drainage","upstream_km2":3365.0,"strahler":4,"length_km":11.74,"near_town":"Ijara","dist_town_km":26.9,"flooded_2023":false,"flooded_2024":null},"geometry":{"type":"LineString","coordinates":[[40.7686,-1.5544],[40.7797,-1.5778],[40.782,-1.5844],[40.7808,-1.5933],[40.7864,-1.5989],[40.7853,-1.6033],[40.8019,-1.6167],[40.8097,-1.6389]]}},{"type":"Feature","properties":{"id":"LG-1394","lagha_class":"III – Medium lagha (100–500 km²)","ff_hazard":"Moderate","ff_index":20.0,"system":"North-East coastal drainage","upstream_km2":111.8,"strahler":2,"length_km":9.69,"near_town":"Mararani No10","dist_town_km":11.1,"flooded_2023":true,"flooded_2024":null},"geometry":{"type":"LineString","coordinates":[[41.1764,-1.5067],[41.1631,-1.5178],[41.1564,-1.5211],[41.1553,-1.5256],[41.1519,-1.5289],[41.1475,-1.53],[41.1397,-1.5367],[41.1364,-1.5367],[41.1342,-1.5344],[41.1219,-1.5367],[41.1164,-1.54],[41.1131,-1.5456],[41.1108,-1.5445]]}},{"type":"Feature","properties":{"id":"LG-1395","lagha_class":"III – Medium lagha (100–500 km²)","ff_hazard":"Low","ff_index":10.8,"system":"North-East coastal drainage","upstream_km2":141.3,"strahler":2,"length_km":8.78,"near_town":"Mararani No10","dist_town_km":14.7,"flooded_2023":false,"flooded_2024":null},"geometry":{"type":"LineString","coordinates":[[41.1108,-1.5445],[41.1086,-1.5467],[41.1086,-1.56],[41.1008,-1.5711],[41.102,-1.5867],[41.1064,-1.5933],[41.1031,-1.5989],[41.1031,-1.6122]]}},{"type":"Feature","properties":{"id":"LG-1397","lagha_class":"IV – Minor lagha / gully (15–100 km²)","ff_hazard":"Low","ff_index":8.0,"system":"North-East coastal drainage","upstream_km2":71.1,"strahler":2,"length_km":10.37,"near_town":"Ijara","dist_town_km":2.1,"flooded_2023":false,"flooded_2024":null},"geometry":{"type":"LineString","coordinates":[[40.5286,-1.5189],[40.5308,-1.5211],[40.5331,-1.52],[40.5364,-1.5244],[40.5397,-1.5244],[40.5431,-1.52],[40.5453,-1.5222],[40.5475,-1.5267],[40.5431,-1.5333],[40.5431,-1.5367],[40.5453,-1.5378],[40.5431,-1.5445],[40.5453,-1.5478],[40.5331,-1.56],[40.5331,-1.5622],[40.5253,-1.5622],[40.5231,-1.5678]]}},{"type":"Feature","properties":{"id":"LG-1399","lagha_class":"III – Medium lagha (100–500 km²)","ff_hazard":"Low","ff_index":11.2,"system":"North-East coastal drainage","upstream_km2":151.7,"strahler":2,"length_km":17.23,"near_town":"Mararani No10","dist_town_km":11.2,"flooded_2023":false,"flooded_2024":null},"geometry":{"type":"LineString","coordinates":[[41.2719,-1.4911],[41.3097,-1.4533],[41.3186,-1.45],[41.3208,-1.4511],[41.3231,-1.4478],[41.3231,-1.4433],[41.3208,-1.4422],[41.3275,-1.4378],[41.3297,-1.4333],[41.3364,-1.4311],[41.3542,-1.4133],[41.3575,-1.4133],[41.3597,-1.4111],[41.3564,-1.4067],[41.3597,-1.4022],[41.3597,-1.3989],[41.3653,-1.3933],[41.3642,-1.3922]]}},{"type":"Feature","properties":{"id":"LG-1400","lagha_class":"III – Medium lagha (100–500 km²)","ff_hazard":"Low","ff_index":13.7,"system":"North-East coastal drainage","upstream_km2":249.9,"strahler":2,"length_km":20.82,"near_town":"Dar Es Salaam","dist_town_km":23.9,"flooded_2023":false,"flooded_2024":null},"geometry":{"type":"LineString","coordinates":[[41.3642,-1.3922],[41.3719,-1.3911],[41.3808,-1.3833],[41.3886,-1.3833],[41.3931,-1.3878],[41.3875,-1.3978],[41.3919,-1.4022],[41.3964,-1.4033],[41.3975,-1.4089],[41.4086,-1.4089],[41.4108,-1.4067],[41.4131,-1.4078],[41.4142,-1.4111],[41.4075,-1.4133],[41.4042,-1.4167],[41.4053,-1.4189],[41.4031,-1.4233],[41.4064,-1.4233],[41.4086,-1.4267],[41.4208,-1.4267],[41.4242,-1.43],[41.422,-1.4333],[41.4242,-1.4356],[41.4353,-1.4356],[41.4386,-1.4389],[41.4386,-1.4456],[41.4453,-1.4589],[41.4419,-1.4622]]}},{"type":"Feature","properties":{"id":"LG-1401","lagha_class":"III – Medium lagha (100–500 km²)","ff_hazard":"Low","ff_index":13.6,"system":"North-East coastal drainage","upstream_km2":272.2,"strahler":2,"length_km":0.77,"near_town":"Dar Es Salaam","dist_town_km":23.3,"flooded_2023":false,"flooded_2024":null},"geometry":{"type":"LineString","coordinates":[[41.4419,-1.4622],[41.4475,-1.4656]]}},{"type":"Feature","properties":{"id":"LG-1402","lagha_class":"III – Medium lagha (100–500 km²)","ff_hazard":"Low","ff_index":15.4,"system":"North-East coastal drainage","upstream_km2":348.4,"strahler":2,"length_km":4.82,"near_town":"Dar Es Salaam","dist_town_km":21.2,"flooded_2023":false,"flooded_2024":null},"geometry":{"type":"LineString","coordinates":[[41.4475,-1.4656],[41.4497,-1.4633],[41.4531,-1.4678],[41.4519,-1.4711],[41.4586,-1.4756],[41.4719,-1.4744],[41.4753,-1.4711],[41.4775,-1.4722]]}},{"type":"Feature","properties":{"id":"LG-1405","lagha_class":"III – Medium lagha (100–500 km²)","ff_hazard":"Low","ff_index":11.6,"system":"North-East coastal drainage","upstream_km2":133.0,"strahler":2,"length_km":2.75,"near_town":"Ijara","dist_town_km":34.6,"flooded_2023":false,"flooded_2024":null},"geometry":{"type":"LineString","coordinates":[[40.8297,-1.5067],[40.8408,-1.5122],[40.8486,-1.5111],[40.8508,-1.5133]]}},{"type":"Feature","properties":{"id":"LG-1406","lagha_class":"III – Medium lagha (100–500 km²)","ff_hazard":"Low","ff_index":14.8,"system":"North-East coastal drainage","upstream_km2":291.7,"strahler":3,"length_km":10.53,"near_town":"Mararani No10","dist_town_km":35.6,"flooded_2023":false,"flooded_2024":null},"geometry":{"type":"LineString","coordinates":[[40.8508,-1.5133],[40.8531,-1.5156],[40.8508,-1.5189],[40.8786,-1.5456],[40.8853,-1.5456],[40.8931,-1.55],[40.9119,-1.55],[40.9197,-1.5545]]}},{"type":"Feature","properties":{"id":"LG-1407","lagha_class":"IV – Minor lagha / gully (15–100 km²)","ff_hazard":"Low","ff_index":4.5,"system":"North-East coastal drainage","upstream_km2":32.0,"strahler":2,"length_km":2.75,"near_town":"Ijara","dist_town_km":7.8,"flooded_2023":false,"flooded_2024":null},"geometry":{"type":"LineString","coordinates":[[40.5664,-1.5211],[40.5731,-1.5256],[40.5719,-1.5311],[40.5764,-1.5311],[40.5808,-1.5345]]}},{"type":"Feature","properties":{"id":"LG-1409","lagha_class":"IV – Minor lagha / gully (15–100 km²)","ff_hazard":"Low","ff_index":3.6,"system":"North-East coastal drainage","upstream_km2":32.0,"strahler":2,"length_km":0.3,"near_town":"Ijara","dist_town_km":8.2,"flooded_2023":false,"flooded_2024":null},"geometry":{"type":"LineString","coordinates":[[40.5819,-1.5322],[40.5808,-1.5345]]}},{"type":"Feature","properties":{"id":"LG-1410","lagha_class":"IV – Minor lagha / gully (15–100 km²)","ff_hazard":"Low","ff_index":3.6,"system":"North-East coastal drainage","upstream_km2":32.4,"strahler":2,"length_km":0.84,"near_town":"Ijara","dist_town_km":8.0,"flooded_2023":false,"flooded_2024":null},"geometry":{"type":"LineString","coordinates":[[40.5808,-1.5345],[40.5808,-1.5367],[40.5853,-1.5389]]}},{"type":"Feature","properties":{"id":"LG-1411","lagha_class":"IV – Minor lagha / gully (15–100 km²)","ff_hazard":"Low","ff_index":8.0,"system":"North-East coastal drainage","upstream_km2":75.7,"strahler":2,"length_km":5.93,"near_town":"Ijara","dist_town_km":8.2,"flooded_2023":false,"flooded_2024":null},"geometry":{"type":"LineString","coordinates":[[40.5853,-1.5389],[40.5953,-1.5389],[40.5975,-1.5411],[40.5986,-1.5478],[40.602,-1.55],[40.602,-1.5544],[40.6053,-1.5522],[40.6119,-1.5589],[40.6186,-1.5578]]}},{"type":"Feature","properties":{"id":"LG-1412","lagha_class":"III – Medium lagha (100–500 km²)","ff_hazard":"Low","ff_index":12.1,"system":"North-East coastal drainage","upstream_km2":161.5,"strahler":2,"length_km":19.39,"near_town":"Ijara","dist_town_km":10.5,"flooded_2023":false,"flooded_2024":null},"geometry":{"type":"LineString","coordinates":[[40.6186,-1.5578],[40.6264,-1.5644],[40.6286,-1.5633],[40.6375,-1.5744],[40.6397,-1.5711],[40.6442,-1.5744],[40.6442,-1.5778],[40.6464,-1.58],[40.6442,-1.5878],[40.6486,-1.5933],[40.6553,-1.5944],[40.6553,-1.5978],[40.6619,-1.6067],[40.6564,-1.6156],[40.6586,-1.62],[40.6575,-1.6256],[40.6619,-1.6278],[40.6664,-1.6333],[40.6653,-1.6478],[40.6675,-1.6533],[40.6653,-1.6556],[40.6653,-1.6633],[40.6775,-1.6778]]}},{"type":"Feature","properties":{"id":"LG-1413","lagha_class":"III – Medium lagha (100–500 km²)","ff_hazard":"Low","ff_index":15.2,"system":"North-East coastal drainage","upstream_km2":348.4,"strahler":2,"length_km":9.47,"near_town":"Dar Es Salaam","dist_town_km":16.4,"flooded_2023":false,"flooded_2024":null},"geometry":{"type":"LineString","coordinates":[[41.4608,-1.5322],[41.462,-1.5311],[41.4575,-1.5256],[41.4608,-1.5133],[41.4653,-1.5089],[41.4697,-1.5078],[41.4697,-1.5022],[41.4664,-1.4978],[41.4664,-1.49],[41.4808,-1.4833],[41.4808,-1.4756],[41.4775,-1.4722]]}},{"type":"Feature","properties":{"id":"LG-1414","lagha_class":"III – Medium lagha (100–500 km²)","ff_hazard":"High","ff_index":34.9,"system":"North-East coastal drainage","upstream_km2":353.1,"strahler":3,"length_km":26.83,"near_town":"Dar Es Salaam","dist_town_km":21.2,"flooded_2023":false,"flooded_2024":null},"geometry":{"type":"LineString","coordinates":[[41.4775,-1.4722],[41.4925,-1.4583]]}},{"type":"Feature","properties":{"id":"LG-1421","lagha_class":"III – Medium lagha (100–500 km²)","ff_hazard":"Low","ff_index":13.8,"system":"North-East coastal drainage","upstream_km2":228.6,"strahler":2,"length_km":0.98,"near_town":"Ijara","dist_town_km":19.4,"flooded_2023":false,"flooded_2024":null},"geometry":{"type":"LineString","coordinates":[[40.6775,-1.6778],[40.6775,-1.6867]]}},{"type":"Feature","properties":{"id":"LG-1423","lagha_class":"IV – Minor lagha / gully (15–100 km²)","ff_hazard":"Low","ff_index":9.8,"system":"North-East coastal drainage","upstream_km2":99.5,"strahler":2,"length_km":8.21,"near_town":"Mararani No10","dist_town_km":13.2,"flooded_2023":false,"flooded_2024":null},"geometry":{"type":"LineString","coordinates":[[41.3464,-1.5378],[41.352,-1.5411],[41.3597,-1.5344],[41.3675,-1.5467],[41.3719,-1.5456],[41.3775,-1.5511],[41.3731,-1.5667],[41.3753,-1.5733],[41.3742,-1.5756]]}},{"type":"Feature","properties":{"id":"LG-1425","lagha_class":"III – Medium lagha (100–500 km²)","ff_hazard":"High","ff_index":29.5,"system":"Local ephemeral drainage","upstream_km2":198.9,"strahler":2,"length_km":4.16,"near_town":"Kanjonja","dist_town_km":12.3,"flooded_2023":true,"flooded_2024":null},"geometry":{"type":"LineString","coordinates":[[40.1242,-1.5689],[40.1208,-1.5678],[40.1175,-1.5722],[40.1108,-1.5756],[40.1086,-1.5856],[40.106,-1.5882]]}},{"type":"Feature","properties":{"id":"LG-1427","lagha_class":"IV – Minor lagha / gully (15–100 km²)","ff_hazard":"Moderate","ff_index":25.3,"system":"North-East coastal drainage","upstream_km2":89.3,"strahler":2,"length_km":3.92,"near_town":"Ijara","dist_town_km":6.9,"flooded_2023":false,"flooded_2024":null},"geometry":{"type":"LineString","coordinates":[[40.4542,-1.5422],[40.4653,-1.5489],[40.4731,-1.5445],[40.4808,-1.5467],[40.4831,-1.5445]]}},{"type":"Feature","properties":{"id":"LG-1428","lagha_class":"I – Major lagha (≥2,000 km²)","ff_hazard":"Moderate","ff_index":24.3,"system":"North-East coastal drainage","upstream_km2":2223.0,"strahler":4,"length_km":7.02,"near_town":"Ijara","dist_town_km":2.1,"flooded_2023":false,"flooded_2024":null},"geometry":{"type":"LineString","coordinates":[[40.4831,-1.5445],[40.4842,-1.55],[40.4908,-1.5533],[40.5075,-1.5533],[40.5097,-1.5556],[40.5108,-1.5644],[40.5131,-1.5667],[40.5153,-1.5644],[40.5231,-1.5678]]}},{"type":"Feature","properties":{"id":"LG-1429","lagha_class":"I – Major lagha (≥2,000 km²)","ff_hazard":"Very High","ff_index":44.1,"system":"North-East coastal drainage","upstream_km2":2401.5,"strahler":4,"length_km":18.63,"near_town":"Ijara","dist_town_km":0.6,"flooded_2023":false,"flooded_2024":null},"geometry":{"type":"LineString","coordinates":[[40.5231,-1.5678],[40.5264,-1.5733],[40.5208,-1.5833],[40.5242,-1.5911],[40.5231,-1.5922],[40.5286,-1.5967],[40.5275,-1.5989],[40.5331,-1.6033],[40.5342,-1.6078],[40.5397,-1.6067],[40.5464,-1.6111],[40.5553,-1.6222],[40.5553,-1.6333],[40.5597,-1.6367],[40.5597,-1.6433],[40.5631,-1.6433],[40.5675,-1.6467],[40.5708,-1.6411],[40.5742,-1.6433],[40.5708,-1.65],[40.5775,-1.6533],[40.5797,-1.6567],[40.5797,-1.6611],[40.5886,-1.6689]]}},{"type":"Feature","properties":{"id":"LG-1431","lagha_class":"I – Major lagha (≥2,000 km²)","ff_hazard":"Moderate","ff_index":24.7,"system":"North-East coastal drainage","upstream_km2":2491.0,"strahler":4,"length_km":5.76,"near_town":"Ijara","dist_town_km":11.3,"flooded_2023":false,"flooded_2024":null},"geometry":{"type":"LineString","coordinates":[[40.5886,-1.6689],[40.5942,-1.6778],[40.5931,-1.6867],[40.5897,-1.6944],[40.5897,-1.7045],[40.5942,-1.7133]]}},{"type":"Feature","properties":{"id":"LG-1433","lagha_class":"III – Medium lagha (100–500 km²)","ff_hazard":"Low","ff_index":10.6,"system":"North-East coastal drainage","upstream_km2":125.7,"strahler":2,"length_km":2.78,"near_town":"Mararani No10","dist_town_km":15.2,"flooded_2023":false,"flooded_2024":null},"geometry":{"type":"LineString","coordinates":[[41.3742,-1.5756],[41.3764,-1.5833],[41.3864,-1.5956]]}},{"type":"Feature","properties":{"id":"LG-1434","lagha_class":"III – Medium lagha (100–500 km²)","ff_hazard":"Low","ff_index":11.4,"system":"North-East coastal drainage","upstream_km2":168.2,"strahler":2,"length_km":1.71,"near_town":"Mararani No10","dist_town_km":15.8,"flooded_2023":false,"flooded_2024":null},"geometry":{"type":"LineString","coordinates":[[41.3864,-1.5956],[41.3808,-1.6011],[41.3808,-1.6056],[41.3786,-1.6078]]}},{"type":"Feature","properties":{"id":"LG-1437","lagha_class":"IV – Minor lagha / gully (15–100 km²)","ff_hazard":"Low","ff_index":5.6,"system":"Local ephemeral drainage","upstream_km2":45.8,"strahler":2,"length_km":0.89,"near_town":"Mararani No10","dist_town_km":25.6,"flooded_2023":false,"flooded_2024":null},"geometry":{"type":"LineString","coordinates":[[41.0031,-1.59],[41.0053,-1.5933],[41.0086,-1.5944]]}},{"type":"Feature","properties":{"id":"LG-1442","lagha_class":"III – Medium lagha (100–500 km²)","ff_hazard":"Low","ff_index":12.8,"system":"North-East coastal drainage","upstream_km2":192.7,"strahler":2,"length_km":26.28,"near_town":"Ijara","dist_town_km":10.3,"flooded_2023":false,"flooded_2024":null},"geometry":{"type":"LineString","coordinates":[[40.3064,-1.6022],[40.3086,-1.6044],[40.3075,-1.61],[40.3108,-1.6144],[40.3075,-1.6178],[40.3086,-1.6189],[40.3131,-1.6211],[40.3186,-1.6167],[40.3231,-1.6211],[40.3242,-1.6256],[40.3286,-1.6222],[40.3297,-1.6278],[40.3431,-1.6367],[40.3486,-1.6367],[40.3564,-1.6333],[40.3597,-1.6367],[40.3675,-1.6344],[40.3786,-1.6378],[40.3797,-1.6322],[40.3831,-1.6311],[40.3864,-1.6356],[40.3908,-1.6344],[40.3986,-1.6444],[40.4031,-1.6411],[40.4064,-1.6433],[40.4086,-1.6456],[40.4086,-1.6489],[40.4131,-1.6489],[40.4164,-1.6444],[40.4197,-1.6456],[40.4253,-1.6422],[40.4297,-1.6478],[40.4342,-1.65],[40.4475,-1.6478],[40.4508,-1.6511],[40.4553,-1.65],[40.4575,-1.6522],[40.4608,-1.65]]}},{"type":"Feature","properties":{"id":"LG-1445","lagha_class":"IV – Minor lagha / gully (15–100 km²)","ff_hazard":"Low","ff_index":7.5,"system":"North-East coastal drainage","upstream_km2":73.9,"strahler":2,"length_km":2.31,"near_town":"Mararani No10","dist_town_km":37.2,"flooded_2023":false,"flooded_2024":null},"geometry":{"type":"LineString","coordinates":[[40.9042,-1.6044],[40.8942,-1.5933],[40.8942,-1.59]]}},{"type":"Feature","properties":{"id":"LG-1446","lagha_class":"III – Medium lagha (100–500 km²)","ff_hazard":"Low","ff_index":15.5,"system":"North-East coastal drainage","upstream_km2":291.7,"strahler":3,"length_km":5.48,"near_town":"Mararani No10","dist_town_km":35.6,"flooded_2023":false,"flooded_2024":null},"geometry":{"type":"LineString","coordinates":[[40.8942,-1.59],[40.8953,-1.5833],[40.9008,-1.5833],[40.9097,-1.5744],[40.9131,-1.5622],[40.9197,-1.5545]]}},{"type":"Feature","properties":{"id":"LG-1447","lagha_class":"I – Major lagha (≥2,000 km²)","ff_hazard":"Very High","ff_index":37.5,"system":"North-East coastal drainage","upstream_km2":4546.9,"strahler":4,"length_km":9.88,"near_town":"Mararani No10","dist_town_km":29.0,"flooded_2023":true,"flooded_2024":null},"geometry":{"type":"LineString","coordinates":[[40.9197,-1.5545],[40.9308,-1.5467],[40.9342,-1.54],[40.9375,-1.54],[40.9431,-1.5356],[40.9475,-1.5356],[40.9531,-1.5278],[40.9575,-1.5267],[40.9708,-1.5133],[40.9797,-1.5133],[40.9831,-1.5167],[40.9864,-1.5167]]}},{"type":"Feature","properties":{"id":"LG-1448","lagha_class":"I – Major lagha (≥2,000 km²)","ff_hazard":"Very High","ff_index":37.4,"system":"North-East coastal drainage","upstream_km2":4900.8,"strahler":4,"length_km":4.87,"near_town":"Mararani No10","dist_town_km":25.3,"flooded_2023":true,"flooded_2024":null},"geometry":{"type":"LineString","coordinates":[[40.9864,-1.5167],[40.9953,-1.5156],[41.0008,-1.5178],[41.0042,-1.5144],[41.0108,-1.52],[41.0142,-1.5167],[41.0219,-1.5144]]}},{"type":"Feature","properties":{"id":"LG-1449","lagha_class":"I – Major lagha (≥2,000 km²)","ff_hazard":"High","ff_index":28.7,"system":"North-East coastal drainage","upstream_km2":5250.4,"strahler":4,"length_km":4.69,"near_town":"Mararani No10","dist_town_km":21.7,"flooded_2023":false,"flooded_2024":null},"geometry":{"type":"LineString","coordinates":[[41.0219,-1.5144],[41.0275,-1.5189],[41.0342,-1.5178],[41.0431,-1.5244],[41.0486,-1.5211],[41.0519,-1.5267]]}},{"type":"Feature","properties":{"id":"LG-1450","lagha_class":"I – Major lagha (≥2,000 km²)","ff_hazard":"High","ff_index":28.1,"system":"North-East coastal drainage","upstream_km2":5283.4,"strahler":4,"length_km":7.38,"near_town":"Mararani No10","dist_town_km":19.8,"flooded_2023":false,"flooded_2024":null},"geometry":{"type":"LineString","coordinates":[[41.0519,-1.5267],[41.0553,-1.5311],[41.0553,-1.5345],[41.0497,-1.55],[41.0553,-1.5556],[41.0542,-1.56],[41.0608,-1.5722],[41.0564,-1.5822]]}},{"type":"Feature","properties":{"id":"LG-1451","lagha_class":"IV – Minor lagha / gully (15–100 km²)","ff_hazard":"Low","ff_index":6.4,"system":"Local ephemeral drainage","upstream_km2":45.8,"strahler":2,"length_km":5.45,"near_town":"Mararani No10","dist_town_km":25.6,"flooded_2023":false,"flooded_2024":null},"geometry":{"type":"LineString","coordinates":[[40.9731,-1.6111],[40.9764,-1.6133],[40.9786,-1.6111],[40.9831,-1.6122],[40.9853,-1.61],[40.9964,-1.6089],[40.9986,-1.6044],[41.0064,-1.6],[41.0064,-1.5967],[41.0086,-1.5944]]}},{"type":"Feature","properties":{"id":"LG-1452","lagha_class":"IV – Minor lagha / gully (15–100 km²)","ff_hazard":"Low","ff_index":8.4,"system":"North-East coastal drainage","upstream_km2":60.8,"strahler":2,"length_km":7.12,"near_town":"Mararani No10","dist_town_km":20.5,"flooded_2023":false,"flooded_2024":null},"geometry":{"type":"LineString","coordinates":[[41.0086,-1.5944],[41.0142,-1.59],[41.0186,-1.5922],[41.0186,-1.5867],[41.0231,-1.5833],[41.0231,-1.58],[41.0253,-1.5778],[41.0331,-1.5767],[41.0375,-1.5811],[41.0419,-1.5822],[41.0542,-1.58]]}},{"type":"Feature","properties":{"id":"LG-1454","lagha_class":"I – Major lagha (≥2,000 km²)","ff_hazard":"High","ff_index":28.8,"system":"North-East coastal drainage","upstream_km2":5374.0,"strahler":4,"length_km":3.9,"near_town":"Mararani No10","dist_town_km":18.2,"flooded_2023":false,"flooded_2024":null},"geometry":{"type":"LineString","coordinates":[[41.0564,-1.5822],[41.0597,-1.5856],[41.0597,-1.5911],[41.0764,-1.6078]]}},{"type":"Feature","properties":{"id":"LG-1455","lagha_class":"I – Major lagha (≥2,000 km²)","ff_hazard":"High","ff_index":29.7,"system":"North-East coastal drainage","upstream_km2":5732.3,"strahler":4,"length_km":2.48,"near_town":"Mararani No10","dist_town_km":17.1,"flooded_2023":false,"flooded_2024":null},"geometry":{"type":"LineString","coordinates":[[41.0764,-1.6078],[41.0786,-1.6133],[41.0808,-1.6156],[41.0842,-1.6156],[41.0886,-1.62],[41.0886,-1.6222]]}},{"type":"Feature","properties":{"id":"LG-1457","lagha_class":"III – Medium lagha (100–500 km²)","ff_hazard":"Low","ff_index":11.4,"system":"North-East coastal drainage","upstream_km2":168.3,"strahler":2,"length_km":2.69,"near_town":"Mararani No10","dist_town_km":15.8,"flooded_2023":false,"flooded_2024":null},"geometry":{"type":"LineString","coordinates":[[41.3964,-1.5922],[41.382,-1.6067],[41.3786,-1.6078]]}},{"type":"Feature","properties":{"id":"LG-1459","lagha_class":"III – Medium lagha (100–500 km²)","ff_hazard":"Low","ff_index":12.8,"system":"North-East coastal drainage","upstream_km2":192.7,"strahler":2,"length_km":15.15,"near_town":"Ijara","dist_town_km":8.3,"flooded_2023":false,"flooded_2024":null},"geometry":{"type":"LineString","coordinates":[[40.3997,-1.6133],[40.4031,-1.6089],[40.4075,-1.6067],[40.4175,-1.6044],[40.4242,-1.5967],[40.4297,-1.5989],[40.4308,-1.5967],[40.4353,-1.5989],[40.4386,-1.5989],[40.4408,-1.5967],[40.4442,-1.6],[40.4431,-1.6011],[40.4531,-1.6089],[40.4519,-1.61],[40.4564,-1.6144],[40.4608,-1.6167],[40.4597,-1.6189],[40.462,-1.6211],[40.4564,-1.6278],[40.4575,-1.6289],[40.4531,-1.6356],[40.4631,-1.6433],[40.4608,-1.65]]}},{"type":"Feature","properties":{"id":"LG-1460","lagha_class":"III – Medium lagha (100–500 km²)","ff_hazard":"Low","ff_index":13.6,"system":"North-East coastal drainage","upstream_km2":216.0,"strahler":2,"length_km":2.83,"near_town":"Ijara","dist_town_km":9.8,"flooded_2023":false,"flooded_2024":null},"geometry":{"type":"LineString","coordinates":[[40.4608,-1.65],[40.4642,-1.6533],[40.4686,-1.6511],[40.4786,-1.6611]]}},{"type":"Feature","properties":{"id":"LG-1461","lagha_class":"IV – Minor lagha / gully (15–100 km²)","ff_hazard":"Low","ff_index":7.2,"system":"Tana basin","upstream_km2":65.5,"strahler":2,"length_km":12.03,"near_town":"Kanjonja","dist_town_km":12.4,"flooded_2023":false,"flooded_2024":null},"geometry":{"type":"LineString","coordinates":[[40.2086,-1.6144],[40.2164,-1.61],[40.2197,-1.6111],[40.2175,-1.6133],[40.2186,-1.6189],[40.2153,-1.6222],[40.2219,-1.6233],[40.2253,-1.6267],[40.2275,-1.6256],[40.2297,-1.6278],[40.2297,-1.6311],[40.2364,-1.6367],[40.2353,-1.6411],[40.2386,-1.6467],[40.2375,-1.6478],[40.2442,-1.6533],[40.2442,-1.66],[40.2375,-1.6656],[40.2353,-1.6633],[40.2308,-1.67]]}},{"type":"Feature","properties":{"id":"LG-1462","lagha_class":"IV – Minor lagha / gully (15–100 km²)","ff_hazard":"Low","ff_index":6.7,"system":"North-East coastal drainage","upstream_km2":60.2,"strahler":2,"length_km":6.14,"near_town":"Mararani No10","dist_town_km":6.0,"flooded_2023":false,"flooded_2024":null},"geometry":{"type":"LineString","coordinates":[[41.2019,-1.6289],[41.1986,-1.6233],[41.1975,-1.6244],[41.1953,-1.6222],[41.1953,-1.6189],[41.1931,-1.6167],[41.1853,-1.6156],[41.1831,-1.6178],[41.1642,-1.6033]]}},{"type":"Feature","properties":{"id":"LG-1463","lagha_class":"III – Medium lagha (100–500 km²)","ff_hazard":"Low","ff_index":9.6,"system":"North-East coastal drainage","upstream_km2":116.7,"strahler":2,"length_km":1.82,"near_town":"Mararani No10","dist_town_km":8.4,"flooded_2023":false,"flooded_2024":null},"geometry":{"type":"LineString","coordinates":[[41.1642,-1.6033],[41.1553,-1.6122],[41.1519,-1.6133]]}},{"type":"Feature","properties":{"id":"LG-1464","lagha_class":"III – Medium lagha (100–500 km²)","ff_hazard":"Low","ff_index":11.0,"system":"North-East coastal drainage","upstream_km2":133.9,"strahler":2,"length_km":7.45,"near_town":"Mararani No10","dist_town_km":10.0,"flooded_2023":false,"flooded_2024":null},"geometry":{"type":"LineString","coordinates":[[41.1519,-1.6133],[41.1475,-1.6167],[41.1453,-1.6156],[41.1397,-1.6178],[41.1353,-1.6167],[41.1286,-1.6078],[41.1253,-1.6067],[41.1219,-1.6089],[41.1208,-1.6144],[41.1153,-1.6178],[41.1031,-1.6122]]}},{"type":"Feature","properties":{"id":"LG-1465","lagha_class":"I – Major lagha (≥2,000 km²)","ff_hazard":"High","ff_index":29.7,"system":"North-East coastal drainage","upstream_km2":5732.3,"strahler":4,"length_km":2.14,"near_town":"Mararani No10","dist_town_km":15.3,"flooded_2023":false,"flooded_2024":null},"geometry":{"type":"LineString","coordinates":[[41.1031,-1.6122],[41.0886,-1.6222]]}},{"type":"Feature","properties":{"id":"LG-1466","lagha_class":"I – Major lagha (≥2,000 km²)","ff_hazard":"High","ff_index":28.0,"system":"North-East coastal drainage","upstream_km2":5735.9,"strahler":4,"length_km":2.95,"near_town":"Mararani No10","dist_town_km":16.4,"flooded_2023":false,"flooded_2024":null},"geometry":{"type":"LineString","coordinates":[[41.0886,-1.6222],[41.0886,-1.6244],[41.0986,-1.6344],[41.102,-1.6433]]}},{"type":"Feature","properties":{"id":"LG-1467","lagha_class":"IV – Minor lagha / gully (15–100 km²)","ff_hazard":"Low","ff_index":5.1,"system":"Local ephemeral drainage","upstream_km2":44.1,"strahler":2,"length_km":1.07,"near_town":"Kanjonja","dist_town_km":8.8,"flooded_2023":false,"flooded_2024":null},"geometry":{"type":"LineString","coordinates":[[40.1786,-1.63],[40.1708,-1.6344]]}},{"type":"Feature","properties":{"id":"LG-1470","lagha_class":"I – Major lagha (≥2,000 km²)","ff_hazard":"Very High","ff_index":39.0,"system":"Local ephemeral drainage","upstream_km2":24285.8,"strahler":5,"length_km":6.54,"near_town":"Kanjonja","dist_town_km":7.1,"flooded_2023":false,"flooded_2024":null},"geometry":{"type":"LineString","coordinates":[[40.132,-1.6344],[40.1318,-1.6343]]}},{"type":"Feature","properties":{"id":"LG-1472","lagha_class":"I – Major lagha (≥2,000 km²)","ff_hazard":"Moderate","ff_index":27.0,"system":"North-East coastal drainage","upstream_km2":3365.0,"strahler":4,"length_km":1.07,"near_town":"Ijara","dist_town_km":30.9,"flooded_2023":false,"flooded_2024":null},"geometry":{"type":"LineString","coordinates":[[40.8019,-1.6367],[40.8086,-1.64],[40.8097,-1.6389]]}},{"type":"Feature","properties":{"id":"LG-1473","lagha_class":"I – Major lagha (≥2,000 km²)","ff_hazard":"Moderate","ff_index":26.5,"system":"North-East coastal drainage","upstream_km2":3416.7,"strahler":4,"length_km":8.66,"near_town":"Ijara","dist_town_km":31.8,"flooded_2023":false,"flooded_2024":null},"geometry":{"type":"LineString","coordinates":[[40.8097,-1.6389],[40.8131,-1.6467],[40.812,-1.6511],[40.8242,-1.6567],[40.8219,-1.6633],[40.8253,-1.6711],[40.8319,-1.6767],[40.8308,-1.6833],[40.8342,-1.69],[40.8331,-1.6967]]}},{"type":"Feature","properties":{"id":"LG-1474","lagha_class":"I – Major lagha (≥2,000 km²)","ff_hazard":"Moderate","ff_index":26.6,"system":"North-East coastal drainage","upstream_km2":3556.1,"strahler":4,"length_km":12.3,"near_town":"Ijara","dist_town_km":36.0,"flooded_2023":false,"flooded_2024":null},"geometry":{"type":"LineString","coordinates":[[40.8331,-1.6967],[40.8364,-1.7011],[40.8419,-1.7033],[40.8419,-1.7067],[40.8453,-1.7078],[40.8431,-1.7122],[40.8508,-1.7245],[40.8475,-1.7322],[40.8531,-1.74],[40.8553,-1.7522],[40.8486,-1.76],[40.8397,-1.7645],[40.8364,-1.77],[40.8286,-1.7756]]}},{"type":"Feature","properties":{"id":"LG-1476","lagha_class":"I – Major lagha (≥2,000 km²)","ff_hazard":"High","ff_index":28.7,"system":"North-East coastal drainage","upstream_km2":5823.0,"strahler":4,"length_km":14.89,"near_town":"Mararani No10","dist_town_km":12.5,"flooded_2023":false,"flooded_2024":null},"geometry":{"type":"LineString","coordinates":[[41.102,-1.6433],[41.1175,-1.6567],[41.1264,-1.6567],[41.1297,-1.66],[41.132,-1.6567],[41.1342,-1.6567],[41.1375,-1.6611],[41.1353,-1.6633],[41.1353,-1.6678],[41.1397,-1.67],[41.1431,-1.6678],[41.1442,-1.6644],[41.1486,-1.6656],[41.1519,-1.6633],[41.1564,-1.6633],[41.1642,-1.6733],[41.1619,-1.6778],[41.1642,-1.6811],[41.1586,-1.6867],[41.1642,-1.6911],[41.1619,-1.6967],[41.1619,-1.7],[41.1642,-1.7022]]}},{"type":"Feature","properties":{"id":"LG-1478","lagha_class":"IV – Minor lagha / gully (15–100 km²)","ff_hazard":"Very High","ff_index":42.8,"system":"Local ephemeral drainage","upstream_km2":45.9,"strahler":2,"length_km":22.17,"near_town":"Dar Es Salaam","dist_town_km":0.5,"flooded_2023":false,"flooded_2024":null},"geometry":{"type":"LineString","coordinates":[[41.5153,-1.6378],[41.5242,-1.6289],[41.5342,-1.6289],[41.5408,-1.6233],[41.5475,-1.6322],[41.5486,-1.6367],[41.5564,-1.6444],[41.5564,-1.6556],[41.5631,-1.6589],[41.5811,-1.6769]]}},{"type":"Feature","properties":{"id":"LG-1479","lagha_class":"IV – Minor lagha / gully (15–100 km²)","ff_hazard":"Low","ff_index":5.3,"system":"Local ephemeral drainage","upstream_km2":44.1,"strahler":2,"length_km":1.77,"near_town":"Kanjonja","dist_town_km":8.8,"flooded_2023":false,"flooded_2024":null},"geometry":{"type":"LineString","coordinates":[[40.1831,-1.6433],[40.1708,-1.6344]]}},{"type":"Feature","properties":{"id":"LG-1480","lagha_class":"IV – Minor lagha / gully (15–100 km²)","ff_hazard":"Low","ff_index":5.7,"system":"Local ephemeral drainage","upstream_km2":47.7,"strahler":2,"length_km":4.26,"near_town":"Kanjonja","dist_town_km":8.6,"flooded_2023":false,"flooded_2024":null},"geometry":{"type":"LineString","coordinates":[[40.1708,-1.6344],[40.1608,-1.63],[40.1619,-1.6189],[40.1564,-1.61],[40.1542,-1.61]]}},{"type":"Feature","properties":{"id":"LG-1481","lagha_class":"III – Medium lagha (100–500 km²)","ff_hazard":"Moderate","ff_index":18.4,"system":"Local ephemeral drainage","upstream_km2":334.7,"strahler":3,"length_km":7.81,"near_town":"Kanjonja","dist_town_km":9.6,"flooded_2023":false,"flooded_2024":null},"geometry":{"type":"LineString","coordinates":[[40.1542,-1.61],[40.1519,-1.61],[40.1497,-1.6133],[40.1419,-1.6133],[40.1386,-1.61],[40.1342,-1.6089],[40.1262,-1.6111]]}},{"type":"Feature","properties":{"id":"LG-1483","lagha_class":"III – Medium lagha (100–500 km²)","ff_hazard":"Low","ff_index":14.9,"system":"North-East coastal drainage","upstream_km2":312.3,"strahler":3,"length_km":8.85,"near_town":"Mararani No10","dist_town_km":12.3,"flooded_2023":false,"flooded_2024":null},"geometry":{"type":"LineString","coordinates":[[41.3753,-1.61],[41.3675,-1.6033],[41.3553,-1.6022],[41.3442,-1.6167],[41.3442,-1.6333],[41.3375,-1.64],[41.3364,-1.6456],[41.3342,-1.6456]]}},{"type":"Feature","properties":{"id":"LG-1484","lagha_class":"III – Medium lagha (100–500 km²)","ff_hazard":"Low","ff_index":16.1,"system":"North-East coastal drainage","upstream_km2":380.5,"strahler":3,"length_km":5.8,"near_town":"Mararani No10","dist_town_km":12.5,"flooded_2023":false,"flooded_2024":null},"geometry":{"type":"LineString","coordinates":[[41.3342,-1.6456],[41.3319,-1.6589],[41.3253,-1.6656],[41.3253,-1.6689],[41.3275,-1.6711],[41.3253,-1.6789],[41.3186,-1.6845],[41.3142,-1.6845]]}},{"type":"Feature","properties":{"id":"LG-1485","lagha_class":"III – Medium lagha (100–500 km²)","ff_hazard":"Low","ff_index":16.0,"system":"North-East coastal drainage","upstream_km2":442.2,"strahler":3,"length_km":3.05,"near_town":"Mararani No10","dist_town_km":13.8,"flooded_2023":false,"flooded_2024":null},"geometry":{"type":"LineString","coordinates":[[41.3142,-1.6845],[41.312,-1.6867],[41.3097,-1.6978],[41.3108,-1.7],[41.3075,-1.7033],[41.3031,-1.7044]]}},{"type":"Feature","properties":{"id":"LG-1489","lagha_class":"III – Medium lagha (100–500 km²)","ff_hazard":"Low","ff_index":14.4,"system":"North-East coastal drainage","upstream_km2":216.0,"strahler":2,"length_km":3.55,"near_town":"Ijara","dist_town_km":10.0,"flooded_2023":false,"flooded_2024":null},"geometry":{"type":"LineString","coordinates":[[40.4542,-1.66],[40.4597,-1.6556],[40.4631,-1.66],[40.4664,-1.6589],[40.4764,-1.6633],[40.4786,-1.6611]]}},{"type":"Feature","properties":{"id":"LG-1490","lagha_class":"III – Medium lagha (100–500 km²)","ff_hazard":"Low","ff_index":13.0,"system":"North-East coastal drainage","upstream_km2":221.0,"strahler":2,"length_km":2.8,"near_town":"Ijara","dist_town_km":9.6,"flooded_2023":false,"flooded_2024":null},"geometry":{"type":"LineString","coordinates":[[40.4786,-1.6611],[40.4819,-1.6633],[40.4831,-1.6622],[40.4842,-1.6656],[40.4897,-1.6633],[40.4908,-1.6667],[40.4953,-1.6667]]}},{"type":"Feature","properties":{"id":"LG-1491","lagha_class":"III – Medium lagha (100–500 km²)","ff_hazard":"High","ff_index":34.0,"system":"North-East coastal drainage","upstream_km2":364.7,"strahler":2,"length_km":7.98,"near_town":"Ijara","dist_town_km":9.3,"flooded_2023":false,"flooded_2024":null},"geometry":{"type":"LineString","coordinates":[[40.4953,-1.6667],[40.4986,-1.6644],[40.5019,-1.6711],[40.5064,-1.6733],[40.5064,-1.6756],[40.5097,-1.6778],[40.5097,-1.6811],[40.5164,-1.6856],[40.5164,-1.6889],[40.5197,-1.6933],[40.5197,-1.6967],[40.5175,-1.6978],[40.5264,-1.7078],[40.532,-1.71]]}},{"type":"Feature","properties":{"id":"LG-1493","lagha_class":"III – Medium lagha (100–500 km²)","ff_hazard":"Low","ff_index":10.1,"system":"Local ephemeral drainage","upstream_km2":102.4,"strahler":2,"length_km":14.02,"near_town":"Mararani No10","dist_town_km":30.9,"flooded_2023":false,"flooded_2024":null},"geometry":{"type":"LineString","coordinates":[[40.9308,-1.6678],[40.9364,-1.6767],[40.9475,-1.6811],[40.9453,-1.6856],[40.9475,-1.6878],[40.9486,-1.6944],[40.9464,-1.6978],[40.9564,-1.7078],[40.9631,-1.7045],[40.9686,-1.7056],[40.9708,-1.7033],[40.9731,-1.7056],[40.9786,-1.7033],[40.9897,-1.71],[40.9875,-1.7145],[40.9875,-1.7222],[40.9897,-1.7256],[40.9875,-1.73],[40.9897,-1.7322]]}},{"type":"Feature","properties":{"id":"LG-1494","lagha_class":"IV – Minor lagha / gully (15–100 km²)","ff_hazard":"Low","ff_index":7.2,"system":"Tana basin","upstream_km2":65.5,"strahler":2,"length_km":1.32,"near_town":"Kanjonja","dist_town_km":12.4,"flooded_2023":false,"flooded_2024":null},"geometry":{"type":"LineString","coordinates":[[40.2408,-1.6722],[40.2364,-1.6733],[40.2308,-1.67]]}},{"type":"Feature","properties":{"id":"LG-1495","lagha_class":"III – Medium lagha (100–500 km²)","ff_hazard":"Low","ff_index":12.0,"system":"Tana basin","upstream_km2":166.1,"strahler":2,"length_km":21.45,"near_town":"Kanjonja","dist_town_km":10.4,"flooded_2023":false,"flooded_2024":null},"geometry":{"type":"LineString","coordinates":[[40.2308,-1.67],[40.2297,-1.6689],[40.2253,-1.6722],[40.2219,-1.6711],[40.2197,-1.6733],[40.2164,-1.68],[40.2186,-1.6822],[40.2164,-1.6878],[40.2208,-1.69],[40.2186,-1.6922],[40.2219,-1.6956],[40.2197,-1.6989],[40.2264,-1.7056],[40.2219,-1.7089],[40.2231,-1.7167],[40.2275,-1.7178],[40.2286,-1.7211],[40.2319,-1.7233],[40.2375,-1.7233],[40.2431,-1.7267],[40.2464,-1.74],[40.2431,-1.7556],[40.2397,-1.76],[40.2486,-1.77],[40.2442,-1.7745],[40.2453,-1.78],[40.2431,-1.7833],[40.2475,-1.79],[40.2542,-1.7922],[40.2542,-1.8]]}},{"type":"Feature","properties":{"id":"LG-1497","lagha_class":"III – Medium lagha (100–500 km²)","ff_hazard":"Low","ff_index":16.4,"system":"North-East coastal drainage","upstream_km2":442.2,"strahler":3,"length_km":12.98,"near_town":"Mararani No10","dist_town_km":15.0,"flooded_2023":false,"flooded_2024":null},"geometry":{"type":"MultiLineString","coordinates":[[[41.3464,-1.6778],[41.3442,-1.6833],[41.3475,-1.6889],[41.3466,-1.7036]],[[41.3064,-1.707],[41.3053,-1.7044],[41.3031,-1.7044]]]}},{"type":"Feature","properties":{"id":"LG-1498","lagha_class":"III – Medium lagha (100–500 km²)","ff_hazard":"Low","ff_index":15.9,"system":"North-East coastal drainage","upstream_km2":442.3,"strahler":3,"length_km":1.04,"near_town":"Mararani No10","dist_town_km":14.6,"flooded_2023":false,"flooded_2024":null},"geometry":{"type":"LineString","coordinates":[[41.3031,-1.7044],[41.2942,-1.7056]]}},{"type":"Feature","properties":{"id":"LG-1499","lagha_class":"III – Medium lagha (100–500 km²)","ff_hazard":"Moderate","ff_index":17.2,"system":"Local ephemeral drainage","upstream_km2":495.6,"strahler":3,"length_km":9.02,"near_town":"Mararani No10","dist_town_km":14.5,"flooded_2023":false,"flooded_2024":null},"geometry":{"type":"LineString","coordinates":[[41.2942,-1.7056],[41.2886,-1.7085]]}},{"type":"Feature","properties":{"id":"LG-1500","lagha_class":"III – Medium lagha (100–500 km²)","ff_hazard":"Low","ff_index":15.2,"system":"North-East coastal drainage","upstream_km2":228.6,"strahler":2,"length_km":1.14,"near_town":"Ijara","dist_town_km":19.7,"flooded_2023":false,"flooded_2024":null},"geometry":{"type":"LineString","coordinates":[[40.6819,-1.6789],[40.6797,-1.68],[40.6775,-1.6867]]}},{"type":"Feature","properties":{"id":"LG-1501","lagha_class":"I – Major lagha (≥2,000 km²)","ff_hazard":"Very High","ff_index":52.8,"system":"North-East coastal drainage","upstream_km2":3139.8,"strahler":4,"length_km":20.71,"near_town":"Ijara","dist_town_km":19.9,"flooded_2023":true,"flooded_2024":null},"geometry":{"type":"LineString","coordinates":[[40.6775,-1.6867],[40.6686,-1.7067],[40.6686,-1.7122],[40.6642,-1.7167],[40.6631,-1.7278],[40.6708,-1.7389],[40.6764,-1.7411],[40.6842,-1.7511],[40.6853,-1.7544],[40.6831,-1.7567],[40.6831,-1.76],[40.6853,-1.7622],[40.6853,-1.7656],[40.6808,-1.7767],[40.6931,-1.7889],[40.6931,-1.8211],[40.6842,-1.8289],[40.6842,-1.8378]]}},{"type":"Feature","properties":{"id":"LG-1503","lagha_class":"III – Medium lagha (100–500 km²)","ff_hazard":"Moderate","ff_index":23.0,"system":"North-East coastal drainage","upstream_km2":108.7,"strahler":2,"length_km":19.49,"near_town":"Ijara","dist_town_km":22.9,"flooded_2023":false,"flooded_2024":null},"geometry":{"type":"LineString","coordinates":[[40.3297,-1.6822],[40.3331,-1.6856],[40.3386,-1.6856],[40.3453,-1.6922],[40.3531,-1.6967],[40.3531,-1.7067],[40.3508,-1.71],[40.3531,-1.7133],[40.3575,-1.7144],[40.3608,-1.7233],[40.3642,-1.7267],[40.3642,-1.7333],[40.3664,-1.7333],[40.3719,-1.7389],[40.3753,-1.7367],[40.3786,-1.7433],[40.3864,-1.7444],[40.3908,-1.7511],[40.3942,-1.7489],[40.3975,-1.7489],[40.3997,-1.7522],[40.4042,-1.7511],[40.4042,-1.7556],[40.4131,-1.76],[40.4164,-1.7645],[40.4175,-1.7678],[40.4142,-1.7733],[40.4164,-1.7756],[40.4197,-1.7745]]}},{"type":"Feature","properties":{"id":"LG-1504","lagha_class":"III – Medium lagha (100–500 km²)","ff_hazard":"High","ff_index":31.8,"system":"North-East coastal drainage","upstream_km2":364.7,"strahler":2,"length_km":17.49,"near_town":"Ijara","dist_town_km":13.7,"flooded_2023":false,"flooded_2024":null},"geometry":{"type":"LineString","coordinates":[[40.4153,-1.6878],[40.4197,-1.6911],[40.4231,-1.69],[40.4264,-1.6933],[40.4297,-1.6933],[40.4308,-1.6989],[40.4375,-1.7022],[40.4442,-1.7011],[40.4475,-1.7067],[40.4586,-1.7122],[40.4631,-1.7111],[40.4653,-1.7133],[40.4719,-1.7133],[40.4775,-1.71],[40.4875,-1.7156],[40.4908,-1.7111],[40.4997,-1.7111],[40.5031,-1.7167],[40.5053,-1.7156],[40.5064,-1.7189],[40.5086,-1.7167],[40.5153,-1.7167],[40.5186,-1.7144],[40.5197,-1.7156],[40.5253,-1.7111],[40.5275,-1.7122],[40.532,-1.71]]}},{"type":"Feature","properties":{"id":"LG-1505","lagha_class":"III – Medium lagha (100–500 km²)","ff_hazard":"Moderate","ff_index":16.9,"system":"North-East coastal drainage","upstream_km2":394.5,"strahler":2,"length_km":8.06,"near_town":"Ijara","dist_town_km":13.7,"flooded_2023":false,"flooded_2024":null},"geometry":{"type":"LineString","coordinates":[[40.532,-1.71],[40.5353,-1.7122],[40.5419,-1.7111],[40.5486,-1.7144],[40.5664,-1.7167],[40.5742,-1.7211],[40.5842,-1.7178],[40.5886,-1.7189],[40.5942,-1.7133]]}},{"type":"Feature","properties":{"id":"LG-1506","lagha_class":"I – Major lagha (≥2,000 km²)","ff_hazard":"High","ff_index":35.5,"system":"North-East coastal drainage","upstream_km2":2893.2,"strahler":4,"length_km":2.71,"near_town":"Ijara","dist_town_km":15.8,"flooded_2023":true,"flooded_2024":null},"geometry":{"type":"LineString","coordinates":[[40.5942,-1.7133],[40.5964,-1.7167],[40.5975,-1.7156],[40.5997,-1.7189],[40.6042,-1.72],[40.6108,-1.7267]]}},{"type":"Feature","properties":{"id":"LG-1507","lagha_class":"I – Major lagha (≥2,000 km²)","ff_hazard":"Very High","ff_index":37.2,"system":"North-East coastal drainage","upstream_km2":2939.5,"strahler":4,"length_km":2.54,"near_town":"Ijara","dist_town_km":18.0,"flooded_2023":true,"flooded_2024":null},"geometry":{"type":"LineString","coordinates":[[40.6108,-1.7267],[40.6108,-1.7478]]}},{"type":"Feature","properties":{"id":"LG-1510","lagha_class":"IV – Minor lagha / gully (15–100 km²)","ff_hazard":"Low","ff_index":11.1,"system":"Local ephemeral drainage","upstream_km2":85.1,"strahler":2,"length_km":5.2,"near_town":"Mararani No10","dist_town_km":14.0,"flooded_2023":false,"flooded_2024":null},"geometry":{"type":"LineString","coordinates":[[41.2431,-1.7122],[41.2431,-1.7125]]}},{"type":"Feature","properties":{"id":"LG-1512","lagha_class":"III – Medium lagha (100–500 km²)","ff_hazard":"Low","ff_index":13.0,"system":"North-East coastal drainage","upstream_km2":133.4,"strahler":2,"length_km":6.38,"near_town":"Mararani No10","dist_town_km":15.3,"flooded_2023":false,"flooded_2024":null},"geometry":{"type":"LineString","coordinates":[[41.1335,-1.7218],[41.1431,-1.7167],[41.1575,-1.7033],[41.1642,-1.7022]]}},{"type":"Feature","properties":{"id":"LG-1513","lagha_class":"I – Major lagha (≥2,000 km²)","ff_hazard":"High","ff_index":28.9,"system":"North-East coastal drainage","upstream_km2":5993.2,"strahler":4,"length_km":6.4,"near_town":"Mararani No10","dist_town_km":15.3,"flooded_2023":false,"flooded_2024":null},"geometry":{"type":"LineString","coordinates":[[41.1642,-1.7022],[41.1675,-1.7056],[41.1675,-1.7089],[41.1708,-1.7122],[41.1725,-1.7184]]}},{"type":"Feature","properties":{"id":"LG-1514","lagha_class":"III – Medium lagha (100–500 km²)","ff_hazard":"Low","ff_index":9.0,"system":"Local ephemeral drainage","upstream_km2":102.4,"strahler":2,"length_km":2.71,"near_town":"Mararani No10","dist_town_km":29.9,"flooded_2023":false,"flooded_2024":null},"geometry":{"type":"LineString","coordinates":[[41.0075,-1.7245],[41.0019,-1.7211],[40.9897,-1.7322]]}},{"type":"Feature","properties":{"id":"LG-1515","lagha_class":"III – Medium lagha (100–500 km²)","ff_hazard":"Low","ff_index":9.7,"system":"Local ephemeral drainage","upstream_km2":116.9,"strahler":2,"length_km":2.92,"near_town":"Mararani No10","dist_town_km":32.0,"flooded_2023":false,"flooded_2024":null},"geometry":{"type":"LineString","coordinates":[[40.9897,-1.7322],[40.9897,-1.7348]]}},{"type":"Feature","properties":{"id":"LG-1518","lagha_class":"III – Medium lagha (100–500 km²)","ff_hazard":"Moderate","ff_index":25.9,"system":"North-East coastal drainage","upstream_km2":108.7,"strahler":2,"length_km":7.94,"near_town":"Ijara","dist_town_km":20.1,"flooded_2023":false,"flooded_2024":null},"geometry":{"type":"LineString","coordinates":[[40.4131,-1.7367],[40.4175,-1.7367],[40.422,-1.7411],[40.4264,-1.7367],[40.4319,-1.7433],[40.4319,-1.7467],[40.4286,-1.7489],[40.4297,-1.75],[40.4275,-1.7522],[40.4297,-1.7611],[40.4275,-1.7622],[40.4253,-1.7689],[40.4186,-1.7722],[40.4197,-1.7745]]}},{"type":"Feature","properties":{"id":"LG-1519","lagha_class":"III – Medium lagha (100–500 km²)","ff_hazard":"Moderate","ff_index":26.1,"system":"North-East coastal drainage","upstream_km2":111.2,"strahler":2,"length_km":2.75,"near_town":"Ijara","dist_town_km":24.0,"flooded_2023":false,"flooded_2024":null},"geometry":{"type":"LineString","coordinates":[[40.4197,-1.7745],[40.4264,-1.7778],[40.4264,-1.7833],[40.4242,-1.7856],[40.4253,-1.7922]]}},{"type":"Feature","properties":{"id":"LG-1522","lagha_class":"I – Major lagha (≥2,000 km²)","ff_hazard":"Very High","ff_index":37.4,"system":"North-East coastal drainage","upstream_km2":2939.5,"strahler":4,"length_km":3.08,"near_town":"Ijara","dist_town_km":19.2,"flooded_2023":true,"flooded_2024":null},"geometry":{"type":"LineString","coordinates":[[40.5886,-1.75],[40.5986,-1.7456],[40.602,-1.7478],[40.6053,-1.7478],[40.6075,-1.7456],[40.6108,-1.7478]]}},{"type":"Feature","properties":{"id":"LG-1523","lagha_class":"I – Major lagha (≥2,000 km²)","ff_hazard":"High","ff_index":35.7,"system":"North-East coastal drainage","upstream_km2":3019.9,"strahler":4,"length_km":11.56,"near_town":"Ijara","dist_town_km":20.1,"flooded_2023":true,"flooded_2024":null},"geometry":{"type":"LineString","coordinates":[[40.6108,-1.7478],[40.6086,-1.75],[40.6175,-1.7567],[40.6164,-1.7589],[40.6219,-1.7645],[40.6253,-1.7644],[40.6275,-1.7667],[40.6242,-1.7744],[40.6242,-1.7833],[40.6331,-1.7922],[40.6286,-1.7967],[40.6386,-1.8033],[40.6453,-1.8022],[40.6475,-1.8078],[40.6531,-1.8133]]}},{"type":"Feature","properties":{"id":"LG-1524","lagha_class":"III – Medium lagha (100–500 km²)","ff_hazard":"Low","ff_index":9.6,"system":"Local ephemeral drainage","upstream_km2":116.7,"strahler":2,"length_km":12.54,"near_town":"Mararani No10","dist_town_km":33.9,"flooded_2023":false,"flooded_2024":null},"geometry":{"type":"LineString","coordinates":[[40.9593,-1.7374],[40.9575,-1.7356],[40.9597,-1.7333],[40.9642,-1.7356],[40.9708,-1.7345],[40.9726,-1.7362]]}},{"type":"Feature","properties":{"id":"LG-1526","lagha_class":"I – Major lagha (≥2,000 km²)","ff_hazard":"Moderate","ff_index":27.0,"system":"Local ephemeral drainage","upstream_km2":3672.3,"strahler":4,"length_km":6.52,"near_town":"Ijara","dist_town_km":39.4,"flooded_2023":false,"flooded_2024":null},"geometry":{"type":"LineString","coordinates":[[40.8286,-1.7756],[40.8263,-1.779]]}},{"type":"Feature","properties":{"id":"LG-1530","lagha_class":"III – Medium lagha (100–500 km²)","ff_hazard":"Low","ff_index":10.8,"system":"North-East coastal drainage","upstream_km2":108.5,"strahler":2,"length_km":10.05,"near_town":"Ijara","dist_town_km":24.0,"flooded_2023":false,"flooded_2024":null},"geometry":{"type":"LineString","coordinates":[[40.5808,-1.7967],[40.6042,-1.8167],[40.6131,-1.8156],[40.6164,-1.8111],[40.6219,-1.81],[40.6342,-1.8111],[40.6375,-1.8078],[40.6419,-1.8133],[40.6475,-1.8156],[40.6531,-1.8133]]}},{"type":"Feature","properties":{"id":"LG-1531","lagha_class":"I – Major lagha (≥2,000 km²)","ff_hazard":"Very High","ff_index":43.2,"system":"North-East coastal drainage","upstream_km2":3139.8,"strahler":4,"length_km":5.75,"near_town":"Ijara","dist_town_km":28.7,"flooded_2023":false,"flooded_2024":null},"geometry":{"type":"LineString","coordinates":[[40.6531,-1.8133],[40.6564,-1.8122],[40.6675,-1.8167],[40.6686,-1.8222],[40.6742,-1.8256],[40.6731,-1.8322],[40.6775,-1.8356],[40.6831,-1.8356],[40.6842,-1.8378]]}},{"type":"Feature","properties":{"id":"LG-1532","lagha_class":"I – Major lagha (≥2,000 km²)","ff_hazard":"Very High","ff_index":41.2,"system":"North-East coastal drainage","upstream_km2":3139.8,"strahler":4,"length_km":1.78,"near_town":"Ijara","dist_town_km":32.7,"flooded_2023":false,"flooded_2024":null},"geometry":{"type":"LineString","coordinates":[[40.6842,-1.8378],[40.6842,-1.8477]]}},{"type":"Feature","properties":{"id":"LG-1534","lagha_class":"III – Medium lagha (100–500 km²)","ff_hazard":"Low","ff_index":15.0,"system":"North-East coastal drainage","upstream_km2":283.6,"strahler":2,"length_km":41.21,"near_town":"Ijara","dist_town_km":25.5,"flooded_2023":false,"flooded_2024":null},"geometry":{"type":"LineString","coordinates":[[40.4253,-1.7922],[40.4275,-1.7978],[40.4331,-1.8011],[40.4319,-1.8056],[40.4342,-1.8044],[40.4397,-1.8122],[40.4453,-1.81],[40.4486,-1.8178],[40.4531,-1.8222],[40.4586,-1.8244],[40.4608,-1.8233],[40.4631,-1.8267],[40.4653,-1.8233],[40.4753,-1.8267],[40.4775,-1.83],[40.4764,-1.8356],[40.4808,-1.84],[40.4808,-1.8444],[40.4842,-1.8489],[40.4853,-1.8544],[40.4942,-1.8656],[40.4953,-1.8733],[40.4975,-1.8756],[40.4964,-1.8778],[40.4997,-1.8844],[40.5108,-1.8956],[40.5175,-1.9067],[40.5264,-1.9144],[40.5286,-1.9228]]}},{"type":"Feature","properties":{"id":"LG-1536","lagha_class":"I – Major lagha (≥2,000 km²)","ff_hazard":"Very High","ff_index":49.8,"system":"Local ephemeral drainage","upstream_km2":24915.7,"strahler":5,"length_km":5.23,"near_town":"Kanjonja","dist_town_km":11.0,"flooded_2023":true,"flooded_2024":null},"geometry":{"type":"LineString","coordinates":[[40.1664,-1.7878],[40.1597,-1.7967],[40.1531,-1.7978],[40.1464,-1.8022],[40.1419,-1.8011],[40.1397,-1.8056],[40.1354,-1.8088]]}},{"type":"Feature","properties":{"id":"LG-1537","lagha_class":"III – Medium lagha (100–500 km²)","ff_hazard":"Low","ff_index":13.6,"system":"Tana basin","upstream_km2":194.1,"strahler":2,"length_km":0.42,"near_town":"Kanjonja","dist_town_km":18.4,"flooded_2023":false,"flooded_2024":null},"geometry":{"type":"LineString","coordinates":[[40.2575,-1.8011],[40.2542,-1.8]]}},{"type":"Feature","properties":{"id":"LG-1538","lagha_class":"III – Medium lagha (100–500 km²)","ff_hazard":"Low","ff_index":14.1,"system":"Tana basin","upstream_km2":226.4,"strahler":2,"length_km":9.12,"near_town":"Kanjonja","dist_town_km":18.4,"flooded_2023":false,"flooded_2024":null},"geometry":{"type":"LineString","coordinates":[[40.2542,-1.8],[40.2519,-1.8022],[40.2531,-1.8089],[40.2497,-1.8133],[40.2497,-1.8178],[40.2531,-1.8211],[40.2475,-1.8311],[40.2486,-1.8367],[40.2508,-1.8411],[40.2553,-1.8444],[40.2553,-1.8489],[40.2575,-1.8511],[40.2564,-1.8556],[40.2586,-1.8589],[40.2542,-1.8644]]}},{"type":"Feature","properties":{"id":"LG-1539","lagha_class":"I – Major lagha (≥2,000 km²)","ff_hazard":"Very High","ff_index":59.6,"system":"Tana basin","upstream_km2":25090.3,"strahler":5,"length_km":16.21,"near_town":"Kanjonja","dist_town_km":15.6,"flooded_2023":true,"flooded_2024":null},"geometry":{"type":"LineString","coordinates":[[40.2075,-1.8111],[40.2153,-1.8144],[40.2142,-1.82],[40.2208,-1.8278],[40.2153,-1.8333],[40.2131,-1.84],[40.2064,-1.8456],[40.2042,-1.8444],[40.2031,-1.8489],[40.1919,-1.85],[40.1886,-1.8567],[40.1808,-1.8556],[40.1797,-1.8567],[40.1831,-1.8633],[40.1819,-1.8678],[40.1775,-1.8678],[40.1753,-1.8722],[40.1675,-1.8722],[40.1631,-1.8778],[40.1619,-1.8867],[40.1602,-1.8878]]}},{"type":"Feature","properties":{"id":"LG-1540","lagha_class":"I – Major lagha (≥2,000 km²)","ff_hazard":"High","ff_index":28.3,"system":"North-East coastal drainage","upstream_km2":3502.5,"strahler":4,"length_km":5.88,"near_town":"Ijara","dist_town_km":33.2,"flooded_2023":false,"flooded_2024":null},"geometry":{"type":"LineString","coordinates":[[40.7153,-1.8222],[40.7097,-1.8256],[40.712,-1.8311],[40.7056,-1.8374]]}},{"type":"Feature","properties":{"id":"LG-1541","lagha_class":"IV – Minor lagha / gully (15–100 km²)","ff_hazard":"Low","ff_index":9.1,"system":"North-East coastal drainage","upstream_km2":84.7,"strahler":2,"length_km":14.84,"near_town":"Ijara","dist_town_km":30.9,"flooded_2023":false,"flooded_2024":null},"geometry":{"type":"LineString","coordinates":[[40.3908,-1.84],[40.3942,-1.8467],[40.3964,-1.8444],[40.3964,-1.84],[40.4008,-1.8356],[40.4064,-1.84],[40.4119,-1.84],[40.4153,-1.8444],[40.4197,-1.8444],[40.4264,-1.8511],[40.4264,-1.8556],[40.4331,-1.8611],[40.4297,-1.8644],[40.4342,-1.8711],[40.4419,-1.8722],[40.4486,-1.8767],[40.4508,-1.8756],[40.4531,-1.8789],[40.4586,-1.8789],[40.4575,-1.8822],[40.4608,-1.8856],[40.4631,-1.8844],[40.4631,-1.8867],[40.4586,-1.89]]}},{"type":"Feature","properties":{"id":"LG-1543","lagha_class":"I – Major lagha (≥2,000 km²)","ff_hazard":"Moderate","ff_index":27.6,"system":"Local ephemeral drainage","upstream_km2":3576.3,"strahler":4,"length_km":15.71,"near_town":"Ijara","dist_town_km":31.0,"flooded_2023":false,"flooded_2024":null},"geometry":{"type":"LineString","coordinates":[[40.5953,-1.8589],[40.5997,-1.8589],[40.602,-1.8611],[40.6064,-1.86],[40.6097,-1.8667],[40.6075,-1.8711],[40.6131,-1.8756],[40.6131,-1.8789],[40.6182,-1.8796]]}},{"type":"Feature","properties":{"id":"LG-1546","lagha_class":"III – Medium lagha (100–500 km²)","ff_hazard":"Low","ff_index":16.4,"system":"Tana basin","upstream_km2":373.8,"strahler":3,"length_km":5.43,"near_town":"Kanjonja","dist_town_km":23.5,"flooded_2023":false,"flooded_2024":null},"geometry":{"type":"LineString","coordinates":[[40.2931,-1.8789],[40.2764,-1.8722],[40.2753,-1.8733],[40.2697,-1.8689],[40.2675,-1.87],[40.2631,-1.8644],[40.2542,-1.8644]]}},{"type":"Feature","properties":{"id":"LG-1547","lagha_class":"III – Medium lagha (100–500 km²)","ff_hazard":"Moderate","ff_index":17.3,"system":"Tana basin","upstream_km2":391.1,"strahler":3,"length_km":7.57,"near_town":"Kanjonja","dist_town_km":23.4,"flooded_2023":false,"flooded_2024":null},"geometry":{"type":"LineString","coordinates":[[40.2542,-1.8644],[40.242,-1.8722],[40.2286,-1.8856],[40.2242,-1.8856],[40.2208,-1.8922],[40.2175,-1.8922],[40.2153,-1.8944],[40.2175,-1.8978],[40.2142,-1.9056]]}},{"type":"Feature","properties":{"id":"LG-1548","lagha_class":"IV – Minor lagha / gully (15–100 km²)","ff_hazard":"Low","ff_index":8.9,"system":"North-East coastal drainage","upstream_km2":84.7,"strahler":2,"length_km":2.96,"near_town":"Ijara","dist_town_km":34.3,"flooded_2023":false,"flooded_2024":null},"geometry":{"type":"LineString","coordinates":[[40.4408,-1.9],[40.4431,-1.8967],[40.4419,-1.8956],[40.4519,-1.8878],[40.4586,-1.89]]}},{"type":"Feature","properties":{"id":"LG-1549","lagha_class":"III – Medium lagha (100–500 km²)","ff_hazard":"Low","ff_index":12.3,"system":"North-East coastal drainage","upstream_km2":150.5,"strahler":2,"length_km":27.86,"near_town":"Ijara","dist_town_km":34.5,"flooded_2023":false,"flooded_2024":null},"geometry":{"type":"LineString","coordinates":[[40.4586,-1.89],[40.4675,-1.9056],[40.4653,-1.9111],[40.4708,-1.9178],[40.4731,-1.9167],[40.4864,-1.9311],[40.4875,-1.9389],[40.4908,-1.9399]]}},{"type":"Feature","properties":{"id":"LG-1552","lagha_class":"III – Medium lagha (100–500 km²)","ff_hazard":"Moderate","ff_index":22.6,"system":"Tana basin","upstream_km2":150.2,"strahler":2,"length_km":18.13,"near_town":"Kanjonja","dist_town_km":37.5,"flooded_2023":true,"flooded_2024":null},"geometry":{"type":"LineString","coordinates":[[40.3508,-1.9478],[40.352,-1.95],[40.3475,-1.9545],[40.3531,-1.96],[40.3508,-1.96],[40.3431,-1.9678],[40.3419,-1.9711],[40.3442,-1.9778],[40.3419,-1.9867],[40.3419,-2.0056]]}},{"type":"Feature","properties":{"id":"LG-1553","lagha_class":"III – Medium lagha (100–500 km²)","ff_hazard":"Moderate","ff_index":18.3,"system":"Tana basin","upstream_km2":420.7,"strahler":3,"length_km":4.74,"near_town":"Kanjonja","dist_town_km":25.1,"flooded_2023":false,"flooded_2024":null},"geometry":{"type":"LineString","coordinates":[[40.2453,-1.92],[40.242,-1.9167],[40.2364,-1.9178],[40.2308,-1.9144],[40.2297,-1.9156],[40.2264,-1.9133],[40.2253,-1.9089],[40.2208,-1.9089],[40.2142,-1.9056]]}},{"type":"Feature","properties":{"id":"LG-1554","lagha_class":"I – Major lagha (≥2,000 km²)","ff_hazard":"High","ff_index":35.9,"system":"Tana basin","upstream_km2":25105.6,"strahler":5,"length_km":10.35,"near_town":"Kanjonja","dist_town_km":24.4,"flooded_2023":false,"flooded_2024":null},"geometry":{"type":"LineString","coordinates":[[40.2142,-1.9056],[40.2097,-1.9111],[40.2019,-1.9144],[40.1953,-1.9211],[40.1964,-1.9233],[40.1931,-1.9256],[40.1942,-1.9267],[40.1897,-1.93],[40.1864,-1.93],[40.1808,-1.9244],[40.1808,-1.92],[40.1753,-1.92],[40.1731,-1.9222],[40.1708,-1.9178],[40.172,-1.9167],[40.1686,-1.9144],[40.1613,-1.9178]]}},{"type":"Feature","properties":{"id":"LG-1555","lagha_class":"I – Major lagha (≥2,000 km²)","ff_hazard":"Very High","ff_index":63.7,"system":"Tana basin","upstream_km2":25580.6,"strahler":5,"length_km":13.61,"near_town":"Kanjonja","dist_town_km":29.6,"flooded_2023":true,"flooded_2024":null},"geometry":{"type":"LineString","coordinates":[[40.1986,-1.9545],[40.1886,-1.96],[40.1919,-1.9656],[40.1908,-1.9711],[40.1953,-1.9756],[40.1953,-1.9778],[40.1919,-1.9778],[40.1897,-1.98],[40.1919,-1.9822],[40.1908,-1.9867],[40.1831,-1.9867],[40.1797,-1.9933],[40.1764,-1.9933],[40.1742,-1.9956],[40.1731,-1.9989],[40.1775,-2.0044],[40.1775,-2.0078],[40.1741,-2.0156]]}},{"type":"Feature","properties":{"id":"LG-1557","lagha_class":"IV – Minor lagha / gully (15–100 km²)","ff_hazard":"Moderate","ff_index":18.3,"system":"Local ephemeral drainage","upstream_km2":71.0,"strahler":2,"length_km":12.32,"near_town":"Kanjonja","dist_town_km":34.7,"flooded_2023":true,"flooded_2024":null},"geometry":{"type":"LineString","coordinates":[[40.2064,-2.0],[40.2108,-2.0056],[40.2175,-2.0078],[40.2242,-2.0156],[40.2319,-2.0189],[40.2319,-2.0233],[40.2264,-2.0289],[40.2275,-2.0378],[40.2208,-2.0433],[40.2186,-2.05],[40.2108,-2.0567],[40.2125,-2.0628]]}}]}