{"type":"FeatureCollection","features":[{"type":"Feature","properties":{"name":"Sankuri 1","subcounty_src":"Balambala","ward":"Sankuri","elev_m":262,"dist_tana_km":18.57,"flooded_2023":false,"flooded_2024":false,"nearest_lagha_km":0.04,"nearest_lagha_hazard":"Moderate","flood_exposure":"Moderate","subcounty":"Balambala","in_county":true},"geometry":{"type":"Point","coordinates":[39.49588,-0.03657]}},{"type":"Feature","properties":{"name":"Sankuri 2","subcounty_src":"Balambala","ward":"Sankuri","elev_m":263,"dist_tana_km":18.63,"flooded_2023":false,"flooded_2024":false,"nearest_lagha_km":0.14,"nearest_lagha_hazard":"Moderate","flood_exposure":"Moderate","subcounty":"Balambala","in_county":true},"geometry":{"type":"Point","coordinates":[39.49467,-0.03538]}},{"type":"Feature","properties":{"name":"Sankuri 3","subcounty_src":"Balambala","ward":"Sankuri","elev_m":238,"dist_tana_km":18.51,"flooded_2023":false,"flooded_2024":true,"nearest_lagha_km":0.32,"nearest_lagha_hazard":"Low","flood_exposure":"Very High","subcounty":"Balambala","in_county":true},"geometry":{"type":"Point","coordinates":[39.62661,-0.14486]}},{"type":"Feature","properties":{"name":"Saka 1","subcounty_src":"Balambala","ward":"Saka","elev_m":267,"dist_tana_km":29.34,"flooded_2023":false,"flooded_2024":false,"nearest_lagha_km":0.1,"nearest_lagha_hazard":"Low","flood_exposure":"Moderate","subcounty":"Balambala","in_county":true},"geometry":{"type":"Point","coordinates":[39.43187,0.1002]}},{"type":"Feature","properties":{"name":"Saka 2","subcounty_src":"Balambala","ward":"Saka","elev_m":321,"dist_tana_km":23.09,"flooded_2023":false,"flooded_2024":false,"nearest_lagha_km":1.14,"nearest_lagha_hazard":"Moderate","flood_exposure":"Moderate","subcounty":"Balambala","in_county":true},"geometry":{"type":"Point","coordinates":[39.27135,0.07188]}},{"type":"Feature","properties":{"name":"Saka 3","subcounty_src":"Balambala","ward":"Saka","elev_m":343,"dist_tana_km":17.46,"flooded_2023":false,"flooded_2024":false,"nearest_lagha_km":5.37,"nearest_lagha_hazard":"Very High","flood_exposure":"Low","subcounty":"Balambala","in_county":true},"geometry":{"type":"Point","coordinates":[39.19493,0.04603]}},{"type":"Feature","properties":{"name":"Saka 4","subcounty_src":"Balambala","ward":"Saka","elev_m":293,"dist_tana_km":20.99,"flooded_2023":false,"flooded_2024":false,"nearest_lagha_km":0.13,"nearest_lagha_hazard":"Moderate","flood_exposure":"Moderate","subcounty":"Balambala","in_county":true},"geometry":{"type":"Point","coordinates":[39.37777,0.04079]}},{"type":"Feature","properties":{"name":"Saka 5","subcounty_src":"Balambala","ward":"Saka","elev_m":296,"dist_tana_km":18.91,"flooded_2023":false,"flooded_2024":false,"nearest_lagha_km":0.26,"nearest_lagha_hazard":"Moderate","flood_exposure":"Moderate","subcounty":"Balambala","in_county":true},"geometry":{"type":"Point","coordinates":[39.36825,0.02404]}},{"type":"Feature","properties":{"name":"Saka 6","subcounty_src":"Balambala","ward":"Saka","elev_m":280,"dist_tana_km":19.4,"flooded_2023":false,"flooded_2024":false,"nearest_lagha_km":0.07,"nearest_lagha_hazard":"Moderate","flood_exposure":"Moderate","subcounty":"Balambala","in_county":true},"geometry":{"type":"Point","coordinates":[39.41766,0.00495]}},{"type":"Feature","properties":{"name":"Balambala 1","subcounty_src":"Balambala","ward":"Balambala","elev_m":256,"dist_tana_km":48.48,"flooded_2023":false,"flooded_2024":false,"nearest_lagha_km":0.2,"nearest_lagha_hazard":"Low","flood_exposure":"Moderate","subcounty":"Balambala","in_county":true},"geometry":{"type":"Point","coordinates":[39.3601,0.29705]}},{"type":"Feature","properties":{"name":"Balambala 2","subcounty_src":"Balambala","ward":"Balambala","elev_m":251,"dist_tana_km":42.93,"flooded_2023":false,"flooded_2024":false,"nearest_lagha_km":0.09,"nearest_lagha_hazard":"High","flood_exposure":"High","subcounty":"Balambala","in_county":true},"geometry":{"type":"Point","coordinates":[39.39438,0.2413]}},{"type":"Feature","properties":{"name":"Balambala 3","subcounty_src":"Balambala","ward":"Balambala","elev_m":251,"dist_tana_km":43.27,"flooded_2023":false,"flooded_2024":false,"nearest_lagha_km":0.65,"nearest_lagha_hazard":"High","flood_exposure":"Moderate","subcounty":"Balambala","in_county":true},"geometry":{"type":"Point","coordinates":[39.39096,0.24512]}},{"type":"Feature","properties":{"name":"Balambala 4","subcounty_src":"Balambala","ward":"Balambala","elev_m":252,"dist_tana_km":43.18,"flooded_2023":false,"flooded_2024":false,"nearest_lagha_km":0.56,"nearest_lagha_hazard":"High","flood_exposure":"Moderate","subcounty":"Balambala","in_county":true},"geometry":{"type":"Point","coordinates":[39.39124,0.24421]}},{"type":"Feature","properties":{"name":"Balambala 5","subcounty_src":"Balambala","ward":"Balambala","elev_m":314,"dist_tana_km":31.78,"flooded_2023":false,"flooded_2024":false,"nearest_lagha_km":0.11,"nearest_lagha_hazard":"Very High","flood_exposure":"High","subcounty":"Balambala","in_county":true},"geometry":{"type":"Point","coordinates":[39.13779,0.23105]}},{"type":"Feature","properties":{"name":"Balambala 6","subcounty_src":"Balambala","ward":"Balambal","elev_m":366,"dist_tana_km":22.14,"flooded_2023":false,"flooded_2024":false,"nearest_lagha_km":2.13,"nearest_lagha_hazard":"Very High","flood_exposure":"Low","subcounty":"Balambala","in_county":true},"geometry":{"type":"Point","coordinates":[39.084,0.15184]}},{"type":"Feature","properties":{"name":"Balambala 7","subcounty_src":"Balambala","ward":"Balambala","elev_m":323,"dist_tana_km":24.13,"flooded_2023":false,"flooded_2024":false,"nearest_lagha_km":0.17,"nearest_lagha_hazard":"Low","flood_exposure":"Moderate","subcounty":"Balambala","in_county":true},"geometry":{"type":"Point","coordinates":[39.20018,0.12578]}},{"type":"Feature","properties":{"name":"Balambala 8","subcounty_src":"Balambala","ward":"Balambala","elev_m":278,"dist_tana_km":27.62,"flooded_2023":false,"flooded_2024":false,"nearest_lagha_km":0.09,"nearest_lagha_hazard":"Low","flood_exposure":"Moderate","subcounty":"Balambala","in_county":true},"geometry":{"type":"Point","coordinates":[39.38436,0.10143]}},{"type":"Feature","properties":{"name":"Balambala 9","subcounty_src":"Balambala","ward":"Balambala","elev_m":336,"dist_tana_km":22.32,"flooded_2023":false,"flooded_2024":false,"nearest_lagha_km":2.93,"nearest_lagha_hazard":"Low","flood_exposure":"Low","subcounty":"Balambala","in_county":true},"geometry":{"type":"Point","coordinates":[39.207,0.09838]}},{"type":"Feature","properties":{"name":"Balambala 10","subcounty_src":"Balambala","ward":"Balambala","elev_m":335,"dist_tana_km":22.37,"flooded_2023":false,"flooded_2024":false,"nearest_lagha_km":2.53,"nearest_lagha_hazard":"Low","flood_exposure":"Low","subcounty":"Balambala","in_county":true},"geometry":{"type":"Point","coordinates":[39.21039,0.09574]}},{"type":"Feature","properties":{"name":"Jarajara 1","subcounty_src":"Balambala","ward":"Jarajara","elev_m":359,"dist_tana_km":23.63,"flooded_2023":false,"flooded_2024":false,"nearest_lagha_km":0.75,"nearest_lagha_hazard":"Low","flood_exposure":"Moderate","subcounty":"Balambala","in_county":true},"geometry":{"type":"Point","coordinates":[39.0058,0.16898]}},{"type":"Feature","properties":{"name":"Danyere 1","subcounty_src":"Balambala","ward":"Danyere","elev_m":474,"dist_tana_km":40.19,"flooded_2023":false,"flooded_2024":false,"nearest_lagha_km":3.56,"nearest_lagha_hazard":"High","flood_exposure":"Low","subcounty":"Balambala","in_county":true},"geometry":{"type":"Point","coordinates":[38.74031,0.31627]}},{"type":"Feature","properties":{"name":"Danyere 2","subcounty_src":"Balambala","ward":"Danyere","elev_m":477,"dist_tana_km":39.99,"flooded_2023":false,"flooded_2024":false,"nearest_lagha_km":3.36,"nearest_lagha_hazard":"High","flood_exposure":"Low","subcounty":"Balambala","in_county":true},"geometry":{"type":"Point","coordinates":[38.74107,0.31432]}},{"type":"Feature","properties":{"name":"Danyere 3","subcounty_src":"Balambala","ward":"Danyere","elev_m":475,"dist_tana_km":38.65,"flooded_2023":false,"flooded_2024":false,"nearest_lagha_km":2.38,"nearest_lagha_hazard":"High","flood_exposure":"Low","subcounty":"Balambala","in_county":true},"geometry":{"type":"Point","coordinates":[38.75012,0.30055]}},{"type":"Feature","properties":{"name":"Danyere 4","subcounty_src":"Balambala","ward":"Danyere","elev_m":491,"dist_tana_km":38.88,"flooded_2023":false,"flooded_2024":false,"nearest_lagha_km":2.22,"nearest_lagha_hazard":"Low","flood_exposure":"Low","subcounty":"Balambala","in_county":true},"geometry":{"type":"Point","coordinates":[38.73264,0.30533]}},{"type":"Feature","properties":{"name":"Danyere 5","subcounty_src":"Balambala","ward":"Danyere","elev_m":373,"dist_tana_km":32.73,"flooded_2023":false,"flooded_2024":false,"nearest_lagha_km":2.44,"nearest_lagha_hazard":"Moderate","flood_exposure":"Low","subcounty":"Balambala","in_county":true},"geometry":{"type":"Point","coordinates":[38.98511,0.24935]}},{"type":"Feature","properties":{"name":"Danyere 6","subcounty_src":"Balambala","ward":"Danyere","elev_m":440,"dist_tana_km":18.88,"flooded_2023":false,"flooded_2024":false,"nearest_lagha_km":4.21,"nearest_lagha_hazard":"High","flood_exposure":"Low","subcounty":"Balambala","in_county":true},"geometry":{"type":"Point","coordinates":[38.7499,0.11592]}},{"type":"Feature","properties":{"name":"Farana/Dagega 1","subcounty_src":"Bura","ward":"Bura","elev_m":112,"dist_tana_km":64.78,"flooded_2023":false,"flooded_2024":false,"nearest_lagha_km":0.67,"nearest_lagha_hazard":"Moderate","flood_exposure":"Moderate","subcounty":"Fafi","in_county":true},"geometry":{"type":"Point","coordinates":[40.44793,-0.8097]}},{"type":"Feature","properties":{"name":null,"subcounty_src":"Bura","ward":null,"elev_m":116,"dist_tana_km":0.44,"flooded_2023":false,"flooded_2024":false,"nearest_lagha_km":5.47,"nearest_lagha_hazard":"Moderate","flood_exposure":"High","subcounty":null,"in_county":true},"geometry":{"type":"Point","coordinates":[39.82465,-0.75592]}},{"type":"Feature","properties":{"name":"Jira","subcounty_src":"Bura","ward":"Bura","elev_m":93,"dist_tana_km":4.85,"flooded_2023":false,"flooded_2024":false,"nearest_lagha_km":0.46,"nearest_lagha_hazard":"High","flood_exposure":"High","subcounty":null,"in_county":true},"geometry":{"type":"Point","coordinates":[39.96834,-1.0712]}},{"type":"Feature","properties":{"name":"Kusey/Dekaley/Harasod","subcounty_src":"Bura","ward":"Bura","elev_m":92,"dist_tana_km":4.62,"flooded_2023":false,"flooded_2024":false,"nearest_lagha_km":1.22,"nearest_lagha_hazard":"Low","flood_exposure":"Moderate","subcounty":null,"in_county":true},"geometry":{"type":"Point","coordinates":[40.04276,-1.22721]}},{"type":"Feature","properties":{"name":"Ali Emij","subcounty_src":"Bura","ward":"Bura","elev_m":87,"dist_tana_km":5.29,"flooded_2023":false,"flooded_2024":false,"nearest_lagha_km":2.34,"nearest_lagha_hazard":"Very High","flood_exposure":"Moderate","subcounty":"Fafi","in_county":true},"geometry":{"type":"Point","coordinates":[40.08298,-1.43164]}},{"type":"Feature","properties":{"name":"Fulad/Shimbirole 1","subcounty_src":"Bura","ward":"Bura","elev_m":124,"dist_tana_km":16.12,"flooded_2023":false,"flooded_2024":false,"nearest_lagha_km":0.55,"nearest_lagha_hazard":"Low","flood_exposure":"Moderate","subcounty":"Fafi","in_county":true},"geometry":{"type":"Point","coordinates":[40.0245,-0.92217]}},{"type":"Feature","properties":{"name":"Fulad/Shimbirole 2","subcounty_src":"Bura","ward":"Bura","elev_m":120,"dist_tana_km":14.47,"flooded_2023":false,"flooded_2024":false,"nearest_lagha_km":1.35,"nearest_lagha_hazard":"Low","flood_exposure":"Moderate","subcounty":"Fafi","in_county":true},"geometry":{"type":"Point","coordinates":[40.0137,-0.9379]}},{"type":"Feature","properties":{"name":"Farana/Dagega 2","subcounty_src":"Bura","ward":"Bura","elev_m":113,"dist_tana_km":63.11,"flooded_2023":false,"flooded_2024":false,"nearest_lagha_km":0.17,"nearest_lagha_hazard":"Moderate","flood_exposure":"Moderate","subcounty":"Fafi","in_county":true},"geometry":{"type":"Point","coordinates":[40.42227,-0.75263]}},{"type":"Feature","properties":{"name":"Farana/Dagega 5","subcounty_src":"Bura","ward":"Bura","elev_m":119,"dist_tana_km":53.34,"flooded_2023":false,"flooded_2024":false,"nearest_lagha_km":2.54,"nearest_lagha_hazard":"Low","flood_exposure":"Low","subcounty":"Fafi","in_county":true},"geometry":{"type":"Point","coordinates":[40.35143,-0.84613]}},{"type":"Feature","properties":{"name":"Fulad/Shimbirole 3","subcounty_src":"Bura","ward":"Bura","elev_m":123,"dist_tana_km":14.62,"flooded_2023":false,"flooded_2024":false,"nearest_lagha_km":1.66,"nearest_lagha_hazard":"Moderate","flood_exposure":"Low","subcounty":"Fafi","in_county":true},"geometry":{"type":"Point","coordinates":[40.0178,-0.94595]}},{"type":"Feature","properties":{"name":"Farana/Dagega 3","subcounty_src":"Bura","ward":"Bura","elev_m":101,"dist_tana_km":65.48,"flooded_2023":false,"flooded_2024":false,"nearest_lagha_km":1.78,"nearest_lagha_hazard":"Moderate","flood_exposure":"Low","subcounty":"Fafi","in_county":true},"geometry":{"type":"Point","coordinates":[40.52902,-0.95516]}},{"type":"Feature","properties":{"name":"Farana/Dagega 4","subcounty_src":"Bura","ward":"Bura","elev_m":93,"dist_tana_km":34.38,"flooded_2023":false,"flooded_2024":false,"nearest_lagha_km":0.47,"nearest_lagha_hazard":"Moderate","flood_exposure":"Moderate","subcounty":"Fafi","in_county":true},"geometry":{"type":"Point","coordinates":[40.24221,-1.0231]}},{"type":"Feature","properties":{"name":"Arba Dabolo","subcounty_src":"Bura","ward":"Bura","elev_m":110,"dist_tana_km":18.19,"flooded_2023":false,"flooded_2024":false,"nearest_lagha_km":3.64,"nearest_lagha_hazard":"Low","flood_exposure":"Low","subcounty":"Fafi","in_county":true},"geometry":{"type":"Point","coordinates":[40.08851,-1.04246]}},{"type":"Feature","properties":{"name":"Farana/Dagega 6","subcounty_src":"Bura","ward":"Bura","elev_m":90,"dist_tana_km":43.14,"flooded_2023":false,"flooded_2024":false,"nearest_lagha_km":1.38,"nearest_lagha_hazard":"Low","flood_exposure":"Moderate","subcounty":"Fafi","in_county":true},"geometry":{"type":"Point","coordinates":[40.34235,-1.03182]}},{"type":"Feature","properties":{"name":"Handaraku/Garasweino/","subcounty_src":"Bura","ward":"Bura","elev_m":83,"dist_tana_km":9.91,"flooded_2023":false,"flooded_2024":false,"nearest_lagha_km":1.97,"nearest_lagha_hazard":"Low","flood_exposure":"Low","subcounty":"Ijara","in_county":true},"geometry":{"type":"Point","coordinates":[40.14076,-1.47788]}},{"type":"Feature","properties":{"name":"Dad Abas/Gora 1","subcounty_src":"Bura","ward":"Nanighi","elev_m":162,"dist_tana_km":14.24,"flooded_2023":false,"flooded_2024":false,"nearest_lagha_km":0.44,"nearest_lagha_hazard":"Moderate","flood_exposure":"Moderate","subcounty":"Garissa Township","in_county":true},"geometry":{"type":"Point","coordinates":[39.93993,-0.6847]}},{"type":"Feature","properties":{"name":"Dad Abas/Gora 2","subcounty_src":"Bura","ward":"Nanighi","elev_m":159,"dist_tana_km":10.82,"flooded_2023":false,"flooded_2024":false,"nearest_lagha_km":2.26,"nearest_lagha_hazard":"Low","flood_exposure":"Low","subcounty":"Garissa Township","in_county":true},"geometry":{"type":"Point","coordinates":[39.9224,-0.72867]}},{"type":"Feature","properties":{"name":"Dadaab Centre 1","subcounty_src":"Dadaab","ward":"Dadaab","elev_m":92,"dist_tana_km":82.76,"flooded_2023":false,"flooded_2024":false,"nearest_lagha_km":2.35,"nearest_lagha_hazard":"Low","flood_exposure":"Low","subcounty":"Hulugho","in_county":true},"geometry":{"type":"Point","coordinates":[40.75259,-1.17247]}},{"type":"Feature","properties":{"name":"Lebi","subcounty_src":"Dadaab","ward":"Dadaab","elev_m":132,"dist_tana_km":86.44,"flooded_2023":false,"flooded_2024":false,"nearest_lagha_km":2.43,"nearest_lagha_hazard":"High","flood_exposure":"Low","subcounty":"Dadaab","in_county":true},"geometry":{"type":"Point","coordinates":[40.25168,0.06178]}},{"type":"Feature","properties":{"name":"Dadaab 1","subcounty_src":"Dadaab","ward":"Dadaab","elev_m":124,"dist_tana_km":90.92,"flooded_2023":false,"flooded_2024":false,"nearest_lagha_km":1.22,"nearest_lagha_hazard":"High","flood_exposure":"Moderate","subcounty":"Dadaab","in_county":true},"geometry":{"type":"Point","coordinates":[40.29958,0.06081]}},{"type":"Feature","properties":{"name":"Dadaab Centre 2","subcounty_src":"Dadaab","ward":"Dadaab","elev_m":118,"dist_tana_km":91.87,"flooded_2023":false,"flooded_2024":false,"nearest_lagha_km":0.54,"nearest_lagha_hazard":"High","flood_exposure":"Moderate","subcounty":"Dadaab","in_county":true},"geometry":{"type":"Point","coordinates":[40.31155,0.05723]}},{"type":"Feature","properties":{"name":"Ege","subcounty_src":"Dadaab","ward":"Dadaab","elev_m":133,"dist_tana_km":89.76,"flooded_2023":true,"flooded_2024":false,"nearest_lagha_km":0.45,"nearest_lagha_hazard":"Very High","flood_exposure":"Very High","subcounty":"Dadaab","in_county":true},"geometry":{"type":"Point","coordinates":[40.31529,0.01071]}},{"type":"Feature","properties":{"name":"Abakaile 13","subcounty_src":"Dadaab","ward":"Abakaile","elev_m":163,"dist_tana_km":70.97,"flooded_2023":false,"flooded_2024":false,"nearest_lagha_km":0.73,"nearest_lagha_hazard":"Moderate","flood_exposure":"Moderate","subcounty":"Dadaab","in_county":true},"geometry":{"type":"Point","coordinates":[40.12831,-0.00393]}},{"type":"Feature","properties":{"name":"Abakaile 12","subcounty_src":"Dadaab","ward":"Abakaile","elev_m":162,"dist_tana_km":72.79,"flooded_2023":false,"flooded_2024":false,"nearest_lagha_km":0.08,"nearest_lagha_hazard":"High","flood_exposure":"High","subcounty":"Dadaab","in_county":true},"geometry":{"type":"Point","coordinates":[40.09542,0.06706]}},{"type":"Feature","properties":{"name":"Abakaile 3","subcounty_src":"Dadaab","ward":"Abakaile","elev_m":162,"dist_tana_km":72.51,"flooded_2023":false,"flooded_2024":false,"nearest_lagha_km":0.09,"nearest_lagha_hazard":"High","flood_exposure":"High","subcounty":"Dadaab","in_county":true},"geometry":{"type":"Point","coordinates":[40.09318,0.06583]}},{"type":"Feature","properties":{"name":"Dertu 1","subcounty_src":"Dadaab","ward":"Dertu","elev_m":192,"dist_tana_km":46.32,"flooded_2023":false,"flooded_2024":false,"nearest_lagha_km":0.08,"nearest_lagha_hazard":"Moderate","flood_exposure":"Moderate","subcounty":"Balambala","in_county":true},"geometry":{"type":"Point","coordinates":[39.84787,-0.00732]}},{"type":"Feature","properties":{"name":"Dertu 2","subcounty_src":"Dadaab","ward":"Dertu","elev_m":175,"dist_tana_km":61.05,"flooded_2023":false,"flooded_2024":false,"nearest_lagha_km":1.25,"nearest_lagha_hazard":"High","flood_exposure":"Moderate","subcounty":"Dadaab","in_county":true},"geometry":{"type":"Point","coordinates":[39.99149,0.02862]}},{"type":"Feature","properties":{"name":"Dertu 3","subcounty_src":"Dadaab","ward":"Dertu","elev_m":174,"dist_tana_km":51.48,"flooded_2023":false,"flooded_2024":false,"nearest_lagha_km":2.25,"nearest_lagha_hazard":"High","flood_exposure":"Low","subcounty":"Balambala","in_county":true},"geometry":{"type":"Point","coordinates":[39.97964,-0.09739]}},{"type":"Feature","properties":{"name":"Dertu 4","subcounty_src":"Dadaab","ward":"Dertu","elev_m":166,"dist_tana_km":52.93,"flooded_2023":false,"flooded_2024":false,"nearest_lagha_km":2.41,"nearest_lagha_hazard":"Low","flood_exposure":"Low","subcounty":"Dadaab","in_county":true},"geometry":{"type":"Point","coordinates":[39.99079,-0.09056]}},{"type":"Feature","properties":{"name":"Dertu 5","subcounty_src":"Dadaab","ward":"Dertu","elev_m":166,"dist_tana_km":52.82,"flooded_2023":false,"flooded_2024":false,"nearest_lagha_km":2.58,"nearest_lagha_hazard":"Low","flood_exposure":"Low","subcounty":"Dadaab","in_county":true},"geometry":{"type":"Point","coordinates":[39.9907,-0.09211]}},{"type":"Feature","properties":{"name":"Dertu 6","subcounty_src":"Dadaab","ward":"Dertu","elev_m":175,"dist_tana_km":46.81,"flooded_2023":false,"flooded_2024":false,"nearest_lagha_km":0.67,"nearest_lagha_hazard":"Moderate","flood_exposure":"Moderate","subcounty":"Balambala","in_county":true},"geometry":{"type":"Point","coordinates":[39.95025,-0.12903]}},{"type":"Feature","properties":{"name":"Dertu 7","subcounty_src":"Dadaab","ward":"Dertu","elev_m":216,"dist_tana_km":29.07,"flooded_2023":false,"flooded_2024":false,"nearest_lagha_km":0.08,"nearest_lagha_hazard":"Moderate","flood_exposure":"Moderate","subcounty":"Balambala","in_county":true},"geometry":{"type":"Point","coordinates":[39.74927,-0.12958]}},{"type":"Feature","properties":{"name":"Dertu 8","subcounty_src":"Dadaab","ward":"Dertu","elev_m":202,"dist_tana_km":44.77,"flooded_2023":false,"flooded_2024":false,"nearest_lagha_km":0.0,"nearest_lagha_hazard":"Moderate","flood_exposure":"Moderate","subcounty":"Balambala","in_county":true},"geometry":{"type":"Point","coordinates":[39.66547,0.13665]}},{"type":"Feature","properties":{"name":"Dertu 9","subcounty_src":"Dadaab","ward":"Dertu","elev_m":226,"dist_tana_km":36.34,"flooded_2023":false,"flooded_2024":false,"nearest_lagha_km":0.78,"nearest_lagha_hazard":"Moderate","flood_exposure":"Moderate","subcounty":"Balambala","in_county":true},"geometry":{"type":"Point","coordinates":[39.65234,0.04848]}},{"type":"Feature","properties":{"name":"Dertu 10","subcounty_src":"Dadaab","ward":"Dertu","elev_m":180,"dist_tana_km":52.79,"flooded_2023":false,"flooded_2024":false,"nearest_lagha_km":0.13,"nearest_lagha_hazard":"Low","flood_exposure":"Moderate","subcounty":"Balambala","in_county":true},"geometry":{"type":"Point","coordinates":[39.73982,0.16951]}},{"type":"Feature","properties":{"name":"Dertu 11","subcounty_src":"Dadaab","ward":"Dertu","elev_m":181,"dist_tana_km":52.39,"flooded_2023":false,"flooded_2024":false,"nearest_lagha_km":0.22,"nearest_lagha_hazard":"Low","flood_exposure":"Moderate","subcounty":"Balambala","in_county":true},"geometry":{"type":"Point","coordinates":[39.73604,0.16804]}},{"type":"Feature","properties":{"name":"Dertu 12","subcounty_src":"Dadaab","ward":"Dertu","elev_m":229,"dist_tana_km":29.21,"flooded_2023":false,"flooded_2024":false,"nearest_lagha_km":0.06,"nearest_lagha_hazard":"Moderate","flood_exposure":"Moderate","subcounty":"Balambala","in_county":true},"geometry":{"type":"Point","coordinates":[39.65987,-0.04164]}},{"type":"Feature","properties":{"name":"Dertu 13","subcounty_src":"Dadaab","ward":"Dertu","elev_m":227,"dist_tana_km":29.62,"flooded_2023":false,"flooded_2024":false,"nearest_lagha_km":0.14,"nearest_lagha_hazard":"Moderate","flood_exposure":"Moderate","subcounty":"Balambala","in_county":true},"geometry":{"type":"Point","coordinates":[39.66325,-0.03981]}},{"type":"Feature","properties":{"name":"Dertu 14","subcounty_src":"Dadaab","ward":"Dertu","elev_m":174,"dist_tana_km":59.98,"flooded_2023":false,"flooded_2024":false,"nearest_lagha_km":0.02,"nearest_lagha_hazard":"Low","flood_exposure":"Moderate","subcounty":"Balambala","in_county":true},"geometry":{"type":"Point","coordinates":[39.87453,0.13613]}},{"type":"Feature","properties":{"name":"Abakaile 4","subcounty_src":"Dadaab","ward":"Abakaile","elev_m":144,"dist_tana_km":86.32,"flooded_2023":true,"flooded_2024":false,"nearest_lagha_km":0.19,"nearest_lagha_hazard":"Very High","flood_exposure":"Very High","subcounty":"Lagdera","in_county":true},"geometry":{"type":"Point","coordinates":[39.99839,0.34736]}},{"type":"Feature","properties":{"name":"Abakaile 2","subcounty_src":"Dadaab","ward":"Abakaile","elev_m":142,"dist_tana_km":82.95,"flooded_2023":true,"flooded_2024":false,"nearest_lagha_km":0.17,"nearest_lagha_hazard":"High","flood_exposure":"Very High","subcounty":"Lagdera","in_county":true},"geometry":{"type":"Point","coordinates":[39.99843,0.30516]}},{"type":"Feature","properties":{"name":"Abakaile 1","subcounty_src":"Dadaab","ward":"Abakaile","elev_m":131,"dist_tana_km":92.86,"flooded_2023":true,"flooded_2024":false,"nearest_lagha_km":0.83,"nearest_lagha_hazard":"Very High","flood_exposure":"Very High","subcounty":"Dadaab","in_county":true},"geometry":{"type":"Point","coordinates":[40.18957,0.23996]}},{"type":"Feature","properties":{"name":"Abakaile 5","subcounty_src":"Dadaab","ward":"Abakaile","elev_m":137,"dist_tana_km":90.08,"flooded_2023":false,"flooded_2024":false,"nearest_lagha_km":0.63,"nearest_lagha_hazard":"Very High","flood_exposure":"Moderate","subcounty":"Lagdera","in_county":true},"geometry":{"type":"Point","coordinates":[40.08893,0.30858]}},{"type":"Feature","properties":{"name":"Abakaile 6","subcounty_src":"Dadaab","ward":"Abakaile","elev_m":131,"dist_tana_km":87.63,"flooded_2023":false,"flooded_2024":false,"nearest_lagha_km":0.09,"nearest_lagha_hazard":"Very High","flood_exposure":"High","subcounty":"Dadaab","in_county":true},"geometry":{"type":"Point","coordinates":[40.15946,0.20243]}},{"type":"Feature","properties":{"name":"Abakaile 7","subcounty_src":"Dadaab","ward":"Abakaile","elev_m":154,"dist_tana_km":78.62,"flooded_2023":false,"flooded_2024":false,"nearest_lagha_km":1.26,"nearest_lagha_hazard":"Moderate","flood_exposure":"Moderate","subcounty":"Dadaab","in_county":true},"geometry":{"type":"Point","coordinates":[40.08314,0.16693]}},{"type":"Feature","properties":{"name":"Abakaile 8","subcounty_src":"Dadaab","ward":"Abakaile","elev_m":151,"dist_tana_km":73.47,"flooded_2023":false,"flooded_2024":false,"nearest_lagha_km":0.07,"nearest_lagha_hazard":"Very High","flood_exposure":"High","subcounty":"Lagdera","in_county":true},"geometry":{"type":"Point","coordinates":[39.93663,0.24605]}},{"type":"Feature","properties":{"name":"Abakaile 9","subcounty_src":"Dadaab","ward":"Abakaile","elev_m":162,"dist_tana_km":71.04,"flooded_2023":false,"flooded_2024":false,"nearest_lagha_km":0.36,"nearest_lagha_hazard":"Moderate","flood_exposure":"Moderate","subcounty":"Dadaab","in_county":true},"geometry":{"type":"Point","coordinates":[40.13706,-0.01627]}},{"type":"Feature","properties":{"name":"Abakaile 10","subcounty_src":"Dadaab","ward":"Abakaile","elev_m":161,"dist_tana_km":70.79,"flooded_2023":false,"flooded_2024":false,"nearest_lagha_km":0.13,"nearest_lagha_hazard":"Moderate","flood_exposure":"Moderate","subcounty":"Dadaab","in_county":true},"geometry":{"type":"Point","coordinates":[40.13438,-0.01637]}},{"type":"Feature","properties":{"name":"Abakaile 11","subcounty_src":"Dadaab","ward":"Abakaile","elev_m":160,"dist_tana_km":70.69,"flooded_2023":false,"flooded_2024":false,"nearest_lagha_km":0.02,"nearest_lagha_hazard":"Moderate","flood_exposure":"Moderate","subcounty":"Dadaab","in_county":true},"geometry":{"type":"Point","coordinates":[40.13437,-0.01793]}},{"type":"Feature","properties":{"name":"Dadaab 4","subcounty_src":"Dadaab","ward":"Dadaab","elev_m":132,"dist_tana_km":89.52,"flooded_2023":true,"flooded_2024":false,"nearest_lagha_km":0.58,"nearest_lagha_hazard":"Very High","flood_exposure":"Very High","subcounty":"Dadaab","in_county":true},"geometry":{"type":"Point","coordinates":[40.3122,0.0119]}},{"type":"Feature","properties":{"name":"Damajale 1","subcounty_src":"Dadaab","ward":"Damajale","elev_m":103,"dist_tana_km":135.37,"flooded_2023":false,"flooded_2024":false,"nearest_lagha_km":1.54,"nearest_lagha_hazard":"Low","flood_exposure":"Low","subcounty":"Dadaab","in_county":true},"geometry":{"type":"Point","coordinates":[40.72361,0.15018]}},{"type":"Feature","properties":{"name":"Damajale 2","subcounty_src":"Dadaab","ward":"Damajale","elev_m":103,"dist_tana_km":135.99,"flooded_2023":false,"flooded_2024":false,"nearest_lagha_km":1.25,"nearest_lagha_hazard":"Low","flood_exposure":"Moderate","subcounty":"Dadaab","in_county":true},"geometry":{"type":"Point","coordinates":[40.75886,0.11345]}},{"type":"Feature","properties":{"name":"Damajale 3","subcounty_src":"Dadaab","ward":"Damajale","elev_m":111,"dist_tana_km":128.26,"flooded_2023":false,"flooded_2024":false,"nearest_lagha_km":1.67,"nearest_lagha_hazard":"Low","flood_exposure":"Low","subcounty":"Dadaab","in_county":true},"geometry":{"type":"Point","coordinates":[40.68416,0.09679]}},{"type":"Feature","properties":{"name":"Damajale 5","subcounty_src":"Dadaab","ward":"Damajale","elev_m":119,"dist_tana_km":103.49,"flooded_2023":false,"flooded_2024":false,"nearest_lagha_km":1.24,"nearest_lagha_hazard":"Moderate","flood_exposure":"Moderate","subcounty":"Dadaab","in_county":true},"geometry":{"type":"Point","coordinates":[40.42583,0.0659]}},{"type":"Feature","properties":{"name":"Liboi 1","subcounty_src":"Dadaab","ward":"Liboi","elev_m":107,"dist_tana_km":121.16,"flooded_2023":false,"flooded_2024":false,"nearest_lagha_km":0.1,"nearest_lagha_hazard":"Very High","flood_exposure":"High","subcounty":"Dadaab","in_county":true},"geometry":{"type":"Point","coordinates":[40.52397,0.21569]}},{"type":"Feature","properties":{"name":"Liboi 2","subcounty_src":"Dadaab","ward":"Liboi","elev_m":110,"dist_tana_km":122.16,"flooded_2023":false,"flooded_2024":false,"nearest_lagha_km":0.19,"nearest_lagha_hazard":"Very High","flood_exposure":"High","subcounty":"Dadaab","in_county":true},"geometry":{"type":"Point","coordinates":[40.53056,0.22225]}},{"type":"Feature","properties":{"name":"Liboi 3","subcounty_src":"Dadaab","ward":"Liboi","elev_m":108,"dist_tana_km":128.16,"flooded_2023":false,"flooded_2024":false,"nearest_lagha_km":0.02,"nearest_lagha_hazard":"Very High","flood_exposure":"High","subcounty":"Dadaab","in_county":true},"geometry":{"type":"Point","coordinates":[40.59501,0.21951]}},{"type":"Feature","properties":{"name":"Liboi 4","subcounty_src":"Dadaab","ward":"Liboi","elev_m":102,"dist_tana_km":135.66,"flooded_2023":true,"flooded_2024":false,"nearest_lagha_km":0.51,"nearest_lagha_hazard":"Very High","flood_exposure":"Very High","subcounty":"Dadaab","in_county":true},"geometry":{"type":"Point","coordinates":[40.66408,0.23432]}},{"type":"Feature","properties":{"name":"Liboi 5","subcounty_src":"Dadaab","ward":"Liboi","elev_m":79,"dist_tana_km":174.98,"flooded_2023":false,"flooded_2024":false,"nearest_lagha_km":0.23,"nearest_lagha_hazard":"Moderate","flood_exposure":"Moderate","subcounty":"Dadaab","in_county":true},"geometry":{"type":"Point","coordinates":[40.97455,0.40658]}},{"type":"Feature","properties":{"name":"Liboi","subcounty_src":"Dadaab","ward":"Liboi","elev_m":84,"dist_tana_km":167.11,"flooded_2023":false,"flooded_2024":false,"nearest_lagha_km":1.44,"nearest_lagha_hazard":"Very High","flood_exposure":"Moderate","subcounty":"Dadaab","in_county":true},"geometry":{"type":"Point","coordinates":[40.90765,0.37855]}},{"type":"Feature","properties":{"name":"Liboi 7","subcounty_src":"Dadaab","ward":"Liboi","elev_m":91,"dist_tana_km":153.12,"flooded_2023":false,"flooded_2024":false,"nearest_lagha_km":0.59,"nearest_lagha_hazard":"Very High","flood_exposure":"Moderate","subcounty":"Dadaab","in_county":true},"geometry":{"type":"Point","coordinates":[40.80354,0.30664]}},{"type":"Feature","properties":{"name":"Liboi 8","subcounty_src":"Dadaab","ward":"Liboi","elev_m":81,"dist_tana_km":167.61,"flooded_2023":false,"flooded_2024":false,"nearest_lagha_km":0.36,"nearest_lagha_hazard":"Very High","flood_exposure":"High","subcounty":"Dadaab","in_county":true},"geometry":{"type":"Point","coordinates":[40.96716,0.31013]}},{"type":"Feature","properties":{"name":"Liboi 9","subcounty_src":"Dadaab","ward":"Liboi","elev_m":82,"dist_tana_km":169.28,"flooded_2023":false,"flooded_2024":false,"nearest_lagha_km":0.91,"nearest_lagha_hazard":"Very High","flood_exposure":"Moderate","subcounty":"Dadaab","in_county":true},"geometry":{"type":"Point","coordinates":[40.99145,0.30293]}},{"type":"Feature","properties":{"name":"Liboi 10","subcounty_src":"Dadaab","ward":"Liboi","elev_m":99,"dist_tana_km":141.93,"flooded_2023":false,"flooded_2024":false,"nearest_lagha_km":0.92,"nearest_lagha_hazard":"Very High","flood_exposure":"Moderate","subcounty":"Dadaab","in_county":true},"geometry":{"type":"Point","coordinates":[40.70772,0.27184]}},{"type":"Feature","properties":{"name":"Liboi 11","subcounty_src":"Dadaab","ward":"Liboi","elev_m":94,"dist_tana_km":147.14,"flooded_2023":false,"flooded_2024":false,"nearest_lagha_km":1.41,"nearest_lagha_hazard":"Moderate","flood_exposure":"Moderate","subcounty":"Dadaab","in_county":true},"geometry":{"type":"Point","coordinates":[40.78173,0.24627]}},{"type":"Feature","properties":{"name":"Liboi 12","subcounty_src":"Dadaab","ward":"Liboi","elev_m":108,"dist_tana_km":119.2,"flooded_2023":false,"flooded_2024":false,"nearest_lagha_km":0.05,"nearest_lagha_hazard":"Very High","flood_exposure":"High","subcounty":"Dadaab","in_county":true},"geometry":{"type":"Point","coordinates":[40.5126,0.20058]}},{"type":"Feature","properties":{"name":"Liboi 13","subcounty_src":"Dadaab","ward":"Liboi","elev_m":116,"dist_tana_km":108.92,"flooded_2023":false,"flooded_2024":false,"nearest_lagha_km":0.46,"nearest_lagha_hazard":"Very High","flood_exposure":"High","subcounty":"Dadaab","in_county":true},"geometry":{"type":"Point","coordinates":[40.42635,0.16416]}},{"type":"Feature","properties":{"name":"Kenisa?Doi","subcounty_src":"Fafi","ward":"Dekaharja","elev_m":78,"dist_tana_km":81.69,"flooded_2023":false,"flooded_2024":false,"nearest_lagha_km":2.19,"nearest_lagha_hazard":"Moderate","flood_exposure":"Low","subcounty":"Hulugho","in_county":true},"geometry":{"type":"Point","coordinates":[40.76101,-1.27654]}},{"type":"Feature","properties":{"name":"Kenisa/Doi 2","subcounty_src":"Fafi","ward":"Dekaharja","elev_m":77,"dist_tana_km":80.8,"flooded_2023":false,"flooded_2024":false,"nearest_lagha_km":2.5,"nearest_lagha_hazard":"Very High","flood_exposure":"Low","subcounty":"Hulugho","in_county":true},"geometry":{"type":"Point","coordinates":[40.74641,-1.26619]}},{"type":"Feature","properties":{"name":"Dekaharja/Kaldadole 1","subcounty_src":"Fafi","ward":"Dekaharja","elev_m":84,"dist_tana_km":92.98,"flooded_2023":false,"flooded_2024":false,"nearest_lagha_km":1.37,"nearest_lagha_hazard":"High","flood_exposure":"Moderate","subcounty":"Hulugho","in_county":true},"geometry":{"type":"Point","coordinates":[40.84493,-1.17127]}},{"type":"Feature","properties":{"name":"Tumtish 1","subcounty_src":"Fafi","ward":"Dekaharja","elev_m":77,"dist_tana_km":100.14,"flooded_2023":false,"flooded_2024":false,"nearest_lagha_km":2.74,"nearest_lagha_hazard":"Low","flood_exposure":"Low","subcounty":"Hulugho","in_county":true},"geometry":{"type":"Point","coordinates":[40.91395,-1.21111]}},{"type":"Feature","properties":{"name":"Galmagala 1","subcounty_src":"Fafi","ward":"Dekaharja","elev_m":86,"dist_tana_km":83.76,"flooded_2023":false,"flooded_2024":false,"nearest_lagha_km":2.42,"nearest_lagha_hazard":"Low","flood_exposure":"Low","subcounty":"Hulugho","in_county":true},"geometry":{"type":"Point","coordinates":[40.76392,-1.19287]}},{"type":"Feature","properties":{"name":"Galmagala 2","subcounty_src":"Fafi","ward":"Dekaharja","elev_m":85,"dist_tana_km":84.46,"flooded_2023":false,"flooded_2024":false,"nearest_lagha_km":2.45,"nearest_lagha_hazard":"Low","flood_exposure":"Low","subcounty":"Hulugho","in_county":true},"geometry":{"type":"Point","coordinates":[40.7696,-1.18698]}},{"type":"Feature","properties":{"name":"Galmagala 3","subcounty_src":"Fafi","ward":"Dekaharja","elev_m":81,"dist_tana_km":85.57,"flooded_2023":false,"flooded_2024":false,"nearest_lagha_km":1.85,"nearest_lagha_hazard":"Moderate","flood_exposure":"Low","subcounty":"Hulugho","in_county":true},"geometry":{"type":"Point","coordinates":[40.78093,-1.20064]}},{"type":"Feature","properties":{"name":"Tumtish 2","subcounty_src":"Fafi","ward":"Dekaharja","elev_m":77,"dist_tana_km":100.13,"flooded_2023":false,"flooded_2024":false,"nearest_lagha_km":2.58,"nearest_lagha_hazard":"High","flood_exposure":"Low","subcounty":"Hulugho","in_county":true},"geometry":{"type":"Point","coordinates":[40.90992,-1.1755]}},{"type":"Feature","properties":{"name":"Tumtish 3","subcounty_src":"Fafi","ward":"Dekaharja","elev_m":75,"dist_tana_km":99.46,"flooded_2023":false,"flooded_2024":false,"nearest_lagha_km":3.16,"nearest_lagha_hazard":"High","flood_exposure":"Low","subcounty":"Hulugho","in_county":true},"geometry":{"type":"Point","coordinates":[40.90505,-1.18736]}},{"type":"Feature","properties":{"name":"Uftis 1","subcounty_src":"Fafi","ward":"Dekaharja","elev_m":83,"dist_tana_km":104.04,"flooded_2023":false,"flooded_2024":false,"nearest_lagha_km":3.04,"nearest_lagha_hazard":"High","flood_exposure":"Low","subcounty":"Hulugho","in_county":true},"geometry":{"type":"Point","coordinates":[40.93665,-1.10937]}},{"type":"Feature","properties":{"name":"Uftis 2","subcounty_src":"Fafi","ward":"Dekaharja","elev_m":83,"dist_tana_km":103.77,"flooded_2023":false,"flooded_2024":false,"nearest_lagha_km":2.25,"nearest_lagha_hazard":"Moderate","flood_exposure":"Low","subcounty":"Hulugho","in_county":true},"geometry":{"type":"Point","coordinates":[40.92881,-1.07988]}},{"type":"Feature","properties":{"name":"Uftis 3","subcounty_src":"Fafi","ward":"Dekaharja","elev_m":86,"dist_tana_km":103.35,"flooded_2023":false,"flooded_2024":false,"nearest_lagha_km":1.81,"nearest_lagha_hazard":"Moderate","flood_exposure":"Low","subcounty":"Hulugho","in_county":true},"geometry":{"type":"Point","coordinates":[40.92439,-1.07722]}},{"type":"Feature","properties":{"name":"Bula Galol 1","subcounty_src":"Fafi","ward":"Dekaharja","elev_m":83,"dist_tana_km":107.62,"flooded_2023":false,"flooded_2024":false,"nearest_lagha_km":0.13,"nearest_lagha_hazard":"Low","flood_exposure":"Moderate","subcounty":"Hulugho","in_county":true},"geometry":{"type":"Point","coordinates":[40.95868,-1.05381]}},{"type":"Feature","properties":{"name":"Bula Galol 2","subcounty_src":"Fafi","ward":"Dekaharja","elev_m":79,"dist_tana_km":107.61,"flooded_2023":false,"flooded_2024":false,"nearest_lagha_km":0.13,"nearest_lagha_hazard":"Low","flood_exposure":"Moderate","subcounty":"Hulugho","in_county":true},"geometry":{"type":"Point","coordinates":[40.95865,-1.05432]}},{"type":"Feature","properties":{"name":"Bula Galol 3","subcounty_src":"Fafi","ward":"Dekaharja","elev_m":87,"dist_tana_km":107.1,"flooded_2023":false,"flooded_2024":false,"nearest_lagha_km":0.6,"nearest_lagha_hazard":"Low","flood_exposure":"Moderate","subcounty":"Hulugho","in_county":true},"geometry":{"type":"Point","coordinates":[40.95014,-1.03751]}},{"type":"Feature","properties":{"name":"Bula Galol 4","subcounty_src":"Fafi","ward":"Dekaharja","elev_m":93,"dist_tana_km":103.57,"flooded_2023":false,"flooded_2024":false,"nearest_lagha_km":3.13,"nearest_lagha_hazard":"Moderate","flood_exposure":"Low","subcounty":"Fafi","in_county":true},"geometry":{"type":"Point","coordinates":[40.89365,-0.95016]}},{"type":"Feature","properties":{"name":"Dekaharja/Kaldadole 2","subcounty_src":"Fafi","ward":"Dekaharja","elev_m":78,"dist_tana_km":93.68,"flooded_2023":false,"flooded_2024":false,"nearest_lagha_km":0.03,"nearest_lagha_hazard":"High","flood_exposure":"High","subcounty":"Hulugho","in_county":true},"geometry":{"type":"Point","coordinates":[40.84976,-1.15861]}},{"type":"Feature","properties":{"name":"Dekaharja/Kaldadole 3","subcounty_src":"Fafi","ward":"Dekaharja","elev_m":79,"dist_tana_km":92.36,"flooded_2023":false,"flooded_2024":false,"nearest_lagha_km":0.77,"nearest_lagha_hazard":"High","flood_exposure":"Moderate","subcounty":"Hulugho","in_county":true},"geometry":{"type":"Point","coordinates":[40.83821,-1.16204]}},{"type":"Feature","properties":{"name":"Dekaharja/Kaldadole 4","subcounty_src":"Fafi","ward":"Dekaharja","elev_m":80,"dist_tana_km":95.94,"flooded_2023":false,"flooded_2024":false,"nearest_lagha_km":0.99,"nearest_lagha_hazard":"High","flood_exposure":"Moderate","subcounty":"Hulugho","in_county":true},"geometry":{"type":"Point","coordinates":[40.86978,-1.15499]}},{"type":"Feature","properties":{"name":"Gubis 1","subcounty_src":"Fafi","ward":"Dekaharja","elev_m":90,"dist_tana_km":88.11,"flooded_2023":false,"flooded_2024":false,"nearest_lagha_km":3.4,"nearest_lagha_hazard":"Low","flood_exposure":"Low","subcounty":"Hulugho","in_county":true},"geometry":{"type":"Point","coordinates":[40.79173,-1.11218]}},{"type":"Feature","properties":{"name":"Gubis 2","subcounty_src":"Fafi","ward":"Dekaharja","elev_m":91,"dist_tana_km":87.85,"flooded_2023":false,"flooded_2024":false,"nearest_lagha_km":3.55,"nearest_lagha_hazard":"Moderate","flood_exposure":"Low","subcounty":"Hulugho","in_county":true},"geometry":{"type":"Point","coordinates":[40.78964,-1.11375]}},{"type":"Feature","properties":{"name":"Gubis 3","subcounty_src":"Fafi","ward":"Dekaharja","elev_m":94,"dist_tana_km":97.47,"flooded_2023":false,"flooded_2024":false,"nearest_lagha_km":1.08,"nearest_lagha_hazard":"Low","flood_exposure":"Moderate","subcounty":"Fafi","in_county":true},"geometry":{"type":"Point","coordinates":[40.83809,-0.95598]}},{"type":"Feature","properties":{"name":"Dekaharja 1","subcounty_src":"Fafi","ward":"Dekaharja","elev_m":85,"dist_tana_km":78.35,"flooded_2023":false,"flooded_2024":false,"nearest_lagha_km":1.59,"nearest_lagha_hazard":"Moderate","flood_exposure":"Low","subcounty":"Hulugho","in_county":true},"geometry":{"type":"Point","coordinates":[40.71478,-1.19006]}},{"type":"Feature","properties":{"name":"Dekaharja 2","subcounty_src":"Fafi","ward":"Dekaharja","elev_m":82,"dist_tana_km":77.96,"flooded_2023":false,"flooded_2024":false,"nearest_lagha_km":1.15,"nearest_lagha_hazard":"Moderate","flood_exposure":"Moderate","subcounty":"Hulugho","in_county":true},"geometry":{"type":"Point","coordinates":[40.71165,-1.19413]}},{"type":"Feature","properties":{"name":"Dekaharja 3","subcounty_src":"Fafi","ward":"Dekaharja","elev_m":91,"dist_tana_km":84.54,"flooded_2023":false,"flooded_2024":false,"nearest_lagha_km":2.95,"nearest_lagha_hazard":"Low","flood_exposure":"Low","subcounty":"Fafi","in_county":true},"geometry":{"type":"Point","coordinates":[40.76311,-1.13418]}},{"type":"Feature","properties":{"name":"Gubis 4","subcounty_src":"Fafi","ward":"Dekaharja","elev_m":88,"dist_tana_km":100.84,"flooded_2023":false,"flooded_2024":false,"nearest_lagha_km":1.07,"nearest_lagha_hazard":"Moderate","flood_exposure":"Moderate","subcounty":"Fafi","in_county":true},"geometry":{"type":"Point","coordinates":[40.88614,-1.0151]}},{"type":"Feature","properties":{"name":"Yumbis Center 1","subcounty_src":"Fafi","ward":"Fafi","elev_m":125,"dist_tana_km":91.78,"flooded_2023":true,"flooded_2024":false,"nearest_lagha_km":0.08,"nearest_lagha_hazard":"Very High","flood_exposure":"Very High","subcounty":"Dadaab","in_county":true},"geometry":{"type":"Point","coordinates":[40.34303,-0.00454]}},{"type":"Feature","properties":{"name":"Bula Hada","subcounty_src":"Fafi","ward":"Jarajila","elev_m":122,"dist_tana_km":102.11,"flooded_2023":false,"flooded_2024":false,"nearest_lagha_km":0.02,"nearest_lagha_hazard":"High","flood_exposure":"High","subcounty":"Dadaab","in_county":true},"geometry":{"type":"Point","coordinates":[40.57126,-0.15628]}},{"type":"Feature","properties":{"name":"Bula Hada","subcounty_src":"Fafi","ward":"Jarajila","elev_m":93,"dist_tana_km":127.58,"flooded_2023":false,"flooded_2024":false,"nearest_lagha_km":0.03,"nearest_lagha_hazard":"Very High","flood_exposure":"High","subcounty":"Dadaab","in_county":true},"geometry":{"type":"Point","coordinates":[40.89908,-0.33675]}},{"type":"Feature","properties":{"name":"Welmarer","subcounty_src":"Fafi","ward":"Jarajila","elev_m":130,"dist_tana_km":94.5,"flooded_2023":false,"flooded_2024":false,"nearest_lagha_km":0.78,"nearest_lagha_hazard":"Low","flood_exposure":"Moderate","subcounty":"Dadaab","in_county":true},"geometry":{"type":"Point","coordinates":[40.59056,-0.36004]}},{"type":"Feature","properties":{"name":"Bula Athar","subcounty_src":"Fafi","ward":"Jarajila","elev_m":114,"dist_tana_km":110.96,"flooded_2023":false,"flooded_2024":false,"nearest_lagha_km":1.84,"nearest_lagha_hazard":"Low","flood_exposure":"Low","subcounty":"Dadaab","in_county":true},"geometry":{"type":"Point","coordinates":[40.78722,-0.47605]}},{"type":"Feature","properties":{"name":"Hagarbul 2","subcounty_src":"Fafi","ward":"Fafi","elev_m":167,"dist_tana_km":52.84,"flooded_2023":false,"flooded_2024":false,"nearest_lagha_km":2.66,"nearest_lagha_hazard":"High","flood_exposure":"Low","subcounty":"Dadaab","in_county":true},"geometry":{"type":"Point","coordinates":[39.99358,-0.09613]}},{"type":"Feature","properties":{"name":"Yumbis Center 2","subcounty_src":"Fafi","ward":"Fafi","elev_m":141,"dist_tana_km":83.51,"flooded_2023":false,"flooded_2024":false,"nearest_lagha_km":0.05,"nearest_lagha_hazard":"Moderate","flood_exposure":"Moderate","subcounty":"Dadaab","in_county":true},"geometry":{"type":"Point","coordinates":[40.39068,-0.18398]}},{"type":"Feature","properties":{"name":"Hagarbul 1","subcounty_src":"Fafi","ward":"Fafi","elev_m":167,"dist_tana_km":46.58,"flooded_2023":false,"flooded_2024":false,"nearest_lagha_km":1.56,"nearest_lagha_hazard":"Moderate","flood_exposure":"Low","subcounty":"Balambala","in_county":true},"geometry":{"type":"Point","coordinates":[39.9982,-0.23724]}},{"type":"Feature","properties":{"name":"Daddere 1","subcounty_src":"Fafi","ward":"Fafi","elev_m":193,"dist_tana_km":31.14,"flooded_2023":false,"flooded_2024":false,"nearest_lagha_km":2.47,"nearest_lagha_hazard":"Low","flood_exposure":"Low","subcounty":"Garissa Township","in_county":true},"geometry":{"type":"Point","coordinates":[39.97425,-0.4188]}},{"type":"Feature","properties":{"name":"Daddere 2","subcounty_src":"Fafi","ward":"Fafi","elev_m":195,"dist_tana_km":30.95,"flooded_2023":false,"flooded_2024":false,"nearest_lagha_km":2.84,"nearest_lagha_hazard":"Low","flood_exposure":"Low","subcounty":"Garissa Township","in_county":true},"geometry":{"type":"Point","coordinates":[39.97518,-0.42222]}},{"type":"Feature","properties":{"name":"Fafi Center 1","subcounty_src":"Fafi","ward":"Fafi","elev_m":133,"dist_tana_km":67.96,"flooded_2023":true,"flooded_2024":false,"nearest_lagha_km":2.45,"nearest_lagha_hazard":"Very High","flood_exposure":"Very High","subcounty":"Dadaab","in_county":true},"geometry":{"type":"Point","coordinates":[40.36214,-0.43209]}},{"type":"Feature","properties":{"name":"Fafi Centre 2","subcounty_src":"Fafi","ward":"Fafi","elev_m":132,"dist_tana_km":65.55,"flooded_2023":true,"flooded_2024":false,"nearest_lagha_km":1.99,"nearest_lagha_hazard":"Very High","flood_exposure":"Very High","subcounty":"Dadaab","in_county":true},"geometry":{"type":"Point","coordinates":[40.33886,-0.43295]}},{"type":"Feature","properties":{"name":"Fafi Centre 3","subcounty_src":"Fafi","ward":"Fafi","elev_m":141,"dist_tana_km":55.14,"flooded_2023":false,"flooded_2024":false,"nearest_lagha_km":3.43,"nearest_lagha_hazard":"Moderate","flood_exposure":"Low","subcounty":"Dadaab","in_county":true},"geometry":{"type":"Point","coordinates":[40.23464,-0.42746]}},{"type":"Feature","properties":{"name":"Fafi Centre 5","subcounty_src":"Fafi","ward":"Fafi","elev_m":140,"dist_tana_km":55.12,"flooded_2023":false,"flooded_2024":false,"nearest_lagha_km":3.6,"nearest_lagha_hazard":"Moderate","flood_exposure":"Low","subcounty":"Dadaab","in_county":true},"geometry":{"type":"Point","coordinates":[40.23511,-0.42908]}},{"type":"Feature","properties":{"name":"Fafi Centre 4","subcounty_src":"Fafi","ward":"Fafi","elev_m":160,"dist_tana_km":45.6,"flooded_2023":false,"flooded_2024":false,"nearest_lagha_km":0.36,"nearest_lagha_hazard":"Moderate","flood_exposure":"Moderate","subcounty":"Garissa Township","in_county":true},"geometry":{"type":"Point","coordinates":[40.14885,-0.44523]}},{"type":"Feature","properties":{"name":"Dayu 1","subcounty_src":"Fafi","ward":"Fafi","elev_m":169,"dist_tana_km":41.08,"flooded_2023":false,"flooded_2024":false,"nearest_lagha_km":0.45,"nearest_lagha_hazard":"Low","flood_exposure":"Moderate","subcounty":"Garissa Township","in_county":true},"geometry":{"type":"Point","coordinates":[40.10209,-0.44256]}},{"type":"Feature","properties":{"name":"Dayu 2","subcounty_src":"Fafi","ward":"Fafi","elev_m":184,"dist_tana_km":34.99,"flooded_2023":false,"flooded_2024":false,"nearest_lagha_km":3.62,"nearest_lagha_hazard":"Low","flood_exposure":"Low","subcounty":"Garissa Township","in_county":true},"geometry":{"type":"Point","coordinates":[40.03946,-0.44433]}},{"type":"Feature","properties":{"name":"Dayu 3","subcounty_src":"Fafi","ward":"Fafi","elev_m":188,"dist_tana_km":31.37,"flooded_2023":false,"flooded_2024":false,"nearest_lagha_km":3.67,"nearest_lagha_hazard":"Low","flood_exposure":"Low","subcounty":"Garissa Township","in_county":true},"geometry":{"type":"Point","coordinates":[40.00072,-0.44601]}},{"type":"Feature","properties":{"name":"Dayu 4","subcounty_src":"Fafi","ward":"Fafi","elev_m":200,"dist_tana_km":24.93,"flooded_2023":false,"flooded_2024":false,"nearest_lagha_km":0.06,"nearest_lagha_hazard":"Moderate","flood_exposure":"Moderate","subcounty":"Garissa Township","in_county":true},"geometry":{"type":"Point","coordinates":[39.91756,-0.44302]}},{"type":"Feature","properties":{"name":"Dayu 5","subcounty_src":"Fafi","ward":"Fafi","elev_m":193,"dist_tana_km":19.24,"flooded_2023":false,"flooded_2024":false,"nearest_lagha_km":0.06,"nearest_lagha_hazard":"Low","flood_exposure":"Moderate","subcounty":"Garissa Township","in_county":true},"geometry":{"type":"Point","coordinates":[39.91914,-0.5196]}},{"type":"Feature","properties":{"name":"Dayu 6","subcounty_src":"Fafi","ward":"Fafi","elev_m":191,"dist_tana_km":18.99,"flooded_2023":false,"flooded_2024":false,"nearest_lagha_km":0.11,"nearest_lagha_hazard":"Moderate","flood_exposure":"Moderate","subcounty":"Garissa Township","in_county":true},"geometry":{"type":"Point","coordinates":[39.91702,-0.52039]}},{"type":"Feature","properties":{"name":"Fafi Centre 6","subcounty_src":"Fafi","ward":"Fafi","elev_m":120,"dist_tana_km":68.22,"flooded_2023":false,"flooded_2024":false,"nearest_lagha_km":2.46,"nearest_lagha_hazard":"Moderate","flood_exposure":"Low","subcounty":"Fafi","in_county":true},"geometry":{"type":"Point","coordinates":[40.46964,-0.75725]}},{"type":"Feature","properties":{"name":"Fafi","subcounty_src":"Fafi","ward":"Fafi","elev_m":179,"dist_tana_km":44.76,"flooded_2023":false,"flooded_2024":false,"nearest_lagha_km":1.08,"nearest_lagha_hazard":"Moderate","flood_exposure":"Moderate","subcounty":"Balambala","in_county":true},"geometry":{"type":"Point","coordinates":[39.93918,-0.14604]}},{"type":"Feature","properties":{"name":"Hagarbul 1","subcounty_src":"Fafi","ward":"Fafi","elev_m":168,"dist_tana_km":52.73,"flooded_2023":false,"flooded_2024":false,"nearest_lagha_km":2.63,"nearest_lagha_hazard":"High","flood_exposure":"Low","subcounty":"Dadaab","in_county":true},"geometry":{"type":"Point","coordinates":[39.99225,-0.09588]}},{"type":"Feature","properties":{"name":"Bula Iftin 1","subcounty_src":"Ijara","ward":"Ijara","elev_m":55,"dist_tana_km":45.07,"flooded_2023":false,"flooded_2024":false,"nearest_lagha_km":0.94,"nearest_lagha_hazard":"Very High","flood_exposure":"Moderate","subcounty":"Hulugho","in_county":true},"geometry":{"type":"Point","coordinates":[40.52109,-1.60445]}},{"type":"Feature","properties":{"name":"Bula Daldos","subcounty_src":"Ijara","ward":"Ijara","elev_m":62,"dist_tana_km":43.95,"flooded_2023":false,"flooded_2024":false,"nearest_lagha_km":2.08,"nearest_lagha_hazard":"Very High","flood_exposure":"Low","subcounty":"Hulugho","in_county":true},"geometry":{"type":"Point","coordinates":[40.51139,-1.60849]}},{"type":"Feature","properties":{"name":"Ijara 1","subcounty_src":"Ijara","ward":"Ijara","elev_m":60,"dist_tana_km":44.47,"flooded_2023":false,"flooded_2024":false,"nearest_lagha_km":1.22,"nearest_lagha_hazard":"Very High","flood_exposure":"Moderate","subcounty":"Hulugho","in_county":true},"geometry":{"type":"Point","coordinates":[40.51507,-1.59973]}},{"type":"Feature","properties":{"name":"Ijara 2","subcounty_src":"Ijara","ward":"Ijara","elev_m":62,"dist_tana_km":44.41,"flooded_2023":false,"flooded_2024":false,"nearest_lagha_km":1.18,"nearest_lagha_hazard":"Very High","flood_exposure":"Moderate","subcounty":"Hulugho","in_county":true},"geometry":{"type":"Point","coordinates":[40.51434,-1.59832]}},{"type":"Feature","properties":{"name":"Bula Iftin 2","subcounty_src":"Ijara","ward":"Ijara","elev_m":54,"dist_tana_km":45.14,"flooded_2023":false,"flooded_2024":false,"nearest_lagha_km":1.34,"nearest_lagha_hazard":"Very High","flood_exposure":"Moderate","subcounty":"Hulugho","in_county":true},"geometry":{"type":"Point","coordinates":[40.52248,-1.61134]}},{"type":"Feature","properties":{"name":"Bula Galol","subcounty_src":"Ijara","ward":"Ijara","elev_m":59,"dist_tana_km":45.03,"flooded_2023":false,"flooded_2024":false,"nearest_lagha_km":2.19,"nearest_lagha_hazard":"Very High","flood_exposure":"Low","subcounty":"Hulugho","in_county":true},"geometry":{"type":"Point","coordinates":[40.52249,-1.62367]}},{"type":"Feature","properties":{"name":"Bula Mzuri 1","subcounty_src":"Ijara","ward":"Ijara","elev_m":55,"dist_tana_km":44.97,"flooded_2023":false,"flooded_2024":false,"nearest_lagha_km":0.45,"nearest_lagha_hazard":"Very High","flood_exposure":"High","subcounty":"Hulugho","in_county":true},"geometry":{"type":"Point","coordinates":[40.51753,-1.58563]}},{"type":"Feature","properties":{"name":"Bula Mzuri 2","subcounty_src":"Ijara","ward":"Ijara","elev_m":54,"dist_tana_km":45.22,"flooded_2023":false,"flooded_2024":false,"nearest_lagha_km":0.23,"nearest_lagha_hazard":"Very High","flood_exposure":"High","subcounty":"Hulugho","in_county":true},"geometry":{"type":"Point","coordinates":[40.51974,-1.58521]}},{"type":"Feature","properties":{"name":"Ruqa 1","subcounty_src":"Ijara","ward":"Ijara","elev_m":64,"dist_tana_km":38.76,"flooded_2023":false,"flooded_2024":false,"nearest_lagha_km":0.05,"nearest_lagha_hazard":"Moderate","flood_exposure":"Moderate","subcounty":"Ijara","in_county":true},"geometry":{"type":"Point","coordinates":[40.4542,-1.5573]}},{"type":"Feature","properties":{"name":"Ruqa 2","subcounty_src":"Ijara","ward":"Ijara","elev_m":64,"dist_tana_km":38.75,"flooded_2023":false,"flooded_2024":false,"nearest_lagha_km":0.05,"nearest_lagha_hazard":"Moderate","flood_exposure":"Moderate","subcounty":"Ijara","in_county":true},"geometry":{"type":"Point","coordinates":[40.45368,-1.55554]}},{"type":"Feature","properties":{"name":"Ruqa 3","subcounty_src":"Ijara","ward":"Ijara","elev_m":64,"dist_tana_km":38.5,"flooded_2023":false,"flooded_2024":false,"nearest_lagha_km":0.25,"nearest_lagha_hazard":"Moderate","flood_exposure":"Moderate","subcounty":"Ijara","in_county":true},"geometry":{"type":"Point","coordinates":[40.44971,-1.54882]}},{"type":"Feature","properties":{"name":"Ruqa 4","subcounty_src":"Ijara","ward":"Ijara","elev_m":65,"dist_tana_km":38.41,"flooded_2023":false,"flooded_2024":false,"nearest_lagha_km":0.24,"nearest_lagha_hazard":"Moderate","flood_exposure":"Moderate","subcounty":"Ijara","in_county":true},"geometry":{"type":"Point","coordinates":[40.44976,-1.55216]}},{"type":"Feature","properties":{"name":"Ruqa 5","subcounty_src":"Ijara","ward":"Ijara","elev_m":65,"dist_tana_km":38.24,"flooded_2023":false,"flooded_2024":false,"nearest_lagha_km":0.42,"nearest_lagha_hazard":"Moderate","flood_exposure":"Moderate","subcounty":"Ijara","in_county":true},"geometry":{"type":"Point","coordinates":[40.44821,-1.55245]}},{"type":"Feature","properties":{"name":"Ruqa 6","subcounty_src":"Ijara","ward":"Ijara","elev_m":65,"dist_tana_km":38.35,"flooded_2023":false,"flooded_2024":false,"nearest_lagha_km":0.35,"nearest_lagha_hazard":"Moderate","flood_exposure":"Moderate","subcounty":"Ijara","in_county":true},"geometry":{"type":"Point","coordinates":[40.44882,-1.55056]}},{"type":"Feature","properties":{"name":"Ruqa 7","subcounty_src":"Ijara","ward":"Ijara","elev_m":68,"dist_tana_km":38.16,"flooded_2023":false,"flooded_2024":false,"nearest_lagha_km":0.51,"nearest_lagha_hazard":"Moderate","flood_exposure":"Moderate","subcounty":"Ijara","in_county":true},"geometry":{"type":"Point","coordinates":[40.44664,-1.54896]}},{"type":"Feature","properties":{"name":"Ruqa 8","subcounty_src":"Ijara","ward":"Ijara","elev_m":67,"dist_tana_km":38.04,"flooded_2023":false,"flooded_2024":false,"nearest_lagha_km":0.62,"nearest_lagha_hazard":"Moderate","flood_exposure":"Moderate","subcounty":"Ijara","in_county":true},"geometry":{"type":"Point","coordinates":[40.44637,-1.55223]}},{"type":"Feature","properties":{"name":"Ruqa 8","subcounty_src":"Ijara","ward":"Ijara","elev_m":65,"dist_tana_km":38.65,"flooded_2023":false,"flooded_2024":false,"nearest_lagha_km":0.02,"nearest_lagha_hazard":"Moderate","flood_exposure":"Moderate","subcounty":"Ijara","in_county":true},"geometry":{"type":"Point","coordinates":[40.45173,-1.55105]}},{"type":"Feature","properties":{"name":"Ruqa 9","subcounty_src":"Ijara","ward":"Ijara","elev_m":67,"dist_tana_km":37.89,"flooded_2023":false,"flooded_2024":false,"nearest_lagha_km":0.71,"nearest_lagha_hazard":"Moderate","flood_exposure":"Moderate","subcounty":"Ijara","in_county":true},"geometry":{"type":"Point","coordinates":[40.44434,-1.54997]}},{"type":"Feature","properties":{"name":"Ruqa 10","subcounty_src":"Ijara","ward":"Ijara","elev_m":63,"dist_tana_km":37.6,"flooded_2023":false,"flooded_2024":false,"nearest_lagha_km":0.36,"nearest_lagha_hazard":"Moderate","flood_exposure":"Moderate","subcounty":"Ijara","in_county":true},"geometry":{"type":"Point","coordinates":[40.44077,-1.54663]}},{"type":"Feature","properties":{"name":"Ruqa 11","subcounty_src":"Ijara","ward":"Ijara","elev_m":66,"dist_tana_km":37.95,"flooded_2023":false,"flooded_2024":false,"nearest_lagha_km":0.16,"nearest_lagha_hazard":"Moderate","flood_exposure":"Moderate","subcounty":"Ijara","in_county":true},"geometry":{"type":"Point","coordinates":[40.44328,-1.54364]}},{"type":"Feature","properties":{"name":"Wange/","subcounty_src":"Ijara","ward":"Ijara","elev_m":64,"dist_tana_km":53.66,"flooded_2023":false,"flooded_2024":false,"nearest_lagha_km":2.48,"nearest_lagha_hazard":"Low","flood_exposure":"Low","subcounty":"Hulugho","in_county":true},"geometry":{"type":"Point","coordinates":[40.5786,-1.5023]}},{"type":"Feature","properties":{"name":"Wange/Welmare 2","subcounty_src":"Ijara","ward":"Ijara","elev_m":62,"dist_tana_km":54.72,"flooded_2023":false,"flooded_2024":false,"nearest_lagha_km":2.97,"nearest_lagha_hazard":"Low","flood_exposure":"Low","subcounty":"Hulugho","in_county":true},"geometry":{"type":"Point","coordinates":[40.58874,-1.50385]}},{"type":"Feature","properties":{"name":"Wange/Welmare 3","subcounty_src":"Ijara","ward":"Ijara","elev_m":64,"dist_tana_km":55.14,"flooded_2023":false,"flooded_2024":false,"nearest_lagha_km":3.43,"nearest_lagha_hazard":"Low","flood_exposure":"Low","subcounty":"Hulugho","in_county":true},"geometry":{"type":"Point","coordinates":[40.59203,-1.50109]}},{"type":"Feature","properties":{"name":"Wange/Welmare 4","subcounty_src":"Ijara","ward":"Ijara","elev_m":64,"dist_tana_km":55.38,"flooded_2023":false,"flooded_2024":false,"nearest_lagha_km":3.2,"nearest_lagha_hazard":"Low","flood_exposure":"Low","subcounty":"Hulugho","in_county":true},"geometry":{"type":"Point","coordinates":[40.59558,-1.50658]}},{"type":"Feature","properties":{"name":"Moit 2","subcounty_src":"Ijara","ward":"Ijara","elev_m":61,"dist_tana_km":48.7,"flooded_2023":false,"flooded_2024":false,"nearest_lagha_km":1.07,"nearest_lagha_hazard":"Low","flood_exposure":"Moderate","subcounty":"Hulugho","in_county":true},"geometry":{"type":"Point","coordinates":[40.54688,-1.5605]}},{"type":"Feature","properties":{"name":"Daldalwein/Konodinto","subcounty_src":"Ijara","ward":"Ijara","elev_m":62,"dist_tana_km":48.85,"flooded_2023":false,"flooded_2024":false,"nearest_lagha_km":1.13,"nearest_lagha_hazard":"Low","flood_exposure":"Moderate","subcounty":"Hulugho","in_county":true},"geometry":{"type":"Point","coordinates":[40.54802,-1.55929]}},{"type":"Feature","properties":{"name":"Moit 1","subcounty_src":"Ijara","ward":"Ijara","elev_m":58,"dist_tana_km":46.76,"flooded_2023":false,"flooded_2024":false,"nearest_lagha_km":0.06,"nearest_lagha_hazard":"Low","flood_exposure":"Moderate","subcounty":"Hulugho","in_county":true},"geometry":{"type":"Point","coordinates":[40.52937,-1.56215]}},{"type":"Feature","properties":{"name":"Moit 2","subcounty_src":"Ijara","ward":"Ijara","elev_m":59,"dist_tana_km":46.49,"flooded_2023":false,"flooded_2024":false,"nearest_lagha_km":0.25,"nearest_lagha_hazard":"Low","flood_exposure":"Moderate","subcounty":"Hulugho","in_county":true},"geometry":{"type":"Point","coordinates":[40.52737,-1.56423]}},{"type":"Feature","properties":{"name":"Wardegoga 2","subcounty_src":"Ijara","ward":"Ijara","elev_m":57,"dist_tana_km":46.92,"flooded_2023":false,"flooded_2024":false,"nearest_lagha_km":0.87,"nearest_lagha_hazard":"Very High","flood_exposure":"Moderate","subcounty":"Hulugho","in_county":true},"geometry":{"type":"Point","coordinates":[40.53396,-1.57768]}},{"type":"Feature","properties":{"name":"Wardegoga 3","subcounty_src":"Ijara","ward":"Ijara","elev_m":55,"dist_tana_km":46.36,"flooded_2023":false,"flooded_2024":false,"nearest_lagha_km":0.88,"nearest_lagha_hazard":"Very High","flood_exposure":"Moderate","subcounty":"Hulugho","in_county":true},"geometry":{"type":"Point","coordinates":[40.52979,-1.58346]}},{"type":"Feature","properties":{"name":"Wardegoga 1","subcounty_src":"Ijara","ward":"Ijara","elev_m":55,"dist_tana_km":46.76,"flooded_2023":false,"flooded_2024":false,"nearest_lagha_km":1.15,"nearest_lagha_hazard":"Very High","flood_exposure":"Moderate","subcounty":"Hulugho","in_county":true},"geometry":{"type":"Point","coordinates":[40.53342,-1.58318]}},{"type":"Feature","properties":{"name":"Warable/Wange 2","subcounty_src":"Ijara","ward":"Ijara","elev_m":62,"dist_tana_km":58.65,"flooded_2023":false,"flooded_2024":false,"nearest_lagha_km":2.77,"nearest_lagha_hazard":"Very High","flood_exposure":"Low","subcounty":"Hulugho","in_county":true},"geometry":{"type":"Point","coordinates":[40.62605,-1.50698]}},{"type":"Feature","properties":{"name":"Warable/Wange 1","subcounty_src":"Ijara","ward":"Ijara","elev_m":65,"dist_tana_km":59.0,"flooded_2023":false,"flooded_2024":false,"nearest_lagha_km":2.89,"nearest_lagha_hazard":"Very High","flood_exposure":"Low","subcounty":"Hulugho","in_county":true},"geometry":{"type":"Point","coordinates":[40.62959,-1.50832]}},{"type":"Feature","properties":{"name":"Arbabuthu/Jede Aley","subcounty_src":"Ijara","ward":"Ijara","elev_m":56,"dist_tana_km":56.55,"flooded_2023":false,"flooded_2024":false,"nearest_lagha_km":0.54,"nearest_lagha_hazard":"Moderate","flood_exposure":"Moderate","subcounty":"Hulugho","in_county":true},"geometry":{"type":"Point","coordinates":[40.62201,-1.58064]}},{"type":"Feature","properties":{"name":"Damaa","subcounty_src":"Ijara","ward":"Ijara","elev_m":61,"dist_tana_km":51.03,"flooded_2023":false,"flooded_2024":false,"nearest_lagha_km":3.78,"nearest_lagha_hazard":"Moderate","flood_exposure":"Low","subcounty":"Hulugho","in_county":true},"geometry":{"type":"Point","coordinates":[40.57165,-1.57935]}},{"type":"Feature","properties":{"name":"Kulan/Bilgan/Holon 3","subcounty_src":"Ijara","ward":"Ijara","elev_m":56,"dist_tana_km":51.39,"flooded_2023":false,"flooded_2024":false,"nearest_lagha_km":3.3,"nearest_lagha_hazard":"Very High","flood_exposure":"Low","subcounty":"Hulugho","in_county":true},"geometry":{"type":"Point","coordinates":[40.5781,-1.60318]}},{"type":"Feature","properties":{"name":"Kulan/Bilgan/Holon 2","subcounty_src":"Ijara","ward":"Ijara","elev_m":57,"dist_tana_km":52.19,"flooded_2023":false,"flooded_2024":false,"nearest_lagha_km":2.57,"nearest_lagha_hazard":"Moderate","flood_exposure":"Low","subcounty":"Hulugho","in_county":true},"geometry":{"type":"Point","coordinates":[40.58548,-1.60526]}},{"type":"Feature","properties":{"name":"Hursan/Kamuthu","subcounty_src":"Ijara","ward":"Ijara","elev_m":67,"dist_tana_km":35.46,"flooded_2023":false,"flooded_2024":false,"nearest_lagha_km":2.33,"nearest_lagha_hazard":"Moderate","flood_exposure":"Low","subcounty":"Ijara","in_county":true},"geometry":{"type":"Point","coordinates":[40.44701,-1.77418]}},{"type":"Feature","properties":{"name":"Bula Kokon 1","subcounty_src":"Ijara","ward":"Ijara","elev_m":60,"dist_tana_km":42.49,"flooded_2023":false,"flooded_2024":false,"nearest_lagha_km":0.98,"nearest_lagha_hazard":"High","flood_exposure":"Moderate","subcounty":"Hulugho","in_county":true},"geometry":{"type":"Point","coordinates":[40.50731,-1.69091]}},{"type":"Feature","properties":{"name":"Bula Kokon 2","subcounty_src":"Ijara","ward":"Ijara","elev_m":59,"dist_tana_km":42.45,"flooded_2023":false,"flooded_2024":false,"nearest_lagha_km":0.96,"nearest_lagha_hazard":"High","flood_exposure":"Moderate","subcounty":"Hulugho","in_county":true},"geometry":{"type":"Point","coordinates":[40.50686,-1.69038]}},{"type":"Feature","properties":{"name":"Bula Kokon 3","subcounty_src":"Ijara","ward":"Ijara","elev_m":59,"dist_tana_km":42.45,"flooded_2023":false,"flooded_2024":false,"nearest_lagha_km":0.72,"nearest_lagha_hazard":"High","flood_exposure":"Moderate","subcounty":"Hulugho","in_county":true},"geometry":{"type":"Point","coordinates":[40.50651,-1.68702]}},{"type":"Feature","properties":{"name":"Warabesa 1","subcounty_src":"Ijara","ward":"Masalani","elev_m":69,"dist_tana_km":29.33,"flooded_2023":false,"flooded_2024":false,"nearest_lagha_km":2.41,"nearest_lagha_hazard":"Low","flood_exposure":"Low","subcounty":"Ijara","in_county":true},"geometry":{"type":"Point","coordinates":[40.38915,-1.77478]}},{"type":"Feature","properties":{"name":"Warabesa 2","subcounty_src":"Ijara","ward":"Masalani","elev_m":72,"dist_tana_km":26.37,"flooded_2023":false,"flooded_2024":false,"nearest_lagha_km":1.23,"nearest_lagha_hazard":"Moderate","flood_exposure":"Moderate","subcounty":"Ijara","in_county":true},"geometry":{"type":"Point","coordinates":[40.36363,-1.74628]}},{"type":"Feature","properties":{"name":"Katolo/Bula Hil 1","subcounty_src":"Ijara","ward":"Ijara","elev_m":66,"dist_tana_km":42.36,"flooded_2023":false,"flooded_2024":false,"nearest_lagha_km":3.02,"nearest_lagha_hazard":"Very High","flood_exposure":"Low","subcounty":"Hulugho","in_county":true},"geometry":{"type":"Point","coordinates":[40.494,-1.5872]}},{"type":"Feature","properties":{"name":"Katolo/Bula Hil 2","subcounty_src":"Ijara","ward":"Ijara","elev_m":66,"dist_tana_km":41.95,"flooded_2023":false,"flooded_2024":false,"nearest_lagha_km":3.31,"nearest_lagha_hazard":"Moderate","flood_exposure":"Low","subcounty":"Hulugho","in_county":true},"geometry":{"type":"Point","coordinates":[40.48997,-1.58575]}},{"type":"Feature","properties":{"name":"Katolo/Bula Hil 3","subcounty_src":"Ijara","ward":"Ijara","elev_m":71,"dist_tana_km":41.04,"flooded_2023":false,"flooded_2024":false,"nearest_lagha_km":3.41,"nearest_lagha_hazard":"Moderate","flood_exposure":"Low","subcounty":"Hulugho","in_county":true},"geometry":{"type":"Point","coordinates":[40.48107,-1.58252]}},{"type":"Feature","properties":{"name":"Katolo/Bula Hil 4","subcounty_src":"Ijara","ward":"Ijara","elev_m":68,"dist_tana_km":41.1,"flooded_2023":false,"flooded_2024":false,"nearest_lagha_km":3.35,"nearest_lagha_hazard":"Moderate","flood_exposure":"Low","subcounty":"Hulugho","in_county":true},"geometry":{"type":"Point","coordinates":[40.48161,-1.58219]}},{"type":"Feature","properties":{"name":"Bula Kokon 4","subcounty_src":"Ijara","ward":"Ijara","elev_m":58,"dist_tana_km":42.82,"flooded_2023":false,"flooded_2024":false,"nearest_lagha_km":0.73,"nearest_lagha_hazard":"High","flood_exposure":"Moderate","subcounty":"Hulugho","in_county":true},"geometry":{"type":"Point","coordinates":[40.51029,-1.69145]}},{"type":"Feature","properties":{"name":"Bula Kokon 5","subcounty_src":"Ijara","ward":"Ijara","elev_m":56,"dist_tana_km":42.23,"flooded_2023":false,"flooded_2024":false,"nearest_lagha_km":1.05,"nearest_lagha_hazard":"High","flood_exposure":"Moderate","subcounty":"Hulugho","in_county":true},"geometry":{"type":"Point","coordinates":[40.50482,-1.68956]}},{"type":"Feature","properties":{"name":"Katolo/Bula Hil 5","subcounty_src":"Ijara","ward":"Ijara","elev_m":69,"dist_tana_km":35.97,"flooded_2023":false,"flooded_2024":false,"nearest_lagha_km":1.64,"nearest_lagha_hazard":"Low","flood_exposure":"Low","subcounty":"Ijara","in_county":true},"geometry":{"type":"Point","coordinates":[40.44037,-1.61911]}},{"type":"Feature","properties":{"name":"Handaro","subcounty_src":"Ijara","ward":"Sangailu","elev_m":66,"dist_tana_km":37.68,"flooded_2023":false,"flooded_2024":false,"nearest_lagha_km":0.13,"nearest_lagha_hazard":"Moderate","flood_exposure":"Moderate","subcounty":"Ijara","in_county":true},"geometry":{"type":"Point","coordinates":[40.44021,-1.54113]}},{"type":"Feature","properties":{"name":"Bula Warde","subcounty_src":"Ijara","ward":"Masalani","elev_m":54,"dist_tana_km":11.88,"flooded_2023":false,"flooded_2024":false,"nearest_lagha_km":1.62,"nearest_lagha_hazard":"Moderate","flood_exposure":"Low","subcounty":"Ijara","in_county":true},"geometry":{"type":"Point","coordinates":[40.25056,-1.9048]}},{"type":"Feature","properties":{"name":"Waraft/Jirole","subcounty_src":"Ijara","ward":"Masalani","elev_m":73,"dist_tana_km":12.03,"flooded_2023":false,"flooded_2024":false,"nearest_lagha_km":1.55,"nearest_lagha_hazard":"Moderate","flood_exposure":"Low","subcounty":"Ijara","in_county":true},"geometry":{"type":"Point","coordinates":[40.25137,-1.88353]}},{"type":"Feature","properties":{"name":"Hara Center 3","subcounty_src":"Ijara","ward":"Masalani","elev_m":60,"dist_tana_km":14.0,"flooded_2023":false,"flooded_2024":false,"nearest_lagha_km":0.96,"nearest_lagha_hazard":"Low","flood_exposure":"Moderate","subcounty":"Ijara","in_county":true},"geometry":{"type":"Point","coordinates":[40.2606,-1.82527]}},{"type":"Feature","properties":{"name":"Hara Center 1","subcounty_src":"Ijara","ward":"Masalani","elev_m":59,"dist_tana_km":13.69,"flooded_2023":false,"flooded_2024":false,"nearest_lagha_km":0.47,"nearest_lagha_hazard":"Low","flood_exposure":"Moderate","subcounty":"Ijara","in_county":true},"geometry":{"type":"Point","coordinates":[40.25691,-1.82294]}},{"type":"Feature","properties":{"name":"Hara Center 2","subcounty_src":"Ijara","ward":"Masalani","elev_m":61,"dist_tana_km":14.4,"flooded_2023":false,"flooded_2024":false,"nearest_lagha_km":1.75,"nearest_lagha_hazard":"Low","flood_exposure":"Low","subcounty":"Ijara","in_county":true},"geometry":{"type":"Point","coordinates":[40.26649,-1.83162]}},{"type":"Feature","properties":{"name":"Warabesa 3","subcounty_src":"Ijara","ward":"Masalani","elev_m":77,"dist_tana_km":24.57,"flooded_2023":false,"flooded_2024":false,"nearest_lagha_km":1.68,"nearest_lagha_hazard":"Moderate","flood_exposure":"Low","subcounty":"Ijara","in_county":true},"geometry":{"type":"Point","coordinates":[40.34795,-1.73181]}},{"type":"Feature","properties":{"name":"Dama 2","subcounty_src":"Ijara","ward":"Ijara","elev_m":59,"dist_tana_km":47.66,"flooded_2023":false,"flooded_2024":false,"nearest_lagha_km":0.87,"nearest_lagha_hazard":"Low","flood_exposure":"Moderate","subcounty":"Hulugho","in_county":true},"geometry":{"type":"Point","coordinates":[40.53877,-1.5676]}},{"type":"Feature","properties":{"name":"Handaro/Korobo","subcounty_src":"Ijara","ward":"Sangailu","elev_m":63,"dist_tana_km":63.07,"flooded_2023":false,"flooded_2024":false,"nearest_lagha_km":1.28,"nearest_lagha_hazard":"Very High","flood_exposure":"Moderate","subcounty":"Hulugho","in_county":true},"geometry":{"type":"Point","coordinates":[40.65578,-1.4632]}},{"type":"Feature","properties":{"name":"Age/Sabenal","subcounty_src":"Ijara","ward":"Sangailu","elev_m":66,"dist_tana_km":63.78,"flooded_2023":false,"flooded_2024":false,"nearest_lagha_km":1.7,"nearest_lagha_hazard":"Very High","flood_exposure":"Low","subcounty":"Hulugho","in_county":true},"geometry":{"type":"Point","coordinates":[40.65354,-1.43421]}},{"type":"Feature","properties":{"name":"Bobta/Tumtumo 1","subcounty_src":"Ijara","ward":"Sangailu","elev_m":70,"dist_tana_km":70.65,"flooded_2023":false,"flooded_2024":false,"nearest_lagha_km":1.65,"nearest_lagha_hazard":"Low","flood_exposure":"Low","subcounty":"Hulugho","in_county":true},"geometry":{"type":"Point","coordinates":[40.70371,-1.39123]}},{"type":"Feature","properties":{"name":"Bobta?Tumtumo 2","subcounty_src":"Ijara","ward":"Sangailu","elev_m":68,"dist_tana_km":72.14,"flooded_2023":false,"flooded_2024":false,"nearest_lagha_km":1.42,"nearest_lagha_hazard":"Low","flood_exposure":"Moderate","subcounty":"Hulugho","in_county":true},"geometry":{"type":"Point","coordinates":[40.71535,-1.38397]}},{"type":"Feature","properties":{"name":"Bobta/Tumtumo 3","subcounty_src":"Ijara","ward":"Sangailu","elev_m":69,"dist_tana_km":71.66,"flooded_2023":false,"flooded_2024":false,"nearest_lagha_km":1.54,"nearest_lagha_hazard":"Low","flood_exposure":"Low","subcounty":"Hulugho","in_county":true},"geometry":{"type":"Point","coordinates":[40.71089,-1.38446]}},{"type":"Feature","properties":{"name":"Wakabharey","subcounty_src":"Ijara","ward":"Sangailu","elev_m":73,"dist_tana_km":75.08,"flooded_2023":false,"flooded_2024":false,"nearest_lagha_km":3.49,"nearest_lagha_hazard":"Very High","flood_exposure":"Low","subcounty":"Hulugho","in_county":true},"geometry":{"type":"Point","coordinates":[40.71605,-1.31939]}},{"type":"Feature","properties":{"name":"Sangailu 1","subcounty_src":"Ijara","ward":"Sangailu","elev_m":75,"dist_tana_km":76.95,"flooded_2023":false,"flooded_2024":false,"nearest_lagha_km":2.17,"nearest_lagha_hazard":"Very High","flood_exposure":"Low","subcounty":"Hulugho","in_county":true},"geometry":{"type":"Point","coordinates":[40.73434,-1.31864]}},{"type":"Feature","properties":{"name":"Sangailu 2","subcounty_src":"Ijara","ward":"Sangailu","elev_m":71,"dist_tana_km":77.31,"flooded_2023":false,"flooded_2024":false,"nearest_lagha_km":1.57,"nearest_lagha_hazard":"Very High","flood_exposure":"Low","subcounty":"Hulugho","in_county":true},"geometry":{"type":"Point","coordinates":[40.73527,-1.313]}},{"type":"Feature","properties":{"name":"Sangailu 3","subcounty_src":"Ijara","ward":"Sangailu","elev_m":73,"dist_tana_km":77.25,"flooded_2023":false,"flooded_2024":false,"nearest_lagha_km":1.47,"nearest_lagha_hazard":"Very High","flood_exposure":"Moderate","subcounty":"Hulugho","in_county":true},"geometry":{"type":"Point","coordinates":[40.73326,-1.31012]}},{"type":"Feature","properties":{"name":"Sangailu 4","subcounty_src":"Ijara","ward":"Sangailu","elev_m":70,"dist_tana_km":77.39,"flooded_2023":false,"flooded_2024":false,"nearest_lagha_km":1.17,"nearest_lagha_hazard":"Very High","flood_exposure":"Moderate","subcounty":"Hulugho","in_county":true},"geometry":{"type":"Point","coordinates":[40.73149,-1.30374]}},{"type":"Feature","properties":{"name":"Mufti 1","subcounty_src":"Ijara","ward":"Hulugho","elev_m":76,"dist_tana_km":106.54,"flooded_2023":false,"flooded_2024":false,"nearest_lagha_km":4.0,"nearest_lagha_hazard":"Moderate","flood_exposure":"Low","subcounty":"Hulugho","in_county":true},"geometry":{"type":"Point","coordinates":[40.96558,-1.15386]}},{"type":"Feature","properties":{"name":"Mufti 2","subcounty_src":"Ijara","ward":"Hulugho","elev_m":77,"dist_tana_km":109.16,"flooded_2023":false,"flooded_2024":false,"nearest_lagha_km":4.62,"nearest_lagha_hazard":"Moderate","flood_exposure":"Low","subcounty":"Hulugho","in_county":true},"geometry":{"type":"Point","coordinates":[40.99037,-1.16398]}},{"type":"Feature","properties":{"name":"Keiro","subcounty_src":"Ijara","ward":"Hulugho","elev_m":67,"dist_tana_km":115.12,"flooded_2023":false,"flooded_2024":false,"nearest_lagha_km":1.09,"nearest_lagha_hazard":"High","flood_exposure":"Moderate","subcounty":"Hulugho","in_county":true},"geometry":{"type":"Point","coordinates":[41.04299,-1.15253]}},{"type":"Feature","properties":{"name":"Bula Nyayo","subcounty_src":"Ijara","ward":"Hulugho","elev_m":68,"dist_tana_km":116.63,"flooded_2023":false,"flooded_2024":false,"nearest_lagha_km":0.89,"nearest_lagha_hazard":"High","flood_exposure":"Moderate","subcounty":"Hulugho","in_county":true},"geometry":{"type":"Point","coordinates":[41.05694,-1.15597]}},{"type":"Feature","properties":{"name":"Kora Hindi 1","subcounty_src":"Ijara","ward":"Hulugho","elev_m":79,"dist_tana_km":86.05,"flooded_2023":false,"flooded_2024":false,"nearest_lagha_km":1.97,"nearest_lagha_hazard":"Moderate","flood_exposure":"Low","subcounty":"Hulugho","in_county":true},"geometry":{"type":"Point","coordinates":[40.79625,-1.2592]}},{"type":"Feature","properties":{"name":"Kora Hindi 2","subcounty_src":"Ijara","ward":"Hulugho","elev_m":68,"dist_tana_km":84.81,"flooded_2023":false,"flooded_2024":false,"nearest_lagha_km":0.66,"nearest_lagha_hazard":"Moderate","flood_exposure":"Moderate","subcounty":"Hulugho","in_county":true},"geometry":{"type":"Point","coordinates":[40.78458,-1.26103]}},{"type":"Feature","properties":{"name":"Kora Hindi 3","subcounty_src":"Ijara","ward":"Hulugho","elev_m":72,"dist_tana_km":85.39,"flooded_2023":false,"flooded_2024":false,"nearest_lagha_km":0.57,"nearest_lagha_hazard":"Moderate","flood_exposure":"Moderate","subcounty":"Hulugho","in_county":true},"geometry":{"type":"Point","coordinates":[40.78159,-1.23864]}},{"type":"Feature","properties":{"name":"Kora Hindi 4","subcounty_src":"Ijara","ward":"Hulugho","elev_m":81,"dist_tana_km":86.78,"flooded_2023":false,"flooded_2024":false,"nearest_lagha_km":1.98,"nearest_lagha_hazard":"Moderate","flood_exposure":"Low","subcounty":"Hulugho","in_county":true},"geometry":{"type":"Point","coordinates":[40.79592,-1.24454]}},{"type":"Feature","properties":{"name":"Kora Hindi 5","subcounty_src":"Ijara","ward":"Hulugho","elev_m":80,"dist_tana_km":91.57,"flooded_2023":false,"flooded_2024":false,"nearest_lagha_km":4.6,"nearest_lagha_hazard":"Moderate","flood_exposure":"Low","subcounty":"Hulugho","in_county":true},"geometry":{"type":"Point","coordinates":[40.83654,-1.22585]}},{"type":"Feature","properties":{"name":"Kora Hindi 6","subcounty_src":"Ijara","ward":"Hulugho","elev_m":81,"dist_tana_km":89.57,"flooded_2023":false,"flooded_2024":false,"nearest_lagha_km":3.58,"nearest_lagha_hazard":"Moderate","flood_exposure":"Low","subcounty":"Hulugho","in_county":true},"geometry":{"type":"Point","coordinates":[40.81955,-1.23542]}},{"type":"Feature","properties":{"name":"Kora Hindi 7","subcounty_src":"Ijara","ward":"Hulugho","elev_m":67,"dist_tana_km":84.49,"flooded_2023":false,"flooded_2024":false,"nearest_lagha_km":0.34,"nearest_lagha_hazard":"Moderate","flood_exposure":"Moderate","subcounty":"Hulugho","in_county":true},"geometry":{"type":"Point","coordinates":[40.78162,-1.26161]}},{"type":"Feature","properties":{"name":"Kora Hindi 8","subcounty_src":"Ijara","ward":"Hulugho","elev_m":77,"dist_tana_km":94.49,"flooded_2023":false,"flooded_2024":false,"nearest_lagha_km":3.54,"nearest_lagha_hazard":"Low","flood_exposure":"Low","subcounty":"Hulugho","in_county":true},"geometry":{"type":"Point","coordinates":[40.86297,-1.22294]}},{"type":"Feature","properties":{"name":"Kora Hindi 9","subcounty_src":"Ijara","ward":"Hulugho","elev_m":77,"dist_tana_km":95.32,"flooded_2023":false,"flooded_2024":false,"nearest_lagha_km":3.39,"nearest_lagha_hazard":"Low","flood_exposure":"Low","subcounty":"Hulugho","in_county":true},"geometry":{"type":"Point","coordinates":[40.86966,-1.2137]}},{"type":"Feature","properties":{"name":"Haytagan","subcounty_src":"Ijara","ward":"Hulugho","elev_m":13,"dist_tana_km":159.37,"flooded_2023":false,"flooded_2024":false,"nearest_lagha_km":1.63,"nearest_lagha_hazard":"Very High","flood_exposure":"Low","subcounty":"Hulugho","in_county":true},"geometry":{"type":"Point","coordinates":[41.55496,-1.61696]}},{"type":"Feature","properties":{"name":"Gadudad","subcounty_src":"Ijara","ward":"Hulugho","elev_m":53,"dist_tana_km":134.52,"flooded_2023":false,"flooded_2024":false,"nearest_lagha_km":3.74,"nearest_lagha_hazard":"Moderate","flood_exposure":"Low","subcounty":"Hulugho","in_county":true},"geometry":{"type":"Point","coordinates":[41.24172,-1.19046]}},{"type":"Feature","properties":{"name":"Garabey","subcounty_src":"Ijara","ward":"Hulugho","elev_m":59,"dist_tana_km":121.49,"flooded_2023":false,"flooded_2024":false,"nearest_lagha_km":0.55,"nearest_lagha_hazard":"High","flood_exposure":"Moderate","subcounty":"Hulugho","in_county":true},"geometry":{"type":"Point","coordinates":[41.10024,-1.15021]}},{"type":"Feature","properties":{"name":"Hulugho Center 2","subcounty_src":"Ijara","ward":"Hulugho","elev_m":66,"dist_tana_km":117.67,"flooded_2023":false,"flooded_2024":false,"nearest_lagha_km":1.23,"nearest_lagha_hazard":"High","flood_exposure":"Moderate","subcounty":"Hulugho","in_county":true},"geometry":{"type":"Point","coordinates":[41.06616,-1.15358]}},{"type":"Feature","properties":{"name":"Hulugho Center 3","subcounty_src":"Ijara","ward":"Hulugho","elev_m":67,"dist_tana_km":117.52,"flooded_2023":false,"flooded_2024":false,"nearest_lagha_km":0.98,"nearest_lagha_hazard":"High","flood_exposure":"Moderate","subcounty":"Hulugho","in_county":true},"geometry":{"type":"Point","coordinates":[41.06462,-1.15183]}},{"type":"Feature","properties":{"name":"Hulugho Center 1","subcounty_src":"Ijara","ward":"Hulugho","elev_m":71,"dist_tana_km":117.53,"flooded_2023":false,"flooded_2024":false,"nearest_lagha_km":1.95,"nearest_lagha_hazard":"High","flood_exposure":"Low","subcounty":"Hulugho","in_county":true},"geometry":{"type":"Point","coordinates":[41.06573,-1.16267]}},{"type":"Feature","properties":{"name":"Gilomata","subcounty_src":"Ijara","ward":"Hulugho","elev_m":69,"dist_tana_km":119.86,"flooded_2023":false,"flooded_2024":false,"nearest_lagha_km":0.68,"nearest_lagha_hazard":"Moderate","flood_exposure":"Moderate","subcounty":"Hulugho","in_county":true},"geometry":{"type":"Point","coordinates":[41.07956,-1.10301]}},{"type":"Feature","properties":{"name":"Gababa 2","subcounty_src":"Ijara","ward":"Masalani","elev_m":83,"dist_tana_km":9.69,"flooded_2023":false,"flooded_2024":false,"nearest_lagha_km":2.86,"nearest_lagha_hazard":"Low","flood_exposure":"Low","subcounty":"Ijara","in_county":true},"geometry":{"type":"Point","coordinates":[40.15147,-1.51646]}},{"type":"Feature","properties":{"name":"Gababa 1","subcounty_src":"Ijara","ward":"Masalani","elev_m":83,"dist_tana_km":8.38,"flooded_2023":false,"flooded_2024":false,"nearest_lagha_km":2.62,"nearest_lagha_hazard":"Low","flood_exposure":"Low","subcounty":"Ijara","in_county":true},"geometry":{"type":"Point","coordinates":[40.15367,-1.54951]}},{"type":"Feature","properties":{"name":"Abdi Gure","subcounty_src":"Ijara","ward":"Masalani","elev_m":82,"dist_tana_km":23.2,"flooded_2023":false,"flooded_2024":false,"nearest_lagha_km":1.6,"nearest_lagha_hazard":"Low","flood_exposure":"Low","subcounty":"Ijara","in_county":true},"geometry":{"type":"Point","coordinates":[40.25792,-1.45292]}},{"type":"Feature","properties":{"name":"Hara Center 4","subcounty_src":"Ijara","ward":"Masalani","elev_m":57,"dist_tana_km":8.7,"flooded_2023":false,"flooded_2024":false,"nearest_lagha_km":0.75,"nearest_lagha_hazard":"Very High","flood_exposure":"Moderate","subcounty":"Ijara","in_county":true},"geometry":{"type":"Point","coordinates":[40.20575,-1.81841]}},{"type":"Feature","properties":{"name":"Hara Center 5","subcounty_src":"Ijara","ward":"Masalani","elev_m":68,"dist_tana_km":16.44,"flooded_2023":false,"flooded_2024":false,"nearest_lagha_km":1.75,"nearest_lagha_hazard":"Low","flood_exposure":"Low","subcounty":"Ijara","in_county":true},"geometry":{"type":"Point","coordinates":[40.26972,-1.78991]}},{"type":"Feature","properties":{"name":"Bula Dekaley","subcounty_src":"Ijara","ward":"Masalani","elev_m":81,"dist_tana_km":20.64,"flooded_2023":false,"flooded_2024":false,"nearest_lagha_km":2.97,"nearest_lagha_hazard":"Moderate","flood_exposure":"Low","subcounty":"Ijara","in_county":true},"geometry":{"type":"Point","coordinates":[40.30469,-1.67297]}},{"type":"Feature","properties":{"name":"Sagar/Dubo 3","subcounty_src":"Ijara","ward":"Ijara","elev_m":76,"dist_tana_km":30.14,"flooded_2023":false,"flooded_2024":false,"nearest_lagha_km":0.31,"nearest_lagha_hazard":"Moderate","flood_exposure":"Moderate","subcounty":"Ijara","in_county":true},"geometry":{"type":"Point","coordinates":[40.31565,-1.4277]}},{"type":"Feature","properties":{"name":"Sagar/Dubo 4","subcounty_src":"Ijara","ward":"Ijara","elev_m":80,"dist_tana_km":26.44,"flooded_2023":false,"flooded_2024":false,"nearest_lagha_km":1.33,"nearest_lagha_hazard":"Moderate","flood_exposure":"Moderate","subcounty":"Ijara","in_county":true},"geometry":{"type":"Point","coordinates":[40.30291,-1.47845]}},{"type":"Feature","properties":{"name":"Sagar/Dubo 1","subcounty_src":"Ijara","ward":"Ijara","elev_m":75,"dist_tana_km":29.55,"flooded_2023":true,"flooded_2024":false,"nearest_lagha_km":0.75,"nearest_lagha_hazard":"High","flood_exposure":"Very High","subcounty":"Ijara","in_county":true},"geometry":{"type":"Point","coordinates":[40.33663,-1.47875]}},{"type":"Feature","properties":{"name":"Sagar/Dubo 2","subcounty_src":"Ijara","ward":"Ijara","elev_m":73,"dist_tana_km":30.43,"flooded_2023":false,"flooded_2024":false,"nearest_lagha_km":1.15,"nearest_lagha_hazard":"High","flood_exposure":"Moderate","subcounty":"Ijara","in_county":true},"geometry":{"type":"Point","coordinates":[40.34446,-1.47635]}},{"type":"Feature","properties":{"name":"Shewo","subcounty_src":"Ijara","ward":"Ijara","elev_m":65,"dist_tana_km":44.34,"flooded_2023":false,"flooded_2024":false,"nearest_lagha_km":1.89,"nearest_lagha_hazard":"Low","flood_exposure":"Low","subcounty":"Hulugho","in_county":true},"geometry":{"type":"Point","coordinates":[40.48949,-1.495]}},{"type":"Feature","properties":{"name":"Kulan/Bilgan/Holon 1","subcounty_src":"Ijara","ward":"Ijara","elev_m":41,"dist_tana_km":54.3,"flooded_2023":false,"flooded_2024":false,"nearest_lagha_km":0.04,"nearest_lagha_hazard":"Low","flood_exposure":"Moderate","subcounty":"Hulugho","in_county":true},"geometry":{"type":"Point","coordinates":[40.61513,-1.72184]}},{"type":"Feature","properties":{"name":"Mare Marer/Kinisa 1","subcounty_src":"Ijara","ward":"Sangailu","elev_m":80,"dist_tana_km":73.02,"flooded_2023":false,"flooded_2024":false,"nearest_lagha_km":1.9,"nearest_lagha_hazard":"Moderate","flood_exposure":"Low","subcounty":"Fafi","in_county":true},"geometry":{"type":"Point","coordinates":[40.66904,-1.21624]}},{"type":"Feature","properties":{"name":"Mare Marer/Kinisa 2","subcounty_src":"Ijara","ward":"Sangailu","elev_m":76,"dist_tana_km":72.54,"flooded_2023":false,"flooded_2024":false,"nearest_lagha_km":1.13,"nearest_lagha_hazard":"Moderate","flood_exposure":"Moderate","subcounty":"Hulugho","in_county":true},"geometry":{"type":"Point","coordinates":[40.66682,-1.25547]}},{"type":"Feature","properties":{"name":"Darow/Gedi Kardob 1","subcounty_src":"Ijara","ward":"Sangailu","elev_m":76,"dist_tana_km":66.58,"flooded_2023":false,"flooded_2024":false,"nearest_lagha_km":0.85,"nearest_lagha_hazard":"High","flood_exposure":"Moderate","subcounty":"Fafi","in_county":true},"geometry":{"type":"Point","coordinates":[40.61619,-1.27391]}},{"type":"Feature","properties":{"name":"Mare Marer/Kinisa 3","subcounty_src":"Ijara","ward":"Sangailu","elev_m":79,"dist_tana_km":73.34,"flooded_2023":false,"flooded_2024":false,"nearest_lagha_km":3.48,"nearest_lagha_hazard":"Moderate","flood_exposure":"Low","subcounty":"Hulugho","in_county":true},"geometry":{"type":"Point","coordinates":[40.68088,-1.28451]}},{"type":"Feature","properties":{"name":"Habargolisa/Maderdo/Kandala","subcounty_src":"Ijara","ward":"Sangailu","elev_m":79,"dist_tana_km":73.89,"flooded_2023":false,"flooded_2024":false,"nearest_lagha_km":4.03,"nearest_lagha_hazard":"Very High","flood_exposure":"Low","subcounty":"Hulugho","in_county":true},"geometry":{"type":"Point","coordinates":[40.69676,-1.30508]}},{"type":"Feature","properties":{"name":"Sangailu 6","subcounty_src":"Ijara","ward":"Sangailu","elev_m":71,"dist_tana_km":78.83,"flooded_2023":false,"flooded_2024":false,"nearest_lagha_km":1.5,"nearest_lagha_hazard":"Very High","flood_exposure":"Low","subcounty":"Hulugho","in_county":true},"geometry":{"type":"Point","coordinates":[40.75329,-1.31912]}},{"type":"Feature","properties":{"name":"Mata Arba","subcounty_src":"Ijara","ward":"Sangailu","elev_m":72,"dist_tana_km":78.7,"flooded_2023":false,"flooded_2024":false,"nearest_lagha_km":2.84,"nearest_lagha_hazard":"Very High","flood_exposure":"Low","subcounty":"Hulugho","in_county":true},"geometry":{"type":"Point","coordinates":[40.75729,-1.33088]}},{"type":"Feature","properties":{"name":"Dad Hamun1","subcounty_src":"Ijara","ward":"Sangailu","elev_m":68,"dist_tana_km":64.43,"flooded_2023":false,"flooded_2024":false,"nearest_lagha_km":1.36,"nearest_lagha_hazard":"High","flood_exposure":"Moderate","subcounty":"Hulugho","in_county":true},"geometry":{"type":"Point","coordinates":[40.6363,-1.37493]}},{"type":"Feature","properties":{"name":"Age/Sabenal 2","subcounty_src":"Ijara","ward":"Sangailu","elev_m":68,"dist_tana_km":64.6,"flooded_2023":false,"flooded_2024":false,"nearest_lagha_km":1.57,"nearest_lagha_hazard":"High","flood_exposure":"Low","subcounty":"Hulugho","in_county":true},"geometry":{"type":"Point","coordinates":[40.64783,-1.39767]}},{"type":"Feature","properties":{"name":"Dad Hamun 2","subcounty_src":"Ijara","ward":"Sangailu","elev_m":68,"dist_tana_km":58.96,"flooded_2023":false,"flooded_2024":false,"nearest_lagha_km":1.42,"nearest_lagha_hazard":"Moderate","flood_exposure":"Moderate","subcounty":"Hulugho","in_county":true},"geometry":{"type":"Point","coordinates":[40.59625,-1.40595]}},{"type":"Feature","properties":{"name":"Dad Hamun 3","subcounty_src":"Ijara","ward":"Sangailu","elev_m":65,"dist_tana_km":59.23,"flooded_2023":false,"flooded_2024":false,"nearest_lagha_km":1.65,"nearest_lagha_hazard":"Moderate","flood_exposure":"Low","subcounty":"Hulugho","in_county":true},"geometry":{"type":"Point","coordinates":[40.59994,-1.40829]}},{"type":"Feature","properties":{"name":"Handaro/Korobo","subcounty_src":"Ijara","ward":"Sangailu","elev_m":62,"dist_tana_km":63.75,"flooded_2023":false,"flooded_2024":false,"nearest_lagha_km":1.02,"nearest_lagha_hazard":"Very High","flood_exposure":"Moderate","subcounty":"Hulugho","in_county":true},"geometry":{"type":"Point","coordinates":[40.65838,-1.4505]}},{"type":"Feature","properties":{"name":"Kora Hindi 11","subcounty_src":"Ijara","ward":"Hulugho","elev_m":82,"dist_tana_km":94.78,"flooded_2023":false,"flooded_2024":false,"nearest_lagha_km":4.2,"nearest_lagha_hazard":"Low","flood_exposure":"Low","subcounty":"Hulugho","in_county":true},"geometry":{"type":"Point","coordinates":[40.86446,-1.20853]}},{"type":"Feature","properties":{"name":"Kora Hindi 10","subcounty_src":"Ijara","ward":"Hulugho","elev_m":76,"dist_tana_km":95.51,"flooded_2023":false,"flooded_2024":false,"nearest_lagha_km":2.89,"nearest_lagha_hazard":"Low","flood_exposure":"Low","subcounty":"Hulugho","in_county":true},"geometry":{"type":"Point","coordinates":[40.87159,-1.21864]}},{"type":"Feature","properties":{"name":"Ilkabere","subcounty_src":"Ijara","ward":"Hulugho","elev_m":87,"dist_tana_km":115.93,"flooded_2023":false,"flooded_2024":false,"nearest_lagha_km":2.45,"nearest_lagha_hazard":"Low","flood_exposure":"Low","subcounty":"Hulugho","in_county":true},"geometry":{"type":"Point","coordinates":[41.01103,-0.95815]}},{"type":"Feature","properties":{"name":"Gilomata 2","subcounty_src":"Ijara","ward":"Hulugho","elev_m":84,"dist_tana_km":118.61,"flooded_2023":false,"flooded_2024":false,"nearest_lagha_km":3.57,"nearest_lagha_hazard":"Moderate","flood_exposure":"Low","subcounty":"Hulugho","in_county":true},"geometry":{"type":"Point","coordinates":[41.05368,-1.02638]}},{"type":"Feature","properties":{"name":"Muhumed Gibas","subcounty_src":"Ijara","ward":"Hulugho","elev_m":71,"dist_tana_km":126.19,"flooded_2023":false,"flooded_2024":false,"nearest_lagha_km":1.36,"nearest_lagha_hazard":"Moderate","flood_exposure":"Moderate","subcounty":"Hulugho","in_county":true},"geometry":{"type":"Point","coordinates":[41.13192,-1.07083]}},{"type":"Feature","properties":{"name":"Kolbio 1","subcounty_src":"Ijara","ward":"Hulugho","elev_m":48,"dist_tana_km":133.44,"flooded_2023":false,"flooded_2024":false,"nearest_lagha_km":0.08,"nearest_lagha_hazard":"Very High","flood_exposure":"High","subcounty":"Hulugho","in_county":true},"geometry":{"type":"Point","coordinates":[41.20861,-1.13431]}},{"type":"Feature","properties":{"name":"Kolbio 2","subcounty_src":"Ijara","ward":"Hulugho","elev_m":52,"dist_tana_km":132.67,"flooded_2023":false,"flooded_2024":false,"nearest_lagha_km":0.99,"nearest_lagha_hazard":"Very High","flood_exposure":"Moderate","subcounty":"Hulugho","in_county":true},"geometry":{"type":"Point","coordinates":[41.20404,-1.14131]}},{"type":"Feature","properties":{"name":"Hulugho Center 4","subcounty_src":"Ijara","ward":"Hulugho","elev_m":66,"dist_tana_km":116.7,"flooded_2023":false,"flooded_2024":false,"nearest_lagha_km":4.04,"nearest_lagha_hazard":"Moderate","flood_exposure":"Low","subcounty":"Hulugho","in_county":true},"geometry":{"type":"Point","coordinates":[41.06669,-1.1857]}},{"type":"Feature","properties":{"name":"Haytagan 2","subcounty_src":"Ijara","ward":"Hulugho","elev_m":27,"dist_tana_km":138.1,"flooded_2023":false,"flooded_2024":false,"nearest_lagha_km":0.3,"nearest_lagha_hazard":"Low","flood_exposure":"Moderate","subcounty":"Hulugho","in_county":true},"geometry":{"type":"Point","coordinates":[41.34012,-1.43125]}},{"type":"Feature","properties":{"name":"Darow/Gedi Kardob 2","subcounty_src":"Ijara","ward":"Sangailu","elev_m":91,"dist_tana_km":63.48,"flooded_2023":false,"flooded_2024":false,"nearest_lagha_km":3.78,"nearest_lagha_hazard":"Moderate","flood_exposure":"Low","subcounty":"Fafi","in_county":true},"geometry":{"type":"Point","coordinates":[40.57042,-1.13549]}},{"type":"Feature","properties":{"name":"Sangailu 5","subcounty_src":"Ijara","ward":"Sangailu","elev_m":86,"dist_tana_km":71.49,"flooded_2023":false,"flooded_2024":false,"nearest_lagha_km":3.03,"nearest_lagha_hazard":"Moderate","flood_exposure":"Low","subcounty":"Fafi","in_county":true},"geometry":{"type":"Point","coordinates":[40.653,-1.19205]}},{"type":"Feature","properties":{"name":"Ijara","subcounty_src":"Ijara","ward":"Ijara","elev_m":74,"dist_tana_km":30.29,"flooded_2023":false,"flooded_2024":false,"nearest_lagha_km":0.14,"nearest_lagha_hazard":"Moderate","flood_exposure":"Moderate","subcounty":"Ijara","in_county":true},"geometry":{"type":"Point","coordinates":[40.31665,-1.42647]}},{"type":"Feature","properties":{"name":"Hagarjarir","subcounty_src":"Lagdera","ward":"Benane","elev_m":474,"dist_tana_km":48.78,"flooded_2023":false,"flooded_2024":false,"nearest_lagha_km":0.09,"nearest_lagha_hazard":"Low","flood_exposure":"Moderate","subcounty":"Balambala","in_county":true},"geometry":{"type":"Point","coordinates":[38.70632,0.40032]}},{"type":"Feature","properties":{"name":"Lafagari 2","subcounty_src":"Lagdera","ward":"Benane","elev_m":495,"dist_tana_km":52.65,"flooded_2023":false,"flooded_2024":false,"nearest_lagha_km":3.75,"nearest_lagha_hazard":"Low","flood_exposure":"Low","subcounty":"Balambala","in_county":true},"geometry":{"type":"Point","coordinates":[38.69382,0.43839]}},{"type":"Feature","properties":{"name":"Tubere","subcounty_src":"Lagdera","ward":"Modogashe","elev_m":252,"dist_tana_km":87.28,"flooded_2023":false,"flooded_2024":false,"nearest_lagha_km":0.58,"nearest_lagha_hazard":"Low","flood_exposure":"Moderate","subcounty":"Lagdera","in_county":true},"geometry":{"type":"Point","coordinates":[39.2101,0.72877]}},{"type":"Feature","properties":{"name":"Goreale 1","subcounty_src":"Lagdera","ward":"Goreale","elev_m":160,"dist_tana_km":81.37,"flooded_2023":true,"flooded_2024":false,"nearest_lagha_km":0.06,"nearest_lagha_hazard":"High","flood_exposure":"Very High","subcounty":"Lagdera","in_county":true},"geometry":{"type":"Point","coordinates":[39.75281,0.46946]}},{"type":"Feature","properties":{"name":"Goreale 2","subcounty_src":"Lagdera","ward":"Goreale","elev_m":151,"dist_tana_km":83.41,"flooded_2023":false,"flooded_2024":false,"nearest_lagha_km":0.34,"nearest_lagha_hazard":"Very High","flood_exposure":"High","subcounty":"Lagdera","in_county":true},"geometry":{"type":"Point","coordinates":[39.89669,0.3985]}},{"type":"Feature","properties":{"name":"Goreale 3","subcounty_src":"Lagdera","ward":"Goreale","elev_m":155,"dist_tana_km":71.26,"flooded_2023":false,"flooded_2024":false,"nearest_lagha_km":0.5,"nearest_lagha_hazard":"Very High","flood_exposure":"Moderate","subcounty":"Lagdera","in_county":true},"geometry":{"type":"Point","coordinates":[39.71808,0.3847]}},{"type":"Feature","properties":{"name":"Goreale 4","subcounty_src":"Lagdera","ward":"Goreale","elev_m":266,"dist_tana_km":29.66,"flooded_2023":false,"flooded_2024":false,"nearest_lagha_km":0.04,"nearest_lagha_hazard":"Low","flood_exposure":"Moderate","subcounty":"Balambala","in_county":true},"geometry":{"type":"Point","coordinates":[39.43608,0.10131]}},{"type":"Feature","properties":{"name":"Goreale 5","subcounty_src":"Lagdera","ward":"Goreale","elev_m":243,"dist_tana_km":33.66,"flooded_2023":false,"flooded_2024":false,"nearest_lagha_km":0.01,"nearest_lagha_hazard":"Moderate","flood_exposure":"Moderate","subcounty":"Balambala","in_county":true},"geometry":{"type":"Point","coordinates":[39.51392,0.10216]}},{"type":"Feature","properties":{"name":"Baraki 1","subcounty_src":"Lagdera","ward":"Baraki","elev_m":173,"dist_tana_km":81.46,"flooded_2023":false,"flooded_2024":false,"nearest_lagha_km":0.68,"nearest_lagha_hazard":"Very High","flood_exposure":"Moderate","subcounty":"Lagdera","in_county":true},"geometry":{"type":"Point","coordinates":[39.55638,0.55751]}},{"type":"Feature","properties":{"name":"Baraki 2","subcounty_src":"Lagdera","ward":"Baraki","elev_m":257,"dist_tana_km":64.48,"flooded_2023":false,"flooded_2024":false,"nearest_lagha_km":3.49,"nearest_lagha_hazard":"Low","flood_exposure":"Low","subcounty":"Lagdera","in_county":true},"geometry":{"type":"Point","coordinates":[39.31926,0.47811]}},{"type":"Feature","properties":{"name":"Baraki 3","subcounty_src":"Lagdera","ward":"Baraki","elev_m":240,"dist_tana_km":61.76,"flooded_2023":false,"flooded_2024":false,"nearest_lagha_km":0.26,"nearest_lagha_hazard":"High","flood_exposure":"High","subcounty":"Lagdera","in_county":true},"geometry":{"type":"Point","coordinates":[39.34132,0.43877]}},{"type":"Feature","properties":{"name":"Baraki 4","subcounty_src":"Lagdera","ward":"Baraki","elev_m":227,"dist_tana_km":60.7,"flooded_2023":false,"flooded_2024":false,"nearest_lagha_km":0.08,"nearest_lagha_hazard":"High","flood_exposure":"High","subcounty":"Lagdera","in_county":true},"geometry":{"type":"Point","coordinates":[39.38829,0.40511]}},{"type":"Feature","properties":{"name":"Baraki 6","subcounty_src":"Lagdera","ward":"Baraki","elev_m":237,"dist_tana_km":57.07,"flooded_2023":false,"flooded_2024":false,"nearest_lagha_km":0.14,"nearest_lagha_hazard":"Very High","flood_exposure":"High","subcounty":"Balambala","in_county":true},"geometry":{"type":"Point","coordinates":[39.36083,0.37652]}},{"type":"Feature","properties":{"name":"Baraki 7","subcounty_src":"Lagdera","ward":"Baraki","elev_m":216,"dist_tana_km":51.11,"flooded_2023":false,"flooded_2024":false,"nearest_lagha_km":0.74,"nearest_lagha_hazard":"Moderate","flood_exposure":"Moderate","subcounty":"Balambala","in_county":true},"geometry":{"type":"Point","coordinates":[39.47866,0.29393]}},{"type":"Feature","properties":{"name":"Baraki 8","subcounty_src":"Lagdera","ward":"Baraki","elev_m":246,"dist_tana_km":44.9,"flooded_2023":false,"flooded_2024":false,"nearest_lagha_km":0.24,"nearest_lagha_hazard":"High","flood_exposure":"High","subcounty":"Balambala","in_county":true},"geometry":{"type":"Point","coordinates":[39.39126,0.26006]}},{"type":"Feature","properties":{"name":"Baraki 9","subcounty_src":"Lagdera","ward":"Baraki","elev_m":249,"dist_tana_km":43.27,"flooded_2023":false,"flooded_2024":false,"nearest_lagha_km":0.14,"nearest_lagha_hazard":"High","flood_exposure":"High","subcounty":"Balambala","in_county":true},"geometry":{"type":"Point","coordinates":[39.4021,0.2428]}},{"type":"Feature","properties":{"name":"Sabena 1","subcounty_src":"Lagdera","ward":"Sabena","elev_m":195,"dist_tana_km":116.55,"flooded_2023":true,"flooded_2024":false,"nearest_lagha_km":1.76,"nearest_lagha_hazard":"Moderate","flood_exposure":"Very High","subcounty":"Lagdera","in_county":true},"geometry":{"type":"Point","coordinates":[39.49774,0.91408]}},{"type":"Feature","properties":{"name":"Baraki 5","subcounty_src":"Lagdera","ward":"Baraki","elev_m":200,"dist_tana_km":85.66,"flooded_2023":false,"flooded_2024":false,"nearest_lagha_km":0.17,"nearest_lagha_hazard":"Low","flood_exposure":"Moderate","subcounty":"Lagdera","in_county":true},"geometry":{"type":"Point","coordinates":[39.40384,0.6498]}},{"type":"Feature","properties":{"name":"Garba Adey","subcounty_src":"Lagdera","ward":"Maalimin","elev_m":189,"dist_tana_km":86.0,"flooded_2023":false,"flooded_2024":false,"nearest_lagha_km":0.38,"nearest_lagha_hazard":"High","flood_exposure":"High","subcounty":"Lagdera","in_county":true},"geometry":{"type":"Point","coordinates":[39.45188,0.62781]}},{"type":"Feature","properties":{"name":"Maalimin 1","subcounty_src":"Lagdera","ward":"Maalimin","elev_m":261,"dist_tana_km":60.95,"flooded_2023":false,"flooded_2024":false,"nearest_lagha_km":1.23,"nearest_lagha_hazard":"Moderate","flood_exposure":"Moderate","subcounty":"Lagdera","in_county":true},"geometry":{"type":"Point","coordinates":[39.28474,0.45888]}},{"type":"Feature","properties":{"name":"Maalimin 2","subcounty_src":"Lagdera","ward":"Maalimin","elev_m":326,"dist_tana_km":54.03,"flooded_2023":false,"flooded_2024":false,"nearest_lagha_km":0.04,"nearest_lagha_hazard":"Moderate","flood_exposure":"Moderate","subcounty":"Balambala","in_county":true},"geometry":{"type":"Point","coordinates":[39.08614,0.44142]}},{"type":"Feature","properties":{"name":"Maalimin 3","subcounty_src":"Lagdera","ward":"Maalimin","elev_m":328,"dist_tana_km":53.62,"flooded_2023":false,"flooded_2024":false,"nearest_lagha_km":0.53,"nearest_lagha_hazard":"Moderate","flood_exposure":"Moderate","subcounty":"Balambala","in_county":true},"geometry":{"type":"Point","coordinates":[39.07826,0.43862]}},{"type":"Feature","properties":{"name":"Maalimin 4","subcounty_src":"Lagdera","ward":"Maalimin","elev_m":341,"dist_tana_km":48.48,"flooded_2023":false,"flooded_2024":false,"nearest_lagha_km":0.04,"nearest_lagha_hazard":"Low","flood_exposure":"Moderate","subcounty":"Balambala","in_county":true},"geometry":{"type":"Point","coordinates":[39.02081,0.3948]}},{"type":"Feature","properties":{"name":"Maalimin 6","subcounty_src":"Lagdera","ward":"Maalimin","elev_m":263,"dist_tana_km":51.78,"flooded_2023":false,"flooded_2024":false,"nearest_lagha_km":0.1,"nearest_lagha_hazard":"High","flood_exposure":"High","subcounty":"Balambala","in_county":true},"geometry":{"type":"Point","coordinates":[39.24139,0.38712]}},{"type":"Feature","properties":{"name":"Maalimin 5","subcounty_src":"Lagdera","ward":"Maalimin","elev_m":262,"dist_tana_km":51.92,"flooded_2023":false,"flooded_2024":false,"nearest_lagha_km":0.09,"nearest_lagha_hazard":"High","flood_exposure":"High","subcounty":"Balambala","in_county":true},"geometry":{"type":"Point","coordinates":[39.24706,0.38617]}},{"type":"Feature","properties":{"name":"Maalimin 7","subcounty_src":"Lagdera","ward":"Maalimin","elev_m":259,"dist_tana_km":51.94,"flooded_2023":false,"flooded_2024":false,"nearest_lagha_km":0.01,"nearest_lagha_hazard":"High","flood_exposure":"High","subcounty":"Balambala","in_county":true},"geometry":{"type":"Point","coordinates":[39.24874,0.38563]}},{"type":"Feature","properties":{"name":"Maalimin 8","subcounty_src":"Lagdera","ward":"Maalimin","elev_m":240,"dist_tana_km":55.77,"flooded_2023":false,"flooded_2024":false,"nearest_lagha_km":0.47,"nearest_lagha_hazard":"Very High","flood_exposure":"High","subcounty":"Balambala","in_county":true},"geometry":{"type":"Point","coordinates":[39.33822,0.3775]}},{"type":"Feature","properties":{"name":"Maalimin 9","subcounty_src":"Lagdera","ward":"Maalimin","elev_m":238,"dist_tana_km":55.95,"flooded_2023":false,"flooded_2024":false,"nearest_lagha_km":0.06,"nearest_lagha_hazard":"Very High","flood_exposure":"High","subcounty":"Balambala","in_county":true},"geometry":{"type":"Point","coordinates":[39.34658,0.37393]}},{"type":"Feature","properties":{"name":"Lafagari 1","subcounty_src":"Lagdera","ward":"Benane","elev_m":490,"dist_tana_km":52.74,"flooded_2023":false,"flooded_2024":false,"nearest_lagha_km":3.82,"nearest_lagha_hazard":"Low","flood_exposure":"Low","subcounty":null,"in_county":true},"geometry":{"type":"Point","coordinates":[38.68932,0.43991]}},{"type":"Feature","properties":{"name":"Benane ","subcounty_src":"Lagdera","ward":"Benane","elev_m":380,"dist_tana_km":68.33,"flooded_2023":false,"flooded_2024":false,"nearest_lagha_km":1.12,"nearest_lagha_hazard":"Low","flood_exposure":"Moderate","subcounty":null,"in_county":false},"geometry":{"type":"Point","coordinates":[38.78444,0.56702]}},{"type":"Feature","properties":{"name":"Tokojo","subcounty_src":"Lagdera","ward":"Benane","elev_m":389,"dist_tana_km":63.29,"flooded_2023":false,"flooded_2024":false,"nearest_lagha_km":0.17,"nearest_lagha_hazard":"Very High","flood_exposure":"High","subcounty":null,"in_county":true},"geometry":{"type":"Point","coordinates":[38.77348,0.52261]}},{"type":"Feature","properties":{"name":"Serbi","subcounty_src":"Lagdera","ward":"Modogashe","elev_m":264,"dist_tana_km":76.77,"flooded_2023":false,"flooded_2024":false,"nearest_lagha_km":0.85,"nearest_lagha_hazard":"Moderate","flood_exposure":"Moderate","subcounty":"Lagdera","in_county":true},"geometry":{"type":"Point","coordinates":[39.23266,0.62674]}},{"type":"Feature","properties":{"name":"Skanska 1","subcounty_src":"Lagdera","ward":"Maalimin","elev_m":233,"dist_tana_km":99.35,"flooded_2023":false,"flooded_2024":false,"nearest_lagha_km":1.41,"nearest_lagha_hazard":"Low","flood_exposure":"Moderate","subcounty":"Lagdera","in_county":true},"geometry":{"type":"Point","coordinates":[39.23678,0.83483]}},{"type":"Feature","properties":{"name":"Skanska 2","subcounty_src":"Lagdera","ward":"Maalimin","elev_m":206,"dist_tana_km":108.82,"flooded_2023":false,"flooded_2024":false,"nearest_lagha_km":1.42,"nearest_lagha_hazard":"Very High","flood_exposure":"Moderate","subcounty":"Lagdera","in_county":true},"geometry":{"type":"Point","coordinates":[39.30035,0.90856]}},{"type":"Feature","properties":{"name":"Modogashe 1","subcounty_src":"Lagdera","ward":"Modogashe","elev_m":224,"dist_tana_km":77.05,"flooded_2023":false,"flooded_2024":false,"nearest_lagha_km":0.86,"nearest_lagha_hazard":"Moderate","flood_exposure":"Moderate","subcounty":"Lagdera","in_county":true},"geometry":{"type":"Point","coordinates":[39.35031,0.58894]}},{"type":"Feature","properties":{"name":"Modogashe 2","subcounty_src":"Lagdera","ward":"Modogashe","elev_m":245,"dist_tana_km":71.86,"flooded_2023":false,"flooded_2024":false,"nearest_lagha_km":0.39,"nearest_lagha_hazard":"Very High","flood_exposure":"High","subcounty":"Lagdera","in_county":true},"geometry":{"type":"Point","coordinates":[39.28813,0.56355]}},{"type":"Feature","properties":{"name":"Gababa 1","subcounty_src":"Lagdera","ward":"Modogashe","elev_m":277,"dist_tana_km":82.06,"flooded_2023":false,"flooded_2024":false,"nearest_lagha_km":0.38,"nearest_lagha_hazard":"Low","flood_exposure":"Moderate","subcounty":"Lagdera","in_county":true},"geometry":{"type":"Point","coordinates":[39.17494,0.68675]}},{"type":"Feature","properties":{"name":"Gababa 2","subcounty_src":"Lagdera","ward":"Modogashe","elev_m":312,"dist_tana_km":76.35,"flooded_2023":false,"flooded_2024":false,"nearest_lagha_km":3.04,"nearest_lagha_hazard":"Moderate","flood_exposure":"Low","subcounty":"Lagdera","in_county":true},"geometry":{"type":"Point","coordinates":[39.13875,0.63921]}},{"type":"Feature","properties":{"name":"Jilanqo","subcounty_src":"Lagdera","ward":"Modogashe","elev_m":207,"dist_tana_km":82.82,"flooded_2023":false,"flooded_2024":false,"nearest_lagha_km":1.05,"nearest_lagha_hazard":"Low","flood_exposure":"Moderate","subcounty":"Lagdera","in_county":true},"geometry":{"type":"Point","coordinates":[39.37653,0.63429]}},{"type":"Feature","properties":{"name":"Goreale 1","subcounty_src":"Lagdera","ward":"Goreale","elev_m":166,"dist_tana_km":61.37,"flooded_2023":false,"flooded_2024":false,"nearest_lagha_km":0.67,"nearest_lagha_hazard":"Moderate","flood_exposure":"Moderate","subcounty":"Lagdera","in_county":true},"geometry":{"type":"Point","coordinates":[39.76309,0.2507]}},{"type":"Feature","properties":{"name":"Goreale 2","subcounty_src":"Lagdera","ward":"Goreale","elev_m":170,"dist_tana_km":66.35,"flooded_2023":false,"flooded_2024":false,"nearest_lagha_km":2.41,"nearest_lagha_hazard":"High","flood_exposure":"Low","subcounty":"Lagdera","in_county":true},"geometry":{"type":"Point","coordinates":[39.78823,0.28805]}},{"type":"Feature","properties":{"name":"Goreale 3","subcounty_src":"Lagdera","ward":"Goreale","elev_m":170,"dist_tana_km":67.75,"flooded_2023":false,"flooded_2024":false,"nearest_lagha_km":3.91,"nearest_lagha_hazard":"Low","flood_exposure":"Low","subcounty":"Lagdera","in_county":true},"geometry":{"type":"Point","coordinates":[39.77731,0.3118]}},{"type":"Feature","properties":{"name":"Wayama Jibril 1","subcounty_src":"Lagdera","ward":"Maalimin","elev_m":282,"dist_tana_km":46.97,"flooded_2023":false,"flooded_2024":false,"nearest_lagha_km":0.08,"nearest_lagha_hazard":"Moderate","flood_exposure":"Moderate","subcounty":"Balambala","in_county":true},"geometry":{"type":"Point","coordinates":[39.17358,0.36375]}},{"type":"Feature","properties":{"name":"Wayama Jibril 2","subcounty_src":"Lagdera","ward":"Maalimin","elev_m":285,"dist_tana_km":46.53,"flooded_2023":false,"flooded_2024":false,"nearest_lagha_km":0.01,"nearest_lagha_hazard":"Moderate","flood_exposure":"Moderate","subcounty":"Balambala","in_county":true},"geometry":{"type":"Point","coordinates":[39.16721,0.36121]}},{"type":"Feature","properties":{"name":"Malka Garas","subcounty_src":"Lagdera","ward":"Maalimin","elev_m":304,"dist_tana_km":44.5,"flooded_2023":false,"flooded_2024":false,"nearest_lagha_km":0.08,"nearest_lagha_hazard":"Moderate","flood_exposure":"Moderate","subcounty":"Balambala","in_county":true},"geometry":{"type":"Point","coordinates":[39.10891,0.35264]}},{"type":"Feature","properties":{"name":"Baraki 10","subcounty_src":"Lagdera","ward":"Baraki","elev_m":237,"dist_tana_km":55.42,"flooded_2023":false,"flooded_2024":false,"nearest_lagha_km":0.33,"nearest_lagha_hazard":"Very High","flood_exposure":"High","subcounty":"Balambala","in_county":true},"geometry":{"type":"Point","coordinates":[39.34489,0.36934]}},{"type":"Feature","properties":{"name":"Eldert 1","subcounty_src":"Township","ward":"Waberi","elev_m":210,"dist_tana_km":21.5,"flooded_2023":false,"flooded_2024":false,"nearest_lagha_km":2.67,"nearest_lagha_hazard":"Low","flood_exposure":"Low","subcounty":"Garissa Township","in_county":true},"geometry":{"type":"Point","coordinates":[39.87134,-0.44587]}},{"type":"Feature","properties":{"name":"Eldert 2","subcounty_src":"Township","ward":"Waberi","elev_m":211,"dist_tana_km":21.25,"flooded_2023":false,"flooded_2024":false,"nearest_lagha_km":3.02,"nearest_lagha_hazard":"Low","flood_exposure":"Low","subcounty":"Garissa Township","in_county":true},"geometry":{"type":"Point","coordinates":[39.87184,-0.44903]}},{"type":"Feature","properties":{"name":"Eldert 3","subcounty_src":"Township","ward":"Waberi","elev_m":211,"dist_tana_km":21.12,"flooded_2023":false,"flooded_2024":false,"nearest_lagha_km":2.31,"nearest_lagha_hazard":"Low","flood_exposure":"Low","subcounty":"Garissa Township","in_county":true},"geometry":{"type":"Point","coordinates":[39.86146,-0.44308]}},{"type":"Feature","properties":{"name":"Waberi 1","subcounty_src":"Township","ward":"Waberi","elev_m":196,"dist_tana_km":9.41,"flooded_2023":false,"flooded_2024":false,"nearest_lagha_km":2.45,"nearest_lagha_hazard":"Very High","flood_exposure":"Low","subcounty":"Garissa Township","in_county":true},"geometry":{"type":"Point","coordinates":[39.73284,-0.4757]}},{"type":"Feature","properties":{"name":"Waberi 2","subcounty_src":"Township","ward":"Waberi","elev_m":202,"dist_tana_km":15.24,"flooded_2023":true,"flooded_2024":false,"nearest_lagha_km":0.11,"nearest_lagha_hazard":"Low","flood_exposure":"Very High","subcounty":"Garissa Township","in_county":true},"geometry":{"type":"Point","coordinates":[39.84145,-0.49409]}},{"type":"Feature","properties":{"name":"Waberi 3","subcounty_src":"Township","ward":"Waberi","elev_m":192,"dist_tana_km":9.74,"flooded_2023":false,"flooded_2024":false,"nearest_lagha_km":1.91,"nearest_lagha_hazard":"Moderate","flood_exposure":"Low","subcounty":"Garissa Township","in_county":true},"geometry":{"type":"Point","coordinates":[39.81538,-0.53679]}},{"type":"Feature","properties":{"name":"Waberi 4","subcounty_src":"Township","ward":"Waberi","elev_m":198,"dist_tana_km":9.53,"flooded_2023":false,"flooded_2024":false,"nearest_lagha_km":2.33,"nearest_lagha_hazard":"Moderate","flood_exposure":"Low","subcounty":"Garissa Township","in_county":true},"geometry":{"type":"Point","coordinates":[39.81139,-0.53603]}},{"type":"Feature","properties":{"name":"Township 1","subcounty_src":"Township","ward":"Township","elev_m":227,"dist_tana_km":12.24,"flooded_2023":false,"flooded_2024":false,"nearest_lagha_km":2.26,"nearest_lagha_hazard":"Moderate","flood_exposure":"Low","subcounty":"Garissa Township","in_county":true},"geometry":{"type":"Point","coordinates":[39.72149,-0.39273]}},{"type":"Feature","properties":{"name":"Township 2","subcounty_src":"Township","ward":"Township","elev_m":224,"dist_tana_km":11.24,"flooded_2023":false,"flooded_2024":false,"nearest_lagha_km":3.02,"nearest_lagha_hazard":"Moderate","flood_exposure":"Low","subcounty":"Garissa Township","in_county":true},"geometry":{"type":"Point","coordinates":[39.73107,-0.43191]}}]}