{"type": "FeatureCollection", "name": "boreholes_updated", "crs": {"type": "name", "properties": {"name": "urn:ogc:def:crs:OGC:1.3:CRS84"}}, "features": [{"type": "Feature", "properties": {"Sno": 1, "SubCounty": "Balambla", "Ward": "Balambla", "Village": "Hagarjariri", "Latitude": -0.449358201458551, "Longitude": 39.6405324872467, "RuralUrban": "Rural", "DistancetonextstrategicBoreholekm": "120.00", "Totalnumberofhouseholdscurrentlyservedfromthescheme": "50.0", "WhatistheserviceareaforthisschemeHowmanykilometersfromheredothep": "120.0", "Isthisschemeusedforagricultureandirrigationbyfarmers": "No", "Howmanyfarmersusethisscheme\u00a0": "0.0", "Whatistheaveragesizedfarmthatusesthiswaterhectares\u00a0": "0.0", "Isthewaterschemeusedforlivestock": "Yes", "Estimatednumberofcamelsusingschemeperday": "2000.0", "Estimatednumberofcattleusingschemeperday": "0.0", "Estimatednumberofhorsesdonkeysusingwaterpointperday": "0.0", "Estimatednumberofgoatssheepusingwaterpointperday": "400.0", "Isthewaterschemeusedforwatertrucking": "Yes", "Numberoftrucksfillingperday": "2.0", "Howmanytimesperweekdoesthewatertruckingoccur": "2.0", "Addanyothercommentsonwatertruckingdetails": "No fuction", "ConstructionyearofthewellboreholeinEFYortheyearofrehabilitation": "42974", "Boreholeorwelldepthmeters": "0.0", "Physicalstateofthewellborehole": "Not fictional", "TypeofPower": "0", "Productionofsystemyieldordischargemeterscubedhour": "0", "Isthereawatermeteratthewatersource": "No", "Isthewatermeterworking": "No", "Whatisthecurrentreadingofthewatermeter": "0.000000000", "Isthewaterschemecurrentlyfunctional": "No", "Pleasetakeapictureillustratingthenonfunctionalityorpartialfuncti": "https://api.mwater.co/v3/images/135f9d7c7a1f436ca8509628301d04af", "Maincauseofnonfunctionalityorpartialfunctionality": "No water", "MaincauseofnonfunctionalityorpartialfunctionalityOtherspecify": "No water", "Numberofmonthssincenonfunctional": "Never", "Doestheschemehaveanyemergingproblemsthatmightleadtononfunctional": "No", "Pleasedescribetheproblemsthatmightleadtononfunctionalityinthenea": "No water", "Wasthewaterschemeoutofserviceoneormoredaysinthelastmonth": "No", "Numberofdaysoutofserviceinthelastmonth": "0.0", "Dateoflastserviceorrepair": "27-Jun-19", "Howmanytimeshasthewaterschemebrokeninthelastyear": "0.0", "Describethefunctionalityproblemsoverthepastyear": "Never exist", "Howmanydaysperweekdoesthepumprunonaverage": "0.0", "Howmanyhoursperdaydoesthepumprunonaverage": "0.0", "Isthisaseasonalwaterschemethatcommonlyfailsinthedryseason": "No", "Isthepumpusedlessduringwetrainyseason": "No", "Duringwetrainyseasonshowmanydaysaweekdoesthepumprunonaverage": "0.0", "Duringwetrainyseasonshowmanyhoursperdaydoesthepumprunonaverage": "0.0", "SolarPanelpowerratingWatts": "0", "SolarPanelCondition": "0", "Yearwhengeneratorwasinstalledoryearofreinstallation": "43643", "Physicalstateofthegenerator": "0", "Generatorbrand": "0", "GeneratorbrandOtherspecify": "0", "Generatormodel": "0", "Generatorserialnumber": "0", "GeneratormaxAmpsstartingamps": "0.0", "Generatorpicture": "https://api.mwater.co/v3/images/ceada23603284efabbbfa864a6b77f20", "PumpControllerManufacturer1": "0", "PumpControllerManufacturerOtherspecify": "0", "PumpControllerModelNumber": "0", "Pictureofpumpcontroller": "https://api.mwater.co/v3/images/79bc9a7890e14dd88ee9667e8ca706d1", "PumpMotorModelNumber": "0", "Pumpheadmodelnumber": 0.0, "Typeandsizeofcasing": "8", "Wellpumpremarks": "Not fiction", "Isasensorinstalledatthesite": "No", "Typeofsensorinstalled": "Nil", "TypeofsensorinstalledOtherspecify": "Nil", "Managementbody": "No fuction", "Currentmanagementstatus": "Nothing", "Whatisthemethodofpayment1": "Nil", "WhatisthemethodofpaymentOtherspecify1": "Nil", "Whatisthemethodofpayment2": "Nil", "Typeoftariffsystemmostcommon": "2", "WhatisthetariffamountinKES": "2.0", "Isthereaspecialtariffforlivestockperanimal": "No", "WhatisthetariffpercamelKES": 0.0, "WhatisthetariffpercattleKES": 0.0, "WhatisthetariffperhorsedonkeyKES": 0.0, "WhatisthetariffpergoatsheepKES": "0.0", "Isthereatariffperinstitutionschoolshealthcentresetc": "No", "WhatisthemonthlyinstitutionaltariffKES": "0.0", "Numberofinstitutionssuppliedbyschemethatpayamonthlyinstitutional": "0.0", "Whenthisboreholeisworkingfromwheredohouseholdsprimarilygettheirw": "Water tracking", "Whenthisboreholeisworkingfromwheredohouseholdsprimarilygetthei_A": "Water tracking", "WhenthisboreholeisworkinghowmanyHOURSperdaydohouseholdstypically": "2.0", "Whenthisboreholeisnotworkingfromwheredohouseholdsprimarilygetthe": "Water tracking", "WhenthisboreholeisNOTworkingandhouseholdshavetouseanalternativew": "2hours", "Hastherebeensomewaterqualitytestingforthisschemeinthepast": "No", "Yearofmostrecentwaterqualitytestdone": "No", "Whatwastheresult": "Lack of water", "Aretherespecificcontaminantsofconcern": "No", "AretherespecificcontaminantsofconcernOtherspecify": "No", "MeasuredWaterQualityTemperature": "No", "MeasuredWaterQualitySpecificconductancemicroSiemenspercm": "No", "\u00a0MeasuredWaterQualityTotalDissolvedSolidsmilligramsliter": "No", "Pleaseaddanotherrelevantnotesontheborehole": "Dry", "V109": "#NULL!", "V110": null}, "geometry": {"type": "Point", "coordinates": [39.6405324872467, -0.449358201458551]}}, {"type": "Feature", "properties": {"Sno": 2, "SubCounty": "Balambla", "Ward": "Balambla", "Village": "Ashahidin", "Latitude": -0.449358201458551, "Longitude": 39.6405324872467, "RuralUrban": "Rural", "DistancetonextstrategicBoreholekm": "20.00", "Totalnumberofhouseholdscurrentlyservedfromthescheme": "58.0", "WhatistheserviceareaforthisschemeHowmanykilometersfromheredothep": "0.0", "Isthisschemeusedforagricultureandirrigationbyfarmers": "No", "Howmanyfarmersusethisscheme\u00a0": "0.0", "Whatistheaveragesizedfarmthatusesthiswaterhectares\u00a0": "0.0", "Isthewaterschemeusedforlivestock": "No", "Estimatednumberofcamelsusingschemeperday": "0.0", "Estimatednumberofcattleusingschemeperday": "0.0", "Estimatednumberofhorsesdonkeysusingwaterpointperday": "0.0", "Estimatednumberofgoatssheepusingwaterpointperday": "0.0", "Isthewaterschemeusedforwatertrucking": "No", "Numberoftrucksfillingperday": "0.0", "Howmanytimesperweekdoesthewatertruckingoccur": "0.0", "Addanyothercommentsonwatertruckingdetails": "They depend on water tracking drawn from saqa", "ConstructionyearofthewellboreholeinEFYortheyearofrehabilitation": "43283", "Boreholeorwelldepthmeters": "300.0", "Physicalstateofthewellborehole": "Not functional", "TypeofPower": "No power", "Productionofsystemyieldordischargemeterscubedhour": "0", "Isthereawatermeteratthewatersource": "No", "Isthewatermeterworking": "No", "Whatisthecurrentreadingofthewatermeter": "0.000000000", "Isthewaterschemecurrentlyfunctional": "No", "Pleasetakeapictureillustratingthenonfunctionalityorpartialfuncti": "https://api.mwater.co/v3/images/5093335d8b0140c7b83e1ae1a89d54c0", "Maincauseofnonfunctionalityorpartialfunctionality": "Well dry", "MaincauseofnonfunctionalityorpartialfunctionalityOtherspecify": "Dry", "Numberofmonthssincenonfunctional": "0", "Doestheschemehaveanyemergingproblemsthatmightleadtononfunctional": "No", "Pleasedescribetheproblemsthatmightleadtononfunctionalityinthenea": "The well is dry", "Wasthewaterschemeoutofserviceoneormoredaysinthelastmonth": "Yes", "Numberofdaysoutofserviceinthelastmonth": "0.0", "Dateoflastserviceorrepair": "27-Jun-19", "Howmanytimeshasthewaterschemebrokeninthelastyear": "0.0", "Describethefunctionalityproblemsoverthepastyear": "Well dry", "Howmanydaysperweekdoesthepumprunonaverage": "0.0", "Howmanyhoursperdaydoesthepumprunonaverage": "0.0", "Isthisaseasonalwaterschemethatcommonlyfailsinthedryseason": "No", "Isthepumpusedlessduringwetrainyseason": "No", "Duringwetrainyseasonshowmanydaysaweekdoesthepumprunonaverage": "0.0", "Duringwetrainyseasonshowmanyhoursperdaydoesthepumprunonaverage": "0.0", "SolarPanelpowerratingWatts": "No solar panel", "SolarPanelCondition": "No", "Yearwhengeneratorwasinstalledoryearofreinstallation": "43643", "Physicalstateofthegenerator": "No generator", "Generatorbrand": "No", "GeneratorbrandOtherspecify": "No generator", "Generatormodel": "No", "Generatorserialnumber": "0", "GeneratormaxAmpsstartingamps": "0.0", "Generatorpicture": "https://api.mwater.co/v3/images/9a38a85afc284807b583f34dcc16b75f", "PumpControllerManufacturer1": "0", "PumpControllerManufacturerOtherspecify": "O", "PumpControllerModelNumber": "0", "Pictureofpumpcontroller": "https://api.mwater.co/v3/images/a2926b1ff09c4200a53928687c4d00ac", "PumpMotorModelNumber": "0", "Pumpheadmodelnumber": 0.0, "Typeandsizeofcasing": "0", "Wellpumpremarks": "Dry", "Isasensorinstalledatthesite": "No", "Typeofsensorinstalled": "No", "TypeofsensorinstalledOtherspecify": "O", "Managementbody": "Water users association", "Currentmanagementstatus": "In place", "Whatisthemethodofpayment1": "0", "WhatisthemethodofpaymentOtherspecify1": "0", "Whatisthemethodofpayment2": "0", "Typeoftariffsystemmostcommon": "0", "WhatisthetariffamountinKES": "0.0", "Isthereaspecialtariffforlivestockperanimal": "No", "WhatisthetariffpercamelKES": 0.0, "WhatisthetariffpercattleKES": 0.0, "WhatisthetariffperhorsedonkeyKES": 0.0, "WhatisthetariffpergoatsheepKES": "0.0", "Isthereatariffperinstitutionschoolshealthcentresetc": "No", "WhatisthemonthlyinstitutionaltariffKES": "0.0", "Numberofinstitutionssuppliedbyschemethatpayamonthlyinstitutional": "0.0", "Whenthisboreholeisworkingfromwheredohouseholdsprimarilygettheirw": "Water tracking", "Whenthisboreholeisworkingfromwheredohouseholdsprimarilygetthei_A": "Water tracking", "WhenthisboreholeisworkinghowmanyHOURSperdaydohouseholdstypically": "0.0", "Whenthisboreholeisnotworkingfromwheredohouseholdsprimarilygetthe": "Water tracking", "WhenthisboreholeisNOTworkingandhouseholdshavetouseanalternativew": "2hrs", "Hastherebeensomewaterqualitytestingforthisschemeinthepast": "No", "Yearofmostrecentwaterqualitytestdone": "No", "Whatwastheresult": "0", "Aretherespecificcontaminantsofconcern": "No", "AretherespecificcontaminantsofconcernOtherspecify": "No", "MeasuredWaterQualityTemperature": "No", "MeasuredWaterQualitySpecificconductancemicroSiemenspercm": "No", "\u00a0MeasuredWaterQualityTotalDissolvedSolidsmilligramsliter": "No", "Pleaseaddanotherrelevantnotesontheborehole": "Dry well", "V109": "#NULL!", "V110": null}, "geometry": {"type": "Point", "coordinates": [39.6405324872467, -0.449358201458551]}}, {"type": "Feature", "properties": {"Sno": 3, "SubCounty": "Balambla", "Ward": "Balambla", "Village": "Ohiyo", "Latitude": -0.449358201458551, "Longitude": 39.6405324872467, "RuralUrban": "Rural", "DistancetonextstrategicBoreholekm": "15.00", "Totalnumberofhouseholdscurrentlyservedfromthescheme": "30.0", "WhatistheserviceareaforthisschemeHowmanykilometersfromheredothep": "0.0", "Isthisschemeusedforagricultureandirrigationbyfarmers": "No", "Howmanyfarmersusethisscheme\u00a0": "0.0", "Whatistheaveragesizedfarmthatusesthiswaterhectares\u00a0": "0.0", "Isthewaterschemeusedforlivestock": "Yes", "Estimatednumberofcamelsusingschemeperday": "0.0", "Estimatednumberofcattleusingschemeperday": "200.0", "Estimatednumberofhorsesdonkeysusingwaterpointperday": "30.0", "Estimatednumberofgoatssheepusingwaterpointperday": "500.0", "Isthewaterschemeusedforwatertrucking": "Yes", "Numberoftrucksfillingperday": "2.0", "Howmanytimesperweekdoesthewatertruckingoccur": "1.0", "Addanyothercommentsonwatertruckingdetails": "Dry", "ConstructionyearofthewellboreholeinEFYortheyearofrehabilitation": "40705", "Boreholeorwelldepthmeters": "#NULL!", "Physicalstateofthewellborehole": null, "TypeofPower": null, "Productionofsystemyieldordischargemeterscubedhour": "1.5", "Isthereawatermeteratthewatersource": "Yes", "Isthewatermeterworking": "No", "Whatisthecurrentreadingofthewatermeter": "3922.000000000", "Isthewaterschemecurrentlyfunctional": "Yes", "Pleasetakeapictureillustratingthenonfunctionalityorpartialfuncti": "https://api.mwater.co/v3/images/e70d6f990ca64dec8261efec0e151fd6", "Maincauseofnonfunctionalityorpartialfunctionality": "Broken", "MaincauseofnonfunctionalityorpartialfunctionalityOtherspecify": "Non fucational", "Numberofmonthssincenonfunctional": "2years", "Doestheschemehaveanyemergingproblemsthatmightleadtononfunctional": "Yes", "Pleasedescribetheproblemsthatmightleadtononfunctionalityinthenea": "Old generate", "Wasthewaterschemeoutofserviceoneormoredaysinthelastmonth": "Yes", "Numberofdaysoutofserviceinthelastmonth": "6.0", "Dateoflastserviceorrepair": "27-Jun-19", "Howmanytimeshasthewaterschemebrokeninthelastyear": "3.0", "Describethefunctionalityproblemsoverthepastyear": "Lack of oil", "Howmanydaysperweekdoesthepumprunonaverage": "8.0", "Howmanyhoursperdaydoesthepumprunonaverage": "8.0", "Isthisaseasonalwaterschemethatcommonlyfailsinthedryseason": "Yes", "Isthepumpusedlessduringwetrainyseason": "Yes", "Duringwetrainyseasonshowmanydaysaweekdoesthepumprunonaverage": "8.0", "Duringwetrainyseasonshowmanyhoursperdaydoesthepumprunonaverage": "4.0", "SolarPanelpowerratingWatts": "5.5", "SolarPanelCondition": "Fucational", "Yearwhengeneratorwasinstalledoryearofreinstallation": "40721", "Physicalstateofthegenerator": null, "Generatorbrand": null, "GeneratorbrandOtherspecify": null, "Generatormodel": "Lister petter", "Generatorserialnumber": "12016783.08", "GeneratormaxAmpsstartingamps": "20.0", "Generatorpicture": "https://api.mwater.co/v3/images/a973f25df5de4bd0973a47cff4b03f49", "PumpControllerManufacturer1": "No specify", "PumpControllerManufacturerOtherspecify": "No specify", "PumpControllerModelNumber": "No", "Pictureofpumpcontroller": "https://api.mwater.co/v3/images/5d741a44adea4c8f9d7ffcf7bb578749", "PumpMotorModelNumber": "0", "Pumpheadmodelnumber": 0.0, "Typeandsizeofcasing": "8", "Wellpumpremarks": "Good", "Isasensorinstalledatthesite": "No", "Typeofsensorinstalled": "No", "TypeofsensorinstalledOtherspecify": "No installe", "Managementbody": "Water use association", "Currentmanagementstatus": "In place", "Whatisthemethodofpayment1": "Cash", "WhatisthemethodofpaymentOtherspecify1": "3", "Whatisthemethodofpayment2": "Cash", "Typeoftariffsystemmostcommon": "3", "WhatisthetariffamountinKES": "3.0", "Isthereaspecialtariffforlivestockperanimal": "Yes", "WhatisthetariffpercamelKES": 30.0, "WhatisthetariffpercattleKES": 15.0, "WhatisthetariffperhorsedonkeyKES": 0.0, "WhatisthetariffpergoatsheepKES": "3.0", "Isthereatariffperinstitutionschoolshealthcentresetc": "No", "WhatisthemonthlyinstitutionaltariffKES": "0.0", "Numberofinstitutionssuppliedbyschemethatpayamonthlyinstitutional": "0.0", "Whenthisboreholeisworkingfromwheredohouseholdsprimarilygettheirw": "Water tracking", "Whenthisboreholeisworkingfromwheredohouseholdsprimarilygetthei_A": "Water tracking", "WhenthisboreholeisworkinghowmanyHOURSperdaydohouseholdstypically": "2.0", "Whenthisboreholeisnotworkingfromwheredohouseholdsprimarilygetthe": "Water tracking", "WhenthisboreholeisNOTworkingandhouseholdshavetouseanalternativew": "2", "Hastherebeensomewaterqualitytestingforthisschemeinthepast": "No", "Yearofmostrecentwaterqualitytestdone": "No", "Whatwastheresult": "No", "Aretherespecificcontaminantsofconcern": "No", "AretherespecificcontaminantsofconcernOtherspecify": "No", "MeasuredWaterQualityTemperature": "No", "MeasuredWaterQualitySpecificconductancemicroSiemenspercm": "No", "\u00a0MeasuredWaterQualityTotalDissolvedSolidsmilligramsliter": "No", "Pleaseaddanotherrelevantnotesontheborehole": "Generate is old and leaking need reper or replacement", "V109": "#NULL!", "V110": null}, "geometry": {"type": "Point", "coordinates": [39.6405324872467, -0.449358201458551]}}, {"type": "Feature", "properties": {"Sno": 4, "SubCounty": "Balambla", "Ward": "Sankuri", "Village": "Shimbirey", "Latitude": -0.449358201458551, "Longitude": 39.6405324872467, "RuralUrban": "Rural", "DistancetonextstrategicBoreholekm": "12.00", "Totalnumberofhouseholdscurrentlyservedfromthescheme": "140.0", "WhatistheserviceareaforthisschemeHowmanykilometersfromheredothep": "2.0", "Isthisschemeusedforagricultureandirrigationbyfarmers": "Yes", "Howmanyfarmersusethisscheme\u00a0": "0.0", "Whatistheaveragesizedfarmthatusesthiswaterhectares\u00a0": "0.0", "Isthewaterschemeusedforlivestock": "Yes", "Estimatednumberofcamelsusingschemeperday": "20.0", "Estimatednumberofcattleusingschemeperday": "20.0", "Estimatednumberofhorsesdonkeysusingwaterpointperday": "50.0", "Estimatednumberofgoatssheepusingwaterpointperday": "500.0", "Isthewaterschemeusedforwatertrucking": "No", "Numberoftrucksfillingperday": "0.0", "Howmanytimesperweekdoesthewatertruckingoccur": "0.0", "Addanyothercommentsonwatertruckingdetails": "Less water", "ConstructionyearofthewellboreholeinEFYortheyearofrehabilitation": "38165", "Boreholeorwelldepthmeters": "200.0", "Physicalstateofthewellborehole": "It's good", "TypeofPower": "Hybrid", "Productionofsystemyieldordischargemeterscubedhour": "2", "Isthereawatermeteratthewatersource": "No", "Isthewatermeterworking": "No", "Whatisthecurrentreadingofthewatermeter": "0.000000000", "Isthewaterschemecurrentlyfunctional": "Yes", "Pleasetakeapictureillustratingthenonfunctionalityorpartialfuncti": "https://api.mwater.co/v3/images/0f5f6a092eb9403ea646403206b073c6", "Maincauseofnonfunctionalityorpartialfunctionality": "The water metre is not fixed", "MaincauseofnonfunctionalityorpartialfunctionalityOtherspecify": "Nothing", "Numberofmonthssincenonfunctional": "0", "Doestheschemehaveanyemergingproblemsthatmightleadtononfunctional": "Yes", "Pleasedescribetheproblemsthatmightleadtononfunctionalityinthenea": "Luck of periodic servicing of generator", "Wasthewaterschemeoutofserviceoneormoredaysinthelastmonth": "No", "Numberofdaysoutofserviceinthelastmonth": "0.0", "Dateoflastserviceorrepair": "27-Jun-18", "Howmanytimeshasthewaterschemebrokeninthelastyear": "1.0", "Describethefunctionalityproblemsoverthepastyear": "Mechanical problem", "Howmanydaysperweekdoesthepumprunonaverage": "7.0", "Howmanyhoursperdaydoesthepumprunonaverage": "5.0", "Isthisaseasonalwaterschemethatcommonlyfailsinthedryseason": "No", "Isthepumpusedlessduringwetrainyseason": "Yes", "Duringwetrainyseasonshowmanydaysaweekdoesthepumprunonaverage": "3.0", "Duringwetrainyseasonshowmanyhoursperdaydoesthepumprunonaverage": "3.0", "SolarPanelpowerratingWatts": "5.5", "SolarPanelCondition": "It's good", "Yearwhengeneratorwasinstalledoryearofreinstallation": "41482", "Physicalstateofthegenerator": "Its good", "Generatorbrand": "Day liff", "GeneratorbrandOtherspecify": "Day liff generator brand", "Generatormodel": "Perkins", "Generatorserialnumber": "39434921", "GeneratormaxAmpsstartingamps": "32.5", "Generatorpicture": "https://api.mwater.co/v3/images/252f6cb6807347998f90775d509284e5; https://api.mwater.co/v3/images/2465fec78be142a2a6d191668c130d26", "PumpControllerManufacturer1": "Lorentz", "PumpControllerManufacturerOtherspecify": "No", "PumpControllerModelNumber": "Not specified", "Pictureofpumpcontroller": "https://api.mwater.co/v3/images/cbf5448a517f45d389b471535dc2ffb1", "PumpMotorModelNumber": "0", "Pumpheadmodelnumber": 0.0, "Typeandsizeofcasing": "6", "Wellpumpremarks": "Functional", "Isasensorinstalledatthesite": "Yes", "Typeofsensorinstalled": "Sweet sense", "TypeofsensorinstalledOtherspecify": "Sweet sense", "Managementbody": "Water users association", "Currentmanagementstatus": "Water users association", "Whatisthemethodofpayment1": "Cash", "WhatisthemethodofpaymentOtherspecify1": "Cash", "Whatisthemethodofpayment2": "Cash", "Typeoftariffsystemmostcommon": "Flat", "WhatisthetariffamountinKES": "2.0", "Isthereaspecialtariffforlivestockperanimal": "Yes", "WhatisthetariffpercamelKES": 10.0, "WhatisthetariffpercattleKES": 10.0, "WhatisthetariffperhorsedonkeyKES": 0.0, "WhatisthetariffpergoatsheepKES": "5.0", "Isthereatariffperinstitutionschoolshealthcentresetc": "No", "WhatisthemonthlyinstitutionaltariffKES": "0.0", "Numberofinstitutionssuppliedbyschemethatpayamonthlyinstitutional": "0.0", "Whenthisboreholeisworkingfromwheredohouseholdsprimarilygettheirw": "Same borehole", "Whenthisboreholeisworkingfromwheredohouseholdsprimarilygetthei_A": "Same borehole", "WhenthisboreholeisworkinghowmanyHOURSperdaydohouseholdstypically": "2.0", "Whenthisboreholeisnotworkingfromwheredohouseholdsprimarilygetthe": "Water tanks", "WhenthisboreholeisNOTworkingandhouseholdshavetouseanalternativew": "1", "Hastherebeensomewaterqualitytestingforthisschemeinthepast": "No", "Yearofmostrecentwaterqualitytestdone": "No", "Whatwastheresult": "No", "Aretherespecificcontaminantsofconcern": "No", "AretherespecificcontaminantsofconcernOtherspecify": "No", "MeasuredWaterQualityTemperature": "No", "MeasuredWaterQualitySpecificconductancemicroSiemenspercm": "No", "\u00a0MeasuredWaterQualityTotalDissolvedSolidsmilligramsliter": "No", "Pleaseaddanotherrelevantnotesontheborehole": "The borehole is functioning", "V109": "#NULL!", "V110": null}, "geometry": {"type": "Point", "coordinates": [39.6405324872467, -0.449358201458551]}}, {"type": "Feature", "properties": {"Sno": 5, "SubCounty": "Balambla", "Ward": "Saka", "Village": "Saka 1", "Latitude": -0.1449717, "Longitude": 39.326424, "RuralUrban": "Rural", "DistancetonextstrategicBoreholekm": "7.00", "Totalnumberofhouseholdscurrentlyservedfromthescheme": "700.0", "WhatistheserviceareaforthisschemeHowmanykilometersfromheredothep": "1.1", "Isthisschemeusedforagricultureandirrigationbyfarmers": "No", "Howmanyfarmersusethisscheme\u00a0": "0.0", "Whatistheaveragesizedfarmthatusesthiswaterhectares\u00a0": "0.0", "Isthewaterschemeusedforlivestock": "No", "Estimatednumberofcamelsusingschemeperday": "0.0", "Estimatednumberofcattleusingschemeperday": "0.0", "Estimatednumberofhorsesdonkeysusingwaterpointperday": "0.0", "Estimatednumberofgoatssheepusingwaterpointperday": "0.0", "Isthewaterschemeusedforwatertrucking": "No", "Numberoftrucksfillingperday": "0.0", "Howmanytimesperweekdoesthewatertruckingoccur": "0.0", "Addanyothercommentsonwatertruckingdetails": "Nil", "ConstructionyearofthewellboreholeinEFYortheyearofrehabilitation": "39992", "Boreholeorwelldepthmeters": "10.0", "Physicalstateofthewellborehole": "No working", "TypeofPower": "Generator /Lester", "Productionofsystemyieldordischargemeterscubedhour": "20", "Isthereawatermeteratthewatersource": "No", "Isthewatermeterworking": "No", "Whatisthecurrentreadingofthewatermeter": "0.000000000", "Isthewaterschemecurrentlyfunctional": "No", "Pleasetakeapictureillustratingthenonfunctionalityorpartialfuncti": "https://api.mwater.co/v3/images/9925426b2bab4c18b721a5b8da38a9e9", "Maincauseofnonfunctionalityorpartialfunctionality": "Mechanical problem", "MaincauseofnonfunctionalityorpartialfunctionalityOtherspecify": "Mechanical problem", "Numberofmonthssincenonfunctional": "2years", "Doestheschemehaveanyemergingproblemsthatmightleadtononfunctional": "Yes", "Pleasedescribetheproblemsthatmightleadtononfunctionalityinthenea": "Engineering is not fictional", "Wasthewaterschemeoutofserviceoneormoredaysinthelastmonth": "Yes", "Numberofdaysoutofserviceinthelastmonth": "2.0", "Dateoflastserviceorrepair": "28-Jun-17", "Howmanytimeshasthewaterschemebrokeninthelastyear": "1.0", "Describethefunctionalityproblemsoverthepastyear": "engineering has mechanical problem", "Howmanydaysperweekdoesthepumprunonaverage": "2.0", "Howmanyhoursperdaydoesthepumprunonaverage": "2.0", "Isthisaseasonalwaterschemethatcommonlyfailsinthedryseason": "Yes", "Isthepumpusedlessduringwetrainyseason": "Yes", "Duringwetrainyseasonshowmanydaysaweekdoesthepumprunonaverage": "2.0", "Duringwetrainyseasonshowmanyhoursperdaydoesthepumprunonaverage": "2.0", "SolarPanelpowerratingWatts": "Generator", "SolarPanelCondition": "Generator", "Yearwhengeneratorwasinstalledoryearofreinstallation": "39992", "Physicalstateofthegenerator": "Bad", "Generatorbrand": "Least/daylif", "GeneratorbrandOtherspecify": "Bad", "Generatormodel": "Janan/least", "Generatorserialnumber": "0", "GeneratormaxAmpsstartingamps": "0.0", "Generatorpicture": "https://api.mwater.co/v3/images/1694c5362e904548a561821c76b34908; https://api.mwater.co/v3/images/07e88cc565c5475aa1fa0942807bfc0b", "PumpControllerManufacturer1": "Daylife", "PumpControllerManufacturerOtherspecify": "Daylife", "PumpControllerModelNumber": "0", "Pictureofpumpcontroller": "https://api.mwater.co/v3/images/f6928df57ab8477c95720fc3cbc4eaea", "PumpMotorModelNumber": "0", "Pumpheadmodelnumber": 0.0, "Typeandsizeofcasing": "Conregt reams", "Wellpumpremarks": "0", "Isasensorinstalledatthesite": "No", "Typeofsensorinstalled": "0", "TypeofsensorinstalledOtherspecify": "0", "Managementbody": "Saka water users association", "Currentmanagementstatus": "In place", "Whatisthemethodofpayment1": "Cash", "WhatisthemethodofpaymentOtherspecify1": "Cash", "Whatisthemethodofpayment2": "Cash", "Typeoftariffsystemmostcommon": "Cash", "WhatisthetariffamountinKES": "300.0", "Isthereaspecialtariffforlivestockperanimal": "No", "WhatisthetariffpercamelKES": 0.0, "WhatisthetariffpercattleKES": 0.0, "WhatisthetariffperhorsedonkeyKES": 0.0, "WhatisthetariffpergoatsheepKES": "0.0", "Isthereatariffperinstitutionschoolshealthcentresetc": "Yes", "WhatisthemonthlyinstitutionaltariffKES": "10000.0", "Numberofinstitutionssuppliedbyschemethatpayamonthlyinstitutional": "2.0", "Whenthisboreholeisworkingfromwheredohouseholdsprimarilygettheirw": "Tana river", "Whenthisboreholeisworkingfromwheredohouseholdsprimarilygetthei_A": "Mechanical problem", "WhenthisboreholeisworkinghowmanyHOURSperdaydohouseholdstypically": "2.0", "Whenthisboreholeisnotworkingfromwheredohouseholdsprimarilygetthe": "Tana river", "WhenthisboreholeisNOTworkingandhouseholdshavetouseanalternativew": "2", "Hastherebeensomewaterqualitytestingforthisschemeinthepast": "No", "Yearofmostrecentwaterqualitytestdone": "No", "Whatwastheresult": "No", "Aretherespecificcontaminantsofconcern": "No", "AretherespecificcontaminantsofconcernOtherspecify": "No", "MeasuredWaterQualityTemperature": "No", "MeasuredWaterQualitySpecificconductancemicroSiemenspercm": "No", "\u00a0MeasuredWaterQualityTotalDissolvedSolidsmilligramsliter": "No", "Pleaseaddanotherrelevantnotesontheborehole": "Mechanical problem and  engineering no fuction", "V109": "#NULL!", "V110": null}, "geometry": {"type": "Point", "coordinates": [39.326424, -0.1449717]}}, {"type": "Feature", "properties": {"Sno": 6, "SubCounty": "Balambla", "Ward": "Saka", "Village": "Saka new", "Latitude": -0.1453979, "Longitude": 39.3291963, "RuralUrban": "Rural", "DistancetonextstrategicBoreholekm": "7.00", "Totalnumberofhouseholdscurrentlyservedfromthescheme": "800.0", "WhatistheserviceareaforthisschemeHowmanykilometersfromheredothep": "21.0", "Isthisschemeusedforagricultureandirrigationbyfarmers": "Yes", "Howmanyfarmersusethisscheme\u00a0": "10.0", "Whatistheaveragesizedfarmthatusesthiswaterhectares\u00a0": "5.0", "Isthewaterschemeusedforlivestock": "Yes", "Estimatednumberofcamelsusingschemeperday": "500.0", "Estimatednumberofcattleusingschemeperday": "800.0", "Estimatednumberofhorsesdonkeysusingwaterpointperday": "300.0", "Estimatednumberofgoatssheepusingwaterpointperday": "1000.0", "Isthewaterschemeusedforwatertrucking": "No", "Numberoftrucksfillingperday": "0.0", "Howmanytimesperweekdoesthewatertruckingoccur": "0.0", "Addanyothercommentsonwatertruckingdetails": "Not done", "ConstructionyearofthewellboreholeinEFYortheyearofrehabilitation": "43128", "Boreholeorwelldepthmeters": "30.0", "Physicalstateofthewellborehole": "Well functioning", "TypeofPower": "Solar", "Productionofsystemyieldordischargemeterscubedhour": "35", "Isthereawatermeteratthewatersource": "Yes", "Isthewatermeterworking": "Yes", "Whatisthecurrentreadingofthewatermeter": "4585.000000000", "Isthewaterschemecurrentlyfunctional": "Yes", "Pleasetakeapictureillustratingthenonfunctionalityorpartialfuncti": "https://api.mwater.co/v3/images/9b851dd47d3e4b4a82a5cf26bc73e9f5", "Maincauseofnonfunctionalityorpartialfunctionality": "Nothing,its working", "MaincauseofnonfunctionalityorpartialfunctionalityOtherspecify": null, "Numberofmonthssincenonfunctional": "0", "Doestheschemehaveanyemergingproblemsthatmightleadtononfunctional": "No", "Pleasedescribetheproblemsthatmightleadtononfunctionalityinthenea": "There is no problem", "Wasthewaterschemeoutofserviceoneormoredaysinthelastmonth": "No", "Numberofdaysoutofserviceinthelastmonth": "0.0", "Dateoflastserviceorrepair": "28-Jan-18", "Howmanytimeshasthewaterschemebrokeninthelastyear": "0.0", "Describethefunctionalityproblemsoverthepastyear": null, "Howmanydaysperweekdoesthepumprunonaverage": "8.0", "Howmanyhoursperdaydoesthepumprunonaverage": "7.0", "Isthisaseasonalwaterschemethatcommonlyfailsinthedryseason": "No", "Isthepumpusedlessduringwetrainyseason": "No", "Duringwetrainyseasonshowmanydaysaweekdoesthepumprunonaverage": "8.0", "Duringwetrainyseasonshowmanyhoursperdaydoesthepumprunonaverage": "8.0", "SolarPanelpowerratingWatts": "250", "SolarPanelCondition": "It's functional", "Yearwhengeneratorwasinstalledoryearofreinstallation": "43128", "Physicalstateofthegenerator": "Solar", "Generatorbrand": "Solar", "GeneratorbrandOtherspecify": "Solar", "Generatormodel": "Solar", "Generatorserialnumber": "0", "GeneratormaxAmpsstartingamps": "0.0", "Generatorpicture": "https://api.mwater.co/v3/images/abe54df9c1aa4b9bb36c8ad7e054ead9; https://api.mwater.co/v3/images/b5cedd9545a04c89bfbf0e35c8bc2752", "PumpControllerManufacturer1": "Grundfos", "PumpControllerManufacturerOtherspecify": "Grundfos", "PumpControllerModelNumber": "22kw", "Pictureofpumpcontroller": "https://api.mwater.co/v3/images/7fe3987b6e2b494589d5145eda8eb39a", "PumpMotorModelNumber": "0", "Pumpheadmodelnumber": 0.0, "Typeandsizeofcasing": "GI 8", "Wellpumpremarks": "It's functioning", "Isasensorinstalledatthesite": "No", "Typeofsensorinstalled": null, "TypeofsensorinstalledOtherspecify": null, "Managementbody": "Saka Water users association", "Currentmanagementstatus": "Saka water users association", "Whatisthemethodofpayment1": "Cash", "WhatisthemethodofpaymentOtherspecify1": "Cash", "Whatisthemethodofpayment2": "Flat", "Typeoftariffsystemmostcommon": "Flat", "WhatisthetariffamountinKES": "300.0", "Isthereaspecialtariffforlivestockperanimal": "Yes", "WhatisthetariffpercamelKES": 15.0, "WhatisthetariffpercattleKES": 10.0, "WhatisthetariffperhorsedonkeyKES": 0.0, "WhatisthetariffpergoatsheepKES": "5.0", "Isthereatariffperinstitutionschoolshealthcentresetc": "Yes", "WhatisthemonthlyinstitutionaltariffKES": "10000.0", "Numberofinstitutionssuppliedbyschemethatpayamonthlyinstitutional": "3.0", "Whenthisboreholeisworkingfromwheredohouseholdsprimarilygettheirw": "Same borehole", "Whenthisboreholeisworkingfromwheredohouseholdsprimarilygetthei_A": "Same borehole", "WhenthisboreholeisworkinghowmanyHOURSperdaydohouseholdstypically": "1.0", "Whenthisboreholeisnotworkingfromwheredohouseholdsprimarilygetthe": "River Tana", "WhenthisboreholeisNOTworkingandhouseholdshavetouseanalternativew": "1", "Hastherebeensomewaterqualitytestingforthisschemeinthepast": "No", "Yearofmostrecentwaterqualitytestdone": "No", "Whatwastheresult": "No", "Aretherespecificcontaminantsofconcern": "No", "AretherespecificcontaminantsofconcernOtherspecify": "No", "MeasuredWaterQualityTemperature": "No", "MeasuredWaterQualitySpecificconductancemicroSiemenspercm": "No", "\u00a0MeasuredWaterQualityTotalDissolvedSolidsmilligramsliter": "No", "Pleaseaddanotherrelevantnotesontheborehole": "Its fully  fuctioning", "V109": "#NULL!", "V110": null}, "geometry": {"type": "Point", "coordinates": [39.3291963, -0.1453979]}}, {"type": "Feature", "properties": {"Sno": 7, "SubCounty": "Balambla", "Ward": "Sankuri", "Village": "Abdisamadi borehole 2", "Latitude": -0.487473825453558, "Longitude": 39.6485233052226, "RuralUrban": "Rural", "DistancetonextstrategicBoreholekm": "#NULL!", "Totalnumberofhouseholdscurrentlyservedfromthescheme": "200.0", "WhatistheserviceareaforthisschemeHowmanykilometersfromheredothep": "0.5", "Isthisschemeusedforagricultureandirrigationbyfarmers": "No", "Howmanyfarmersusethisscheme\u00a0": "0.0", "Whatistheaveragesizedfarmthatusesthiswaterhectares\u00a0": "0.0", "Isthewaterschemeusedforlivestock": "No", "Estimatednumberofcamelsusingschemeperday": "0.0", "Estimatednumberofcattleusingschemeperday": "0.0", "Estimatednumberofhorsesdonkeysusingwaterpointperday": "0.0", "Estimatednumberofgoatssheepusingwaterpointperday": "50.0", "Isthewaterschemeusedforwatertrucking": "No", "Numberoftrucksfillingperday": "0.0", "Howmanytimesperweekdoesthewatertruckingoccur": "0.0", "Addanyothercommentsonwatertruckingdetails": "Nil", "ConstructionyearofthewellboreholeinEFYortheyearofrehabilitation": "43371", "Boreholeorwelldepthmeters": "250.0", "Physicalstateofthewellborehole": "Good", "TypeofPower": "Generator", "Productionofsystemyieldordischargemeterscubedhour": "4", "Isthereawatermeteratthewatersource": "Yes", "Isthewatermeterworking": "Yes", "Whatisthecurrentreadingofthewatermeter": "18492.000000000", "Isthewaterschemecurrentlyfunctional": "Yes", "Pleasetakeapictureillustratingthenonfunctionalityorpartialfuncti": null, "Maincauseofnonfunctionalityorpartialfunctionality": "Nil", "MaincauseofnonfunctionalityorpartialfunctionalityOtherspecify": "Nil", "Numberofmonthssincenonfunctional": "Nil", "Doestheschemehaveanyemergingproblemsthatmightleadtononfunctional": "No", "Pleasedescribetheproblemsthatmightleadtononfunctionalityinthenea": "Nil", "Wasthewaterschemeoutofserviceoneormoredaysinthelastmonth": "No", "Numberofdaysoutofserviceinthelastmonth": "0.0", "Dateoflastserviceorrepair": "28-Jun-19", "Howmanytimeshasthewaterschemebrokeninthelastyear": "1.0", "Describethefunctionalityproblemsoverthepastyear": "Mechanical problem", "Howmanydaysperweekdoesthepumprunonaverage": "1.0", "Howmanyhoursperdaydoesthepumprunonaverage": "6.0", "Isthisaseasonalwaterschemethatcommonlyfailsinthedryseason": "Yes", "Isthepumpusedlessduringwetrainyseason": "No", "Duringwetrainyseasonshowmanydaysaweekdoesthepumprunonaverage": "1.0", "Duringwetrainyseasonshowmanyhoursperdaydoesthepumprunonaverage": "2.0", "SolarPanelpowerratingWatts": "0", "SolarPanelCondition": "0", "Yearwhengeneratorwasinstalledoryearofreinstallation": "43644", "Physicalstateofthegenerator": "Good", "Generatorbrand": "Welland", "GeneratorbrandOtherspecify": "Welland", "Generatormodel": "Welland", "Generatorserialnumber": "20838.9000547", "GeneratormaxAmpsstartingamps": "26.4", "Generatorpicture": "https://api.mwater.co/v3/images/023cddc236a4488fb47d86947266c15a", "PumpControllerManufacturer1": "Telematics", "PumpControllerManufacturerOtherspecify": "Telematics", "PumpControllerModelNumber": "Nil", "Pictureofpumpcontroller": "https://api.mwater.co/v3/images/05cf9bcc571646c2bd5155f450274a19", "PumpMotorModelNumber": "0", "Pumpheadmodelnumber": 0.0, "Typeandsizeofcasing": "8", "Wellpumpremarks": "Good", "Isasensorinstalledatthesite": "No", "Typeofsensorinstalled": "Nil", "TypeofsensorinstalledOtherspecify": "Nil", "Managementbody": "Water users association", "Currentmanagementstatus": "Water users association", "Whatisthemethodofpayment1": "Cash", "WhatisthemethodofpaymentOtherspecify1": "Cash", "Whatisthemethodofpayment2": "Falat", "Typeoftariffsystemmostcommon": "Cash", "WhatisthetariffamountinKES": "0.0", "Isthereaspecialtariffforlivestockperanimal": "No", "WhatisthetariffpercamelKES": 0.0, "WhatisthetariffpercattleKES": 0.0, "WhatisthetariffperhorsedonkeyKES": 0.0, "WhatisthetariffpergoatsheepKES": "0.0", "Isthereatariffperinstitutionschoolshealthcentresetc": "No", "WhatisthemonthlyinstitutionaltariffKES": "0.0", "Numberofinstitutionssuppliedbyschemethatpayamonthlyinstitutional": "0.0", "Whenthisboreholeisworkingfromwheredohouseholdsprimarilygettheirw": "Water ban", "Whenthisboreholeisworkingfromwheredohouseholdsprimarilygetthei_A": "Water ban", "WhenthisboreholeisworkinghowmanyHOURSperdaydohouseholdstypically": "3.0", "Whenthisboreholeisnotworkingfromwheredohouseholdsprimarilygetthe": "Water tracking", "WhenthisboreholeisNOTworkingandhouseholdshavetouseanalternativew": "2", "Hastherebeensomewaterqualitytestingforthisschemeinthepast": "0", "Yearofmostrecentwaterqualitytestdone": "0", "Whatwastheresult": "0", "Aretherespecificcontaminantsofconcern": "0", "AretherespecificcontaminantsofconcernOtherspecify": "0", "MeasuredWaterQualityTemperature": "0", "MeasuredWaterQualitySpecificconductancemicroSiemenspercm": "0", "\u00a0MeasuredWaterQualityTotalDissolvedSolidsmilligramsliter": "0", "Pleaseaddanotherrelevantnotesontheborehole": "Very thinking is good", "V109": "#NULL!", "V110": null}, "geometry": {"type": "Point", "coordinates": [39.6485233052226, -0.487473825453558]}}, {"type": "Feature", "properties": {"Sno": 8, "SubCounty": "Balambla", "Ward": "Sankuri", "Village": "Balich 1", "Latitude": -0.487473825453558, "Longitude": 39.6485233052226, "RuralUrban": "Rural", "DistancetonextstrategicBoreholekm": "10.00", "Totalnumberofhouseholdscurrentlyservedfromthescheme": "600.0", "WhatistheserviceareaforthisschemeHowmanykilometersfromheredothep": "3.0", "Isthisschemeusedforagricultureandirrigationbyfarmers": "No", "Howmanyfarmersusethisscheme\u00a0": "0.0", "Whatistheaveragesizedfarmthatusesthiswaterhectares\u00a0": "0.0", "Isthewaterschemeusedforlivestock": "Yes", "Estimatednumberofcamelsusingschemeperday": "0.0", "Estimatednumberofcattleusingschemeperday": "60.0", "Estimatednumberofhorsesdonkeysusingwaterpointperday": "0.0", "Estimatednumberofgoatssheepusingwaterpointperday": "100.0", "Isthewaterschemeusedforwatertrucking": "No", "Numberoftrucksfillingperday": "0.0", "Howmanytimesperweekdoesthewatertruckingoccur": "0.0", "Addanyothercommentsonwatertruckingdetails": "There is no enough water", "ConstructionyearofthewellboreholeinEFYortheyearofrehabilitation": "40337", "Boreholeorwelldepthmeters": "50.0", "Physicalstateofthewellborehole": "Partial fuctioning", "TypeofPower": "Generator", "Productionofsystemyieldordischargemeterscubedhour": "10", "Isthereawatermeteratthewatersource": "No", "Isthewatermeterworking": "No", "Whatisthecurrentreadingofthewatermeter": "0.000000000", "Isthewaterschemecurrentlyfunctional": "No", "Pleasetakeapictureillustratingthenonfunctionalityorpartialfuncti": "https://api.mwater.co/v3/images/098af43b1d6448ef95266ce00ea9ef2a", "Maincauseofnonfunctionalityorpartialfunctionality": "Electrical problem", "MaincauseofnonfunctionalityorpartialfunctionalityOtherspecify": "Electrical problem", "Numberofmonthssincenonfunctional": "6 months", "Doestheschemehaveanyemergingproblemsthatmightleadtononfunctional": "Yes", "Pleasedescribetheproblemsthatmightleadtononfunctionalityinthenea": "Due to old generator and no yield of water", "Wasthewaterschemeoutofserviceoneormoredaysinthelastmonth": "Yes", "Numberofdaysoutofserviceinthelastmonth": "0.0", "Dateoflastserviceorrepair": "28-Jun-17", "Howmanytimeshasthewaterschemebrokeninthelastyear": "6.0", "Describethefunctionalityproblemsoverthepastyear": "Has an electrical problem and the well dries up after short pumping time", "Howmanydaysperweekdoesthepumprunonaverage": "0.0", "Howmanyhoursperdaydoesthepumprunonaverage": "0.0", "Isthisaseasonalwaterschemethatcommonlyfailsinthedryseason": "No", "Isthepumpusedlessduringwetrainyseason": "Yes", "Duringwetrainyseasonshowmanydaysaweekdoesthepumprunonaverage": "7.0", "Duringwetrainyseasonshowmanyhoursperdaydoesthepumprunonaverage": "0.0", "SolarPanelpowerratingWatts": "2.2kw", "SolarPanelCondition": "It's good", "Yearwhengeneratorwasinstalledoryearofreinstallation": "41810", "Physicalstateofthegenerator": "Not good", "Generatorbrand": "Lister", "GeneratorbrandOtherspecify": "Lister", "Generatormodel": "Lister letter", "Generatorserialnumber": null, "GeneratormaxAmpsstartingamps": "16.0", "Generatorpicture": "https://api.mwater.co/v3/images/8879643f98574a878bf118d909f717b7", "PumpControllerManufacturer1": "Daylife", "PumpControllerManufacturerOtherspecify": "Daylife", "PumpControllerModelNumber": "M/3HP", "Pictureofpumpcontroller": "https://api.mwater.co/v3/images/a0f7fa3e4a7f499c93933451927f8eda", "PumpMotorModelNumber": "0", "Pumpheadmodelnumber": 0.0, "Typeandsizeofcasing": "Reams", "Wellpumpremarks": "It's not functional", "Isasensorinstalledatthesite": "Yes", "Typeofsensorinstalled": "Sweet sence", "TypeofsensorinstalledOtherspecify": "Sweet sence", "Managementbody": "Water users association", "Currentmanagementstatus": "Water users association", "Whatisthemethodofpayment1": "Cash", "WhatisthemethodofpaymentOtherspecify1": "Cash", "Whatisthemethodofpayment2": "Cash", "Typeoftariffsystemmostcommon": "Flat", "WhatisthetariffamountinKES": "150.0", "Isthereaspecialtariffforlivestockperanimal": "No", "WhatisthetariffpercamelKES": 0.0, "WhatisthetariffpercattleKES": 0.0, "WhatisthetariffperhorsedonkeyKES": 0.0, "WhatisthetariffpergoatsheepKES": "0.0", "Isthereatariffperinstitutionschoolshealthcentresetc": "Yes", "WhatisthemonthlyinstitutionaltariffKES": "2000.0", "Numberofinstitutionssuppliedbyschemethatpayamonthlyinstitutional": "2.0", "Whenthisboreholeisworkingfromwheredohouseholdsprimarilygettheirw": "Same borehole", "Whenthisboreholeisworkingfromwheredohouseholdsprimarilygetthei_A": "Same borehole", "WhenthisboreholeisworkinghowmanyHOURSperdaydohouseholdstypically": "3.0", "Whenthisboreholeisnotworkingfromwheredohouseholdsprimarilygetthe": "River Tana", "WhenthisboreholeisNOTworkingandhouseholdshavetouseanalternativew": "1hr", "Hastherebeensomewaterqualitytestingforthisschemeinthepast": "No", "Yearofmostrecentwaterqualitytestdone": "No", "Whatwastheresult": "No", "Aretherespecificcontaminantsofconcern": "No", "AretherespecificcontaminantsofconcernOtherspecify": "No", "MeasuredWaterQualityTemperature": "No", "MeasuredWaterQualitySpecificconductancemicroSiemenspercm": "No", "\u00a0MeasuredWaterQualityTotalDissolvedSolidsmilligramsliter": "No", "Pleaseaddanotherrelevantnotesontheborehole": "It's not functional because the generator has both electrical and mechanical problem", "V109": "#NULL!", "V110": null}, "geometry": {"type": "Point", "coordinates": [39.6485233052226, -0.487473825453558]}}, {"type": "Feature", "properties": {"Sno": 9, "SubCounty": "Fafi", "Ward": "Bura", "Village": "Garasweynow", "Latitude": -0.487473825453558, "Longitude": 39.6485233052226, "RuralUrban": "Rural", "DistancetonextstrategicBoreholekm": "20.00", "Totalnumberofhouseholdscurrentlyservedfromthescheme": "160.0", "WhatistheserviceareaforthisschemeHowmanykilometersfromheredothep": "2.0", "Isthisschemeusedforagricultureandirrigationbyfarmers": "No", "Howmanyfarmersusethisscheme\u00a0": "0.0", "Whatistheaveragesizedfarmthatusesthiswaterhectares\u00a0": "0.0", "Isthewaterschemeusedforlivestock": "Yes", "Estimatednumberofcamelsusingschemeperday": "0.0", "Estimatednumberofcattleusingschemeperday": "650.0", "Estimatednumberofhorsesdonkeysusingwaterpointperday": "20.0", "Estimatednumberofgoatssheepusingwaterpointperday": "3500.0", "Isthewaterschemeusedforwatertrucking": "No", "Numberoftrucksfillingperday": "0.0", "Howmanytimesperweekdoesthewatertruckingoccur": "0.0", "Addanyothercommentsonwatertruckingdetails": "There is no water trucking", "ConstructionyearofthewellboreholeinEFYortheyearofrehabilitation": "41469", "Boreholeorwelldepthmeters": "150.0", "Physicalstateofthewellborehole": "It's good", "TypeofPower": "Generator", "Productionofsystemyieldordischargemeterscubedhour": "12", "Isthereawatermeteratthewatersource": "No", "Isthewatermeterworking": "No", "Whatisthecurrentreadingofthewatermeter": "0.000000000", "Isthewaterschemecurrentlyfunctional": "Yes", "Pleasetakeapictureillustratingthenonfunctionalityorpartialfuncti": "https://api.mwater.co/v3/images/50253092a67d4e92b51494536c893836", "Maincauseofnonfunctionalityorpartialfunctionality": "It's fuctioning", "MaincauseofnonfunctionalityorpartialfunctionalityOtherspecify": "It's fucntioning", "Numberofmonthssincenonfunctional": "0", "Doestheschemehaveanyemergingproblemsthatmightleadtononfunctional": "No", "Pleasedescribetheproblemsthatmightleadtononfunctionalityinthenea": null, "Wasthewaterschemeoutofserviceoneormoredaysinthelastmonth": "No", "Numberofdaysoutofserviceinthelastmonth": "0.0", "Dateoflastserviceorrepair": "14-Jul-13", "Howmanytimeshasthewaterschemebrokeninthelastyear": "0.0", "Describethefunctionalityproblemsoverthepastyear": null, "Howmanydaysperweekdoesthepumprunonaverage": "3.0", "Howmanyhoursperdaydoesthepumprunonaverage": "3.0", "Isthisaseasonalwaterschemethatcommonlyfailsinthedryseason": "No", "Isthepumpusedlessduringwetrainyseason": "No", "Duringwetrainyseasonshowmanydaysaweekdoesthepumprunonaverage": "0.0", "Duringwetrainyseasonshowmanyhoursperdaydoesthepumprunonaverage": "0.0", "SolarPanelpowerratingWatts": "Generator", "SolarPanelCondition": "Generator,it's working", "Yearwhengeneratorwasinstalledoryearofreinstallation": "42550", "Physicalstateofthegenerator": "Its fucntional", "Generatorbrand": "Perkins", "GeneratorbrandOtherspecify": "Perkins", "Generatormodel": "800", "Generatorserialnumber": "900691", "GeneratormaxAmpsstartingamps": "40.0", "Generatorpicture": "https://api.mwater.co/v3/images/c231dd24e7914dc28a8aa4c68bb41808", "PumpControllerManufacturer1": "Lovato", "PumpControllerManufacturerOtherspecify": "Lovato", "PumpControllerModelNumber": "Non seen", "Pictureofpumpcontroller": "https://api.mwater.co/v3/images/c2fdf14bfef14ee3a4ac6dd5cd0cbb21", "PumpMotorModelNumber": "0", "Pumpheadmodelnumber": 0.0, "Typeandsizeofcasing": "Steel 80", "Wellpumpremarks": "It's  functional", "Isasensorinstalledatthesite": "No", "Typeofsensorinstalled": null, "TypeofsensorinstalledOtherspecify": null, "Managementbody": "Water users association", "Currentmanagementstatus": "Water users association", "Whatisthemethodofpayment1": "Cash", "WhatisthemethodofpaymentOtherspecify1": "Cash", "Whatisthemethodofpayment2": "Cash", "Typeoftariffsystemmostcommon": "Flat", "WhatisthetariffamountinKES": "5.0", "Isthereaspecialtariffforlivestockperanimal": "Yes", "WhatisthetariffpercamelKES": 0.0, "WhatisthetariffpercattleKES": 400.0, "WhatisthetariffperhorsedonkeyKES": 0.0, "WhatisthetariffpergoatsheepKES": "300.0", "Isthereatariffperinstitutionschoolshealthcentresetc": "Yes", "WhatisthemonthlyinstitutionaltariffKES": "300.0", "Numberofinstitutionssuppliedbyschemethatpayamonthlyinstitutional": "1.0", "Whenthisboreholeisworkingfromwheredohouseholdsprimarilygettheirw": "Same borehole", "Whenthisboreholeisworkingfromwheredohouseholdsprimarilygetthei_A": "Same borehole", "WhenthisboreholeisworkinghowmanyHOURSperdaydohouseholdstypically": "2.0", "Whenthisboreholeisnotworkingfromwheredohouseholdsprimarilygetthe": "Tana river", "WhenthisboreholeisNOTworkingandhouseholdshavetouseanalternativew": "2", "Hastherebeensomewaterqualitytestingforthisschemeinthepast": "0", "Yearofmostrecentwaterqualitytestdone": "0", "Whatwastheresult": "0", "Aretherespecificcontaminantsofconcern": "0", "AretherespecificcontaminantsofconcernOtherspecify": "0", "MeasuredWaterQualityTemperature": "0", "MeasuredWaterQualitySpecificconductancemicroSiemenspercm": "0", "\u00a0MeasuredWaterQualityTotalDissolvedSolidsmilligramsliter": "0", "Pleaseaddanotherrelevantnotesontheborehole": "Good", "V109": "#NULL!", "V110": null}, "geometry": {"type": "Point", "coordinates": [39.6485233052226, -0.487473825453558]}}, {"type": "Feature", "properties": {"Sno": 10, "SubCounty": "Fafi", "Ward": "Bura", "Village": "Aliemshi", "Latitude": -1.3539702, "Longitude": 40.0513042, "RuralUrban": "Rural", "DistancetonextstrategicBoreholekm": "20.00", "Totalnumberofhouseholdscurrentlyservedfromthescheme": "120.0", "WhatistheserviceareaforthisschemeHowmanykilometersfromheredothep": "0.0", "Isthisschemeusedforagricultureandirrigationbyfarmers": "No", "Howmanyfarmersusethisscheme\u00a0": "0.0", "Whatistheaveragesizedfarmthatusesthiswaterhectares\u00a0": "0.0", "Isthewaterschemeusedforlivestock": "No", "Estimatednumberofcamelsusingschemeperday": "0.0", "Estimatednumberofcattleusingschemeperday": "0.0", "Estimatednumberofhorsesdonkeysusingwaterpointperday": "0.0", "Estimatednumberofgoatssheepusingwaterpointperday": "0.0", "Isthewaterschemeusedforwatertrucking": "No", "Numberoftrucksfillingperday": "0.0", "Howmanytimesperweekdoesthewatertruckingoccur": "0.0", "Addanyothercommentsonwatertruckingdetails": "Nil", "ConstructionyearofthewellboreholeinEFYortheyearofrehabilitation": "43645", "Boreholeorwelldepthmeters": "150.0", "Physicalstateofthewellborehole": "It's working well", "TypeofPower": "Generator", "Productionofsystemyieldordischargemeterscubedhour": "12", "Isthereawatermeteratthewatersource": "Yes", "Isthewatermeterworking": "Yes", "Whatisthecurrentreadingofthewatermeter": "13658.000000000", "Isthewaterschemecurrentlyfunctional": "Yes", "Pleasetakeapictureillustratingthenonfunctionalityorpartialfuncti": "https://api.mwater.co/v3/images/52bf6358a42341f39f8c9557a7435bcf", "Maincauseofnonfunctionalityorpartialfunctionality": "Lack of bettery", "MaincauseofnonfunctionalityorpartialfunctionalityOtherspecify": "Lack of bettery", "Numberofmonthssincenonfunctional": "2", "Doestheschemehaveanyemergingproblemsthatmightleadtononfunctional": "Yes", "Pleasedescribetheproblemsthatmightleadtononfunctionalityinthenea": "Bettery not functional", "Wasthewaterschemeoutofserviceoneormoredaysinthelastmonth": "Yes", "Numberofdaysoutofserviceinthelastmonth": "1.0", "Dateoflastserviceorrepair": "29-Jun-19", "Howmanytimeshasthewaterschemebrokeninthelastyear": "2.0", "Describethefunctionalityproblemsoverthepastyear": "Piping problem", "Howmanydaysperweekdoesthepumprunonaverage": "1.0", "Howmanyhoursperdaydoesthepumprunonaverage": "1.0", "Isthisaseasonalwaterschemethatcommonlyfailsinthedryseason": "No", "Isthepumpusedlessduringwetrainyseason": "No", "Duringwetrainyseasonshowmanydaysaweekdoesthepumprunonaverage": "2.0", "Duringwetrainyseasonshowmanyhoursperdaydoesthepumprunonaverage": "2.0", "SolarPanelpowerratingWatts": "0", "SolarPanelCondition": "0", "Yearwhengeneratorwasinstalledoryearofreinstallation": "41819", "Physicalstateofthegenerator": "Good", "Generatorbrand": "Perkins", "GeneratorbrandOtherspecify": "Perkins", "Generatormodel": "Dj", "Generatorserialnumber": "997470", "GeneratormaxAmpsstartingamps": "48.0", "Generatorpicture": "https://api.mwater.co/v3/images/db48f0d88a7e442f99ee44ffaeb4c8f1", "PumpControllerManufacturer1": "Daylife", "PumpControllerManufacturerOtherspecify": "Daylife", "PumpControllerModelNumber": "Loveto", "Pictureofpumpcontroller": "https://api.mwater.co/v3/images/ce35e0966d054baaa941a5abb6ee9a1d", "PumpMotorModelNumber": "0", "Pumpheadmodelnumber": 0.0, "Typeandsizeofcasing": "8", "Wellpumpremarks": "It's good", "Isasensorinstalledatthesite": "No", "Typeofsensorinstalled": "0", "TypeofsensorinstalledOtherspecify": "0", "Managementbody": "Water users association", "Currentmanagementstatus": "Water users association", "Whatisthemethodofpayment1": "Cash", "WhatisthemethodofpaymentOtherspecify1": "Cash", "Whatisthemethodofpayment2": "Cash", "Typeoftariffsystemmostcommon": "Cash", "WhatisthetariffamountinKES": "300.0", "Isthereaspecialtariffforlivestockperanimal": "No", "WhatisthetariffpercamelKES": 0.0, "WhatisthetariffpercattleKES": 0.0, "WhatisthetariffperhorsedonkeyKES": 0.0, "WhatisthetariffpergoatsheepKES": "0.0", "Isthereatariffperinstitutionschoolshealthcentresetc": "No", "WhatisthemonthlyinstitutionaltariffKES": "0.0", "Numberofinstitutionssuppliedbyschemethatpayamonthlyinstitutional": "0.0", "Whenthisboreholeisworkingfromwheredohouseholdsprimarilygettheirw": "Tana river", "Whenthisboreholeisworkingfromwheredohouseholdsprimarilygetthei_A": "Tana river", "WhenthisboreholeisworkinghowmanyHOURSperdaydohouseholdstypically": "2.0", "Whenthisboreholeisnotworkingfromwheredohouseholdsprimarilygetthe": "Tana river", "WhenthisboreholeisNOTworkingandhouseholdshavetouseanalternativew": "2", "Hastherebeensomewaterqualitytestingforthisschemeinthepast": "0", "Yearofmostrecentwaterqualitytestdone": "0", "Whatwastheresult": "0", "Aretherespecificcontaminantsofconcern": "0", "AretherespecificcontaminantsofconcernOtherspecify": "0", "MeasuredWaterQualityTemperature": "0", "MeasuredWaterQualitySpecificconductancemicroSiemenspercm": "0", "\u00a0MeasuredWaterQualityTotalDissolvedSolidsmilligramsliter": "0", "Pleaseaddanotherrelevantnotesontheborehole": "Good", "V109": "#NULL!", "V110": null}, "geometry": {"type": "Point", "coordinates": [40.0513042, -1.3539702]}}, {"type": "Feature", "properties": {"Sno": 11, "SubCounty": "Fafi", "Ward": "Bura", "Village": "Jamble", "Latitude": -1.0089329, "Longitude": 39.9153889, "RuralUrban": "Rural", "DistancetonextstrategicBoreholekm": "10.00", "Totalnumberofhouseholdscurrentlyservedfromthescheme": "180.0", "WhatistheserviceareaforthisschemeHowmanykilometersfromheredothep": "1.0", "Isthisschemeusedforagricultureandirrigationbyfarmers": "No", "Howmanyfarmersusethisscheme\u00a0": "0.0", "Whatistheaveragesizedfarmthatusesthiswaterhectares\u00a0": "0.0", "Isthewaterschemeusedforlivestock": "Yes", "Estimatednumberofcamelsusingschemeperday": "0.0", "Estimatednumberofcattleusingschemeperday": "30.0", "Estimatednumberofhorsesdonkeysusingwaterpointperday": "10.0", "Estimatednumberofgoatssheepusingwaterpointperday": "50.0", "Isthewaterschemeusedforwatertrucking": "No", "Numberoftrucksfillingperday": "0.0", "Howmanytimesperweekdoesthewatertruckingoccur": "0.0", "Addanyothercommentsonwatertruckingdetails": "There is no water tracking", "ConstructionyearofthewellboreholeinEFYortheyearofrehabilitation": "43645", "Boreholeorwelldepthmeters": "150.0", "Physicalstateofthewellborehole": "Its good", "TypeofPower": "Solar", "Productionofsystemyieldordischargemeterscubedhour": "6", "Isthereawatermeteratthewatersource": "Yes", "Isthewatermeterworking": "Yes", "Whatisthecurrentreadingofthewatermeter": "4369.000000000", "Isthewaterschemecurrentlyfunctional": "Yes", "Pleasetakeapictureillustratingthenonfunctionalityorpartialfuncti": "https://api.mwater.co/v3/images/68670f6f9ca04c4ca88799956a434f98", "Maincauseofnonfunctionalityorpartialfunctionality": null, "MaincauseofnonfunctionalityorpartialfunctionalityOtherspecify": null, "Numberofmonthssincenonfunctional": "0", "Doestheschemehaveanyemergingproblemsthatmightleadtononfunctional": "No", "Pleasedescribetheproblemsthatmightleadtononfunctionalityinthenea": "Nothing", "Wasthewaterschemeoutofserviceoneormoredaysinthelastmonth": "No", "Numberofdaysoutofserviceinthelastmonth": "0.0", "Dateoflastserviceorrepair": "20-Jun-10", "Howmanytimeshasthewaterschemebrokeninthelastyear": "0.0", "Describethefunctionalityproblemsoverthepastyear": null, "Howmanydaysperweekdoesthepumprunonaverage": "7.0", "Howmanyhoursperdaydoesthepumprunonaverage": "8.0", "Isthisaseasonalwaterschemethatcommonlyfailsinthedryseason": "No", "Isthepumpusedlessduringwetrainyseason": "No", "Duringwetrainyseasonshowmanydaysaweekdoesthepumprunonaverage": "7.0", "Duringwetrainyseasonshowmanyhoursperdaydoesthepumprunonaverage": "4.0", "SolarPanelpowerratingWatts": "260", "SolarPanelCondition": "It's functional", "Yearwhengeneratorwasinstalledoryearofreinstallation": "42550", "Physicalstateofthegenerator": "Solar", "Generatorbrand": "Solar", "GeneratorbrandOtherspecify": "Solar", "Generatormodel": "Solar", "Generatorserialnumber": "0", "GeneratormaxAmpsstartingamps": "0.0", "Generatorpicture": "https://api.mwater.co/v3/images/a0eafbf64b964276a361639cc330cc63", "PumpControllerManufacturer1": "Lorentz", "PumpControllerManufacturerOtherspecify": "Lorentz", "PumpControllerModelNumber": "0", "Pictureofpumpcontroller": "https://api.mwater.co/v3/images/ea3b5e81fb0b470ca35d37c50291d409", "PumpMotorModelNumber": "0", "Pumpheadmodelnumber": 0.0, "Typeandsizeofcasing": "6inch", "Wellpumpremarks": "Functional", "Isasensorinstalledatthesite": "No", "Typeofsensorinstalled": null, "TypeofsensorinstalledOtherspecify": null, "Managementbody": "Water users association", "Currentmanagementstatus": "Water users association", "Whatisthemethodofpayment1": "Cash", "WhatisthemethodofpaymentOtherspecify1": "Cash", "Whatisthemethodofpayment2": "Cash", "Typeoftariffsystemmostcommon": "Flat", "WhatisthetariffamountinKES": "150.0", "Isthereaspecialtariffforlivestockperanimal": "Yes", "WhatisthetariffpercamelKES": 0.0, "WhatisthetariffpercattleKES": 500.0, "WhatisthetariffperhorsedonkeyKES": 0.0, "WhatisthetariffpergoatsheepKES": "300.0", "Isthereatariffperinstitutionschoolshealthcentresetc": "Yes", "WhatisthemonthlyinstitutionaltariffKES": "1000.0", "Numberofinstitutionssuppliedbyschemethatpayamonthlyinstitutional": "1.0", "Whenthisboreholeisworkingfromwheredohouseholdsprimarilygettheirw": "Same borehole", "Whenthisboreholeisworkingfromwheredohouseholdsprimarilygetthei_A": "Same borehole", "WhenthisboreholeisworkinghowmanyHOURSperdaydohouseholdstypically": "8.0", "Whenthisboreholeisnotworkingfromwheredohouseholdsprimarilygetthe": "River tana", "WhenthisboreholeisNOTworkingandhouseholdshavetouseanalternativew": "2hrs", "Hastherebeensomewaterqualitytestingforthisschemeinthepast": "Not done", "Yearofmostrecentwaterqualitytestdone": "0", "Whatwastheresult": "0", "Aretherespecificcontaminantsofconcern": "0", "AretherespecificcontaminantsofconcernOtherspecify": "0", "MeasuredWaterQualityTemperature": "0", "MeasuredWaterQualitySpecificconductancemicroSiemenspercm": "0", "\u00a0MeasuredWaterQualityTotalDissolvedSolidsmilligramsliter": "0", "Pleaseaddanotherrelevantnotesontheborehole": "It's functioning", "V109": "#NULL!", "V110": null}, "geometry": {"type": "Point", "coordinates": [39.9153889, -1.0089329]}}, {"type": "Feature", "properties": {"Sno": 12, "SubCounty": "Fafi", "Ward": "Nanigh", "Village": "Nathir", "Latitude": -0.7069021, "Longitude": 39.8281018, "RuralUrban": "Rural", "DistancetonextstrategicBoreholekm": "2.00", "Totalnumberofhouseholdscurrentlyservedfromthescheme": "80.0", "WhatistheserviceareaforthisschemeHowmanykilometersfromheredothep": "#NULL!", "Isthisschemeusedforagricultureandirrigationbyfarmers": "No", "Howmanyfarmersusethisscheme\u00a0": "0.0", "Whatistheaveragesizedfarmthatusesthiswaterhectares\u00a0": "0.0", "Isthewaterschemeusedforlivestock": "No", "Estimatednumberofcamelsusingschemeperday": "0.0", "Estimatednumberofcattleusingschemeperday": "0.0", "Estimatednumberofhorsesdonkeysusingwaterpointperday": "0.0", "Estimatednumberofgoatssheepusingwaterpointperday": "0.0", "Isthewaterschemeusedforwatertrucking": "No", "Numberoftrucksfillingperday": "0.0", "Howmanytimesperweekdoesthewatertruckingoccur": "0.0", "Addanyothercommentsonwatertruckingdetails": "Nil", "ConstructionyearofthewellboreholeinEFYortheyearofrehabilitation": "39993", "Boreholeorwelldepthmeters": "50.0", "Physicalstateofthewellborehole": "Good", "TypeofPower": "Generator and solar", "Productionofsystemyieldordischargemeterscubedhour": "12", "Isthereawatermeteratthewatersource": "Yes", "Isthewatermeterworking": "Yes", "Whatisthecurrentreadingofthewatermeter": "31764.000000000", "Isthewaterschemecurrentlyfunctional": "Yes", "Pleasetakeapictureillustratingthenonfunctionalityorpartialfuncti": "https://api.mwater.co/v3/images/781d52b42b8e4a4f957c5582d0e67133", "Maincauseofnonfunctionalityorpartialfunctionality": "Very good", "MaincauseofnonfunctionalityorpartialfunctionalityOtherspecify": "Nil", "Numberofmonthssincenonfunctional": "0", "Doestheschemehaveanyemergingproblemsthatmightleadtononfunctional": "No", "Pleasedescribetheproblemsthatmightleadtononfunctionalityinthenea": "No problem", "Wasthewaterschemeoutofserviceoneormoredaysinthelastmonth": "No", "Numberofdaysoutofserviceinthelastmonth": "0.0", "Dateoflastserviceorrepair": "29-Apr-19", "Howmanytimeshasthewaterschemebrokeninthelastyear": "1.0", "Describethefunctionalityproblemsoverthepastyear": "Mechanical problem", "Howmanydaysperweekdoesthepumprunonaverage": "6.0", "Howmanyhoursperdaydoesthepumprunonaverage": "4.0", "Isthisaseasonalwaterschemethatcommonlyfailsinthedryseason": "No", "Isthepumpusedlessduringwetrainyseason": "Yes", "Duringwetrainyseasonshowmanydaysaweekdoesthepumprunonaverage": "2.0", "Duringwetrainyseasonshowmanyhoursperdaydoesthepumprunonaverage": "2.0", "SolarPanelpowerratingWatts": null, "SolarPanelCondition": "Good", "Yearwhengeneratorwasinstalledoryearofreinstallation": "39993", "Physicalstateofthegenerator": "Very good", "Generatorbrand": "Lister genset", "GeneratorbrandOtherspecify": "Lister genst", "Generatormodel": "Lister genst", "Generatorserialnumber": "35981", "GeneratormaxAmpsstartingamps": "#NULL!", "Generatorpicture": "https://api.mwater.co/v3/images/b954f46aa9814a6481cbb62f2137ebf0", "PumpControllerManufacturer1": "Lorent", "PumpControllerManufacturerOtherspecify": "Lorent", "PumpControllerModelNumber": "Lorent", "Pictureofpumpcontroller": "https://api.mwater.co/v3/images/d3992c1f2b7940fbae98702c566a60a0", "PumpMotorModelNumber": "0", "Pumpheadmodelnumber": 0.0, "Typeandsizeofcasing": "8", "Wellpumpremarks": "Good", "Isasensorinstalledatthesite": "No", "Typeofsensorinstalled": "0", "TypeofsensorinstalledOtherspecify": "0", "Managementbody": "Water users association", "Currentmanagementstatus": "Water users association", "Whatisthemethodofpayment1": "Cash", "WhatisthemethodofpaymentOtherspecify1": "Cash", "Whatisthemethodofpayment2": "Cash", "Typeoftariffsystemmostcommon": "Flat", "WhatisthetariffamountinKES": "100.0", "Isthereaspecialtariffforlivestockperanimal": "Yes", "WhatisthetariffpercamelKES": 100.0, "WhatisthetariffpercattleKES": 50.0, "WhatisthetariffperhorsedonkeyKES": 0.0, "WhatisthetariffpergoatsheepKES": "10.0", "Isthereatariffperinstitutionschoolshealthcentresetc": "No", "WhatisthemonthlyinstitutionaltariffKES": "0.0", "Numberofinstitutionssuppliedbyschemethatpayamonthlyinstitutional": "0.0", "Whenthisboreholeisworkingfromwheredohouseholdsprimarilygettheirw": "Same borehole", "Whenthisboreholeisworkingfromwheredohouseholdsprimarilygetthei_A": "Same borehole", "WhenthisboreholeisworkinghowmanyHOURSperdaydohouseholdstypically": "1.0", "Whenthisboreholeisnotworkingfromwheredohouseholdsprimarilygetthe": "Same borehole", "WhenthisboreholeisNOTworkingandhouseholdshavetouseanalternativew": "1", "Hastherebeensomewaterqualitytestingforthisschemeinthepast": "0", "Yearofmostrecentwaterqualitytestdone": "0", "Whatwastheresult": "0", "Aretherespecificcontaminantsofconcern": "0", "AretherespecificcontaminantsofconcernOtherspecify": "0", "MeasuredWaterQualityTemperature": "0", "MeasuredWaterQualitySpecificconductancemicroSiemenspercm": "0", "\u00a0MeasuredWaterQualityTotalDissolvedSolidsmilligramsliter": "0", "Pleaseaddanotherrelevantnotesontheborehole": "Good", "V109": "#NULL!", "V110": null}, "geometry": {"type": "Point", "coordinates": [39.8281018, -0.7069021]}}, {"type": "Feature", "properties": {"Sno": 13, "SubCounty": "Fafi", "Ward": "Nanigi", "Village": "Nanigi", "Latitude": -0.855417, "Longitude": 39.8646923, "RuralUrban": "Rural", "DistancetonextstrategicBoreholekm": "12.00", "Totalnumberofhouseholdscurrentlyservedfromthescheme": "600.0", "WhatistheserviceareaforthisschemeHowmanykilometersfromheredothep": "1.2", "Isthisschemeusedforagricultureandirrigationbyfarmers": "No", "Howmanyfarmersusethisscheme\u00a0": "0.0", "Whatistheaveragesizedfarmthatusesthiswaterhectares\u00a0": "0.0", "Isthewaterschemeusedforlivestock": "Yes", "Estimatednumberofcamelsusingschemeperday": "0.0", "Estimatednumberofcattleusingschemeperday": "0.0", "Estimatednumberofhorsesdonkeysusingwaterpointperday": "0.0", "Estimatednumberofgoatssheepusingwaterpointperday": "0.0", "Isthewaterschemeusedforwatertrucking": "No", "Numberoftrucksfillingperday": "0.0", "Howmanytimesperweekdoesthewatertruckingoccur": "0.0", "Addanyothercommentsonwatertruckingdetails": "There is no water tracking", "ConstructionyearofthewellboreholeinEFYortheyearofrehabilitation": "43280", "Boreholeorwelldepthmeters": "150.0", "Physicalstateofthewellborehole": "Good", "TypeofPower": "Generator and solar", "Productionofsystemyieldordischargemeterscubedhour": "10", "Isthereawatermeteratthewatersource": "No", "Isthewatermeterworking": "No", "Whatisthecurrentreadingofthewatermeter": "0.000000000", "Isthewaterschemecurrentlyfunctional": "Yes", "Pleasetakeapictureillustratingthenonfunctionalityorpartialfuncti": null, "Maincauseofnonfunctionalityorpartialfunctionality": "0", "MaincauseofnonfunctionalityorpartialfunctionalityOtherspecify": "0", "Numberofmonthssincenonfunctional": "0", "Doestheschemehaveanyemergingproblemsthatmightleadtononfunctional": "No", "Pleasedescribetheproblemsthatmightleadtononfunctionalityinthenea": "0", "Wasthewaterschemeoutofserviceoneormoredaysinthelastmonth": "No", "Numberofdaysoutofserviceinthelastmonth": "0.0", "Dateoflastserviceorrepair": "29-Jun-19", "Howmanytimeshasthewaterschemebrokeninthelastyear": "0.0", "Describethefunctionalityproblemsoverthepastyear": "0", "Howmanydaysperweekdoesthepumprunonaverage": "7.0", "Howmanyhoursperdaydoesthepumprunonaverage": "7.0", "Isthisaseasonalwaterschemethatcommonlyfailsinthedryseason": "No", "Isthepumpusedlessduringwetrainyseason": "Yes", "Duringwetrainyseasonshowmanydaysaweekdoesthepumprunonaverage": "4.0", "Duringwetrainyseasonshowmanyhoursperdaydoesthepumprunonaverage": "3.0", "SolarPanelpowerratingWatts": "260", "SolarPanelCondition": "Good", "Yearwhengeneratorwasinstalledoryearofreinstallation": "39993", "Physicalstateofthegenerator": "Lister petter", "Generatorbrand": "Lister petter", "GeneratorbrandOtherspecify": "Lister petter", "Generatormodel": "Lister petter", "Generatorserialnumber": "0", "GeneratormaxAmpsstartingamps": "18.0", "Generatorpicture": "https://api.mwater.co/v3/images/0f2d7090b7574be1954a024368374f06", "PumpControllerManufacturer1": "Daylife", "PumpControllerManufacturerOtherspecify": "Daylife", "PumpControllerModelNumber": "Daylife", "Pictureofpumpcontroller": "https://api.mwater.co/v3/images/bcf00404552c4cbeac070a2c27f7b54a", "PumpMotorModelNumber": "0", "Pumpheadmodelnumber": 0.0, "Typeandsizeofcasing": "Steel 6inch", "Wellpumpremarks": "Good", "Isasensorinstalledatthesite": "Yes", "Typeofsensorinstalled": "Sweetness", "TypeofsensorinstalledOtherspecify": "Sweetness", "Managementbody": "Water users association", "Currentmanagementstatus": "Water users association", "Whatisthemethodofpayment1": "Cash", "WhatisthemethodofpaymentOtherspecify1": "Cash", "Whatisthemethodofpayment2": "Cash", "Typeoftariffsystemmostcommon": "Flat", "WhatisthetariffamountinKES": "200.0", "Isthereaspecialtariffforlivestockperanimal": "No", "WhatisthetariffpercamelKES": 0.0, "WhatisthetariffpercattleKES": 0.0, "WhatisthetariffperhorsedonkeyKES": 0.0, "WhatisthetariffpergoatsheepKES": "0.0", "Isthereatariffperinstitutionschoolshealthcentresetc": "Yes", "WhatisthemonthlyinstitutionaltariffKES": "3000.0", "Numberofinstitutionssuppliedbyschemethatpayamonthlyinstitutional": "3.0", "Whenthisboreholeisworkingfromwheredohouseholdsprimarilygettheirw": "Same borehole", "Whenthisboreholeisworkingfromwheredohouseholdsprimarilygetthei_A": "Same borehole", "WhenthisboreholeisworkinghowmanyHOURSperdaydohouseholdstypically": "2.0", "Whenthisboreholeisnotworkingfromwheredohouseholdsprimarilygetthe": "Same borehole", "WhenthisboreholeisNOTworkingandhouseholdshavetouseanalternativew": "2hours", "Hastherebeensomewaterqualitytestingforthisschemeinthepast": "0", "Yearofmostrecentwaterqualitytestdone": "0", "Whatwastheresult": "0", "Aretherespecificcontaminantsofconcern": "0", "AretherespecificcontaminantsofconcernOtherspecify": "0", "MeasuredWaterQualityTemperature": "0", "MeasuredWaterQualitySpecificconductancemicroSiemenspercm": "0", "\u00a0MeasuredWaterQualityTotalDissolvedSolidsmilligramsliter": "0", "Pleaseaddanotherrelevantnotesontheborehole": "Good", "V109": "#NULL!", "V110": null}, "geometry": {"type": "Point", "coordinates": [39.8646923, -0.855417]}}, {"type": "Feature", "properties": {"Sno": 14, "SubCounty": "Fafi", "Ward": "Nanigh", "Village": "Guyo", "Latitude": -0.9418923, "Longitude": 39.8937511, "RuralUrban": "Rural", "DistancetonextstrategicBoreholekm": "10.00", "Totalnumberofhouseholdscurrentlyservedfromthescheme": "250.0", "WhatistheserviceareaforthisschemeHowmanykilometersfromheredothep": "#NULL!", "Isthisschemeusedforagricultureandirrigationbyfarmers": "No", "Howmanyfarmersusethisscheme\u00a0": "0.0", "Whatistheaveragesizedfarmthatusesthiswaterhectares\u00a0": "0.0", "Isthewaterschemeusedforlivestock": "No", "Estimatednumberofcamelsusingschemeperday": "0.0", "Estimatednumberofcattleusingschemeperday": "0.0", "Estimatednumberofhorsesdonkeysusingwaterpointperday": "0.0", "Estimatednumberofgoatssheepusingwaterpointperday": "20.0", "Isthewaterschemeusedforwatertrucking": "No", "Numberoftrucksfillingperday": "0.0", "Howmanytimesperweekdoesthewatertruckingoccur": "0.0", "Addanyothercommentsonwatertruckingdetails": "Nil", "ConstructionyearofthewellboreholeinEFYortheyearofrehabilitation": "40358", "Boreholeorwelldepthmeters": "250.0", "Physicalstateofthewellborehole": "Good", "TypeofPower": "Solar", "Productionofsystemyieldordischargemeterscubedhour": "4", "Isthereawatermeteratthewatersource": "No", "Isthewatermeterworking": "No", "Whatisthecurrentreadingofthewatermeter": "0.000000000", "Isthewaterschemecurrentlyfunctional": "No", "Pleasetakeapictureillustratingthenonfunctionalityorpartialfuncti": null, "Maincauseofnonfunctionalityorpartialfunctionality": "0", "MaincauseofnonfunctionalityorpartialfunctionalityOtherspecify": "0", "Numberofmonthssincenonfunctional": "0", "Doestheschemehaveanyemergingproblemsthatmightleadtononfunctional": "No", "Pleasedescribetheproblemsthatmightleadtononfunctionalityinthenea": null, "Wasthewaterschemeoutofserviceoneormoredaysinthelastmonth": "No", "Numberofdaysoutofserviceinthelastmonth": "0.0", "Dateoflastserviceorrepair": "29-Jun-19", "Howmanytimeshasthewaterschemebrokeninthelastyear": "0.0", "Describethefunctionalityproblemsoverthepastyear": "Nil", "Howmanydaysperweekdoesthepumprunonaverage": "6.0", "Howmanyhoursperdaydoesthepumprunonaverage": "6.0", "Isthisaseasonalwaterschemethatcommonlyfailsinthedryseason": "No", "Isthepumpusedlessduringwetrainyseason": "No", "Duringwetrainyseasonshowmanydaysaweekdoesthepumprunonaverage": "2.0", "Duringwetrainyseasonshowmanyhoursperdaydoesthepumprunonaverage": "2.0", "SolarPanelpowerratingWatts": "195", "SolarPanelCondition": "Good", "Yearwhengeneratorwasinstalledoryearofreinstallation": "43645", "Physicalstateofthegenerator": "0", "Generatorbrand": "0", "GeneratorbrandOtherspecify": "0", "Generatormodel": "0", "Generatorserialnumber": "0", "GeneratormaxAmpsstartingamps": "0.0", "Generatorpicture": null, "PumpControllerManufacturer1": "Lorens", "PumpControllerManufacturerOtherspecify": "Lorens", "PumpControllerModelNumber": "Not seen", "Pictureofpumpcontroller": "https://api.mwater.co/v3/images/70f2412376a1453a937bbd5491ad1427", "PumpMotorModelNumber": "0", "Pumpheadmodelnumber": 0.0, "Typeandsizeofcasing": "10", "Wellpumpremarks": "Good", "Isasensorinstalledatthesite": "No", "Typeofsensorinstalled": "0", "TypeofsensorinstalledOtherspecify": "0", "Managementbody": "Water users association", "Currentmanagementstatus": "Water users association", "Whatisthemethodofpayment1": "Cash", "WhatisthemethodofpaymentOtherspecify1": "Cash", "Whatisthemethodofpayment2": "Flat", "Typeoftariffsystemmostcommon": "Cash", "WhatisthetariffamountinKES": "100.0", "Isthereaspecialtariffforlivestockperanimal": "No", "WhatisthetariffpercamelKES": 0.0, "WhatisthetariffpercattleKES": 10.0, "WhatisthetariffperhorsedonkeyKES": 0.0, "WhatisthetariffpergoatsheepKES": "30.0", "Isthereatariffperinstitutionschoolshealthcentresetc": "Yes", "WhatisthemonthlyinstitutionaltariffKES": "1000.0", "Numberofinstitutionssuppliedbyschemethatpayamonthlyinstitutional": "1.0", "Whenthisboreholeisworkingfromwheredohouseholdsprimarilygettheirw": "Tana river", "Whenthisboreholeisworkingfromwheredohouseholdsprimarilygetthei_A": "Tana river", "WhenthisboreholeisworkinghowmanyHOURSperdaydohouseholdstypically": "1.0", "Whenthisboreholeisnotworkingfromwheredohouseholdsprimarilygetthe": "Same borehole", "WhenthisboreholeisNOTworkingandhouseholdshavetouseanalternativew": "1", "Hastherebeensomewaterqualitytestingforthisschemeinthepast": "No", "Yearofmostrecentwaterqualitytestdone": "0", "Whatwastheresult": "0", "Aretherespecificcontaminantsofconcern": "0", "AretherespecificcontaminantsofconcernOtherspecify": "0", "MeasuredWaterQualityTemperature": "0", "MeasuredWaterQualitySpecificconductancemicroSiemenspercm": "0", "\u00a0MeasuredWaterQualityTotalDissolvedSolidsmilligramsliter": "0", "Pleaseaddanotherrelevantnotesontheborehole": "Good", "V109": "#NULL!", "V110": null}, "geometry": {"type": "Point", "coordinates": [39.8937511, -0.9418923]}}, {"type": "Feature", "properties": {"Sno": 15, "SubCounty": "Dadaab", "Ward": "Damajaley", "Village": "Mathahgisi borehole", "Latitude": 0.1615408, "Longitude": 40.4307126, "RuralUrban": "Rural", "DistancetonextstrategicBoreholekm": "12.00", "Totalnumberofhouseholdscurrentlyservedfromthescheme": "300.0", "WhatistheserviceareaforthisschemeHowmanykilometersfromheredothep": "2.0", "Isthisschemeusedforagricultureandirrigationbyfarmers": "No", "Howmanyfarmersusethisscheme\u00a0": "#NULL!", "Whatistheaveragesizedfarmthatusesthiswaterhectares\u00a0": "#NULL!", "Isthewaterschemeusedforlivestock": "Yes", "Estimatednumberofcamelsusingschemeperday": "2500.0", "Estimatednumberofcattleusingschemeperday": "1500.0", "Estimatednumberofhorsesdonkeysusingwaterpointperday": "1000.0", "Estimatednumberofgoatssheepusingwaterpointperday": "600.0", "Isthewaterschemeusedforwatertrucking": "No", "Numberoftrucksfillingperday": "#NULL!", "Howmanytimesperweekdoesthewatertruckingoccur": "#NULL!", "Addanyothercommentsonwatertruckingdetails": "No stand pipe", "ConstructionyearofthewellboreholeinEFYortheyearofrehabilitation": "41090", "Boreholeorwelldepthmeters": "180.0", "Physicalstateofthewellborehole": "Good", "TypeofPower": "Generator", "Productionofsystemyieldordischargemeterscubedhour": "22", "Isthereawatermeteratthewatersource": "No", "Isthewatermeterworking": "No", "Whatisthecurrentreadingofthewatermeter": "#NULL!", "Isthewaterschemecurrentlyfunctional": "Yes", "Pleasetakeapictureillustratingthenonfunctionalityorpartialfuncti": "https://api.mwater.co/v3/images/37901f1097b246a79dafdfe234c8e77a", "Maincauseofnonfunctionalityorpartialfunctionality": "Lack of proper service", "MaincauseofnonfunctionalityorpartialfunctionalityOtherspecify": null, "Numberofmonthssincenonfunctional": "10", "Doestheschemehaveanyemergingproblemsthatmightleadtononfunctional": "Yes", "Pleasedescribetheproblemsthatmightleadtononfunctionalityinthenea": "Old generator", "Wasthewaterschemeoutofserviceoneormoredaysinthelastmonth": "Yes", "Numberofdaysoutofserviceinthelastmonth": "3.0", "Dateoflastserviceorrepair": "30-Jun-16", "Howmanytimeshasthewaterschemebrokeninthelastyear": "1.0", "Describethefunctionalityproblemsoverthepastyear": null, "Howmanydaysperweekdoesthepumprunonaverage": "5.0", "Howmanyhoursperdaydoesthepumprunonaverage": "8.0", "Isthisaseasonalwaterschemethatcommonlyfailsinthedryseason": "No", "Isthepumpusedlessduringwetrainyseason": "Yes", "Duringwetrainyseasonshowmanydaysaweekdoesthepumprunonaverage": "3.0", "Duringwetrainyseasonshowmanyhoursperdaydoesthepumprunonaverage": "3.0", "SolarPanelpowerratingWatts": null, "SolarPanelCondition": null, "Yearwhengeneratorwasinstalledoryearofreinstallation": "41065", "Physicalstateofthegenerator": "Good", "Generatorbrand": "Parkins", "GeneratorbrandOtherspecify": null, "Generatormodel": "Parkins 1103A33", "Generatorserialnumber": "1531901", "GeneratormaxAmpsstartingamps": "42.0", "Generatorpicture": "https://api.mwater.co/v3/images/a1282bcb1ad349b9929bd96ef7e763bb", "PumpControllerManufacturer1": "Daylif", "PumpControllerManufacturerOtherspecify": null, "PumpControllerModelNumber": "CM-SW1-SSD", "Pictureofpumpcontroller": "https://api.mwater.co/v3/images/5304e0edfaf14d8482ec42dab7988478", "PumpMotorModelNumber": null, "Pumpheadmodelnumber": 24.0, "Typeandsizeofcasing": "6", "Wellpumpremarks": "The well requires alternative genset and storage tank", "Isasensorinstalledatthesite": "No", "Typeofsensorinstalled": null, "TypeofsensorinstalledOtherspecify": null, "Managementbody": "Water users Association (WUA)", "Currentmanagementstatus": "Very poor", "Whatisthemethodofpayment1": "Cash", "WhatisthemethodofpaymentOtherspecify1": "Cash", "Whatisthemethodofpayment2": "Cash", "Typeoftariffsystemmostcommon": "Cash", "WhatisthetariffamountinKES": "5.0", "Isthereaspecialtariffforlivestockperanimal": "Yes", "WhatisthetariffpercamelKES": 10.0, "WhatisthetariffpercattleKES": 5.0, "WhatisthetariffperhorsedonkeyKES": 0.0, "WhatisthetariffpergoatsheepKES": "2.0", "Isthereatariffperinstitutionschoolshealthcentresetc": "No", "WhatisthemonthlyinstitutionaltariffKES": "#NULL!", "Numberofinstitutionssuppliedbyschemethatpayamonthlyinstitutional": "#NULL!", "Whenthisboreholeisworkingfromwheredohouseholdsprimarilygettheirw": "Communial water point", "Whenthisboreholeisworkingfromwheredohouseholdsprimarilygetthei_A": "Distance tracking point(Donkey carts", "WhenthisboreholeisworkinghowmanyHOURSperdaydohouseholdstypically": "3.0", "Whenthisboreholeisnotworkingfromwheredohouseholdsprimarilygetthe": "Next strategic water source", "WhenthisboreholeisNOTworkingandhouseholdshavetouseanalternativew": "24hrs", "Hastherebeensomewaterqualitytestingforthisschemeinthepast": "No", "Yearofmostrecentwaterqualitytestdone": null, "Whatwastheresult": null, "Aretherespecificcontaminantsofconcern": null, "AretherespecificcontaminantsofconcernOtherspecify": null, "MeasuredWaterQualityTemperature": null, "MeasuredWaterQualitySpecificconductancemicroSiemenspercm": null, "\u00a0MeasuredWaterQualityTotalDissolvedSolidsmilligramsliter": null, "Pleaseaddanotherrelevantnotesontheborehole": "The borehole require storage facilliy ,water kiosks", "V109": "#NULL!", "V110": null}, "geometry": {"type": "Point", "coordinates": [40.4307126, 0.1615408]}}, {"type": "Feature", "properties": {"Sno": 16, "SubCounty": "Dadaab", "Ward": "Abakayle", "Village": "libahlow", "Latitude": 0.3079969, "Longitude": 40.0676942, "RuralUrban": "rural", "DistancetonextstrategicBoreholekm": "2.00", "Totalnumberofhouseholdscurrentlyservedfromthescheme": "300.0", "WhatistheserviceareaforthisschemeHowmanykilometersfromheredothep": "2.0", "Isthisschemeusedforagricultureandirrigationbyfarmers": "No", "Howmanyfarmersusethisscheme\u00a0": "#NULL!", "Whatistheaveragesizedfarmthatusesthiswaterhectares\u00a0": "#NULL!", "Isthewaterschemeusedforlivestock": "Yes", "Estimatednumberofcamelsusingschemeperday": "300.0", "Estimatednumberofcattleusingschemeperday": "500.0", "Estimatednumberofhorsesdonkeysusingwaterpointperday": "100.0", "Estimatednumberofgoatssheepusingwaterpointperday": "3000.0", "Isthewaterschemeusedforwatertrucking": "No", "Numberoftrucksfillingperday": "#NULL!", "Howmanytimesperweekdoesthewatertruckingoccur": "#NULL!", "Addanyothercommentsonwatertruckingdetails": "no stand pipe", "ConstructionyearofthewellboreholeinEFYortheyearofrehabilitation": "41818", "Boreholeorwelldepthmeters": "168.0", "Physicalstateofthewellborehole": "good", "TypeofPower": "generator", "Productionofsystemyieldordischargemeterscubedhour": "22", "Isthereawatermeteratthewatersource": "No", "Isthewatermeterworking": "No", "Whatisthecurrentreadingofthewatermeter": "#NULL!", "Isthewaterschemecurrentlyfunctional": "Yes", "Pleasetakeapictureillustratingthenonfunctionalityorpartialfuncti": "https://api.mwater.co/v3/images/af3a5f4798a64ff1bdef6ad38f43e1c5", "Maincauseofnonfunctionalityorpartialfunctionality": "break down", "MaincauseofnonfunctionalityorpartialfunctionalityOtherspecify": "Lack of proper service", "Numberofmonthssincenonfunctional": "12", "Doestheschemehaveanyemergingproblemsthatmightleadtononfunctional": "Yes", "Pleasedescribetheproblemsthatmightleadtononfunctionalityinthenea": "Leaking storage tank and piping network", "Wasthewaterschemeoutofserviceoneormoredaysinthelastmonth": "No", "Numberofdaysoutofserviceinthelastmonth": "#NULL!", "Dateoflastserviceorrepair": "28-Jun-19", "Howmanytimeshasthewaterschemebrokeninthelastyear": "#NULL!", "Describethefunctionalityproblemsoverthepastyear": "Lack of proper service", "Howmanydaysperweekdoesthepumprunonaverage": "5.0", "Howmanyhoursperdaydoesthepumprunonaverage": "8.0", "Isthisaseasonalwaterschemethatcommonlyfailsinthedryseason": "No", "Isthepumpusedlessduringwetrainyseason": "Yes", "Duringwetrainyseasonshowmanydaysaweekdoesthepumprunonaverage": "3.0", "Duringwetrainyseasonshowmanyhoursperdaydoesthepumprunonaverage": "3.0", "SolarPanelpowerratingWatts": "No", "SolarPanelCondition": "0", "Yearwhengeneratorwasinstalledoryearofreinstallation": "41818", "Physicalstateofthegenerator": "good", "Generatorbrand": "perkins", "GeneratorbrandOtherspecify": "dayliff", "Generatormodel": "dayliff I SU25S", "Generatorserialnumber": "14032503", "GeneratormaxAmpsstartingamps": "45.0", "Generatorpicture": "https://api.mwater.co/v3/images/6745bc44efd448979eb0cdbd58eff8e7", "PumpControllerManufacturer1": "dayliff", "PumpControllerManufacturerOtherspecify": null, "PumpControllerModelNumber": "daylif", "Pictureofpumpcontroller": "https://api.mwater.co/v3/images/b502f8a51e1c4a458eb7a5a541cbfa9f", "PumpMotorModelNumber": null, "Pumpheadmodelnumber": null, "Typeandsizeofcasing": "6", "Wellpumpremarks": null, "Isasensorinstalledatthesite": "No", "Typeofsensorinstalled": null, "TypeofsensorinstalledOtherspecify": null, "Managementbody": "Water users Association", "Currentmanagementstatus": "poor", "Whatisthemethodofpayment1": "Cash", "WhatisthemethodofpaymentOtherspecify1": "Cash", "Whatisthemethodofpayment2": "cash", "Typeoftariffsystemmostcommon": "cash", "WhatisthetariffamountinKES": "5.0", "Isthereaspecialtariffforlivestockperanimal": "Yes", "WhatisthetariffpercamelKES": 10.0, "WhatisthetariffpercattleKES": 5.0, "WhatisthetariffperhorsedonkeyKES": 0.0, "WhatisthetariffpergoatsheepKES": "2.0", "Isthereatariffperinstitutionschoolshealthcentresetc": "No", "WhatisthemonthlyinstitutionaltariffKES": "#NULL!", "Numberofinstitutionssuppliedbyschemethatpayamonthlyinstitutional": "#NULL!", "Whenthisboreholeisworkingfromwheredohouseholdsprimarilygettheirw": "Communial water point", "Whenthisboreholeisworkingfromwheredohouseholdsprimarilygetthei_A": "Distance trekking Donkey carts", "WhenthisboreholeisworkinghowmanyHOURSperdaydohouseholdstypically": "3.0", "Whenthisboreholeisnotworkingfromwheredohouseholdsprimarilygetthe": "Next strategic water source", "WhenthisboreholeisNOTworkingandhouseholdshavetouseanalternativew": "24", "Hastherebeensomewaterqualitytestingforthisschemeinthepast": "No", "Yearofmostrecentwaterqualitytestdone": null, "Whatwastheresult": null, "Aretherespecificcontaminantsofconcern": null, "AretherespecificcontaminantsofconcernOtherspecify": null, "MeasuredWaterQualityTemperature": null, "MeasuredWaterQualitySpecificconductancemicroSiemenspercm": null, "\u00a0MeasuredWaterQualityTotalDissolvedSolidsmilligramsliter": null, "Pleaseaddanotherrelevantnotesontheborehole": "This borehole require Storage tank, rehabilitation of piping networks , Communism water kiosks and a standby genset", "V109": "#NULL!", "V110": null}, "geometry": {"type": "Point", "coordinates": [40.0676942, 0.3079969]}}, {"type": "Feature", "properties": {"Sno": 17, "SubCounty": "Township", "Ward": "Iftin boreho", "Village": "Iftin", "Latitude": -0.4734672, "Longitude": 39.6506942, "RuralUrban": "Urban", "DistancetonextstrategicBoreholekm": "1.00", "Totalnumberofhouseholdscurrentlyservedfromthescheme": "2000.0", "WhatistheserviceareaforthisschemeHowmanykilometersfromheredothep": "60.0", "Isthisschemeusedforagricultureandirrigationbyfarmers": "No", "Howmanyfarmersusethisscheme\u00a0": "0.0", "Whatistheaveragesizedfarmthatusesthiswaterhectares\u00a0": "0.0", "Isthewaterschemeusedforlivestock": "No", "Estimatednumberofcamelsusingschemeperday": "0.0", "Estimatednumberofcattleusingschemeperday": "0.0", "Estimatednumberofhorsesdonkeysusingwaterpointperday": "0.0", "Estimatednumberofgoatssheepusingwaterpointperday": "0.0", "Isthewaterschemeusedforwatertrucking": "No", "Numberoftrucksfillingperday": "0.0", "Howmanytimesperweekdoesthewatertruckingoccur": "0.0", "Addanyothercommentsonwatertruckingdetails": "Good", "ConstructionyearofthewellboreholeinEFYortheyearofrehabilitation": "43500", "Boreholeorwelldepthmeters": "150.0", "Physicalstateofthewellborehole": "Good", "TypeofPower": "Generator", "Productionofsystemyieldordischargemeterscubedhour": "10", "Isthereawatermeteratthewatersource": null, "Isthewatermeterworking": "Yes", "Whatisthecurrentreadingofthewatermeter": "48074.000000000", "Isthewaterschemecurrentlyfunctional": "Yes", "Pleasetakeapictureillustratingthenonfunctionalityorpartialfuncti": "https://api.mwater.co/v3/images/2081a7239edb4ca89fb9ab6014cd1d9c", "Maincauseofnonfunctionalityorpartialfunctionality": "No problem but are not using", "MaincauseofnonfunctionalityorpartialfunctionalityOtherspecify": "Nil", "Numberofmonthssincenonfunctional": "0", "Doestheschemehaveanyemergingproblemsthatmightleadtononfunctional": "No", "Pleasedescribetheproblemsthatmightleadtononfunctionalityinthenea": "Not", "Wasthewaterschemeoutofserviceoneormoredaysinthelastmonth": "No", "Numberofdaysoutofserviceinthelastmonth": "0.0", "Dateoflastserviceorrepair": "1-Apr-19", "Howmanytimeshasthewaterschemebrokeninthelastyear": "0.0", "Describethefunctionalityproblemsoverthepastyear": "Lack of oil", "Howmanydaysperweekdoesthepumprunonaverage": "8.0", "Howmanyhoursperdaydoesthepumprunonaverage": "8.0", "Isthisaseasonalwaterschemethatcommonlyfailsinthedryseason": "No", "Isthepumpusedlessduringwetrainyseason": "Yes", "Duringwetrainyseasonshowmanydaysaweekdoesthepumprunonaverage": "4.0", "Duringwetrainyseasonshowmanyhoursperdaydoesthepumprunonaverage": "4.0", "SolarPanelpowerratingWatts": "0", "SolarPanelCondition": "0", "Yearwhengeneratorwasinstalledoryearofreinstallation": "43556", "Physicalstateofthegenerator": "Good", "Generatorbrand": "Perkins", "GeneratorbrandOtherspecify": "Perkins", "Generatormodel": "Perkins", "Generatorserialnumber": "2047474", "GeneratormaxAmpsstartingamps": "115.0", "Generatorpicture": "https://api.mwater.co/v3/images/5fa0afa6fd4d4b23897f3c72c460253a; https://api.mwater.co/v3/images/9e728f7cb6e44502ad8e2bf3638d157b", "PumpControllerManufacturer1": "Daylife", "PumpControllerManufacturerOtherspecify": "Daylife", "PumpControllerModelNumber": "Lovett", "Pictureofpumpcontroller": "https://api.mwater.co/v3/images/b11e4017df6345d897973c8e36c47b38", "PumpMotorModelNumber": "0", "Pumpheadmodelnumber": 0.0, "Typeandsizeofcasing": "10", "Wellpumpremarks": "Good", "Isasensorinstalledatthesite": "No", "Typeofsensorinstalled": "0", "TypeofsensorinstalledOtherspecify": "0", "Managementbody": "Water users association", "Currentmanagementstatus": "Water users association", "Whatisthemethodofpayment1": "Cash", "WhatisthemethodofpaymentOtherspecify1": "Cash", "Whatisthemethodofpayment2": "I don't know", "Typeoftariffsystemmostcommon": "I don't know", "WhatisthetariffamountinKES": "0.0", "Isthereaspecialtariffforlivestockperanimal": "No", "WhatisthetariffpercamelKES": 0.0, "WhatisthetariffpercattleKES": 0.0, "WhatisthetariffperhorsedonkeyKES": 0.0, "WhatisthetariffpergoatsheepKES": "0.0", "Isthereatariffperinstitutionschoolshealthcentresetc": "No", "WhatisthemonthlyinstitutionaltariffKES": "0.0", "Numberofinstitutionssuppliedbyschemethatpayamonthlyinstitutional": "0.0", "Whenthisboreholeisworkingfromwheredohouseholdsprimarilygettheirw": "Same borehole", "Whenthisboreholeisworkingfromwheredohouseholdsprimarilygetthei_A": "Same borehole", "WhenthisboreholeisworkinghowmanyHOURSperdaydohouseholdstypically": "5.0", "Whenthisboreholeisnotworkingfromwheredohouseholdsprimarilygetthe": "Same borehole", "WhenthisboreholeisNOTworkingandhouseholdshavetouseanalternativew": "2", "Hastherebeensomewaterqualitytestingforthisschemeinthepast": "0", "Yearofmostrecentwaterqualitytestdone": "0", "Whatwastheresult": "0", "Aretherespecificcontaminantsofconcern": "0", "AretherespecificcontaminantsofconcernOtherspecify": "0", "MeasuredWaterQualityTemperature": "0", "MeasuredWaterQualitySpecificconductancemicroSiemenspercm": "0", "\u00a0MeasuredWaterQualityTotalDissolvedSolidsmilligramsliter": "0", "Pleaseaddanotherrelevantnotesontheborehole": "Good", "V109": "#NULL!", "V110": null}, "geometry": {"type": "Point", "coordinates": [39.6506942, -0.4734672]}}, {"type": "Feature", "properties": {"Sno": 18, "SubCounty": "G/township", "Ward": "Iftin boreho", "Village": "Iftin", "Latitude": -0.4743585, "Longitude": 39.6543954, "RuralUrban": "Urban", "DistancetonextstrategicBoreholekm": "1.00", "Totalnumberofhouseholdscurrentlyservedfromthescheme": "2000.0", "WhatistheserviceareaforthisschemeHowmanykilometersfromheredothep": "60.0", "Isthisschemeusedforagricultureandirrigationbyfarmers": "No", "Howmanyfarmersusethisscheme\u00a0": "0.0", "Whatistheaveragesizedfarmthatusesthiswaterhectares\u00a0": "0.0", "Isthewaterschemeusedforlivestock": "No", "Estimatednumberofcamelsusingschemeperday": "0.0", "Estimatednumberofcattleusingschemeperday": "0.0", "Estimatednumberofhorsesdonkeysusingwaterpointperday": "0.0", "Estimatednumberofgoatssheepusingwaterpointperday": "0.0", "Isthewaterschemeusedforwatertrucking": "No", "Numberoftrucksfillingperday": "0.0", "Howmanytimesperweekdoesthewatertruckingoccur": "0.0", "Addanyothercommentsonwatertruckingdetails": "Good", "ConstructionyearofthewellboreholeinEFYortheyearofrehabilitation": "43498", "Boreholeorwelldepthmeters": "150.0", "Physicalstateofthewellborehole": "Good", "TypeofPower": "Generator", "Productionofsystemyieldordischargemeterscubedhour": "10", "Isthereawatermeteratthewatersource": "Yes", "Isthewatermeterworking": "Yes", "Whatisthecurrentreadingofthewatermeter": "7830.000000000", "Isthewaterschemecurrentlyfunctional": "Yes", "Pleasetakeapictureillustratingthenonfunctionalityorpartialfuncti": null, "Maincauseofnonfunctionalityorpartialfunctionality": "0", "MaincauseofnonfunctionalityorpartialfunctionalityOtherspecify": "0", "Numberofmonthssincenonfunctional": "0", "Doestheschemehaveanyemergingproblemsthatmightleadtononfunctional": "No", "Pleasedescribetheproblemsthatmightleadtononfunctionalityinthenea": "Not at all", "Wasthewaterschemeoutofserviceoneormoredaysinthelastmonth": "No", "Numberofdaysoutofserviceinthelastmonth": "0.0", "Dateoflastserviceorrepair": "1-Mar-19", "Howmanytimeshasthewaterschemebrokeninthelastyear": "0.0", "Describethefunctionalityproblemsoverthepastyear": "Not so far", "Howmanydaysperweekdoesthepumprunonaverage": "5.0", "Howmanyhoursperdaydoesthepumprunonaverage": "8.0", "Isthisaseasonalwaterschemethatcommonlyfailsinthedryseason": "No", "Isthepumpusedlessduringwetrainyseason": "Yes", "Duringwetrainyseasonshowmanydaysaweekdoesthepumprunonaverage": "1.0", "Duringwetrainyseasonshowmanyhoursperdaydoesthepumprunonaverage": "5.0", "SolarPanelpowerratingWatts": "0", "SolarPanelCondition": "0", "Yearwhengeneratorwasinstalledoryearofreinstallation": "43647", "Physicalstateofthegenerator": "Good", "Generatorbrand": "Perkins", "GeneratorbrandOtherspecify": "Perkins", "Generatormodel": "Perkins", "Generatorserialnumber": "2047474", "GeneratormaxAmpsstartingamps": "115.0", "Generatorpicture": "https://api.mwater.co/v3/images/bf196cc7990046ebae0d230e6bfd53e7", "PumpControllerManufacturer1": "Lovett", "PumpControllerManufacturerOtherspecify": "Lovett", "PumpControllerModelNumber": "Daylife", "Pictureofpumpcontroller": "https://api.mwater.co/v3/images/1d2b87e38cb94e238fd1740f13b9f036", "PumpMotorModelNumber": "0", "Pumpheadmodelnumber": 0.0, "Typeandsizeofcasing": "10", "Wellpumpremarks": "Good", "Isasensorinstalledatthesite": "No", "Typeofsensorinstalled": "0", "TypeofsensorinstalledOtherspecify": "0", "Managementbody": "Water users association", "Currentmanagementstatus": "Water users association", "Whatisthemethodofpayment1": "Cash", "WhatisthemethodofpaymentOtherspecify1": "Cash", "Whatisthemethodofpayment2": "Cash", "Typeoftariffsystemmostcommon": "Cash", "WhatisthetariffamountinKES": "0.0", "Isthereaspecialtariffforlivestockperanimal": "No", "WhatisthetariffpercamelKES": 0.0, "WhatisthetariffpercattleKES": 0.0, "WhatisthetariffperhorsedonkeyKES": 0.0, "WhatisthetariffpergoatsheepKES": "0.0", "Isthereatariffperinstitutionschoolshealthcentresetc": "No", "WhatisthemonthlyinstitutionaltariffKES": "0.0", "Numberofinstitutionssuppliedbyschemethatpayamonthlyinstitutional": "0.0", "Whenthisboreholeisworkingfromwheredohouseholdsprimarilygettheirw": "Same borehole", "Whenthisboreholeisworkingfromwheredohouseholdsprimarilygetthei_A": "Same borehole", "WhenthisboreholeisworkinghowmanyHOURSperdaydohouseholdstypically": "3.0", "Whenthisboreholeisnotworkingfromwheredohouseholdsprimarilygetthe": "Same borehole", "WhenthisboreholeisNOTworkingandhouseholdshavetouseanalternativew": "1", "Hastherebeensomewaterqualitytestingforthisschemeinthepast": "0", "Yearofmostrecentwaterqualitytestdone": "0", "Whatwastheresult": "0", "Aretherespecificcontaminantsofconcern": "0", "AretherespecificcontaminantsofconcernOtherspecify": "0", "MeasuredWaterQualityTemperature": "0", "MeasuredWaterQualitySpecificconductancemicroSiemenspercm": "0", "\u00a0MeasuredWaterQualityTotalDissolvedSolidsmilligramsliter": "0", "Pleaseaddanotherrelevantnotesontheborehole": "Good", "V109": "#NULL!", "V110": null}, "geometry": {"type": "Point", "coordinates": [39.6543954, -0.4743585]}}, {"type": "Feature", "properties": {"Sno": 19, "SubCounty": "G/Township", "Ward": "Iftin boreho", "Village": "Iftin", "Latitude": -0.4743585, "Longitude": 39.6543954, "RuralUrban": "Urban", "DistancetonextstrategicBoreholekm": "1.00", "Totalnumberofhouseholdscurrentlyservedfromthescheme": "2000.0", "WhatistheserviceareaforthisschemeHowmanykilometersfromheredothep": "60.0", "Isthisschemeusedforagricultureandirrigationbyfarmers": "No", "Howmanyfarmersusethisscheme\u00a0": "0.0", "Whatistheaveragesizedfarmthatusesthiswaterhectares\u00a0": "0.0", "Isthewaterschemeusedforlivestock": "No", "Estimatednumberofcamelsusingschemeperday": "0.0", "Estimatednumberofcattleusingschemeperday": "0.0", "Estimatednumberofhorsesdonkeysusingwaterpointperday": "0.0", "Estimatednumberofgoatssheepusingwaterpointperday": "0.0", "Isthewaterschemeusedforwatertrucking": "No", "Numberoftrucksfillingperday": "0.0", "Howmanytimesperweekdoesthewatertruckingoccur": "0.0", "Addanyothercommentsonwatertruckingdetails": "Good", "ConstructionyearofthewellboreholeinEFYortheyearofrehabilitation": "43282", "Boreholeorwelldepthmeters": "150.0", "Physicalstateofthewellborehole": "Good", "TypeofPower": "Generat", "Productionofsystemyieldordischargemeterscubedhour": "10", "Isthereawatermeteratthewatersource": "Yes", "Isthewatermeterworking": "Yes", "Whatisthecurrentreadingofthewatermeter": "156330.000000000", "Isthewaterschemecurrentlyfunctional": "Yes", "Pleasetakeapictureillustratingthenonfunctionalityorpartialfuncti": null, "Maincauseofnonfunctionalityorpartialfunctionality": "0", "MaincauseofnonfunctionalityorpartialfunctionalityOtherspecify": "0", "Numberofmonthssincenonfunctional": "0", "Doestheschemehaveanyemergingproblemsthatmightleadtononfunctional": "No", "Pleasedescribetheproblemsthatmightleadtononfunctionalityinthenea": "Not", "Wasthewaterschemeoutofserviceoneormoredaysinthelastmonth": "No", "Numberofdaysoutofserviceinthelastmonth": "0.0", "Dateoflastserviceorrepair": "1-Jul-19", "Howmanytimeshasthewaterschemebrokeninthelastyear": "0.0", "Describethefunctionalityproblemsoverthepastyear": "Not", "Howmanydaysperweekdoesthepumprunonaverage": "5.0", "Howmanyhoursperdaydoesthepumprunonaverage": "6.0", "Isthisaseasonalwaterschemethatcommonlyfailsinthedryseason": "Yes", "Isthepumpusedlessduringwetrainyseason": "Yes", "Duringwetrainyseasonshowmanydaysaweekdoesthepumprunonaverage": "3.0", "Duringwetrainyseasonshowmanyhoursperdaydoesthepumprunonaverage": "3.0", "SolarPanelpowerratingWatts": "Generat", "SolarPanelCondition": "0", "Yearwhengeneratorwasinstalledoryearofreinstallation": null, "Physicalstateofthegenerator": "Good", "Generatorbrand": "Perkins", "GeneratorbrandOtherspecify": "Perkins", "Generatormodel": "Perkins", "Generatorserialnumber": "2047474", "GeneratormaxAmpsstartingamps": "115.0", "Generatorpicture": "https://api.mwater.co/v3/images/4ba85adea2954876acda34406ceb574a", "PumpControllerManufacturer1": "Daylife", "PumpControllerManufacturerOtherspecify": "Daylife", "PumpControllerModelNumber": "Daylife", "Pictureofpumpcontroller": "https://api.mwater.co/v3/images/1bece93079bc440089b1c9a6cfe4d8df", "PumpMotorModelNumber": "0", "Pumpheadmodelnumber": 0.0, "Typeandsizeofcasing": "10", "Wellpumpremarks": "Good", "Isasensorinstalledatthesite": "No", "Typeofsensorinstalled": "0", "TypeofsensorinstalledOtherspecify": "0", "Managementbody": "Water users association", "Currentmanagementstatus": "Water users association", "Whatisthemethodofpayment1": "0", "WhatisthemethodofpaymentOtherspecify1": "Cash", "Whatisthemethodofpayment2": "Cash", "Typeoftariffsystemmostcommon": "Cash", "WhatisthetariffamountinKES": "0.0", "Isthereaspecialtariffforlivestockperanimal": "No", "WhatisthetariffpercamelKES": 0.0, "WhatisthetariffpercattleKES": 0.0, "WhatisthetariffperhorsedonkeyKES": 0.0, "WhatisthetariffpergoatsheepKES": "0.0", "Isthereatariffperinstitutionschoolshealthcentresetc": "No", "WhatisthemonthlyinstitutionaltariffKES": "0.0", "Numberofinstitutionssuppliedbyschemethatpayamonthlyinstitutional": "0.0", "Whenthisboreholeisworkingfromwheredohouseholdsprimarilygettheirw": "Same borehole", "Whenthisboreholeisworkingfromwheredohouseholdsprimarilygetthei_A": "Same borehole", "WhenthisboreholeisworkinghowmanyHOURSperdaydohouseholdstypically": "2.0", "Whenthisboreholeisnotworkingfromwheredohouseholdsprimarilygetthe": "Same borehole", "WhenthisboreholeisNOTworkingandhouseholdshavetouseanalternativew": "1", "Hastherebeensomewaterqualitytestingforthisschemeinthepast": "0", "Yearofmostrecentwaterqualitytestdone": "0", "Whatwastheresult": "0", "Aretherespecificcontaminantsofconcern": "0", "AretherespecificcontaminantsofconcernOtherspecify": "0", "MeasuredWaterQualityTemperature": "0", "MeasuredWaterQualitySpecificconductancemicroSiemenspercm": "0", "\u00a0MeasuredWaterQualityTotalDissolvedSolidsmilligramsliter": "0", "Pleaseaddanotherrelevantnotesontheborehole": "Good", "V109": "#NULL!", "V110": null}, "geometry": {"type": "Point", "coordinates": [39.6543954, -0.4743585]}}, {"type": "Feature", "properties": {"Sno": 20, "SubCounty": "Dadaab", "Ward": "Liboi", "Village": "kadakso borehole", "Latitude": 0.2071614, "Longitude": 40.5941606, "RuralUrban": "Rural", "DistancetonextstrategicBoreholekm": "1.00", "Totalnumberofhouseholdscurrentlyservedfromthescheme": "450.0", "WhatistheserviceareaforthisschemeHowmanykilometersfromheredothep": "2.0", "Isthisschemeusedforagricultureandirrigationbyfarmers": "No", "Howmanyfarmersusethisscheme\u00a0": "#NULL!", "Whatistheaveragesizedfarmthatusesthiswaterhectares\u00a0": "#NULL!", "Isthewaterschemeusedforlivestock": "Yes", "Estimatednumberofcamelsusingschemeperday": "400.0", "Estimatednumberofcattleusingschemeperday": "300.0", "Estimatednumberofhorsesdonkeysusingwaterpointperday": "300.0", "Estimatednumberofgoatssheepusingwaterpointperday": "2000.0", "Isthewaterschemeusedforwatertrucking": "No", "Numberoftrucksfillingperday": "#NULL!", "Howmanytimesperweekdoesthewatertruckingoccur": "#NULL!", "Addanyothercommentsonwatertruckingdetails": null, "ConstructionyearofthewellboreholeinEFYortheyearofrehabilitation": "42472", "Boreholeorwelldepthmeters": "132.0", "Physicalstateofthewellborehole": "good", "TypeofPower": "generator", "Productionofsystemyieldordischargemeterscubedhour": "14", "Isthereawatermeteratthewatersource": "Yes", "Isthewatermeterworking": "Yes", "Whatisthecurrentreadingofthewatermeter": "24029.000000000", "Isthewaterschemecurrentlyfunctional": "Yes", "Pleasetakeapictureillustratingthenonfunctionalityorpartialfuncti": null, "Maincauseofnonfunctionalityorpartialfunctionality": "the well source is not equipped", "MaincauseofnonfunctionalityorpartialfunctionalityOtherspecify": null, "Numberofmonthssincenonfunctional": "36", "Doestheschemehaveanyemergingproblemsthatmightleadtononfunctional": "No", "Pleasedescribetheproblemsthatmightleadtononfunctionalityinthenea": null, "Wasthewaterschemeoutofserviceoneormoredaysinthelastmonth": "Yes", "Numberofdaysoutofserviceinthelastmonth": "3.0", "Dateoflastserviceorrepair": "26-May-19", "Howmanytimeshasthewaterschemebrokeninthelastyear": "2.0", "Describethefunctionalityproblemsoverthepastyear": "Startormotor become faulty", "Howmanydaysperweekdoesthepumprunonaverage": "6.0", "Howmanyhoursperdaydoesthepumprunonaverage": "8.0", "Isthisaseasonalwaterschemethatcommonlyfailsinthedryseason": "No", "Isthepumpusedlessduringwetrainyseason": "Yes", "Duringwetrainyseasonshowmanydaysaweekdoesthepumprunonaverage": "2.0", "Duringwetrainyseasonshowmanyhoursperdaydoesthepumprunonaverage": "3.0", "SolarPanelpowerratingWatts": null, "SolarPanelCondition": "good", "Yearwhengeneratorwasinstalledoryearofreinstallation": "42894", "Physicalstateofthegenerator": "good", "Generatorbrand": "parkins", "GeneratorbrandOtherspecify": "daylif", "Generatormodel": "DK32037", "Generatorserialnumber": "462351", "GeneratormaxAmpsstartingamps": "25.0", "Generatorpicture": "https://api.mwater.co/v3/images/41fff3113cc9432188764b9009383e43", "PumpControllerManufacturer1": "dayliff", "PumpControllerManufacturerOtherspecify": null, "PumpControllerModelNumber": "IPDP3308", "Pictureofpumpcontroller": "https://api.mwater.co/v3/images/ca7825f7d45c4e12b5eda9adbdc9ca9a", "PumpMotorModelNumber": null, "Pumpheadmodelnumber": null, "Typeandsizeofcasing": "6", "Wellpumpremarks": null, "Isasensorinstalledatthesite": "No", "Typeofsensorinstalled": null, "TypeofsensorinstalledOtherspecify": null, "Managementbody": "Water users Assosciation", "Currentmanagementstatus": "poor", "Whatisthemethodofpayment1": "Cash", "WhatisthemethodofpaymentOtherspecify1": null, "Whatisthemethodofpayment2": "cash", "Typeoftariffsystemmostcommon": "cash", "WhatisthetariffamountinKES": "5.0", "Isthereaspecialtariffforlivestockperanimal": "Yes", "WhatisthetariffpercamelKES": 10.0, "WhatisthetariffpercattleKES": 5.0, "WhatisthetariffperhorsedonkeyKES": 0.0, "WhatisthetariffpergoatsheepKES": "2.0", "Isthereatariffperinstitutionschoolshealthcentresetc": "No", "WhatisthemonthlyinstitutionaltariffKES": "#NULL!", "Numberofinstitutionssuppliedbyschemethatpayamonthlyinstitutional": "#NULL!", "Whenthisboreholeisworkingfromwheredohouseholdsprimarilygettheirw": "Water communial point", "Whenthisboreholeisworkingfromwheredohouseholdsprimarilygetthei_A": "Donkey carts tracking", "WhenthisboreholeisworkinghowmanyHOURSperdaydohouseholdstypically": "2.0", "Whenthisboreholeisnotworkingfromwheredohouseholdsprimarilygetthe": "Next strategic borehole", "WhenthisboreholeisNOTworkingandhouseholdshavetouseanalternativew": "24", "Hastherebeensomewaterqualitytestingforthisschemeinthepast": "No", "Yearofmostrecentwaterqualitytestdone": null, "Whatwastheresult": null, "Aretherespecificcontaminantsofconcern": null, "AretherespecificcontaminantsofconcernOtherspecify": null, "MeasuredWaterQualityTemperature": null, "MeasuredWaterQualitySpecificconductancemicroSiemenspercm": null, "\u00a0MeasuredWaterQualityTotalDissolvedSolidsmilligramsliter": null, "Pleaseaddanotherrelevantnotesontheborehole": "This settlement has 1 functional equipped and1 nonfunctional not equipped very close to each other less than  500m", "V109": "#NULL!", "V110": null}, "geometry": {"type": "Point", "coordinates": [40.5941606, 0.2071614]}}, {"type": "Feature", "properties": {"Sno": 21, "SubCounty": "dadaab", "Ward": "abagayle", "Village": "Ali qarsade borehole", "Latitude": 0.2445667, "Longitude": 39.9297257, "RuralUrban": "rural", "DistancetonextstrategicBoreholekm": "5.00", "Totalnumberofhouseholdscurrentlyservedfromthescheme": "450.0", "WhatistheserviceareaforthisschemeHowmanykilometersfromheredothep": "2.0", "Isthisschemeusedforagricultureandirrigationbyfarmers": "No", "Howmanyfarmersusethisscheme\u00a0": "#NULL!", "Whatistheaveragesizedfarmthatusesthiswaterhectares\u00a0": "#NULL!", "Isthewaterschemeusedforlivestock": "Yes", "Estimatednumberofcamelsusingschemeperday": "1900.0", "Estimatednumberofcattleusingschemeperday": "1200.0", "Estimatednumberofhorsesdonkeysusingwaterpointperday": "200.0", "Estimatednumberofgoatssheepusingwaterpointperday": "3500.0", "Isthewaterschemeusedforwatertrucking": "No", "Numberoftrucksfillingperday": "#NULL!", "Howmanytimesperweekdoesthewatertruckingoccur": "#NULL!", "Addanyothercommentsonwatertruckingdetails": null, "ConstructionyearofthewellboreholeinEFYortheyearofrehabilitation": "42624", "Boreholeorwelldepthmeters": "168.0", "Physicalstateofthewellborehole": "good", "TypeofPower": "hybride power", "Productionofsystemyieldordischargemeterscubedhour": "14", "Isthereawatermeteratthewatersource": "No", "Isthewatermeterworking": null, "Whatisthecurrentreadingofthewatermeter": "#NULL!", "Isthewaterschemecurrentlyfunctional": "Yes", "Pleasetakeapictureillustratingthenonfunctionalityorpartialfuncti": "https://api.mwater.co/v3/images/7a82d1d4ce5d45a9a58ccf678f1d7883", "Maincauseofnonfunctionalityorpartialfunctionality": "Lack of service", "MaincauseofnonfunctionalityorpartialfunctionalityOtherspecify": null, "Numberofmonthssincenonfunctional": "2", "Doestheschemehaveanyemergingproblemsthatmightleadtononfunctional": "Yes", "Pleasedescribetheproblemsthatmightleadtononfunctionalityinthenea": "Tasters not functions sometimes", "Wasthewaterschemeoutofserviceoneormoredaysinthelastmonth": "Yes", "Numberofdaysoutofserviceinthelastmonth": "2.0", "Dateoflastserviceorrepair": "2-Jul-18", "Howmanytimeshasthewaterschemebrokeninthelastyear": "2.0", "Describethefunctionalityproblemsoverthepastyear": "Break down", "Howmanydaysperweekdoesthepumprunonaverage": "5.0", "Howmanyhoursperdaydoesthepumprunonaverage": "8.0", "Isthisaseasonalwaterschemethatcommonlyfailsinthedryseason": "No", "Isthepumpusedlessduringwetrainyseason": "Yes", "Duringwetrainyseasonshowmanydaysaweekdoesthepumprunonaverage": "2.0", "Duringwetrainyseasonshowmanyhoursperdaydoesthepumprunonaverage": "2.0", "SolarPanelpowerratingWatts": null, "SolarPanelCondition": "good", "Yearwhengeneratorwasinstalledoryearofreinstallation": "42689", "Physicalstateofthegenerator": "good", "Generatorbrand": "bakings", "GeneratorbrandOtherspecify": "day liff", "Generatormodel": "dk32037", "Generatorserialnumber": "462010", "GeneratormaxAmpsstartingamps": "42.0", "Generatorpicture": "https://api.mwater.co/v3/images/ee1067a15ad54ace9d8f47385a76f455", "PumpControllerManufacturer1": "dayliff", "PumpControllerManufacturerOtherspecify": null, "PumpControllerModelNumber": "ipdp315c/w", "Pictureofpumpcontroller": "https://api.mwater.co/v3/images/3de8784c5daa41e9936cefc60ca6d6be", "PumpMotorModelNumber": null, "Pumpheadmodelnumber": null, "Typeandsizeofcasing": "6", "Wellpumpremarks": null, "Isasensorinstalledatthesite": "No", "Typeofsensorinstalled": null, "TypeofsensorinstalledOtherspecify": null, "Managementbody": "Water users association", "Currentmanagementstatus": "good", "Whatisthemethodofpayment1": "Cash", "WhatisthemethodofpaymentOtherspecify1": null, "Whatisthemethodofpayment2": null, "Typeoftariffsystemmostcommon": "cash", "WhatisthetariffamountinKES": "5.0", "Isthereaspecialtariffforlivestockperanimal": "Yes", "WhatisthetariffpercamelKES": 10.0, "WhatisthetariffpercattleKES": 5.0, "WhatisthetariffperhorsedonkeyKES": 0.0, "WhatisthetariffpergoatsheepKES": "2.0", "Isthereatariffperinstitutionschoolshealthcentresetc": null, "WhatisthemonthlyinstitutionaltariffKES": "#NULL!", "Numberofinstitutionssuppliedbyschemethatpayamonthlyinstitutional": "#NULL!", "Whenthisboreholeisworkingfromwheredohouseholdsprimarilygettheirw": "Communal water point", "Whenthisboreholeisworkingfromwheredohouseholdsprimarilygetthei_A": "Donkey cart tracking", "WhenthisboreholeisworkinghowmanyHOURSperdaydohouseholdstypically": "3.0", "Whenthisboreholeisnotworkingfromwheredohouseholdsprimarilygetthe": "Next strategic borehole", "WhenthisboreholeisNOTworkingandhouseholdshavetouseanalternativew": "24", "Hastherebeensomewaterqualitytestingforthisschemeinthepast": "No", "Yearofmostrecentwaterqualitytestdone": null, "Whatwastheresult": null, "Aretherespecificcontaminantsofconcern": null, "AretherespecificcontaminantsofconcernOtherspecify": null, "MeasuredWaterQualityTemperature": null, "MeasuredWaterQualitySpecificconductancemicroSiemenspercm": null, "\u00a0MeasuredWaterQualityTotalDissolvedSolidsmilligramsliter": null, "Pleaseaddanotherrelevantnotesontheborehole": null, "V109": "#NULL!", "V110": null}, "geometry": {"type": "Point", "coordinates": [39.9297257, 0.2445667]}}, {"type": "Feature", "properties": {"Sno": 22, "SubCounty": "Dadaab", "Ward": "Abakayle", "Village": "bogyar borehole", "Latitude": -0.0158909, "Longitude": 40.252488, "RuralUrban": "Rural", "DistancetonextstrategicBoreholekm": "15.00", "Totalnumberofhouseholdscurrentlyservedfromthescheme": "550.0", "WhatistheserviceareaforthisschemeHowmanykilometersfromheredothep": "2.0", "Isthisschemeusedforagricultureandirrigationbyfarmers": "No", "Howmanyfarmersusethisscheme\u00a0": "#NULL!", "Whatistheaveragesizedfarmthatusesthiswaterhectares\u00a0": "#NULL!", "Isthewaterschemeusedforlivestock": "Yes", "Estimatednumberofcamelsusingschemeperday": "900.0", "Estimatednumberofcattleusingschemeperday": "650.0", "Estimatednumberofhorsesdonkeysusingwaterpointperday": "400.0", "Estimatednumberofgoatssheepusingwaterpointperday": "2000.0", "Isthewaterschemeusedforwatertrucking": "No", "Numberoftrucksfillingperday": "#NULL!", "Howmanytimesperweekdoesthewatertruckingoccur": "#NULL!", "Addanyothercommentsonwatertruckingdetails": null, "ConstructionyearofthewellboreholeinEFYortheyearofrehabilitation": "41245", "Boreholeorwelldepthmeters": "180.0", "Physicalstateofthewellborehole": "good", "TypeofPower": "generator", "Productionofsystemyieldordischargemeterscubedhour": "12", "Isthereawatermeteratthewatersource": "No", "Isthewatermeterworking": "No", "Whatisthecurrentreadingofthewatermeter": "0.000000000", "Isthewaterschemecurrentlyfunctional": "Yes", "Pleasetakeapictureillustratingthenonfunctionalityorpartialfuncti": "https://api.mwater.co/v3/images/0a33bdb1955c49019434ac675d8046e2", "Maincauseofnonfunctionalityorpartialfunctionality": null, "MaincauseofnonfunctionalityorpartialfunctionalityOtherspecify": null, "Numberofmonthssincenonfunctional": null, "Doestheschemehaveanyemergingproblemsthatmightleadtononfunctional": "No", "Pleasedescribetheproblemsthatmightleadtononfunctionalityinthenea": null, "Wasthewaterschemeoutofserviceoneormoredaysinthelastmonth": "Yes", "Numberofdaysoutofserviceinthelastmonth": "10.0", "Dateoflastserviceorrepair": "12-Jun-19", "Howmanytimeshasthewaterschemebrokeninthelastyear": "3.0", "Describethefunctionalityproblemsoverthepastyear": null, "Howmanydaysperweekdoesthepumprunonaverage": "6.0", "Howmanyhoursperdaydoesthepumprunonaverage": "8.0", "Isthisaseasonalwaterschemethatcommonlyfailsinthedryseason": "No", "Isthepumpusedlessduringwetrainyseason": "Yes", "Duringwetrainyseasonshowmanydaysaweekdoesthepumprunonaverage": "2.0", "Duringwetrainyseasonshowmanyhoursperdaydoesthepumprunonaverage": "3.0", "SolarPanelpowerratingWatts": null, "SolarPanelCondition": null, "Yearwhengeneratorwasinstalledoryearofreinstallation": "41610", "Physicalstateofthegenerator": "Not bad", "Generatorbrand": "parkins", "GeneratorbrandOtherspecify": null, "Generatormodel": "IPDP315CW", "Generatorserialnumber": "3153404346", "GeneratormaxAmpsstartingamps": "42.0", "Generatorpicture": "https://api.mwater.co/v3/images/3529128b50754544a3a44971d4cfd2b6", "PumpControllerManufacturer1": "dayliff", "PumpControllerManufacturerOtherspecify": null, "PumpControllerModelNumber": "idp315cw", "Pictureofpumpcontroller": "https://api.mwater.co/v3/images/c72ae2d1ac1e4440ac8395968a8334fb", "PumpMotorModelNumber": null, "Pumpheadmodelnumber": null, "Typeandsizeofcasing": "6", "Wellpumpremarks": null, "Isasensorinstalledatthesite": "No", "Typeofsensorinstalled": null, "TypeofsensorinstalledOtherspecify": null, "Managementbody": "Water users Association", "Currentmanagementstatus": "Fair", "Whatisthemethodofpayment1": "Cash", "WhatisthemethodofpaymentOtherspecify1": "Cash", "Whatisthemethodofpayment2": null, "Typeoftariffsystemmostcommon": "cash", "WhatisthetariffamountinKES": "5.0", "Isthereaspecialtariffforlivestockperanimal": "Yes", "WhatisthetariffpercamelKES": 10.0, "WhatisthetariffpercattleKES": 5.0, "WhatisthetariffperhorsedonkeyKES": 0.0, "WhatisthetariffpergoatsheepKES": "2.0", "Isthereatariffperinstitutionschoolshealthcentresetc": null, "WhatisthemonthlyinstitutionaltariffKES": "#NULL!", "Numberofinstitutionssuppliedbyschemethatpayamonthlyinstitutional": "#NULL!", "Whenthisboreholeisworkingfromwheredohouseholdsprimarilygettheirw": "Communal water point", "Whenthisboreholeisworkingfromwheredohouseholdsprimarilygetthei_A": null, "WhenthisboreholeisworkinghowmanyHOURSperdaydohouseholdstypically": "2.0", "Whenthisboreholeisnotworkingfromwheredohouseholdsprimarilygetthe": "Next strategic borehole", "WhenthisboreholeisNOTworkingandhouseholdshavetouseanalternativew": "24", "Hastherebeensomewaterqualitytestingforthisschemeinthepast": null, "Yearofmostrecentwaterqualitytestdone": null, "Whatwastheresult": null, "Aretherespecificcontaminantsofconcern": null, "AretherespecificcontaminantsofconcernOtherspecify": null, "MeasuredWaterQualityTemperature": null, "MeasuredWaterQualitySpecificconductancemicroSiemenspercm": null, "\u00a0MeasuredWaterQualityTotalDissolvedSolidsmilligramsliter": null, "Pleaseaddanotherrelevantnotesontheborehole": null, "V109": "#NULL!", "V110": null}, "geometry": {"type": "Point", "coordinates": [40.252488, -0.0158909]}}, {"type": "Feature", "properties": {"Sno": 23, "SubCounty": "Dadaab", "Ward": "Damajaley", "Village": "abdisugow borehole", "Latitude": 0.1603685, "Longitude": 40.7779906, "RuralUrban": "Rural", "DistancetonextstrategicBoreholekm": "23.00", "Totalnumberofhouseholdscurrentlyservedfromthescheme": "700.0", "WhatistheserviceareaforthisschemeHowmanykilometersfromheredothep": "2.0", "Isthisschemeusedforagricultureandirrigationbyfarmers": "No", "Howmanyfarmersusethisscheme\u00a0": "#NULL!", "Whatistheaveragesizedfarmthatusesthiswaterhectares\u00a0": "#NULL!", "Isthewaterschemeusedforlivestock": "Yes", "Estimatednumberofcamelsusingschemeperday": "1300.0", "Estimatednumberofcattleusingschemeperday": "900.0", "Estimatednumberofhorsesdonkeysusingwaterpointperday": "950.0", "Estimatednumberofgoatssheepusingwaterpointperday": "3500.0", "Isthewaterschemeusedforwatertrucking": "No", "Numberoftrucksfillingperday": "#NULL!", "Howmanytimesperweekdoesthewatertruckingoccur": "#NULL!", "Addanyothercommentsonwatertruckingdetails": null, "ConstructionyearofthewellboreholeinEFYortheyearofrehabilitation": "42941", "Boreholeorwelldepthmeters": "168.0", "Physicalstateofthewellborehole": "very good", "TypeofPower": "generator", "Productionofsystemyieldordischargemeterscubedhour": "12", "Isthereawatermeteratthewatersource": "No", "Isthewatermeterworking": "No", "Whatisthecurrentreadingofthewatermeter": "#NULL!", "Isthewaterschemecurrentlyfunctional": "Yes", "Pleasetakeapictureillustratingthenonfunctionalityorpartialfuncti": null, "Maincauseofnonfunctionalityorpartialfunctionality": null, "MaincauseofnonfunctionalityorpartialfunctionalityOtherspecify": null, "Numberofmonthssincenonfunctional": null, "Doestheschemehaveanyemergingproblemsthatmightleadtononfunctional": "No", "Pleasedescribetheproblemsthatmightleadtononfunctionalityinthenea": null, "Wasthewaterschemeoutofserviceoneormoredaysinthelastmonth": "Yes", "Numberofdaysoutofserviceinthelastmonth": "2.0", "Dateoflastserviceorrepair": "11-Dec-18", "Howmanytimeshasthewaterschemebrokeninthelastyear": "1.0", "Describethefunctionalityproblemsoverthepastyear": "Pump failed", "Howmanydaysperweekdoesthepumprunonaverage": "5.0", "Howmanyhoursperdaydoesthepumprunonaverage": "8.0", "Isthisaseasonalwaterschemethatcommonlyfailsinthedryseason": "No", "Isthepumpusedlessduringwetrainyseason": "Yes", "Duringwetrainyseasonshowmanydaysaweekdoesthepumprunonaverage": "3.0", "Duringwetrainyseasonshowmanyhoursperdaydoesthepumprunonaverage": "2.0", "SolarPanelpowerratingWatts": null, "SolarPanelCondition": "good", "Yearwhengeneratorwasinstalledoryearofreinstallation": "42918", "Physicalstateofthegenerator": "very good", "Generatorbrand": "Perkins", "GeneratorbrandOtherspecify": null, "Generatormodel": "ECP28MF", "Generatorserialnumber": "1938409", "GeneratormaxAmpsstartingamps": "42.0", "Generatorpicture": "https://api.mwater.co/v3/images/5d2d0cb988c64ab9af96ff36dd9c7692", "PumpControllerManufacturer1": "dayliff", "PumpControllerManufacturerOtherspecify": null, "PumpControllerModelNumber": "IDPP3161", "Pictureofpumpcontroller": "https://api.mwater.co/v3/images/bc14b94af3294324b6e4795718b52c40", "PumpMotorModelNumber": null, "Pumpheadmodelnumber": null, "Typeandsizeofcasing": "6", "Wellpumpremarks": null, "Isasensorinstalledatthesite": "No", "Typeofsensorinstalled": null, "TypeofsensorinstalledOtherspecify": null, "Managementbody": "Water users association", "Currentmanagementstatus": "very good", "Whatisthemethodofpayment1": "Cash", "WhatisthemethodofpaymentOtherspecify1": null, "Whatisthemethodofpayment2": null, "Typeoftariffsystemmostcommon": null, "WhatisthetariffamountinKES": "#NULL!", "Isthereaspecialtariffforlivestockperanimal": "Yes", "WhatisthetariffpercamelKES": 10.0, "WhatisthetariffpercattleKES": 5.0, "WhatisthetariffperhorsedonkeyKES": 0.0, "WhatisthetariffpergoatsheepKES": "2.0", "Isthereatariffperinstitutionschoolshealthcentresetc": null, "WhatisthemonthlyinstitutionaltariffKES": "#NULL!", "Numberofinstitutionssuppliedbyschemethatpayamonthlyinstitutional": "#NULL!", "Whenthisboreholeisworkingfromwheredohouseholdsprimarilygettheirw": "Water communal point", "Whenthisboreholeisworkingfromwheredohouseholdsprimarilygetthei_A": "Donkey carts tracking", "WhenthisboreholeisworkinghowmanyHOURSperdaydohouseholdstypically": "3.0", "Whenthisboreholeisnotworkingfromwheredohouseholdsprimarilygetthe": "Nearest strategic borehole", "WhenthisboreholeisNOTworkingandhouseholdshavetouseanalternativew": "24", "Hastherebeensomewaterqualitytestingforthisschemeinthepast": "No", "Yearofmostrecentwaterqualitytestdone": null, "Whatwastheresult": null, "Aretherespecificcontaminantsofconcern": null, "AretherespecificcontaminantsofconcernOtherspecify": null, "MeasuredWaterQualityTemperature": null, "MeasuredWaterQualitySpecificconductancemicroSiemenspercm": null, "\u00a0MeasuredWaterQualityTotalDissolvedSolidsmilligramsliter": null, "Pleaseaddanotherrelevantnotesontheborehole": null, "V109": "#NULL!", "V110": null}, "geometry": {"type": "Point", "coordinates": [40.7779906, 0.1603685]}}, {"type": "Feature", "properties": {"Sno": 24, "SubCounty": "G/Township", "Ward": "Galbelt bore", "Village": "Adc", "Latitude": -0.487473825453558, "Longitude": 39.6485233052226, "RuralUrban": "Urban", "DistancetonextstrategicBoreholekm": "0.10", "Totalnumberofhouseholdscurrentlyservedfromthescheme": "6000.0", "WhatistheserviceareaforthisschemeHowmanykilometersfromheredothep": "5.0", "Isthisschemeusedforagricultureandirrigationbyfarmers": "Yes", "Howmanyfarmersusethisscheme\u00a0": "1.0", "Whatistheaveragesizedfarmthatusesthiswaterhectares\u00a0": "2.0", "Isthewaterschemeusedforlivestock": "No", "Estimatednumberofcamelsusingschemeperday": "0.0", "Estimatednumberofcattleusingschemeperday": "0.0", "Estimatednumberofhorsesdonkeysusingwaterpointperday": "0.0", "Estimatednumberofgoatssheepusingwaterpointperday": "0.0", "Isthewaterschemeusedforwatertrucking": "No", "Numberoftrucksfillingperday": "0.0", "Howmanytimesperweekdoesthewatertruckingoccur": "0.0", "Addanyothercommentsonwatertruckingdetails": "Good", "ConstructionyearofthewellboreholeinEFYortheyearofrehabilitation": "43526", "Boreholeorwelldepthmeters": "150.0", "Physicalstateofthewellborehole": "Good", "TypeofPower": "Generator", "Productionofsystemyieldordischargemeterscubedhour": "9", "Isthereawatermeteratthewatersource": "No", "Isthewatermeterworking": "No", "Whatisthecurrentreadingofthewatermeter": "0.000000000", "Isthewaterschemecurrentlyfunctional": "Yes", "Pleasetakeapictureillustratingthenonfunctionalityorpartialfuncti": null, "Maincauseofnonfunctionalityorpartialfunctionality": "0", "MaincauseofnonfunctionalityorpartialfunctionalityOtherspecify": "0", "Numberofmonthssincenonfunctional": "0", "Doestheschemehaveanyemergingproblemsthatmightleadtononfunctional": "No", "Pleasedescribetheproblemsthatmightleadtononfunctionalityinthenea": "Not", "Wasthewaterschemeoutofserviceoneormoredaysinthelastmonth": "No", "Numberofdaysoutofserviceinthelastmonth": "1.0", "Dateoflastserviceorrepair": "2-Mar-19", "Howmanytimeshasthewaterschemebrokeninthelastyear": "1.0", "Describethefunctionalityproblemsoverthepastyear": "Mechanical problem", "Howmanydaysperweekdoesthepumprunonaverage": "6.0", "Howmanyhoursperdaydoesthepumprunonaverage": "5.0", "Isthisaseasonalwaterschemethatcommonlyfailsinthedryseason": "No", "Isthepumpusedlessduringwetrainyseason": "Yes", "Duringwetrainyseasonshowmanydaysaweekdoesthepumprunonaverage": "4.0", "Duringwetrainyseasonshowmanyhoursperdaydoesthepumprunonaverage": "3.0", "SolarPanelpowerratingWatts": "0", "SolarPanelCondition": "0", "Yearwhengeneratorwasinstalledoryearofreinstallation": "43526", "Physicalstateofthegenerator": "Good", "Generatorbrand": "Perkins", "GeneratorbrandOtherspecify": "Perkins", "Generatormodel": "Perkins", "Generatorserialnumber": "51175", "GeneratormaxAmpsstartingamps": "0.0", "Generatorpicture": "https://api.mwater.co/v3/images/cb2911e911884a599ec00dd5e8e35962", "PumpControllerManufacturer1": "Daylife", "PumpControllerManufacturerOtherspecify": "Daylife", "PumpControllerModelNumber": "Daylife", "Pictureofpumpcontroller": "https://api.mwater.co/v3/images/fe25d3a4c53b4a08926228aed3eb2dc2", "PumpMotorModelNumber": "0", "Pumpheadmodelnumber": 0.0, "Typeandsizeofcasing": "10", "Wellpumpremarks": "Good", "Isasensorinstalledatthesite": "No", "Typeofsensorinstalled": "0", "TypeofsensorinstalledOtherspecify": "0", "Managementbody": "Water users association", "Currentmanagementstatus": "Water users association", "Whatisthemethodofpayment1": "Cash", "WhatisthemethodofpaymentOtherspecify1": "Cash", "Whatisthemethodofpayment2": "Cash", "Typeoftariffsystemmostcommon": "Flat", "WhatisthetariffamountinKES": "0.0", "Isthereaspecialtariffforlivestockperanimal": "No", "WhatisthetariffpercamelKES": 0.0, "WhatisthetariffpercattleKES": 0.0, "WhatisthetariffperhorsedonkeyKES": 0.0, "WhatisthetariffpergoatsheepKES": "0.0", "Isthereatariffperinstitutionschoolshealthcentresetc": "No", "WhatisthemonthlyinstitutionaltariffKES": "0.0", "Numberofinstitutionssuppliedbyschemethatpayamonthlyinstitutional": "0.0", "Whenthisboreholeisworkingfromwheredohouseholdsprimarilygettheirw": "Same borehole", "Whenthisboreholeisworkingfromwheredohouseholdsprimarilygetthei_A": "Same borehole", "WhenthisboreholeisworkinghowmanyHOURSperdaydohouseholdstypically": "2.0", "Whenthisboreholeisnotworkingfromwheredohouseholdsprimarilygetthe": "Same borehole", "WhenthisboreholeisNOTworkingandhouseholdshavetouseanalternativew": "2", "Hastherebeensomewaterqualitytestingforthisschemeinthepast": "I don't know", "Yearofmostrecentwaterqualitytestdone": "Don't know", "Whatwastheresult": "0", "Aretherespecificcontaminantsofconcern": "0", "AretherespecificcontaminantsofconcernOtherspecify": "0", "MeasuredWaterQualityTemperature": null, "MeasuredWaterQualitySpecificconductancemicroSiemenspercm": "0", "\u00a0MeasuredWaterQualityTotalDissolvedSolidsmilligramsliter": "0", "Pleaseaddanotherrelevantnotesontheborehole": "Good", "V109": "#NULL!", "V110": null}, "geometry": {"type": "Point", "coordinates": [39.6485233052226, -0.487473825453558]}}, {"type": "Feature", "properties": {"Sno": 25, "SubCounty": "Dadaab", "Ward": "Dertu", "Village": "boransis borehole", "Latitude": 0.2960359, "Longitude": 39.8404217, "RuralUrban": "Rural", "DistancetonextstrategicBoreholekm": "20.00", "Totalnumberofhouseholdscurrentlyservedfromthescheme": "400.0", "WhatistheserviceareaforthisschemeHowmanykilometersfromheredothep": "2.0", "Isthisschemeusedforagricultureandirrigationbyfarmers": "No", "Howmanyfarmersusethisscheme\u00a0": "#NULL!", "Whatistheaveragesizedfarmthatusesthiswaterhectares\u00a0": "#NULL!", "Isthewaterschemeusedforlivestock": "Yes", "Estimatednumberofcamelsusingschemeperday": "1500.0", "Estimatednumberofcattleusingschemeperday": "600.0", "Estimatednumberofhorsesdonkeysusingwaterpointperday": "1500.0", "Estimatednumberofgoatssheepusingwaterpointperday": "3500.0", "Isthewaterschemeusedforwatertrucking": "No", "Numberoftrucksfillingperday": "#NULL!", "Howmanytimesperweekdoesthewatertruckingoccur": "#NULL!", "Addanyothercommentsonwatertruckingdetails": null, "ConstructionyearofthewellboreholeinEFYortheyearofrehabilitation": "41700", "Boreholeorwelldepthmeters": "168.0", "Physicalstateofthewellborehole": "good", "TypeofPower": "generator", "Productionofsystemyieldordischargemeterscubedhour": "11", "Isthereawatermeteratthewatersource": "No", "Isthewatermeterworking": null, "Whatisthecurrentreadingofthewatermeter": "#NULL!", "Isthewaterschemecurrentlyfunctional": "Yes", "Pleasetakeapictureillustratingthenonfunctionalityorpartialfuncti": null, "Maincauseofnonfunctionalityorpartialfunctionality": null, "MaincauseofnonfunctionalityorpartialfunctionalityOtherspecify": null, "Numberofmonthssincenonfunctional": null, "Doestheschemehaveanyemergingproblemsthatmightleadtononfunctional": "No", "Pleasedescribetheproblemsthatmightleadtononfunctionalityinthenea": null, "Wasthewaterschemeoutofserviceoneormoredaysinthelastmonth": "Yes", "Numberofdaysoutofserviceinthelastmonth": "1.0", "Dateoflastserviceorrepair": "22-Jul-18", "Howmanytimeshasthewaterschemebrokeninthelastyear": "0.0", "Describethefunctionalityproblemsoverthepastyear": null, "Howmanydaysperweekdoesthepumprunonaverage": "6.0", "Howmanyhoursperdaydoesthepumprunonaverage": "8.0", "Isthisaseasonalwaterschemethatcommonlyfailsinthedryseason": "No", "Isthepumpusedlessduringwetrainyseason": "Yes", "Duringwetrainyseasonshowmanydaysaweekdoesthepumprunonaverage": "3.0", "Duringwetrainyseasonshowmanyhoursperdaydoesthepumprunonaverage": "4.0", "SolarPanelpowerratingWatts": null, "SolarPanelCondition": null, "Yearwhengeneratorwasinstalledoryearofreinstallation": "41813", "Physicalstateofthegenerator": "good", "Generatorbrand": "parkins", "GeneratorbrandOtherspecify": null, "Generatormodel": "PJ24901500", "Generatorserialnumber": "3181081", "GeneratormaxAmpsstartingamps": "42.0", "Generatorpicture": "https://api.mwater.co/v3/images/fc9b0a79402a46e28d9a224bffeb49a0", "PumpControllerManufacturer1": "dayliff", "PumpControllerManufacturerOtherspecify": null, "PumpControllerModelNumber": "IPDP3041", "Pictureofpumpcontroller": "https://api.mwater.co/v3/images/7a7021c3f1e9477485d460e021c33464", "PumpMotorModelNumber": null, "Pumpheadmodelnumber": null, "Typeandsizeofcasing": "6", "Wellpumpremarks": null, "Isasensorinstalledatthesite": "No", "Typeofsensorinstalled": null, "TypeofsensorinstalledOtherspecify": null, "Managementbody": "Water users association", "Currentmanagementstatus": "good", "Whatisthemethodofpayment1": "Cash", "WhatisthemethodofpaymentOtherspecify1": null, "Whatisthemethodofpayment2": null, "Typeoftariffsystemmostcommon": null, "WhatisthetariffamountinKES": "#NULL!", "Isthereaspecialtariffforlivestockperanimal": "Yes", "WhatisthetariffpercamelKES": 10.0, "WhatisthetariffpercattleKES": 5.0, "WhatisthetariffperhorsedonkeyKES": 0.0, "WhatisthetariffpergoatsheepKES": "2.0", "Isthereatariffperinstitutionschoolshealthcentresetc": null, "WhatisthemonthlyinstitutionaltariffKES": "#NULL!", "Numberofinstitutionssuppliedbyschemethatpayamonthlyinstitutional": "#NULL!", "Whenthisboreholeisworkingfromwheredohouseholdsprimarilygettheirw": "Communial  water point", "Whenthisboreholeisworkingfromwheredohouseholdsprimarilygetthei_A": null, "WhenthisboreholeisworkinghowmanyHOURSperdaydohouseholdstypically": "3.0", "Whenthisboreholeisnotworkingfromwheredohouseholdsprimarilygetthe": "Next strategic borehole", "WhenthisboreholeisNOTworkingandhouseholdshavetouseanalternativew": "24", "Hastherebeensomewaterqualitytestingforthisschemeinthepast": "No", "Yearofmostrecentwaterqualitytestdone": null, "Whatwastheresult": null, "Aretherespecificcontaminantsofconcern": null, "AretherespecificcontaminantsofconcernOtherspecify": null, "MeasuredWaterQualityTemperature": null, "MeasuredWaterQualitySpecificconductancemicroSiemenspercm": null, "\u00a0MeasuredWaterQualityTotalDissolvedSolidsmilligramsliter": null, "Pleaseaddanotherrelevantnotesontheborehole": null, "V109": "#NULL!", "V110": null}, "geometry": {"type": "Point", "coordinates": [39.8404217, 0.2960359]}}, {"type": "Feature", "properties": {"Sno": 26, "SubCounty": "Dadaab", "Ward": "Liboi", "Village": "Kulan borehole 1", "Latitude": 0.2120315, "Longitude": 40.6417622, "RuralUrban": "Rural", "DistancetonextstrategicBoreholekm": "1.00", "Totalnumberofhouseholdscurrentlyservedfromthescheme": "480.0", "WhatistheserviceareaforthisschemeHowmanykilometersfromheredothep": "2.0", "Isthisschemeusedforagricultureandirrigationbyfarmers": "No", "Howmanyfarmersusethisscheme\u00a0": "#NULL!", "Whatistheaveragesizedfarmthatusesthiswaterhectares\u00a0": "#NULL!", "Isthewaterschemeusedforlivestock": "Yes", "Estimatednumberofcamelsusingschemeperday": "1000.0", "Estimatednumberofcattleusingschemeperday": "1200.0", "Estimatednumberofhorsesdonkeysusingwaterpointperday": "500.0", "Estimatednumberofgoatssheepusingwaterpointperday": "3000.0", "Isthewaterschemeusedforwatertrucking": "No", "Numberoftrucksfillingperday": "#NULL!", "Howmanytimesperweekdoesthewatertruckingoccur": "#NULL!", "Addanyothercommentsonwatertruckingdetails": null, "ConstructionyearofthewellboreholeinEFYortheyearofrehabilitation": "42197", "Boreholeorwelldepthmeters": "180.0", "Physicalstateofthewellborehole": "Not bad", "TypeofPower": "generator", "Productionofsystemyieldordischargemeterscubedhour": "14", "Isthereawatermeteratthewatersource": "No", "Isthewatermeterworking": null, "Whatisthecurrentreadingofthewatermeter": "#NULL!", "Isthewaterschemecurrentlyfunctional": "Yes", "Pleasetakeapictureillustratingthenonfunctionalityorpartialfuncti": null, "Maincauseofnonfunctionalityorpartialfunctionality": null, "MaincauseofnonfunctionalityorpartialfunctionalityOtherspecify": null, "Numberofmonthssincenonfunctional": null, "Doestheschemehaveanyemergingproblemsthatmightleadtononfunctional": "No", "Pleasedescribetheproblemsthatmightleadtononfunctionalityinthenea": null, "Wasthewaterschemeoutofserviceoneormoredaysinthelastmonth": "Yes", "Numberofdaysoutofserviceinthelastmonth": "3.0", "Dateoflastserviceorrepair": "3-Jul-18", "Howmanytimeshasthewaterschemebrokeninthelastyear": "3.0", "Describethefunctionalityproblemsoverthepastyear": "Breakdown of the stator motor pump", "Howmanydaysperweekdoesthepumprunonaverage": "6.0", "Howmanyhoursperdaydoesthepumprunonaverage": "8.0", "Isthisaseasonalwaterschemethatcommonlyfailsinthedryseason": "No", "Isthepumpusedlessduringwetrainyseason": "Yes", "Duringwetrainyseasonshowmanydaysaweekdoesthepumprunonaverage": "4.0", "Duringwetrainyseasonshowmanyhoursperdaydoesthepumprunonaverage": "3.0", "SolarPanelpowerratingWatts": null, "SolarPanelCondition": null, "Yearwhengeneratorwasinstalledoryearofreinstallation": "42949", "Physicalstateofthegenerator": "good", "Generatorbrand": "parkins", "GeneratorbrandOtherspecify": null, "Generatormodel": "PI144G1", "Generatorserialnumber": "276487", "GeneratormaxAmpsstartingamps": "45.0", "Generatorpicture": "https://api.mwater.co/v3/images/98abd1ad0d544523847872183775273d", "PumpControllerManufacturer1": "day liff", "PumpControllerManufacturerOtherspecify": null, "PumpControllerModelNumber": "A403010", "Pictureofpumpcontroller": "https://api.mwater.co/v3/images/a4050ccb0fb947e08db5e2b875a8c34d", "PumpMotorModelNumber": null, "Pumpheadmodelnumber": null, "Typeandsizeofcasing": "6", "Wellpumpremarks": null, "Isasensorinstalledatthesite": "No", "Typeofsensorinstalled": null, "TypeofsensorinstalledOtherspecify": null, "Managementbody": "Water users association", "Currentmanagementstatus": "bad", "Whatisthemethodofpayment1": null, "WhatisthemethodofpaymentOtherspecify1": null, "Whatisthemethodofpayment2": null, "Typeoftariffsystemmostcommon": null, "WhatisthetariffamountinKES": "#NULL!", "Isthereaspecialtariffforlivestockperanimal": "Yes", "WhatisthetariffpercamelKES": 10.0, "WhatisthetariffpercattleKES": 5.0, "WhatisthetariffperhorsedonkeyKES": null, "WhatisthetariffpergoatsheepKES": "#NULL!", "Isthereatariffperinstitutionschoolshealthcentresetc": null, "WhatisthemonthlyinstitutionaltariffKES": "#NULL!", "Numberofinstitutionssuppliedbyschemethatpayamonthlyinstitutional": "#NULL!", "Whenthisboreholeisworkingfromwheredohouseholdsprimarilygettheirw": "Communual water point", "Whenthisboreholeisworkingfromwheredohouseholdsprimarilygetthei_A": null, "WhenthisboreholeisworkinghowmanyHOURSperdaydohouseholdstypically": "3.0", "Whenthisboreholeisnotworkingfromwheredohouseholdsprimarilygetthe": "Next strategic borehole", "WhenthisboreholeisNOTworkingandhouseholdshavetouseanalternativew": "24", "Hastherebeensomewaterqualitytestingforthisschemeinthepast": "No", "Yearofmostrecentwaterqualitytestdone": null, "Whatwastheresult": null, "Aretherespecificcontaminantsofconcern": null, "AretherespecificcontaminantsofconcernOtherspecify": null, "MeasuredWaterQualityTemperature": null, "MeasuredWaterQualitySpecificconductancemicroSiemenspercm": null, "\u00a0MeasuredWaterQualityTotalDissolvedSolidsmilligramsliter": null, "Pleaseaddanotherrelevantnotesontheborehole": null, "V109": "#NULL!", "V110": null}, "geometry": {"type": "Point", "coordinates": [40.6417622, 0.2120315]}}, {"type": "Feature", "properties": {"Sno": 27, "SubCounty": "Dadaab", "Ward": "Liboi", "Village": "kulan borehole 2", "Latitude": 0.222234, "Longitude": 40.6421603, "RuralUrban": "Rural", "DistancetonextstrategicBoreholekm": "1.00", "Totalnumberofhouseholdscurrentlyservedfromthescheme": "500.0", "WhatistheserviceareaforthisschemeHowmanykilometersfromheredothep": "2.0", "Isthisschemeusedforagricultureandirrigationbyfarmers": "No", "Howmanyfarmersusethisscheme\u00a0": "0.0", "Whatistheaveragesizedfarmthatusesthiswaterhectares\u00a0": "0.0", "Isthewaterschemeusedforlivestock": "Yes", "Estimatednumberofcamelsusingschemeperday": "1000.0", "Estimatednumberofcattleusingschemeperday": "500.0", "Estimatednumberofhorsesdonkeysusingwaterpointperday": "150.0", "Estimatednumberofgoatssheepusingwaterpointperday": "3000.0", "Isthewaterschemeusedforwatertrucking": "No", "Numberoftrucksfillingperday": "0.0", "Howmanytimesperweekdoesthewatertruckingoccur": "0.0", "Addanyothercommentsonwatertruckingdetails": "0", "ConstructionyearofthewellboreholeinEFYortheyearofrehabilitation": "43646", "Boreholeorwelldepthmeters": "168.0", "Physicalstateofthewellborehole": "good", "TypeofPower": "generator", "Productionofsystemyieldordischargemeterscubedhour": "14", "Isthereawatermeteratthewatersource": "No", "Isthewatermeterworking": "No", "Whatisthecurrentreadingofthewatermeter": "0.000000000", "Isthewaterschemecurrentlyfunctional": "No", "Pleasetakeapictureillustratingthenonfunctionalityorpartialfuncti": null, "Maincauseofnonfunctionalityorpartialfunctionality": null, "MaincauseofnonfunctionalityorpartialfunctionalityOtherspecify": null, "Numberofmonthssincenonfunctional": null, "Doestheschemehaveanyemergingproblemsthatmightleadtononfunctional": "No", "Pleasedescribetheproblemsthatmightleadtononfunctionalityinthenea": null, "Wasthewaterschemeoutofserviceoneormoredaysinthelastmonth": "Yes", "Numberofdaysoutofserviceinthelastmonth": "2.0", "Dateoflastserviceorrepair": "19-May-18", "Howmanytimeshasthewaterschemebrokeninthelastyear": "2.0", "Describethefunctionalityproblemsoverthepastyear": "Break down of the pump motor", "Howmanydaysperweekdoesthepumprunonaverage": "6.0", "Howmanyhoursperdaydoesthepumprunonaverage": "8.0", "Isthisaseasonalwaterschemethatcommonlyfailsinthedryseason": "No", "Isthepumpusedlessduringwetrainyseason": "Yes", "Duringwetrainyseasonshowmanydaysaweekdoesthepumprunonaverage": "3.0", "Duringwetrainyseasonshowmanyhoursperdaydoesthepumprunonaverage": "2.0", "SolarPanelpowerratingWatts": null, "SolarPanelCondition": null, "Yearwhengeneratorwasinstalledoryearofreinstallation": "41163", "Physicalstateofthegenerator": "Bad", "Generatorbrand": "perkins", "GeneratorbrandOtherspecify": null, "Generatormodel": "2873K632", "Generatorserialnumber": "2819541008", "GeneratormaxAmpsstartingamps": "42.0", "Generatorpicture": "https://api.mwater.co/v3/images/1472d6c5067a4bb69ec1dd0eb96d169c", "PumpControllerManufacturer1": "Dayliff", "PumpControllerManufacturerOtherspecify": null, "PumpControllerModelNumber": null, "Pictureofpumpcontroller": "https://api.mwater.co/v3/images/a676f6075a3b4078bd8ad1ef37755c71", "PumpMotorModelNumber": null, "Pumpheadmodelnumber": null, "Typeandsizeofcasing": "6", "Wellpumpremarks": null, "Isasensorinstalledatthesite": "No", "Typeofsensorinstalled": null, "TypeofsensorinstalledOtherspecify": null, "Managementbody": "Water users association", "Currentmanagementstatus": "good", "Whatisthemethodofpayment1": "Cash", "WhatisthemethodofpaymentOtherspecify1": null, "Whatisthemethodofpayment2": null, "Typeoftariffsystemmostcommon": "cash", "WhatisthetariffamountinKES": "5.0", "Isthereaspecialtariffforlivestockperanimal": "Yes", "WhatisthetariffpercamelKES": 10.0, "WhatisthetariffpercattleKES": 5.0, "WhatisthetariffperhorsedonkeyKES": 0.0, "WhatisthetariffpergoatsheepKES": "2.0", "Isthereatariffperinstitutionschoolshealthcentresetc": null, "WhatisthemonthlyinstitutionaltariffKES": "#NULL!", "Numberofinstitutionssuppliedbyschemethatpayamonthlyinstitutional": "#NULL!", "Whenthisboreholeisworkingfromwheredohouseholdsprimarilygettheirw": "Communual water point", "Whenthisboreholeisworkingfromwheredohouseholdsprimarilygetthei_A": null, "WhenthisboreholeisworkinghowmanyHOURSperdaydohouseholdstypically": "3.0", "Whenthisboreholeisnotworkingfromwheredohouseholdsprimarilygetthe": "Next strategic borehole", "WhenthisboreholeisNOTworkingandhouseholdshavetouseanalternativew": "24", "Hastherebeensomewaterqualitytestingforthisschemeinthepast": "No", "Yearofmostrecentwaterqualitytestdone": null, "Whatwastheresult": null, "Aretherespecificcontaminantsofconcern": null, "AretherespecificcontaminantsofconcernOtherspecify": null, "MeasuredWaterQualityTemperature": null, "MeasuredWaterQualitySpecificconductancemicroSiemenspercm": null, "\u00a0MeasuredWaterQualityTotalDissolvedSolidsmilligramsliter": null, "Pleaseaddanotherrelevantnotesontheborehole": null, "V109": "#NULL!", "V110": null}, "geometry": {"type": "Point", "coordinates": [40.6421603, 0.222234]}}, {"type": "Feature", "properties": {"Sno": 28, "SubCounty": "Dadaab", "Ward": "Dadaab", "Village": "Weldoni borehole", "Latitude": 0.0630874, "Longitude": 40.4448371, "RuralUrban": "Rural", "DistancetonextstrategicBoreholekm": "15.00", "Totalnumberofhouseholdscurrentlyservedfromthescheme": "450.0", "WhatistheserviceareaforthisschemeHowmanykilometersfromheredothep": "2.0", "Isthisschemeusedforagricultureandirrigationbyfarmers": "No", "Howmanyfarmersusethisscheme\u00a0": "0.0", "Whatistheaveragesizedfarmthatusesthiswaterhectares\u00a0": "0.0", "Isthewaterschemeusedforlivestock": "No", "Estimatednumberofcamelsusingschemeperday": "1000.0", "Estimatednumberofcattleusingschemeperday": "100.0", "Estimatednumberofhorsesdonkeysusingwaterpointperday": "100.0", "Estimatednumberofgoatssheepusingwaterpointperday": "3000.0", "Isthewaterschemeusedforwatertrucking": "No", "Numberoftrucksfillingperday": "0.0", "Howmanytimesperweekdoesthewatertruckingoccur": "0.0", "Addanyothercommentsonwatertruckingdetails": "0", "ConstructionyearofthewellboreholeinEFYortheyearofrehabilitation": "41438", "Boreholeorwelldepthmeters": "132.0", "Physicalstateofthewellborehole": "Good", "TypeofPower": "Generator", "Productionofsystemyieldordischargemeterscubedhour": "14", "Isthereawatermeteratthewatersource": "Yes", "Isthewatermeterworking": "Yes", "Whatisthecurrentreadingofthewatermeter": "100610.000000000", "Isthewaterschemecurrentlyfunctional": "Yes", "Pleasetakeapictureillustratingthenonfunctionalityorpartialfuncti": null, "Maincauseofnonfunctionalityorpartialfunctionality": null, "MaincauseofnonfunctionalityorpartialfunctionalityOtherspecify": null, "Numberofmonthssincenonfunctional": null, "Doestheschemehaveanyemergingproblemsthatmightleadtononfunctional": "No", "Pleasedescribetheproblemsthatmightleadtononfunctionalityinthenea": null, "Wasthewaterschemeoutofserviceoneormoredaysinthelastmonth": "Yes", "Numberofdaysoutofserviceinthelastmonth": "2.0", "Dateoflastserviceorrepair": "4-Jun-16", "Howmanytimeshasthewaterschemebrokeninthelastyear": "2.0", "Describethefunctionalityproblemsoverthepastyear": "Break down", "Howmanydaysperweekdoesthepumprunonaverage": "6.0", "Howmanyhoursperdaydoesthepumprunonaverage": "18.0", "Isthisaseasonalwaterschemethatcommonlyfailsinthedryseason": "No", "Isthepumpusedlessduringwetrainyseason": "Yes", "Duringwetrainyseasonshowmanydaysaweekdoesthepumprunonaverage": "4.0", "Duringwetrainyseasonshowmanyhoursperdaydoesthepumprunonaverage": "3.0", "SolarPanelpowerratingWatts": "0", "SolarPanelCondition": "0", "Yearwhengeneratorwasinstalledoryearofreinstallation": "40998", "Physicalstateofthegenerator": "Good", "Generatorbrand": "Parkins", "GeneratorbrandOtherspecify": null, "Generatormodel": null, "Generatorserialnumber": null, "GeneratormaxAmpsstartingamps": "#NULL!", "Generatorpicture": null, "PumpControllerManufacturer1": null, "PumpControllerManufacturerOtherspecify": null, "PumpControllerModelNumber": null, "Pictureofpumpcontroller": null, "PumpMotorModelNumber": null, "Pumpheadmodelnumber": null, "Typeandsizeofcasing": null, "Wellpumpremarks": null, "Isasensorinstalledatthesite": null, "Typeofsensorinstalled": null, "TypeofsensorinstalledOtherspecify": null, "Managementbody": null, "Currentmanagementstatus": null, "Whatisthemethodofpayment1": null, "WhatisthemethodofpaymentOtherspecify1": null, "Whatisthemethodofpayment2": null, "Typeoftariffsystemmostcommon": null, "WhatisthetariffamountinKES": "#NULL!", "Isthereaspecialtariffforlivestockperanimal": null, "WhatisthetariffpercamelKES": null, "WhatisthetariffpercattleKES": null, "WhatisthetariffperhorsedonkeyKES": null, "WhatisthetariffpergoatsheepKES": "#NULL!", "Isthereatariffperinstitutionschoolshealthcentresetc": null, "WhatisthemonthlyinstitutionaltariffKES": "#NULL!", "Numberofinstitutionssuppliedbyschemethatpayamonthlyinstitutional": "#NULL!", "Whenthisboreholeisworkingfromwheredohouseholdsprimarilygettheirw": null, "Whenthisboreholeisworkingfromwheredohouseholdsprimarilygetthei_A": null, "WhenthisboreholeisworkinghowmanyHOURSperdaydohouseholdstypically": "#NULL!", "Whenthisboreholeisnotworkingfromwheredohouseholdsprimarilygetthe": null, "WhenthisboreholeisNOTworkingandhouseholdshavetouseanalternativew": null, "Hastherebeensomewaterqualitytestingforthisschemeinthepast": null, "Yearofmostrecentwaterqualitytestdone": null, "Whatwastheresult": null, "Aretherespecificcontaminantsofconcern": null, "AretherespecificcontaminantsofconcernOtherspecify": null, "MeasuredWaterQualityTemperature": null, "MeasuredWaterQualitySpecificconductancemicroSiemenspercm": null, "\u00a0MeasuredWaterQualityTotalDissolvedSolidsmilligramsliter": null, "Pleaseaddanotherrelevantnotesontheborehole": null, "V109": "#NULL!", "V110": null}, "geometry": {"type": "Point", "coordinates": [40.4448371, 0.0630874]}}, {"type": "Feature", "properties": {"Sno": 29, "SubCounty": "Balambla", "Ward": "Balambla", "Village": "Hadley", "Latitude": -0.487473825453558, "Longitude": 39.6485233052226, "RuralUrban": "Rural", "DistancetonextstrategicBoreholekm": "20.00", "Totalnumberofhouseholdscurrentlyservedfromthescheme": "500.0", "WhatistheserviceareaforthisschemeHowmanykilometersfromheredothep": "3.0", "Isthisschemeusedforagricultureandirrigationbyfarmers": "No", "Howmanyfarmersusethisscheme\u00a0": "0.0", "Whatistheaveragesizedfarmthatusesthiswaterhectares\u00a0": "0.0", "Isthewaterschemeusedforlivestock": "No", "Estimatednumberofcamelsusingschemeperday": "0.0", "Estimatednumberofcattleusingschemeperday": "0.0", "Estimatednumberofhorsesdonkeysusingwaterpointperday": "0.0", "Estimatednumberofgoatssheepusingwaterpointperday": "0.0", "Isthewaterschemeusedforwatertrucking": "No", "Numberoftrucksfillingperday": "0.0", "Howmanytimesperweekdoesthewatertruckingoccur": "0.0", "Addanyothercommentsonwatertruckingdetails": "Nil", "ConstructionyearofthewellboreholeinEFYortheyearofrehabilitation": "43552", "Boreholeorwelldepthmeters": "50.0", "Physicalstateofthewellborehole": "Not functional", "TypeofPower": "Generator", "Productionofsystemyieldordischargemeterscubedhour": "10", "Isthereawatermeteratthewatersource": "No", "Isthewatermeterworking": "No", "Whatisthecurrentreadingofthewatermeter": "0.000000000", "Isthewaterschemecurrentlyfunctional": "No", "Pleasetakeapictureillustratingthenonfunctionalityorpartialfuncti": "https://api.mwater.co/v3/images/ea54a18e02394facac3e3d2134331f5c", "Maincauseofnonfunctionalityorpartialfunctionality": "Lack of bettery and engineering service", "MaincauseofnonfunctionalityorpartialfunctionalityOtherspecify": "Lack of bettery and engineering service", "Numberofmonthssincenonfunctional": "2days", "Doestheschemehaveanyemergingproblemsthatmightleadtononfunctional": "Yes", "Pleasedescribetheproblemsthatmightleadtononfunctionalityinthenea": "Lack of bettery and engineering problem", "Wasthewaterschemeoutofserviceoneormoredaysinthelastmonth": "Yes", "Numberofdaysoutofserviceinthelastmonth": "1.0", "Dateoflastserviceorrepair": "28-Mar-19", "Howmanytimeshasthewaterschemebrokeninthelastyear": "0.0", "Describethefunctionalityproblemsoverthepastyear": "engineering has mechanical problem", "Howmanydaysperweekdoesthepumprunonaverage": "2.0", "Howmanyhoursperdaydoesthepumprunonaverage": "2.0", "Isthisaseasonalwaterschemethatcommonlyfailsinthedryseason": "Yes", "Isthepumpusedlessduringwetrainyseason": "Yes", "Duringwetrainyseasonshowmanydaysaweekdoesthepumprunonaverage": "0.0", "Duringwetrainyseasonshowmanyhoursperdaydoesthepumprunonaverage": "0.0", "SolarPanelpowerratingWatts": "0", "SolarPanelCondition": "0", "Yearwhengeneratorwasinstalledoryearofreinstallation": "42914", "Physicalstateofthegenerator": "Broken but isn't fucational", "Generatorbrand": "Ganan", "GeneratorbrandOtherspecify": "Ganan", "Generatormodel": "Ganan", "Generatorserialnumber": "141203.23000000001", "GeneratormaxAmpsstartingamps": "22.0", "Generatorpicture": "https://api.mwater.co/v3/images/101a6a2453fa41cabaa1aefc23aa1ce2", "PumpControllerManufacturer1": "Daylife", "PumpControllerManufacturerOtherspecify": "Daylife", "PumpControllerModelNumber": "0", "Pictureofpumpcontroller": "https://api.mwater.co/v3/images/1a3e58f0975f418f87fc17df0556812b", "PumpMotorModelNumber": "0", "Pumpheadmodelnumber": 0.0, "Typeandsizeofcasing": "0", "Wellpumpremarks": "Good", "Isasensorinstalledatthesite": "No", "Typeofsensorinstalled": "0", "TypeofsensorinstalledOtherspecify": "0", "Managementbody": "Hadley water users association", "Currentmanagementstatus": "Hadley water users association", "Whatisthemethodofpayment1": "Cash", "WhatisthemethodofpaymentOtherspecify1": "Cash", "Whatisthemethodofpayment2": "Cash", "Typeoftariffsystemmostcommon": "Falat", "WhatisthetariffamountinKES": "100.0", "Isthereaspecialtariffforlivestockperanimal": "No", "WhatisthetariffpercamelKES": 0.0, "WhatisthetariffpercattleKES": 0.0, "WhatisthetariffperhorsedonkeyKES": 0.0, "WhatisthetariffpergoatsheepKES": "0.0", "Isthereatariffperinstitutionschoolshealthcentresetc": "Yes", "WhatisthemonthlyinstitutionaltariffKES": "1000.0", "Numberofinstitutionssuppliedbyschemethatpayamonthlyinstitutional": "1.0", "Whenthisboreholeisworkingfromwheredohouseholdsprimarilygettheirw": "Tana river", "Whenthisboreholeisworkingfromwheredohouseholdsprimarilygetthei_A": "Tana river", "WhenthisboreholeisworkinghowmanyHOURSperdaydohouseholdstypically": "2.0", "Whenthisboreholeisnotworkingfromwheredohouseholdsprimarilygetthe": "Tana river", "WhenthisboreholeisNOTworkingandhouseholdshavetouseanalternativew": "2", "Hastherebeensomewaterqualitytestingforthisschemeinthepast": "0", "Yearofmostrecentwaterqualitytestdone": "0", "Whatwastheresult": "0", "Aretherespecificcontaminantsofconcern": "0", "AretherespecificcontaminantsofconcernOtherspecify": "0", "MeasuredWaterQualityTemperature": "0", "MeasuredWaterQualitySpecificconductancemicroSiemenspercm": "0", "\u00a0MeasuredWaterQualityTotalDissolvedSolidsmilligramsliter": "0", "Pleaseaddanotherrelevantnotesontheborehole": "Generator has mechanical problem", "V109": "#NULL!", "V110": null}, "geometry": {"type": "Point", "coordinates": [39.6485233052226, -0.487473825453558]}}, {"type": "Feature", "properties": {"Sno": 30, "SubCounty": "Balambla", "Ward": "Balich2", "Village": "Balich 2", "Latitude": -0.487473825453558, "Longitude": 39.6485233052226, "RuralUrban": "Rural", "DistancetonextstrategicBoreholekm": "11.00", "Totalnumberofhouseholdscurrentlyservedfromthescheme": "600.0", "WhatistheserviceareaforthisschemeHowmanykilometersfromheredothep": "4.0", "Isthisschemeusedforagricultureandirrigationbyfarmers": "No", "Howmanyfarmersusethisscheme\u00a0": "0.0", "Whatistheaveragesizedfarmthatusesthiswaterhectares\u00a0": "0.0", "Isthewaterschemeusedforlivestock": "No", "Estimatednumberofcamelsusingschemeperday": "0.0", "Estimatednumberofcattleusingschemeperday": "10.0", "Estimatednumberofhorsesdonkeysusingwaterpointperday": "5.0", "Estimatednumberofgoatssheepusingwaterpointperday": "100.0", "Isthewaterschemeusedforwatertrucking": "No", "Numberoftrucksfillingperday": "0.0", "Howmanytimesperweekdoesthewatertruckingoccur": "0.0", "Addanyothercommentsonwatertruckingdetails": "Nil", "ConstructionyearofthewellboreholeinEFYortheyearofrehabilitation": "42476", "Boreholeorwelldepthmeters": "50.0", "Physicalstateofthewellborehole": "Good", "TypeofPower": "Solar", "Productionofsystemyieldordischargemeterscubedhour": "8", "Isthereawatermeteratthewatersource": "Yes", "Isthewatermeterworking": "No", "Whatisthecurrentreadingofthewatermeter": "176699.000000000", "Isthewaterschemecurrentlyfunctional": "No", "Pleasetakeapictureillustratingthenonfunctionalityorpartialfuncti": "https://api.mwater.co/v3/images/0618348b82be4f5b9f068e495875221c", "Maincauseofnonfunctionalityorpartialfunctionality": "Meter is broken", "MaincauseofnonfunctionalityorpartialfunctionalityOtherspecify": "Meter is broken", "Numberofmonthssincenonfunctional": "2years", "Doestheschemehaveanyemergingproblemsthatmightleadtononfunctional": "Yes", "Pleasedescribetheproblemsthatmightleadtononfunctionalityinthenea": "Requed repair", "Wasthewaterschemeoutofserviceoneormoredaysinthelastmonth": "No", "Numberofdaysoutofserviceinthelastmonth": "0.0", "Dateoflastserviceorrepair": "28-Jun-19", "Howmanytimeshasthewaterschemebrokeninthelastyear": "0.0", "Describethefunctionalityproblemsoverthepastyear": "0", "Howmanydaysperweekdoesthepumprunonaverage": "9.0", "Howmanyhoursperdaydoesthepumprunonaverage": "9.0", "Isthisaseasonalwaterschemethatcommonlyfailsinthedryseason": "No", "Isthepumpusedlessduringwetrainyseason": "Yes", "Duringwetrainyseasonshowmanydaysaweekdoesthepumprunonaverage": "6.0", "Duringwetrainyseasonshowmanyhoursperdaydoesthepumprunonaverage": "3.0", "SolarPanelpowerratingWatts": "260", "SolarPanelCondition": "Fuctional", "Yearwhengeneratorwasinstalledoryearofreinstallation": "42549", "Physicalstateofthegenerator": "Solar", "Generatorbrand": "Solar", "GeneratorbrandOtherspecify": "Solar", "Generatormodel": "Solar", "Generatorserialnumber": "0", "GeneratormaxAmpsstartingamps": "0.0", "Generatorpicture": "https://api.mwater.co/v3/images/d3975499c3ce47fa9db9eec3b3f755c3", "PumpControllerManufacturer1": "No specified", "PumpControllerManufacturerOtherspecify": "Not specified", "PumpControllerModelNumber": "No", "Pictureofpumpcontroller": "https://api.mwater.co/v3/images/33b5304f35ba4ba292696bc0530ec9f3", "PumpMotorModelNumber": "0", "Pumpheadmodelnumber": 0.0, "Typeandsizeofcasing": "Concrete reams", "Wellpumpremarks": "Fictional", "Isasensorinstalledatthesite": "No", "Typeofsensorinstalled": "No sensor", "TypeofsensorinstalledOtherspecify": "No sensor", "Managementbody": "Water users association", "Currentmanagementstatus": "Water users association", "Whatisthemethodofpayment1": "Cash", "WhatisthemethodofpaymentOtherspecify1": "Cash", "Whatisthemethodofpayment2": "Flat", "Typeoftariffsystemmostcommon": "Flat", "WhatisthetariffamountinKES": "150.0", "Isthereaspecialtariffforlivestockperanimal": "Yes", "WhatisthetariffpercamelKES": 0.0, "WhatisthetariffpercattleKES": 10.0, "WhatisthetariffperhorsedonkeyKES": 0.0, "WhatisthetariffpergoatsheepKES": "100.0", "Isthereatariffperinstitutionschoolshealthcentresetc": "Yes", "WhatisthemonthlyinstitutionaltariffKES": "2000.0", "Numberofinstitutionssuppliedbyschemethatpayamonthlyinstitutional": "2.0", "Whenthisboreholeisworkingfromwheredohouseholdsprimarilygettheirw": "Same borehole", "Whenthisboreholeisworkingfromwheredohouseholdsprimarilygetthei_A": "Same borehole", "WhenthisboreholeisworkinghowmanyHOURSperdaydohouseholdstypically": "2.0", "Whenthisboreholeisnotworkingfromwheredohouseholdsprimarilygetthe": "River Tana", "WhenthisboreholeisNOTworkingandhouseholdshavetouseanalternativew": "1hr", "Hastherebeensomewaterqualitytestingforthisschemeinthepast": "No", "Yearofmostrecentwaterqualitytestdone": "No", "Whatwastheresult": "No", "Aretherespecificcontaminantsofconcern": "No", "AretherespecificcontaminantsofconcernOtherspecify": "No", "MeasuredWaterQualityTemperature": "No", "MeasuredWaterQualitySpecificconductancemicroSiemenspercm": "No", "\u00a0MeasuredWaterQualityTotalDissolvedSolidsmilligramsliter": "No", "Pleaseaddanotherrelevantnotesontheborehole": "The borehole is functioning", "V109": "#NULL!", "V110": null}, "geometry": {"type": "Point", "coordinates": [39.6485233052226, -0.487473825453558]}}, {"type": "Feature", "properties": {"Sno": 31, "SubCounty": "Fafi", "Ward": "Jarajila", "Village": "hagarder borehole 5", "Latitude": 0.0008087, "Longitude": 40.3508586, "RuralUrban": "Rural", "DistancetonextstrategicBoreholekm": "5.00", "Totalnumberofhouseholdscurrentlyservedfromthescheme": "600.0", "WhatistheserviceareaforthisschemeHowmanykilometersfromheredothep": "2.0", "Isthisschemeusedforagricultureandirrigationbyfarmers": "No", "Howmanyfarmersusethisscheme\u00a0": "0.0", "Whatistheaveragesizedfarmthatusesthiswaterhectares\u00a0": "0.0", "Isthewaterschemeusedforlivestock": "No", "Estimatednumberofcamelsusingschemeperday": "0.0", "Estimatednumberofcattleusingschemeperday": "0.0", "Estimatednumberofhorsesdonkeysusingwaterpointperday": "0.0", "Estimatednumberofgoatssheepusingwaterpointperday": "0.0", "Isthewaterschemeusedforwatertrucking": "No", "Numberoftrucksfillingperday": "0.0", "Howmanytimesperweekdoesthewatertruckingoccur": "0.0", "Addanyothercommentsonwatertruckingdetails": null, "ConstructionyearofthewellboreholeinEFYortheyearofrehabilitation": "35563", "Boreholeorwelldepthmeters": "144.0", "Physicalstateofthewellborehole": "not bad", "TypeofPower": "generator", "Productionofsystemyieldordischargemeterscubedhour": "14", "Isthereawatermeteratthewatersource": "No", "Isthewatermeterworking": "No", "Whatisthecurrentreadingofthewatermeter": "0.000000000", "Isthewaterschemecurrentlyfunctional": "Yes", "Pleasetakeapictureillustratingthenonfunctionalityorpartialfuncti": null, "Maincauseofnonfunctionalityorpartialfunctionality": null, "MaincauseofnonfunctionalityorpartialfunctionalityOtherspecify": null, "Numberofmonthssincenonfunctional": null, "Doestheschemehaveanyemergingproblemsthatmightleadtononfunctional": "No", "Pleasedescribetheproblemsthatmightleadtononfunctionalityinthenea": null, "Wasthewaterschemeoutofserviceoneormoredaysinthelastmonth": "No", "Numberofdaysoutofserviceinthelastmonth": "0.0", "Dateoflastserviceorrepair": "11-Jul-18", "Howmanytimeshasthewaterschemebrokeninthelastyear": "1.0", "Describethefunctionalityproblemsoverthepastyear": "Lack of proper service", "Howmanydaysperweekdoesthepumprunonaverage": "6.0", "Howmanyhoursperdaydoesthepumprunonaverage": "8.0", "Isthisaseasonalwaterschemethatcommonlyfailsinthedryseason": "No", "Isthepumpusedlessduringwetrainyseason": "Yes", "Duringwetrainyseasonshowmanydaysaweekdoesthepumprunonaverage": "4.0", "Duringwetrainyseasonshowmanyhoursperdaydoesthepumprunonaverage": "5.0", "SolarPanelpowerratingWatts": null, "SolarPanelCondition": null, "Yearwhengeneratorwasinstalledoryearofreinstallation": "41012", "Physicalstateofthegenerator": "good", "Generatorbrand": "parkins", "GeneratorbrandOtherspecify": null, "Generatormodel": "SL01846JGJ", "Generatorserialnumber": "120710004", "GeneratormaxAmpsstartingamps": "32.0", "Generatorpicture": "https://api.mwater.co/v3/images/858efd4853804504905eea6b1a775ec2", "PumpControllerManufacturer1": "dayliff", "PumpControllerManufacturerOtherspecify": null, "PumpControllerModelNumber": "IPDP308CW MP 204", "Pictureofpumpcontroller": "https://api.mwater.co/v3/images/8604bd19e6474ff4b6209d28949defb5", "PumpMotorModelNumber": null, "Pumpheadmodelnumber": null, "Typeandsizeofcasing": "6", "Wellpumpremarks": null, "Isasensorinstalledatthesite": "No", "Typeofsensorinstalled": null, "TypeofsensorinstalledOtherspecify": null, "Managementbody": "Water usres association", "Currentmanagementstatus": "good", "Whatisthemethodofpayment1": "Cash", "WhatisthemethodofpaymentOtherspecify1": null, "Whatisthemethodofpayment2": "cash", "Typeoftariffsystemmostcommon": "cash", "WhatisthetariffamountinKES": "5.0", "Isthereaspecialtariffforlivestockperanimal": "No", "WhatisthetariffpercamelKES": null, "WhatisthetariffpercattleKES": null, "WhatisthetariffperhorsedonkeyKES": null, "WhatisthetariffpergoatsheepKES": "#NULL!", "Isthereatariffperinstitutionschoolshealthcentresetc": null, "WhatisthemonthlyinstitutionaltariffKES": "#NULL!", "Numberofinstitutionssuppliedbyschemethatpayamonthlyinstitutional": "#NULL!", "Whenthisboreholeisworkingfromwheredohouseholdsprimarilygettheirw": "Communal water point", "Whenthisboreholeisworkingfromwheredohouseholdsprimarilygetthei_A": "Donkey carts taracking", "WhenthisboreholeisworkinghowmanyHOURSperdaydohouseholdstypically": "4.0", "Whenthisboreholeisnotworkingfromwheredohouseholdsprimarilygetthe": "Next strategic borehole", "WhenthisboreholeisNOTworkingandhouseholdshavetouseanalternativew": "24", "Hastherebeensomewaterqualitytestingforthisschemeinthepast": "No", "Yearofmostrecentwaterqualitytestdone": null, "Whatwastheresult": null, "Aretherespecificcontaminantsofconcern": null, "AretherespecificcontaminantsofconcernOtherspecify": null, "MeasuredWaterQualityTemperature": null, "MeasuredWaterQualitySpecificconductancemicroSiemenspercm": null, "\u00a0MeasuredWaterQualityTotalDissolvedSolidsmilligramsliter": null, "Pleaseaddanotherrelevantnotesontheborehole": null, "V109": "#NULL!", "V110": null}, "geometry": {"type": "Point", "coordinates": [40.3508586, 0.0008087]}}, {"type": "Feature", "properties": {"Sno": 32, "SubCounty": "Dadaab", "Ward": "Dadaab", "Village": "nyanya borehole", "Latitude": 0.18002, "Longitude": 40.305535, "RuralUrban": "Rural", "DistancetonextstrategicBoreholekm": "5.00", "Totalnumberofhouseholdscurrentlyservedfromthescheme": "400.0", "WhatistheserviceareaforthisschemeHowmanykilometersfromheredothep": "2.0", "Isthisschemeusedforagricultureandirrigationbyfarmers": "No", "Howmanyfarmersusethisscheme\u00a0": "0.0", "Whatistheaveragesizedfarmthatusesthiswaterhectares\u00a0": "0.0", "Isthewaterschemeusedforlivestock": "No", "Estimatednumberofcamelsusingschemeperday": "0.0", "Estimatednumberofcattleusingschemeperday": "0.0", "Estimatednumberofhorsesdonkeysusingwaterpointperday": "0.0", "Estimatednumberofgoatssheepusingwaterpointperday": "0.0", "Isthewaterschemeusedforwatertrucking": "No", "Numberoftrucksfillingperday": "0.0", "Howmanytimesperweekdoesthewatertruckingoccur": "0.0", "Addanyothercommentsonwatertruckingdetails": null, "ConstructionyearofthewellboreholeinEFYortheyearofrehabilitation": "40017", "Boreholeorwelldepthmeters": "168.0", "Physicalstateofthewellborehole": "good", "TypeofPower": "generator", "Productionofsystemyieldordischargemeterscubedhour": "10", "Isthereawatermeteratthewatersource": "No", "Isthewatermeterworking": "No", "Whatisthecurrentreadingofthewatermeter": "#NULL!", "Isthewaterschemecurrentlyfunctional": "Yes", "Pleasetakeapictureillustratingthenonfunctionalityorpartialfuncti": "https://api.mwater.co/v3/images/37e72fc5f3e74532affa724e14bd3580", "Maincauseofnonfunctionalityorpartialfunctionality": "lack of service", "MaincauseofnonfunctionalityorpartialfunctionalityOtherspecify": null, "Numberofmonthssincenonfunctional": "3", "Doestheschemehaveanyemergingproblemsthatmightleadtononfunctional": "No", "Pleasedescribetheproblemsthatmightleadtononfunctionalityinthenea": null, "Wasthewaterschemeoutofserviceoneormoredaysinthelastmonth": "Yes", "Numberofdaysoutofserviceinthelastmonth": "2.0", "Dateoflastserviceorrepair": "11-Jun-19", "Howmanytimeshasthewaterschemebrokeninthelastyear": "2.0", "Describethefunctionalityproblemsoverthepastyear": "Lack of proper service", "Howmanydaysperweekdoesthepumprunonaverage": "6.0", "Howmanyhoursperdaydoesthepumprunonaverage": "8.0", "Isthisaseasonalwaterschemethatcommonlyfailsinthedryseason": "No", "Isthepumpusedlessduringwetrainyseason": "Yes", "Duringwetrainyseasonshowmanydaysaweekdoesthepumprunonaverage": "4.0", "Duringwetrainyseasonshowmanyhoursperdaydoesthepumprunonaverage": "5.0", "SolarPanelpowerratingWatts": null, "SolarPanelCondition": null, "Yearwhengeneratorwasinstalledoryearofreinstallation": "40672", "Physicalstateofthegenerator": "good", "Generatorbrand": "parkins", "GeneratorbrandOtherspecify": null, "Generatormodel": "PEP0901", "Generatorserialnumber": "11826", "GeneratormaxAmpsstartingamps": "42.0", "Generatorpicture": "https://api.mwater.co/v3/images/055e901868654f08b72196a51151b568", "PumpControllerManufacturer1": "dayliff", "PumpControllerManufacturerOtherspecify": null, "PumpControllerModelNumber": "DPE06", "Pictureofpumpcontroller": "https://api.mwater.co/v3/images/d3045f3cf3f04ddfab0ef030cb078851", "PumpMotorModelNumber": null, "Pumpheadmodelnumber": null, "Typeandsizeofcasing": "6", "Wellpumpremarks": null, "Isasensorinstalledatthesite": "No", "Typeofsensorinstalled": null, "TypeofsensorinstalledOtherspecify": null, "Managementbody": "Watet users association", "Currentmanagementstatus": "good", "Whatisthemethodofpayment1": "Cash", "WhatisthemethodofpaymentOtherspecify1": null, "Whatisthemethodofpayment2": null, "Typeoftariffsystemmostcommon": "cash", "WhatisthetariffamountinKES": "5.0", "Isthereaspecialtariffforlivestockperanimal": "No", "WhatisthetariffpercamelKES": null, "WhatisthetariffpercattleKES": null, "WhatisthetariffperhorsedonkeyKES": null, "WhatisthetariffpergoatsheepKES": "#NULL!", "Isthereatariffperinstitutionschoolshealthcentresetc": null, "WhatisthemonthlyinstitutionaltariffKES": "#NULL!", "Numberofinstitutionssuppliedbyschemethatpayamonthlyinstitutional": "#NULL!", "Whenthisboreholeisworkingfromwheredohouseholdsprimarilygettheirw": "Communal water point", "Whenthisboreholeisworkingfromwheredohouseholdsprimarilygetthei_A": "Donkey carts tracking", "WhenthisboreholeisworkinghowmanyHOURSperdaydohouseholdstypically": "4.0", "Whenthisboreholeisnotworkingfromwheredohouseholdsprimarilygetthe": "Next strategic borehole", "WhenthisboreholeisNOTworkingandhouseholdshavetouseanalternativew": "24", "Hastherebeensomewaterqualitytestingforthisschemeinthepast": "No", "Yearofmostrecentwaterqualitytestdone": null, "Whatwastheresult": null, "Aretherespecificcontaminantsofconcern": null, "AretherespecificcontaminantsofconcernOtherspecify": null, "MeasuredWaterQualityTemperature": null, "MeasuredWaterQualitySpecificconductancemicroSiemenspercm": null, "\u00a0MeasuredWaterQualityTotalDissolvedSolidsmilligramsliter": null, "Pleaseaddanotherrelevantnotesontheborehole": null, "V109": "#NULL!", "V110": null}, "geometry": {"type": "Point", "coordinates": [40.305535, 0.18002]}}, {"type": "Feature", "properties": {"Sno": 33, "SubCounty": "Fafi", "Ward": "Jarajila", "Village": "Alinjugur borehole", "Latitude": -0.0315291, "Longitude": 40.4564433, "RuralUrban": "Rural", "DistancetonextstrategicBoreholekm": "18.00", "Totalnumberofhouseholdscurrentlyservedfromthescheme": "1000.0", "WhatistheserviceareaforthisschemeHowmanykilometersfromheredothep": "2.0", "Isthisschemeusedforagricultureandirrigationbyfarmers": "No", "Howmanyfarmersusethisscheme\u00a0": "0.0", "Whatistheaveragesizedfarmthatusesthiswaterhectares\u00a0": "0.0", "Isthewaterschemeusedforlivestock": "Yes", "Estimatednumberofcamelsusingschemeperday": "900.0", "Estimatednumberofcattleusingschemeperday": "600.0", "Estimatednumberofhorsesdonkeysusingwaterpointperday": "600.0", "Estimatednumberofgoatssheepusingwaterpointperday": "2500.0", "Isthewaterschemeusedforwatertrucking": "No", "Numberoftrucksfillingperday": "0.0", "Howmanytimesperweekdoesthewatertruckingoccur": "0.0", "Addanyothercommentsonwatertruckingdetails": "0", "ConstructionyearofthewellboreholeinEFYortheyearofrehabilitation": "35937", "Boreholeorwelldepthmeters": "120.0", "Physicalstateofthewellborehole": "Not bad", "TypeofPower": "Generator", "Productionofsystemyieldordischargemeterscubedhour": "12", "Isthereawatermeteratthewatersource": "No", "Isthewatermeterworking": "No", "Whatisthecurrentreadingofthewatermeter": "0.000000000", "Isthewaterschemecurrentlyfunctional": "Yes", "Pleasetakeapictureillustratingthenonfunctionalityorpartialfuncti": "https://api.mwater.co/v3/images/5de32911c2aa462b9df67c740f3ddedc", "Maincauseofnonfunctionalityorpartialfunctionality": "very old and lack of proper service", "MaincauseofnonfunctionalityorpartialfunctionalityOtherspecify": null, "Numberofmonthssincenonfunctional": "48", "Doestheschemehaveanyemergingproblemsthatmightleadtononfunctional": "Yes", "Pleasedescribetheproblemsthatmightleadtononfunctionalityinthenea": "The engine is very old and in bad condition.", "Wasthewaterschemeoutofserviceoneormoredaysinthelastmonth": "Yes", "Numberofdaysoutofserviceinthelastmonth": "3.0", "Dateoflastserviceorrepair": "14-Jun-17", "Howmanytimeshasthewaterschemebrokeninthelastyear": "2.0", "Describethefunctionalityproblemsoverthepastyear": "Lack of service", "Howmanydaysperweekdoesthepumprunonaverage": "6.0", "Howmanyhoursperdaydoesthepumprunonaverage": "8.0", "Isthisaseasonalwaterschemethatcommonlyfailsinthedryseason": "No", "Isthepumpusedlessduringwetrainyseason": "Yes", "Duringwetrainyseasonshowmanydaysaweekdoesthepumprunonaverage": "2.0", "Duringwetrainyseasonshowmanyhoursperdaydoesthepumprunonaverage": "3.0", "SolarPanelpowerratingWatts": "0", "SolarPanelCondition": "0", "Yearwhengeneratorwasinstalledoryearofreinstallation": "41041", "Physicalstateofthegenerator": "Not bad", "Generatorbrand": "Dayliff", "GeneratorbrandOtherspecify": null, "Generatormodel": "ECP28-V", "Generatorserialnumber": "1730869", "GeneratormaxAmpsstartingamps": "42.0", "Generatorpicture": "https://api.mwater.co/v3/images/a3d3c550e1594ac5a722c950c4d37240", "PumpControllerManufacturer1": "dayliff", "PumpControllerManufacturerOtherspecify": null, "PumpControllerModelNumber": null, "Pictureofpumpcontroller": "https://api.mwater.co/v3/images/002d44fc34e34114b74a095846720ee7", "PumpMotorModelNumber": null, "Pumpheadmodelnumber": null, "Typeandsizeofcasing": "6", "Wellpumpremarks": null, "Isasensorinstalledatthesite": "No", "Typeofsensorinstalled": null, "TypeofsensorinstalledOtherspecify": null, "Managementbody": "Watet users association", "Currentmanagementstatus": "bad", "Whatisthemethodofpayment1": "Cash", "WhatisthemethodofpaymentOtherspecify1": null, "Whatisthemethodofpayment2": null, "Typeoftariffsystemmostcommon": "cash", "WhatisthetariffamountinKES": "5.0", "Isthereaspecialtariffforlivestockperanimal": "Yes", "WhatisthetariffpercamelKES": 10.0, "WhatisthetariffpercattleKES": 5.0, "WhatisthetariffperhorsedonkeyKES": 0.0, "WhatisthetariffpergoatsheepKES": "2.0", "Isthereatariffperinstitutionschoolshealthcentresetc": null, "WhatisthemonthlyinstitutionaltariffKES": "#NULL!", "Numberofinstitutionssuppliedbyschemethatpayamonthlyinstitutional": "#NULL!", "Whenthisboreholeisworkingfromwheredohouseholdsprimarilygettheirw": "Communual water point", "Whenthisboreholeisworkingfromwheredohouseholdsprimarilygetthei_A": "Donkey carts tracking", "WhenthisboreholeisworkinghowmanyHOURSperdaydohouseholdstypically": "4.0", "Whenthisboreholeisnotworkingfromwheredohouseholdsprimarilygetthe": "Next strategic borehole", "WhenthisboreholeisNOTworkingandhouseholdshavetouseanalternativew": "24", "Hastherebeensomewaterqualitytestingforthisschemeinthepast": null, "Yearofmostrecentwaterqualitytestdone": null, "Whatwastheresult": null, "Aretherespecificcontaminantsofconcern": null, "AretherespecificcontaminantsofconcernOtherspecify": null, "MeasuredWaterQualityTemperature": null, "MeasuredWaterQualitySpecificconductancemicroSiemenspercm": null, "\u00a0MeasuredWaterQualityTotalDissolvedSolidsmilligramsliter": null, "Pleaseaddanotherrelevantnotesontheborehole": null, "V109": "#NULL!", "V110": null}, "geometry": {"type": "Point", "coordinates": [40.4564433, -0.0315291]}}, {"type": "Feature", "properties": {"Sno": 34, "SubCounty": "Dadaab", "Ward": "Damajaley", "Village": "Kiwanja borehole", "Latitude": -0.1151827, "Longitude": 40.7078369, "RuralUrban": "Rural", "DistancetonextstrategicBoreholekm": "10.00", "Totalnumberofhouseholdscurrentlyservedfromthescheme": "500.0", "WhatistheserviceareaforthisschemeHowmanykilometersfromheredothep": "2.0", "Isthisschemeusedforagricultureandirrigationbyfarmers": "No", "Howmanyfarmersusethisscheme\u00a0": "0.0", "Whatistheaveragesizedfarmthatusesthiswaterhectares\u00a0": "0.0", "Isthewaterschemeusedforlivestock": "No", "Estimatednumberofcamelsusingschemeperday": "2400.0", "Estimatednumberofcattleusingschemeperday": "400.0", "Estimatednumberofhorsesdonkeysusingwaterpointperday": "500.0", "Estimatednumberofgoatssheepusingwaterpointperday": "2500.0", "Isthewaterschemeusedforwatertrucking": "No", "Numberoftrucksfillingperday": "0.0", "Howmanytimesperweekdoesthewatertruckingoccur": "0.0", "Addanyothercommentsonwatertruckingdetails": "0", "ConstructionyearofthewellboreholeinEFYortheyearofrehabilitation": "41372", "Boreholeorwelldepthmeters": "168.0", "Physicalstateofthewellborehole": "Well", "TypeofPower": "Generator", "Productionofsystemyieldordischargemeterscubedhour": "14", "Isthereawatermeteratthewatersource": "Yes", "Isthewatermeterworking": "No", "Whatisthecurrentreadingofthewatermeter": "63911917.000000000", "Isthewaterschemecurrentlyfunctional": "Yes", "Pleasetakeapictureillustratingthenonfunctionalityorpartialfuncti": "https://api.mwater.co/v3/images/f22cb022344e4ee59152979714497eb3", "Maincauseofnonfunctionalityorpartialfunctionality": "lack of proper service", "MaincauseofnonfunctionalityorpartialfunctionalityOtherspecify": null, "Numberofmonthssincenonfunctional": "8", "Doestheschemehaveanyemergingproblemsthatmightleadtononfunctional": "Yes", "Pleasedescribetheproblemsthatmightleadtononfunctionalityinthenea": "Pump always fail", "Wasthewaterschemeoutofserviceoneormoredaysinthelastmonth": "Yes", "Numberofdaysoutofserviceinthelastmonth": "7.0", "Dateoflastserviceorrepair": "3-Jul-19", "Howmanytimeshasthewaterschemebrokeninthelastyear": "3.0", "Describethefunctionalityproblemsoverthepastyear": "Break down of pump", "Howmanydaysperweekdoesthepumprunonaverage": "7.0", "Howmanyhoursperdaydoesthepumprunonaverage": "8.0", "Isthisaseasonalwaterschemethatcommonlyfailsinthedryseason": "No", "Isthepumpusedlessduringwetrainyseason": "Yes", "Duringwetrainyseasonshowmanydaysaweekdoesthepumprunonaverage": "4.0", "Duringwetrainyseasonshowmanyhoursperdaydoesthepumprunonaverage": "5.0", "SolarPanelpowerratingWatts": "0", "SolarPanelCondition": "0", "Yearwhengeneratorwasinstalledoryearofreinstallation": "41622", "Physicalstateofthegenerator": "Good", "Generatorbrand": "Dayliff perkins", "GeneratorbrandOtherspecify": null, "Generatormodel": "PH4JBIT", "Generatorserialnumber": "141863", "GeneratormaxAmpsstartingamps": "32.0", "Generatorpicture": "https://api.mwater.co/v3/images/6090dff403e54fa2ba34fe2df981619c", "PumpControllerManufacturer1": "dayliff", "PumpControllerManufacturerOtherspecify": null, "PumpControllerModelNumber": "IPDP308MAPPCL", "Pictureofpumpcontroller": "https://api.mwater.co/v3/images/9ef504dd8d98437d95e0a9037e353d64", "PumpMotorModelNumber": null, "Pumpheadmodelnumber": null, "Typeandsizeofcasing": "8", "Wellpumpremarks": null, "Isasensorinstalledatthesite": "No", "Typeofsensorinstalled": "0", "TypeofsensorinstalledOtherspecify": null, "Managementbody": "Water users association", "Currentmanagementstatus": "good", "Whatisthemethodofpayment1": "Cash", "WhatisthemethodofpaymentOtherspecify1": null, "Whatisthemethodofpayment2": null, "Typeoftariffsystemmostcommon": "cash", "WhatisthetariffamountinKES": "5.0", "Isthereaspecialtariffforlivestockperanimal": "Yes", "WhatisthetariffpercamelKES": 10.0, "WhatisthetariffpercattleKES": 5.0, "WhatisthetariffperhorsedonkeyKES": 0.0, "WhatisthetariffpergoatsheepKES": "2.0", "Isthereatariffperinstitutionschoolshealthcentresetc": null, "WhatisthemonthlyinstitutionaltariffKES": "#NULL!", "Numberofinstitutionssuppliedbyschemethatpayamonthlyinstitutional": "#NULL!", "Whenthisboreholeisworkingfromwheredohouseholdsprimarilygettheirw": "Communal water association", "Whenthisboreholeisworkingfromwheredohouseholdsprimarilygetthei_A": "Donkey carts tracking", "WhenthisboreholeisworkinghowmanyHOURSperdaydohouseholdstypically": "3.0", "Whenthisboreholeisnotworkingfromwheredohouseholdsprimarilygetthe": "Next strategic borehole", "WhenthisboreholeisNOTworkingandhouseholdshavetouseanalternativew": "24", "Hastherebeensomewaterqualitytestingforthisschemeinthepast": "No", "Yearofmostrecentwaterqualitytestdone": null, "Whatwastheresult": null, "Aretherespecificcontaminantsofconcern": null, "AretherespecificcontaminantsofconcernOtherspecify": null, "MeasuredWaterQualityTemperature": null, "MeasuredWaterQualitySpecificconductancemicroSiemenspercm": null, "\u00a0MeasuredWaterQualityTotalDissolvedSolidsmilligramsliter": null, "Pleaseaddanotherrelevantnotesontheborehole": null, "V109": "#NULL!", "V110": null}, "geometry": {"type": "Point", "coordinates": [40.7078369, -0.1151827]}}, {"type": "Feature", "properties": {"Sno": 35, "SubCounty": "Dadaab", "Ward": "Damajaley", "Village": "Sheldub borehole", "Latitude": -0.0090744, "Longitude": 40.5802118, "RuralUrban": "Rural", "DistancetonextstrategicBoreholekm": "5.00", "Totalnumberofhouseholdscurrentlyservedfromthescheme": "480.0", "WhatistheserviceareaforthisschemeHowmanykilometersfromheredothep": "2.0", "Isthisschemeusedforagricultureandirrigationbyfarmers": "No", "Howmanyfarmersusethisscheme\u00a0": "0.0", "Whatistheaveragesizedfarmthatusesthiswaterhectares\u00a0": "0.0", "Isthewaterschemeusedforlivestock": "Yes", "Estimatednumberofcamelsusingschemeperday": "2000.0", "Estimatednumberofcattleusingschemeperday": "500.0", "Estimatednumberofhorsesdonkeysusingwaterpointperday": "200.0", "Estimatednumberofgoatssheepusingwaterpointperday": "3000.0", "Isthewaterschemeusedforwatertrucking": "No", "Numberoftrucksfillingperday": "0.0", "Howmanytimesperweekdoesthewatertruckingoccur": "0.0", "Addanyothercommentsonwatertruckingdetails": "0", "ConstructionyearofthewellboreholeinEFYortheyearofrehabilitation": "42095", "Boreholeorwelldepthmeters": "264.0", "Physicalstateofthewellborehole": "Very good", "TypeofPower": "Generator", "Productionofsystemyieldordischargemeterscubedhour": "14", "Isthereawatermeteratthewatersource": "Yes", "Isthewatermeterworking": "No", "Whatisthecurrentreadingofthewatermeter": "3552214.000000000", "Isthewaterschemecurrentlyfunctional": "Yes", "Pleasetakeapictureillustratingthenonfunctionalityorpartialfuncti": "https://api.mwater.co/v3/images/7d0a2dad4e6c4221bcf2b0d035d5aaa0", "Maincauseofnonfunctionalityorpartialfunctionality": "Lack of service", "MaincauseofnonfunctionalityorpartialfunctionalityOtherspecify": null, "Numberofmonthssincenonfunctional": "4", "Doestheschemehaveanyemergingproblemsthatmightleadtononfunctional": "No", "Pleasedescribetheproblemsthatmightleadtononfunctionalityinthenea": "Pump failed sometimes", "Wasthewaterschemeoutofserviceoneormoredaysinthelastmonth": "No", "Numberofdaysoutofserviceinthelastmonth": "0.0", "Dateoflastserviceorrepair": "17-Apr-19", "Howmanytimeshasthewaterschemebrokeninthelastyear": "0.0", "Describethefunctionalityproblemsoverthepastyear": null, "Howmanydaysperweekdoesthepumprunonaverage": "5.0", "Howmanyhoursperdaydoesthepumprunonaverage": "10.0", "Isthisaseasonalwaterschemethatcommonlyfailsinthedryseason": "No", "Isthepumpusedlessduringwetrainyseason": "Yes", "Duringwetrainyseasonshowmanydaysaweekdoesthepumprunonaverage": "3.0", "Duringwetrainyseasonshowmanyhoursperdaydoesthepumprunonaverage": "5.0", "SolarPanelpowerratingWatts": "0", "SolarPanelCondition": "0", "Yearwhengeneratorwasinstalledoryearofreinstallation": "42074", "Physicalstateofthegenerator": "Very good", "Generatorbrand": "Dayliff perkins", "GeneratorbrandOtherspecify": null, "Generatormodel": "PH41BIT", "Generatorserialnumber": "150610", "GeneratormaxAmpsstartingamps": "32.0", "Generatorpicture": "https://api.mwater.co/v3/images/19fc9fb134ff407b8d16421f90d16a3b; https://api.mwater.co/v3/images/d292babe269a419a90e1252f9fb71f17", "PumpControllerManufacturer1": "dayliff", "PumpControllerManufacturerOtherspecify": null, "PumpControllerModelNumber": null, "Pictureofpumpcontroller": "https://api.mwater.co/v3/images/37297cb00bd14023b370cdea736ea535", "PumpMotorModelNumber": null, "Pumpheadmodelnumber": null, "Typeandsizeofcasing": "6", "Wellpumpremarks": null, "Isasensorinstalledatthesite": "No", "Typeofsensorinstalled": null, "TypeofsensorinstalledOtherspecify": null, "Managementbody": "Water users association", "Currentmanagementstatus": "good", "Whatisthemethodofpayment1": "Cash", "WhatisthemethodofpaymentOtherspecify1": null, "Whatisthemethodofpayment2": null, "Typeoftariffsystemmostcommon": "cash", "WhatisthetariffamountinKES": "5.0", "Isthereaspecialtariffforlivestockperanimal": "Yes", "WhatisthetariffpercamelKES": 10.0, "WhatisthetariffpercattleKES": 5.0, "WhatisthetariffperhorsedonkeyKES": 0.0, "WhatisthetariffpergoatsheepKES": "2.0", "Isthereatariffperinstitutionschoolshealthcentresetc": null, "WhatisthemonthlyinstitutionaltariffKES": "#NULL!", "Numberofinstitutionssuppliedbyschemethatpayamonthlyinstitutional": "#NULL!", "Whenthisboreholeisworkingfromwheredohouseholdsprimarilygettheirw": "Communal water point", "Whenthisboreholeisworkingfromwheredohouseholdsprimarilygetthei_A": "Donkey carts tracking", "WhenthisboreholeisworkinghowmanyHOURSperdaydohouseholdstypically": "4.0", "Whenthisboreholeisnotworkingfromwheredohouseholdsprimarilygetthe": "Next strategic borehole", "WhenthisboreholeisNOTworkingandhouseholdshavetouseanalternativew": "24", "Hastherebeensomewaterqualitytestingforthisschemeinthepast": "No", "Yearofmostrecentwaterqualitytestdone": null, "Whatwastheresult": null, "Aretherespecificcontaminantsofconcern": null, "AretherespecificcontaminantsofconcernOtherspecify": null, "MeasuredWaterQualityTemperature": null, "MeasuredWaterQualitySpecificconductancemicroSiemenspercm": null, "\u00a0MeasuredWaterQualityTotalDissolvedSolidsmilligramsliter": null, "Pleaseaddanotherrelevantnotesontheborehole": null, "V109": "#NULL!", "V110": null}, "geometry": {"type": "Point", "coordinates": [40.5802118, -0.0090744]}}, {"type": "Feature", "properties": {"Sno": 36, "SubCounty": "Dadaab", "Ward": "Labasigale", "Village": "Labasigale borehole", "Latitude": 0.1728008, "Longitude": 40.285026, "RuralUrban": "Rural", "DistancetonextstrategicBoreholekm": "5.00", "Totalnumberofhouseholdscurrentlyservedfromthescheme": "550.0", "WhatistheserviceareaforthisschemeHowmanykilometersfromheredothep": "2.0", "Isthisschemeusedforagricultureandirrigationbyfarmers": "No", "Howmanyfarmersusethisscheme\u00a0": "0.0", "Whatistheaveragesizedfarmthatusesthiswaterhectares\u00a0": "0.0", "Isthewaterschemeusedforlivestock": "No", "Estimatednumberofcamelsusingschemeperday": "0.0", "Estimatednumberofcattleusingschemeperday": "0.0", "Estimatednumberofhorsesdonkeysusingwaterpointperday": "0.0", "Estimatednumberofgoatssheepusingwaterpointperday": "0.0", "Isthewaterschemeusedforwatertrucking": "No", "Numberoftrucksfillingperday": "0.0", "Howmanytimesperweekdoesthewatertruckingoccur": "0.0", "Addanyothercommentsonwatertruckingdetails": null, "ConstructionyearofthewellboreholeinEFYortheyearofrehabilitation": "41457", "Boreholeorwelldepthmeters": "168.0", "Physicalstateofthewellborehole": "good", "TypeofPower": "generator", "Productionofsystemyieldordischargemeterscubedhour": "14", "Isthereawatermeteratthewatersource": "No", "Isthewatermeterworking": "No", "Whatisthecurrentreadingofthewatermeter": "0.000000000", "Isthewaterschemecurrentlyfunctional": "Yes", "Pleasetakeapictureillustratingthenonfunctionalityorpartialfuncti": "https://api.mwater.co/v3/images/ffc35812eb5a45c1bfa8c2967d33d440", "Maincauseofnonfunctionalityorpartialfunctionality": "very old and lack of proper service", "MaincauseofnonfunctionalityorpartialfunctionalityOtherspecify": null, "Numberofmonthssincenonfunctional": null, "Doestheschemehaveanyemergingproblemsthatmightleadtononfunctional": "No", "Pleasedescribetheproblemsthatmightleadtononfunctionalityinthenea": null, "Wasthewaterschemeoutofserviceoneormoredaysinthelastmonth": "Yes", "Numberofdaysoutofserviceinthelastmonth": "2.0", "Dateoflastserviceorrepair": "12-Apr-19", "Howmanytimeshasthewaterschemebrokeninthelastyear": "2.0", "Describethefunctionalityproblemsoverthepastyear": "Lack of proper service", "Howmanydaysperweekdoesthepumprunonaverage": "6.0", "Howmanyhoursperdaydoesthepumprunonaverage": "8.0", "Isthisaseasonalwaterschemethatcommonlyfailsinthedryseason": "No", "Isthepumpusedlessduringwetrainyseason": "Yes", "Duringwetrainyseasonshowmanydaysaweekdoesthepumprunonaverage": "5.0", "Duringwetrainyseasonshowmanyhoursperdaydoesthepumprunonaverage": "8.0", "SolarPanelpowerratingWatts": null, "SolarPanelCondition": null, "Yearwhengeneratorwasinstalledoryearofreinstallation": "41467", "Physicalstateofthegenerator": "good", "Generatorbrand": "parkins", "GeneratorbrandOtherspecify": null, "Generatormodel": "U048997N", "Generatorserialnumber": "2062997013", "GeneratormaxAmpsstartingamps": "42.0", "Generatorpicture": "https://api.mwater.co/v3/images/4c84b1b4c4324dbfb4dd3c98e4f2df4a", "PumpControllerManufacturer1": "dayliff", "PumpControllerManufacturerOtherspecify": null, "PumpControllerModelNumber": null, "Pictureofpumpcontroller": "https://api.mwater.co/v3/images/07e074d025fd4f8e8f79b37f390623cb", "PumpMotorModelNumber": null, "Pumpheadmodelnumber": null, "Typeandsizeofcasing": "6", "Wellpumpremarks": null, "Isasensorinstalledatthesite": "No", "Typeofsensorinstalled": null, "TypeofsensorinstalledOtherspecify": null, "Managementbody": "Water users association", "Currentmanagementstatus": "good", "Whatisthemethodofpayment1": "Cash", "WhatisthemethodofpaymentOtherspecify1": null, "Whatisthemethodofpayment2": null, "Typeoftariffsystemmostcommon": "cash", "WhatisthetariffamountinKES": "5.0", "Isthereaspecialtariffforlivestockperanimal": "No", "WhatisthetariffpercamelKES": null, "WhatisthetariffpercattleKES": null, "WhatisthetariffperhorsedonkeyKES": null, "WhatisthetariffpergoatsheepKES": "#NULL!", "Isthereatariffperinstitutionschoolshealthcentresetc": null, "WhatisthemonthlyinstitutionaltariffKES": "#NULL!", "Numberofinstitutionssuppliedbyschemethatpayamonthlyinstitutional": "#NULL!", "Whenthisboreholeisworkingfromwheredohouseholdsprimarilygettheirw": "Communual water point", "Whenthisboreholeisworkingfromwheredohouseholdsprimarilygetthei_A": "Donkey carts tracking", "WhenthisboreholeisworkinghowmanyHOURSperdaydohouseholdstypically": "3.0", "Whenthisboreholeisnotworkingfromwheredohouseholdsprimarilygetthe": "Next strategic borehole", "WhenthisboreholeisNOTworkingandhouseholdshavetouseanalternativew": "24", "Hastherebeensomewaterqualitytestingforthisschemeinthepast": "No", "Yearofmostrecentwaterqualitytestdone": null, "Whatwastheresult": null, "Aretherespecificcontaminantsofconcern": null, "AretherespecificcontaminantsofconcernOtherspecify": null, "MeasuredWaterQualityTemperature": null, "MeasuredWaterQualitySpecificconductancemicroSiemenspercm": null, "\u00a0MeasuredWaterQualityTotalDissolvedSolidsmilligramsliter": null, "Pleaseaddanotherrelevantnotesontheborehole": null, "V109": "#NULL!", "V110": null}, "geometry": {"type": "Point", "coordinates": [40.285026, 0.1728008]}}, {"type": "Feature", "properties": {"Sno": 37, "SubCounty": "Dadaab", "Ward": null, "Village": "Saretho", "Latitude": -0.0235772, "Longitude": 40.13400148, "RuralUrban": "Rural", "DistancetonextstrategicBoreholekm": "#NULL!", "Totalnumberofhouseholdscurrentlyservedfromthescheme": "1000.0", "WhatistheserviceareaforthisschemeHowmanykilometersfromheredothep": "1.0", "Isthisschemeusedforagricultureandirrigationbyfarmers": "No", "Howmanyfarmersusethisscheme\u00a0": "#NULL!", "Whatistheaveragesizedfarmthatusesthiswaterhectares\u00a0": "#NULL!", "Isthewaterschemeusedforlivestock": "Yes", "Estimatednumberofcamelsusingschemeperday": "500.0", "Estimatednumberofcattleusingschemeperday": "1000.0", "Estimatednumberofhorsesdonkeysusingwaterpointperday": "200.0", "Estimatednumberofgoatssheepusingwaterpointperday": "5000.0", "Isthewaterschemeusedforwatertrucking": "No", "Numberoftrucksfillingperday": "#NULL!", "Howmanytimesperweekdoesthewatertruckingoccur": "#NULL!", "Addanyothercommentsonwatertruckingdetails": null, "ConstructionyearofthewellboreholeinEFYortheyearofrehabilitation": "2011", "Boreholeorwelldepthmeters": "#NULL!", "Physicalstateofthewellborehole": "Normal", "TypeofPower": "Generator", "Productionofsystemyieldordischargemeterscubedhour": "20", "Isthereawatermeteratthewatersource": "No", "Isthewatermeterworking": "No", "Whatisthecurrentreadingofthewatermeter": "#NULL!", "Isthewaterschemecurrentlyfunctional": "Fun", "Pleasetakeapictureillustratingthenonfunctionalityorpartialfuncti": null, "Maincauseofnonfunctionalityorpartialfunctionality": null, "MaincauseofnonfunctionalityorpartialfunctionalityOtherspecify": null, "Numberofmonthssincenonfunctional": null, "Doestheschemehaveanyemergingproblemsthatmightleadtononfunctional": "No", "Pleasedescribetheproblemsthatmightleadtononfunctionalityinthenea": null, "Wasthewaterschemeoutofserviceoneormoredaysinthelastmonth": "No", "Numberofdaysoutofserviceinthelastmonth": "#NULL!", "Dateoflastserviceorrepair": "#NULL!", "Howmanytimeshasthewaterschemebrokeninthelastyear": "#NULL!", "Describethefunctionalityproblemsoverthepastyear": null, "Howmanydaysperweekdoesthepumprunonaverage": "7.0", "Howmanyhoursperdaydoesthepumprunonaverage": "8.0", "Isthisaseasonalwaterschemethatcommonlyfailsinthedryseason": "No", "Isthepumpusedlessduringwetrainyseason": "Yes", "Duringwetrainyseasonshowmanydaysaweekdoesthepumprunonaverage": "5.0", "Duringwetrainyseasonshowmanyhoursperdaydoesthepumprunonaverage": "3.0", "SolarPanelpowerratingWatts": null, "SolarPanelCondition": null, "Yearwhengeneratorwasinstalledoryearofreinstallation": "2011", "Physicalstateofthegenerator": "Normal", "Generatorbrand": "Lister Petter", "GeneratorbrandOtherspecify": null, "Generatormodel": "Lister", "Generatorserialnumber": null, "GeneratormaxAmpsstartingamps": "#NULL!", "Generatorpicture": "https://api.mwater.co/v3/images/560841a87c5a4366ab72b0db125f5170", "PumpControllerManufacturer1": "Grundfos", "PumpControllerManufacturerOtherspecify": null, "PumpControllerModelNumber": "PS21k2", "Pictureofpumpcontroller": "https://api.mwater.co/v3/images/b21d0827bae34e1f951bb4ed3ef1068a", "PumpMotorModelNumber": null, "Pumpheadmodelnumber": null, "Typeandsizeofcasing": null, "Wellpumpremarks": null, "Isasensorinstalledatthesite": "Yes", "Typeofsensorinstalled": "SweetSense", "TypeofsensorinstalledOtherspecify": null, "Managementbody": "No management organisation", "Currentmanagementstatus": null, "Whatisthemethodofpayment1": null, "WhatisthemethodofpaymentOtherspecify1": null, "Whatisthemethodofpayment2": null, "Typeoftariffsystemmostcommon": "Tariff per Je", "WhatisthetariffamountinKES": "3.0", "Isthereaspecialtariffforlivestockperanimal": "Yes", "WhatisthetariffpercamelKES": 10.0, "WhatisthetariffpercattleKES": 4.0, "WhatisthetariffperhorsedonkeyKES": 0.0, "WhatisthetariffpergoatsheepKES": "1.0", "Isthereatariffperinstitutionschoolshealthcentresetc": "No", "WhatisthemonthlyinstitutionaltariffKES": "#NULL!", "Numberofinstitutionssuppliedbyschemethatpayamonthlyinstitutional": "#NULL!", "Whenthisboreholeisworkingfromwheredohouseholdsprimarilygettheirw": "community tap", "Whenthisboreholeisworkingfromwheredohouseholdsprimarilygetthei_A": null, "WhenthisboreholeisworkinghowmanyHOURSperdaydohouseholdstypically": "4.0", "Whenthisboreholeisnotworkingfromwheredohouseholdsprimarilygetthe": "A surface water source", "WhenthisboreholeisNOTworkingandhouseholdshavetouseanalternativew": "6", "Hastherebeensomewaterqualitytestingforthisschemeinthepast": "Yes", "Yearofmostrecentwaterqualitytestdone": "2011", "Whatwastheresult": "Water is safe", "Aretherespecificcontaminantsofconcern": null, "AretherespecificcontaminantsofconcernOtherspecify": null, "MeasuredWaterQualityTemperature": null, "MeasuredWaterQualitySpecificconductancemicroSiemenspercm": null, "\u00a0MeasuredWaterQualityTotalDissolvedSolidsmilligramsliter": null, "Pleaseaddanotherrelevantnotesontheborehole": null, "V109": "#NULL!", "V110": null}, "geometry": {"type": "Point", "coordinates": [40.13400148, -0.0235772]}}, {"type": "Feature", "properties": {"Sno": 38, "SubCounty": "Dadaab", "Ward": null, "Village": "Kumahumato", "Latitude": 0.31351136, "Longitude": 40.08078799, "RuralUrban": "Rural", "DistancetonextstrategicBoreholekm": "#NULL!", "Totalnumberofhouseholdscurrentlyservedfromthescheme": "550.0", "WhatistheserviceareaforthisschemeHowmanykilometersfromheredothep": "1.0", "Isthisschemeusedforagricultureandirrigationbyfarmers": "No", "Howmanyfarmersusethisscheme\u00a0": "#NULL!", "Whatistheaveragesizedfarmthatusesthiswaterhectares\u00a0": "#NULL!", "Isthewaterschemeusedforlivestock": "Yes", "Estimatednumberofcamelsusingschemeperday": "0.0", "Estimatednumberofcattleusingschemeperday": "0.0", "Estimatednumberofhorsesdonkeysusingwaterpointperday": "0.0", "Estimatednumberofgoatssheepusingwaterpointperday": "1000.0", "Isthewaterschemeusedforwatertrucking": "No", "Numberoftrucksfillingperday": "#NULL!", "Howmanytimesperweekdoesthewatertruckingoccur": "#NULL!", "Addanyothercommentsonwatertruckingdetails": null, "ConstructionyearofthewellboreholeinEFYortheyearofrehabilitation": "2003", "Boreholeorwelldepthmeters": "#NULL!", "Physicalstateofthewellborehole": "Normal", "TypeofPower": "Generator", "Productionofsystemyieldordischargemeterscubedhour": "20", "Isthereawatermeteratthewatersource": "Yes", "Isthewatermeterworking": "No", "Whatisthecurrentreadingofthewatermeter": "171677.000000000", "Isthewaterschemecurrentlyfunctional": "Par", "Pleasetakeapictureillustratingthenonfunctionalityorpartialfuncti": "https://api.mwater.co/v3/images/9b96a9c30d6d40bd91f08d6e751eb23c", "Maincauseofnonfunctionalityorpartialfunctionality": "Generator failure", "MaincauseofnonfunctionalityorpartialfunctionalityOtherspecify": null, "Numberofmonthssincenonfunctional": "1", "Doestheschemehaveanyemergingproblemsthatmightleadtononfunctional": "No", "Pleasedescribetheproblemsthatmightleadtononfunctionalityinthenea": null, "Wasthewaterschemeoutofserviceoneormoredaysinthelastmonth": "Yes", "Numberofdaysoutofserviceinthelastmonth": "30.0", "Dateoflastserviceorrepair": "#NULL!", "Howmanytimeshasthewaterschemebrokeninthelastyear": "20.0", "Describethefunctionalityproblemsoverthepastyear": "Power control panel had issues. in constantly cuts of powervwhike pumpin", "Howmanydaysperweekdoesthepumprunonaverage": "2.0", "Howmanyhoursperdaydoesthepumprunonaverage": "2.0", "Isthisaseasonalwaterschemethatcommonlyfailsinthedryseason": "No", "Isthepumpusedlessduringwetrainyseason": "Yes", "Duringwetrainyseasonshowmanydaysaweekdoesthepumprunonaverage": "1.0", "Duringwetrainyseasonshowmanyhoursperdaydoesthepumprunonaverage": "2.0", "SolarPanelpowerratingWatts": null, "SolarPanelCondition": null, "Yearwhengeneratorwasinstalledoryearofreinstallation": "2014", "Physicalstateofthegenerator": "Poor", "Generatorbrand": "Other (please s", "GeneratorbrandOtherspecify": "FG Wilson", "Generatormodel": "PEPP4", "Generatorserialnumber": "FGWPEPP4PETH", "GeneratormaxAmpsstartingamps": "27.0", "Generatorpicture": "https://api.mwater.co/v3/images/331b385e6f844bb7889b2b36f0b24f6c", "PumpControllerManufacturer1": null, "PumpControllerManufacturerOtherspecify": null, "PumpControllerModelNumber": null, "Pictureofpumpcontroller": "https://api.mwater.co/v3/images/72e9258e521b40ba97ee72b95f41bb0a", "PumpMotorModelNumber": null, "Pumpheadmodelnumber": null, "Typeandsizeofcasing": null, "Wellpumpremarks": null, "Isasensorinstalledatthesite": "Yes", "Typeofsensorinstalled": "SweetSense", "TypeofsensorinstalledOtherspecify": null, "Managementbody": "No management organisation", "Currentmanagementstatus": null, "Whatisthemethodofpayment1": null, "WhatisthemethodofpaymentOtherspecify1": null, "Whatisthemethodofpayment2": null, "Typeoftariffsystemmostcommon": "Tariff per Je", "WhatisthetariffamountinKES": "2.0", "Isthereaspecialtariffforlivestockperanimal": "Yes", "WhatisthetariffpercamelKES": null, "WhatisthetariffpercattleKES": null, "WhatisthetariffperhorsedonkeyKES": null, "WhatisthetariffpergoatsheepKES": "1.0", "Isthereatariffperinstitutionschoolshealthcentresetc": "No", "WhatisthemonthlyinstitutionaltariffKES": "#NULL!", "Numberofinstitutionssuppliedbyschemethatpayamonthlyinstitutional": "#NULL!", "Whenthisboreholeisworkingfromwheredohouseholdsprimarilygettheirw": "Other (please specify)", "Whenthisboreholeisworkingfromwheredohouseholdsprimarilygetthei_A": "They Siphonvfrom the masonry tank.", "WhenthisboreholeisworkinghowmanyHOURSperdaydohouseholdstypically": "4.0", "Whenthisboreholeisnotworkingfromwheredohouseholdsprimarilygetthe": "A surface water source", "WhenthisboreholeisNOTworkingandhouseholdshavetouseanalternativew": "6", "Hastherebeensomewaterqualitytestingforthisschemeinthepast": "Yes", "Yearofmostrecentwaterqualitytestdone": "Don't Know", "Whatwastheresult": null, "Aretherespecificcontaminantsofconcern": null, "AretherespecificcontaminantsofconcernOtherspecify": null, "MeasuredWaterQualityTemperature": null, "MeasuredWaterQualitySpecificconductancemicroSiemenspercm": null, "\u00a0MeasuredWaterQualityTotalDissolvedSolidsmilligramsliter": null, "Pleaseaddanotherrelevantnotesontheborehole": null, "V109": "#NULL!", "V110": null}, "geometry": {"type": "Point", "coordinates": [40.08078799, 0.31351136]}}, {"type": "Feature", "properties": {"Sno": 39, "SubCounty": "Daadab", "Ward": null, "Village": "Alikune", "Latitude": 0.34589213, "Longitude": 40.01740138, "RuralUrban": "Rural", "DistancetonextstrategicBoreholekm": "#NULL!", "Totalnumberofhouseholdscurrentlyservedfromthescheme": "480.0", "WhatistheserviceareaforthisschemeHowmanykilometersfromheredothep": "1.0", "Isthisschemeusedforagricultureandirrigationbyfarmers": "No", "Howmanyfarmersusethisscheme\u00a0": "#NULL!", "Whatistheaveragesizedfarmthatusesthiswaterhectares\u00a0": "#NULL!", "Isthewaterschemeusedforlivestock": "Yes", "Estimatednumberofcamelsusingschemeperday": "0.0", "Estimatednumberofcattleusingschemeperday": "0.0", "Estimatednumberofhorsesdonkeysusingwaterpointperday": "100.0", "Estimatednumberofgoatssheepusingwaterpointperday": "8000.0", "Isthewaterschemeusedforwatertrucking": "No", "Numberoftrucksfillingperday": "#NULL!", "Howmanytimesperweekdoesthewatertruckingoccur": "#NULL!", "Addanyothercommentsonwatertruckingdetails": null, "ConstructionyearofthewellboreholeinEFYortheyearofrehabilitation": "2002", "Boreholeorwelldepthmeters": "#NULL!", "Physicalstateofthewellborehole": "Normal", "TypeofPower": "Generator", "Productionofsystemyieldordischargemeterscubedhour": "20", "Isthereawatermeteratthewatersource": "No", "Isthewatermeterworking": "No", "Whatisthecurrentreadingofthewatermeter": "#NULL!", "Isthewaterschemecurrentlyfunctional": "Fun", "Pleasetakeapictureillustratingthenonfunctionalityorpartialfuncti": null, "Maincauseofnonfunctionalityorpartialfunctionality": null, "MaincauseofnonfunctionalityorpartialfunctionalityOtherspecify": null, "Numberofmonthssincenonfunctional": null, "Doestheschemehaveanyemergingproblemsthatmightleadtononfunctional": "No", "Pleasedescribetheproblemsthatmightleadtononfunctionalityinthenea": null, "Wasthewaterschemeoutofserviceoneormoredaysinthelastmonth": "Yes", "Numberofdaysoutofserviceinthelastmonth": "30.0", "Dateoflastserviceorrepair": "#NULL!", "Howmanytimeshasthewaterschemebrokeninthelastyear": "5.0", "Describethefunctionalityproblemsoverthepastyear": null, "Howmanydaysperweekdoesthepumprunonaverage": "7.0", "Howmanyhoursperdaydoesthepumprunonaverage": "3.0", "Isthisaseasonalwaterschemethatcommonlyfailsinthedryseason": "No", "Isthepumpusedlessduringwetrainyseason": "Yes", "Duringwetrainyseasonshowmanydaysaweekdoesthepumprunonaverage": "4.0", "Duringwetrainyseasonshowmanyhoursperdaydoesthepumprunonaverage": "2.0", "SolarPanelpowerratingWatts": null, "SolarPanelCondition": null, "Yearwhengeneratorwasinstalledoryearofreinstallation": "2002", "Physicalstateofthegenerator": "Normal", "Generatorbrand": "Perkins", "GeneratorbrandOtherspecify": null, "Generatormodel": "DJ51279", "Generatorserialnumber": "U019205M", "GeneratormaxAmpsstartingamps": "30.0", "Generatorpicture": "https://api.mwater.co/v3/images/6a944e7a61514c04b07ba00fc6211887", "PumpControllerManufacturer1": "Grundfos", "PumpControllerManufacturerOtherspecify": null, "PumpControllerModelNumber": "V08", "Pictureofpumpcontroller": "https://api.mwater.co/v3/images/4ffc54daf08b4cc6ac94cd0d5bd76af2", "PumpMotorModelNumber": null, "Pumpheadmodelnumber": null, "Typeandsizeofcasing": null, "Wellpumpremarks": null, "Isasensorinstalledatthesite": "Yes", "Typeofsensorinstalled": "SweetSense", "TypeofsensorinstalledOtherspecify": null, "Managementbody": "No management organisation", "Currentmanagementstatus": null, "Whatisthemethodofpayment1": null, "WhatisthemethodofpaymentOtherspecify1": null, "Whatisthemethodofpayment2": null, "Typeoftariffsystemmostcommon": "Tariff per Je", "WhatisthetariffamountinKES": "5.0", "Isthereaspecialtariffforlivestockperanimal": "Yes", "WhatisthetariffpercamelKES": null, "WhatisthetariffpercattleKES": null, "WhatisthetariffperhorsedonkeyKES": null, "WhatisthetariffpergoatsheepKES": "1.0", "Isthereatariffperinstitutionschoolshealthcentresetc": "No", "WhatisthemonthlyinstitutionaltariffKES": "#NULL!", "Numberofinstitutionssuppliedbyschemethatpayamonthlyinstitutional": "#NULL!", "Whenthisboreholeisworkingfromwheredohouseholdsprimarilygettheirw": "community tap", "Whenthisboreholeisworkingfromwheredohouseholdsprimarilygetthei_A": null, "WhenthisboreholeisworkinghowmanyHOURSperdaydohouseholdstypically": "3.0", "Whenthisboreholeisnotworkingfromwheredohouseholdsprimarilygetthe": "A surface water source", "WhenthisboreholeisNOTworkingandhouseholdshavetouseanalternativew": "5", "Hastherebeensomewaterqualitytestingforthisschemeinthepast": "Yes", "Yearofmostrecentwaterqualitytestdone": "Don't Know", "Whatwastheresult": null, "Aretherespecificcontaminantsofconcern": null, "AretherespecificcontaminantsofconcernOtherspecify": null, "MeasuredWaterQualityTemperature": null, "MeasuredWaterQualitySpecificconductancemicroSiemenspercm": null, "\u00a0MeasuredWaterQualityTotalDissolvedSolidsmilligramsliter": null, "Pleaseaddanotherrelevantnotesontheborehole": null, "V109": "#NULL!", "V110": null}, "geometry": {"type": "Point", "coordinates": [40.01740138, 0.34589213]}}, {"type": "Feature", "properties": {"Sno": 40, "SubCounty": "Daadab", "Ward": null, "Village": "Udhole", "Latitude": 0.31359809, "Longitude": 39.78187193, "RuralUrban": "Rural", "DistancetonextstrategicBoreholekm": "#NULL!", "Totalnumberofhouseholdscurrentlyservedfromthescheme": "200.0", "WhatistheserviceareaforthisschemeHowmanykilometersfromheredothep": "1.0", "Isthisschemeusedforagricultureandirrigationbyfarmers": "No", "Howmanyfarmersusethisscheme\u00a0": "#NULL!", "Whatistheaveragesizedfarmthatusesthiswaterhectares\u00a0": "#NULL!", "Isthewaterschemeusedforlivestock": "No", "Estimatednumberofcamelsusingschemeperday": "#NULL!", "Estimatednumberofcattleusingschemeperday": "#NULL!", "Estimatednumberofhorsesdonkeysusingwaterpointperday": "#NULL!", "Estimatednumberofgoatssheepusingwaterpointperday": "#NULL!", "Isthewaterschemeusedforwatertrucking": "No", "Numberoftrucksfillingperday": "#NULL!", "Howmanytimesperweekdoesthewatertruckingoccur": "#NULL!", "Addanyothercommentsonwatertruckingdetails": null, "ConstructionyearofthewellboreholeinEFYortheyearofrehabilitation": "2012", "Boreholeorwelldepthmeters": "#NULL!", "Physicalstateofthewellborehole": "Normal", "TypeofPower": "Generator", "Productionofsystemyieldordischargemeterscubedhour": "20", "Isthereawatermeteratthewatersource": "No", "Isthewatermeterworking": "No", "Whatisthecurrentreadingofthewatermeter": "#NULL!", "Isthewaterschemecurrentlyfunctional": "Par", "Pleasetakeapictureillustratingthenonfunctionalityorpartialfuncti": "https://api.mwater.co/v3/images/c3f307c1db0b411ab485f96958aaa248", "Maincauseofnonfunctionalityorpartialfunctionality": "Other (please specify)", "MaincauseofnonfunctionalityorpartialfunctionalityOtherspecify": "Radiator of the generator bursted.", "Numberofmonthssincenonfunctional": "3", "Doestheschemehaveanyemergingproblemsthatmightleadtononfunctional": "No", "Pleasedescribetheproblemsthatmightleadtononfunctionalityinthenea": null, "Wasthewaterschemeoutofserviceoneormoredaysinthelastmonth": "Yes", "Numberofdaysoutofserviceinthelastmonth": "90.0", "Dateoflastserviceorrepair": "#NULL!", "Howmanytimeshasthewaterschemebrokeninthelastyear": "#NULL!", "Describethefunctionalityproblemsoverthepastyear": null, "Howmanydaysperweekdoesthepumprunonaverage": "3.0", "Howmanyhoursperdaydoesthepumprunonaverage": "1.0", "Isthisaseasonalwaterschemethatcommonlyfailsinthedryseason": "No", "Isthepumpusedlessduringwetrainyseason": "Yes", "Duringwetrainyseasonshowmanydaysaweekdoesthepumprunonaverage": "2.0", "Duringwetrainyseasonshowmanyhoursperdaydoesthepumprunonaverage": "1.0", "SolarPanelpowerratingWatts": null, "SolarPanelCondition": null, "Yearwhengeneratorwasinstalledoryearofreinstallation": "2012", "Physicalstateofthegenerator": "Poor", "Generatorbrand": "Other (please s", "GeneratorbrandOtherspecify": "Dayliff", "Generatormodel": "DAYLIFF P36S", "Generatorserialnumber": "PG13040207", "GeneratormaxAmpsstartingamps": "64.9", "Generatorpicture": "https://api.mwater.co/v3/images/369ea48e7c674b29839f706d74b80db1", "PumpControllerManufacturer1": "Grundfos", "PumpControllerManufacturerOtherspecify": null, "PumpControllerModelNumber": "96079927", "Pictureofpumpcontroller": "https://api.mwater.co/v3/images/e9909492053f4e1bb1c165543ac0a0b3", "PumpMotorModelNumber": null, "Pumpheadmodelnumber": null, "Typeandsizeofcasing": null, "Wellpumpremarks": null, "Isasensorinstalledatthesite": "Yes", "Typeofsensorinstalled": "SweetSense", "TypeofsensorinstalledOtherspecify": null, "Managementbody": "No management organisation", "Currentmanagementstatus": null, "Whatisthemethodofpayment1": null, "WhatisthemethodofpaymentOtherspecify1": null, "Whatisthemethodofpayment2": null, "Typeoftariffsystemmostcommon": "Tariff per Je", "WhatisthetariffamountinKES": "3.0", "Isthereaspecialtariffforlivestockperanimal": "Yes", "WhatisthetariffpercamelKES": null, "WhatisthetariffpercattleKES": null, "WhatisthetariffperhorsedonkeyKES": null, "WhatisthetariffpergoatsheepKES": "1.0", "Isthereatariffperinstitutionschoolshealthcentresetc": "No", "WhatisthemonthlyinstitutionaltariffKES": "#NULL!", "Numberofinstitutionssuppliedbyschemethatpayamonthlyinstitutional": "#NULL!", "Whenthisboreholeisworkingfromwheredohouseholdsprimarilygettheirw": "household tap", "Whenthisboreholeisworkingfromwheredohouseholdsprimarilygetthei_A": null, "WhenthisboreholeisworkinghowmanyHOURSperdaydohouseholdstypically": "2.0", "Whenthisboreholeisnotworkingfromwheredohouseholdsprimarilygetthe": "A surface water source", "WhenthisboreholeisNOTworkingandhouseholdshavetouseanalternativew": "5", "Hastherebeensomewaterqualitytestingforthisschemeinthepast": "Yes", "Yearofmostrecentwaterqualitytestdone": "Don't Know", "Whatwastheresult": null, "Aretherespecificcontaminantsofconcern": null, "AretherespecificcontaminantsofconcernOtherspecify": null, "MeasuredWaterQualityTemperature": null, "MeasuredWaterQualitySpecificconductancemicroSiemenspercm": null, "\u00a0MeasuredWaterQualityTotalDissolvedSolidsmilligramsliter": null, "Pleaseaddanotherrelevantnotesontheborehole": null, "V109": "#NULL!", "V110": null}, "geometry": {"type": "Point", "coordinates": [39.78187193, 0.31359809]}}, {"type": "Feature", "properties": {"Sno": 41, "SubCounty": "Lagadera", "Ward": null, "Village": "Skanska", "Latitude": 0.90424028, "Longitude": 39.31929252, "RuralUrban": "Rural", "DistancetonextstrategicBoreholekm": "#NULL!", "Totalnumberofhouseholdscurrentlyservedfromthescheme": "350.0", "WhatistheserviceareaforthisschemeHowmanykilometersfromheredothep": "2.0", "Isthisschemeusedforagricultureandirrigationbyfarmers": "No", "Howmanyfarmersusethisscheme\u00a0": "#NULL!", "Whatistheaveragesizedfarmthatusesthiswaterhectares\u00a0": "#NULL!", "Isthewaterschemeusedforlivestock": "No", "Estimatednumberofcamelsusingschemeperday": "#NULL!", "Estimatednumberofcattleusingschemeperday": "#NULL!", "Estimatednumberofhorsesdonkeysusingwaterpointperday": "#NULL!", "Estimatednumberofgoatssheepusingwaterpointperday": "#NULL!", "Isthewaterschemeusedforwatertrucking": "No", "Numberoftrucksfillingperday": "#NULL!", "Howmanytimesperweekdoesthewatertruckingoccur": "#NULL!", "Addanyothercommentsonwatertruckingdetails": null, "ConstructionyearofthewellboreholeinEFYortheyearofrehabilitation": "2012", "Boreholeorwelldepthmeters": "#NULL!", "Physicalstateofthewellborehole": "Normal", "TypeofPower": "Generator", "Productionofsystemyieldordischargemeterscubedhour": "20", "Isthereawatermeteratthewatersource": "Yes", "Isthewatermeterworking": "Yes", "Whatisthecurrentreadingofthewatermeter": "92013.000000000", "Isthewaterschemecurrentlyfunctional": "Fun", "Pleasetakeapictureillustratingthenonfunctionalityorpartialfuncti": null, "Maincauseofnonfunctionalityorpartialfunctionality": null, "MaincauseofnonfunctionalityorpartialfunctionalityOtherspecify": null, "Numberofmonthssincenonfunctional": null, "Doestheschemehaveanyemergingproblemsthatmightleadtononfunctional": "No", "Pleasedescribetheproblemsthatmightleadtononfunctionalityinthenea": null, "Wasthewaterschemeoutofserviceoneormoredaysinthelastmonth": "Yes", "Numberofdaysoutofserviceinthelastmonth": "30.0", "Dateoflastserviceorrepair": "#NULL!", "Howmanytimeshasthewaterschemebrokeninthelastyear": "#NULL!", "Describethefunctionalityproblemsoverthepastyear": null, "Howmanydaysperweekdoesthepumprunonaverage": "3.0", "Howmanyhoursperdaydoesthepumprunonaverage": "2.0", "Isthisaseasonalwaterschemethatcommonlyfailsinthedryseason": "Yes", "Isthepumpusedlessduringwetrainyseason": "Yes", "Duringwetrainyseasonshowmanydaysaweekdoesthepumprunonaverage": "1.0", "Duringwetrainyseasonshowmanyhoursperdaydoesthepumprunonaverage": "2.0", "SolarPanelpowerratingWatts": null, "SolarPanelCondition": null, "Yearwhengeneratorwasinstalledoryearofreinstallation": "2012", "Physicalstateofthegenerator": "Normal", "Generatorbrand": "Other (please s", "GeneratorbrandOtherspecify": null, "Generatormodel": "Dayliff", "Generatorserialnumber": "11070289", "GeneratormaxAmpsstartingamps": "35.0", "Generatorpicture": "https://api.mwater.co/v3/images/e2c421be39d3484da5fb201f574d8ef1; https://api.mwater.co/v3/images/3540360af3034aa2a13d7ae463553c3e", "PumpControllerManufacturer1": "Other (pleas", "PumpControllerManufacturerOtherspecify": "Dayliff", "PumpControllerModelNumber": "96079927", "Pictureofpumpcontroller": "https://api.mwater.co/v3/images/c2a7ae8c4b1d4ac1859a261d8ff4ef7c", "PumpMotorModelNumber": null, "Pumpheadmodelnumber": null, "Typeandsizeofcasing": null, "Wellpumpremarks": null, "Isasensorinstalledatthesite": "Yes", "Typeofsensorinstalled": "SweetSense", "TypeofsensorinstalledOtherspecify": null, "Managementbody": "No management organisation", "Currentmanagementstatus": null, "Whatisthemethodofpayment1": null, "WhatisthemethodofpaymentOtherspecify1": null, "Whatisthemethodofpayment2": null, "Typeoftariffsystemmostcommon": "Tariff per Je", "WhatisthetariffamountinKES": "3.0", "Isthereaspecialtariffforlivestockperanimal": "Yes", "WhatisthetariffpercamelKES": null, "WhatisthetariffpercattleKES": null, "WhatisthetariffperhorsedonkeyKES": null, "WhatisthetariffpergoatsheepKES": "1.0", "Isthereatariffperinstitutionschoolshealthcentresetc": "No", "WhatisthemonthlyinstitutionaltariffKES": "#NULL!", "Numberofinstitutionssuppliedbyschemethatpayamonthlyinstitutional": "#NULL!", "Whenthisboreholeisworkingfromwheredohouseholdsprimarilygettheirw": "community tap", "Whenthisboreholeisworkingfromwheredohouseholdsprimarilygetthei_A": null, "WhenthisboreholeisworkinghowmanyHOURSperdaydohouseholdstypically": "2.0", "Whenthisboreholeisnotworkingfromwheredohouseholdsprimarilygetthe": "A surface water source", "WhenthisboreholeisNOTworkingandhouseholdshavetouseanalternativew": "4", "Hastherebeensomewaterqualitytestingforthisschemeinthepast": "Yes", "Yearofmostrecentwaterqualitytestdone": "Don't Know", "Whatwastheresult": "Water is safe", "Aretherespecificcontaminantsofconcern": null, "AretherespecificcontaminantsofconcernOtherspecify": null, "MeasuredWaterQualityTemperature": null, "MeasuredWaterQualitySpecificconductancemicroSiemenspercm": null, "\u00a0MeasuredWaterQualityTotalDissolvedSolidsmilligramsliter": null, "Pleaseaddanotherrelevantnotesontheborehole": null, "V109": "#NULL!", "V110": null}, "geometry": {"type": "Point", "coordinates": [39.31929252, 0.90424028]}}, {"type": "Feature", "properties": {"Sno": 42, "SubCounty": "Mbalambala", "Ward": null, "Village": "Balich", "Latitude": -0.22205797, "Longitude": 39.47510429, "RuralUrban": "Rural", "DistancetonextstrategicBoreholekm": "#NULL!", "Totalnumberofhouseholdscurrentlyservedfromthescheme": "300.0", "WhatistheserviceareaforthisschemeHowmanykilometersfromheredothep": "2.0", "Isthisschemeusedforagricultureandirrigationbyfarmers": "No", "Howmanyfarmersusethisscheme\u00a0": "#NULL!", "Whatistheaveragesizedfarmthatusesthiswaterhectares\u00a0": "#NULL!", "Isthewaterschemeusedforlivestock": "No", "Estimatednumberofcamelsusingschemeperday": "#NULL!", "Estimatednumberofcattleusingschemeperday": "#NULL!", "Estimatednumberofhorsesdonkeysusingwaterpointperday": "#NULL!", "Estimatednumberofgoatssheepusingwaterpointperday": "#NULL!", "Isthewaterschemeusedforwatertrucking": "No", "Numberoftrucksfillingperday": "#NULL!", "Howmanytimesperweekdoesthewatertruckingoccur": "#NULL!", "Addanyothercommentsonwatertruckingdetails": null, "ConstructionyearofthewellboreholeinEFYortheyearofrehabilitation": "2002", "Boreholeorwelldepthmeters": "#NULL!", "Physicalstateofthewellborehole": "Poor", "TypeofPower": "Generator", "Productionofsystemyieldordischargemeterscubedhour": "20", "Isthereawatermeteratthewatersource": "No", "Isthewatermeterworking": "No", "Whatisthecurrentreadingofthewatermeter": "#NULL!", "Isthewaterschemecurrentlyfunctional": "Non", "Pleasetakeapictureillustratingthenonfunctionalityorpartialfuncti": "https://api.mwater.co/v3/images/8501cfcbc7ac4a74861d4a26a3ca4410", "Maincauseofnonfunctionalityorpartialfunctionality": "Generator failure", "MaincauseofnonfunctionalityorpartialfunctionalityOtherspecify": null, "Numberofmonthssincenonfunctional": "1", "Doestheschemehaveanyemergingproblemsthatmightleadtononfunctional": null, "Pleasedescribetheproblemsthatmightleadtononfunctionalityinthenea": null, "Wasthewaterschemeoutofserviceoneormoredaysinthelastmonth": "Yes", "Numberofdaysoutofserviceinthelastmonth": "30.0", "Dateoflastserviceorrepair": "#NULL!", "Howmanytimeshasthewaterschemebrokeninthelastyear": "2.0", "Describethefunctionalityproblemsoverthepastyear": "The generator needs Mechanical servicing (The fuel pump pipe broke and n", "Howmanydaysperweekdoesthepumprunonaverage": "2.0", "Howmanyhoursperdaydoesthepumprunonaverage": "2.0", "Isthisaseasonalwaterschemethatcommonlyfailsinthedryseason": "No", "Isthepumpusedlessduringwetrainyseason": "No", "Duringwetrainyseasonshowmanydaysaweekdoesthepumprunonaverage": "2.0", "Duringwetrainyseasonshowmanyhoursperdaydoesthepumprunonaverage": "2.0", "SolarPanelpowerratingWatts": null, "SolarPanelCondition": null, "Yearwhengeneratorwasinstalledoryearofreinstallation": "2002", "Physicalstateofthegenerator": "Doesn't function", "Generatorbrand": "Lister Petter", "GeneratorbrandOtherspecify": null, "Generatormodel": "HSL15", "Generatorserialnumber": "10023050GTR2", "GeneratormaxAmpsstartingamps": "15.6", "Generatorpicture": "https://api.mwater.co/v3/images/47e88da19ebf40089d09ffc488a10d17; https://api.mwater.co/v3/images/2655d123b538408ab1bf6eaa3c6b0ec1", "PumpControllerManufacturer1": "Other (pleas", "PumpControllerManufacturerOtherspecify": "Dayliff", "PumpControllerModelNumber": "DAYLIFF-M/3HP", "Pictureofpumpcontroller": "https://api.mwater.co/v3/images/81b3947e499047a784dc1952342048c4", "PumpMotorModelNumber": null, "Pumpheadmodelnumber": null, "Typeandsizeofcasing": null, "Wellpumpremarks": null, "Isasensorinstalledatthesite": "Yes", "Typeofsensorinstalled": "SweetSense", "TypeofsensorinstalledOtherspecify": null, "Managementbody": "No management organisation", "Currentmanagementstatus": null, "Whatisthemethodofpayment1": null, "WhatisthemethodofpaymentOtherspecify1": null, "Whatisthemethodofpayment2": null, "Typeoftariffsystemmostcommon": "Fixed tariff", "WhatisthetariffamountinKES": "200.0", "Isthereaspecialtariffforlivestockperanimal": "No", "WhatisthetariffpercamelKES": null, "WhatisthetariffpercattleKES": null, "WhatisthetariffperhorsedonkeyKES": null, "WhatisthetariffpergoatsheepKES": "#NULL!", "Isthereatariffperinstitutionschoolshealthcentresetc": "No", "WhatisthemonthlyinstitutionaltariffKES": "#NULL!", "Numberofinstitutionssuppliedbyschemethatpayamonthlyinstitutional": "#NULL!", "Whenthisboreholeisworkingfromwheredohouseholdsprimarilygettheirw": "household tap", "Whenthisboreholeisworkingfromwheredohouseholdsprimarilygetthei_A": null, "WhenthisboreholeisworkinghowmanyHOURSperdaydohouseholdstypically": "0.5", "Whenthisboreholeisnotworkingfromwheredohouseholdsprimarilygetthe": "Other (please specify)", "WhenthisboreholeisNOTworkingandhouseholdshavetouseanalternativew": "2", "Hastherebeensomewaterqualitytestingforthisschemeinthepast": "Yes", "Yearofmostrecentwaterqualitytestdone": "Don't Know", "Whatwastheresult": null, "Aretherespecificcontaminantsofconcern": null, "AretherespecificcontaminantsofconcernOtherspecify": null, "MeasuredWaterQualityTemperature": null, "MeasuredWaterQualitySpecificconductancemicroSiemenspercm": null, "\u00a0MeasuredWaterQualityTotalDissolvedSolidsmilligramsliter": null, "Pleaseaddanotherrelevantnotesontheborehole": null, "V109": "#NULL!", "V110": null}, "geometry": {"type": "Point", "coordinates": [39.47510429, -0.22205797]}}, {"type": "Feature", "properties": {"Sno": 43, "SubCounty": "Dadaab", "Ward": null, "Village": "Bulls Benan", "Latitude": 0.05286549, "Longitude": 40.31390455, "RuralUrban": "Rural", "DistancetonextstrategicBoreholekm": "#NULL!", "Totalnumberofhouseholdscurrentlyservedfromthescheme": "120.0", "WhatistheserviceareaforthisschemeHowmanykilometersfromheredothep": "2.0", "Isthisschemeusedforagricultureandirrigationbyfarmers": "No", "Howmanyfarmersusethisscheme\u00a0": "#NULL!", "Whatistheaveragesizedfarmthatusesthiswaterhectares\u00a0": "#NULL!", "Isthewaterschemeusedforlivestock": "Yes", "Estimatednumberofcamelsusingschemeperday": "0.0", "Estimatednumberofcattleusingschemeperday": "0.0", "Estimatednumberofhorsesdonkeysusingwaterpointperday": "0.0", "Estimatednumberofgoatssheepusingwaterpointperday": "0.0", "Isthewaterschemeusedforwatertrucking": "No", "Numberoftrucksfillingperday": "#NULL!", "Howmanytimesperweekdoesthewatertruckingoccur": "#NULL!", "Addanyothercommentsonwatertruckingdetails": null, "ConstructionyearofthewellboreholeinEFYortheyearofrehabilitation": "2011", "Boreholeorwelldepthmeters": "#NULL!", "Physicalstateofthewellborehole": "Normal", "TypeofPower": "Generator", "Productionofsystemyieldordischargemeterscubedhour": "35", "Isthereawatermeteratthewatersource": "Yes", "Isthewatermeterworking": "Yes", "Whatisthecurrentreadingofthewatermeter": "16072.000000000", "Isthewaterschemecurrentlyfunctional": "Fun", "Pleasetakeapictureillustratingthenonfunctionalityorpartialfuncti": null, "Maincauseofnonfunctionalityorpartialfunctionality": null, "MaincauseofnonfunctionalityorpartialfunctionalityOtherspecify": null, "Numberofmonthssincenonfunctional": null, "Doestheschemehaveanyemergingproblemsthatmightleadtononfunctional": "No", "Pleasedescribetheproblemsthatmightleadtononfunctionalityinthenea": null, "Wasthewaterschemeoutofserviceoneormoredaysinthelastmonth": "No", "Numberofdaysoutofserviceinthelastmonth": "#NULL!", "Dateoflastserviceorrepair": "#NULL!", "Howmanytimeshasthewaterschemebrokeninthelastyear": "#NULL!", "Describethefunctionalityproblemsoverthepastyear": null, "Howmanydaysperweekdoesthepumprunonaverage": "7.0", "Howmanyhoursperdaydoesthepumprunonaverage": "6.0", "Isthisaseasonalwaterschemethatcommonlyfailsinthedryseason": "No", "Isthepumpusedlessduringwetrainyseason": "Yes", "Duringwetrainyseasonshowmanydaysaweekdoesthepumprunonaverage": "4.0", "Duringwetrainyseasonshowmanyhoursperdaydoesthepumprunonaverage": "6.0", "SolarPanelpowerratingWatts": null, "SolarPanelCondition": null, "Yearwhengeneratorwasinstalledoryearofreinstallation": "2011", "Physicalstateofthegenerator": "Normal", "Generatorbrand": "Other (please s", "GeneratorbrandOtherspecify": "Dayliff", "Generatormodel": "Dayliff", "Generatorserialnumber": null, "GeneratormaxAmpsstartingamps": "#NULL!", "Generatorpicture": "https://api.mwater.co/v3/images/f911fcdb336c479999dd28bd66bc7e08; https://api.mwater.co/v3/images/727644a3b1b740e6ae4f0cf4e5723a35", "PumpControllerManufacturer1": "Other (pleas", "PumpControllerManufacturerOtherspecify": null, "PumpControllerModelNumber": null, "Pictureofpumpcontroller": "https://api.mwater.co/v3/images/94099b5f97944f78b0e937a7bf48e272", "PumpMotorModelNumber": null, "Pumpheadmodelnumber": null, "Typeandsizeofcasing": null, "Wellpumpremarks": null, "Isasensorinstalledatthesite": "Yes", "Typeofsensorinstalled": "SweetSense", "TypeofsensorinstalledOtherspecify": null, "Managementbody": "Water management committee", "Currentmanagementstatus": "WASHCO or Utility is active", "Whatisthemethodofpayment1": "Cash", "WhatisthemethodofpaymentOtherspecify1": null, "Whatisthemethodofpayment2": "Water Kiosk", "Typeoftariffsystemmostcommon": "Tariff per Je", "WhatisthetariffamountinKES": "5.0", "Isthereaspecialtariffforlivestockperanimal": "No", "WhatisthetariffpercamelKES": null, "WhatisthetariffpercattleKES": null, "WhatisthetariffperhorsedonkeyKES": null, "WhatisthetariffpergoatsheepKES": "#NULL!", "Isthereatariffperinstitutionschoolshealthcentresetc": "No", "WhatisthemonthlyinstitutionaltariffKES": "#NULL!", "Numberofinstitutionssuppliedbyschemethatpayamonthlyinstitutional": "#NULL!", "Whenthisboreholeisworkingfromwheredohouseholdsprimarilygettheirw": "Other (please specify)", "Whenthisboreholeisworkingfromwheredohouseholdsprimarilygetthei_A": "Near water sources", "WhenthisboreholeisworkinghowmanyHOURSperdaydohouseholdstypically": "4.0", "Whenthisboreholeisnotworkingfromwheredohouseholdsprimarilygetthe": "Other (please specify)", "WhenthisboreholeisNOTworkingandhouseholdshavetouseanalternativew": "6", "Hastherebeensomewaterqualitytestingforthisschemeinthepast": "Yes", "Yearofmostrecentwaterqualitytestdone": "2011", "Whatwastheresult": "Water is safe", "Aretherespecificcontaminantsofconcern": null, "AretherespecificcontaminantsofconcernOtherspecify": null, "MeasuredWaterQualityTemperature": null, "MeasuredWaterQualitySpecificconductancemicroSiemenspercm": null, "\u00a0MeasuredWaterQualityTotalDissolvedSolidsmilligramsliter": null, "Pleaseaddanotherrelevantnotesontheborehole": null, "V109": "#NULL!", "V110": null}, "geometry": {"type": "Point", "coordinates": [40.31390455, 0.05286549]}}, {"type": "Feature", "properties": {"Sno": 44, "SubCounty": "Dadaab", "Ward": null, "Village": "Welhar", "Latitude": 0.21431412, "Longitude": 40.15192522, "RuralUrban": "Rural", "DistancetonextstrategicBoreholekm": "#NULL!", "Totalnumberofhouseholdscurrentlyservedfromthescheme": "250.0", "WhatistheserviceareaforthisschemeHowmanykilometersfromheredothep": "10.0", "Isthisschemeusedforagricultureandirrigationbyfarmers": "No", "Howmanyfarmersusethisscheme\u00a0": "#NULL!", "Whatistheaveragesizedfarmthatusesthiswaterhectares\u00a0": "#NULL!", "Isthewaterschemeusedforlivestock": "Yes", "Estimatednumberofcamelsusingschemeperday": "400.0", "Estimatednumberofcattleusingschemeperday": "700.0", "Estimatednumberofhorsesdonkeysusingwaterpointperday": "300.0", "Estimatednumberofgoatssheepusingwaterpointperday": "2000.0", "Isthewaterschemeusedforwatertrucking": "No", "Numberoftrucksfillingperday": "#NULL!", "Howmanytimesperweekdoesthewatertruckingoccur": "#NULL!", "Addanyothercommentsonwatertruckingdetails": null, "ConstructionyearofthewellboreholeinEFYortheyearofrehabilitation": "2012", "Boreholeorwelldepthmeters": "#NULL!", "Physicalstateofthewellborehole": "Normal", "TypeofPower": "Generator", "Productionofsystemyieldordischargemeterscubedhour": "14", "Isthereawatermeteratthewatersource": "Yes", "Isthewatermeterworking": "No", "Whatisthecurrentreadingofthewatermeter": "0.000000000", "Isthewaterschemecurrentlyfunctional": "Fun", "Pleasetakeapictureillustratingthenonfunctionalityorpartialfuncti": null, "Maincauseofnonfunctionalityorpartialfunctionality": null, "MaincauseofnonfunctionalityorpartialfunctionalityOtherspecify": null, "Numberofmonthssincenonfunctional": null, "Doestheschemehaveanyemergingproblemsthatmightleadtononfunctional": "No", "Pleasedescribetheproblemsthatmightleadtononfunctionalityinthenea": null, "Wasthewaterschemeoutofserviceoneormoredaysinthelastmonth": "No", "Numberofdaysoutofserviceinthelastmonth": "#NULL!", "Dateoflastserviceorrepair": "#NULL!", "Howmanytimeshasthewaterschemebrokeninthelastyear": "#NULL!", "Describethefunctionalityproblemsoverthepastyear": null, "Howmanydaysperweekdoesthepumprunonaverage": "2.0", "Howmanyhoursperdaydoesthepumprunonaverage": "3.0", "Isthisaseasonalwaterschemethatcommonlyfailsinthedryseason": "No", "Isthepumpusedlessduringwetrainyseason": "No", "Duringwetrainyseasonshowmanydaysaweekdoesthepumprunonaverage": "2.0", "Duringwetrainyseasonshowmanyhoursperdaydoesthepumprunonaverage": "3.0", "SolarPanelpowerratingWatts": null, "SolarPanelCondition": null, "Yearwhengeneratorwasinstalledoryearofreinstallation": "2012", "Physicalstateofthegenerator": "Normal", "Generatorbrand": "Other (please s", "GeneratorbrandOtherspecify": "Dayliff", "Generatormodel": "DAYLIFF ISU25S", "Generatorserialnumber": "PG12071005", "GeneratormaxAmpsstartingamps": "45.1", "Generatorpicture": "https://api.mwater.co/v3/images/b8358857b4e54f05b0a73955960e6f70; https://api.mwater.co/v3/images/12543de8c4c34d87a2e16f4e71853992", "PumpControllerManufacturer1": "Other (pleas", "PumpControllerManufacturerOtherspecify": "Lovato", "PumpControllerModelNumber": null, "Pictureofpumpcontroller": "https://api.mwater.co/v3/images/3eab35536b094ea78c3d3947c9548d21", "PumpMotorModelNumber": null, "Pumpheadmodelnumber": null, "Typeandsizeofcasing": null, "Wellpumpremarks": null, "Isasensorinstalledatthesite": "Yes", "Typeofsensorinstalled": "SweetSense", "TypeofsensorinstalledOtherspecify": null, "Managementbody": "No management organisation", "Currentmanagementstatus": null, "Whatisthemethodofpayment1": "Cash", "WhatisthemethodofpaymentOtherspecify1": null, "Whatisthemethodofpayment2": "Cash", "Typeoftariffsystemmostcommon": "Tariff per Je", "WhatisthetariffamountinKES": "5.0", "Isthereaspecialtariffforlivestockperanimal": "Yes", "WhatisthetariffpercamelKES": 10.0, "WhatisthetariffpercattleKES": 5.0, "WhatisthetariffperhorsedonkeyKES": null, "WhatisthetariffpergoatsheepKES": "1.0", "Isthereatariffperinstitutionschoolshealthcentresetc": "No", "WhatisthemonthlyinstitutionaltariffKES": "#NULL!", "Numberofinstitutionssuppliedbyschemethatpayamonthlyinstitutional": "#NULL!", "Whenthisboreholeisworkingfromwheredohouseholdsprimarilygettheirw": "Other (please specify)", "Whenthisboreholeisworkingfromwheredohouseholdsprimarilygetthei_A": "Nearby water sources", "WhenthisboreholeisworkinghowmanyHOURSperdaydohouseholdstypically": "0.5", "Whenthisboreholeisnotworkingfromwheredohouseholdsprimarilygetthe": "A surface water source", "WhenthisboreholeisNOTworkingandhouseholdshavetouseanalternativew": "3", "Hastherebeensomewaterqualitytestingforthisschemeinthepast": "Yes", "Yearofmostrecentwaterqualitytestdone": "2012", "Whatwastheresult": "Don't Know", "Aretherespecificcontaminantsofconcern": null, "AretherespecificcontaminantsofconcernOtherspecify": null, "MeasuredWaterQualityTemperature": null, "MeasuredWaterQualitySpecificconductancemicroSiemenspercm": null, "\u00a0MeasuredWaterQualityTotalDissolvedSolidsmilligramsliter": null, "Pleaseaddanotherrelevantnotesontheborehole": null, "V109": "#NULL!", "V110": null}, "geometry": {"type": "Point", "coordinates": [40.15192522, 0.21431412]}}, {"type": "Feature", "properties": {"Sno": 45, "SubCounty": "Daadab", "Ward": null, "Village": "Alikune", "Latitude": 0.34582436, "Longitude": 40.01757072, "RuralUrban": "Rural", "DistancetonextstrategicBoreholekm": "#NULL!", "Totalnumberofhouseholdscurrentlyservedfromthescheme": "480.0", "WhatistheserviceareaforthisschemeHowmanykilometersfromheredothep": "15.0", "Isthisschemeusedforagricultureandirrigationbyfarmers": "No", "Howmanyfarmersusethisscheme\u00a0": "#NULL!", "Whatistheaveragesizedfarmthatusesthiswaterhectares\u00a0": "#NULL!", "Isthewaterschemeusedforlivestock": "Yes", "Estimatednumberofcamelsusingschemeperday": "5000.0", "Estimatednumberofcattleusingschemeperday": "10000.0", "Estimatednumberofhorsesdonkeysusingwaterpointperday": "150.0", "Estimatednumberofgoatssheepusingwaterpointperday": "20000.0", "Isthewaterschemeusedforwatertrucking": "No", "Numberoftrucksfillingperday": "#NULL!", "Howmanytimesperweekdoesthewatertruckingoccur": "#NULL!", "Addanyothercommentsonwatertruckingdetails": null, "ConstructionyearofthewellboreholeinEFYortheyearofrehabilitation": "2004", "Boreholeorwelldepthmeters": "#NULL!", "Physicalstateofthewellborehole": "Normal", "TypeofPower": "Generator", "Productionofsystemyieldordischargemeterscubedhour": "25", "Isthereawatermeteratthewatersource": "No", "Isthewatermeterworking": "No", "Whatisthecurrentreadingofthewatermeter": "#NULL!", "Isthewaterschemecurrentlyfunctional": "Fun", "Pleasetakeapictureillustratingthenonfunctionalityorpartialfuncti": null, "Maincauseofnonfunctionalityorpartialfunctionality": null, "MaincauseofnonfunctionalityorpartialfunctionalityOtherspecify": null, "Numberofmonthssincenonfunctional": null, "Doestheschemehaveanyemergingproblemsthatmightleadtononfunctional": "No", "Pleasedescribetheproblemsthatmightleadtononfunctionalityinthenea": null, "Wasthewaterschemeoutofserviceoneormoredaysinthelastmonth": "No", "Numberofdaysoutofserviceinthelastmonth": "#NULL!", "Dateoflastserviceorrepair": "#NULL!", "Howmanytimeshasthewaterschemebrokeninthelastyear": "2.0", "Describethefunctionalityproblemsoverthepastyear": null, "Howmanydaysperweekdoesthepumprunonaverage": "2.0", "Howmanyhoursperdaydoesthepumprunonaverage": "3.0", "Isthisaseasonalwaterschemethatcommonlyfailsinthedryseason": "No", "Isthepumpusedlessduringwetrainyseason": "Yes", "Duringwetrainyseasonshowmanydaysaweekdoesthepumprunonaverage": "1.0", "Duringwetrainyseasonshowmanyhoursperdaydoesthepumprunonaverage": "3.0", "SolarPanelpowerratingWatts": null, "SolarPanelCondition": null, "Yearwhengeneratorwasinstalledoryearofreinstallation": "2004", "Physicalstateofthegenerator": "Normal", "Generatorbrand": "Perkins", "GeneratorbrandOtherspecify": null, "Generatormodel": null, "Generatorserialnumber": null, "GeneratormaxAmpsstartingamps": "#NULL!", "Generatorpicture": "https://api.mwater.co/v3/images/588c0b6704c34b4faab6b7b393daaef2", "PumpControllerManufacturer1": "Grundfos", "PumpControllerManufacturerOtherspecify": null, "PumpControllerModelNumber": "VO8", "Pictureofpumpcontroller": "https://api.mwater.co/v3/images/475b2cde9ba2471a95542be72bf7a0da", "PumpMotorModelNumber": null, "Pumpheadmodelnumber": null, "Typeandsizeofcasing": null, "Wellpumpremarks": null, "Isasensorinstalledatthesite": "Yes", "Typeofsensorinstalled": "SweetSense", "TypeofsensorinstalledOtherspecify": null, "Managementbody": "Water management committee", "Currentmanagementstatus": "WASHCO or Utility is active", "Whatisthemethodofpayment1": "Cash", "WhatisthemethodofpaymentOtherspecify1": null, "Whatisthemethodofpayment2": "Cash", "Typeoftariffsystemmostcommon": "Tariff per Je", "WhatisthetariffamountinKES": "5.0", "Isthereaspecialtariffforlivestockperanimal": "Yes", "WhatisthetariffpercamelKES": null, "WhatisthetariffpercattleKES": 10.0, "WhatisthetariffperhorsedonkeyKES": null, "WhatisthetariffpergoatsheepKES": "1.0", "Isthereatariffperinstitutionschoolshealthcentresetc": "No", "WhatisthemonthlyinstitutionaltariffKES": "#NULL!", "Numberofinstitutionssuppliedbyschemethatpayamonthlyinstitutional": "#NULL!", "Whenthisboreholeisworkingfromwheredohouseholdsprimarilygettheirw": "Other (please specify)", "Whenthisboreholeisworkingfromwheredohouseholdsprimarilygetthei_A": "Trough", "WhenthisboreholeisworkinghowmanyHOURSperdaydohouseholdstypically": "0.5", "Whenthisboreholeisnotworkingfromwheredohouseholdsprimarilygetthe": "A surface water source", "WhenthisboreholeisNOTworkingandhouseholdshavetouseanalternativew": "4", "Hastherebeensomewaterqualitytestingforthisschemeinthepast": "Yes", "Yearofmostrecentwaterqualitytestdone": "Don't Know", "Whatwastheresult": "Don't Know", "Aretherespecificcontaminantsofconcern": null, "AretherespecificcontaminantsofconcernOtherspecify": null, "MeasuredWaterQualityTemperature": null, "MeasuredWaterQualitySpecificconductancemicroSiemenspercm": null, "\u00a0MeasuredWaterQualityTotalDissolvedSolidsmilligramsliter": null, "Pleaseaddanotherrelevantnotesontheborehole": null, "V109": "#NULL!", "V110": null}, "geometry": {"type": "Point", "coordinates": [40.01757072, 0.34582436]}}, {"type": "Feature", "properties": {"Sno": 46, "SubCounty": "Lagadera", "Ward": null, "Village": "Skanska", "Latitude": 0.90784271, "Longitude": 39.32160863, "RuralUrban": "Rural", "DistancetonextstrategicBoreholekm": "#NULL!", "Totalnumberofhouseholdscurrentlyservedfromthescheme": "2500.0", "WhatistheserviceareaforthisschemeHowmanykilometersfromheredothep": "35.0", "Isthisschemeusedforagricultureandirrigationbyfarmers": "No", "Howmanyfarmersusethisscheme\u00a0": "#NULL!", "Whatistheaveragesizedfarmthatusesthiswaterhectares\u00a0": "#NULL!", "Isthewaterschemeusedforlivestock": "Yes", "Estimatednumberofcamelsusingschemeperday": "2000.0", "Estimatednumberofcattleusingschemeperday": "100.0", "Estimatednumberofhorsesdonkeysusingwaterpointperday": "600.0", "Estimatednumberofgoatssheepusingwaterpointperday": "20000.0", "Isthewaterschemeusedforwatertrucking": "No", "Numberoftrucksfillingperday": "#NULL!", "Howmanytimesperweekdoesthewatertruckingoccur": "#NULL!", "Addanyothercommentsonwatertruckingdetails": null, "ConstructionyearofthewellboreholeinEFYortheyearofrehabilitation": "2008", "Boreholeorwelldepthmeters": "#NULL!", "Physicalstateofthewellborehole": "Normal", "TypeofPower": "Hybrid", "Productionofsystemyieldordischargemeterscubedhour": "35", "Isthereawatermeteratthewatersource": "Yes", "Isthewatermeterworking": "Yes", "Whatisthecurrentreadingofthewatermeter": "47754.000000000", "Isthewaterschemecurrentlyfunctional": "Fun", "Pleasetakeapictureillustratingthenonfunctionalityorpartialfuncti": null, "Maincauseofnonfunctionalityorpartialfunctionality": null, "MaincauseofnonfunctionalityorpartialfunctionalityOtherspecify": null, "Numberofmonthssincenonfunctional": null, "Doestheschemehaveanyemergingproblemsthatmightleadtononfunctional": "No", "Pleasedescribetheproblemsthatmightleadtononfunctionalityinthenea": null, "Wasthewaterschemeoutofserviceoneormoredaysinthelastmonth": "No", "Numberofdaysoutofserviceinthelastmonth": "#NULL!", "Dateoflastserviceorrepair": "#NULL!", "Howmanytimeshasthewaterschemebrokeninthelastyear": "#NULL!", "Describethefunctionalityproblemsoverthepastyear": null, "Howmanydaysperweekdoesthepumprunonaverage": "5.0", "Howmanyhoursperdaydoesthepumprunonaverage": "12.0", "Isthisaseasonalwaterschemethatcommonlyfailsinthedryseason": "Yes", "Isthepumpusedlessduringwetrainyseason": "Yes", "Duringwetrainyseasonshowmanydaysaweekdoesthepumprunonaverage": "0.0", "Duringwetrainyseasonshowmanyhoursperdaydoesthepumprunonaverage": "0.0", "SolarPanelpowerratingWatts": null, "SolarPanelCondition": null, "Yearwhengeneratorwasinstalledoryearofreinstallation": null, "Physicalstateofthegenerator": null, "Generatorbrand": null, "GeneratorbrandOtherspecify": null, "Generatormodel": null, "Generatorserialnumber": null, "GeneratormaxAmpsstartingamps": "#NULL!", "Generatorpicture": null, "PumpControllerManufacturer1": "Other (pleas", "PumpControllerManufacturerOtherspecify": "DAYLIFF", "PumpControllerModelNumber": null, "Pictureofpumpcontroller": "https://api.mwater.co/v3/images/25cef8d385394435a624929ca198d4a1", "PumpMotorModelNumber": null, "Pumpheadmodelnumber": null, "Typeandsizeofcasing": null, "Wellpumpremarks": null, "Isasensorinstalledatthesite": "Yes", "Typeofsensorinstalled": "SweetSense", "TypeofsensorinstalledOtherspecify": null, "Managementbody": "Water management committee", "Currentmanagementstatus": "WASHCO or Utility is active", "Whatisthemethodofpayment1": "Cash", "WhatisthemethodofpaymentOtherspecify1": null, "Whatisthemethodofpayment2": "Water Kiosk", "Typeoftariffsystemmostcommon": "Tariff per Je", "WhatisthetariffamountinKES": "5.0", "Isthereaspecialtariffforlivestockperanimal": "Yes", "WhatisthetariffpercamelKES": 10.0, "WhatisthetariffpercattleKES": 3.0, "WhatisthetariffperhorsedonkeyKES": 10.0, "WhatisthetariffpergoatsheepKES": "1.0", "Isthereatariffperinstitutionschoolshealthcentresetc": "No", "WhatisthemonthlyinstitutionaltariffKES": "#NULL!", "Numberofinstitutionssuppliedbyschemethatpayamonthlyinstitutional": "#NULL!", "Whenthisboreholeisworkingfromwheredohouseholdsprimarilygettheirw": "community tap", "Whenthisboreholeisworkingfromwheredohouseholdsprimarilygetthei_A": null, "WhenthisboreholeisworkinghowmanyHOURSperdaydohouseholdstypically": "0.5", "Whenthisboreholeisnotworkingfromwheredohouseholdsprimarilygetthe": "A surface water source", "WhenthisboreholeisNOTworkingandhouseholdshavetouseanalternativew": "4", "Hastherebeensomewaterqualitytestingforthisschemeinthepast": "Yes", "Yearofmostrecentwaterqualitytestdone": "Don't Know", "Whatwastheresult": "Don't Know", "Aretherespecificcontaminantsofconcern": null, "AretherespecificcontaminantsofconcernOtherspecify": null, "MeasuredWaterQualityTemperature": null, "MeasuredWaterQualitySpecificconductancemicroSiemenspercm": null, "\u00a0MeasuredWaterQualityTotalDissolvedSolidsmilligramsliter": null, "Pleaseaddanotherrelevantnotesontheborehole": null, "V109": "#NULL!", "V110": null}, "geometry": {"type": "Point", "coordinates": [39.32160863, 0.90784271]}}, {"type": "Feature", "properties": {"Sno": 47, "SubCounty": "Lagadera", "Ward": null, "Village": "Gurufa", "Latitude": 0.80045751, "Longitude": 39.46493984, "RuralUrban": "Rural", "DistancetonextstrategicBoreholekm": "#NULL!", "Totalnumberofhouseholdscurrentlyservedfromthescheme": "500.0", "WhatistheserviceareaforthisschemeHowmanykilometersfromheredothep": "4.0", "Isthisschemeusedforagricultureandirrigationbyfarmers": "No", "Howmanyfarmersusethisscheme\u00a0": "#NULL!", "Whatistheaveragesizedfarmthatusesthiswaterhectares\u00a0": "#NULL!", "Isthewaterschemeusedforlivestock": "Yes", "Estimatednumberofcamelsusingschemeperday": "10000.0", "Estimatednumberofcattleusingschemeperday": "8000.0", "Estimatednumberofhorsesdonkeysusingwaterpointperday": "500.0", "Estimatednumberofgoatssheepusingwaterpointperday": "20000.0", "Isthewaterschemeusedforwatertrucking": "Yes", "Numberoftrucksfillingperday": "3.0", "Howmanytimesperweekdoesthewatertruckingoccur": "2.0", "Addanyothercommentsonwatertruckingdetails": null, "ConstructionyearofthewellboreholeinEFYortheyearofrehabilitation": "2011", "Boreholeorwelldepthmeters": "#NULL!", "Physicalstateofthewellborehole": "Normal", "TypeofPower": "Generator", "Productionofsystemyieldordischargemeterscubedhour": "8", "Isthereawatermeteratthewatersource": "Yes", "Isthewatermeterworking": "No", "Whatisthecurrentreadingofthewatermeter": "0.000000000", "Isthewaterschemecurrentlyfunctional": "Fun", "Pleasetakeapictureillustratingthenonfunctionalityorpartialfuncti": null, "Maincauseofnonfunctionalityorpartialfunctionality": null, "MaincauseofnonfunctionalityorpartialfunctionalityOtherspecify": null, "Numberofmonthssincenonfunctional": null, "Doestheschemehaveanyemergingproblemsthatmightleadtononfunctional": "No", "Pleasedescribetheproblemsthatmightleadtononfunctionalityinthenea": null, "Wasthewaterschemeoutofserviceoneormoredaysinthelastmonth": "No", "Numberofdaysoutofserviceinthelastmonth": "#NULL!", "Dateoflastserviceorrepair": "#NULL!", "Howmanytimeshasthewaterschemebrokeninthelastyear": "#NULL!", "Describethefunctionalityproblemsoverthepastyear": null, "Howmanydaysperweekdoesthepumprunonaverage": "7.0", "Howmanyhoursperdaydoesthepumprunonaverage": "6.0", "Isthisaseasonalwaterschemethatcommonlyfailsinthedryseason": "Yes", "Isthepumpusedlessduringwetrainyseason": "Yes", "Duringwetrainyseasonshowmanydaysaweekdoesthepumprunonaverage": "2.0", "Duringwetrainyseasonshowmanyhoursperdaydoesthepumprunonaverage": "6.0", "SolarPanelpowerratingWatts": null, "SolarPanelCondition": null, "Yearwhengeneratorwasinstalledoryearofreinstallation": "2011", "Physicalstateofthegenerator": "Normal", "Generatorbrand": "Cummins", "GeneratorbrandOtherspecify": null, "Generatormodel": null, "Generatorserialnumber": null, "GeneratormaxAmpsstartingamps": "#NULL!", "Generatorpicture": "https://api.mwater.co/v3/images/fee48f97a41149a9a501f8667f0041a6; https://api.mwater.co/v3/images/4fee5a63186e4c55872851957601d283", "PumpControllerManufacturer1": "Other (pleas", "PumpControllerManufacturerOtherspecify": "Schneider", "PumpControllerModelNumber": null, "Pictureofpumpcontroller": "https://api.mwater.co/v3/images/18e508a3e5194dd2b4c6925a52e5f107", "PumpMotorModelNumber": null, "Pumpheadmodelnumber": null, "Typeandsizeofcasing": null, "Wellpumpremarks": null, "Isasensorinstalledatthesite": "Yes", "Typeofsensorinstalled": "SweetSense", "TypeofsensorinstalledOtherspecify": null, "Managementbody": "Water management committee", "Currentmanagementstatus": "WASHCO or Utility is active", "Whatisthemethodofpayment1": "Cash", "WhatisthemethodofpaymentOtherspecify1": null, "Whatisthemethodofpayment2": "Water Kiosk", "Typeoftariffsystemmostcommon": "Tariff per Je", "WhatisthetariffamountinKES": "5.0", "Isthereaspecialtariffforlivestockperanimal": "Yes", "WhatisthetariffpercamelKES": 15.0, "WhatisthetariffpercattleKES": 6.0, "WhatisthetariffperhorsedonkeyKES": null, "WhatisthetariffpergoatsheepKES": "2.0", "Isthereatariffperinstitutionschoolshealthcentresetc": "No", "WhatisthemonthlyinstitutionaltariffKES": "#NULL!", "Numberofinstitutionssuppliedbyschemethatpayamonthlyinstitutional": "#NULL!", "Whenthisboreholeisworkingfromwheredohouseholdsprimarilygettheirw": "community tap", "Whenthisboreholeisworkingfromwheredohouseholdsprimarilygetthei_A": null, "WhenthisboreholeisworkinghowmanyHOURSperdaydohouseholdstypically": "0.5", "Whenthisboreholeisnotworkingfromwheredohouseholdsprimarilygetthe": "A surface water source", "WhenthisboreholeisNOTworkingandhouseholdshavetouseanalternativew": "4", "Hastherebeensomewaterqualitytestingforthisschemeinthepast": "Yes", "Yearofmostrecentwaterqualitytestdone": "Don't Know", "Whatwastheresult": "Don't Know", "Aretherespecificcontaminantsofconcern": null, "AretherespecificcontaminantsofconcernOtherspecify": null, "MeasuredWaterQualityTemperature": null, "MeasuredWaterQualitySpecificconductancemicroSiemenspercm": null, "\u00a0MeasuredWaterQualityTotalDissolvedSolidsmilligramsliter": null, "Pleaseaddanotherrelevantnotesontheborehole": null, "V109": "#NULL!", "V110": null}, "geometry": {"type": "Point", "coordinates": [39.46493984, 0.80045751]}}, {"type": "Feature", "properties": {"Sno": 48, "SubCounty": "Mbalambala", "Ward": null, "Village": "Shimbiri", "Latitude": -0.05334936, "Longitude": 39.50008085, "RuralUrban": "Rural", "DistancetonextstrategicBoreholekm": "#NULL!", "Totalnumberofhouseholdscurrentlyservedfromthescheme": "200.0", "WhatistheserviceareaforthisschemeHowmanykilometersfromheredothep": "4.0", "Isthisschemeusedforagricultureandirrigationbyfarmers": "No", "Howmanyfarmersusethisscheme\u00a0": "#NULL!", "Whatistheaveragesizedfarmthatusesthiswaterhectares\u00a0": "#NULL!", "Isthewaterschemeusedforlivestock": "Yes", "Estimatednumberofcamelsusingschemeperday": "15.0", "Estimatednumberofcattleusingschemeperday": "5.0", "Estimatednumberofhorsesdonkeysusingwaterpointperday": "#NULL!", "Estimatednumberofgoatssheepusingwaterpointperday": "2.0", "Isthewaterschemeusedforwatertrucking": "No", "Numberoftrucksfillingperday": "#NULL!", "Howmanytimesperweekdoesthewatertruckingoccur": "#NULL!", "Addanyothercommentsonwatertruckingdetails": null, "ConstructionyearofthewellboreholeinEFYortheyearofrehabilitation": "2017", "Boreholeorwelldepthmeters": "#NULL!", "Physicalstateofthewellborehole": "Normal", "TypeofPower": "Hybrid", "Productionofsystemyieldordischargemeterscubedhour": "50", "Isthereawatermeteratthewatersource": "No", "Isthewatermeterworking": "No", "Whatisthecurrentreadingofthewatermeter": "#NULL!", "Isthewaterschemecurrentlyfunctional": "Fun", "Pleasetakeapictureillustratingthenonfunctionalityorpartialfuncti": null, "Maincauseofnonfunctionalityorpartialfunctionality": null, "MaincauseofnonfunctionalityorpartialfunctionalityOtherspecify": null, "Numberofmonthssincenonfunctional": null, "Doestheschemehaveanyemergingproblemsthatmightleadtononfunctional": "No", "Pleasedescribetheproblemsthatmightleadtononfunctionalityinthenea": null, "Wasthewaterschemeoutofserviceoneormoredaysinthelastmonth": "No", "Numberofdaysoutofserviceinthelastmonth": "#NULL!", "Dateoflastserviceorrepair": "#NULL!", "Howmanytimeshasthewaterschemebrokeninthelastyear": "#NULL!", "Describethefunctionalityproblemsoverthepastyear": null, "Howmanydaysperweekdoesthepumprunonaverage": "7.0", "Howmanyhoursperdaydoesthepumprunonaverage": "3.0", "Isthisaseasonalwaterschemethatcommonlyfailsinthedryseason": "Yes", "Isthepumpusedlessduringwetrainyseason": "Yes", "Duringwetrainyseasonshowmanydaysaweekdoesthepumprunonaverage": "0.0", "Duringwetrainyseasonshowmanyhoursperdaydoesthepumprunonaverage": "0.0", "SolarPanelpowerratingWatts": null, "SolarPanelCondition": null, "Yearwhengeneratorwasinstalledoryearofreinstallation": null, "Physicalstateofthegenerator": null, "Generatorbrand": null, "GeneratorbrandOtherspecify": null, "Generatormodel": null, "Generatorserialnumber": null, "GeneratormaxAmpsstartingamps": "#NULL!", "Generatorpicture": null, "PumpControllerManufacturer1": "Other (pleas", "PumpControllerManufacturerOtherspecify": "Dayliff", "PumpControllerModelNumber": null, "Pictureofpumpcontroller": "https://api.mwater.co/v3/images/9207098dd71e48678f1dc236fd1993a6", "PumpMotorModelNumber": null, "Pumpheadmodelnumber": null, "Typeandsizeofcasing": null, "Wellpumpremarks": null, "Isasensorinstalledatthesite": "Yes", "Typeofsensorinstalled": "SweetSense", "TypeofsensorinstalledOtherspecify": null, "Managementbody": "Water management committee", "Currentmanagementstatus": "WASHCO or Utility is active", "Whatisthemethodofpayment1": "Cash", "WhatisthemethodofpaymentOtherspecify1": null, "Whatisthemethodofpayment2": "Cash", "Typeoftariffsystemmostcommon": "Tariff per Je", "WhatisthetariffamountinKES": "5.0", "Isthereaspecialtariffforlivestockperanimal": "Yes", "WhatisthetariffpercamelKES": 15.0, "WhatisthetariffpercattleKES": 5.0, "WhatisthetariffperhorsedonkeyKES": 0.0, "WhatisthetariffpergoatsheepKES": "3.0", "Isthereatariffperinstitutionschoolshealthcentresetc": "No", "WhatisthemonthlyinstitutionaltariffKES": "#NULL!", "Numberofinstitutionssuppliedbyschemethatpayamonthlyinstitutional": "#NULL!", "Whenthisboreholeisworkingfromwheredohouseholdsprimarilygettheirw": "Other (please specify)", "Whenthisboreholeisworkingfromwheredohouseholdsprimarilygetthei_A": "Nearby water sources", "WhenthisboreholeisworkinghowmanyHOURSperdaydohouseholdstypically": "0.5", "Whenthisboreholeisnotworkingfromwheredohouseholdsprimarilygetthe": "A surface water source", "WhenthisboreholeisNOTworkingandhouseholdshavetouseanalternativew": "5", "Hastherebeensomewaterqualitytestingforthisschemeinthepast": "Yes", "Yearofmostrecentwaterqualitytestdone": "Don't Know", "Whatwastheresult": "Don't Know", "Aretherespecificcontaminantsofconcern": null, "AretherespecificcontaminantsofconcernOtherspecify": null, "MeasuredWaterQualityTemperature": null, "MeasuredWaterQualitySpecificconductancemicroSiemenspercm": null, "\u00a0MeasuredWaterQualityTotalDissolvedSolidsmilligramsliter": null, "Pleaseaddanotherrelevantnotesontheborehole": null, "V109": "#NULL!", "V110": null}, "geometry": {"type": "Point", "coordinates": [39.50008085, -0.05334936]}}, {"type": "Feature", "properties": {"Sno": 49, "SubCounty": "Mbalambala", "Ward": null, "Village": "Abdisameed", "Latitude": 0.05032268, "Longitude": 39.6550854, "RuralUrban": "Rural", "DistancetonextstrategicBoreholekm": "#NULL!", "Totalnumberofhouseholdscurrentlyservedfromthescheme": "300.0", "WhatistheserviceareaforthisschemeHowmanykilometersfromheredothep": "8.0", "Isthisschemeusedforagricultureandirrigationbyfarmers": "No", "Howmanyfarmersusethisscheme\u00a0": "#NULL!", "Whatistheaveragesizedfarmthatusesthiswaterhectares\u00a0": "#NULL!", "Isthewaterschemeusedforlivestock": "Yes", "Estimatednumberofcamelsusingschemeperday": "0.0", "Estimatednumberofcattleusingschemeperday": "20.0", "Estimatednumberofhorsesdonkeysusingwaterpointperday": "0.0", "Estimatednumberofgoatssheepusingwaterpointperday": "5000.0", "Isthewaterschemeusedforwatertrucking": "No", "Numberoftrucksfillingperday": "#NULL!", "Howmanytimesperweekdoesthewatertruckingoccur": "#NULL!", "Addanyothercommentsonwatertruckingdetails": null, "ConstructionyearofthewellboreholeinEFYortheyearofrehabilitation": "2011", "Boreholeorwelldepthmeters": "#NULL!", "Physicalstateofthewellborehole": "Normal", "TypeofPower": "Generator", "Productionofsystemyieldordischargemeterscubedhour": "2.2000000000000002", "Isthereawatermeteratthewatersource": "No", "Isthewatermeterworking": "No", "Whatisthecurrentreadingofthewatermeter": "#NULL!", "Isthewaterschemecurrentlyfunctional": "Fun", "Pleasetakeapictureillustratingthenonfunctionalityorpartialfuncti": null, "Maincauseofnonfunctionalityorpartialfunctionality": null, "MaincauseofnonfunctionalityorpartialfunctionalityOtherspecify": null, "Numberofmonthssincenonfunctional": null, "Doestheschemehaveanyemergingproblemsthatmightleadtononfunctional": "No", "Pleasedescribetheproblemsthatmightleadtononfunctionalityinthenea": null, "Wasthewaterschemeoutofserviceoneormoredaysinthelastmonth": "No", "Numberofdaysoutofserviceinthelastmonth": "#NULL!", "Dateoflastserviceorrepair": "#NULL!", "Howmanytimeshasthewaterschemebrokeninthelastyear": "#NULL!", "Describethefunctionalityproblemsoverthepastyear": null, "Howmanydaysperweekdoesthepumprunonaverage": "7.0", "Howmanyhoursperdaydoesthepumprunonaverage": "5.0", "Isthisaseasonalwaterschemethatcommonlyfailsinthedryseason": "No", "Isthepumpusedlessduringwetrainyseason": "Yes", "Duringwetrainyseasonshowmanydaysaweekdoesthepumprunonaverage": "5.0", "Duringwetrainyseasonshowmanyhoursperdaydoesthepumprunonaverage": "5.0", "SolarPanelpowerratingWatts": null, "SolarPanelCondition": null, "Yearwhengeneratorwasinstalledoryearofreinstallation": "2011", "Physicalstateofthegenerator": "Normal", "Generatorbrand": "Lister Petter", "GeneratorbrandOtherspecify": null, "Generatormodel": null, "Generatorserialnumber": null, "GeneratormaxAmpsstartingamps": "#NULL!", "Generatorpicture": "https://api.mwater.co/v3/images/467d3e228e1b4058861fd54750ef95ac; https://api.mwater.co/v3/images/174a63956f424aa9baca9c0092b9269f", "PumpControllerManufacturer1": "Other (pleas", "PumpControllerManufacturerOtherspecify": null, "PumpControllerModelNumber": "Dayliff", "Pictureofpumpcontroller": "https://api.mwater.co/v3/images/4c5d509285594a8cafac6cf9b6349c52", "PumpMotorModelNumber": null, "Pumpheadmodelnumber": null, "Typeandsizeofcasing": null, "Wellpumpremarks": null, "Isasensorinstalledatthesite": "Yes", "Typeofsensorinstalled": "SweetSense", "TypeofsensorinstalledOtherspecify": null, "Managementbody": "Water management committee", "Currentmanagementstatus": "WASHCO or Utility is active", "Whatisthemethodofpayment1": "Cash", "WhatisthemethodofpaymentOtherspecify1": null, "Whatisthemethodofpayment2": "Cash", "Typeoftariffsystemmostcommon": "Tariff per Je", "WhatisthetariffamountinKES": "5.0", "Isthereaspecialtariffforlivestockperanimal": "Yes", "WhatisthetariffpercamelKES": 15.0, "WhatisthetariffpercattleKES": 7.0, "WhatisthetariffperhorsedonkeyKES": null, "WhatisthetariffpergoatsheepKES": "3.0", "Isthereatariffperinstitutionschoolshealthcentresetc": "No", "WhatisthemonthlyinstitutionaltariffKES": "#NULL!", "Numberofinstitutionssuppliedbyschemethatpayamonthlyinstitutional": "#NULL!", "Whenthisboreholeisworkingfromwheredohouseholdsprimarilygettheirw": "community tap", "Whenthisboreholeisworkingfromwheredohouseholdsprimarilygetthei_A": null, "WhenthisboreholeisworkinghowmanyHOURSperdaydohouseholdstypically": "0.5", "Whenthisboreholeisnotworkingfromwheredohouseholdsprimarilygetthe": "A surface water source", "WhenthisboreholeisNOTworkingandhouseholdshavetouseanalternativew": "5", "Hastherebeensomewaterqualitytestingforthisschemeinthepast": "Yes", "Yearofmostrecentwaterqualitytestdone": "Don't Know", "Whatwastheresult": "Don't Know", "Aretherespecificcontaminantsofconcern": null, "AretherespecificcontaminantsofconcernOtherspecify": null, "MeasuredWaterQualityTemperature": null, "MeasuredWaterQualitySpecificconductancemicroSiemenspercm": null, "\u00a0MeasuredWaterQualityTotalDissolvedSolidsmilligramsliter": null, "Pleaseaddanotherrelevantnotesontheborehole": null, "V109": "#NULL!", "V110": null}, "geometry": {"type": "Point", "coordinates": [39.6550854, 0.05032268]}}, {"type": "Feature", "properties": {"Sno": 50, "SubCounty": "Mbalambala", "Ward": null, "Village": "Nunow", "Latitude": -0.19488875, "Longitude": 39.61954154, "RuralUrban": "Rural", "DistancetonextstrategicBoreholekm": "#NULL!", "Totalnumberofhouseholdscurrentlyservedfromthescheme": "600.0", "WhatistheserviceareaforthisschemeHowmanykilometersfromheredothep": "8.0", "Isthisschemeusedforagricultureandirrigationbyfarmers": "No", "Howmanyfarmersusethisscheme\u00a0": "#NULL!", "Whatistheaveragesizedfarmthatusesthiswaterhectares\u00a0": "#NULL!", "Isthewaterschemeusedforlivestock": "Yes", "Estimatednumberofcamelsusingschemeperday": "200.0", "Estimatednumberofcattleusingschemeperday": "150.0", "Estimatednumberofhorsesdonkeysusingwaterpointperday": "0.0", "Estimatednumberofgoatssheepusingwaterpointperday": "6000.0", "Isthewaterschemeusedforwatertrucking": "No", "Numberoftrucksfillingperday": "#NULL!", "Howmanytimesperweekdoesthewatertruckingoccur": "#NULL!", "Addanyothercommentsonwatertruckingdetails": null, "ConstructionyearofthewellboreholeinEFYortheyearofrehabilitation": "2012", "Boreholeorwelldepthmeters": "#NULL!", "Physicalstateofthewellborehole": "Normal", "TypeofPower": "Generator", "Productionofsystemyieldordischargemeterscubedhour": "25", "Isthereawatermeteratthewatersource": "No", "Isthewatermeterworking": "No", "Whatisthecurrentreadingofthewatermeter": "#NULL!", "Isthewaterschemecurrentlyfunctional": "Fun", "Pleasetakeapictureillustratingthenonfunctionalityorpartialfuncti": null, "Maincauseofnonfunctionalityorpartialfunctionality": null, "MaincauseofnonfunctionalityorpartialfunctionalityOtherspecify": null, "Numberofmonthssincenonfunctional": null, "Doestheschemehaveanyemergingproblemsthatmightleadtononfunctional": "No", "Pleasedescribetheproblemsthatmightleadtononfunctionalityinthenea": null, "Wasthewaterschemeoutofserviceoneormoredaysinthelastmonth": "Yes", "Numberofdaysoutofserviceinthelastmonth": "7.0", "Dateoflastserviceorrepair": "#NULL!", "Howmanytimeshasthewaterschemebrokeninthelastyear": "2.0", "Describethefunctionalityproblemsoverthepastyear": null, "Howmanydaysperweekdoesthepumprunonaverage": "5.0", "Howmanyhoursperdaydoesthepumprunonaverage": "6.0", "Isthisaseasonalwaterschemethatcommonlyfailsinthedryseason": "No", "Isthepumpusedlessduringwetrainyseason": "Yes", "Duringwetrainyseasonshowmanydaysaweekdoesthepumprunonaverage": "4.0", "Duringwetrainyseasonshowmanyhoursperdaydoesthepumprunonaverage": "6.0", "SolarPanelpowerratingWatts": null, "SolarPanelCondition": null, "Yearwhengeneratorwasinstalledoryearofreinstallation": "2012", "Physicalstateofthegenerator": "Normal", "Generatorbrand": "Other (please s", "GeneratorbrandOtherspecify": "Dayliff", "Generatormodel": null, "Generatorserialnumber": null, "GeneratormaxAmpsstartingamps": "#NULL!", "Generatorpicture": "https://api.mwater.co/v3/images/0e57b8f53d164856af83ba7c1a37acf6; https://api.mwater.co/v3/images/3ea12d8e700c43f9877bb0443ede3a19", "PumpControllerManufacturer1": null, "PumpControllerManufacturerOtherspecify": null, "PumpControllerModelNumber": null, "Pictureofpumpcontroller": "https://api.mwater.co/v3/images/23930765adfc4d0f829e5d140137c40b", "PumpMotorModelNumber": null, "Pumpheadmodelnumber": null, "Typeandsizeofcasing": null, "Wellpumpremarks": null, "Isasensorinstalledatthesite": "Yes", "Typeofsensorinstalled": "SweetSense", "TypeofsensorinstalledOtherspecify": null, "Managementbody": "Water management committee", "Currentmanagementstatus": "WASHCO or Utility is active", "Whatisthemethodofpayment1": "Cash", "WhatisthemethodofpaymentOtherspecify1": null, "Whatisthemethodofpayment2": "Cash", "Typeoftariffsystemmostcommon": "Tariff per Je", "WhatisthetariffamountinKES": "5.0", "Isthereaspecialtariffforlivestockperanimal": "Yes", "WhatisthetariffpercamelKES": 15.0, "WhatisthetariffpercattleKES": 10.0, "WhatisthetariffperhorsedonkeyKES": null, "WhatisthetariffpergoatsheepKES": "3.0", "Isthereatariffperinstitutionschoolshealthcentresetc": "No", "WhatisthemonthlyinstitutionaltariffKES": "#NULL!", "Numberofinstitutionssuppliedbyschemethatpayamonthlyinstitutional": "#NULL!", "Whenthisboreholeisworkingfromwheredohouseholdsprimarilygettheirw": "community tap", "Whenthisboreholeisworkingfromwheredohouseholdsprimarilygetthei_A": null, "WhenthisboreholeisworkinghowmanyHOURSperdaydohouseholdstypically": "0.5", "Whenthisboreholeisnotworkingfromwheredohouseholdsprimarilygetthe": "A surface water source", "WhenthisboreholeisNOTworkingandhouseholdshavetouseanalternativew": "4", "Hastherebeensomewaterqualitytestingforthisschemeinthepast": "Yes", "Yearofmostrecentwaterqualitytestdone": "Don't Know", "Whatwastheresult": "Don't Know", "Aretherespecificcontaminantsofconcern": null, "AretherespecificcontaminantsofconcernOtherspecify": null, "MeasuredWaterQualityTemperature": null, "MeasuredWaterQualitySpecificconductancemicroSiemenspercm": null, "\u00a0MeasuredWaterQualityTotalDissolvedSolidsmilligramsliter": null, "Pleaseaddanotherrelevantnotesontheborehole": null, "V109": "#NULL!", "V110": null}, "geometry": {"type": "Point", "coordinates": [39.61954154, -0.19488875]}}, {"type": "Feature", "properties": {"Sno": 51, "SubCounty": "Ijara", "Ward": null, "Village": "Kitere", "Latitude": -1.95135137, "Longitude": 40.14593654, "RuralUrban": "Rural", "DistancetonextstrategicBoreholekm": "#NULL!", "Totalnumberofhouseholdscurrentlyservedfromthescheme": "800.0", "WhatistheserviceareaforthisschemeHowmanykilometersfromheredothep": "12.0", "Isthisschemeusedforagricultureandirrigationbyfarmers": "Yes", "Howmanyfarmersusethisscheme\u00a0": "200.0", "Whatistheaveragesizedfarmthatusesthiswaterhectares\u00a0": "#NULL!", "Isthewaterschemeusedforlivestock": "Yes", "Estimatednumberofcamelsusingschemeperday": "0.0", "Estimatednumberofcattleusingschemeperday": "20000.0", "Estimatednumberofhorsesdonkeysusingwaterpointperday": "1300.0", "Estimatednumberofgoatssheepusingwaterpointperday": "30000.0", "Isthewaterschemeusedforwatertrucking": "No", "Numberoftrucksfillingperday": "#NULL!", "Howmanytimesperweekdoesthewatertruckingoccur": "#NULL!", "Addanyothercommentsonwatertruckingdetails": null, "ConstructionyearofthewellboreholeinEFYortheyearofrehabilitation": "2009", "Boreholeorwelldepthmeters": "#NULL!", "Physicalstateofthewellborehole": "Normal", "TypeofPower": "Hybrid", "Productionofsystemyieldordischargemeterscubedhour": "14", "Isthereawatermeteratthewatersource": "No", "Isthewatermeterworking": "No", "Whatisthecurrentreadingofthewatermeter": "#NULL!", "Isthewaterschemecurrentlyfunctional": "Fun", "Pleasetakeapictureillustratingthenonfunctionalityorpartialfuncti": null, "Maincauseofnonfunctionalityorpartialfunctionality": null, "MaincauseofnonfunctionalityorpartialfunctionalityOtherspecify": null, "Numberofmonthssincenonfunctional": null, "Doestheschemehaveanyemergingproblemsthatmightleadtononfunctional": "No", "Pleasedescribetheproblemsthatmightleadtononfunctionalityinthenea": null, "Wasthewaterschemeoutofserviceoneormoredaysinthelastmonth": "No", "Numberofdaysoutofserviceinthelastmonth": "#NULL!", "Dateoflastserviceorrepair": "#NULL!", "Howmanytimeshasthewaterschemebrokeninthelastyear": "2.0", "Describethefunctionalityproblemsoverthepastyear": null, "Howmanydaysperweekdoesthepumprunonaverage": "7.0", "Howmanyhoursperdaydoesthepumprunonaverage": "6.0", "Isthisaseasonalwaterschemethatcommonlyfailsinthedryseason": "Yes", "Isthepumpusedlessduringwetrainyseason": "Yes", "Duringwetrainyseasonshowmanydaysaweekdoesthepumprunonaverage": "7.0", "Duringwetrainyseasonshowmanyhoursperdaydoesthepumprunonaverage": "6.0", "SolarPanelpowerratingWatts": null, "SolarPanelCondition": null, "Yearwhengeneratorwasinstalledoryearofreinstallation": null, "Physicalstateofthegenerator": null, "Generatorbrand": null, "GeneratorbrandOtherspecify": null, "Generatormodel": null, "Generatorserialnumber": null, "GeneratormaxAmpsstartingamps": "#NULL!", "Generatorpicture": null, "PumpControllerManufacturer1": "Lorentz", "PumpControllerManufacturerOtherspecify": null, "PumpControllerModelNumber": null, "Pictureofpumpcontroller": "https://api.mwater.co/v3/images/ee1d4fa7f21843dcb1d8146b84ba7218", "PumpMotorModelNumber": null, "Pumpheadmodelnumber": null, "Typeandsizeofcasing": null, "Wellpumpremarks": null, "Isasensorinstalledatthesite": "Yes", "Typeofsensorinstalled": "SweetSense", "TypeofsensorinstalledOtherspecify": null, "Managementbody": "Water management committee", "Currentmanagementstatus": "WASHCO or Utility is active", "Whatisthemethodofpayment1": "Cash", "WhatisthemethodofpaymentOtherspecify1": null, "Whatisthemethodofpayment2": "Cash", "Typeoftariffsystemmostcommon": "Tariff per Je", "WhatisthetariffamountinKES": "5.0", "Isthereaspecialtariffforlivestockperanimal": "Yes", "WhatisthetariffpercamelKES": null, "WhatisthetariffpercattleKES": 7.0, "WhatisthetariffperhorsedonkeyKES": null, "WhatisthetariffpergoatsheepKES": "3.0", "Isthereatariffperinstitutionschoolshealthcentresetc": "No", "WhatisthemonthlyinstitutionaltariffKES": "#NULL!", "Numberofinstitutionssuppliedbyschemethatpayamonthlyinstitutional": "#NULL!", "Whenthisboreholeisworkingfromwheredohouseholdsprimarilygettheirw": "community tap", "Whenthisboreholeisworkingfromwheredohouseholdsprimarilygetthei_A": null, "WhenthisboreholeisworkinghowmanyHOURSperdaydohouseholdstypically": "0.2", "Whenthisboreholeisnotworkingfromwheredohouseholdsprimarilygetthe": "Other (please specify)", "WhenthisboreholeisNOTworkingandhouseholdshavetouseanalternativew": "0.5", "Hastherebeensomewaterqualitytestingforthisschemeinthepast": "Yes", "Yearofmostrecentwaterqualitytestdone": "Don't Know", "Whatwastheresult": "Don't Know", "Aretherespecificcontaminantsofconcern": null, "AretherespecificcontaminantsofconcernOtherspecify": null, "MeasuredWaterQualityTemperature": null, "MeasuredWaterQualitySpecificconductancemicroSiemenspercm": null, "\u00a0MeasuredWaterQualityTotalDissolvedSolidsmilligramsliter": null, "Pleaseaddanotherrelevantnotesontheborehole": "Borehole is being shared by two different communities.", "V109": "#NULL!", "V110": null}, "geometry": {"type": "Point", "coordinates": [40.14593654, -1.95135137]}}, {"type": "Feature", "properties": {"Sno": 52, "SubCounty": "Fafi", "Ward": null, "Village": "Bura", "Latitude": -1.09880194, "Longitude": 39.93891716, "RuralUrban": "Rural", "DistancetonextstrategicBoreholekm": "#NULL!", "Totalnumberofhouseholdscurrentlyservedfromthescheme": "2000.0", "WhatistheserviceareaforthisschemeHowmanykilometersfromheredothep": "20.0", "Isthisschemeusedforagricultureandirrigationbyfarmers": "No", "Howmanyfarmersusethisscheme\u00a0": "#NULL!", "Whatistheaveragesizedfarmthatusesthiswaterhectares\u00a0": "#NULL!", "Isthewaterschemeusedforlivestock": "No", "Estimatednumberofcamelsusingschemeperday": "#NULL!", "Estimatednumberofcattleusingschemeperday": "#NULL!", "Estimatednumberofhorsesdonkeysusingwaterpointperday": "#NULL!", "Estimatednumberofgoatssheepusingwaterpointperday": "#NULL!", "Isthewaterschemeusedforwatertrucking": "No", "Numberoftrucksfillingperday": "#NULL!", "Howmanytimesperweekdoesthewatertruckingoccur": "#NULL!", "Addanyothercommentsonwatertruckingdetails": null, "ConstructionyearofthewellboreholeinEFYortheyearofrehabilitation": "2011", "Boreholeorwelldepthmeters": "#NULL!", "Physicalstateofthewellborehole": "Normal", "TypeofPower": "Utility Power", "Productionofsystemyieldordischargemeterscubedhour": "8", "Isthereawatermeteratthewatersource": "No", "Isthewatermeterworking": "No", "Whatisthecurrentreadingofthewatermeter": "#NULL!", "Isthewaterschemecurrentlyfunctional": "Fun", "Pleasetakeapictureillustratingthenonfunctionalityorpartialfuncti": null, "Maincauseofnonfunctionalityorpartialfunctionality": null, "MaincauseofnonfunctionalityorpartialfunctionalityOtherspecify": null, "Numberofmonthssincenonfunctional": null, "Doestheschemehaveanyemergingproblemsthatmightleadtononfunctional": "No", "Pleasedescribetheproblemsthatmightleadtononfunctionalityinthenea": null, "Wasthewaterschemeoutofserviceoneormoredaysinthelastmonth": "No", "Numberofdaysoutofserviceinthelastmonth": "#NULL!", "Dateoflastserviceorrepair": "#NULL!", "Howmanytimeshasthewaterschemebrokeninthelastyear": "#NULL!", "Describethefunctionalityproblemsoverthepastyear": null, "Howmanydaysperweekdoesthepumprunonaverage": "7.0", "Howmanyhoursperdaydoesthepumprunonaverage": "7.0", "Isthisaseasonalwaterschemethatcommonlyfailsinthedryseason": "No", "Isthepumpusedlessduringwetrainyseason": "No", "Duringwetrainyseasonshowmanydaysaweekdoesthepumprunonaverage": "7.0", "Duringwetrainyseasonshowmanyhoursperdaydoesthepumprunonaverage": "7.0", "SolarPanelpowerratingWatts": null, "SolarPanelCondition": null, "Yearwhengeneratorwasinstalledoryearofreinstallation": null, "Physicalstateofthegenerator": null, "Generatorbrand": null, "GeneratorbrandOtherspecify": null, "Generatormodel": null, "Generatorserialnumber": null, "GeneratormaxAmpsstartingamps": "#NULL!", "Generatorpicture": null, "PumpControllerManufacturer1": "Other (pleas", "PumpControllerManufacturerOtherspecify": "Normal submer", "PumpControllerModelNumber": null, "Pictureofpumpcontroller": "https://api.mwater.co/v3/images/4da84ecee59b405588502e1f1d6283a5", "PumpMotorModelNumber": null, "Pumpheadmodelnumber": null, "Typeandsizeofcasing": null, "Wellpumpremarks": null, "Isasensorinstalledatthesite": "Yes", "Typeofsensorinstalled": "SweetSense", "TypeofsensorinstalledOtherspecify": null, "Managementbody": "Water management committee", "Currentmanagementstatus": "WASHCO or Utility is active", "Whatisthemethodofpayment1": "Cash,", "WhatisthemethodofpaymentOtherspecify1": null, "Whatisthemethodofpayment2": "Cash", "Typeoftariffsystemmostcommon": "Fixed tariff", "WhatisthetariffamountinKES": "500.0", "Isthereaspecialtariffforlivestockperanimal": "No", "WhatisthetariffpercamelKES": null, "WhatisthetariffpercattleKES": null, "WhatisthetariffperhorsedonkeyKES": null, "WhatisthetariffpergoatsheepKES": "#NULL!", "Isthereatariffperinstitutionschoolshealthcentresetc": "Yes", "WhatisthemonthlyinstitutionaltariffKES": "2000.0", "Numberofinstitutionssuppliedbyschemethatpayamonthlyinstitutional": "10.0", "Whenthisboreholeisworkingfromwheredohouseholdsprimarilygettheirw": "household tap", "Whenthisboreholeisworkingfromwheredohouseholdsprimarilygetthei_A": null, "WhenthisboreholeisworkinghowmanyHOURSperdaydohouseholdstypically": "0.3", "Whenthisboreholeisnotworkingfromwheredohouseholdsprimarilygetthe": "A different water tap", "WhenthisboreholeisNOTworkingandhouseholdshavetouseanalternativew": "0.4", "Hastherebeensomewaterqualitytestingforthisschemeinthepast": "Yes", "Yearofmostrecentwaterqualitytestdone": "Don't Know", "Whatwastheresult": "Don't Know", "Aretherespecificcontaminantsofconcern": null, "AretherespecificcontaminantsofconcernOtherspecify": null, "MeasuredWaterQualityTemperature": null, "MeasuredWaterQualitySpecificconductancemicroSiemenspercm": null, "\u00a0MeasuredWaterQualityTotalDissolvedSolidsmilligramsliter": null, "Pleaseaddanotherrelevantnotesontheborehole": null, "V109": "#NULL!", "V110": null}, "geometry": {"type": "Point", "coordinates": [39.93891716, -1.09880194]}}, {"type": "Feature", "properties": {"Sno": 53, "SubCounty": "Fafi", "Ward": null, "Village": "Nanighi", "Latitude": -0.85549387, "Longitude": 39.86463829, "RuralUrban": "Rural", "DistancetonextstrategicBoreholekm": "#NULL!", "Totalnumberofhouseholdscurrentlyservedfromthescheme": "320.0", "WhatistheserviceareaforthisschemeHowmanykilometersfromheredothep": "10.0", "Isthisschemeusedforagricultureandirrigationbyfarmers": "No", "Howmanyfarmersusethisscheme\u00a0": "#NULL!", "Whatistheaveragesizedfarmthatusesthiswaterhectares\u00a0": "#NULL!", "Isthewaterschemeusedforlivestock": "No", "Estimatednumberofcamelsusingschemeperday": "#NULL!", "Estimatednumberofcattleusingschemeperday": "#NULL!", "Estimatednumberofhorsesdonkeysusingwaterpointperday": "#NULL!", "Estimatednumberofgoatssheepusingwaterpointperday": "#NULL!", "Isthewaterschemeusedforwatertrucking": "No", "Numberoftrucksfillingperday": "#NULL!", "Howmanytimesperweekdoesthewatertruckingoccur": "#NULL!", "Addanyothercommentsonwatertruckingdetails": null, "ConstructionyearofthewellboreholeinEFYortheyearofrehabilitation": "2010", "Boreholeorwelldepthmeters": "#NULL!", "Physicalstateofthewellborehole": "Normal", "TypeofPower": "Generator", "Productionofsystemyieldordischargemeterscubedhour": "2.2000000000000002", "Isthereawatermeteratthewatersource": "No", "Isthewatermeterworking": "No", "Whatisthecurrentreadingofthewatermeter": "#NULL!", "Isthewaterschemecurrentlyfunctional": "Fun", "Pleasetakeapictureillustratingthenonfunctionalityorpartialfuncti": null, "Maincauseofnonfunctionalityorpartialfunctionality": null, "MaincauseofnonfunctionalityorpartialfunctionalityOtherspecify": null, "Numberofmonthssincenonfunctional": null, "Doestheschemehaveanyemergingproblemsthatmightleadtononfunctional": "No", "Pleasedescribetheproblemsthatmightleadtononfunctionalityinthenea": null, "Wasthewaterschemeoutofserviceoneormoredaysinthelastmonth": "No", "Numberofdaysoutofserviceinthelastmonth": "#NULL!", "Dateoflastserviceorrepair": "#NULL!", "Howmanytimeshasthewaterschemebrokeninthelastyear": "2.0", "Describethefunctionalityproblemsoverthepastyear": null, "Howmanydaysperweekdoesthepumprunonaverage": "2.0", "Howmanyhoursperdaydoesthepumprunonaverage": "12.0", "Isthisaseasonalwaterschemethatcommonlyfailsinthedryseason": "No", "Isthepumpusedlessduringwetrainyseason": "Yes", "Duringwetrainyseasonshowmanydaysaweekdoesthepumprunonaverage": "1.0", "Duringwetrainyseasonshowmanyhoursperdaydoesthepumprunonaverage": "12.0", "SolarPanelpowerratingWatts": null, "SolarPanelCondition": null, "Yearwhengeneratorwasinstalledoryearofreinstallation": "2010", "Physicalstateofthegenerator": "Normal", "Generatorbrand": "Lister Petter", "GeneratorbrandOtherspecify": null, "Generatormodel": null, "Generatorserialnumber": null, "GeneratormaxAmpsstartingamps": "#NULL!", "Generatorpicture": "https://api.mwater.co/v3/images/28dd174d606943739c3595738ce6ea15; https://api.mwater.co/v3/images/cd14a28c60d841e8b5a6ec6f9c123a47", "PumpControllerManufacturer1": "Other (pleas", "PumpControllerManufacturerOtherspecify": null, "PumpControllerModelNumber": null, "Pictureofpumpcontroller": "https://api.mwater.co/v3/images/7388c286e4864dccb363c3aa874eb28d", "PumpMotorModelNumber": null, "Pumpheadmodelnumber": null, "Typeandsizeofcasing": null, "Wellpumpremarks": null, "Isasensorinstalledatthesite": "Yes", "Typeofsensorinstalled": "SweetSense", "TypeofsensorinstalledOtherspecify": null, "Managementbody": "Water management committee", "Currentmanagementstatus": "WASHCO or Utility is active", "Whatisthemethodofpayment1": "Cash", "WhatisthemethodofpaymentOtherspecify1": null, "Whatisthemethodofpayment2": "Water Kiosk", "Typeoftariffsystemmostcommon": "Fixed tariff", "WhatisthetariffamountinKES": "200.0", "Isthereaspecialtariffforlivestockperanimal": "No", "WhatisthetariffpercamelKES": null, "WhatisthetariffpercattleKES": null, "WhatisthetariffperhorsedonkeyKES": null, "WhatisthetariffpergoatsheepKES": "#NULL!", "Isthereatariffperinstitutionschoolshealthcentresetc": "Yes", "WhatisthemonthlyinstitutionaltariffKES": "500.0", "Numberofinstitutionssuppliedbyschemethatpayamonthlyinstitutional": "6.0", "Whenthisboreholeisworkingfromwheredohouseholdsprimarilygettheirw": "household tap", "Whenthisboreholeisworkingfromwheredohouseholdsprimarilygetthei_A": null, "WhenthisboreholeisworkinghowmanyHOURSperdaydohouseholdstypically": "0.5", "Whenthisboreholeisnotworkingfromwheredohouseholdsprimarilygetthe": "A different water tap", "WhenthisboreholeisNOTworkingandhouseholdshavetouseanalternativew": "1", "Hastherebeensomewaterqualitytestingforthisschemeinthepast": "Yes", "Yearofmostrecentwaterqualitytestdone": "Don't Know", "Whatwastheresult": "Don't Know", "Aretherespecificcontaminantsofconcern": null, "AretherespecificcontaminantsofconcernOtherspecify": null, "MeasuredWaterQualityTemperature": null, "MeasuredWaterQualitySpecificconductancemicroSiemenspercm": null, "\u00a0MeasuredWaterQualityTotalDissolvedSolidsmilligramsliter": null, "Pleaseaddanotherrelevantnotesontheborehole": null, "V109": "#NULL!", "V110": null}, "geometry": {"type": "Point", "coordinates": [39.86463829, -0.85549387]}}, {"type": "Feature", "properties": {"Sno": 59, "SubCounty": "Dadaab", "Ward": null, "Village": "Hagarbul", "Latitude": -0.4636665, "Longitude": 39.6331667, "RuralUrban": "Rural", "DistancetonextstrategicBoreholekm": "15.00", "Totalnumberofhouseholdscurrentlyservedfromthescheme": "800.0", "WhatistheserviceareaforthisschemeHowmanykilometersfromheredothep": "18.0", "Isthisschemeusedforagricultureandirrigationbyfarmers": "No", "Howmanyfarmersusethisscheme\u00a0": "#NULL!", "Whatistheaveragesizedfarmthatusesthiswaterhectares\u00a0": "#NULL!", "Isthewaterschemeusedforlivestock": "Yes", "Estimatednumberofcamelsusingschemeperday": "9000.0", "Estimatednumberofcattleusingschemeperday": "5000.0", "Estimatednumberofhorsesdonkeysusingwaterpointperday": "150.0", "Estimatednumberofgoatssheepusingwaterpointperday": "6500.0", "Isthewaterschemeusedforwatertrucking": "Yes", "Numberoftrucksfillingperday": "5.0", "Howmanytimesperweekdoesthewatertruckingoccur": "10.0", "Addanyothercommentsonwatertruckingdetails": "The borehole is situated at strategic site .", "ConstructionyearofthewellboreholeinEFYortheyearofrehabilitation": "2012", "Boreholeorwelldepthmeters": "255.0", "Physicalstateofthewellborehole": "Doesn't function", "TypeofPower": "Hybrid", "Productionofsystemyieldordischargemeterscubedhour": "21", "Isthereawatermeteratthewatersource": "Yes", "Isthewatermeterworking": "Yes", "Whatisthecurrentreadingofthewatermeter": "#NULL!", "Isthewaterschemecurrentlyfunctional": "Non", "Pleasetakeapictureillustratingthenonfunctionalityorpartialfuncti": null, "Maincauseofnonfunctionalityorpartialfunctionality": "Submersible pump failure", "MaincauseofnonfunctionalityorpartialfunctionalityOtherspecify": null, "Numberofmonthssincenonfunctional": "3", "Doestheschemehaveanyemergingproblemsthatmightleadtononfunctional": null, "Pleasedescribetheproblemsthatmightleadtononfunctionalityinthenea": null, "Wasthewaterschemeoutofserviceoneormoredaysinthelastmonth": "Yes", "Numberofdaysoutofserviceinthelastmonth": "30.0", "Dateoflastserviceorrepair": "9-Jul-05", "Howmanytimeshasthewaterschemebrokeninthelastyear": "2.0", "Describethefunctionalityproblemsoverthepastyear": "The submersible pump is out of service  The Draw Pipes are also Dilapida", "Howmanydaysperweekdoesthepumprunonaverage": "7.0", "Howmanyhoursperdaydoesthepumprunonaverage": "12.0", "Isthisaseasonalwaterschemethatcommonlyfailsinthedryseason": "No", "Isthepumpusedlessduringwetrainyseason": "Yes", "Duringwetrainyseasonshowmanydaysaweekdoesthepumprunonaverage": "5.0", "Duringwetrainyseasonshowmanyhoursperdaydoesthepumprunonaverage": "4.0", "SolarPanelpowerratingWatts": null, "SolarPanelCondition": null, "Yearwhengeneratorwasinstalledoryearofreinstallation": null, "Physicalstateofthegenerator": null, "Generatorbrand": null, "GeneratorbrandOtherspecify": null, "Generatormodel": null, "Generatorserialnumber": null, "GeneratormaxAmpsstartingamps": "#NULL!", "Generatorpicture": null, "PumpControllerManufacturer1": null, "PumpControllerManufacturerOtherspecify": null, "PumpControllerModelNumber": null, "Pictureofpumpcontroller": null, "PumpMotorModelNumber": null, "Pumpheadmodelnumber": null, "Typeandsizeofcasing": "150 MM Dia. Pv", "Wellpumpremarks": "The submersible pump is not functioning.", "Isasensorinstalledatthesite": "No", "Typeofsensorinstalled": null, "TypeofsensorinstalledOtherspecify": null, "Managementbody": "Utility (e.g., WASCO)", "Currentmanagementstatus": "WASHCO or Utility is active", "Whatisthemethodofpayment1": "Cash", "WhatisthemethodofpaymentOtherspecify1": null, "Whatisthemethodofpayment2": "Cash", "Typeoftariffsystemmostcommon": "Fixed tariff", "WhatisthetariffamountinKES": "5.0", "Isthereaspecialtariffforlivestockperanimal": "Yes", "WhatisthetariffpercamelKES": 10.0, "WhatisthetariffpercattleKES": 5.0, "WhatisthetariffperhorsedonkeyKES": 5.0, "WhatisthetariffpergoatsheepKES": "2.0", "Isthereatariffperinstitutionschoolshealthcentresetc": "No", "WhatisthemonthlyinstitutionaltariffKES": "#NULL!", "Numberofinstitutionssuppliedbyschemethatpayamonthlyinstitutional": "#NULL!", "Whenthisboreholeisworkingfromwheredohouseholdsprimarilygettheirw": "community tap", "Whenthisboreholeisworkingfromwheredohouseholdsprimarilygetthei_A": null, "WhenthisboreholeisworkinghowmanyHOURSperdaydohouseholdstypically": "1.0", "Whenthisboreholeisnotworkingfromwheredohouseholdsprimarilygetthe": "A surface water source", "WhenthisboreholeisNOTworkingandhouseholdshavetouseanalternativew": "1", "Hastherebeensomewaterqualitytestingforthisschemeinthepast": "Yes", "Yearofmostrecentwaterqualitytestdone": "2012", "Whatwastheresult": "Water is safe", "Aretherespecificcontaminantsofconcern": "Sa", "AretherespecificcontaminantsofconcernOtherspecify": null, "MeasuredWaterQualityTemperature": null, "MeasuredWaterQualitySpecificconductancemicroSiemenspercm": null, "\u00a0MeasuredWaterQualityTotalDissolvedSolidsmilligramsliter": null, "Pleaseaddanotherrelevantnotesontheborehole": "The borehole has a functionality issues.  The water committee need to be trained on the sustainability of the water", "V109": "#NULL!", "V110": null}, "geometry": {"type": "Point", "coordinates": [39.6331667, -0.4636665]}}, {"type": "Feature", "properties": {"Sno": 61, "SubCounty": "Modogashe", "Ward": "Maalimin", "Village": "skanksa", "Latitude": 0.9040168, "Longitude": 39.3192646, "RuralUrban": "Rural", "DistancetonextstrategicBoreholekm": "26.00", "Totalnumberofhouseholdscurrentlyservedfromthescheme": "500.0", "WhatistheserviceareaforthisschemeHowmanykilometersfromheredothep": "1.0", "Isthisschemeusedforagricultureandirrigationbyfarmers": "No", "Howmanyfarmersusethisscheme\u00a0": "#NULL!", "Whatistheaveragesizedfarmthatusesthiswaterhectares\u00a0": "#NULL!", "Isthewaterschemeusedforlivestock": "Yes", "Estimatednumberofcamelsusingschemeperday": "200.0", "Estimatednumberofcattleusingschemeperday": "300.0", "Estimatednumberofhorsesdonkeysusingwaterpointperday": "20.0", "Estimatednumberofgoatssheepusingwaterpointperday": "3000.0", "Isthewaterschemeusedforwatertrucking": "No", "Numberoftrucksfillingperday": "#NULL!", "Howmanytimesperweekdoesthewatertruckingoccur": "#NULL!", "Addanyothercommentsonwatertruckingdetails": null, "ConstructionyearofthewellboreholeinEFYortheyearofrehabilitation": "2012", "Boreholeorwelldepthmeters": "250.0", "Physicalstateofthewellborehole": "Normal", "TypeofPower": "Generator", "Productionofsystemyieldordischargemeterscubedhour": "25", "Isthereawatermeteratthewatersource": "Yes", "Isthewatermeterworking": "Yes", "Whatisthecurrentreadingofthewatermeter": "98379.000000000", "Isthewaterschemecurrentlyfunctional": "Fun", "Pleasetakeapictureillustratingthenonfunctionalityorpartialfuncti": null, "Maincauseofnonfunctionalityorpartialfunctionality": null, "MaincauseofnonfunctionalityorpartialfunctionalityOtherspecify": null, "Numberofmonthssincenonfunctional": null, "Doestheschemehaveanyemergingproblemsthatmightleadtononfunctional": "No", "Pleasedescribetheproblemsthatmightleadtononfunctionalityinthenea": null, "Wasthewaterschemeoutofserviceoneormoredaysinthelastmonth": "No", "Numberofdaysoutofserviceinthelastmonth": "#NULL!", "Dateoflastserviceorrepair": "3-Feb-36", "Howmanytimeshasthewaterschemebrokeninthelastyear": "2.0", "Describethefunctionalityproblemsoverthepastyear": "The borehole is saline and the community are not using for domestic purp", "Howmanydaysperweekdoesthepumprunonaverage": "5.0", "Howmanyhoursperdaydoesthepumprunonaverage": "8.0", "Isthisaseasonalwaterschemethatcommonlyfailsinthedryseason": "No", "Isthepumpusedlessduringwetrainyseason": "Yes", "Duringwetrainyseasonshowmanydaysaweekdoesthepumprunonaverage": "0.0", "Duringwetrainyseasonshowmanyhoursperdaydoesthepumprunonaverage": "0.0", "SolarPanelpowerratingWatts": null, "SolarPanelCondition": null, "Yearwhengeneratorwasinstalledoryearofreinstallation": "2012", "Physicalstateofthegenerator": "Normal", "Generatorbrand": "Perkins", "GeneratorbrandOtherspecify": null, "Generatormodel": "0", "Generatorserialnumber": "0", "GeneratormaxAmpsstartingamps": "0.0", "Generatorpicture": null, "PumpControllerManufacturer1": null, "PumpControllerManufacturerOtherspecify": null, "PumpControllerModelNumber": "0", "Pictureofpumpcontroller": null, "PumpMotorModelNumber": "0", "Pumpheadmodelnumber": 0.0, "Typeandsizeofcasing": "8\" steel", "Wellpumpremarks": "The pump is functional.", "Isasensorinstalledatthesite": "No", "Typeofsensorinstalled": null, "TypeofsensorinstalledOtherspecify": null, "Managementbody": "Utility (e.g., WASCO)", "Currentmanagementstatus": "WASHCO or Utility is not active", "Whatisthemethodofpayment1": "Cash", "WhatisthemethodofpaymentOtherspecify1": null, "Whatisthemethodofpayment2": "Cash", "Typeoftariffsystemmostcommon": "Fixed tariff", "WhatisthetariffamountinKES": "500.0", "Isthereaspecialtariffforlivestockperanimal": "Yes", "WhatisthetariffpercamelKES": 10.0, "WhatisthetariffpercattleKES": 5.0, "WhatisthetariffperhorsedonkeyKES": 2.0, "WhatisthetariffpergoatsheepKES": "2.0", "Isthereatariffperinstitutionschoolshealthcentresetc": "Yes", "WhatisthemonthlyinstitutionaltariffKES": "500.0", "Numberofinstitutionssuppliedbyschemethatpayamonthlyinstitutional": "3.0", "Whenthisboreholeisworkingfromwheredohouseholdsprimarilygettheirw": "community tap", "Whenthisboreholeisworkingfromwheredohouseholdsprimarilygetthei_A": null, "WhenthisboreholeisworkinghowmanyHOURSperdaydohouseholdstypically": "0.0", "Whenthisboreholeisnotworkingfromwheredohouseholdsprimarilygetthe": "A surface water source", "WhenthisboreholeisNOTworkingandhouseholdshavetouseanalternativew": "6", "Hastherebeensomewaterqualitytestingforthisschemeinthepast": "No", "Yearofmostrecentwaterqualitytestdone": null, "Whatwastheresult": null, "Aretherespecificcontaminantsofconcern": "No", "AretherespecificcontaminantsofconcernOtherspecify": null, "MeasuredWaterQualityTemperature": "0", "MeasuredWaterQualitySpecificconductancemicroSiemenspercm": "0", "\u00a0MeasuredWaterQualityTotalDissolvedSolidsmilligramsliter": "0", "Pleaseaddanotherrelevantnotesontheborehole": null, "V109": "#NULL!", "V110": null}, "geometry": {"type": "Point", "coordinates": [39.3192646, 0.9040168]}}, {"type": "Feature", "properties": {"Sno": 62, "SubCounty": "Balambala", "Ward": "Balambala", "Village": "Balambala", "Latitude": -0.0435623, "Longitude": 39.0594738, "RuralUrban": "Rural", "DistancetonextstrategicBoreholekm": "15.00", "Totalnumberofhouseholdscurrentlyservedfromthescheme": "1000.0", "WhatistheserviceareaforthisschemeHowmanykilometersfromheredothep": "6.0", "Isthisschemeusedforagricultureandirrigationbyfarmers": "No", "Howmanyfarmersusethisscheme\u00a0": "#NULL!", "Whatistheaveragesizedfarmthatusesthiswaterhectares\u00a0": "#NULL!", "Isthewaterschemeusedforlivestock": "No", "Estimatednumberofcamelsusingschemeperday": "#NULL!", "Estimatednumberofcattleusingschemeperday": "#NULL!", "Estimatednumberofhorsesdonkeysusingwaterpointperday": "#NULL!", "Estimatednumberofgoatssheepusingwaterpointperday": "#NULL!", "Isthewaterschemeusedforwatertrucking": "No", "Numberoftrucksfillingperday": "#NULL!", "Howmanytimesperweekdoesthewatertruckingoccur": "#NULL!", "Addanyothercommentsonwatertruckingdetails": null, "ConstructionyearofthewellboreholeinEFYortheyearofrehabilitation": "2018", "Boreholeorwelldepthmeters": "170.0", "Physicalstateofthewellborehole": "Normal", "TypeofPower": "Generator", "Productionofsystemyieldordischargemeterscubedhour": "27", "Isthereawatermeteratthewatersource": "Yes", "Isthewatermeterworking": "Yes", "Whatisthecurrentreadingofthewatermeter": "7372.000000000", "Isthewaterschemecurrentlyfunctional": "Fun", "Pleasetakeapictureillustratingthenonfunctionalityorpartialfuncti": null, "Maincauseofnonfunctionalityorpartialfunctionality": null, "MaincauseofnonfunctionalityorpartialfunctionalityOtherspecify": null, "Numberofmonthssincenonfunctional": null, "Doestheschemehaveanyemergingproblemsthatmightleadtononfunctional": "No", "Pleasedescribetheproblemsthatmightleadtononfunctionalityinthenea": null, "Wasthewaterschemeoutofserviceoneormoredaysinthelastmonth": "No", "Numberofdaysoutofserviceinthelastmonth": "#NULL!", "Dateoflastserviceorrepair": "#NULL!", "Howmanytimeshasthewaterschemebrokeninthelastyear": "#NULL!", "Describethefunctionalityproblemsoverthepastyear": "It has no functional problem", "Howmanydaysperweekdoesthepumprunonaverage": "7.0", "Howmanyhoursperdaydoesthepumprunonaverage": "2.0", "Isthisaseasonalwaterschemethatcommonlyfailsinthedryseason": "No", "Isthepumpusedlessduringwetrainyseason": "No", "Duringwetrainyseasonshowmanydaysaweekdoesthepumprunonaverage": "7.0", "Duringwetrainyseasonshowmanyhoursperdaydoesthepumprunonaverage": "2.0", "SolarPanelpowerratingWatts": null, "SolarPanelCondition": null, "Yearwhengeneratorwasinstalledoryearofreinstallation": "2018", "Physicalstateofthegenerator": "Normal", "Generatorbrand": "Perkins", "GeneratorbrandOtherspecify": null, "Generatormodel": "Daylif", "Generatorserialnumber": "PG1804003515", "GeneratormaxAmpsstartingamps": "31.0", "Generatorpicture": "https://api.mwater.co/v3/images/433c010714f64244b759c88b15a66b72", "PumpControllerManufacturer1": "Grundfos", "PumpControllerManufacturerOtherspecify": null, "PumpControllerModelNumber": null, "Pictureofpumpcontroller": null, "PumpMotorModelNumber": null, "Pumpheadmodelnumber": null, "Typeandsizeofcasing": "GI pipe 8 inch", "Wellpumpremarks": "We were not able to get pump information from the ope", "Isasensorinstalledatthesite": "No", "Typeofsensorinstalled": null, "TypeofsensorinstalledOtherspecify": null, "Managementbody": "Utility (e.g., WASCO)", "Currentmanagementstatus": "WASHCO or Utility is active", "Whatisthemethodofpayment1": "Cash", "WhatisthemethodofpaymentOtherspecify1": null, "Whatisthemethodofpayment2": "Cash", "Typeoftariffsystemmostcommon": "Fixed tariff", "WhatisthetariffamountinKES": "600.0", "Isthereaspecialtariffforlivestockperanimal": "No", "WhatisthetariffpercamelKES": null, "WhatisthetariffpercattleKES": null, "WhatisthetariffperhorsedonkeyKES": null, "WhatisthetariffpergoatsheepKES": "#NULL!", "Isthereatariffperinstitutionschoolshealthcentresetc": "No", "WhatisthemonthlyinstitutionaltariffKES": "#NULL!", "Numberofinstitutionssuppliedbyschemethatpayamonthlyinstitutional": "#NULL!", "Whenthisboreholeisworkingfromwheredohouseholdsprimarilygettheirw": "household tap", "Whenthisboreholeisworkingfromwheredohouseholdsprimarilygetthei_A": null, "WhenthisboreholeisworkinghowmanyHOURSperdaydohouseholdstypically": "1.0", "Whenthisboreholeisnotworkingfromwheredohouseholdsprimarilygetthe": "A surface water source", "WhenthisboreholeisNOTworkingandhouseholdshavetouseanalternativew": "1", "Hastherebeensomewaterqualitytestingforthisschemeinthepast": "Yes", "Yearofmostrecentwaterqualitytestdone": "2018", "Whatwastheresult": "Water is safe", "Aretherespecificcontaminantsofconcern": null, "AretherespecificcontaminantsofconcernOtherspecify": null, "MeasuredWaterQualityTemperature": null, "MeasuredWaterQualitySpecificconductancemicroSiemenspercm": null, "\u00a0MeasuredWaterQualityTotalDissolvedSolidsmilligramsliter": null, "Pleaseaddanotherrelevantnotesontheborehole": null, "V109": "#NULL!", "V110": null}, "geometry": {"type": "Point", "coordinates": [39.0594738, -0.0435623]}}, {"type": "Feature", "properties": {"Sno": 64, "SubCounty": "Balambala", "Ward": "Danyere ward", "Village": "Sikley", "Latitude": -0.0689545, "Longitude": 38.7406284, "RuralUrban": "Rural", "DistancetonextstrategicBoreholekm": "5.00", "Totalnumberofhouseholdscurrentlyservedfromthescheme": "50.0", "WhatistheserviceareaforthisschemeHowmanykilometersfromheredothep": "10.0", "Isthisschemeusedforagricultureandirrigationbyfarmers": "No", "Howmanyfarmersusethisscheme\u00a0": "#NULL!", "Whatistheaveragesizedfarmthatusesthiswaterhectares\u00a0": "#NULL!", "Isthewaterschemeusedforlivestock": "No", "Estimatednumberofcamelsusingschemeperday": "#NULL!", "Estimatednumberofcattleusingschemeperday": "#NULL!", "Estimatednumberofhorsesdonkeysusingwaterpointperday": "#NULL!", "Estimatednumberofgoatssheepusingwaterpointperday": "#NULL!", "Isthewaterschemeusedforwatertrucking": "No", "Numberoftrucksfillingperday": "#NULL!", "Howmanytimesperweekdoesthewatertruckingoccur": "#NULL!", "Addanyothercommentsonwatertruckingdetails": null, "ConstructionyearofthewellboreholeinEFYortheyearofrehabilitation": "2013", "Boreholeorwelldepthmeters": "20.0", "Physicalstateofthewellborehole": "Doesn't function", "TypeofPower": "Generator", "Productionofsystemyieldordischargemeterscubedhour": "15", "Isthereawatermeteratthewatersource": "No", "Isthewatermeterworking": "No", "Whatisthecurrentreadingofthewatermeter": "#NULL!", "Isthewaterschemecurrentlyfunctional": "Non", "Pleasetakeapictureillustratingthenonfunctionalityorpartialfuncti": "https://api.mwater.co/v3/images/54ae57cc591544f6bf64f728d55f9244", "Maincauseofnonfunctionalityorpartialfunctionality": "Submersible pump failure", "MaincauseofnonfunctionalityorpartialfunctionalityOtherspecify": null, "Numberofmonthssincenonfunctional": "2510", "Doestheschemehaveanyemergingproblemsthatmightleadtononfunctional": null, "Pleasedescribetheproblemsthatmightleadtononfunctionalityinthenea": null, "Wasthewaterschemeoutofserviceoneormoredaysinthelastmonth": "Yes", "Numberofdaysoutofserviceinthelastmonth": "2510.0", "Dateoflastserviceorrepair": "5-Jul-05", "Howmanytimeshasthewaterschemebrokeninthelastyear": "7.0", "Describethefunctionalityproblemsoverthepastyear": "Engine problem,Water kiosk and storage problem\nPump failure", "Howmanydaysperweekdoesthepumprunonaverage": "0.0", "Howmanyhoursperdaydoesthepumprunonaverage": "0.0", "Isthisaseasonalwaterschemethatcommonlyfailsinthedryseason": "No", "Isthepumpusedlessduringwetrainyseason": "No", "Duringwetrainyseasonshowmanydaysaweekdoesthepumprunonaverage": "0.0", "Duringwetrainyseasonshowmanyhoursperdaydoesthepumprunonaverage": "0.0", "SolarPanelpowerratingWatts": null, "SolarPanelCondition": null, "Yearwhengeneratorwasinstalledoryearofreinstallation": "2013", "Physicalstateofthegenerator": "Doesn't function", "Generatorbrand": null, "GeneratorbrandOtherspecify": "Unknown", "Generatormodel": null, "Generatorserialnumber": null, "GeneratormaxAmpsstartingamps": "#NULL!", "Generatorpicture": "https://api.mwater.co/v3/images/51dd921ab1a849f38219a1cc8e8815c1", "PumpControllerManufacturer1": null, "PumpControllerManufacturerOtherspecify": null, "PumpControllerModelNumber": null, "Pictureofpumpcontroller": null, "PumpMotorModelNumber": null, "Pumpheadmodelnumber": null, "Typeandsizeofcasing": null, "Wellpumpremarks": "The system has been affected by flood therefore we we", "Isasensorinstalledatthesite": "No", "Typeofsensorinstalled": null, "TypeofsensorinstalledOtherspecify": null, "Managementbody": "No management organisation", "Currentmanagementstatus": null, "Whatisthemethodofpayment1": "No Pa", "WhatisthemethodofpaymentOtherspecify1": null, "Whatisthemethodofpayment2": "No Payment Ma", "Typeoftariffsystemmostcommon": "No payment", "WhatisthetariffamountinKES": "#NULL!", "Isthereaspecialtariffforlivestockperanimal": "No", "WhatisthetariffpercamelKES": null, "WhatisthetariffpercattleKES": null, "WhatisthetariffperhorsedonkeyKES": null, "WhatisthetariffpergoatsheepKES": "#NULL!", "Isthereatariffperinstitutionschoolshealthcentresetc": "No", "WhatisthemonthlyinstitutionaltariffKES": "#NULL!", "Numberofinstitutionssuppliedbyschemethatpayamonthlyinstitutional": "#NULL!", "Whenthisboreholeisworkingfromwheredohouseholdsprimarilygettheirw": "community tap", "Whenthisboreholeisworkingfromwheredohouseholdsprimarilygetthei_A": null, "WhenthisboreholeisworkinghowmanyHOURSperdaydohouseholdstypically": "2.0", "Whenthisboreholeisnotworkingfromwheredohouseholdsprimarilygetthe": "A surface water source", "WhenthisboreholeisNOTworkingandhouseholdshavetouseanalternativew": "Don't K", "Hastherebeensomewaterqualitytestingforthisschemeinthepast": "Yes", "Yearofmostrecentwaterqualitytestdone": "2013", "Whatwastheresult": "Water is safe", "Aretherespecificcontaminantsofconcern": "No", "AretherespecificcontaminantsofconcernOtherspecify": null, "MeasuredWaterQualityTemperature": null, "MeasuredWaterQualitySpecificconductancemicroSiemenspercm": null, "\u00a0MeasuredWaterQualityTotalDissolvedSolidsmilligramsliter": null, "Pleaseaddanotherrelevantnotesontheborehole": null, "V109": "#NULL!", "V110": null}, "geometry": {"type": "Point", "coordinates": [38.7406284, -0.0689545]}}, {"type": "Feature", "properties": {"Sno": 66, "SubCounty": "Balambala", "Ward": "Sankur", "Village": "Shimbirey", "Latitude": -0.0468752, "Longitude": 39.4989533, "RuralUrban": "Rural", "DistancetonextstrategicBoreholekm": "35.00", "Totalnumberofhouseholdscurrentlyservedfromthescheme": "150.0", "WhatistheserviceareaforthisschemeHowmanykilometersfromheredothep": "2.0", "Isthisschemeusedforagricultureandirrigationbyfarmers": "No", "Howmanyfarmersusethisscheme\u00a0": "#NULL!", "Whatistheaveragesizedfarmthatusesthiswaterhectares\u00a0": "#NULL!", "Isthewaterschemeusedforlivestock": "Yes", "Estimatednumberofcamelsusingschemeperday": "100.0", "Estimatednumberofcattleusingschemeperday": "100.0", "Estimatednumberofhorsesdonkeysusingwaterpointperday": "200.0", "Estimatednumberofgoatssheepusingwaterpointperday": "500.0", "Isthewaterschemeusedforwatertrucking": "No", "Numberoftrucksfillingperday": "#NULL!", "Howmanytimesperweekdoesthewatertruckingoccur": "#NULL!", "Addanyothercommentsonwatertruckingdetails": null, "ConstructionyearofthewellboreholeinEFYortheyearofrehabilitation": "2002", "Boreholeorwelldepthmeters": "280.0", "Physicalstateofthewellborehole": "Normal", "TypeofPower": "Generator", "Productionofsystemyieldordischargemeterscubedhour": "10", "Isthereawatermeteratthewatersource": "No", "Isthewatermeterworking": "No", "Whatisthecurrentreadingofthewatermeter": "#NULL!", "Isthewaterschemecurrentlyfunctional": "Fun", "Pleasetakeapictureillustratingthenonfunctionalityorpartialfuncti": null, "Maincauseofnonfunctionalityorpartialfunctionality": null, "MaincauseofnonfunctionalityorpartialfunctionalityOtherspecify": null, "Numberofmonthssincenonfunctional": null, "Doestheschemehaveanyemergingproblemsthatmightleadtononfunctional": "Yes", "Pleasedescribetheproblemsthatmightleadtononfunctionalityinthenea": "Mansonary tank constructed but piping connec", "Wasthewaterschemeoutofserviceoneormoredaysinthelastmonth": "No", "Numberofdaysoutofserviceinthelastmonth": "#NULL!", "Dateoflastserviceorrepair": "30-Sep-27", "Howmanytimeshasthewaterschemebrokeninthelastyear": "#NULL!", "Describethefunctionalityproblemsoverthepastyear": "Production is very low compare to the  demand.", "Howmanydaysperweekdoesthepumprunonaverage": "5.0", "Howmanyhoursperdaydoesthepumprunonaverage": "2.0", "Isthisaseasonalwaterschemethatcommonlyfailsinthedryseason": "Yes", "Isthepumpusedlessduringwetrainyseason": "Yes", "Duringwetrainyseasonshowmanydaysaweekdoesthepumprunonaverage": "2.0", "Duringwetrainyseasonshowmanyhoursperdaydoesthepumprunonaverage": "1.0", "SolarPanelpowerratingWatts": null, "SolarPanelCondition": null, "Yearwhengeneratorwasinstalledoryearofreinstallation": "2013", "Physicalstateofthegenerator": "Poor", "Generatorbrand": "Perkins", "GeneratorbrandOtherspecify": null, "Generatormodel": null, "Generatorserialnumber": null, "GeneratormaxAmpsstartingamps": "#NULL!", "Generatorpicture": "https://api.mwater.co/v3/images/a3c5faa7ce5241eeab59fb8e913f5e45; https://api.mwater.co/v3/images/039607e6731c41c786cb6b7f96ac90a7", "PumpControllerManufacturer1": null, "PumpControllerManufacturerOtherspecify": null, "PumpControllerModelNumber": null, "Pictureofpumpcontroller": null, "PumpMotorModelNumber": null, "Pumpheadmodelnumber": null, "Typeandsizeofcasing": "8", "Wellpumpremarks": "We were not able to access pump information from the", "Isasensorinstalledatthesite": "Yes", "Typeofsensorinstalled": "SweetSense", "TypeofsensorinstalledOtherspecify": null, "Managementbody": "No management organisation", "Currentmanagementstatus": null, "Whatisthemethodofpayment1": "Cash", "WhatisthemethodofpaymentOtherspecify1": null, "Whatisthemethodofpayment2": "Cash", "Typeoftariffsystemmostcommon": "Tariff per Je", "WhatisthetariffamountinKES": "20.0", "Isthereaspecialtariffforlivestockperanimal": "Yes", "WhatisthetariffpercamelKES": 10.0, "WhatisthetariffpercattleKES": 5.0, "WhatisthetariffperhorsedonkeyKES": 5.0, "WhatisthetariffpergoatsheepKES": "3.0", "Isthereatariffperinstitutionschoolshealthcentresetc": "No", "WhatisthemonthlyinstitutionaltariffKES": "#NULL!", "Numberofinstitutionssuppliedbyschemethatpayamonthlyinstitutional": "#NULL!", "Whenthisboreholeisworkingfromwheredohouseholdsprimarilygettheirw": "Other (please specify)", "Whenthisboreholeisworkingfromwheredohouseholdsprimarilygetthei_A": "The water is saline most of the comm", "WhenthisboreholeisworkinghowmanyHOURSperdaydohouseholdstypically": "0.0", "Whenthisboreholeisnotworkingfromwheredohouseholdsprimarilygetthe": "A surface water source", "WhenthisboreholeisNOTworkingandhouseholdshavetouseanalternativew": "Don't K", "Hastherebeensomewaterqualitytestingforthisschemeinthepast": "Yes", "Yearofmostrecentwaterqualitytestdone": "Don't Know", "Whatwastheresult": "Water is unsaf", "Aretherespecificcontaminantsofconcern": "Sa", "AretherespecificcontaminantsofconcernOtherspecify": null, "MeasuredWaterQualityTemperature": null, "MeasuredWaterQualitySpecificconductancemicroSiemenspercm": null, "\u00a0MeasuredWaterQualityTotalDissolvedSolidsmilligramsliter": null, "Pleaseaddanotherrelevantnotesontheborehole": "The borehole is saline far from community", "V109": "#NULL!", "V110": null}, "geometry": {"type": "Point", "coordinates": [39.4989533, -0.0468752]}}, {"type": "Feature", "properties": {"Sno": 68, "SubCounty": "Balambala", "Ward": "Danyere", "Village": "Danyere", "Latitude": 0.0195832, "Longitude": 38.7392559, "RuralUrban": "Rural", "DistancetonextstrategicBoreholekm": "#NULL!", "Totalnumberofhouseholdscurrentlyservedfromthescheme": "130.0", "WhatistheserviceareaforthisschemeHowmanykilometersfromheredothep": "50.0", "Isthisschemeusedforagricultureandirrigationbyfarmers": "No", "Howmanyfarmersusethisscheme\u00a0": "#NULL!", "Whatistheaveragesizedfarmthatusesthiswaterhectares\u00a0": "#NULL!", "Isthewaterschemeusedforlivestock": "No", "Estimatednumberofcamelsusingschemeperday": "#NULL!", "Estimatednumberofcattleusingschemeperday": "#NULL!", "Estimatednumberofhorsesdonkeysusingwaterpointperday": "#NULL!", "Estimatednumberofgoatssheepusingwaterpointperday": "#NULL!", "Isthewaterschemeusedforwatertrucking": "No", "Numberoftrucksfillingperday": "#NULL!", "Howmanytimesperweekdoesthewatertruckingoccur": "#NULL!", "Addanyothercommentsonwatertruckingdetails": null, "ConstructionyearofthewellboreholeinEFYortheyearofrehabilitation": "2015", "Boreholeorwelldepthmeters": "#NULL!", "Physicalstateofthewellborehole": "Doesn't function", "TypeofPower": "Unknown", "Productionofsystemyieldordischargemeterscubedhour": "0", "Isthereawatermeteratthewatersource": "No", "Isthewatermeterworking": "No", "Whatisthecurrentreadingofthewatermeter": "#NULL!", "Isthewaterschemecurrentlyfunctional": "Non", "Pleasetakeapictureillustratingthenonfunctionalityorpartialfuncti": "https://api.mwater.co/v3/images/7372ebf5b52c447d93100f805ecb3149", "Maincauseofnonfunctionalityorpartialfunctionality": "Other (please specify)", "MaincauseofnonfunctionalityorpartialfunctionalityOtherspecify": "Not operational", "Numberofmonthssincenonfunctional": "7", "Doestheschemehaveanyemergingproblemsthatmightleadtononfunctional": null, "Pleasedescribetheproblemsthatmightleadtononfunctionalityinthenea": null, "Wasthewaterschemeoutofserviceoneormoredaysinthelastmonth": "Yes", "Numberofdaysoutofserviceinthelastmonth": "2510.0", "Dateoflastserviceorrepair": "#NULL!", "Howmanytimeshasthewaterschemebrokeninthelastyear": "0.0", "Describethefunctionalityproblemsoverthepastyear": "Intake is from river source treatment plant and storage done but piping", "Howmanydaysperweekdoesthepumprunonaverage": "0.0", "Howmanyhoursperdaydoesthepumprunonaverage": "0.0", "Isthisaseasonalwaterschemethatcommonlyfailsinthedryseason": "No", "Isthepumpusedlessduringwetrainyseason": "No", "Duringwetrainyseasonshowmanydaysaweekdoesthepumprunonaverage": "0.0", "Duringwetrainyseasonshowmanyhoursperdaydoesthepumprunonaverage": "0.0", "SolarPanelpowerratingWatts": null, "SolarPanelCondition": null, "Yearwhengeneratorwasinstalledoryearofreinstallation": null, "Physicalstateofthegenerator": null, "Generatorbrand": null, "GeneratorbrandOtherspecify": null, "Generatormodel": null, "Generatorserialnumber": null, "GeneratormaxAmpsstartingamps": "#NULL!", "Generatorpicture": null, "PumpControllerManufacturer1": "Other (pleas", "PumpControllerManufacturerOtherspecify": null, "PumpControllerModelNumber": null, "Pictureofpumpcontroller": null, "PumpMotorModelNumber": null, "Pumpheadmodelnumber": null, "Typeandsizeofcasing": null, "Wellpumpremarks": "Not yet installed", "Isasensorinstalledatthesite": "No", "Typeofsensorinstalled": null, "TypeofsensorinstalledOtherspecify": null, "Managementbody": "No management organisation", "Currentmanagementstatus": null, "Whatisthemethodofpayment1": "No Pa", "WhatisthemethodofpaymentOtherspecify1": null, "Whatisthemethodofpayment2": "No Payment Ma", "Typeoftariffsystemmostcommon": "No payment", "WhatisthetariffamountinKES": "#NULL!", "Isthereaspecialtariffforlivestockperanimal": "No", "WhatisthetariffpercamelKES": null, "WhatisthetariffpercattleKES": null, "WhatisthetariffperhorsedonkeyKES": null, "WhatisthetariffpergoatsheepKES": "#NULL!", "Isthereatariffperinstitutionschoolshealthcentresetc": "No", "WhatisthemonthlyinstitutionaltariffKES": "#NULL!", "Numberofinstitutionssuppliedbyschemethatpayamonthlyinstitutional": "#NULL!", "Whenthisboreholeisworkingfromwheredohouseholdsprimarilygettheirw": "Other (please specify)", "Whenthisboreholeisworkingfromwheredohouseholdsprimarilygetthei_A": "Nothing is working", "WhenthisboreholeisworkinghowmanyHOURSperdaydohouseholdstypically": "0.0", "Whenthisboreholeisnotworkingfromwheredohouseholdsprimarilygetthe": "A surface water source", "WhenthisboreholeisNOTworkingandhouseholdshavetouseanalternativew": "2", "Hastherebeensomewaterqualitytestingforthisschemeinthepast": "No", "Yearofmostrecentwaterqualitytestdone": null, "Whatwastheresult": null, "Aretherespecificcontaminantsofconcern": null, "AretherespecificcontaminantsofconcernOtherspecify": null, "MeasuredWaterQualityTemperature": null, "MeasuredWaterQualitySpecificconductancemicroSiemenspercm": null, "\u00a0MeasuredWaterQualityTotalDissolvedSolidsmilligramsliter": null, "Pleaseaddanotherrelevantnotesontheborehole": "This a new project only piping is yet to be connected to the storage", "V109": "#NULL!", "V110": null}, "geometry": {"type": "Point", "coordinates": [38.7392559, 0.0195832]}}, {"type": "Feature", "properties": {"Sno": 69, "SubCounty": "Balambala", "Ward": "Jarjara", "Village": "Kone", "Latitude": -0.0313935, "Longitude": 38.9859834, "RuralUrban": "Rural", "DistancetonextstrategicBoreholekm": "10.00", "Totalnumberofhouseholdscurrentlyservedfromthescheme": "100.0", "WhatistheserviceareaforthisschemeHowmanykilometersfromheredothep": "30.0", "Isthisschemeusedforagricultureandirrigationbyfarmers": "No", "Howmanyfarmersusethisscheme\u00a0": "#NULL!", "Whatistheaveragesizedfarmthatusesthiswaterhectares\u00a0": "#NULL!", "Isthewaterschemeusedforlivestock": "No", "Estimatednumberofcamelsusingschemeperday": "#NULL!", "Estimatednumberofcattleusingschemeperday": "#NULL!", "Estimatednumberofhorsesdonkeysusingwaterpointperday": "#NULL!", "Estimatednumberofgoatssheepusingwaterpointperday": "#NULL!", "Isthewaterschemeusedforwatertrucking": "No", "Numberoftrucksfillingperday": "#NULL!", "Howmanytimesperweekdoesthewatertruckingoccur": "#NULL!", "Addanyothercommentsonwatertruckingdetails": null, "ConstructionyearofthewellboreholeinEFYortheyearofrehabilitation": "2018", "Boreholeorwelldepthmeters": "10.0", "Physicalstateofthewellborehole": "Normal", "TypeofPower": "Generator", "Productionofsystemyieldordischargemeterscubedhour": "15", "Isthereawatermeteratthewatersource": "No", "Isthewatermeterworking": "No", "Whatisthecurrentreadingofthewatermeter": "#NULL!", "Isthewaterschemecurrentlyfunctional": "Fun", "Pleasetakeapictureillustratingthenonfunctionalityorpartialfuncti": null, "Maincauseofnonfunctionalityorpartialfunctionality": null, "MaincauseofnonfunctionalityorpartialfunctionalityOtherspecify": null, "Numberofmonthssincenonfunctional": null, "Doestheschemehaveanyemergingproblemsthatmightleadtononfunctional": "No", "Pleasedescribetheproblemsthatmightleadtononfunctionalityinthenea": null, "Wasthewaterschemeoutofserviceoneormoredaysinthelastmonth": "No", "Numberofdaysoutofserviceinthelastmonth": "#NULL!", "Dateoflastserviceorrepair": "#NULL!", "Howmanytimeshasthewaterschemebrokeninthelastyear": "#NULL!", "Describethefunctionalityproblemsoverthepastyear": "It has no functional problem", "Howmanydaysperweekdoesthepumprunonaverage": "5.0", "Howmanyhoursperdaydoesthepumprunonaverage": "2.0", "Isthisaseasonalwaterschemethatcommonlyfailsinthedryseason": "No", "Isthepumpusedlessduringwetrainyseason": "Yes", "Duringwetrainyseasonshowmanydaysaweekdoesthepumprunonaverage": "4.0", "Duringwetrainyseasonshowmanyhoursperdaydoesthepumprunonaverage": "1.0", "SolarPanelpowerratingWatts": null, "SolarPanelCondition": null, "Yearwhengeneratorwasinstalledoryearofreinstallation": "2018", "Physicalstateofthegenerator": "Normal", "Generatorbrand": "Perkins", "GeneratorbrandOtherspecify": null, "Generatormodel": null, "Generatorserialnumber": null, "GeneratormaxAmpsstartingamps": "#NULL!", "Generatorpicture": "https://api.mwater.co/v3/images/6fb80a9d7f5545a9888dcaf687557e66", "PumpControllerManufacturer1": null, "PumpControllerManufacturerOtherspecify": null, "PumpControllerModelNumber": null, "Pictureofpumpcontroller": null, "PumpMotorModelNumber": null, "Pumpheadmodelnumber": null, "Typeandsizeofcasing": null, "Wellpumpremarks": null, "Isasensorinstalledatthesite": "No", "Typeofsensorinstalled": null, "TypeofsensorinstalledOtherspecify": null, "Managementbody": "No management organisation", "Currentmanagementstatus": null, "Whatisthemethodofpayment1": "Cash", "WhatisthemethodofpaymentOtherspecify1": null, "Whatisthemethodofpayment2": "Cash", "Typeoftariffsystemmostcommon": "Tariff per Je", "WhatisthetariffamountinKES": "20.0", "Isthereaspecialtariffforlivestockperanimal": "No", "WhatisthetariffpercamelKES": null, "WhatisthetariffpercattleKES": null, "WhatisthetariffperhorsedonkeyKES": null, "WhatisthetariffpergoatsheepKES": "#NULL!", "Isthereatariffperinstitutionschoolshealthcentresetc": "No", "WhatisthemonthlyinstitutionaltariffKES": "#NULL!", "Numberofinstitutionssuppliedbyschemethatpayamonthlyinstitutional": "#NULL!", "Whenthisboreholeisworkingfromwheredohouseholdsprimarilygettheirw": "community tap", "Whenthisboreholeisworkingfromwheredohouseholdsprimarilygetthei_A": null, "WhenthisboreholeisworkinghowmanyHOURSperdaydohouseholdstypically": "1.0", "Whenthisboreholeisnotworkingfromwheredohouseholdsprimarilygetthe": "A surface water source", "WhenthisboreholeisNOTworkingandhouseholdshavetouseanalternativew": "3", "Hastherebeensomewaterqualitytestingforthisschemeinthepast": "Yes", "Yearofmostrecentwaterqualitytestdone": "Don't Know", "Whatwastheresult": "Water is safe", "Aretherespecificcontaminantsofconcern": null, "AretherespecificcontaminantsofconcernOtherspecify": null, "MeasuredWaterQualityTemperature": null, "MeasuredWaterQualitySpecificconductancemicroSiemenspercm": null, "\u00a0MeasuredWaterQualityTotalDissolvedSolidsmilligramsliter": null, "Pleaseaddanotherrelevantnotesontheborehole": null, "V109": "#NULL!", "V110": null}, "geometry": {"type": "Point", "coordinates": [38.9859834, -0.0313935]}}, {"type": "Feature", "properties": {"Sno": 73, "SubCounty": "Balambala", "Ward": "Danyere", "Village": "Block Mudey", "Latitude": -0.0597068, "Longitude": 38.96828, "RuralUrban": "Rural", "DistancetonextstrategicBoreholekm": "10.00", "Totalnumberofhouseholdscurrentlyservedfromthescheme": "150.0", "WhatistheserviceareaforthisschemeHowmanykilometersfromheredothep": "30.0", "Isthisschemeusedforagricultureandirrigationbyfarmers": "No", "Howmanyfarmersusethisscheme\u00a0": "#NULL!", "Whatistheaveragesizedfarmthatusesthiswaterhectares\u00a0": "#NULL!", "Isthewaterschemeusedforlivestock": "No", "Estimatednumberofcamelsusingschemeperday": "#NULL!", "Estimatednumberofcattleusingschemeperday": "#NULL!", "Estimatednumberofhorsesdonkeysusingwaterpointperday": "#NULL!", "Estimatednumberofgoatssheepusingwaterpointperday": "#NULL!", "Isthewaterschemeusedforwatertrucking": "No", "Numberoftrucksfillingperday": "#NULL!", "Howmanytimesperweekdoesthewatertruckingoccur": "#NULL!", "Addanyothercommentsonwatertruckingdetails": null, "ConstructionyearofthewellboreholeinEFYortheyearofrehabilitation": "2015", "Boreholeorwelldepthmeters": "15.0", "Physicalstateofthewellborehole": "Poor", "TypeofPower": "Generator", "Productionofsystemyieldordischargemeterscubedhour": "7.5", "Isthereawatermeteratthewatersource": "No", "Isthewatermeterworking": "No", "Whatisthecurrentreadingofthewatermeter": "#NULL!", "Isthewaterschemecurrentlyfunctional": "Par", "Pleasetakeapictureillustratingthenonfunctionalityorpartialfuncti": "https://api.mwater.co/v3/images/0392f0f09f914eecbae5a3361ea4114b", "Maincauseofnonfunctionalityorpartialfunctionality": "Distribution pipeline or taps failure", "MaincauseofnonfunctionalityorpartialfunctionalityOtherspecify": null, "Numberofmonthssincenonfunctional": "12", "Doestheschemehaveanyemergingproblemsthatmightleadtononfunctional": "Yes", "Pleasedescribetheproblemsthatmightleadtononfunctionalityinthenea": "Intake is not properly placed \nDistribution", "Wasthewaterschemeoutofserviceoneormoredaysinthelastmonth": "Yes", "Numberofdaysoutofserviceinthelastmonth": "12.0", "Dateoflastserviceorrepair": "#NULL!", "Howmanytimeshasthewaterschemebrokeninthelastyear": "3.0", "Describethefunctionalityproblemsoverthepastyear": "Storage problems\nPipe leakages \nEngine overheating", "Howmanydaysperweekdoesthepumprunonaverage": "5.0", "Howmanyhoursperdaydoesthepumprunonaverage": "2.0", "Isthisaseasonalwaterschemethatcommonlyfailsinthedryseason": "No", "Isthepumpusedlessduringwetrainyseason": "No", "Duringwetrainyseasonshowmanydaysaweekdoesthepumprunonaverage": "7.0", "Duringwetrainyseasonshowmanyhoursperdaydoesthepumprunonaverage": "2.0", "SolarPanelpowerratingWatts": null, "SolarPanelCondition": null, "Yearwhengeneratorwasinstalledoryearofreinstallation": "2015", "Physicalstateofthegenerator": "Poor", "Generatorbrand": "Lister Petter", "GeneratorbrandOtherspecify": null, "Generatormodel": "England", "Generatorserialnumber": "12011439TR2A", "GeneratormaxAmpsstartingamps": "11.0", "Generatorpicture": "https://api.mwater.co/v3/images/97164737d2b0413aa39957a17ad41749", "PumpControllerManufacturer1": "Other (pleas", "PumpControllerManufacturerOtherspecify": "No pump contr", "PumpControllerModelNumber": null, "Pictureofpumpcontroller": null, "PumpMotorModelNumber": null, "Pumpheadmodelnumber": null, "Typeandsizeofcasing": null, "Wellpumpremarks": "No pump available at river source", "Isasensorinstalledatthesite": "No", "Typeofsensorinstalled": null, "TypeofsensorinstalledOtherspecify": null, "Managementbody": "Utility (e.g., WASCO)", "Currentmanagementstatus": "WASHCO or Utility is not active", "Whatisthemethodofpayment1": "No Pa", "WhatisthemethodofpaymentOtherspecify1": null, "Whatisthemethodofpayment2": "No Payment Ma", "Typeoftariffsystemmostcommon": "No payment", "WhatisthetariffamountinKES": "#NULL!", "Isthereaspecialtariffforlivestockperanimal": "No", "WhatisthetariffpercamelKES": null, "WhatisthetariffpercattleKES": null, "WhatisthetariffperhorsedonkeyKES": null, "WhatisthetariffpergoatsheepKES": "#NULL!", "Isthereatariffperinstitutionschoolshealthcentresetc": "No", "WhatisthemonthlyinstitutionaltariffKES": "#NULL!", "Numberofinstitutionssuppliedbyschemethatpayamonthlyinstitutional": "#NULL!", "Whenthisboreholeisworkingfromwheredohouseholdsprimarilygettheirw": "community tap", "Whenthisboreholeisworkingfromwheredohouseholdsprimarilygetthei_A": null, "WhenthisboreholeisworkinghowmanyHOURSperdaydohouseholdstypically": "1.0", "Whenthisboreholeisnotworkingfromwheredohouseholdsprimarilygetthe": "A surface water source", "WhenthisboreholeisNOTworkingandhouseholdshavetouseanalternativew": "3", "Hastherebeensomewaterqualitytestingforthisschemeinthepast": "No", "Yearofmostrecentwaterqualitytestdone": null, "Whatwastheresult": null, "Aretherespecificcontaminantsofconcern": "No", "AretherespecificcontaminantsofconcernOtherspecify": null, "MeasuredWaterQualityTemperature": null, "MeasuredWaterQualitySpecificconductancemicroSiemenspercm": null, "\u00a0MeasuredWaterQualityTotalDissolvedSolidsmilligramsliter": null, "Pleaseaddanotherrelevantnotesontheborehole": "System is a river water source with no proper intake,distribution and storage.it requires improvement and rehabilit", "V109": "#NULL!", "V110": null}, "geometry": {"type": "Point", "coordinates": [38.96828, -0.0597068]}}, {"type": "Feature", "properties": {"Sno": 77, "SubCounty": "Lagdera", "Ward": "Maalimin", "Village": "Maalimin", "Latitude": 0.3774507, "Longitude": 39.3389257, "RuralUrban": "Rural", "DistancetonextstrategicBoreholekm": "45.00", "Totalnumberofhouseholdscurrentlyservedfromthescheme": "400.0", "WhatistheserviceareaforthisschemeHowmanykilometersfromheredothep": "1.0", "Isthisschemeusedforagricultureandirrigationbyfarmers": "No", "Howmanyfarmersusethisscheme\u00a0": "#NULL!", "Whatistheaveragesizedfarmthatusesthiswaterhectares\u00a0": "#NULL!", "Isthewaterschemeusedforlivestock": "Yes", "Estimatednumberofcamelsusingschemeperday": "100.0", "Estimatednumberofcattleusingschemeperday": "300.0", "Estimatednumberofhorsesdonkeysusingwaterpointperday": "100.0", "Estimatednumberofgoatssheepusingwaterpointperday": "#NULL!", "Isthewaterschemeusedforwatertrucking": "No", "Numberoftrucksfillingperday": "#NULL!", "Howmanytimesperweekdoesthewatertruckingoccur": "#NULL!", "Addanyothercommentsonwatertruckingdetails": null, "ConstructionyearofthewellboreholeinEFYortheyearofrehabilitation": "2015", "Boreholeorwelldepthmeters": "#NULL!", "Physicalstateofthewellborehole": "Poor", "TypeofPower": null, "Productionofsystemyieldordischargemeterscubedhour": "20", "Isthereawatermeteratthewatersource": "Yes", "Isthewatermeterworking": "Yes", "Whatisthecurrentreadingofthewatermeter": "#NULL!", "Isthewaterschemecurrentlyfunctional": "Par", "Pleasetakeapictureillustratingthenonfunctionalityorpartialfuncti": null, "Maincauseofnonfunctionalityorpartialfunctionality": "Other (please specify)", "MaincauseofnonfunctionalityorpartialfunctionalityOtherspecify": "the water pan is fully stilted", "Numberofmonthssincenonfunctional": "12", "Doestheschemehaveanyemergingproblemsthatmightleadtononfunctional": "Yes", "Pleasedescribetheproblemsthatmightleadtononfunctionalityinthenea": "The pan has alot of silted.", "Wasthewaterschemeoutofserviceoneormoredaysinthelastmonth": "No", "Numberofdaysoutofserviceinthelastmonth": "#NULL!", "Dateoflastserviceorrepair": "#NULL!", "Howmanytimeshasthewaterschemebrokeninthelastyear": "#NULL!", "Describethefunctionalityproblemsoverthepastyear": null, "Howmanydaysperweekdoesthepumprunonaverage": "0.0", "Howmanyhoursperdaydoesthepumprunonaverage": "0.0", "Isthisaseasonalwaterschemethatcommonlyfailsinthedryseason": "No", "Isthepumpusedlessduringwetrainyseason": "Yes", "Duringwetrainyseasonshowmanydaysaweekdoesthepumprunonaverage": "#NULL!", "Duringwetrainyseasonshowmanyhoursperdaydoesthepumprunonaverage": "#NULL!", "SolarPanelpowerratingWatts": null, "SolarPanelCondition": null, "Yearwhengeneratorwasinstalledoryearofreinstallation": null, "Physicalstateofthegenerator": null, "Generatorbrand": null, "GeneratorbrandOtherspecify": null, "Generatormodel": null, "Generatorserialnumber": null, "GeneratormaxAmpsstartingamps": "#NULL!", "Generatorpicture": null, "PumpControllerManufacturer1": null, "PumpControllerManufacturerOtherspecify": null, "PumpControllerModelNumber": null, "Pictureofpumpcontroller": null, "PumpMotorModelNumber": null, "Pumpheadmodelnumber": null, "Typeandsizeofcasing": null, "Wellpumpremarks": null, "Isasensorinstalledatthesite": "No", "Typeofsensorinstalled": null, "TypeofsensorinstalledOtherspecify": null, "Managementbody": "Utility (e.g., WASCO)", "Currentmanagementstatus": "WASHCO or Utility is active", "Whatisthemethodofpayment1": "No Pa", "WhatisthemethodofpaymentOtherspecify1": null, "Whatisthemethodofpayment2": "No Payment Ma", "Typeoftariffsystemmostcommon": "No payment", "WhatisthetariffamountinKES": "#NULL!", "Isthereaspecialtariffforlivestockperanimal": "No", "WhatisthetariffpercamelKES": null, "WhatisthetariffpercattleKES": null, "WhatisthetariffperhorsedonkeyKES": null, "WhatisthetariffpergoatsheepKES": "#NULL!", "Isthereatariffperinstitutionschoolshealthcentresetc": "No", "WhatisthemonthlyinstitutionaltariffKES": "#NULL!", "Numberofinstitutionssuppliedbyschemethatpayamonthlyinstitutional": "#NULL!", "Whenthisboreholeisworkingfromwheredohouseholdsprimarilygettheirw": "Other (please specify)", "Whenthisboreholeisworkingfromwheredohouseholdsprimarilygetthei_A": "water trucking", "WhenthisboreholeisworkinghowmanyHOURSperdaydohouseholdstypically": "8.0", "Whenthisboreholeisnotworkingfromwheredohouseholdsprimarilygetthe": "Other (please specify)", "WhenthisboreholeisNOTworkingandhouseholdshavetouseanalternativew": "8", "Hastherebeensomewaterqualitytestingforthisschemeinthepast": "No", "Yearofmostrecentwaterqualitytestdone": null, "Whatwastheresult": null, "Aretherespecificcontaminantsofconcern": null, "AretherespecificcontaminantsofconcernOtherspecify": null, "MeasuredWaterQualityTemperature": null, "MeasuredWaterQualitySpecificconductancemicroSiemenspercm": null, "\u00a0MeasuredWaterQualityTotalDissolvedSolidsmilligramsliter": null, "Pleaseaddanotherrelevantnotesontheborehole": null, "V109": "#NULL!", "V110": null}, "geometry": {"type": "Point", "coordinates": [39.3389257, 0.3774507]}}, {"type": "Feature", "properties": {"Sno": 79, "SubCounty": "Lagdera", "Ward": "Maalimin", "Village": "Maalimin Ward", "Latitude": 0.3739732, "Longitude": 39.3460302, "RuralUrban": "Rural", "DistancetonextstrategicBoreholekm": "#NULL!", "Totalnumberofhouseholdscurrentlyservedfromthescheme": "400.0", "WhatistheserviceareaforthisschemeHowmanykilometersfromheredothep": "1.0", "Isthisschemeusedforagricultureandirrigationbyfarmers": "No", "Howmanyfarmersusethisscheme\u00a0": "#NULL!", "Whatistheaveragesizedfarmthatusesthiswaterhectares\u00a0": "#NULL!", "Isthewaterschemeusedforlivestock": "Yes", "Estimatednumberofcamelsusingschemeperday": "#NULL!", "Estimatednumberofcattleusingschemeperday": "100.0", "Estimatednumberofhorsesdonkeysusingwaterpointperday": "500.0", "Estimatednumberofgoatssheepusingwaterpointperday": "3500.0", "Isthewaterschemeusedforwatertrucking": "No", "Numberoftrucksfillingperday": "#NULL!", "Howmanytimesperweekdoesthewatertruckingoccur": "#NULL!", "Addanyothercommentsonwatertruckingdetails": null, "ConstructionyearofthewellboreholeinEFYortheyearofrehabilitation": "2007", "Boreholeorwelldepthmeters": "3.0", "Physicalstateofthewellborehole": "Normal", "TypeofPower": "Unknown", "Productionofsystemyieldordischargemeterscubedhour": "20000", "Isthereawatermeteratthewatersource": "No", "Isthewatermeterworking": "No", "Whatisthecurrentreadingofthewatermeter": "#NULL!", "Isthewaterschemecurrentlyfunctional": "Fun", "Pleasetakeapictureillustratingthenonfunctionalityorpartialfuncti": null, "Maincauseofnonfunctionalityorpartialfunctionality": null, "MaincauseofnonfunctionalityorpartialfunctionalityOtherspecify": null, "Numberofmonthssincenonfunctional": null, "Doestheschemehaveanyemergingproblemsthatmightleadtononfunctional": "Yes", "Pleasedescribetheproblemsthatmightleadtononfunctionalityinthenea": "A lot of silt has been deposited. Thorough d", "Wasthewaterschemeoutofserviceoneormoredaysinthelastmonth": "No", "Numberofdaysoutofserviceinthelastmonth": "#NULL!", "Dateoflastserviceorrepair": "9-Jul-05", "Howmanytimeshasthewaterschemebrokeninthelastyear": "#NULL!", "Describethefunctionalityproblemsoverthepastyear": "The pan needs desilting to increase the volume/ capacity.", "Howmanydaysperweekdoesthepumprunonaverage": "0.0", "Howmanyhoursperdaydoesthepumprunonaverage": "0.0", "Isthisaseasonalwaterschemethatcommonlyfailsinthedryseason": "No", "Isthepumpusedlessduringwetrainyseason": "No", "Duringwetrainyseasonshowmanydaysaweekdoesthepumprunonaverage": "0.0", "Duringwetrainyseasonshowmanyhoursperdaydoesthepumprunonaverage": "0.0", "SolarPanelpowerratingWatts": null, "SolarPanelCondition": null, "Yearwhengeneratorwasinstalledoryearofreinstallation": null, "Physicalstateofthegenerator": null, "Generatorbrand": null, "GeneratorbrandOtherspecify": null, "Generatormodel": null, "Generatorserialnumber": null, "GeneratormaxAmpsstartingamps": "#NULL!", "Generatorpicture": null, "PumpControllerManufacturer1": null, "PumpControllerManufacturerOtherspecify": null, "PumpControllerModelNumber": null, "Pictureofpumpcontroller": null, "PumpMotorModelNumber": null, "Pumpheadmodelnumber": null, "Typeandsizeofcasing": null, "Wellpumpremarks": null, "Isasensorinstalledatthesite": "No", "Typeofsensorinstalled": null, "TypeofsensorinstalledOtherspecify": null, "Managementbody": "Utility (e.g., WASCO)", "Currentmanagementstatus": "WASHCO or Utility is active", "Whatisthemethodofpayment1": "No Pa", "WhatisthemethodofpaymentOtherspecify1": null, "Whatisthemethodofpayment2": "No Payment Ma", "Typeoftariffsystemmostcommon": "No payment", "WhatisthetariffamountinKES": "#NULL!", "Isthereaspecialtariffforlivestockperanimal": "No", "WhatisthetariffpercamelKES": null, "WhatisthetariffpercattleKES": null, "WhatisthetariffperhorsedonkeyKES": null, "WhatisthetariffpergoatsheepKES": "#NULL!", "Isthereatariffperinstitutionschoolshealthcentresetc": "No", "WhatisthemonthlyinstitutionaltariffKES": "#NULL!", "Numberofinstitutionssuppliedbyschemethatpayamonthlyinstitutional": "#NULL!", "Whenthisboreholeisworkingfromwheredohouseholdsprimarilygettheirw": "Other (please specify)", "Whenthisboreholeisworkingfromwheredohouseholdsprimarilygetthei_A": "borehole.", "WhenthisboreholeisworkinghowmanyHOURSperdaydohouseholdstypically": "6.0", "Whenthisboreholeisnotworkingfromwheredohouseholdsprimarilygetthe": "Other (please specify)", "WhenthisboreholeisNOTworkingandhouseholdshavetouseanalternativew": "6", "Hastherebeensomewaterqualitytestingforthisschemeinthepast": "No", "Yearofmostrecentwaterqualitytestdone": null, "Whatwastheresult": null, "Aretherespecificcontaminantsofconcern": "No", "AretherespecificcontaminantsofconcernOtherspecify": null, "MeasuredWaterQualityTemperature": null, "MeasuredWaterQualitySpecificconductancemicroSiemenspercm": null, "\u00a0MeasuredWaterQualityTotalDissolvedSolidsmilligramsliter": null, "Pleaseaddanotherrelevantnotesontheborehole": null, "V109": "#NULL!", "V110": null}, "geometry": {"type": "Point", "coordinates": [39.3460302, 0.3739732]}}, {"type": "Feature", "properties": {"Sno": 81, "SubCounty": "Modogashe", "Ward": "Maalimin", "Village": "skanksa", "Latitude": 0.929647, "Longitude": 39.3268193, "RuralUrban": "Rural", "DistancetonextstrategicBoreholekm": "26.00", "Totalnumberofhouseholdscurrentlyservedfromthescheme": "500.0", "WhatistheserviceareaforthisschemeHowmanykilometersfromheredothep": "23.0", "Isthisschemeusedforagricultureandirrigationbyfarmers": "No", "Howmanyfarmersusethisscheme\u00a0": "#NULL!", "Whatistheaveragesizedfarmthatusesthiswaterhectares\u00a0": "#NULL!", "Isthewaterschemeusedforlivestock": "Yes", "Estimatednumberofcamelsusingschemeperday": "200.0", "Estimatednumberofcattleusingschemeperday": "300.0", "Estimatednumberofhorsesdonkeysusingwaterpointperday": "20.0", "Estimatednumberofgoatssheepusingwaterpointperday": "#NULL!", "Isthewaterschemeusedforwatertrucking": "Yes", "Numberoftrucksfillingperday": "0.0", "Howmanytimesperweekdoesthewatertruckingoccur": "0.0", "Addanyothercommentsonwatertruckingdetails": "the water is saline", "ConstructionyearofthewellboreholeinEFYortheyearofrehabilitation": "2007", "Boreholeorwelldepthmeters": "3.0", "Physicalstateofthewellborehole": "Poor", "TypeofPower": null, "Productionofsystemyieldordischargemeterscubedhour": "20", "Isthereawatermeteratthewatersource": "No", "Isthewatermeterworking": null, "Whatisthecurrentreadingofthewatermeter": "#NULL!", "Isthewaterschemecurrentlyfunctional": "Par", "Pleasetakeapictureillustratingthenonfunctionalityorpartialfuncti": null, "Maincauseofnonfunctionalityorpartialfunctionality": "Insufficient water at source", "MaincauseofnonfunctionalityorpartialfunctionalityOtherspecify": null, "Numberofmonthssincenonfunctional": null, "Doestheschemehaveanyemergingproblemsthatmightleadtononfunctional": "No", "Pleasedescribetheproblemsthatmightleadtononfunctionalityinthenea": null, "Wasthewaterschemeoutofserviceoneormoredaysinthelastmonth": "Yes", "Numberofdaysoutofserviceinthelastmonth": "0.0", "Dateoflastserviceorrepair": "#NULL!", "Howmanytimeshasthewaterschemebrokeninthelastyear": "#NULL!", "Describethefunctionalityproblemsoverthepastyear": "The water pan is silted up and needs desilting. The inlet ,strap and emb", "Howmanydaysperweekdoesthepumprunonaverage": "0.0", "Howmanyhoursperdaydoesthepumprunonaverage": "0.0", "Isthisaseasonalwaterschemethatcommonlyfailsinthedryseason": "No", "Isthepumpusedlessduringwetrainyseason": "No", "Duringwetrainyseasonshowmanydaysaweekdoesthepumprunonaverage": "0.0", "Duringwetrainyseasonshowmanyhoursperdaydoesthepumprunonaverage": "0.0", "SolarPanelpowerratingWatts": null, "SolarPanelCondition": null, "Yearwhengeneratorwasinstalledoryearofreinstallation": null, "Physicalstateofthegenerator": null, "Generatorbrand": null, "GeneratorbrandOtherspecify": null, "Generatormodel": null, "Generatorserialnumber": null, "GeneratormaxAmpsstartingamps": "#NULL!", "Generatorpicture": null, "PumpControllerManufacturer1": null, "PumpControllerManufacturerOtherspecify": null, "PumpControllerModelNumber": null, "Pictureofpumpcontroller": null, "PumpMotorModelNumber": null, "Pumpheadmodelnumber": null, "Typeandsizeofcasing": null, "Wellpumpremarks": null, "Isasensorinstalledatthesite": "No", "Typeofsensorinstalled": null, "TypeofsensorinstalledOtherspecify": null, "Managementbody": "Utility (e.g., WASCO)", "Currentmanagementstatus": "WASHCO or Utility is active", "Whatisthemethodofpayment1": "Other", "WhatisthemethodofpaymentOtherspecify1": "none", "Whatisthemethodofpayment2": "No Payment Ma", "Typeoftariffsystemmostcommon": "No payment", "WhatisthetariffamountinKES": "#NULL!", "Isthereaspecialtariffforlivestockperanimal": "No", "WhatisthetariffpercamelKES": null, "WhatisthetariffpercattleKES": null, "WhatisthetariffperhorsedonkeyKES": null, "WhatisthetariffpergoatsheepKES": "#NULL!", "Isthereatariffperinstitutionschoolshealthcentresetc": "No", "WhatisthemonthlyinstitutionaltariffKES": "#NULL!", "Numberofinstitutionssuppliedbyschemethatpayamonthlyinstitutional": "#NULL!", "Whenthisboreholeisworkingfromwheredohouseholdsprimarilygettheirw": "Other (please specify)", "Whenthisboreholeisworkingfromwheredohouseholdsprimarilygetthei_A": "borehole that's located 45 km from t", "WhenthisboreholeisworkinghowmanyHOURSperdaydohouseholdstypically": "0.0", "Whenthisboreholeisnotworkingfromwheredohouseholdsprimarilygetthe": "Other (please specify)", "WhenthisboreholeisNOTworkingandhouseholdshavetouseanalternativew": "8", "Hastherebeensomewaterqualitytestingforthisschemeinthepast": "No", "Yearofmostrecentwaterqualitytestdone": null, "Whatwastheresult": null, "Aretherespecificcontaminantsofconcern": null, "AretherespecificcontaminantsofconcernOtherspecify": null, "MeasuredWaterQualityTemperature": null, "MeasuredWaterQualitySpecificconductancemicroSiemenspercm": null, "\u00a0MeasuredWaterQualityTotalDissolvedSolidsmilligramsliter": null, "Pleaseaddanotherrelevantnotesontheborehole": null, "V109": "#NULL!", "V110": null}, "geometry": {"type": "Point", "coordinates": [39.3268193, 0.929647]}}, {"type": "Feature", "properties": {"Sno": 82, "SubCounty": "Dadaab", "Ward": "Dadaab", "Village": "Bulla Daidai", "Latitude": 0.0428919, "Longitude": 40.302437, "RuralUrban": "Rural", "DistancetonextstrategicBoreholekm": "1.00", "Totalnumberofhouseholdscurrentlyservedfromthescheme": "300.0", "WhatistheserviceareaforthisschemeHowmanykilometersfromheredothep": "1.0", "Isthisschemeusedforagricultureandirrigationbyfarmers": "No", "Howmanyfarmersusethisscheme\u00a0": "#NULL!", "Whatistheaveragesizedfarmthatusesthiswaterhectares\u00a0": "#NULL!", "Isthewaterschemeusedforlivestock": "Yes", "Estimatednumberofcamelsusingschemeperday": "0.0", "Estimatednumberofcattleusingschemeperday": "0.0", "Estimatednumberofhorsesdonkeysusingwaterpointperday": "50.0", "Estimatednumberofgoatssheepusingwaterpointperday": "200.0", "Isthewaterschemeusedforwatertrucking": "No", "Numberoftrucksfillingperday": "#NULL!", "Howmanytimesperweekdoesthewatertruckingoccur": "#NULL!", "Addanyothercommentsonwatertruckingdetails": null, "ConstructionyearofthewellboreholeinEFYortheyearofrehabilitation": "2011", "Boreholeorwelldepthmeters": "156.0", "Physicalstateofthewellborehole": "Normal", "TypeofPower": "Generator", "Productionofsystemyieldordischargemeterscubedhour": "20", "Isthereawatermeteratthewatersource": "No", "Isthewatermeterworking": null, "Whatisthecurrentreadingofthewatermeter": "#NULL!", "Isthewaterschemecurrentlyfunctional": "Fun", "Pleasetakeapictureillustratingthenonfunctionalityorpartialfuncti": null, "Maincauseofnonfunctionalityorpartialfunctionality": null, "MaincauseofnonfunctionalityorpartialfunctionalityOtherspecify": null, "Numberofmonthssincenonfunctional": null, "Doestheschemehaveanyemergingproblemsthatmightleadtononfunctional": "Yes", "Pleasedescribetheproblemsthatmightleadtononfunctionalityinthenea": "Alternator and fuel pump faulty This could l", "Wasthewaterschemeoutofserviceoneormoredaysinthelastmonth": "Yes", "Numberofdaysoutofserviceinthelastmonth": "2.0", "Dateoflastserviceorrepair": "#NULL!", "Howmanytimeshasthewaterschemebrokeninthelastyear": "3.0", "Describethefunctionalityproblemsoverthepastyear": "Submersible pump replaced but the Water point has very poor service shed", "Howmanydaysperweekdoesthepumprunonaverage": "7.0", "Howmanyhoursperdaydoesthepumprunonaverage": "8.0", "Isthisaseasonalwaterschemethatcommonlyfailsinthedryseason": "No", "Isthepumpusedlessduringwetrainyseason": "Yes", "Duringwetrainyseasonshowmanydaysaweekdoesthepumprunonaverage": "7.0", "Duringwetrainyseasonshowmanyhoursperdaydoesthepumprunonaverage": "8.0", "SolarPanelpowerratingWatts": null, "SolarPanelCondition": null, "Yearwhengeneratorwasinstalledoryearofreinstallation": "2014", "Physicalstateofthegenerator": "Normal", "Generatorbrand": "Perkins", "GeneratorbrandOtherspecify": null, "Generatormodel": "FG Wilson 25kva", "Generatorserialnumber": "Dj5150619320", "GeneratormaxAmpsstartingamps": "18.0", "Generatorpicture": "https://api.mwater.co/v3/images/602ee8d0bacd487ca5ddc12659c2365c; https://api.mwater.co/v3/images/164302b6131a45398dd7110d87748c24", "PumpControllerManufacturer1": "Grundfos", "PumpControllerManufacturerOtherspecify": null, "PumpControllerModelNumber": "96079927 v08", "Pictureofpumpcontroller": "https://api.mwater.co/v3/images/699e406fecbd4cc4b3b513d711335dbb", "PumpMotorModelNumber": "11.8", "Pumpheadmodelnumber": null, "Typeandsizeofcasing": "6", "Wellpumpremarks": "The pump is functioning well but the pump Attendants", "Isasensorinstalledatthesite": "No", "Typeofsensorinstalled": null, "TypeofsensorinstalledOtherspecify": null, "Managementbody": "Water management committee", "Currentmanagementstatus": "WASHCO or Utility is active", "Whatisthemethodofpayment1": "Cash", "WhatisthemethodofpaymentOtherspecify1": null, "Whatisthemethodofpayment2": "Cash", "Typeoftariffsystemmostcommon": "Fixed tariff", "WhatisthetariffamountinKES": "1700.0", "Isthereaspecialtariffforlivestockperanimal": "Yes", "WhatisthetariffpercamelKES": 10.0, "WhatisthetariffpercattleKES": 0.0, "WhatisthetariffperhorsedonkeyKES": 0.0, "WhatisthetariffpergoatsheepKES": "2.0", "Isthereatariffperinstitutionschoolshealthcentresetc": "Yes", "WhatisthemonthlyinstitutionaltariffKES": "1700.0", "Numberofinstitutionssuppliedbyschemethatpayamonthlyinstitutional": "2.0", "Whenthisboreholeisworkingfromwheredohouseholdsprimarilygettheirw": "community tap", "Whenthisboreholeisworkingfromwheredohouseholdsprimarilygetthei_A": null, "WhenthisboreholeisworkinghowmanyHOURSperdaydohouseholdstypically": "2.0", "Whenthisboreholeisnotworkingfromwheredohouseholdsprimarilygetthe": "Other (please specify)", "WhenthisboreholeisNOTworkingandhouseholdshavetouseanalternativew": "4", "Hastherebeensomewaterqualitytestingforthisschemeinthepast": "No", "Yearofmostrecentwaterqualitytestdone": null, "Whatwastheresult": null, "Aretherespecificcontaminantsofconcern": null, "AretherespecificcontaminantsofconcernOtherspecify": null, "MeasuredWaterQualityTemperature": null, "MeasuredWaterQualitySpecificconductancemicroSiemenspercm": null, "\u00a0MeasuredWaterQualityTotalDissolvedSolidsmilligramsliter": null, "Pleaseaddanotherrelevantnotesontheborehole": "Borehole needs timely service and also requires a meter", "V109": "#NULL!", "V110": null}, "geometry": {"type": "Point", "coordinates": [40.302437, 0.0428919]}}, {"type": "Feature", "properties": {"Sno": 83, "SubCounty": "Dadaab", "Ward": "Abakaile", "Village": "Kamuthe", "Latitude": 0.2444067, "Longitude": 39.9297433, "RuralUrban": "Rural", "DistancetonextstrategicBoreholekm": "15.00", "Totalnumberofhouseholdscurrentlyservedfromthescheme": "300.0", "WhatistheserviceareaforthisschemeHowmanykilometersfromheredothep": "1.0", "Isthisschemeusedforagricultureandirrigationbyfarmers": "No", "Howmanyfarmersusethisscheme\u00a0": "#NULL!", "Whatistheaveragesizedfarmthatusesthiswaterhectares\u00a0": "#NULL!", "Isthewaterschemeusedforlivestock": "Yes", "Estimatednumberofcamelsusingschemeperday": "5000.0", "Estimatednumberofcattleusingschemeperday": "500.0", "Estimatednumberofhorsesdonkeysusingwaterpointperday": "200.0", "Estimatednumberofgoatssheepusingwaterpointperday": "6000.0", "Isthewaterschemeusedforwatertrucking": "No", "Numberoftrucksfillingperday": "#NULL!", "Howmanytimesperweekdoesthewatertruckingoccur": "#NULL!", "Addanyothercommentsonwatertruckingdetails": null, "ConstructionyearofthewellboreholeinEFYortheyearofrehabilitation": "2016", "Boreholeorwelldepthmeters": "168.0", "Physicalstateofthewellborehole": "Normal", "TypeofPower": "Hybrid", "Productionofsystemyieldordischargemeterscubedhour": "18", "Isthereawatermeteratthewatersource": "Yes", "Isthewatermeterworking": "Yes", "Whatisthecurrentreadingofthewatermeter": "49392.000000000", "Isthewaterschemecurrentlyfunctional": "Fun", "Pleasetakeapictureillustratingthenonfunctionalityorpartialfuncti": null, "Maincauseofnonfunctionalityorpartialfunctionality": null, "MaincauseofnonfunctionalityorpartialfunctionalityOtherspecify": null, "Numberofmonthssincenonfunctional": null, "Doestheschemehaveanyemergingproblemsthatmightleadtononfunctional": "No", "Pleasedescribetheproblemsthatmightleadtononfunctionalityinthenea": null, "Wasthewaterschemeoutofserviceoneormoredaysinthelastmonth": "Yes", "Numberofdaysoutofserviceinthelastmonth": "3.0", "Dateoflastserviceorrepair": "10-Jan-00", "Howmanytimeshasthewaterschemebrokeninthelastyear": "3.0", "Describethefunctionalityproblemsoverthepastyear": "The Generating set is new but pump attendants need Capacity building", "Howmanydaysperweekdoesthepumprunonaverage": "7.0", "Howmanyhoursperdaydoesthepumprunonaverage": "8.0", "Isthisaseasonalwaterschemethatcommonlyfailsinthedryseason": "No", "Isthepumpusedlessduringwetrainyseason": "Yes", "Duringwetrainyseasonshowmanydaysaweekdoesthepumprunonaverage": "5.0", "Duringwetrainyseasonshowmanyhoursperdaydoesthepumprunonaverage": "4.0", "SolarPanelpowerratingWatts": null, "SolarPanelCondition": null, "Yearwhengeneratorwasinstalledoryearofreinstallation": null, "Physicalstateofthegenerator": null, "Generatorbrand": null, "GeneratorbrandOtherspecify": null, "Generatormodel": null, "Generatorserialnumber": null, "GeneratormaxAmpsstartingamps": "#NULL!", "Generatorpicture": null, "PumpControllerManufacturer1": "Other (pleas", "PumpControllerManufacturerOtherspecify": "Davis", "PumpControllerModelNumber": "1PDP315 C/W", "Pictureofpumpcontroller": "https://api.mwater.co/v3/images/dd832690690a44469626d91fb4699266", "PumpMotorModelNumber": "11", "Pumpheadmodelnumber": 229.0, "Typeandsizeofcasing": "GI 6", "Wellpumpremarks": "Pump attendants lacks capacity building", "Isasensorinstalledatthesite": "No", "Typeofsensorinstalled": null, "TypeofsensorinstalledOtherspecify": null, "Managementbody": "Water management committee", "Currentmanagementstatus": "WASHCO or Utility is active", "Whatisthemethodofpayment1": "Cash", "WhatisthemethodofpaymentOtherspecify1": null, "Whatisthemethodofpayment2": "Cash", "Typeoftariffsystemmostcommon": "Tariff per Je", "WhatisthetariffamountinKES": "5.0", "Isthereaspecialtariffforlivestockperanimal": "Yes", "WhatisthetariffpercamelKES": 10.0, "WhatisthetariffpercattleKES": 5.0, "WhatisthetariffperhorsedonkeyKES": 0.0, "WhatisthetariffpergoatsheepKES": "2.0", "Isthereatariffperinstitutionschoolshealthcentresetc": "No", "WhatisthemonthlyinstitutionaltariffKES": "#NULL!", "Numberofinstitutionssuppliedbyschemethatpayamonthlyinstitutional": "#NULL!", "Whenthisboreholeisworkingfromwheredohouseholdsprimarilygettheirw": "community tap", "Whenthisboreholeisworkingfromwheredohouseholdsprimarilygetthei_A": null, "WhenthisboreholeisworkinghowmanyHOURSperdaydohouseholdstypically": "2.0", "Whenthisboreholeisnotworkingfromwheredohouseholdsprimarilygetthe": "Other (please specify)", "WhenthisboreholeisNOTworkingandhouseholdshavetouseanalternativew": "12", "Hastherebeensomewaterqualitytestingforthisschemeinthepast": "No", "Yearofmostrecentwaterqualitytestdone": null, "Whatwastheresult": null, "Aretherespecificcontaminantsofconcern": null, "AretherespecificcontaminantsofconcernOtherspecify": null, "MeasuredWaterQualityTemperature": null, "MeasuredWaterQualitySpecificconductancemicroSiemenspercm": null, "\u00a0MeasuredWaterQualityTotalDissolvedSolidsmilligramsliter": null, "Pleaseaddanotherrelevantnotesontheborehole": null, "V109": "#NULL!", "V110": null}, "geometry": {"type": "Point", "coordinates": [39.9297433, 0.2444067]}}, {"type": "Feature", "properties": {"Sno": 84, "SubCounty": "Dadaab", "Ward": "Abakaile", "Village": "Madina", "Latitude": 0.4057367, "Longitude": 39.8705233, "RuralUrban": "Rural", "DistancetonextstrategicBoreholekm": "18.00", "Totalnumberofhouseholdscurrentlyservedfromthescheme": "400.0", "WhatistheserviceareaforthisschemeHowmanykilometersfromheredothep": "2.0", "Isthisschemeusedforagricultureandirrigationbyfarmers": "No", "Howmanyfarmersusethisscheme\u00a0": "#NULL!", "Whatistheaveragesizedfarmthatusesthiswaterhectares\u00a0": "#NULL!", "Isthewaterschemeusedforlivestock": "Yes", "Estimatednumberofcamelsusingschemeperday": "10000.0", "Estimatednumberofcattleusingschemeperday": "15000.0", "Estimatednumberofhorsesdonkeysusingwaterpointperday": "5000.0", "Estimatednumberofgoatssheepusingwaterpointperday": "20000.0", "Isthewaterschemeusedforwatertrucking": "Yes", "Numberoftrucksfillingperday": "4.0", "Howmanytimesperweekdoesthewatertruckingoccur": "6.0", "Addanyothercommentsonwatertruckingdetails": "Water tracking is usually done during a break", "ConstructionyearofthewellboreholeinEFYortheyearofrehabilitation": "2015", "Boreholeorwelldepthmeters": "162.0", "Physicalstateofthewellborehole": "Normal", "TypeofPower": "Hybrid", "Productionofsystemyieldordischargemeterscubedhour": "20", "Isthereawatermeteratthewatersource": "Yes", "Isthewatermeterworking": "Yes", "Whatisthecurrentreadingofthewatermeter": "42008.000000000", "Isthewaterschemecurrentlyfunctional": "Fun", "Pleasetakeapictureillustratingthenonfunctionalityorpartialfuncti": null, "Maincauseofnonfunctionalityorpartialfunctionality": null, "MaincauseofnonfunctionalityorpartialfunctionalityOtherspecify": null, "Numberofmonthssincenonfunctional": null, "Doestheschemehaveanyemergingproblemsthatmightleadtononfunctional": "Yes", "Pleasedescribetheproblemsthatmightleadtononfunctionalityinthenea": "The sensors controls Unit is defective and c", "Wasthewaterschemeoutofserviceoneormoredaysinthelastmonth": "Yes", "Numberofdaysoutofserviceinthelastmonth": "30.0", "Dateoflastserviceorrepair": "#NULL!", "Howmanytimeshasthewaterschemebrokeninthelastyear": "3.0", "Describethefunctionalityproblemsoverthepastyear": "The facillity was having no much functionality problems over the year bu", "Howmanydaysperweekdoesthepumprunonaverage": "7.0", "Howmanyhoursperdaydoesthepumprunonaverage": "8.0", "Isthisaseasonalwaterschemethatcommonlyfailsinthedryseason": "No", "Isthepumpusedlessduringwetrainyseason": "Yes", "Duringwetrainyseasonshowmanydaysaweekdoesthepumprunonaverage": "4.0", "Duringwetrainyseasonshowmanyhoursperdaydoesthepumprunonaverage": "4.0", "SolarPanelpowerratingWatts": null, "SolarPanelCondition": null, "Yearwhengeneratorwasinstalledoryearofreinstallation": null, "Physicalstateofthegenerator": null, "Generatorbrand": null, "GeneratorbrandOtherspecify": null, "Generatormodel": null, "Generatorserialnumber": null, "GeneratormaxAmpsstartingamps": "#NULL!", "Generatorpicture": null, "PumpControllerManufacturer1": "Other (pleas", "PumpControllerManufacturerOtherspecify": "Davis", "PumpControllerModelNumber": "Sunverter 2", "Pictureofpumpcontroller": "https://api.mwater.co/v3/images/840b592449b84884bfc2f1945d5d4e7e", "PumpMotorModelNumber": "11", "Pumpheadmodelnumber": 229.0, "Typeandsizeofcasing": "6 GI", "Wellpumpremarks": "The well pump is Okey but the generator require servi", "Isasensorinstalledatthesite": "No", "Typeofsensorinstalled": null, "TypeofsensorinstalledOtherspecify": null, "Managementbody": "Water management committee", "Currentmanagementstatus": "WASHCO or Utility is active", "Whatisthemethodofpayment1": "Cash", "WhatisthemethodofpaymentOtherspecify1": null, "Whatisthemethodofpayment2": "Cash", "Typeoftariffsystemmostcommon": "Tariff per Je", "WhatisthetariffamountinKES": "5.0", "Isthereaspecialtariffforlivestockperanimal": "Yes", "WhatisthetariffpercamelKES": 10.0, "WhatisthetariffpercattleKES": 5.0, "WhatisthetariffperhorsedonkeyKES": null, "WhatisthetariffpergoatsheepKES": "1.0", "Isthereatariffperinstitutionschoolshealthcentresetc": "No", "WhatisthemonthlyinstitutionaltariffKES": "#NULL!", "Numberofinstitutionssuppliedbyschemethatpayamonthlyinstitutional": "#NULL!", "Whenthisboreholeisworkingfromwheredohouseholdsprimarilygettheirw": "community tap", "Whenthisboreholeisworkingfromwheredohouseholdsprimarilygetthei_A": null, "WhenthisboreholeisworkinghowmanyHOURSperdaydohouseholdstypically": "2.0", "Whenthisboreholeisnotworkingfromwheredohouseholdsprimarilygetthe": "Other (please specify)", "WhenthisboreholeisNOTworkingandhouseholdshavetouseanalternativew": "8", "Hastherebeensomewaterqualitytestingforthisschemeinthepast": "No", "Yearofmostrecentwaterqualitytestdone": null, "Whatwastheresult": null, "Aretherespecificcontaminantsofconcern": null, "AretherespecificcontaminantsofconcernOtherspecify": null, "MeasuredWaterQualityTemperature": null, "MeasuredWaterQualitySpecificconductancemicroSiemenspercm": null, "\u00a0MeasuredWaterQualityTotalDissolvedSolidsmilligramsliter": null, "Pleaseaddanotherrelevantnotesontheborehole": null, "V109": "#NULL!", "V110": null}, "geometry": {"type": "Point", "coordinates": [39.8705233, 0.4057367]}}, {"type": "Feature", "properties": {"Sno": 85, "SubCounty": "Dadaab", "Ward": "Abakaile", "Village": "Marothiley", "Latitude": 0.15976, "Longitude": 40.0906067, "RuralUrban": "Rural", "DistancetonextstrategicBoreholekm": "13.00", "Totalnumberofhouseholdscurrentlyservedfromthescheme": "200.0", "WhatistheserviceareaforthisschemeHowmanykilometersfromheredothep": "2.0", "Isthisschemeusedforagricultureandirrigationbyfarmers": "No", "Howmanyfarmersusethisscheme\u00a0": "#NULL!", "Whatistheaveragesizedfarmthatusesthiswaterhectares\u00a0": "#NULL!", "Isthewaterschemeusedforlivestock": "Yes", "Estimatednumberofcamelsusingschemeperday": "1000.0", "Estimatednumberofcattleusingschemeperday": "0.0", "Estimatednumberofhorsesdonkeysusingwaterpointperday": "50.0", "Estimatednumberofgoatssheepusingwaterpointperday": "5000.0", "Isthewaterschemeusedforwatertrucking": "No", "Numberoftrucksfillingperday": "#NULL!", "Howmanytimesperweekdoesthewatertruckingoccur": "#NULL!", "Addanyothercommentsonwatertruckingdetails": null, "ConstructionyearofthewellboreholeinEFYortheyearofrehabilitation": "2015", "Boreholeorwelldepthmeters": "140.0", "Physicalstateofthewellborehole": "Normal", "TypeofPower": "Hybrid", "Productionofsystemyieldordischargemeterscubedhour": "17", "Isthereawatermeteratthewatersource": "Yes", "Isthewatermeterworking": "Yes", "Whatisthecurrentreadingofthewatermeter": "51146.000000000", "Isthewaterschemecurrentlyfunctional": "Fun", "Pleasetakeapictureillustratingthenonfunctionalityorpartialfuncti": null, "Maincauseofnonfunctionalityorpartialfunctionality": null, "MaincauseofnonfunctionalityorpartialfunctionalityOtherspecify": null, "Numberofmonthssincenonfunctional": null, "Doestheschemehaveanyemergingproblemsthatmightleadtononfunctional": "No", "Pleasedescribetheproblemsthatmightleadtononfunctionalityinthenea": null, "Wasthewaterschemeoutofserviceoneormoredaysinthelastmonth": "Yes", "Numberofdaysoutofserviceinthelastmonth": "2.0", "Dateoflastserviceorrepair": "#NULL!", "Howmanytimeshasthewaterschemebrokeninthelastyear": "3.0", "Describethefunctionalityproblemsoverthepastyear": "Frequent Breakdown due to poor maintainance and managed by unskilled pu", "Howmanydaysperweekdoesthepumprunonaverage": "7.0", "Howmanyhoursperdaydoesthepumprunonaverage": "8.0", "Isthisaseasonalwaterschemethatcommonlyfailsinthedryseason": "No", "Isthepumpusedlessduringwetrainyseason": "Yes", "Duringwetrainyseasonshowmanydaysaweekdoesthepumprunonaverage": "5.0", "Duringwetrainyseasonshowmanyhoursperdaydoesthepumprunonaverage": "5.0", "SolarPanelpowerratingWatts": null, "SolarPanelCondition": null, "Yearwhengeneratorwasinstalledoryearofreinstallation": null, "Physicalstateofthegenerator": null, "Generatorbrand": null, "GeneratorbrandOtherspecify": null, "Generatormodel": null, "Generatorserialnumber": null, "GeneratormaxAmpsstartingamps": "#NULL!", "Generatorpicture": null, "PumpControllerManufacturer1": "Other (pleas", "PumpControllerManufacturerOtherspecify": "Daylif", "PumpControllerModelNumber": "Daylif manual ch", "Pictureofpumpcontroller": "https://api.mwater.co/v3/images/1b1a24a2788e446f8ab8c88e743cf5b4", "PumpMotorModelNumber": "11", "Pumpheadmodelnumber": 17.0, "Typeandsizeofcasing": "6", "Wellpumpremarks": "Well pump requires to be attended by trained Operator", "Isasensorinstalledatthesite": "No", "Typeofsensorinstalled": null, "TypeofsensorinstalledOtherspecify": null, "Managementbody": "Water management committee", "Currentmanagementstatus": "WASHCO or Utility is active", "Whatisthemethodofpayment1": "Cash", "WhatisthemethodofpaymentOtherspecify1": null, "Whatisthemethodofpayment2": "Cash", "Typeoftariffsystemmostcommon": "Tariff per Je", "WhatisthetariffamountinKES": "5.0", "Isthereaspecialtariffforlivestockperanimal": "Yes", "WhatisthetariffpercamelKES": 10.0, "WhatisthetariffpercattleKES": 5.0, "WhatisthetariffperhorsedonkeyKES": 0.0, "WhatisthetariffpergoatsheepKES": "1.0", "Isthereatariffperinstitutionschoolshealthcentresetc": "Yes", "WhatisthemonthlyinstitutionaltariffKES": "1000.0", "Numberofinstitutionssuppliedbyschemethatpayamonthlyinstitutional": "1.0", "Whenthisboreholeisworkingfromwheredohouseholdsprimarilygettheirw": "community tap", "Whenthisboreholeisworkingfromwheredohouseholdsprimarilygetthei_A": null, "WhenthisboreholeisworkinghowmanyHOURSperdaydohouseholdstypically": "2.0", "Whenthisboreholeisnotworkingfromwheredohouseholdsprimarilygetthe": "Other (please specify)", "WhenthisboreholeisNOTworkingandhouseholdshavetouseanalternativew": "12", "Hastherebeensomewaterqualitytestingforthisschemeinthepast": "No", "Yearofmostrecentwaterqualitytestdone": null, "Whatwastheresult": null, "Aretherespecificcontaminantsofconcern": null, "AretherespecificcontaminantsofconcernOtherspecify": null, "MeasuredWaterQualityTemperature": null, "MeasuredWaterQualitySpecificconductancemicroSiemenspercm": null, "\u00a0MeasuredWaterQualityTotalDissolvedSolidsmilligramsliter": null, "Pleaseaddanotherrelevantnotesontheborehole": null, "V109": "#NULL!", "V110": null}, "geometry": {"type": "Point", "coordinates": [40.0906067, 0.15976]}}, {"type": "Feature", "properties": {"Sno": 86, "SubCounty": "Dadaab", "Ward": "Dertu", "Village": "Bahuri", "Latitude": 0.1442975, "Longitude": 39.6833225, "RuralUrban": "Rural", "DistancetonextstrategicBoreholekm": "2.00", "Totalnumberofhouseholdscurrentlyservedfromthescheme": "50.0", "WhatistheserviceareaforthisschemeHowmanykilometersfromheredothep": "2.0", "Isthisschemeusedforagricultureandirrigationbyfarmers": "No", "Howmanyfarmersusethisscheme\u00a0": "#NULL!", "Whatistheaveragesizedfarmthatusesthiswaterhectares\u00a0": "#NULL!", "Isthewaterschemeusedforlivestock": "Yes", "Estimatednumberofcamelsusingschemeperday": "300.0", "Estimatednumberofcattleusingschemeperday": "200.0", "Estimatednumberofhorsesdonkeysusingwaterpointperday": "1000.0", "Estimatednumberofgoatssheepusingwaterpointperday": "1500.0", "Isthewaterschemeusedforwatertrucking": "No", "Numberoftrucksfillingperday": "#NULL!", "Howmanytimesperweekdoesthewatertruckingoccur": "#NULL!", "Addanyothercommentsonwatertruckingdetails": null, "ConstructionyearofthewellboreholeinEFYortheyearofrehabilitation": "2014", "Boreholeorwelldepthmeters": "174.0", "Physicalstateofthewellborehole": "Normal", "TypeofPower": "Hybrid", "Productionofsystemyieldordischargemeterscubedhour": "22", "Isthereawatermeteratthewatersource": "No", "Isthewatermeterworking": null, "Whatisthecurrentreadingofthewatermeter": "#NULL!", "Isthewaterschemecurrentlyfunctional": "Fun", "Pleasetakeapictureillustratingthenonfunctionalityorpartialfuncti": null, "Maincauseofnonfunctionalityorpartialfunctionality": null, "MaincauseofnonfunctionalityorpartialfunctionalityOtherspecify": null, "Numberofmonthssincenonfunctional": null, "Doestheschemehaveanyemergingproblemsthatmightleadtononfunctional": null, "Pleasedescribetheproblemsthatmightleadtononfunctionalityinthenea": null, "Wasthewaterschemeoutofserviceoneormoredaysinthelastmonth": "Yes", "Numberofdaysoutofserviceinthelastmonth": "2.0", "Dateoflastserviceorrepair": "10-Jan-00", "Howmanytimeshasthewaterschemebrokeninthelastyear": "3.0", "Describethefunctionalityproblemsoverthepastyear": "Lack of proper maintenance", "Howmanydaysperweekdoesthepumprunonaverage": "7.0", "Howmanyhoursperdaydoesthepumprunonaverage": "8.0", "Isthisaseasonalwaterschemethatcommonlyfailsinthedryseason": "No", "Isthepumpusedlessduringwetrainyseason": "Yes", "Duringwetrainyseasonshowmanydaysaweekdoesthepumprunonaverage": "4.0", "Duringwetrainyseasonshowmanyhoursperdaydoesthepumprunonaverage": "4.0", "SolarPanelpowerratingWatts": null, "SolarPanelCondition": null, "Yearwhengeneratorwasinstalledoryearofreinstallation": null, "Physicalstateofthegenerator": null, "Generatorbrand": null, "GeneratorbrandOtherspecify": null, "Generatormodel": null, "Generatorserialnumber": null, "GeneratormaxAmpsstartingamps": "#NULL!", "Generatorpicture": null, "PumpControllerManufacturer1": "Grundfos", "PumpControllerManufacturerOtherspecify": null, "PumpControllerModelNumber": null, "Pictureofpumpcontroller": "https://api.mwater.co/v3/images/0c3e1262f1184090a086d33def337de7", "PumpMotorModelNumber": "11", "Pumpheadmodelnumber": 22.0, "Typeandsizeofcasing": "6", "Wellpumpremarks": "No storage tank water pumped directly to a dug hole u", "Isasensorinstalledatthesite": "Yes", "Typeofsensorinstalled": "SweetSense", "TypeofsensorinstalledOtherspecify": null, "Managementbody": "Water management committee", "Currentmanagementstatus": "WASHCO or Utility is active", "Whatisthemethodofpayment1": "Cash", "WhatisthemethodofpaymentOtherspecify1": null, "Whatisthemethodofpayment2": "Cash", "Typeoftariffsystemmostcommon": "Tariff per Je", "WhatisthetariffamountinKES": "2.0", "Isthereaspecialtariffforlivestockperanimal": "Yes", "WhatisthetariffpercamelKES": 10.0, "WhatisthetariffpercattleKES": 2.0, "WhatisthetariffperhorsedonkeyKES": 0.0, "WhatisthetariffpergoatsheepKES": "1.0", "Isthereatariffperinstitutionschoolshealthcentresetc": "No", "WhatisthemonthlyinstitutionaltariffKES": "#NULL!", "Numberofinstitutionssuppliedbyschemethatpayamonthlyinstitutional": "#NULL!", "Whenthisboreholeisworkingfromwheredohouseholdsprimarilygettheirw": "community tap", "Whenthisboreholeisworkingfromwheredohouseholdsprimarilygetthei_A": null, "WhenthisboreholeisworkinghowmanyHOURSperdaydohouseholdstypically": "2.0", "Whenthisboreholeisnotworkingfromwheredohouseholdsprimarilygetthe": "Other (please specify)", "WhenthisboreholeisNOTworkingandhouseholdshavetouseanalternativew": "8", "Hastherebeensomewaterqualitytestingforthisschemeinthepast": "No", "Yearofmostrecentwaterqualitytestdone": null, "Whatwastheresult": null, "Aretherespecificcontaminantsofconcern": null, "AretherespecificcontaminantsofconcernOtherspecify": null, "MeasuredWaterQualityTemperature": null, "MeasuredWaterQualitySpecificconductancemicroSiemenspercm": null, "\u00a0MeasuredWaterQualityTotalDissolvedSolidsmilligramsliter": null, "Pleaseaddanotherrelevantnotesontheborehole": null, "V109": "#NULL!", "V110": null}, "geometry": {"type": "Point", "coordinates": [39.6833225, 0.1442975]}}, {"type": "Feature", "properties": {"Sno": 87, "SubCounty": "Dadaab", "Ward": "Dadaab", "Village": "Dadaab Central Borehole 1", "Latitude": 0.0550499, "Longitude": 40.3086943, "RuralUrban": "Rural", "DistancetonextstrategicBoreholekm": "1.00", "Totalnumberofhouseholdscurrentlyservedfromthescheme": "300.0", "WhatistheserviceareaforthisschemeHowmanykilometersfromheredothep": "2.0", "Isthisschemeusedforagricultureandirrigationbyfarmers": "No", "Howmanyfarmersusethisscheme\u00a0": "#NULL!", "Whatistheaveragesizedfarmthatusesthiswaterhectares\u00a0": "#NULL!", "Isthewaterschemeusedforlivestock": "No", "Estimatednumberofcamelsusingschemeperday": "#NULL!", "Estimatednumberofcattleusingschemeperday": "#NULL!", "Estimatednumberofhorsesdonkeysusingwaterpointperday": "#NULL!", "Estimatednumberofgoatssheepusingwaterpointperday": "#NULL!", "Isthewaterschemeusedforwatertrucking": "No", "Numberoftrucksfillingperday": "#NULL!", "Howmanytimesperweekdoesthewatertruckingoccur": "#NULL!", "Addanyothercommentsonwatertruckingdetails": null, "ConstructionyearofthewellboreholeinEFYortheyearofrehabilitation": "1992", "Boreholeorwelldepthmeters": "108.0", "Physicalstateofthewellborehole": "Normal", "TypeofPower": "Utility Power", "Productionofsystemyieldordischargemeterscubedhour": "20", "Isthereawatermeteratthewatersource": "No", "Isthewatermeterworking": null, "Whatisthecurrentreadingofthewatermeter": "#NULL!", "Isthewaterschemecurrentlyfunctional": "Fun", "Pleasetakeapictureillustratingthenonfunctionalityorpartialfuncti": null, "Maincauseofnonfunctionalityorpartialfunctionality": null, "MaincauseofnonfunctionalityorpartialfunctionalityOtherspecify": null, "Numberofmonthssincenonfunctional": null, "Doestheschemehaveanyemergingproblemsthatmightleadtononfunctional": null, "Pleasedescribetheproblemsthatmightleadtononfunctionalityinthenea": null, "Wasthewaterschemeoutofserviceoneormoredaysinthelastmonth": "No", "Numberofdaysoutofserviceinthelastmonth": "#NULL!", "Dateoflastserviceorrepair": "#NULL!", "Howmanytimeshasthewaterschemebrokeninthelastyear": "#NULL!", "Describethefunctionalityproblemsoverthepastyear": "Generator failed as it was old and therefore had frequent breakdown. The", "Howmanydaysperweekdoesthepumprunonaverage": "7.0", "Howmanyhoursperdaydoesthepumprunonaverage": "8.0", "Isthisaseasonalwaterschemethatcommonlyfailsinthedryseason": "No", "Isthepumpusedlessduringwetrainyseason": "Yes", "Duringwetrainyseasonshowmanydaysaweekdoesthepumprunonaverage": "5.0", "Duringwetrainyseasonshowmanyhoursperdaydoesthepumprunonaverage": "5.0", "SolarPanelpowerratingWatts": null, "SolarPanelCondition": null, "Yearwhengeneratorwasinstalledoryearofreinstallation": null, "Physicalstateofthegenerator": null, "Generatorbrand": null, "GeneratorbrandOtherspecify": null, "Generatormodel": null, "Generatorserialnumber": null, "GeneratormaxAmpsstartingamps": "#NULL!", "Generatorpicture": null, "PumpControllerManufacturer1": null, "PumpControllerManufacturerOtherspecify": null, "PumpControllerModelNumber": null, "Pictureofpumpcontroller": null, "PumpMotorModelNumber": "11", "Pumpheadmodelnumber": 20.0, "Typeandsizeofcasing": "GI 6", "Wellpumpremarks": "This is the only Water point using Electrical power a", "Isasensorinstalledatthesite": "No", "Typeofsensorinstalled": null, "TypeofsensorinstalledOtherspecify": null, "Managementbody": "Water management committee", "Currentmanagementstatus": "WASHCO or Utility is active", "Whatisthemethodofpayment1": "Cash", "WhatisthemethodofpaymentOtherspecify1": null, "Whatisthemethodofpayment2": "Cash", "Typeoftariffsystemmostcommon": "Fixed tariff", "WhatisthetariffamountinKES": "1700.0", "Isthereaspecialtariffforlivestockperanimal": "No", "WhatisthetariffpercamelKES": null, "WhatisthetariffpercattleKES": null, "WhatisthetariffperhorsedonkeyKES": null, "WhatisthetariffpergoatsheepKES": "#NULL!", "Isthereatariffperinstitutionschoolshealthcentresetc": "Yes", "WhatisthemonthlyinstitutionaltariffKES": "33000.0", "Numberofinstitutionssuppliedbyschemethatpayamonthlyinstitutional": "2.0", "Whenthisboreholeisworkingfromwheredohouseholdsprimarilygettheirw": "household tap", "Whenthisboreholeisworkingfromwheredohouseholdsprimarilygetthei_A": null, "WhenthisboreholeisworkinghowmanyHOURSperdaydohouseholdstypically": "2.0", "Whenthisboreholeisnotworkingfromwheredohouseholdsprimarilygetthe": "Other (please specify)", "WhenthisboreholeisNOTworkingandhouseholdshavetouseanalternativew": "4", "Hastherebeensomewaterqualitytestingforthisschemeinthepast": "No", "Yearofmostrecentwaterqualitytestdone": null, "Whatwastheresult": null, "Aretherespecificcontaminantsofconcern": null, "AretherespecificcontaminantsofconcernOtherspecify": null, "MeasuredWaterQualityTemperature": null, "MeasuredWaterQualitySpecificconductancemicroSiemenspercm": null, "\u00a0MeasuredWaterQualityTotalDissolvedSolidsmilligramsliter": null, "Pleaseaddanotherrelevantnotesontheborehole": null, "V109": "#NULL!", "V110": null}, "geometry": {"type": "Point", "coordinates": [40.3086943, 0.0550499]}}, {"type": "Feature", "properties": {"Sno": 88, "SubCounty": "Dadaab", "Ward": "Abakaile", "Village": "Alikune", "Latitude": 0.3332, "Longitude": 40.0440683, "RuralUrban": "Rural", "DistancetonextstrategicBoreholekm": "8.00", "Totalnumberofhouseholdscurrentlyservedfromthescheme": "350.0", "WhatistheserviceareaforthisschemeHowmanykilometersfromheredothep": "1.0", "Isthisschemeusedforagricultureandirrigationbyfarmers": "No", "Howmanyfarmersusethisscheme\u00a0": "#NULL!", "Whatistheaveragesizedfarmthatusesthiswaterhectares\u00a0": "#NULL!", "Isthewaterschemeusedforlivestock": "Yes", "Estimatednumberofcamelsusingschemeperday": "500.0", "Estimatednumberofcattleusingschemeperday": "2000.0", "Estimatednumberofhorsesdonkeysusingwaterpointperday": "2500.0", "Estimatednumberofgoatssheepusingwaterpointperday": "10000.0", "Isthewaterschemeusedforwatertrucking": "No", "Numberoftrucksfillingperday": "#NULL!", "Howmanytimesperweekdoesthewatertruckingoccur": "#NULL!", "Addanyothercommentsonwatertruckingdetails": null, "ConstructionyearofthewellboreholeinEFYortheyearofrehabilitation": "2002", "Boreholeorwelldepthmeters": "156.0", "Physicalstateofthewellborehole": "Normal", "TypeofPower": "Generator", "Productionofsystemyieldordischargemeterscubedhour": "20", "Isthereawatermeteratthewatersource": "No", "Isthewatermeterworking": null, "Whatisthecurrentreadingofthewatermeter": "#NULL!", "Isthewaterschemecurrentlyfunctional": "Par", "Pleasetakeapictureillustratingthenonfunctionalityorpartialfuncti": "https://api.mwater.co/v3/images/9c677d9a6924405b9bc491a349196159", "Maincauseofnonfunctionalityorpartialfunctionality": "Other (please specify)", "MaincauseofnonfunctionalityorpartialfunctionalityOtherspecify": "Lack of proper maintainance", "Numberofmonthssincenonfunctional": "12", "Doestheschemehaveanyemergingproblemsthatmightleadtononfunctional": "Yes", "Pleasedescribetheproblemsthatmightleadtononfunctionalityinthenea": "Storage tank leaking all sides, Rising main", "Wasthewaterschemeoutofserviceoneormoredaysinthelastmonth": "Yes", "Numberofdaysoutofserviceinthelastmonth": "2.0", "Dateoflastserviceorrepair": "10-Jul-05", "Howmanytimeshasthewaterschemebrokeninthelastyear": "4.0", "Describethefunctionalityproblemsoverthepastyear": "The water point needs proper service to avoid frequent breakdown", "Howmanydaysperweekdoesthepumprunonaverage": "7.0", "Howmanyhoursperdaydoesthepumprunonaverage": "8.0", "Isthisaseasonalwaterschemethatcommonlyfailsinthedryseason": "No", "Isthepumpusedlessduringwetrainyseason": "Yes", "Duringwetrainyseasonshowmanydaysaweekdoesthepumprunonaverage": "4.0", "Duringwetrainyseasonshowmanyhoursperdaydoesthepumprunonaverage": "5.0", "SolarPanelpowerratingWatts": null, "SolarPanelCondition": null, "Yearwhengeneratorwasinstalledoryearofreinstallation": null, "Physicalstateofthegenerator": "Poor", "Generatorbrand": "Other (please s", "GeneratorbrandOtherspecify": "Daylif", "Generatormodel": "Perkin", "Generatorserialnumber": "Dj51323U1262", "GeneratormaxAmpsstartingamps": "7.0", "Generatorpicture": "https://api.mwater.co/v3/images/6e90fb23cc114471bde8644f074d31d4; https://api.mwater.co/v3/images/81039bd665f549329ef708697e526fdb", "PumpControllerManufacturer1": "Grundfos", "PumpControllerManufacturerOtherspecify": null, "PumpControllerModelNumber": "96079927 V08", "Pictureofpumpcontroller": "https://api.mwater.co/v3/images/031fdc1a253a41abab75b92505e642f6", "PumpMotorModelNumber": "11", "Pumpheadmodelnumber": 22.0, "Typeandsizeofcasing": "Steel 6", "Wellpumpremarks": "Overall rehabilitation required Urgently", "Isasensorinstalledatthesite": "Yes", "Typeofsensorinstalled": "SweetSense", "TypeofsensorinstalledOtherspecify": null, "Managementbody": "Water management committee", "Currentmanagementstatus": "WASHCO or Utility is active", "Whatisthemethodofpayment1": "Cash", "WhatisthemethodofpaymentOtherspecify1": null, "Whatisthemethodofpayment2": "Cash", "Typeoftariffsystemmostcommon": "Tariff per Je", "WhatisthetariffamountinKES": "5.0", "Isthereaspecialtariffforlivestockperanimal": "Yes", "WhatisthetariffpercamelKES": 10.0, "WhatisthetariffpercattleKES": 4.0, "WhatisthetariffperhorsedonkeyKES": 0.0, "WhatisthetariffpergoatsheepKES": "1.0", "Isthereatariffperinstitutionschoolshealthcentresetc": "Yes", "WhatisthemonthlyinstitutionaltariffKES": "3000.0", "Numberofinstitutionssuppliedbyschemethatpayamonthlyinstitutional": "2.0", "Whenthisboreholeisworkingfromwheredohouseholdsprimarilygettheirw": "community tap", "Whenthisboreholeisworkingfromwheredohouseholdsprimarilygetthei_A": null, "WhenthisboreholeisworkinghowmanyHOURSperdaydohouseholdstypically": "2.0", "Whenthisboreholeisnotworkingfromwheredohouseholdsprimarilygetthe": "Other (please specify)", "WhenthisboreholeisNOTworkingandhouseholdshavetouseanalternativew": "8", "Hastherebeensomewaterqualitytestingforthisschemeinthepast": "No", "Yearofmostrecentwaterqualitytestdone": null, "Whatwastheresult": null, "Aretherespecificcontaminantsofconcern": null, "AretherespecificcontaminantsofconcernOtherspecify": null, "MeasuredWaterQualityTemperature": null, "MeasuredWaterQualitySpecificconductancemicroSiemenspercm": null, "\u00a0MeasuredWaterQualityTotalDissolvedSolidsmilligramsliter": null, "Pleaseaddanotherrelevantnotesontheborehole": null, "V109": "#NULL!", "V110": null}, "geometry": {"type": "Point", "coordinates": [40.0440683, 0.3332]}}, {"type": "Feature", "properties": {"Sno": 89, "SubCounty": "Dadaab", "Ward": "Dertu", "Village": "Uthole", "Latitude": 0.3174433, "Longitude": 39.97794, "RuralUrban": "Rural", "DistancetonextstrategicBoreholekm": "25.00", "Totalnumberofhouseholdscurrentlyservedfromthescheme": "300.0", "WhatistheserviceareaforthisschemeHowmanykilometersfromheredothep": "1.0", "Isthisschemeusedforagricultureandirrigationbyfarmers": "No", "Howmanyfarmersusethisscheme\u00a0": "#NULL!", "Whatistheaveragesizedfarmthatusesthiswaterhectares\u00a0": "#NULL!", "Isthewaterschemeusedforlivestock": "Yes", "Estimatednumberofcamelsusingschemeperday": "500.0", "Estimatednumberofcattleusingschemeperday": "0.0", "Estimatednumberofhorsesdonkeysusingwaterpointperday": "500.0", "Estimatednumberofgoatssheepusingwaterpointperday": "10000.0", "Isthewaterschemeusedforwatertrucking": "Yes", "Numberoftrucksfillingperday": "3.0", "Howmanytimesperweekdoesthewatertruckingoccur": "3.0", "Addanyothercommentsonwatertruckingdetails": "Water tracking helps during breakdown in dry", "ConstructionyearofthewellboreholeinEFYortheyearofrehabilitation": "2011", "Boreholeorwelldepthmeters": "177.0", "Physicalstateofthewellborehole": "Normal", "TypeofPower": "Generator", "Productionofsystemyieldordischargemeterscubedhour": "20", "Isthereawatermeteratthewatersource": "No", "Isthewatermeterworking": "No", "Whatisthecurrentreadingofthewatermeter": "#NULL!", "Isthewaterschemecurrentlyfunctional": "Fun", "Pleasetakeapictureillustratingthenonfunctionalityorpartialfuncti": null, "Maincauseofnonfunctionalityorpartialfunctionality": null, "MaincauseofnonfunctionalityorpartialfunctionalityOtherspecify": null, "Numberofmonthssincenonfunctional": null, "Doestheschemehaveanyemergingproblemsthatmightleadtononfunctional": "No", "Pleasedescribetheproblemsthatmightleadtononfunctionalityinthenea": null, "Wasthewaterschemeoutofserviceoneormoredaysinthelastmonth": "No", "Numberofdaysoutofserviceinthelastmonth": "#NULL!", "Dateoflastserviceorrepair": "#NULL!", "Howmanytimeshasthewaterschemebrokeninthelastyear": "#NULL!", "Describethefunctionalityproblemsoverthepastyear": "The water meter was removed by Red cross officials as per information re", "Howmanydaysperweekdoesthepumprunonaverage": "7.0", "Howmanyhoursperdaydoesthepumprunonaverage": "8.0", "Isthisaseasonalwaterschemethatcommonlyfailsinthedryseason": "No", "Isthepumpusedlessduringwetrainyseason": "Yes", "Duringwetrainyseasonshowmanydaysaweekdoesthepumprunonaverage": "4.0", "Duringwetrainyseasonshowmanyhoursperdaydoesthepumprunonaverage": "4.0", "SolarPanelpowerratingWatts": null, "SolarPanelCondition": null, "Yearwhengeneratorwasinstalledoryearofreinstallation": "2013", "Physicalstateofthegenerator": "Normal", "Generatorbrand": "Perkins", "GeneratorbrandOtherspecify": null, "Generatormodel": "Davis", "Generatorserialnumber": null, "GeneratormaxAmpsstartingamps": "50.0", "Generatorpicture": null, "PumpControllerManufacturer1": "Grundfos", "PumpControllerManufacturerOtherspecify": null, "PumpControllerModelNumber": null, "Pictureofpumpcontroller": "https://api.mwater.co/v3/images/4c6f07fb879e47f08b32920c595f35a9", "PumpMotorModelNumber": "11", "Pumpheadmodelnumber": 229.0, "Typeandsizeofcasing": "GI 8", "Wellpumpremarks": "This water supply well has been Operating well but un", "Isasensorinstalledatthesite": "No", "Typeofsensorinstalled": null, "TypeofsensorinstalledOtherspecify": null, "Managementbody": "Water management committee", "Currentmanagementstatus": "WASHCO or Utility is active", "Whatisthemethodofpayment1": "Cash", "WhatisthemethodofpaymentOtherspecify1": null, "Whatisthemethodofpayment2": "Cash", "Typeoftariffsystemmostcommon": "Fixed tariff", "WhatisthetariffamountinKES": "2.0", "Isthereaspecialtariffforlivestockperanimal": "Yes", "WhatisthetariffpercamelKES": 10.0, "WhatisthetariffpercattleKES": 5.0, "WhatisthetariffperhorsedonkeyKES": 0.0, "WhatisthetariffpergoatsheepKES": "1.0", "Isthereatariffperinstitutionschoolshealthcentresetc": "No", "WhatisthemonthlyinstitutionaltariffKES": "#NULL!", "Numberofinstitutionssuppliedbyschemethatpayamonthlyinstitutional": "#NULL!", "Whenthisboreholeisworkingfromwheredohouseholdsprimarilygettheirw": "community tap", "Whenthisboreholeisworkingfromwheredohouseholdsprimarilygetthei_A": null, "WhenthisboreholeisworkinghowmanyHOURSperdaydohouseholdstypically": "2.0", "Whenthisboreholeisnotworkingfromwheredohouseholdsprimarilygetthe": "Other (please specify)", "WhenthisboreholeisNOTworkingandhouseholdshavetouseanalternativew": "6", "Hastherebeensomewaterqualitytestingforthisschemeinthepast": "No", "Yearofmostrecentwaterqualitytestdone": null, "Whatwastheresult": null, "Aretherespecificcontaminantsofconcern": null, "AretherespecificcontaminantsofconcernOtherspecify": null, "MeasuredWaterQualityTemperature": null, "MeasuredWaterQualitySpecificconductancemicroSiemenspercm": null, "\u00a0MeasuredWaterQualityTotalDissolvedSolidsmilligramsliter": null, "Pleaseaddanotherrelevantnotesontheborehole": null, "V109": "#NULL!", "V110": null}, "geometry": {"type": "Point", "coordinates": [39.97794, 0.3174433]}}, {"type": "Feature", "properties": {"Sno": 90, "SubCounty": "Dadaab", "Ward": "Dertu", "Village": "Bahuri", "Latitude": 0.1320583, "Longitude": 39.67611, "RuralUrban": "Rural", "DistancetonextstrategicBoreholekm": "26.00", "Totalnumberofhouseholdscurrentlyservedfromthescheme": "630.0", "WhatistheserviceareaforthisschemeHowmanykilometersfromheredothep": "2.0", "Isthisschemeusedforagricultureandirrigationbyfarmers": "No", "Howmanyfarmersusethisscheme\u00a0": "#NULL!", "Whatistheaveragesizedfarmthatusesthiswaterhectares\u00a0": "#NULL!", "Isthewaterschemeusedforlivestock": "Yes", "Estimatednumberofcamelsusingschemeperday": "1000.0", "Estimatednumberofcattleusingschemeperday": "1000.0", "Estimatednumberofhorsesdonkeysusingwaterpointperday": "3000.0", "Estimatednumberofgoatssheepusingwaterpointperday": "7000.0", "Isthewaterschemeusedforwatertrucking": "No", "Numberoftrucksfillingperday": "#NULL!", "Howmanytimesperweekdoesthewatertruckingoccur": "#NULL!", "Addanyothercommentsonwatertruckingdetails": null, "ConstructionyearofthewellboreholeinEFYortheyearofrehabilitation": "2008", "Boreholeorwelldepthmeters": "198.0", "Physicalstateofthewellborehole": "Normal", "TypeofPower": "Hybrid", "Productionofsystemyieldordischargemeterscubedhour": "22", "Isthereawatermeteratthewatersource": "No", "Isthewatermeterworking": null, "Whatisthecurrentreadingofthewatermeter": "#NULL!", "Isthewaterschemecurrentlyfunctional": "Fun", "Pleasetakeapictureillustratingthenonfunctionalityorpartialfuncti": null, "Maincauseofnonfunctionalityorpartialfunctionality": null, "MaincauseofnonfunctionalityorpartialfunctionalityOtherspecify": null, "Numberofmonthssincenonfunctional": null, "Doestheschemehaveanyemergingproblemsthatmightleadtononfunctional": "Yes", "Pleasedescribetheproblemsthatmightleadtononfunctionalityinthenea": "Generator is very old and is leaking oil and", "Wasthewaterschemeoutofserviceoneormoredaysinthelastmonth": "Yes", "Numberofdaysoutofserviceinthelastmonth": "2.0", "Dateoflastserviceorrepair": "31-Jan-00", "Howmanytimeshasthewaterschemebrokeninthelastyear": "4.0", "Describethefunctionalityproblemsoverthepastyear": "Lack of proper service courses frequent breakdown", "Howmanydaysperweekdoesthepumprunonaverage": "7.0", "Howmanyhoursperdaydoesthepumprunonaverage": "8.0", "Isthisaseasonalwaterschemethatcommonlyfailsinthedryseason": "No", "Isthepumpusedlessduringwetrainyseason": "Yes", "Duringwetrainyseasonshowmanydaysaweekdoesthepumprunonaverage": "4.0", "Duringwetrainyseasonshowmanyhoursperdaydoesthepumprunonaverage": "4.0", "SolarPanelpowerratingWatts": null, "SolarPanelCondition": null, "Yearwhengeneratorwasinstalledoryearofreinstallation": null, "Physicalstateofthegenerator": null, "Generatorbrand": null, "GeneratorbrandOtherspecify": null, "Generatormodel": null, "Generatorserialnumber": null, "GeneratormaxAmpsstartingamps": "#NULL!", "Generatorpicture": null, "PumpControllerManufacturer1": "Other (pleas", "PumpControllerManufacturerOtherspecify": "Dailiff", "PumpControllerModelNumber": "1PDP304 MA PP CL", "Pictureofpumpcontroller": "https://api.mwater.co/v3/images/dec9b817550b4c1f8e87c73f2a3303a3", "PumpMotorModelNumber": "11", "Pumpheadmodelnumber": 8.0, "Typeandsizeofcasing": "GI 6", "Wellpumpremarks": "The well has a very old and frequently breaks require", "Isasensorinstalledatthesite": "No", "Typeofsensorinstalled": null, "TypeofsensorinstalledOtherspecify": null, "Managementbody": "Water management committee", "Currentmanagementstatus": "WASHCO or Utility is active", "Whatisthemethodofpayment1": "Cash", "WhatisthemethodofpaymentOtherspecify1": null, "Whatisthemethodofpayment2": "Cash", "Typeoftariffsystemmostcommon": "Tariff per Je", "WhatisthetariffamountinKES": "1.0", "Isthereaspecialtariffforlivestockperanimal": "Yes", "WhatisthetariffpercamelKES": 10.0, "WhatisthetariffpercattleKES": 5.0, "WhatisthetariffperhorsedonkeyKES": 0.0, "WhatisthetariffpergoatsheepKES": "1.0", "Isthereatariffperinstitutionschoolshealthcentresetc": "Yes", "WhatisthemonthlyinstitutionaltariffKES": "250.0", "Numberofinstitutionssuppliedbyschemethatpayamonthlyinstitutional": "1.0", "Whenthisboreholeisworkingfromwheredohouseholdsprimarilygettheirw": "community tap", "Whenthisboreholeisworkingfromwheredohouseholdsprimarilygetthei_A": null, "WhenthisboreholeisworkinghowmanyHOURSperdaydohouseholdstypically": "2.0", "Whenthisboreholeisnotworkingfromwheredohouseholdsprimarilygetthe": "Other (please specify)", "WhenthisboreholeisNOTworkingandhouseholdshavetouseanalternativew": "8", "Hastherebeensomewaterqualitytestingforthisschemeinthepast": "No", "Yearofmostrecentwaterqualitytestdone": null, "Whatwastheresult": null, "Aretherespecificcontaminantsofconcern": null, "AretherespecificcontaminantsofconcernOtherspecify": null, "MeasuredWaterQualityTemperature": null, "MeasuredWaterQualitySpecificconductancemicroSiemenspercm": null, "\u00a0MeasuredWaterQualityTotalDissolvedSolidsmilligramsliter": null, "Pleaseaddanotherrelevantnotesontheborehole": null, "V109": "#NULL!", "V110": null}, "geometry": {"type": "Point", "coordinates": [39.67611, 0.1320583]}}, {"type": "Feature", "properties": {"Sno": 91, "SubCounty": "Dadaab", "Ward": "Dertu", "Village": "Bahuri Borehole 2", "Latitude": 0.144725, "Longitude": 39.6835053, "RuralUrban": "Rural", "DistancetonextstrategicBoreholekm": "2.00", "Totalnumberofhouseholdscurrentlyservedfromthescheme": "100.0", "WhatistheserviceareaforthisschemeHowmanykilometersfromheredothep": "2.0", "Isthisschemeusedforagricultureandirrigationbyfarmers": "No", "Howmanyfarmersusethisscheme\u00a0": "#NULL!", "Whatistheaveragesizedfarmthatusesthiswaterhectares\u00a0": "#NULL!", "Isthewaterschemeusedforlivestock": "Yes", "Estimatednumberofcamelsusingschemeperday": "300.0", "Estimatednumberofcattleusingschemeperday": "100.0", "Estimatednumberofhorsesdonkeysusingwaterpointperday": "1500.0", "Estimatednumberofgoatssheepusingwaterpointperday": "1000.0", "Isthewaterschemeusedforwatertrucking": "No", "Numberoftrucksfillingperday": "#NULL!", "Howmanytimesperweekdoesthewatertruckingoccur": "#NULL!", "Addanyothercommentsonwatertruckingdetails": null, "ConstructionyearofthewellboreholeinEFYortheyearofrehabilitation": "2014", "Boreholeorwelldepthmeters": "174.0", "Physicalstateofthewellborehole": "Normal", "TypeofPower": "Hybrid", "Productionofsystemyieldordischargemeterscubedhour": "18", "Isthereawatermeteratthewatersource": "No", "Isthewatermeterworking": null, "Whatisthecurrentreadingofthewatermeter": "#NULL!", "Isthewaterschemecurrentlyfunctional": "Fun", "Pleasetakeapictureillustratingthenonfunctionalityorpartialfuncti": null, "Maincauseofnonfunctionalityorpartialfunctionality": null, "MaincauseofnonfunctionalityorpartialfunctionalityOtherspecify": null, "Numberofmonthssincenonfunctional": null, "Doestheschemehaveanyemergingproblemsthatmightleadtononfunctional": null, "Pleasedescribetheproblemsthatmightleadtononfunctionalityinthenea": null, "Wasthewaterschemeoutofserviceoneormoredaysinthelastmonth": "Yes", "Numberofdaysoutofserviceinthelastmonth": "1.0", "Dateoflastserviceorrepair": "#NULL!", "Howmanytimeshasthewaterschemebrokeninthelastyear": "3.0", "Describethefunctionalityproblemsoverthepastyear": "Lack of maintainance and timely repairs.", "Howmanydaysperweekdoesthepumprunonaverage": "7.0", "Howmanyhoursperdaydoesthepumprunonaverage": "8.0", "Isthisaseasonalwaterschemethatcommonlyfailsinthedryseason": "No", "Isthepumpusedlessduringwetrainyseason": "Yes", "Duringwetrainyseasonshowmanydaysaweekdoesthepumprunonaverage": "4.0", "Duringwetrainyseasonshowmanyhoursperdaydoesthepumprunonaverage": "4.0", "SolarPanelpowerratingWatts": null, "SolarPanelCondition": null, "Yearwhengeneratorwasinstalledoryearofreinstallation": null, "Physicalstateofthegenerator": null, "Generatorbrand": null, "GeneratorbrandOtherspecify": null, "Generatormodel": null, "Generatorserialnumber": null, "GeneratormaxAmpsstartingamps": "#NULL!", "Generatorpicture": null, "PumpControllerManufacturer1": "Grundfos", "PumpControllerManufacturerOtherspecify": null, "PumpControllerModelNumber": null, "Pictureofpumpcontroller": null, "PumpMotorModelNumber": "11", "Pumpheadmodelnumber": 18.0, "Typeandsizeofcasing": "6", "Wellpumpremarks": null, "Isasensorinstalledatthesite": "No", "Typeofsensorinstalled": null, "TypeofsensorinstalledOtherspecify": null, "Managementbody": "Water management committee", "Currentmanagementstatus": "WASHCO or Utility is active", "Whatisthemethodofpayment1": "Cash", "WhatisthemethodofpaymentOtherspecify1": null, "Whatisthemethodofpayment2": "Cash", "Typeoftariffsystemmostcommon": "Tariff per Je", "WhatisthetariffamountinKES": "5.0", "Isthereaspecialtariffforlivestockperanimal": "Yes", "WhatisthetariffpercamelKES": 10.0, "WhatisthetariffpercattleKES": 5.0, "WhatisthetariffperhorsedonkeyKES": 0.0, "WhatisthetariffpergoatsheepKES": "2.0", "Isthereatariffperinstitutionschoolshealthcentresetc": "No", "WhatisthemonthlyinstitutionaltariffKES": "#NULL!", "Numberofinstitutionssuppliedbyschemethatpayamonthlyinstitutional": "#NULL!", "Whenthisboreholeisworkingfromwheredohouseholdsprimarilygettheirw": "community tap", "Whenthisboreholeisworkingfromwheredohouseholdsprimarilygetthei_A": null, "WhenthisboreholeisworkinghowmanyHOURSperdaydohouseholdstypically": "2.0", "Whenthisboreholeisnotworkingfromwheredohouseholdsprimarilygetthe": "Other (please specify)", "WhenthisboreholeisNOTworkingandhouseholdshavetouseanalternativew": "10", "Hastherebeensomewaterqualitytestingforthisschemeinthepast": "No", "Yearofmostrecentwaterqualitytestdone": null, "Whatwastheresult": null, "Aretherespecificcontaminantsofconcern": null, "AretherespecificcontaminantsofconcernOtherspecify": null, "MeasuredWaterQualityTemperature": null, "MeasuredWaterQualitySpecificconductancemicroSiemenspercm": null, "\u00a0MeasuredWaterQualityTotalDissolvedSolidsmilligramsliter": null, "Pleaseaddanotherrelevantnotesontheborehole": null, "V109": "#NULL!", "V110": null}, "geometry": {"type": "Point", "coordinates": [39.6835053, 0.144725]}}, {"type": "Feature", "properties": {"Sno": 92, "SubCounty": "Dadaab", "Ward": "Abakaile", "Village": "Kumahumato", "Latitude": 0.1745433, "Longitude": 40.0615733, "RuralUrban": "Rural", "DistancetonextstrategicBoreholekm": "8.00", "Totalnumberofhouseholdscurrentlyservedfromthescheme": "400.0", "WhatistheserviceareaforthisschemeHowmanykilometersfromheredothep": "1.0", "Isthisschemeusedforagricultureandirrigationbyfarmers": "No", "Howmanyfarmersusethisscheme\u00a0": "#NULL!", "Whatistheaveragesizedfarmthatusesthiswaterhectares\u00a0": "#NULL!", "Isthewaterschemeusedforlivestock": "Yes", "Estimatednumberofcamelsusingschemeperday": "400.0", "Estimatednumberofcattleusingschemeperday": "1000.0", "Estimatednumberofhorsesdonkeysusingwaterpointperday": "1500.0", "Estimatednumberofgoatssheepusingwaterpointperday": "3000.0", "Isthewaterschemeusedforwatertrucking": "Yes", "Numberoftrucksfillingperday": "3.0", "Howmanytimesperweekdoesthewatertruckingoccur": "3.0", "Addanyothercommentsonwatertruckingdetails": "Water tracking should stop as the water point", "ConstructionyearofthewellboreholeinEFYortheyearofrehabilitation": "1982", "Boreholeorwelldepthmeters": "#NULL!", "Physicalstateofthewellborehole": "Normal", "TypeofPower": "Generator", "Productionofsystemyieldordischargemeterscubedhour": "18", "Isthereawatermeteratthewatersource": "No", "Isthewatermeterworking": null, "Whatisthecurrentreadingofthewatermeter": "#NULL!", "Isthewaterschemecurrentlyfunctional": "Fun", "Pleasetakeapictureillustratingthenonfunctionalityorpartialfuncti": null, "Maincauseofnonfunctionalityorpartialfunctionality": null, "MaincauseofnonfunctionalityorpartialfunctionalityOtherspecify": null, "Numberofmonthssincenonfunctional": null, "Doestheschemehaveanyemergingproblemsthatmightleadtononfunctional": "Yes", "Pleasedescribetheproblemsthatmightleadtononfunctionalityinthenea": "Lack of proper maintainable poor state of di", "Wasthewaterschemeoutofserviceoneormoredaysinthelastmonth": "No", "Numberofdaysoutofserviceinthelastmonth": "#NULL!", "Dateoflastserviceorrepair": "10-Jul-05", "Howmanytimeshasthewaterschemebrokeninthelastyear": "3.0", "Describethefunctionalityproblemsoverthepastyear": "Defective generator and pump leaking storage tank,leaking pipes,destroye", "Howmanydaysperweekdoesthepumprunonaverage": "7.0", "Howmanyhoursperdaydoesthepumprunonaverage": "8.0", "Isthisaseasonalwaterschemethatcommonlyfailsinthedryseason": "No", "Isthepumpusedlessduringwetrainyseason": "Yes", "Duringwetrainyseasonshowmanydaysaweekdoesthepumprunonaverage": "3.0", "Duringwetrainyseasonshowmanyhoursperdaydoesthepumprunonaverage": "4.0", "SolarPanelpowerratingWatts": null, "SolarPanelCondition": null, "Yearwhengeneratorwasinstalledoryearofreinstallation": "2002", "Physicalstateofthegenerator": "Poor", "Generatorbrand": "Perkins", "GeneratorbrandOtherspecify": null, "Generatormodel": "P27p1", "Generatorserialnumber": "Dj51323u1760", "GeneratormaxAmpsstartingamps": "38.0", "Generatorpicture": "https://api.mwater.co/v3/images/44c3156fec0c49e19be5bc5ebbcb6e4d; https://api.mwater.co/v3/images/32d4dc9d7def416da155d83a5d13b068", "PumpControllerManufacturer1": "Grundfos", "PumpControllerManufacturerOtherspecify": null, "PumpControllerModelNumber": "PEPP4", "Pictureofpumpcontroller": "https://api.mwater.co/v3/images/fe6e987c1f1d48be9b4db9551ea278e8", "PumpMotorModelNumber": "11", "Pumpheadmodelnumber": 20.0, "Typeandsizeofcasing": "GI 6", "Wellpumpremarks": "Facillity  needs General rehabilitation", "Isasensorinstalledatthesite": "Yes", "Typeofsensorinstalled": "SweetSense", "TypeofsensorinstalledOtherspecify": null, "Managementbody": "Water management committee", "Currentmanagementstatus": "WASHCO or Utility is active", "Whatisthemethodofpayment1": "Cash", "WhatisthemethodofpaymentOtherspecify1": null, "Whatisthemethodofpayment2": "Cash", "Typeoftariffsystemmostcommon": "Tariff per Je", "WhatisthetariffamountinKES": "5.0", "Isthereaspecialtariffforlivestockperanimal": "Yes", "WhatisthetariffpercamelKES": 10.0, "WhatisthetariffpercattleKES": 3.0, "WhatisthetariffperhorsedonkeyKES": 0.0, "WhatisthetariffpergoatsheepKES": "2.0", "Isthereatariffperinstitutionschoolshealthcentresetc": "Yes", "WhatisthemonthlyinstitutionaltariffKES": "1700.0", "Numberofinstitutionssuppliedbyschemethatpayamonthlyinstitutional": "2.0", "Whenthisboreholeisworkingfromwheredohouseholdsprimarilygettheirw": "community tap", "Whenthisboreholeisworkingfromwheredohouseholdsprimarilygetthei_A": null, "WhenthisboreholeisworkinghowmanyHOURSperdaydohouseholdstypically": "2.0", "Whenthisboreholeisnotworkingfromwheredohouseholdsprimarilygetthe": "Other (please specify)", "WhenthisboreholeisNOTworkingandhouseholdshavetouseanalternativew": "5", "Hastherebeensomewaterqualitytestingforthisschemeinthepast": "No", "Yearofmostrecentwaterqualitytestdone": null, "Whatwastheresult": null, "Aretherespecificcontaminantsofconcern": null, "AretherespecificcontaminantsofconcernOtherspecify": null, "MeasuredWaterQualityTemperature": null, "MeasuredWaterQualitySpecificconductancemicroSiemenspercm": null, "\u00a0MeasuredWaterQualityTotalDissolvedSolidsmilligramsliter": null, "Pleaseaddanotherrelevantnotesontheborehole": null, "V109": "#NULL!", "V110": null}, "geometry": {"type": "Point", "coordinates": [40.0615733, 0.1745433]}}, {"type": "Feature", "properties": {"Sno": 93, "SubCounty": "Dadaab", "Ward": "Dertu", "Village": "Dertu", "Latitude": 0.2757857, "Longitude": 39.8048885, "RuralUrban": "Rural", "DistancetonextstrategicBoreholekm": "2.00", "Totalnumberofhouseholdscurrentlyservedfromthescheme": "5000.0", "WhatistheserviceareaforthisschemeHowmanykilometersfromheredothep": "5.0", "Isthisschemeusedforagricultureandirrigationbyfarmers": "No", "Howmanyfarmersusethisscheme\u00a0": "#NULL!", "Whatistheaveragesizedfarmthatusesthiswaterhectares\u00a0": "#NULL!", "Isthewaterschemeusedforlivestock": "Yes", "Estimatednumberofcamelsusingschemeperday": "200.0", "Estimatednumberofcattleusingschemeperday": "1000.0", "Estimatednumberofhorsesdonkeysusingwaterpointperday": "3000.0", "Estimatednumberofgoatssheepusingwaterpointperday": "6000.0", "Isthewaterschemeusedforwatertrucking": "Yes", "Numberoftrucksfillingperday": "3.0", "Howmanytimesperweekdoesthewatertruckingoccur": "3.0", "Addanyothercommentsonwatertruckingdetails": "Water tracking was stopped from this water po", "ConstructionyearofthewellboreholeinEFYortheyearofrehabilitation": "2000", "Boreholeorwelldepthmeters": "174.0", "Physicalstateofthewellborehole": "Normal", "TypeofPower": "Generator", "Productionofsystemyieldordischargemeterscubedhour": "18", "Isthereawatermeteratthewatersource": "No", "Isthewatermeterworking": null, "Whatisthecurrentreadingofthewatermeter": "#NULL!", "Isthewaterschemecurrentlyfunctional": "Fun", "Pleasetakeapictureillustratingthenonfunctionalityorpartialfuncti": null, "Maincauseofnonfunctionalityorpartialfunctionality": null, "MaincauseofnonfunctionalityorpartialfunctionalityOtherspecify": null, "Numberofmonthssincenonfunctional": null, "Doestheschemehaveanyemergingproblemsthatmightleadtononfunctional": "Yes", "Pleasedescribetheproblemsthatmightleadtononfunctionalityinthenea": "Lack of proper maintainance due to poor mana", "Wasthewaterschemeoutofserviceoneormoredaysinthelastmonth": "No", "Numberofdaysoutofserviceinthelastmonth": "#NULL!", "Dateoflastserviceorrepair": "25-Jan-00", "Howmanytimeshasthewaterschemebrokeninthelastyear": "3.0", "Describethefunctionalityproblemsoverthepastyear": "Poor maintainance", "Howmanydaysperweekdoesthepumprunonaverage": "7.0", "Howmanyhoursperdaydoesthepumprunonaverage": "8.0", "Isthisaseasonalwaterschemethatcommonlyfailsinthedryseason": "No", "Isthepumpusedlessduringwetrainyseason": "Yes", "Duringwetrainyseasonshowmanydaysaweekdoesthepumprunonaverage": "4.0", "Duringwetrainyseasonshowmanyhoursperdaydoesthepumprunonaverage": "6.0", "SolarPanelpowerratingWatts": null, "SolarPanelCondition": null, "Yearwhengeneratorwasinstalledoryearofreinstallation": "2014", "Physicalstateofthegenerator": "Poor", "Generatorbrand": null, "GeneratorbrandOtherspecify": null, "Generatormodel": "Bailiff Isuzu 2", "Generatorserialnumber": "14-0292", "GeneratormaxAmpsstartingamps": "50.0", "Generatorpicture": "https://api.mwater.co/v3/images/7fdc4dc0ae9545fc84e4b8133ddf6f0e; https://api.mwater.co/v3/images/2b7216857dd2490aa8d0c52ab013041f", "PumpControllerManufacturer1": "Other (pleas", "PumpControllerManufacturerOtherspecify": "Dailiff", "PumpControllerModelNumber": "GD311", "Pictureofpumpcontroller": "https://api.mwater.co/v3/images/7733171afb764625a3ad31c766834c24", "PumpMotorModelNumber": "11", "Pumpheadmodelnumber": 22.0, "Typeandsizeofcasing": null, "Wellpumpremarks": "The facillity is not maintained well", "Isasensorinstalledatthesite": "No", "Typeofsensorinstalled": null, "TypeofsensorinstalledOtherspecify": null, "Managementbody": "Water management committee", "Currentmanagementstatus": "WASHCO or Utility is active", "Whatisthemethodofpayment1": "Cash", "WhatisthemethodofpaymentOtherspecify1": null, "Whatisthemethodofpayment2": "Cash", "Typeoftariffsystemmostcommon": "Tariff per Je", "WhatisthetariffamountinKES": "5.0", "Isthereaspecialtariffforlivestockperanimal": "Yes", "WhatisthetariffpercamelKES": 10.0, "WhatisthetariffpercattleKES": 3.0, "WhatisthetariffperhorsedonkeyKES": 0.0, "WhatisthetariffpergoatsheepKES": "2.0", "Isthereatariffperinstitutionschoolshealthcentresetc": "Yes", "WhatisthemonthlyinstitutionaltariffKES": "3000.0", "Numberofinstitutionssuppliedbyschemethatpayamonthlyinstitutional": "2.0", "Whenthisboreholeisworkingfromwheredohouseholdsprimarilygettheirw": "community tap", "Whenthisboreholeisworkingfromwheredohouseholdsprimarilygetthei_A": null, "WhenthisboreholeisworkinghowmanyHOURSperdaydohouseholdstypically": "2.0", "Whenthisboreholeisnotworkingfromwheredohouseholdsprimarilygetthe": "Other (please specify)", "WhenthisboreholeisNOTworkingandhouseholdshavetouseanalternativew": "10", "Hastherebeensomewaterqualitytestingforthisschemeinthepast": "No", "Yearofmostrecentwaterqualitytestdone": null, "Whatwastheresult": null, "Aretherespecificcontaminantsofconcern": null, "AretherespecificcontaminantsofconcernOtherspecify": null, "MeasuredWaterQualityTemperature": null, "MeasuredWaterQualitySpecificconductancemicroSiemenspercm": null, "\u00a0MeasuredWaterQualityTotalDissolvedSolidsmilligramsliter": null, "Pleaseaddanotherrelevantnotesontheborehole": "The borehole water has high salinity and this increased mortality rate by 80%", "V109": "#NULL!", "V110": null}, "geometry": {"type": "Point", "coordinates": [39.8048885, 0.2757857]}}, {"type": "Feature", "properties": {"Sno": 94, "SubCounty": "Dadaab", "Ward": "Damajaley", "Village": "Damajaley Borehole 2", "Latitude": 0.1039467, "Longitude": 40.78831, "RuralUrban": "Rural", "DistancetonextstrategicBoreholekm": "2.00", "Totalnumberofhouseholdscurrentlyservedfromthescheme": "1500.0", "WhatistheserviceareaforthisschemeHowmanykilometersfromheredothep": "2.0", "Isthisschemeusedforagricultureandirrigationbyfarmers": "No", "Howmanyfarmersusethisscheme\u00a0": "#NULL!", "Whatistheaveragesizedfarmthatusesthiswaterhectares\u00a0": "#NULL!", "Isthewaterschemeusedforlivestock": "Yes", "Estimatednumberofcamelsusingschemeperday": "1000.0", "Estimatednumberofcattleusingschemeperday": "50.0", "Estimatednumberofhorsesdonkeysusingwaterpointperday": "100.0", "Estimatednumberofgoatssheepusingwaterpointperday": "6000.0", "Isthewaterschemeusedforwatertrucking": "No", "Numberoftrucksfillingperday": "#NULL!", "Howmanytimesperweekdoesthewatertruckingoccur": "#NULL!", "Addanyothercommentsonwatertruckingdetails": null, "ConstructionyearofthewellboreholeinEFYortheyearofrehabilitation": "2009", "Boreholeorwelldepthmeters": "150.0", "Physicalstateofthewellborehole": "Poor", "TypeofPower": "Generator", "Productionofsystemyieldordischargemeterscubedhour": "6", "Isthereawatermeteratthewatersource": "No", "Isthewatermeterworking": null, "Whatisthecurrentreadingofthewatermeter": "#NULL!", "Isthewaterschemecurrentlyfunctional": "Fun", "Pleasetakeapictureillustratingthenonfunctionalityorpartialfuncti": null, "Maincauseofnonfunctionalityorpartialfunctionality": null, "MaincauseofnonfunctionalityorpartialfunctionalityOtherspecify": null, "Numberofmonthssincenonfunctional": null, "Doestheschemehaveanyemergingproblemsthatmightleadtononfunctional": "No", "Pleasedescribetheproblemsthatmightleadtononfunctionalityinthenea": null, "Wasthewaterschemeoutofserviceoneormoredaysinthelastmonth": "Yes", "Numberofdaysoutofserviceinthelastmonth": "2.0", "Dateoflastserviceorrepair": "5-Jan-00", "Howmanytimeshasthewaterschemebrokeninthelastyear": "4.0", "Describethefunctionalityproblemsoverthepastyear": "The facillity genset is old and the well production is low.over the past", "Howmanydaysperweekdoesthepumprunonaverage": "7.0", "Howmanyhoursperdaydoesthepumprunonaverage": "8.0", "Isthisaseasonalwaterschemethatcommonlyfailsinthedryseason": "No", "Isthepumpusedlessduringwetrainyseason": "Yes", "Duringwetrainyseasonshowmanydaysaweekdoesthepumprunonaverage": "5.0", "Duringwetrainyseasonshowmanyhoursperdaydoesthepumprunonaverage": "5.0", "SolarPanelpowerratingWatts": null, "SolarPanelCondition": null, "Yearwhengeneratorwasinstalledoryearofreinstallation": "2011", "Physicalstateofthegenerator": "Poor", "Generatorbrand": "Lister Petter", "GeneratorbrandOtherspecify": null, "Generatormodel": "Lister", "Generatorserialnumber": "51279U301386", "GeneratormaxAmpsstartingamps": "50.0", "Generatorpicture": "https://api.mwater.co/v3/images/212878a4515144668896d0e5f650a3bc; https://api.mwater.co/v3/images/2bd1883f0e384209962afc23d0080ea7", "PumpControllerManufacturer1": "Grundfos", "PumpControllerManufacturerOtherspecify": null, "PumpControllerModelNumber": null, "Pictureofpumpcontroller": "https://api.mwater.co/v3/images/de2deecefd4c4339b850dafc0856d0e7", "PumpMotorModelNumber": "5.5", "Pumpheadmodelnumber": 22.0, "Typeandsizeofcasing": "GI 6", "Wellpumpremarks": "The generator is in a poor state no visible labels or", "Isasensorinstalledatthesite": "No", "Typeofsensorinstalled": null, "TypeofsensorinstalledOtherspecify": null, "Managementbody": "Water management committee", "Currentmanagementstatus": "WASHCO or Utility is active", "Whatisthemethodofpayment1": "Cash", "WhatisthemethodofpaymentOtherspecify1": null, "Whatisthemethodofpayment2": "Cash", "Typeoftariffsystemmostcommon": "Tariff per Je", "WhatisthetariffamountinKES": "5.0", "Isthereaspecialtariffforlivestockperanimal": "Yes", "WhatisthetariffpercamelKES": 10.0, "WhatisthetariffpercattleKES": 5.0, "WhatisthetariffperhorsedonkeyKES": 0.0, "WhatisthetariffpergoatsheepKES": "2.0", "Isthereatariffperinstitutionschoolshealthcentresetc": "No", "WhatisthemonthlyinstitutionaltariffKES": "#NULL!", "Numberofinstitutionssuppliedbyschemethatpayamonthlyinstitutional": "#NULL!", "Whenthisboreholeisworkingfromwheredohouseholdsprimarilygettheirw": "community tap", "Whenthisboreholeisworkingfromwheredohouseholdsprimarilygetthei_A": null, "WhenthisboreholeisworkinghowmanyHOURSperdaydohouseholdstypically": "2.0", "Whenthisboreholeisnotworkingfromwheredohouseholdsprimarilygetthe": "Other (please specify)", "WhenthisboreholeisNOTworkingandhouseholdshavetouseanalternativew": "8", "Hastherebeensomewaterqualitytestingforthisschemeinthepast": "No", "Yearofmostrecentwaterqualitytestdone": null, "Whatwastheresult": null, "Aretherespecificcontaminantsofconcern": null, "AretherespecificcontaminantsofconcernOtherspecify": null, "MeasuredWaterQualityTemperature": null, "MeasuredWaterQualitySpecificconductancemicroSiemenspercm": null, "\u00a0MeasuredWaterQualityTotalDissolvedSolidsmilligramsliter": null, "Pleaseaddanotherrelevantnotesontheborehole": null, "V109": "#NULL!", "V110": null}, "geometry": {"type": "Point", "coordinates": [40.78831, 0.1039467]}}, {"type": "Feature", "properties": {"Sno": 95, "SubCounty": "Dadaab", "Ward": "Dadaab", "Village": "Bulla banaan", "Latitude": 0.0528883, "Longitude": 40.3140333, "RuralUrban": "Rural", "DistancetonextstrategicBoreholekm": "1.00", "Totalnumberofhouseholdscurrentlyservedfromthescheme": "150.0", "WhatistheserviceareaforthisschemeHowmanykilometersfromheredothep": "1.0", "Isthisschemeusedforagricultureandirrigationbyfarmers": "No", "Howmanyfarmersusethisscheme\u00a0": "#NULL!", "Whatistheaveragesizedfarmthatusesthiswaterhectares\u00a0": "#NULL!", "Isthewaterschemeusedforlivestock": "No", "Estimatednumberofcamelsusingschemeperday": "#NULL!", "Estimatednumberofcattleusingschemeperday": "#NULL!", "Estimatednumberofhorsesdonkeysusingwaterpointperday": "#NULL!", "Estimatednumberofgoatssheepusingwaterpointperday": "#NULL!", "Isthewaterschemeusedforwatertrucking": "No", "Numberoftrucksfillingperday": "#NULL!", "Howmanytimesperweekdoesthewatertruckingoccur": "#NULL!", "Addanyothercommentsonwatertruckingdetails": null, "ConstructionyearofthewellboreholeinEFYortheyearofrehabilitation": "2014", "Boreholeorwelldepthmeters": "192.0", "Physicalstateofthewellborehole": "Normal", "TypeofPower": "Generator", "Productionofsystemyieldordischargemeterscubedhour": "17", "Isthereawatermeteratthewatersource": "No", "Isthewatermeterworking": null, "Whatisthecurrentreadingofthewatermeter": "#NULL!", "Isthewaterschemecurrentlyfunctional": "Fun", "Pleasetakeapictureillustratingthenonfunctionalityorpartialfuncti": null, "Maincauseofnonfunctionalityorpartialfunctionality": null, "MaincauseofnonfunctionalityorpartialfunctionalityOtherspecify": null, "Numberofmonthssincenonfunctional": null, "Doestheschemehaveanyemergingproblemsthatmightleadtononfunctional": "No", "Pleasedescribetheproblemsthatmightleadtononfunctionalityinthenea": null, "Wasthewaterschemeoutofserviceoneormoredaysinthelastmonth": "No", "Numberofdaysoutofserviceinthelastmonth": "#NULL!", "Dateoflastserviceorrepair": "5-Jan-00", "Howmanytimeshasthewaterschemebrokeninthelastyear": "1.0", "Describethefunctionalityproblemsoverthepastyear": "Had a defective pump which was replaced", "Howmanydaysperweekdoesthepumprunonaverage": "7.0", "Howmanyhoursperdaydoesthepumprunonaverage": "8.0", "Isthisaseasonalwaterschemethatcommonlyfailsinthedryseason": "No", "Isthepumpusedlessduringwetrainyseason": "Yes", "Duringwetrainyseasonshowmanydaysaweekdoesthepumprunonaverage": "3.0", "Duringwetrainyseasonshowmanyhoursperdaydoesthepumprunonaverage": "3.0", "SolarPanelpowerratingWatts": null, "SolarPanelCondition": null, "Yearwhengeneratorwasinstalledoryearofreinstallation": "2014", "Physicalstateofthegenerator": "Normal", "Generatorbrand": "Perkins", "GeneratorbrandOtherspecify": null, "Generatormodel": "1004j14", "Generatorserialnumber": "518tt8250100", "GeneratormaxAmpsstartingamps": "7.0", "Generatorpicture": "https://api.mwater.co/v3/images/f0445b0076ce4149907aeaebfbef1715; https://api.mwater.co/v3/images/6c1cb89ddcd0438f87a7478dd8503d3d", "PumpControllerManufacturer1": "Grundfos", "PumpControllerManufacturerOtherspecify": null, "PumpControllerModelNumber": "96079927 V08", "Pictureofpumpcontroller": "https://api.mwater.co/v3/images/dda41720087b4f1bbcc1854037fea136", "PumpMotorModelNumber": "11", "Pumpheadmodelnumber": 20.0, "Typeandsizeofcasing": "GI 6", "Wellpumpremarks": "Needs timely service and a meter to determine the dis", "Isasensorinstalledatthesite": "Yes", "Typeofsensorinstalled": "SweetSense", "TypeofsensorinstalledOtherspecify": null, "Managementbody": "Water management committee", "Currentmanagementstatus": "WASHCO or Utility is active", "Whatisthemethodofpayment1": "Cash", "WhatisthemethodofpaymentOtherspecify1": null, "Whatisthemethodofpayment2": "Cash", "Typeoftariffsystemmostcommon": "Fixed tariff", "WhatisthetariffamountinKES": "1700.0", "Isthereaspecialtariffforlivestockperanimal": "No", "WhatisthetariffpercamelKES": null, "WhatisthetariffpercattleKES": null, "WhatisthetariffperhorsedonkeyKES": null, "WhatisthetariffpergoatsheepKES": "#NULL!", "Isthereatariffperinstitutionschoolshealthcentresetc": "No", "WhatisthemonthlyinstitutionaltariffKES": "#NULL!", "Numberofinstitutionssuppliedbyschemethatpayamonthlyinstitutional": "#NULL!", "Whenthisboreholeisworkingfromwheredohouseholdsprimarilygettheirw": "community tap", "Whenthisboreholeisworkingfromwheredohouseholdsprimarilygetthei_A": null, "WhenthisboreholeisworkinghowmanyHOURSperdaydohouseholdstypically": "2.0", "Whenthisboreholeisnotworkingfromwheredohouseholdsprimarilygetthe": "Other (please specify)", "WhenthisboreholeisNOTworkingandhouseholdshavetouseanalternativew": "5", "Hastherebeensomewaterqualitytestingforthisschemeinthepast": "No", "Yearofmostrecentwaterqualitytestdone": null, "Whatwastheresult": null, "Aretherespecificcontaminantsofconcern": null, "AretherespecificcontaminantsofconcernOtherspecify": null, "MeasuredWaterQualityTemperature": null, "MeasuredWaterQualitySpecificconductancemicroSiemenspercm": null, "\u00a0MeasuredWaterQualityTotalDissolvedSolidsmilligramsliter": null, "Pleaseaddanotherrelevantnotesontheborehole": "Borehole needs fencing a meter and skilled pump attendant", "V109": "#NULL!", "V110": null}, "geometry": {"type": "Point", "coordinates": [40.3140333, 0.0528883]}}, {"type": "Feature", "properties": {"Sno": 96, "SubCounty": "Dadaab", "Ward": "Damajaley", "Village": "Bananey Qoqar", "Latitude": 0.0292323, "Longitude": 40.5768368, "RuralUrban": "Rural", "DistancetonextstrategicBoreholekm": "18.00", "Totalnumberofhouseholdscurrentlyservedfromthescheme": "800.0", "WhatistheserviceareaforthisschemeHowmanykilometersfromheredothep": "1.0", "Isthisschemeusedforagricultureandirrigationbyfarmers": "No", "Howmanyfarmersusethisscheme\u00a0": "#NULL!", "Whatistheaveragesizedfarmthatusesthiswaterhectares\u00a0": "#NULL!", "Isthewaterschemeusedforlivestock": "Yes", "Estimatednumberofcamelsusingschemeperday": "1500.0", "Estimatednumberofcattleusingschemeperday": "100.0", "Estimatednumberofhorsesdonkeysusingwaterpointperday": "400.0", "Estimatednumberofgoatssheepusingwaterpointperday": "8000.0", "Isthewaterschemeusedforwatertrucking": "No", "Numberoftrucksfillingperday": "#NULL!", "Howmanytimesperweekdoesthewatertruckingoccur": "#NULL!", "Addanyothercommentsonwatertruckingdetails": null, "ConstructionyearofthewellboreholeinEFYortheyearofrehabilitation": "2015", "Boreholeorwelldepthmeters": "230.0", "Physicalstateofthewellborehole": "Normal", "TypeofPower": "Generator", "Productionofsystemyieldordischargemeterscubedhour": "15", "Isthereawatermeteratthewatersource": "No", "Isthewatermeterworking": "No", "Whatisthecurrentreadingofthewatermeter": "#NULL!", "Isthewaterschemecurrentlyfunctional": "Fun", "Pleasetakeapictureillustratingthenonfunctionalityorpartialfuncti": null, "Maincauseofnonfunctionalityorpartialfunctionality": null, "MaincauseofnonfunctionalityorpartialfunctionalityOtherspecify": null, "Numberofmonthssincenonfunctional": null, "Doestheschemehaveanyemergingproblemsthatmightleadtononfunctional": "No", "Pleasedescribetheproblemsthatmightleadtononfunctionalityinthenea": null, "Wasthewaterschemeoutofserviceoneormoredaysinthelastmonth": "No", "Numberofdaysoutofserviceinthelastmonth": "#NULL!", "Dateoflastserviceorrepair": "#NULL!", "Howmanytimeshasthewaterschemebrokeninthelastyear": "#NULL!", "Describethefunctionalityproblemsoverthepastyear": "Genset failure", "Howmanydaysperweekdoesthepumprunonaverage": "7.0", "Howmanyhoursperdaydoesthepumprunonaverage": "9.0", "Isthisaseasonalwaterschemethatcommonlyfailsinthedryseason": "Not", "Isthepumpusedlessduringwetrainyseason": "Yes", "Duringwetrainyseasonshowmanydaysaweekdoesthepumprunonaverage": "7.0", "Duringwetrainyseasonshowmanyhoursperdaydoesthepumprunonaverage": "6.0", "SolarPanelpowerratingWatts": null, "SolarPanelCondition": null, "Yearwhengeneratorwasinstalledoryearofreinstallation": "2015", "Physicalstateofthegenerator": "Normal", "Generatorbrand": "Other (please s", "GeneratorbrandOtherspecify": "Janan", "Generatormodel": "PH4JBIT", "Generatorserialnumber": "15-0054", "GeneratormaxAmpsstartingamps": "#NULL!", "Generatorpicture": "https://api.mwater.co/v3/images/eded90f9c303473990122b2c5240d379; https://api.mwater.co/v3/images/ded458a5fc08409db509a52f73402dcc", "PumpControllerManufacturer1": "Grundfos", "PumpControllerManufacturerOtherspecify": null, "PumpControllerModelNumber": null, "Pictureofpumpcontroller": "https://api.mwater.co/v3/images/eb14af7cfba14ad79feec7d6c2cf4f24", "PumpMotorModelNumber": "11", "Pumpheadmodelnumber": null, "Typeandsizeofcasing": "GI 6", "Wellpumpremarks": null, "Isasensorinstalledatthesite": "No", "Typeofsensorinstalled": null, "TypeofsensorinstalledOtherspecify": null, "Managementbody": "Water management committee", "Currentmanagementstatus": "WASHCO or Utility is active", "Whatisthemethodofpayment1": "Cash", "WhatisthemethodofpaymentOtherspecify1": null, "Whatisthemethodofpayment2": "Cash", "Typeoftariffsystemmostcommon": "Tariff per Je", "WhatisthetariffamountinKES": "5.0", "Isthereaspecialtariffforlivestockperanimal": "Yes", "WhatisthetariffpercamelKES": 10.0, "WhatisthetariffpercattleKES": 5.0, "WhatisthetariffperhorsedonkeyKES": 0.0, "WhatisthetariffpergoatsheepKES": "1.0", "Isthereatariffperinstitutionschoolshealthcentresetc": "No", "WhatisthemonthlyinstitutionaltariffKES": "#NULL!", "Numberofinstitutionssuppliedbyschemethatpayamonthlyinstitutional": "#NULL!", "Whenthisboreholeisworkingfromwheredohouseholdsprimarilygettheirw": "Other (please specify)", "Whenthisboreholeisworkingfromwheredohouseholdsprimarilygetthei_A": "Nrxt near water point", "WhenthisboreholeisworkinghowmanyHOURSperdaydohouseholdstypically": "2.0", "Whenthisboreholeisnotworkingfromwheredohouseholdsprimarilygetthe": "A different water tap", "WhenthisboreholeisNOTworkingandhouseholdshavetouseanalternativew": "10", "Hastherebeensomewaterqualitytestingforthisschemeinthepast": "No", "Yearofmostrecentwaterqualitytestdone": null, "Whatwastheresult": null, "Aretherespecificcontaminantsofconcern": null, "AretherespecificcontaminantsofconcernOtherspecify": null, "MeasuredWaterQualityTemperature": null, "MeasuredWaterQualitySpecificconductancemicroSiemenspercm": null, "\u00a0MeasuredWaterQualityTotalDissolvedSolidsmilligramsliter": null, "Pleaseaddanotherrelevantnotesontheborehole": null, "V109": "#NULL!", "V110": null}, "geometry": {"type": "Point", "coordinates": [40.5768368, 0.0292323]}}, {"type": "Feature", "properties": {"Sno": 97, "SubCounty": "Dadaab", "Ward": "Abakaile", "Village": "Guro 1", "Latitude": 0.0272727, "Longitude": 39.9865243, "RuralUrban": "Rural", "DistancetonextstrategicBoreholekm": "3.00", "Totalnumberofhouseholdscurrentlyservedfromthescheme": "200.0", "WhatistheserviceareaforthisschemeHowmanykilometersfromheredothep": "100.0", "Isthisschemeusedforagricultureandirrigationbyfarmers": "No", "Howmanyfarmersusethisscheme\u00a0": "#NULL!", "Whatistheaveragesizedfarmthatusesthiswaterhectares\u00a0": "#NULL!", "Isthewaterschemeusedforlivestock": "Yes", "Estimatednumberofcamelsusingschemeperday": "600.0", "Estimatednumberofcattleusingschemeperday": "2000.0", "Estimatednumberofhorsesdonkeysusingwaterpointperday": "200.0", "Estimatednumberofgoatssheepusingwaterpointperday": "5000.0", "Isthewaterschemeusedforwatertrucking": "No", "Numberoftrucksfillingperday": "#NULL!", "Howmanytimesperweekdoesthewatertruckingoccur": "#NULL!", "Addanyothercommentsonwatertruckingdetails": null, "ConstructionyearofthewellboreholeinEFYortheyearofrehabilitation": "2015", "Boreholeorwelldepthmeters": "186.0", "Physicalstateofthewellborehole": "Normal", "TypeofPower": "Generator", "Productionofsystemyieldordischargemeterscubedhour": "12", "Isthereawatermeteratthewatersource": "No", "Isthewatermeterworking": "No", "Whatisthecurrentreadingofthewatermeter": "#NULL!", "Isthewaterschemecurrentlyfunctional": "Fun", "Pleasetakeapictureillustratingthenonfunctionalityorpartialfuncti": null, "Maincauseofnonfunctionalityorpartialfunctionality": null, "MaincauseofnonfunctionalityorpartialfunctionalityOtherspecify": null, "Numberofmonthssincenonfunctional": null, "Doestheschemehaveanyemergingproblemsthatmightleadtononfunctional": "Yes", "Pleasedescribetheproblemsthatmightleadtononfunctionalityinthenea": "underground pipes are steel and the water is", "Wasthewaterschemeoutofserviceoneormoredaysinthelastmonth": "Yes", "Numberofdaysoutofserviceinthelastmonth": "14.0", "Dateoflastserviceorrepair": "26-Jul-25", "Howmanytimeshasthewaterschemebrokeninthelastyear": "#NULL!", "Describethefunctionalityproblemsoverthepastyear": "pump breakdowns", "Howmanydaysperweekdoesthepumprunonaverage": "7.0", "Howmanyhoursperdaydoesthepumprunonaverage": "8.0", "Isthisaseasonalwaterschemethatcommonlyfailsinthedryseason": "Yes", "Isthepumpusedlessduringwetrainyseason": "No", "Duringwetrainyseasonshowmanydaysaweekdoesthepumprunonaverage": "3.0", "Duringwetrainyseasonshowmanyhoursperdaydoesthepumprunonaverage": "6.0", "SolarPanelpowerratingWatts": null, "SolarPanelCondition": null, "Yearwhengeneratorwasinstalledoryearofreinstallation": "2015", "Physicalstateofthegenerator": "Normal", "Generatorbrand": "Other (please s", "GeneratorbrandOtherspecify": "Welland power", "Generatormodel": "Rift power", "Generatorserialnumber": "104538", "GeneratormaxAmpsstartingamps": "40.0", "Generatorpicture": "https://api.mwater.co/v3/images/30ba1465137f4f89828b9667d4694b33; https://api.mwater.co/v3/images/fcabf27f386c4a288299c203d4f1ada4", "PumpControllerManufacturer1": null, "PumpControllerManufacturerOtherspecify": null, "PumpControllerModelNumber": null, "Pictureofpumpcontroller": "https://api.mwater.co/v3/images/541495f927f44740b48a488f490fd4b5", "PumpMotorModelNumber": "7.5", "Pumpheadmodelnumber": null, "Typeandsizeofcasing": "GI 6", "Wellpumpremarks": null, "Isasensorinstalledatthesite": "No", "Typeofsensorinstalled": null, "TypeofsensorinstalledOtherspecify": null, "Managementbody": "Utility (e.g., WASCO)", "Currentmanagementstatus": "WASHCO or Utility is active", "Whatisthemethodofpayment1": "Cash", "WhatisthemethodofpaymentOtherspecify1": null, "Whatisthemethodofpayment2": "Cash", "Typeoftariffsystemmostcommon": "Fixed tariff", "WhatisthetariffamountinKES": "5.0", "Isthereaspecialtariffforlivestockperanimal": "Yes", "WhatisthetariffpercamelKES": 10.0, "WhatisthetariffpercattleKES": 5.0, "WhatisthetariffperhorsedonkeyKES": 0.0, "WhatisthetariffpergoatsheepKES": "1.0", "Isthereatariffperinstitutionschoolshealthcentresetc": "No", "WhatisthemonthlyinstitutionaltariffKES": "#NULL!", "Numberofinstitutionssuppliedbyschemethatpayamonthlyinstitutional": "#NULL!", "Whenthisboreholeisworkingfromwheredohouseholdsprimarilygettheirw": "community tap", "Whenthisboreholeisworkingfromwheredohouseholdsprimarilygetthei_A": null, "WhenthisboreholeisworkinghowmanyHOURSperdaydohouseholdstypically": "7.0", "Whenthisboreholeisnotworkingfromwheredohouseholdsprimarilygetthe": "Other (please specify)", "WhenthisboreholeisNOTworkingandhouseholdshavetouseanalternativew": "10", "Hastherebeensomewaterqualitytestingforthisschemeinthepast": "No", "Yearofmostrecentwaterqualitytestdone": null, "Whatwastheresult": null, "Aretherespecificcontaminantsofconcern": null, "AretherespecificcontaminantsofconcernOtherspecify": null, "MeasuredWaterQualityTemperature": null, "MeasuredWaterQualitySpecificconductancemicroSiemenspercm": null, "\u00a0MeasuredWaterQualityTotalDissolvedSolidsmilligramsliter": null, "Pleaseaddanotherrelevantnotesontheborehole": null, "V109": "#NULL!", "V110": null}, "geometry": {"type": "Point", "coordinates": [39.9865243, 0.0272727]}}, {"type": "Feature", "properties": {"Sno": 98, "SubCounty": "Dadaab", "Ward": "Abakaile", "Village": "Abakaile", "Latitude": 0.0768136, "Longitude": 40.0971681, "RuralUrban": "Rural", "DistancetonextstrategicBoreholekm": "7.00", "Totalnumberofhouseholdscurrentlyservedfromthescheme": "500.0", "WhatistheserviceareaforthisschemeHowmanykilometersfromheredothep": "2.0", "Isthisschemeusedforagricultureandirrigationbyfarmers": "No", "Howmanyfarmersusethisscheme\u00a0": "#NULL!", "Whatistheaveragesizedfarmthatusesthiswaterhectares\u00a0": "#NULL!", "Isthewaterschemeusedforlivestock": "Yes", "Estimatednumberofcamelsusingschemeperday": "1100.0", "Estimatednumberofcattleusingschemeperday": "1000.0", "Estimatednumberofhorsesdonkeysusingwaterpointperday": "100.0", "Estimatednumberofgoatssheepusingwaterpointperday": "2000.0", "Isthewaterschemeusedforwatertrucking": "No", "Numberoftrucksfillingperday": "#NULL!", "Howmanytimesperweekdoesthewatertruckingoccur": "#NULL!", "Addanyothercommentsonwatertruckingdetails": null, "ConstructionyearofthewellboreholeinEFYortheyearofrehabilitation": "2017", "Boreholeorwelldepthmeters": "138.0", "Physicalstateofthewellborehole": "Normal", "TypeofPower": "Generator", "Productionofsystemyieldordischargemeterscubedhour": "18", "Isthereawatermeteratthewatersource": "Yes", "Isthewatermeterworking": "Yes", "Whatisthecurrentreadingofthewatermeter": "26253.000000000", "Isthewaterschemecurrentlyfunctional": "Fun", "Pleasetakeapictureillustratingthenonfunctionalityorpartialfuncti": null, "Maincauseofnonfunctionalityorpartialfunctionality": null, "MaincauseofnonfunctionalityorpartialfunctionalityOtherspecify": null, "Numberofmonthssincenonfunctional": null, "Doestheschemehaveanyemergingproblemsthatmightleadtononfunctional": "No", "Pleasedescribetheproblemsthatmightleadtononfunctionalityinthenea": null, "Wasthewaterschemeoutofserviceoneormoredaysinthelastmonth": "No", "Numberofdaysoutofserviceinthelastmonth": "#NULL!", "Dateoflastserviceorrepair": "17-Jun-62", "Howmanytimeshasthewaterschemebrokeninthelastyear": "#NULL!", "Describethefunctionalityproblemsoverthepastyear": "automatic oil was not functioning", "Howmanydaysperweekdoesthepumprunonaverage": "7.0", "Howmanyhoursperdaydoesthepumprunonaverage": "5.0", "Isthisaseasonalwaterschemethatcommonlyfailsinthedryseason": "No", "Isthepumpusedlessduringwetrainyseason": "Yes", "Duringwetrainyseasonshowmanydaysaweekdoesthepumprunonaverage": "3.0", "Duringwetrainyseasonshowmanyhoursperdaydoesthepumprunonaverage": "5.0", "SolarPanelpowerratingWatts": null, "SolarPanelCondition": null, "Yearwhengeneratorwasinstalledoryearofreinstallation": "2017", "Physicalstateofthegenerator": "Normal", "Generatorbrand": "Perkins", "GeneratorbrandOtherspecify": null, "Generatormodel": "Dk3", "Generatorserialnumber": "2502/1500", "GeneratormaxAmpsstartingamps": "60.0", "Generatorpicture": "https://api.mwater.co/v3/images/3decd7348f2140a9bb68c4b6964aa8e0; https://api.mwater.co/v3/images/aa0147ce98be4c8a8cfcbcdd38b4b88d", "PumpControllerManufacturer1": null, "PumpControllerManufacturerOtherspecify": null, "PumpControllerModelNumber": null, "Pictureofpumpcontroller": "https://api.mwater.co/v3/images/2f24b3b6cd7c4a0e9dae66e94d0607d3", "PumpMotorModelNumber": "11", "Pumpheadmodelnumber": null, "Typeandsizeofcasing": "GI 6", "Wellpumpremarks": null, "Isasensorinstalledatthesite": "Yes", "Typeofsensorinstalled": "SweetSense", "TypeofsensorinstalledOtherspecify": null, "Managementbody": "Utility (e.g., WASCO)", "Currentmanagementstatus": "WASHCO or Utility is active", "Whatisthemethodofpayment1": "Cash", "WhatisthemethodofpaymentOtherspecify1": null, "Whatisthemethodofpayment2": "Cash", "Typeoftariffsystemmostcommon": "Fixed tariff", "WhatisthetariffamountinKES": "5.0", "Isthereaspecialtariffforlivestockperanimal": "Yes", "WhatisthetariffpercamelKES": 10.0, "WhatisthetariffpercattleKES": 5.0, "WhatisthetariffperhorsedonkeyKES": 0.0, "WhatisthetariffpergoatsheepKES": "1.0", "Isthereatariffperinstitutionschoolshealthcentresetc": "Yes", "WhatisthemonthlyinstitutionaltariffKES": "1000.0", "Numberofinstitutionssuppliedbyschemethatpayamonthlyinstitutional": "2.0", "Whenthisboreholeisworkingfromwheredohouseholdsprimarilygettheirw": "community tap", "Whenthisboreholeisworkingfromwheredohouseholdsprimarilygetthei_A": null, "WhenthisboreholeisworkinghowmanyHOURSperdaydohouseholdstypically": "7.0", "Whenthisboreholeisnotworkingfromwheredohouseholdsprimarilygetthe": "A surface water source", "WhenthisboreholeisNOTworkingandhouseholdshavetouseanalternativew": "24", "Hastherebeensomewaterqualitytestingforthisschemeinthepast": "Yes", "Yearofmostrecentwaterqualitytestdone": "2017", "Whatwastheresult": "Water is safe", "Aretherespecificcontaminantsofconcern": null, "AretherespecificcontaminantsofconcernOtherspecify": null, "MeasuredWaterQualityTemperature": null, "MeasuredWaterQualitySpecificconductancemicroSiemenspercm": null, "\u00a0MeasuredWaterQualityTotalDissolvedSolidsmilligramsliter": null, "Pleaseaddanotherrelevantnotesontheborehole": null, "V109": "#NULL!", "V110": null}, "geometry": {"type": "Point", "coordinates": [40.0971681, 0.0768136]}}, {"type": "Feature", "properties": {"Sno": 99, "SubCounty": "Dadaab", "Ward": "Damajaley", "Village": "Sheldub", "Latitude": -0.4727482, "Longitude": 39.6429848, "RuralUrban": "Rural", "DistancetonextstrategicBoreholekm": "15.00", "Totalnumberofhouseholdscurrentlyservedfromthescheme": "400.0", "WhatistheserviceareaforthisschemeHowmanykilometersfromheredothep": "1.0", "Isthisschemeusedforagricultureandirrigationbyfarmers": "No", "Howmanyfarmersusethisscheme\u00a0": "#NULL!", "Whatistheaveragesizedfarmthatusesthiswaterhectares\u00a0": "#NULL!", "Isthewaterschemeusedforlivestock": "Yes", "Estimatednumberofcamelsusingschemeperday": "5000.0", "Estimatednumberofcattleusingschemeperday": "2000.0", "Estimatednumberofhorsesdonkeysusingwaterpointperday": "200.0", "Estimatednumberofgoatssheepusingwaterpointperday": "2000.0", "Isthewaterschemeusedforwatertrucking": "No", "Numberoftrucksfillingperday": "#NULL!", "Howmanytimesperweekdoesthewatertruckingoccur": "#NULL!", "Addanyothercommentsonwatertruckingdetails": null, "ConstructionyearofthewellboreholeinEFYortheyearofrehabilitation": "Not Sure", "Boreholeorwelldepthmeters": "150.0", "Physicalstateofthewellborehole": "Poor", "TypeofPower": "Generator", "Productionofsystemyieldordischargemeterscubedhour": "15", "Isthereawatermeteratthewatersource": "No", "Isthewatermeterworking": "No", "Whatisthecurrentreadingofthewatermeter": "#NULL!", "Isthewaterschemecurrentlyfunctional": "Fun", "Pleasetakeapictureillustratingthenonfunctionalityorpartialfuncti": null, "Maincauseofnonfunctionalityorpartialfunctionality": null, "MaincauseofnonfunctionalityorpartialfunctionalityOtherspecify": null, "Numberofmonthssincenonfunctional": null, "Doestheschemehaveanyemergingproblemsthatmightleadtononfunctional": "No", "Pleasedescribetheproblemsthatmightleadtononfunctionalityinthenea": null, "Wasthewaterschemeoutofserviceoneormoredaysinthelastmonth": "No", "Numberofdaysoutofserviceinthelastmonth": "#NULL!", "Dateoflastserviceorrepair": "#NULL!", "Howmanytimeshasthewaterschemebrokeninthelastyear": "2.0", "Describethefunctionalityproblemsoverthepastyear": "Breakdown", "Howmanydaysperweekdoesthepumprunonaverage": "7.0", "Howmanyhoursperdaydoesthepumprunonaverage": "8.0", "Isthisaseasonalwaterschemethatcommonlyfailsinthedryseason": "Yes", "Isthepumpusedlessduringwetrainyseason": "No", "Duringwetrainyseasonshowmanydaysaweekdoesthepumprunonaverage": "5.0", "Duringwetrainyseasonshowmanyhoursperdaydoesthepumprunonaverage": "4.0", "SolarPanelpowerratingWatts": null, "SolarPanelCondition": null, "Yearwhengeneratorwasinstalledoryearofreinstallation": "Not Sure", "Physicalstateofthegenerator": "Normal", "Generatorbrand": "Perkins", "GeneratorbrandOtherspecify": null, "Generatormodel": "4580", "Generatorserialnumber": "S043303", "GeneratormaxAmpsstartingamps": "24.0", "Generatorpicture": "https://api.mwater.co/v3/images/0944251250284c00824d88ff5e77bb67", "PumpControllerManufacturer1": "Grundfos", "PumpControllerManufacturerOtherspecify": null, "PumpControllerModelNumber": "Grundfos", "Pictureofpumpcontroller": "https://api.mwater.co/v3/images/3d02197605b84186a4e8912ec993a712", "PumpMotorModelNumber": null, "Pumpheadmodelnumber": null, "Typeandsizeofcasing": "GI 6", "Wellpumpremarks": null, "Isasensorinstalledatthesite": "No", "Typeofsensorinstalled": null, "TypeofsensorinstalledOtherspecify": null, "Managementbody": "No management organisation", "Currentmanagementstatus": null, "Whatisthemethodofpayment1": "Cash", "WhatisthemethodofpaymentOtherspecify1": null, "Whatisthemethodofpayment2": "Cash", "Typeoftariffsystemmostcommon": "Tariff per Je", "WhatisthetariffamountinKES": "20.0", "Isthereaspecialtariffforlivestockperanimal": "Yes", "WhatisthetariffpercamelKES": 10.0, "WhatisthetariffpercattleKES": 5.0, "WhatisthetariffperhorsedonkeyKES": 5.0, "WhatisthetariffpergoatsheepKES": "5.0", "Isthereatariffperinstitutionschoolshealthcentresetc": "No", "WhatisthemonthlyinstitutionaltariffKES": "#NULL!", "Numberofinstitutionssuppliedbyschemethatpayamonthlyinstitutional": "#NULL!", "Whenthisboreholeisworkingfromwheredohouseholdsprimarilygettheirw": "community tap", "Whenthisboreholeisworkingfromwheredohouseholdsprimarilygetthei_A": null, "WhenthisboreholeisworkinghowmanyHOURSperdaydohouseholdstypically": "3.0", "Whenthisboreholeisnotworkingfromwheredohouseholdsprimarilygetthe": "Other (please specify)", "WhenthisboreholeisNOTworkingandhouseholdshavetouseanalternativew": "10", "Hastherebeensomewaterqualitytestingforthisschemeinthepast": "No", "Yearofmostrecentwaterqualitytestdone": null, "Whatwastheresult": null, "Aretherespecificcontaminantsofconcern": null, "AretherespecificcontaminantsofconcernOtherspecify": null, "MeasuredWaterQualityTemperature": null, "MeasuredWaterQualitySpecificconductancemicroSiemenspercm": null, "\u00a0MeasuredWaterQualityTotalDissolvedSolidsmilligramsliter": null, "Pleaseaddanotherrelevantnotesontheborehole": null, "V109": "#NULL!", "V110": null}, "geometry": {"type": "Point", "coordinates": [39.6429848, -0.4727482]}}, {"type": "Feature", "properties": {"Sno": 100, "SubCounty": "Dadaab", "Ward": "Damajaley", "Village": "Damajaley Abaq", "Latitude": 0.1146617, "Longitude": 40.7559283, "RuralUrban": "Rural", "DistancetonextstrategicBoreholekm": "3.00", "Totalnumberofhouseholdscurrentlyservedfromthescheme": "0.0", "WhatistheserviceareaforthisschemeHowmanykilometersfromheredothep": "3.0", "Isthisschemeusedforagricultureandirrigationbyfarmers": "Yes", "Howmanyfarmersusethisscheme\u00a0": "42.0", "Whatistheaveragesizedfarmthatusesthiswaterhectares\u00a0": "2.0", "Isthewaterschemeusedforlivestock": "No", "Estimatednumberofcamelsusingschemeperday": "#NULL!", "Estimatednumberofcattleusingschemeperday": "#NULL!", "Estimatednumberofhorsesdonkeysusingwaterpointperday": "#NULL!", "Estimatednumberofgoatssheepusingwaterpointperday": "#NULL!", "Isthewaterschemeusedforwatertrucking": "No", "Numberoftrucksfillingperday": "#NULL!", "Howmanytimesperweekdoesthewatertruckingoccur": "#NULL!", "Addanyothercommentsonwatertruckingdetails": null, "ConstructionyearofthewellboreholeinEFYortheyearofrehabilitation": "2011", "Boreholeorwelldepthmeters": "156.0", "Physicalstateofthewellborehole": "Normal", "TypeofPower": "Generator", "Productionofsystemyieldordischargemeterscubedhour": "22", "Isthereawatermeteratthewatersource": "No", "Isthewatermeterworking": null, "Whatisthecurrentreadingofthewatermeter": "#NULL!", "Isthewaterschemecurrentlyfunctional": "Fun", "Pleasetakeapictureillustratingthenonfunctionalityorpartialfuncti": null, "Maincauseofnonfunctionalityorpartialfunctionality": null, "MaincauseofnonfunctionalityorpartialfunctionalityOtherspecify": null, "Numberofmonthssincenonfunctional": null, "Doestheschemehaveanyemergingproblemsthatmightleadtononfunctional": null, "Pleasedescribetheproblemsthatmightleadtononfunctionalityinthenea": null, "Wasthewaterschemeoutofserviceoneormoredaysinthelastmonth": "No", "Numberofdaysoutofserviceinthelastmonth": "#NULL!", "Dateoflastserviceorrepair": "#NULL!", "Howmanytimeshasthewaterschemebrokeninthelastyear": "#NULL!", "Describethefunctionalityproblemsoverthepastyear": null, "Howmanydaysperweekdoesthepumprunonaverage": "7.0", "Howmanyhoursperdaydoesthepumprunonaverage": "8.0", "Isthisaseasonalwaterschemethatcommonlyfailsinthedryseason": "No", "Isthepumpusedlessduringwetrainyseason": "Yes", "Duringwetrainyseasonshowmanydaysaweekdoesthepumprunonaverage": "3.0", "Duringwetrainyseasonshowmanyhoursperdaydoesthepumprunonaverage": "4.0", "SolarPanelpowerratingWatts": null, "SolarPanelCondition": null, "Yearwhengeneratorwasinstalledoryearofreinstallation": "2011", "Physicalstateofthegenerator": "Normal", "Generatorbrand": "Perkins", "GeneratorbrandOtherspecify": null, "Generatormodel": "\u00d6", "Generatorserialnumber": null, "GeneratormaxAmpsstartingamps": "50.0", "Generatorpicture": "https://api.mwater.co/v3/images/8000c1887fa74da0a46dd57dcb4d07f1; https://api.mwater.co/v3/images/ae134b7633ff4278ac8f25d4a9582027", "PumpControllerManufacturer1": null, "PumpControllerManufacturerOtherspecify": null, "PumpControllerModelNumber": null, "Pictureofpumpcontroller": "https://api.mwater.co/v3/images/1674305abfde4779ac59fcc77d664954", "PumpMotorModelNumber": "11", "Pumpheadmodelnumber": null, "Typeandsizeofcasing": "GI 6", "Wellpumpremarks": null, "Isasensorinstalledatthesite": "No", "Typeofsensorinstalled": null, "TypeofsensorinstalledOtherspecify": null, "Managementbody": "Water management committee", "Currentmanagementstatus": "WASHCO or Utility is active", "Whatisthemethodofpayment1": null, "WhatisthemethodofpaymentOtherspecify1": null, "Whatisthemethodofpayment2": "No Payment Ma", "Typeoftariffsystemmostcommon": "No payment", "WhatisthetariffamountinKES": "#NULL!", "Isthereaspecialtariffforlivestockperanimal": "No", "WhatisthetariffpercamelKES": null, "WhatisthetariffpercattleKES": null, "WhatisthetariffperhorsedonkeyKES": null, "WhatisthetariffpergoatsheepKES": "#NULL!", "Isthereatariffperinstitutionschoolshealthcentresetc": "No", "WhatisthemonthlyinstitutionaltariffKES": "#NULL!", "Numberofinstitutionssuppliedbyschemethatpayamonthlyinstitutional": "#NULL!", "Whenthisboreholeisworkingfromwheredohouseholdsprimarilygettheirw": "community tap", "Whenthisboreholeisworkingfromwheredohouseholdsprimarilygetthei_A": null, "WhenthisboreholeisworkinghowmanyHOURSperdaydohouseholdstypically": "1.0", "Whenthisboreholeisnotworkingfromwheredohouseholdsprimarilygetthe": "Other (please specify)", "WhenthisboreholeisNOTworkingandhouseholdshavetouseanalternativew": "8", "Hastherebeensomewaterqualitytestingforthisschemeinthepast": "No", "Yearofmostrecentwaterqualitytestdone": null, "Whatwastheresult": null, "Aretherespecificcontaminantsofconcern": null, "AretherespecificcontaminantsofconcernOtherspecify": null, "MeasuredWaterQualityTemperature": null, "MeasuredWaterQualitySpecificconductancemicroSiemenspercm": null, "\u00a0MeasuredWaterQualityTotalDissolvedSolidsmilligramsliter": null, "Pleaseaddanotherrelevantnotesontheborehole": null, "V109": "#NULL!", "V110": null}, "geometry": {"type": "Point", "coordinates": [40.7559283, 0.1146617]}}, {"type": "Feature", "properties": {"Sno": 101, "SubCounty": "Dadaab", "Ward": "Dertu", "Village": "Shubay", "Latitude": 0.3079383, "Longitude": 39.7863067, "RuralUrban": "Rural", "DistancetonextstrategicBoreholekm": "2.00", "Totalnumberofhouseholdscurrentlyservedfromthescheme": "200.0", "WhatistheserviceareaforthisschemeHowmanykilometersfromheredothep": "1.0", "Isthisschemeusedforagricultureandirrigationbyfarmers": "No", "Howmanyfarmersusethisscheme\u00a0": "#NULL!", "Whatistheaveragesizedfarmthatusesthiswaterhectares\u00a0": "#NULL!", "Isthewaterschemeusedforlivestock": "Yes", "Estimatednumberofcamelsusingschemeperday": "500.0", "Estimatednumberofcattleusingschemeperday": "1500.0", "Estimatednumberofhorsesdonkeysusingwaterpointperday": "2500.0", "Estimatednumberofgoatssheepusingwaterpointperday": "6000.0", "Isthewaterschemeusedforwatertrucking": "Yes", "Numberoftrucksfillingperday": "2.0", "Howmanytimesperweekdoesthewatertruckingoccur": "2.0", "Addanyothercommentsonwatertruckingdetails": "Water tracking is required only when there is", "ConstructionyearofthewellboreholeinEFYortheyearofrehabilitation": "2015", "Boreholeorwelldepthmeters": "168.0", "Physicalstateofthewellborehole": "Normal", "TypeofPower": "Generator", "Productionofsystemyieldordischargemeterscubedhour": "18", "Isthereawatermeteratthewatersource": "No", "Isthewatermeterworking": null, "Whatisthecurrentreadingofthewatermeter": "#NULL!", "Isthewaterschemecurrentlyfunctional": "Fun", "Pleasetakeapictureillustratingthenonfunctionalityorpartialfuncti": null, "Maincauseofnonfunctionalityorpartialfunctionality": null, "MaincauseofnonfunctionalityorpartialfunctionalityOtherspecify": null, "Numberofmonthssincenonfunctional": null, "Doestheschemehaveanyemergingproblemsthatmightleadtononfunctional": "No", "Pleasedescribetheproblemsthatmightleadtononfunctionalityinthenea": null, "Wasthewaterschemeoutofserviceoneormoredaysinthelastmonth": "Yes", "Numberofdaysoutofserviceinthelastmonth": "2.0", "Dateoflastserviceorrepair": "#NULL!", "Howmanytimeshasthewaterschemebrokeninthelastyear": "3.0", "Describethefunctionalityproblemsoverthepastyear": null, "Howmanydaysperweekdoesthepumprunonaverage": "7.0", "Howmanyhoursperdaydoesthepumprunonaverage": "8.0", "Isthisaseasonalwaterschemethatcommonlyfailsinthedryseason": "No", "Isthepumpusedlessduringwetrainyseason": "Yes", "Duringwetrainyseasonshowmanydaysaweekdoesthepumprunonaverage": "4.0", "Duringwetrainyseasonshowmanyhoursperdaydoesthepumprunonaverage": "4.0", "SolarPanelpowerratingWatts": null, "SolarPanelCondition": null, "Yearwhengeneratorwasinstalledoryearofreinstallation": "2015", "Physicalstateofthegenerator": "Normal", "Generatorbrand": "Lovol", "GeneratorbrandOtherspecify": null, "Generatormodel": "Daylif 825G2", "Generatorserialnumber": "C94069", "GeneratormaxAmpsstartingamps": "50.0", "Generatorpicture": null, "PumpControllerManufacturer1": "Grundfos", "PumpControllerManufacturerOtherspecify": null, "PumpControllerModelNumber": null, "Pictureofpumpcontroller": "https://api.mwater.co/v3/images/163c27336bfc4bb3963cd1c136388236", "PumpMotorModelNumber": "11", "Pumpheadmodelnumber": 20.0, "Typeandsizeofcasing": "GI 6", "Wellpumpremarks": "Well pump is in good condition but the Lacks capacity", "Isasensorinstalledatthesite": "No", "Typeofsensorinstalled": null, "TypeofsensorinstalledOtherspecify": null, "Managementbody": "Water management committee", "Currentmanagementstatus": "WASHCO or Utility is active", "Whatisthemethodofpayment1": "Cash", "WhatisthemethodofpaymentOtherspecify1": null, "Whatisthemethodofpayment2": "Cash", "Typeoftariffsystemmostcommon": "Tariff per Je", "WhatisthetariffamountinKES": "5.0", "Isthereaspecialtariffforlivestockperanimal": "Yes", "WhatisthetariffpercamelKES": 10.0, "WhatisthetariffpercattleKES": 5.0, "WhatisthetariffperhorsedonkeyKES": null, "WhatisthetariffpergoatsheepKES": "2.0", "Isthereatariffperinstitutionschoolshealthcentresetc": "No", "WhatisthemonthlyinstitutionaltariffKES": "#NULL!", "Numberofinstitutionssuppliedbyschemethatpayamonthlyinstitutional": "#NULL!", "Whenthisboreholeisworkingfromwheredohouseholdsprimarilygettheirw": "community tap", "Whenthisboreholeisworkingfromwheredohouseholdsprimarilygetthei_A": null, "WhenthisboreholeisworkinghowmanyHOURSperdaydohouseholdstypically": "2.0", "Whenthisboreholeisnotworkingfromwheredohouseholdsprimarilygetthe": "Other (please specify)", "WhenthisboreholeisNOTworkingandhouseholdshavetouseanalternativew": "10", "Hastherebeensomewaterqualitytestingforthisschemeinthepast": "No", "Yearofmostrecentwaterqualitytestdone": null, "Whatwastheresult": null, "Aretherespecificcontaminantsofconcern": null, "AretherespecificcontaminantsofconcernOtherspecify": null, "MeasuredWaterQualityTemperature": null, "MeasuredWaterQualitySpecificconductancemicroSiemenspercm": null, "\u00a0MeasuredWaterQualityTotalDissolvedSolidsmilligramsliter": null, "Pleaseaddanotherrelevantnotesontheborehole": null, "V109": "#NULL!", "V110": null}, "geometry": {"type": "Point", "coordinates": [39.7863067, 0.3079383]}}, {"type": "Feature", "properties": {"Sno": 102, "SubCounty": "Dadaab", "Ward": "Damajaley", "Village": "Malailey 1", "Latitude": 0.188774, "Longitude": 40.5122686, "RuralUrban": "Rural", "DistancetonextstrategicBoreholekm": "10.00", "Totalnumberofhouseholdscurrentlyservedfromthescheme": "350.0", "WhatistheserviceareaforthisschemeHowmanykilometersfromheredothep": "1.0", "Isthisschemeusedforagricultureandirrigationbyfarmers": "No", "Howmanyfarmersusethisscheme\u00a0": "#NULL!", "Whatistheaveragesizedfarmthatusesthiswaterhectares\u00a0": "#NULL!", "Isthewaterschemeusedforlivestock": "Yes", "Estimatednumberofcamelsusingschemeperday": "600.0", "Estimatednumberofcattleusingschemeperday": "50.0", "Estimatednumberofhorsesdonkeysusingwaterpointperday": "1500.0", "Estimatednumberofgoatssheepusingwaterpointperday": "1000.0", "Isthewaterschemeusedforwatertrucking": "No", "Numberoftrucksfillingperday": "#NULL!", "Howmanytimesperweekdoesthewatertruckingoccur": "#NULL!", "Addanyothercommentsonwatertruckingdetails": null, "ConstructionyearofthewellboreholeinEFYortheyearofrehabilitation": "2013", "Boreholeorwelldepthmeters": "140.0", "Physicalstateofthewellborehole": "Normal", "TypeofPower": "Generator", "Productionofsystemyieldordischargemeterscubedhour": "22", "Isthereawatermeteratthewatersource": "No", "Isthewatermeterworking": null, "Whatisthecurrentreadingofthewatermeter": "#NULL!", "Isthewaterschemecurrentlyfunctional": "Fun", "Pleasetakeapictureillustratingthenonfunctionalityorpartialfuncti": null, "Maincauseofnonfunctionalityorpartialfunctionality": null, "MaincauseofnonfunctionalityorpartialfunctionalityOtherspecify": null, "Numberofmonthssincenonfunctional": null, "Doestheschemehaveanyemergingproblemsthatmightleadtononfunctional": "No", "Pleasedescribetheproblemsthatmightleadtononfunctionalityinthenea": null, "Wasthewaterschemeoutofserviceoneormoredaysinthelastmonth": "No", "Numberofdaysoutofserviceinthelastmonth": "#NULL!", "Dateoflastserviceorrepair": "15-Jan-00", "Howmanytimeshasthewaterschemebrokeninthelastyear": "#NULL!", "Describethefunctionalityproblemsoverthepastyear": null, "Howmanydaysperweekdoesthepumprunonaverage": "7.0", "Howmanyhoursperdaydoesthepumprunonaverage": "8.0", "Isthisaseasonalwaterschemethatcommonlyfailsinthedryseason": "No", "Isthepumpusedlessduringwetrainyseason": "Yes", "Duringwetrainyseasonshowmanydaysaweekdoesthepumprunonaverage": "4.0", "Duringwetrainyseasonshowmanyhoursperdaydoesthepumprunonaverage": "4.0", "SolarPanelpowerratingWatts": null, "SolarPanelCondition": null, "Yearwhengeneratorwasinstalledoryearofreinstallation": "2017", "Physicalstateofthegenerator": "Normal", "Generatorbrand": "Other (please s", "GeneratorbrandOtherspecify": "Meico power", "Generatormodel": "1103A-33G", "Generatorserialnumber": "U465404B", "GeneratormaxAmpsstartingamps": "45.0", "Generatorpicture": "https://api.mwater.co/v3/images/3350103b5a2c4a609c3a5a9404892116; https://api.mwater.co/v3/images/a3ed9da2cd934c17801a489b1b73aa46", "PumpControllerManufacturer1": "Grundfos", "PumpControllerManufacturerOtherspecify": null, "PumpControllerModelNumber": null, "Pictureofpumpcontroller": "https://api.mwater.co/v3/images/4dd80dfb7c4b47809bd9f36727d686d0", "PumpMotorModelNumber": "11", "Pumpheadmodelnumber": null, "Typeandsizeofcasing": "GI 6", "Wellpumpremarks": "The well is in good condition but requires skilled op", "Isasensorinstalledatthesite": "No", "Typeofsensorinstalled": null, "TypeofsensorinstalledOtherspecify": null, "Managementbody": "Water management committee", "Currentmanagementstatus": "WASHCO or Utility is active", "Whatisthemethodofpayment1": "Cash", "WhatisthemethodofpaymentOtherspecify1": null, "Whatisthemethodofpayment2": "Cash", "Typeoftariffsystemmostcommon": "Tariff per Je", "WhatisthetariffamountinKES": "5.0", "Isthereaspecialtariffforlivestockperanimal": "Yes", "WhatisthetariffpercamelKES": 10.0, "WhatisthetariffpercattleKES": 5.0, "WhatisthetariffperhorsedonkeyKES": 0.0, "WhatisthetariffpergoatsheepKES": "2.0", "Isthereatariffperinstitutionschoolshealthcentresetc": "No", "WhatisthemonthlyinstitutionaltariffKES": "#NULL!", "Numberofinstitutionssuppliedbyschemethatpayamonthlyinstitutional": "#NULL!", "Whenthisboreholeisworkingfromwheredohouseholdsprimarilygettheirw": "community tap", "Whenthisboreholeisworkingfromwheredohouseholdsprimarilygetthei_A": null, "WhenthisboreholeisworkinghowmanyHOURSperdaydohouseholdstypically": "2.0", "Whenthisboreholeisnotworkingfromwheredohouseholdsprimarilygetthe": "Other (please specify)", "WhenthisboreholeisNOTworkingandhouseholdshavetouseanalternativew": "8", "Hastherebeensomewaterqualitytestingforthisschemeinthepast": "No", "Yearofmostrecentwaterqualitytestdone": null, "Whatwastheresult": null, "Aretherespecificcontaminantsofconcern": null, "AretherespecificcontaminantsofconcernOtherspecify": null, "MeasuredWaterQualityTemperature": null, "MeasuredWaterQualitySpecificconductancemicroSiemenspercm": null, "\u00a0MeasuredWaterQualityTotalDissolvedSolidsmilligramsliter": null, "Pleaseaddanotherrelevantnotesontheborehole": null, "V109": "#NULL!", "V110": null}, "geometry": {"type": "Point", "coordinates": [40.5122686, 0.188774]}}, {"type": "Feature", "properties": {"Sno": 103, "SubCounty": "Dadaab", "Ward": "Dadaab", "Village": "Bulla Huud", "Latitude": 0.0623967, "Longitude": 40.3106933, "RuralUrban": "Rural", "DistancetonextstrategicBoreholekm": "1.00", "Totalnumberofhouseholdscurrentlyservedfromthescheme": "1000.0", "WhatistheserviceareaforthisschemeHowmanykilometersfromheredothep": "2.0", "Isthisschemeusedforagricultureandirrigationbyfarmers": "No", "Howmanyfarmersusethisscheme\u00a0": "#NULL!", "Whatistheaveragesizedfarmthatusesthiswaterhectares\u00a0": "#NULL!", "Isthewaterschemeusedforlivestock": "Yes", "Estimatednumberofcamelsusingschemeperday": "300.0", "Estimatednumberofcattleusingschemeperday": "0.0", "Estimatednumberofhorsesdonkeysusingwaterpointperday": "100.0", "Estimatednumberofgoatssheepusingwaterpointperday": "2000.0", "Isthewaterschemeusedforwatertrucking": "Yes", "Numberoftrucksfillingperday": "3.0", "Howmanytimesperweekdoesthewatertruckingoccur": "4.0", "Addanyothercommentsonwatertruckingdetails": null, "ConstructionyearofthewellboreholeinEFYortheyearofrehabilitation": "2001", "Boreholeorwelldepthmeters": "240.0", "Physicalstateofthewellborehole": "Normal", "TypeofPower": "Generator", "Productionofsystemyieldordischargemeterscubedhour": "18", "Isthereawatermeteratthewatersource": "No", "Isthewatermeterworking": null, "Whatisthecurrentreadingofthewatermeter": "#NULL!", "Isthewaterschemecurrentlyfunctional": "Fun", "Pleasetakeapictureillustratingthenonfunctionalityorpartialfuncti": null, "Maincauseofnonfunctionalityorpartialfunctionality": null, "MaincauseofnonfunctionalityorpartialfunctionalityOtherspecify": null, "Numberofmonthssincenonfunctional": null, "Doestheschemehaveanyemergingproblemsthatmightleadtononfunctional": null, "Pleasedescribetheproblemsthatmightleadtononfunctionalityinthenea": null, "Wasthewaterschemeoutofserviceoneormoredaysinthelastmonth": "Yes", "Numberofdaysoutofserviceinthelastmonth": "2.0", "Dateoflastserviceorrepair": "#NULL!", "Howmanytimeshasthewaterschemebrokeninthelastyear": "#NULL!", "Describethefunctionalityproblemsoverthepastyear": "Serious Storage tank and waterline leaking up to now", "Howmanydaysperweekdoesthepumprunonaverage": "7.0", "Howmanyhoursperdaydoesthepumprunonaverage": "8.0", "Isthisaseasonalwaterschemethatcommonlyfailsinthedryseason": "No", "Isthepumpusedlessduringwetrainyseason": "Yes", "Duringwetrainyseasonshowmanydaysaweekdoesthepumprunonaverage": "4.0", "Duringwetrainyseasonshowmanyhoursperdaydoesthepumprunonaverage": "4.0", "SolarPanelpowerratingWatts": null, "SolarPanelCondition": null, "Yearwhengeneratorwasinstalledoryearofreinstallation": "2010", "Physicalstateofthegenerator": "Normal", "Generatorbrand": null, "GeneratorbrandOtherspecify": null, "Generatormodel": null, "Generatorserialnumber": null, "GeneratormaxAmpsstartingamps": "50.0", "Generatorpicture": "https://api.mwater.co/v3/images/599a13973f624c9aa1f5e56e92826d36; https://api.mwater.co/v3/images/1f2e22c7203c44f89a3577bb531a6a59", "PumpControllerManufacturer1": null, "PumpControllerManufacturerOtherspecify": null, "PumpControllerModelNumber": null, "Pictureofpumpcontroller": "https://api.mwater.co/v3/images/26885c961ba244759f57db91006d57f2", "PumpMotorModelNumber": null, "Pumpheadmodelnumber": null, "Typeandsizeofcasing": null, "Wellpumpremarks": null, "Isasensorinstalledatthesite": "No", "Typeofsensorinstalled": null, "TypeofsensorinstalledOtherspecify": null, "Managementbody": "Water management committee", "Currentmanagementstatus": "WASHCO or Utility is active", "Whatisthemethodofpayment1": "Cash", "WhatisthemethodofpaymentOtherspecify1": null, "Whatisthemethodofpayment2": "Cash", "Typeoftariffsystemmostcommon": "Tariff per Je", "WhatisthetariffamountinKES": "5.0", "Isthereaspecialtariffforlivestockperanimal": "Yes", "WhatisthetariffpercamelKES": null, "WhatisthetariffpercattleKES": 5.0, "WhatisthetariffperhorsedonkeyKES": 0.0, "WhatisthetariffpergoatsheepKES": "2.0", "Isthereatariffperinstitutionschoolshealthcentresetc": "No", "WhatisthemonthlyinstitutionaltariffKES": "#NULL!", "Numberofinstitutionssuppliedbyschemethatpayamonthlyinstitutional": "#NULL!", "Whenthisboreholeisworkingfromwheredohouseholdsprimarilygettheirw": "community tap", "Whenthisboreholeisworkingfromwheredohouseholdsprimarilygetthei_A": null, "WhenthisboreholeisworkinghowmanyHOURSperdaydohouseholdstypically": "2.0", "Whenthisboreholeisnotworkingfromwheredohouseholdsprimarilygetthe": "Other (please specify)", "WhenthisboreholeisNOTworkingandhouseholdshavetouseanalternativew": "10", "Hastherebeensomewaterqualitytestingforthisschemeinthepast": "No", "Yearofmostrecentwaterqualitytestdone": null, "Whatwastheresult": null, "Aretherespecificcontaminantsofconcern": null, "AretherespecificcontaminantsofconcernOtherspecify": null, "MeasuredWaterQualityTemperature": null, "MeasuredWaterQualitySpecificconductancemicroSiemenspercm": null, "\u00a0MeasuredWaterQualityTotalDissolvedSolidsmilligramsliter": null, "Pleaseaddanotherrelevantnotesontheborehole": null, "V109": "#NULL!", "V110": null}, "geometry": {"type": "Point", "coordinates": [40.3106933, 0.0623967]}}, {"type": "Feature", "properties": {"Sno": 104, "SubCounty": "Dadaab", "Ward": "Dertu", "Village": "Shubay", "Latitude": 0.3079309, "Longitude": 39.7862791, "RuralUrban": "Rural", "DistancetonextstrategicBoreholekm": "1.00", "Totalnumberofhouseholdscurrentlyservedfromthescheme": "250.0", "WhatistheserviceareaforthisschemeHowmanykilometersfromheredothep": "1.0", "Isthisschemeusedforagricultureandirrigationbyfarmers": "No", "Howmanyfarmersusethisscheme\u00a0": "#NULL!", "Whatistheaveragesizedfarmthatusesthiswaterhectares\u00a0": "#NULL!", "Isthewaterschemeusedforlivestock": "Yes", "Estimatednumberofcamelsusingschemeperday": "400.0", "Estimatednumberofcattleusingschemeperday": "1400.0", "Estimatednumberofhorsesdonkeysusingwaterpointperday": "2000.0", "Estimatednumberofgoatssheepusingwaterpointperday": "6000.0", "Isthewaterschemeusedforwatertrucking": "Yes", "Numberoftrucksfillingperday": "2.0", "Howmanytimesperweekdoesthewatertruckingoccur": "3.0", "Addanyothercommentsonwatertruckingdetails": "Water is done only during a breakdown", "ConstructionyearofthewellboreholeinEFYortheyearofrehabilitation": "2011", "Boreholeorwelldepthmeters": "120.0", "Physicalstateofthewellborehole": "Normal", "TypeofPower": "Generator", "Productionofsystemyieldordischargemeterscubedhour": "22", "Isthereawatermeteratthewatersource": "Yes", "Isthewatermeterworking": "No", "Whatisthecurrentreadingofthewatermeter": "#NULL!", "Isthewaterschemecurrentlyfunctional": "Fun", "Pleasetakeapictureillustratingthenonfunctionalityorpartialfuncti": null, "Maincauseofnonfunctionalityorpartialfunctionality": null, "MaincauseofnonfunctionalityorpartialfunctionalityOtherspecify": null, "Numberofmonthssincenonfunctional": null, "Doestheschemehaveanyemergingproblemsthatmightleadtononfunctional": "No", "Pleasedescribetheproblemsthatmightleadtononfunctionalityinthenea": null, "Wasthewaterschemeoutofserviceoneormoredaysinthelastmonth": "No", "Numberofdaysoutofserviceinthelastmonth": "#NULL!", "Dateoflastserviceorrepair": "10-Jan-00", "Howmanytimeshasthewaterschemebrokeninthelastyear": "2.0", "Describethefunctionalityproblemsoverthepastyear": "Poor water management by unskilled operator that led to frequent breakdo", "Howmanydaysperweekdoesthepumprunonaverage": "7.0", "Howmanyhoursperdaydoesthepumprunonaverage": "8.0", "Isthisaseasonalwaterschemethatcommonlyfailsinthedryseason": "No", "Isthepumpusedlessduringwetrainyseason": "Yes", "Duringwetrainyseasonshowmanydaysaweekdoesthepumprunonaverage": "3.0", "Duringwetrainyseasonshowmanyhoursperdaydoesthepumprunonaverage": "4.0", "SolarPanelpowerratingWatts": null, "SolarPanelCondition": null, "Yearwhengeneratorwasinstalledoryearofreinstallation": "2011", "Physicalstateofthegenerator": "Normal", "Generatorbrand": "Lister Petter", "GeneratorbrandOtherspecify": null, "Generatormodel": "825G2", "Generatorserialnumber": "C94069", "GeneratormaxAmpsstartingamps": "#NULL!", "Generatorpicture": "https://api.mwater.co/v3/images/3d381bcfd8e54840aad8c8d9cc931332; https://api.mwater.co/v3/images/0210b2d1649049318505fb21f1795888", "PumpControllerManufacturer1": "Other (pleas", "PumpControllerManufacturerOtherspecify": "ELSTEEL LTD", "PumpControllerModelNumber": "227808", "Pictureofpumpcontroller": "https://api.mwater.co/v3/images/e56bd3f616624c4eb4cb4bae56a61cbe", "PumpMotorModelNumber": "11", "Pumpheadmodelnumber": 18.0, "Typeandsizeofcasing": "GI 6", "Wellpumpremarks": null, "Isasensorinstalledatthesite": "No", "Typeofsensorinstalled": null, "TypeofsensorinstalledOtherspecify": null, "Managementbody": "Water management committee", "Currentmanagementstatus": "WASHCO or Utility is active", "Whatisthemethodofpayment1": "Cash", "WhatisthemethodofpaymentOtherspecify1": null, "Whatisthemethodofpayment2": "Cash", "Typeoftariffsystemmostcommon": "Fixed tariff", "WhatisthetariffamountinKES": "3.0", "Isthereaspecialtariffforlivestockperanimal": "Yes", "WhatisthetariffpercamelKES": 10.0, "WhatisthetariffpercattleKES": 4.0, "WhatisthetariffperhorsedonkeyKES": 0.0, "WhatisthetariffpergoatsheepKES": "1.0", "Isthereatariffperinstitutionschoolshealthcentresetc": "No", "WhatisthemonthlyinstitutionaltariffKES": "#NULL!", "Numberofinstitutionssuppliedbyschemethatpayamonthlyinstitutional": "#NULL!", "Whenthisboreholeisworkingfromwheredohouseholdsprimarilygettheirw": "community tap", "Whenthisboreholeisworkingfromwheredohouseholdsprimarilygetthei_A": null, "WhenthisboreholeisworkinghowmanyHOURSperdaydohouseholdstypically": "1.0", "Whenthisboreholeisnotworkingfromwheredohouseholdsprimarilygetthe": "Other (please specify)", "WhenthisboreholeisNOTworkingandhouseholdshavetouseanalternativew": "6", "Hastherebeensomewaterqualitytestingforthisschemeinthepast": "No", "Yearofmostrecentwaterqualitytestdone": null, "Whatwastheresult": null, "Aretherespecificcontaminantsofconcern": null, "AretherespecificcontaminantsofconcernOtherspecify": null, "MeasuredWaterQualityTemperature": null, "MeasuredWaterQualitySpecificconductancemicroSiemenspercm": null, "\u00a0MeasuredWaterQualityTotalDissolvedSolidsmilligramsliter": null, "Pleaseaddanotherrelevantnotesontheborehole": null, "V109": "#NULL!", "V110": null}, "geometry": {"type": "Point", "coordinates": [39.7862791, 0.3079309]}}, {"type": "Feature", "properties": {"Sno": 105, "SubCounty": "Balambala", "Ward": "Sankuri", "Village": "Ture", "Latitude": -0.206998200000008, "Longitude": 39.4509411, "RuralUrban": "Rural", "DistancetonextstrategicBoreholekm": "5.00", "Totalnumberofhouseholdscurrentlyservedfromthescheme": "225.0", "WhatistheserviceareaforthisschemeHowmanykilometersfromheredothep": "2.0", "Isthisschemeusedforagricultureandirrigationbyfarmers": "No", "Howmanyfarmersusethisscheme\u00a0": "0.0", "Whatistheaveragesizedfarmthatusesthiswaterhectares\u00a0": "0.0", "Isthewaterschemeusedforlivestock": "No", "Estimatednumberofcamelsusingschemeperday": "0.0", "Estimatednumberofcattleusingschemeperday": "0.0", "Estimatednumberofhorsesdonkeysusingwaterpointperday": "0.0", "Estimatednumberofgoatssheepusingwaterpointperday": "0.0", "Isthewaterschemeusedforwatertrucking": "No", "Numberoftrucksfillingperday": "0.0", "Howmanytimesperweekdoesthewatertruckingoccur": "0.0", "Addanyothercommentsonwatertruckingdetails": "Nothing", "ConstructionyearofthewellboreholeinEFYortheyearofrehabilitation": "44363", "Boreholeorwelldepthmeters": "50.0", "Physicalstateofthewellborehole": "Good", "TypeofPower": "Solar", "Productionofsystemyieldordischargemeterscubedhour": "36", "Isthereawatermeteratthewatersource": "No", "Isthewatermeterworking": "No", "Whatisthecurrentreadingofthewatermeter": "0.000000000", "Isthewaterschemecurrentlyfunctional": "Yes", "Pleasetakeapictureillustratingthenonfunctionalityorpartialfuncti": "https://api.mwater.co/v3/images/1db5829272fe4c168bff1e58b371e391", "Maincauseofnonfunctionalityorpartialfunctionality": "Not reported", "MaincauseofnonfunctionalityorpartialfunctionalityOtherspecify": "Nil", "Numberofmonthssincenonfunctional": "0", "Doestheschemehaveanyemergingproblemsthatmightleadtononfunctional": "Yes", "Pleasedescribetheproblemsthatmightleadtononfunctionalityinthenea": "The existing storage tank is small in capacity therefore a bigger tank is required most probably steel tank of 100m3", "Wasthewaterschemeoutofserviceoneormoredaysinthelastmonth": "No", "Numberofdaysoutofserviceinthelastmonth": "0.0", "Dateoflastserviceorrepair": "#NULL!", "Howmanytimeshasthewaterschemebrokeninthelastyear": "#NULL!", "Describethefunctionalityproblemsoverthepastyear": null, "Howmanydaysperweekdoesthepumprunonaverage": "#NULL!", "Howmanyhoursperdaydoesthepumprunonaverage": "8.0", "Isthisaseasonalwaterschemethatcommonlyfailsinthedryseason": "No", "Isthepumpusedlessduringwetrainyseason": "Yes", "Duringwetrainyseasonshowmanydaysaweekdoesthepumprunonaverage": "5.0", "Duringwetrainyseasonshowmanyhoursperdaydoesthepumprunonaverage": "4.0", "SolarPanelpowerratingWatts": "Cannot be seen", "SolarPanelCondition": "Good", "Yearwhengeneratorwasinstalledoryearofreinstallation": null, "Physicalstateofthegenerator": null, "Generatorbrand": null, "GeneratorbrandOtherspecify": null, "Generatormodel": null, "Generatorserialnumber": null, "GeneratormaxAmpsstartingamps": "#NULL!", "Generatorpicture": null, "PumpControllerManufacturer1": null, "PumpControllerManufacturerOtherspecify": "Dayliff", "PumpControllerModelNumber": null, "Pictureofpumpcontroller": "https://api.mwater.co/v3/images/2e4330de6c1a456c80c40337bcd056a3", "PumpMotorModelNumber": null, "Pumpheadmodelnumber": null, "Typeandsizeofcasing": "6mm plastic", "Wellpumpremarks": "Functional", "Isasensorinstalledatthesite": "No", "Typeofsensorinstalled": null, "TypeofsensorinstalledOtherspecify": null, "Managementbody": "Water user association", "Currentmanagementstatus": "In place", "Whatisthemethodofpayment1": "Monthly", "WhatisthemethodofpaymentOtherspecify1": "Cash", "Whatisthemethodofpayment2": null, "Typeoftariffsystemmostcommon": "Cash", "WhatisthetariffamountinKES": "300.0", "Isthereaspecialtariffforlivestockperanimal": "No", "WhatisthetariffpercamelKES": null, "WhatisthetariffpercattleKES": null, "WhatisthetariffperhorsedonkeyKES": null, "WhatisthetariffpergoatsheepKES": "#NULL!", "Isthereatariffperinstitutionschoolshealthcentresetc": "Yes", "WhatisthemonthlyinstitutionaltariffKES": "500.0", "Numberofinstitutionssuppliedbyschemethatpayamonthlyinstitutional": "1.0", "Whenthisboreholeisworkingfromwheredohouseholdsprimarilygettheirw": null, "Whenthisboreholeisworkingfromwheredohouseholdsprimarilygetthei_A": null, "WhenthisboreholeisworkinghowmanyHOURSperdaydohouseholdstypically": "2.0", "Whenthisboreholeisnotworkingfromwheredohouseholdsprimarilygetthe": "River Tana", "WhenthisboreholeisNOTworkingandhouseholdshavetouseanalternativew": "3", "Hastherebeensomewaterqualitytestingforthisschemeinthepast": "No", "Yearofmostrecentwaterqualitytestdone": null, "Whatwastheresult": null, "Aretherespecificcontaminantsofconcern": null, "AretherespecificcontaminantsofconcernOtherspecify": null, "MeasuredWaterQualityTemperature": null, "MeasuredWaterQualitySpecificconductancemicroSiemenspercm": "1", "\u00a0MeasuredWaterQualityTotalDissolvedSolidsmilligramsliter": null, "Pleaseaddanotherrelevantnotesontheborehole": "1", "V109": "#NULL!", "V110": null}, "geometry": {"type": "Point", "coordinates": [39.4509411, -0.2069982]}}, {"type": "Feature", "properties": {"Sno": 106, "SubCounty": "Balambala", "Ward": "Balambala", "Village": "Kasha", "Latitude": -0.0908976000000042, "Longitude": 39.103655, "RuralUrban": "Rural", "DistancetonextstrategicBoreholekm": "0.50", "Totalnumberofhouseholdscurrentlyservedfromthescheme": "350.0", "WhatistheserviceareaforthisschemeHowmanykilometersfromheredothep": "8.0", "Isthisschemeusedforagricultureandirrigationbyfarmers": "No", "Howmanyfarmersusethisscheme\u00a0": "#NULL!", "Whatistheaveragesizedfarmthatusesthiswaterhectares\u00a0": "#NULL!", "Isthewaterschemeusedforlivestock": null, "Estimatednumberofcamelsusingschemeperday": "#NULL!", "Estimatednumberofcattleusingschemeperday": "#NULL!", "Estimatednumberofhorsesdonkeysusingwaterpointperday": "#NULL!", "Estimatednumberofgoatssheepusingwaterpointperday": "#NULL!", "Isthewaterschemeusedforwatertrucking": null, "Numberoftrucksfillingperday": "#NULL!", "Howmanytimesperweekdoesthewatertruckingoccur": "#NULL!", "Addanyothercommentsonwatertruckingdetails": null, "ConstructionyearofthewellboreholeinEFYortheyearofrehabilitation": "43147", "Boreholeorwelldepthmeters": "#NULL!", "Physicalstateofthewellborehole": null, "TypeofPower": null, "Productionofsystemyieldordischargemeterscubedhour": null, "Isthereawatermeteratthewatersource": "Yes", "Isthewatermeterworking": "No", "Whatisthecurrentreadingofthewatermeter": "#NULL!", "Isthewaterschemecurrentlyfunctional": "Yes", "Pleasetakeapictureillustratingthenonfunctionalityorpartialfuncti": "https://api.mwater.co/v3/images/192236b69a3242a7b107fc61122a9b91", "Maincauseofnonfunctionalityorpartialfunctionality": null, "MaincauseofnonfunctionalityorpartialfunctionalityOtherspecify": null, "Numberofmonthssincenonfunctional": null, "Doestheschemehaveanyemergingproblemsthatmightleadtononfunctional": "Yes", "Pleasedescribetheproblemsthatmightleadtononfunctionalityinthenea": "This scheme requires solar system", "Wasthewaterschemeoutofserviceoneormoredaysinthelastmonth": null, "Numberofdaysoutofserviceinthelastmonth": "#NULL!", "Dateoflastserviceorrepair": "#NULL!", "Howmanytimeshasthewaterschemebrokeninthelastyear": "#NULL!", "Describethefunctionalityproblemsoverthepastyear": "The scheme has not experienced any breakdown", "Howmanydaysperweekdoesthepumprunonaverage": "9.0", "Howmanyhoursperdaydoesthepumprunonaverage": "8.0", "Isthisaseasonalwaterschemethatcommonlyfailsinthedryseason": "No", "Isthepumpusedlessduringwetrainyseason": "Yes", "Duringwetrainyseasonshowmanydaysaweekdoesthepumprunonaverage": "9.0", "Duringwetrainyseasonshowmanyhoursperdaydoesthepumprunonaverage": "8.0", "SolarPanelpowerratingWatts": null, "SolarPanelCondition": null, "Yearwhengeneratorwasinstalledoryearofreinstallation": null, "Physicalstateofthegenerator": null, "Generatorbrand": null, "GeneratorbrandOtherspecify": null, "Generatormodel": null, "Generatorserialnumber": null, "GeneratormaxAmpsstartingamps": "#NULL!", "Generatorpicture": "https://api.mwater.co/v3/images/f5bafa6d90ed401dbc52a7aed10413ef", "PumpControllerManufacturer1": null, "PumpControllerManufacturerOtherspecify": null, "PumpControllerModelNumber": "Telemechanic", "Pictureofpumpcontroller": "https://api.mwater.co/v3/images/172311d607e745fa883874c09f17007f", "PumpMotorModelNumber": null, "Pumpheadmodelnumber": null, "Typeandsizeofcasing": "Plastic 6mm", "Wellpumpremarks": "Functional", "Isasensorinstalledatthesite": "No", "Typeofsensorinstalled": null, "TypeofsensorinstalledOtherspecify": null, "Managementbody": "WUA", "Currentmanagementstatus": "In place", "Whatisthemethodofpayment1": "Monthly", "WhatisthemethodofpaymentOtherspecify1": null, "Whatisthemethodofpayment2": "Cash", "Typeoftariffsystemmostcommon": null, "WhatisthetariffamountinKES": "300.0", "Isthereaspecialtariffforlivestockperanimal": "No", "WhatisthetariffpercamelKES": null, "WhatisthetariffpercattleKES": null, "WhatisthetariffperhorsedonkeyKES": null, "WhatisthetariffpergoatsheepKES": "#NULL!", "Isthereatariffperinstitutionschoolshealthcentresetc": null, "WhatisthemonthlyinstitutionaltariffKES": "500.0", "Numberofinstitutionssuppliedbyschemethatpayamonthlyinstitutional": "1.0", "Whenthisboreholeisworkingfromwheredohouseholdsprimarilygettheirw": null, "Whenthisboreholeisworkingfromwheredohouseholdsprimarilygetthei_A": null, "WhenthisboreholeisworkinghowmanyHOURSperdaydohouseholdstypically": "5.0", "Whenthisboreholeisnotworkingfromwheredohouseholdsprimarilygetthe": "River Tana", "WhenthisboreholeisNOTworkingandhouseholdshavetouseanalternativew": "5", "Hastherebeensomewaterqualitytestingforthisschemeinthepast": "No", "Yearofmostrecentwaterqualitytestdone": null, "Whatwastheresult": null, "Aretherespecificcontaminantsofconcern": null, "AretherespecificcontaminantsofconcernOtherspecify": null, "MeasuredWaterQualityTemperature": null, "MeasuredWaterQualitySpecificconductancemicroSiemenspercm": "1", "\u00a0MeasuredWaterQualityTotalDissolvedSolidsmilligramsliter": null, "Pleaseaddanotherrelevantnotesontheborehole": "1", "V109": "#NULL!", "V110": "Solar system to be put in place"}, "geometry": {"type": "Point", "coordinates": [39.103655, -0.0908976]}}, {"type": "Feature", "properties": {"Sno": 107, "SubCounty": "Balambala", "Ward": "Balambala", "Village": "Kunow", "Latitude": -0.0924293000000124, "Longitude": 39.1048294, "RuralUrban": "Rural", "DistancetonextstrategicBoreholekm": "0.50", "Totalnumberofhouseholdscurrentlyservedfromthescheme": "300.0", "WhatistheserviceareaforthisschemeHowmanykilometersfromheredothep": "4.0", "Isthisschemeusedforagricultureandirrigationbyfarmers": "No", "Howmanyfarmersusethisscheme\u00a0": "#NULL!", "Whatistheaveragesizedfarmthatusesthiswaterhectares\u00a0": "#NULL!", "Isthewaterschemeusedforlivestock": null, "Estimatednumberofcamelsusingschemeperday": "#NULL!", "Estimatednumberofcattleusingschemeperday": "#NULL!", "Estimatednumberofhorsesdonkeysusingwaterpointperday": "#NULL!", "Estimatednumberofgoatssheepusingwaterpointperday": "#NULL!", "Isthewaterschemeusedforwatertrucking": null, "Numberoftrucksfillingperday": "#NULL!", "Howmanytimesperweekdoesthewatertruckingoccur": "#NULL!", "Addanyothercommentsonwatertruckingdetails": null, "ConstructionyearofthewellboreholeinEFYortheyearofrehabilitation": "43266", "Boreholeorwelldepthmeters": "#NULL!", "Physicalstateofthewellborehole": null, "TypeofPower": null, "Productionofsystemyieldordischargemeterscubedhour": "10", "Isthereawatermeteratthewatersource": "Yes", "Isthewatermeterworking": "No", "Whatisthecurrentreadingofthewatermeter": "#NULL!", "Isthewaterschemecurrentlyfunctional": "No", "Pleasetakeapictureillustratingthenonfunctionalityorpartialfuncti": "https://api.mwater.co/v3/images/bb22fa626d9c465f90ce4798ba3e0eee", "Maincauseofnonfunctionalityorpartialfunctionality": "Stopped functioning due to old", "MaincauseofnonfunctionalityorpartialfunctionalityOtherspecify": "Nonfunctional", "Numberofmonthssincenonfunctional": "12", "Doestheschemehaveanyemergingproblemsthatmightleadtononfunctional": "No", "Pleasedescribetheproblemsthatmightleadtononfunctionalityinthenea": null, "Wasthewaterschemeoutofserviceoneormoredaysinthelastmonth": "No", "Numberofdaysoutofserviceinthelastmonth": "#NULL!", "Dateoflastserviceorrepair": "#NULL!", "Howmanytimeshasthewaterschemebrokeninthelastyear": "#NULL!", "Describethefunctionalityproblemsoverthepastyear": null, "Howmanydaysperweekdoesthepumprunonaverage": "7.0", "Howmanyhoursperdaydoesthepumprunonaverage": "#NULL!", "Isthisaseasonalwaterschemethatcommonlyfailsinthedryseason": "No", "Isthepumpusedlessduringwetrainyseason": "No", "Duringwetrainyseasonshowmanydaysaweekdoesthepumprunonaverage": "8.0", "Duringwetrainyseasonshowmanyhoursperdaydoesthepumprunonaverage": "8.0", "SolarPanelpowerratingWatts": null, "SolarPanelCondition": null, "Yearwhengeneratorwasinstalledoryearofreinstallation": "43256", "Physicalstateofthegenerator": "Fair", "Generatorbrand": "Lister", "GeneratorbrandOtherspecify": null, "Generatormodel": null, "Generatorserialnumber": null, "GeneratormaxAmpsstartingamps": "#NULL!", "Generatorpicture": "https://api.mwater.co/v3/images/b86a45e5509543d0afdbe5a13f0e0401; https://api.mwater.co/v3/images/f8a50dd403bf443ba8762ceb2e8786ac", "PumpControllerManufacturer1": null, "PumpControllerManufacturerOtherspecify": null, "PumpControllerModelNumber": null, "Pictureofpumpcontroller": "https://api.mwater.co/v3/images/5ce6667ebf38455c97646121978b5117", "PumpMotorModelNumber": null, "Pumpheadmodelnumber": null, "Typeandsizeofcasing": "Plastic 6mm", "Wellpumpremarks": "Good", "Isasensorinstalledatthesite": null, "Typeofsensorinstalled": null, "TypeofsensorinstalledOtherspecify": null, "Managementbody": "WUA", "Currentmanagementstatus": "In place", "Whatisthemethodofpayment1": "Cash", "WhatisthemethodofpaymentOtherspecify1": null, "Whatisthemethodofpayment2": null, "Typeoftariffsystemmostcommon": null, "WhatisthetariffamountinKES": "#NULL!", "Isthereaspecialtariffforlivestockperanimal": null, "WhatisthetariffpercamelKES": null, "WhatisthetariffpercattleKES": null, "WhatisthetariffperhorsedonkeyKES": null, "WhatisthetariffpergoatsheepKES": "#NULL!", "Isthereatariffperinstitutionschoolshealthcentresetc": null, "WhatisthemonthlyinstitutionaltariffKES": "#NULL!", "Numberofinstitutionssuppliedbyschemethatpayamonthlyinstitutional": "#NULL!", "Whenthisboreholeisworkingfromwheredohouseholdsprimarilygettheirw": null, "Whenthisboreholeisworkingfromwheredohouseholdsprimarilygetthei_A": null, "WhenthisboreholeisworkinghowmanyHOURSperdaydohouseholdstypically": "#NULL!", "Whenthisboreholeisnotworkingfromwheredohouseholdsprimarilygetthe": "River Tana", "WhenthisboreholeisNOTworkingandhouseholdshavetouseanalternativew": null, "Hastherebeensomewaterqualitytestingforthisschemeinthepast": null, "Yearofmostrecentwaterqualitytestdone": null, "Whatwastheresult": null, "Aretherespecificcontaminantsofconcern": null, "AretherespecificcontaminantsofconcernOtherspecify": null, "MeasuredWaterQualityTemperature": null, "MeasuredWaterQualitySpecificconductancemicroSiemenspercm": null, "\u00a0MeasuredWaterQualityTotalDissolvedSolidsmilligramsliter": null, "Pleaseaddanotherrelevantnotesontheborehole": null, "V109": "#NULL!", "V110": null}, "geometry": {"type": "Point", "coordinates": [39.1048294, -0.092429300000012]}}, {"type": "Feature", "properties": {"Sno": 108, "SubCounty": "Balambala", "Ward": "Saka", "Village": "Saka 2", "Latitude": -0.145130000000009, "Longitude": 39.3274917, "RuralUrban": "Rural", "DistancetonextstrategicBoreholekm": "7.00", "Totalnumberofhouseholdscurrentlyservedfromthescheme": "700.0", "WhatistheserviceareaforthisschemeHowmanykilometersfromheredothep": "4.0", "Isthisschemeusedforagricultureandirrigationbyfarmers": "No", "Howmanyfarmersusethisscheme\u00a0": "#NULL!", "Whatistheaveragesizedfarmthatusesthiswaterhectares\u00a0": "#NULL!", "Isthewaterschemeusedforlivestock": null, "Estimatednumberofcamelsusingschemeperday": "#NULL!", "Estimatednumberofcattleusingschemeperday": "#NULL!", "Estimatednumberofhorsesdonkeysusingwaterpointperday": "#NULL!", "Estimatednumberofgoatssheepusingwaterpointperday": "#NULL!", "Isthewaterschemeusedforwatertrucking": null, "Numberoftrucksfillingperday": "#NULL!", "Howmanytimesperweekdoesthewatertruckingoccur": "#NULL!", "Addanyothercommentsonwatertruckingdetails": null, "ConstructionyearofthewellboreholeinEFYortheyearofrehabilitation": "43147", "Boreholeorwelldepthmeters": "50.0", "Physicalstateofthewellborehole": null, "TypeofPower": "Solar", "Productionofsystemyieldordischargemeterscubedhour": "35", "Isthereawatermeteratthewatersource": "Yes", "Isthewatermeterworking": "Yes", "Whatisthecurrentreadingofthewatermeter": "#NULL!", "Isthewaterschemecurrentlyfunctional": "Yes", "Pleasetakeapictureillustratingthenonfunctionalityorpartialfuncti": "https://api.mwater.co/v3/images/3007bf15f46044bc8195a7c8f5f75e47", "Maincauseofnonfunctionalityorpartialfunctionality": null, "MaincauseofnonfunctionalityorpartialfunctionalityOtherspecify": null, "Numberofmonthssincenonfunctional": null, "Doestheschemehaveanyemergingproblemsthatmightleadtononfunctional": null, "Pleasedescribetheproblemsthatmightleadtononfunctionalityinthenea": null, "Wasthewaterschemeoutofserviceoneormoredaysinthelastmonth": null, "Numberofdaysoutofserviceinthelastmonth": "#NULL!", "Dateoflastserviceorrepair": "#NULL!", "Howmanytimeshasthewaterschemebrokeninthelastyear": "#NULL!", "Describethefunctionalityproblemsoverthepastyear": null, "Howmanydaysperweekdoesthepumprunonaverage": "30.0", "Howmanyhoursperdaydoesthepumprunonaverage": "8.0", "Isthisaseasonalwaterschemethatcommonlyfailsinthedryseason": "No", "Isthepumpusedlessduringwetrainyseason": "No", "Duringwetrainyseasonshowmanydaysaweekdoesthepumprunonaverage": "#NULL!", "Duringwetrainyseasonshowmanyhoursperdaydoesthepumprunonaverage": "#NULL!", "SolarPanelpowerratingWatts": null, "SolarPanelCondition": "Good", "Yearwhengeneratorwasinstalledoryearofreinstallation": null, "Physicalstateofthegenerator": "No generator", "Generatorbrand": null, "GeneratorbrandOtherspecify": null, "Generatormodel": null, "Generatorserialnumber": null, "GeneratormaxAmpsstartingamps": "#NULL!", "Generatorpicture": null, "PumpControllerManufacturer1": "Dayliff", "PumpControllerManufacturerOtherspecify": null, "PumpControllerModelNumber": null, "Pictureofpumpcontroller": "https://api.mwater.co/v3/images/74c0db6c181340c5be97eeb06641791f", "PumpMotorModelNumber": null, "Pumpheadmodelnumber": null, "Typeandsizeofcasing": "Plastic 6mm", "Wellpumpremarks": "Good", "Isasensorinstalledatthesite": "Yes", "Typeofsensorinstalled": "Sweet sense", "TypeofsensorinstalledOtherspecify": null, "Managementbody": "Wua", "Currentmanagementstatus": "In place", "Whatisthemethodofpayment1": "Cash", "WhatisthemethodofpaymentOtherspecify1": null, "Whatisthemethodofpayment2": null, "Typeoftariffsystemmostcommon": "Monthly", "WhatisthetariffamountinKES": "250.0", "Isthereaspecialtariffforlivestockperanimal": "No", "WhatisthetariffpercamelKES": null, "WhatisthetariffpercattleKES": null, "WhatisthetariffperhorsedonkeyKES": null, "WhatisthetariffpergoatsheepKES": "#NULL!", "Isthereatariffperinstitutionschoolshealthcentresetc": null, "WhatisthemonthlyinstitutionaltariffKES": "#NULL!", "Numberofinstitutionssuppliedbyschemethatpayamonthlyinstitutional": "#NULL!", "Whenthisboreholeisworkingfromwheredohouseholdsprimarilygettheirw": null, "Whenthisboreholeisworkingfromwheredohouseholdsprimarilygetthei_A": null, "WhenthisboreholeisworkinghowmanyHOURSperdaydohouseholdstypically": "0.5", "Whenthisboreholeisnotworkingfromwheredohouseholdsprimarilygetthe": "River Tana", "WhenthisboreholeisNOTworkingandhouseholdshavetouseanalternativew": null, "Hastherebeensomewaterqualitytestingforthisschemeinthepast": null, "Yearofmostrecentwaterqualitytestdone": null, "Whatwastheresult": null, "Aretherespecificcontaminantsofconcern": null, "AretherespecificcontaminantsofconcernOtherspecify": null, "MeasuredWaterQualityTemperature": null, "MeasuredWaterQualitySpecificconductancemicroSiemenspercm": null, "\u00a0MeasuredWaterQualityTotalDissolvedSolidsmilligramsliter": null, "Pleaseaddanotherrelevantnotesontheborehole": null, "V109": "#NULL!", "V110": null}, "geometry": {"type": "Point", "coordinates": [39.3274917, -0.14513]}}, {"type": "Feature", "properties": {"Sno": 109, "SubCounty": "Balambala", "Ward": "Balambala", "Village": "Ohiyo", "Latitude": 0.0946017999999895, "Longitude": 39.2119219, "RuralUrban": "Rural", "DistancetonextstrategicBoreholekm": "20.00", "Totalnumberofhouseholdscurrentlyservedfromthescheme": "210.0", "WhatistheserviceareaforthisschemeHowmanykilometersfromheredothep": "1.0", "Isthisschemeusedforagricultureandirrigationbyfarmers": "No", "Howmanyfarmersusethisscheme\u00a0": "#NULL!", "Whatistheaveragesizedfarmthatusesthiswaterhectares\u00a0": "#NULL!", "Isthewaterschemeusedforlivestock": "Yes", "Estimatednumberofcamelsusingschemeperday": "50.0", "Estimatednumberofcattleusingschemeperday": "200.0", "Estimatednumberofhorsesdonkeysusingwaterpointperday": "20.0", "Estimatednumberofgoatssheepusingwaterpointperday": "400.0", "Isthewaterschemeusedforwatertrucking": "No", "Numberoftrucksfillingperday": "#NULL!", "Howmanytimesperweekdoesthewatertruckingoccur": "#NULL!", "Addanyothercommentsonwatertruckingdetails": null, "ConstructionyearofthewellboreholeinEFYortheyearofrehabilitation": "40225", "Boreholeorwelldepthmeters": "#NULL!", "Physicalstateofthewellborehole": null, "TypeofPower": "Generator", "Productionofsystemyieldordischargemeterscubedhour": "2.2", "Isthereawatermeteratthewatersource": "No", "Isthewatermeterworking": "No", "Whatisthecurrentreadingofthewatermeter": "#NULL!", "Isthewaterschemecurrentlyfunctional": "No", "Pleasetakeapictureillustratingthenonfunctionalityorpartialfuncti": "https://api.mwater.co/v3/images/1bfdb0f574984f72b99c00b22c8331e4", "Maincauseofnonfunctionalityorpartialfunctionality": "Submersible pump blown up", "MaincauseofnonfunctionalityorpartialfunctionalityOtherspecify": null, "Numberofmonthssincenonfunctional": "24", "Doestheschemehaveanyemergingproblemsthatmightleadtononfunctional": "Yes", "Pleasedescribetheproblemsthatmightleadtononfunctionalityinthenea": "A replacement borehole is required", "Wasthewaterschemeoutofserviceoneormoredaysinthelastmonth": "Yes", "Numberofdaysoutofserviceinthelastmonth": "700.0", "Dateoflastserviceorrepair": "#NULL!", "Howmanytimeshasthewaterschemebrokeninthelastyear": "0.0", "Describethefunctionalityproblemsoverthepastyear": "The borehole as not been working for the last two years", "Howmanydaysperweekdoesthepumprunonaverage": "0.0", "Howmanyhoursperdaydoesthepumprunonaverage": "0.0", "Isthisaseasonalwaterschemethatcommonlyfailsinthedryseason": "No", "Isthepumpusedlessduringwetrainyseason": null, "Duringwetrainyseasonshowmanydaysaweekdoesthepumprunonaverage": "#NULL!", "Duringwetrainyseasonshowmanyhoursperdaydoesthepumprunonaverage": "#NULL!", "SolarPanelpowerratingWatts": null, "SolarPanelCondition": null, "Yearwhengeneratorwasinstalledoryearofreinstallation": "43624", "Physicalstateofthegenerator": "Good", "Generatorbrand": "Perkins", "GeneratorbrandOtherspecify": "Lister", "Generatormodel": null, "Generatorserialnumber": null, "GeneratormaxAmpsstartingamps": "45.0", "Generatorpicture": "https://api.mwater.co/v3/images/87ec5f0e43354f91917c3012f676d528; https://api.mwater.co/v3/images/f690f1bca69d40edb95531cd9b6852ba", "PumpControllerManufacturer1": null, "PumpControllerManufacturerOtherspecify": null, "PumpControllerModelNumber": null, "Pictureofpumpcontroller": "https://api.mwater.co/v3/images/480b73c00ba342158781549f386f477a", "PumpMotorModelNumber": null, "Pumpheadmodelnumber": null, "Typeandsizeofcasing": "GI 6mm", "Wellpumpremarks": "Good", "Isasensorinstalledatthesite": "No", "Typeofsensorinstalled": null, "TypeofsensorinstalledOtherspecify": null, "Managementbody": null, "Currentmanagementstatus": "Not in place", "Whatisthemethodofpayment1": "Cash", "WhatisthemethodofpaymentOtherspecify1": null, "Whatisthemethodofpayment2": null, "Typeoftariffsystemmostcommon": null, "WhatisthetariffamountinKES": "#NULL!", "Isthereaspecialtariffforlivestockperanimal": null, "WhatisthetariffpercamelKES": 10.0, "WhatisthetariffpercattleKES": 2.0, "WhatisthetariffperhorsedonkeyKES": 0.0, "WhatisthetariffpergoatsheepKES": "1.0", "Isthereatariffperinstitutionschoolshealthcentresetc": "No", "WhatisthemonthlyinstitutionaltariffKES": "#NULL!", "Numberofinstitutionssuppliedbyschemethatpayamonthlyinstitutional": "1.0", "Whenthisboreholeisworkingfromwheredohouseholdsprimarilygettheirw": null, "Whenthisboreholeisworkingfromwheredohouseholdsprimarilygetthei_A": null, "WhenthisboreholeisworkinghowmanyHOURSperdaydohouseholdstypically": "#NULL!", "Whenthisboreholeisnotworkingfromwheredohouseholdsprimarilygetthe": "Water tracking", "WhenthisboreholeisNOTworkingandhouseholdshavetouseanalternativew": null, "Hastherebeensomewaterqualitytestingforthisschemeinthepast": null, "Yearofmostrecentwaterqualitytestdone": null, "Whatwastheresult": null, "Aretherespecificcontaminantsofconcern": null, "AretherespecificcontaminantsofconcernOtherspecify": null, "MeasuredWaterQualityTemperature": null, "MeasuredWaterQualitySpecificconductancemicroSiemenspercm": null, "\u00a0MeasuredWaterQualityTotalDissolvedSolidsmilligramsliter": null, "Pleaseaddanotherrelevantnotesontheborehole": null, "V109": "#NULL!", "V110": "This scheme requires a replacement borehole"}, "geometry": {"type": "Point", "coordinates": [39.2119219, 0.094601799999989]}}, {"type": "Feature", "properties": {"Sno": 110, "SubCounty": "Balambala", "Ward": "Snnkuri", "Village": "Dololomid", "Latitude": -0.2441867, "Longitude": 39.491915, "RuralUrban": "Rural", "DistancetonextstrategicBoreholekm": "3.00", "Totalnumberofhouseholdscurrentlyservedfromthescheme": "200.0", "WhatistheserviceareaforthisschemeHowmanykilometersfromheredothep": "2.0", "Isthisschemeusedforagricultureandirrigationbyfarmers": "No", "Howmanyfarmersusethisscheme\u00a0": "#NULL!", "Whatistheaveragesizedfarmthatusesthiswaterhectares\u00a0": "#NULL!", "Isthewaterschemeusedforlivestock": null, "Estimatednumberofcamelsusingschemeperday": "#NULL!", "Estimatednumberofcattleusingschemeperday": "#NULL!", "Estimatednumberofhorsesdonkeysusingwaterpointperday": "#NULL!", "Estimatednumberofgoatssheepusingwaterpointperday": "#NULL!", "Isthewaterschemeusedforwatertrucking": null, "Numberoftrucksfillingperday": "#NULL!", "Howmanytimesperweekdoesthewatertruckingoccur": "#NULL!", "Addanyothercommentsonwatertruckingdetails": null, "ConstructionyearofthewellboreholeinEFYortheyearofrehabilitation": "43877", "Boreholeorwelldepthmeters": "50.0", "Physicalstateofthewellborehole": "Good", "TypeofPower": "Solar", "Productionofsystemyieldordischargemeterscubedhour": "30", "Isthereawatermeteratthewatersource": "Yes", "Isthewatermeterworking": "No", "Whatisthecurrentreadingofthewatermeter": "#NULL!", "Isthewaterschemecurrentlyfunctional": "Yes", "Pleasetakeapictureillustratingthenonfunctionalityorpartialfuncti": "https://api.mwater.co/v3/images/cd473f5aa9264ad293eba05fd4994a88", "Maincauseofnonfunctionalityorpartialfunctionality": "Bad battery", "MaincauseofnonfunctionalityorpartialfunctionalityOtherspecify": null, "Numberofmonthssincenonfunctional": "8", "Doestheschemehaveanyemergingproblemsthatmightleadtononfunctional": "Yes", "Pleasedescribetheproblemsthatmightleadtononfunctionalityinthenea": "Leaking pipes and of smaller diameter Old and leaking storage tank", "Wasthewaterschemeoutofserviceoneormoredaysinthelastmonth": null, "Numberofdaysoutofserviceinthelastmonth": "#NULL!", "Dateoflastserviceorrepair": "#NULL!", "Howmanytimeshasthewaterschemebrokeninthelastyear": "#NULL!", "Describethefunctionalityproblemsoverthepastyear": "A faulty battery has rendered the generator nonfunctional", "Howmanydaysperweekdoesthepumprunonaverage": "8.0", "Howmanyhoursperdaydoesthepumprunonaverage": "8.0", "Isthisaseasonalwaterschemethatcommonlyfailsinthedryseason": "No", "Isthepumpusedlessduringwetrainyseason": null, "Duringwetrainyseasonshowmanydaysaweekdoesthepumprunonaverage": "#NULL!", "Duringwetrainyseasonshowmanyhoursperdaydoesthepumprunonaverage": "#NULL!", "SolarPanelpowerratingWatts": null, "SolarPanelCondition": "Good", "Yearwhengeneratorwasinstalledoryearofreinstallation": "43877", "Physicalstateofthegenerator": "Good", "Generatorbrand": "Dayliff", "GeneratorbrandOtherspecify": "Dayliff", "Generatormodel": null, "Generatorserialnumber": null, "GeneratormaxAmpsstartingamps": "15.0", "Generatorpicture": "https://api.mwater.co/v3/images/a74e65eeb998479c83fa42f702a9e65f; https://api.mwater.co/v3/images/ecc5b893ab604de9bd0d1a4cfea270ea", "PumpControllerManufacturer1": null, "PumpControllerManufacturerOtherspecify": null, "PumpControllerModelNumber": "Dayliff", "Pictureofpumpcontroller": "https://api.mwater.co/v3/images/4e4c0bab6fcc47fb8de5b0d49906813c", "PumpMotorModelNumber": null, "Pumpheadmodelnumber": null, "Typeandsizeofcasing": null, "Wellpumpremarks": "Good", "Isasensorinstalledatthesite": "No", "Typeofsensorinstalled": null, "TypeofsensorinstalledOtherspecify": null, "Managementbody": null, "Currentmanagementstatus": null, "Whatisthemethodofpayment1": null, "WhatisthemethodofpaymentOtherspecify1": "Cash", "Whatisthemethodofpayment2": null, "Typeoftariffsystemmostcommon": null, "WhatisthetariffamountinKES": "#NULL!", "Isthereaspecialtariffforlivestockperanimal": null, "WhatisthetariffpercamelKES": null, "WhatisthetariffpercattleKES": 300.0, "WhatisthetariffperhorsedonkeyKES": null, "WhatisthetariffpergoatsheepKES": "#NULL!", "Isthereatariffperinstitutionschoolshealthcentresetc": null, "WhatisthemonthlyinstitutionaltariffKES": "#NULL!", "Numberofinstitutionssuppliedbyschemethatpayamonthlyinstitutional": "#NULL!", "Whenthisboreholeisworkingfromwheredohouseholdsprimarilygettheirw": null, "Whenthisboreholeisworkingfromwheredohouseholdsprimarilygetthei_A": null, "WhenthisboreholeisworkinghowmanyHOURSperdaydohouseholdstypically": "5.0", "Whenthisboreholeisnotworkingfromwheredohouseholdsprimarilygetthe": "River Tana", "WhenthisboreholeisNOTworkingandhouseholdshavetouseanalternativew": null, "Hastherebeensomewaterqualitytestingforthisschemeinthepast": null, "Yearofmostrecentwaterqualitytestdone": null, "Whatwastheresult": null, "Aretherespecificcontaminantsofconcern": null, "AretherespecificcontaminantsofconcernOtherspecify": null, "MeasuredWaterQualityTemperature": null, "MeasuredWaterQualitySpecificconductancemicroSiemenspercm": null, "\u00a0MeasuredWaterQualityTotalDissolvedSolidsmilligramsliter": null, "Pleaseaddanotherrelevantnotesontheborehole": null, "V109": "#NULL!", "V110": "Pipeline leaking and Old storage tank"}, "geometry": {"type": "Point", "coordinates": [39.491915, -0.2441867]}}, {"type": "Feature", "properties": {"Sno": 111, "SubCounty": "Balambala", "Ward": "Sankuri", "Village": "Sankuri two", "Latitude": -0.305405400000009, "Longitude": 39.5534347, "RuralUrban": "Rural", "DistancetonextstrategicBoreholekm": "7.00", "Totalnumberofhouseholdscurrentlyservedfromthescheme": "700.0", "WhatistheserviceareaforthisschemeHowmanykilometersfromheredothep": "4.0", "Isthisschemeusedforagricultureandirrigationbyfarmers": "No", "Howmanyfarmersusethisscheme\u00a0": "#NULL!", "Whatistheaveragesizedfarmthatusesthiswaterhectares\u00a0": "#NULL!", "Isthewaterschemeusedforlivestock": null, "Estimatednumberofcamelsusingschemeperday": "#NULL!", "Estimatednumberofcattleusingschemeperday": "#NULL!", "Estimatednumberofhorsesdonkeysusingwaterpointperday": "#NULL!", "Estimatednumberofgoatssheepusingwaterpointperday": "#NULL!", "Isthewaterschemeusedforwatertrucking": null, "Numberoftrucksfillingperday": "#NULL!", "Howmanytimesperweekdoesthewatertruckingoccur": "#NULL!", "Addanyothercommentsonwatertruckingdetails": null, "ConstructionyearofthewellboreholeinEFYortheyearofrehabilitation": null, "Boreholeorwelldepthmeters": "#NULL!", "Physicalstateofthewellborehole": null, "TypeofPower": null, "Productionofsystemyieldordischargemeterscubedhour": null, "Isthereawatermeteratthewatersource": null, "Isthewatermeterworking": null, "Whatisthecurrentreadingofthewatermeter": "#NULL!", "Isthewaterschemecurrentlyfunctional": null, "Pleasetakeapictureillustratingthenonfunctionalityorpartialfuncti": "https://api.mwater.co/v3/images/4048d88f1a6042cb9506de36d9fff3ed", "Maincauseofnonfunctionalityorpartialfunctionality": null, "MaincauseofnonfunctionalityorpartialfunctionalityOtherspecify": null, "Numberofmonthssincenonfunctional": null, "Doestheschemehaveanyemergingproblemsthatmightleadtononfunctional": null, "Pleasedescribetheproblemsthatmightleadtononfunctionalityinthenea": null, "Wasthewaterschemeoutofserviceoneormoredaysinthelastmonth": null, "Numberofdaysoutofserviceinthelastmonth": "#NULL!", "Dateoflastserviceorrepair": "#NULL!", "Howmanytimeshasthewaterschemebrokeninthelastyear": "#NULL!", "Describethefunctionalityproblemsoverthepastyear": null, "Howmanydaysperweekdoesthepumprunonaverage": "#NULL!", "Howmanyhoursperdaydoesthepumprunonaverage": "#NULL!", "Isthisaseasonalwaterschemethatcommonlyfailsinthedryseason": null, "Isthepumpusedlessduringwetrainyseason": null, "Duringwetrainyseasonshowmanydaysaweekdoesthepumprunonaverage": "#NULL!", "Duringwetrainyseasonshowmanyhoursperdaydoesthepumprunonaverage": "#NULL!", "SolarPanelpowerratingWatts": null, "SolarPanelCondition": null, "Yearwhengeneratorwasinstalledoryearofreinstallation": null, "Physicalstateofthegenerator": null, "Generatorbrand": null, "GeneratorbrandOtherspecify": null, "Generatormodel": null, "Generatorserialnumber": null, "GeneratormaxAmpsstartingamps": "#NULL!", "Generatorpicture": "https://api.mwater.co/v3/images/adc6caac50434ca4b9bdff18596d6a01", "PumpControllerManufacturer1": null, "PumpControllerManufacturerOtherspecify": null, "PumpControllerModelNumber": null, "Pictureofpumpcontroller": null, "PumpMotorModelNumber": null, "Pumpheadmodelnumber": null, "Typeandsizeofcasing": null, "Wellpumpremarks": null, "Isasensorinstalledatthesite": null, "Typeofsensorinstalled": null, "TypeofsensorinstalledOtherspecify": null, "Managementbody": null, "Currentmanagementstatus": null, "Whatisthemethodofpayment1": null, "WhatisthemethodofpaymentOtherspecify1": null, "Whatisthemethodofpayment2": null, "Typeoftariffsystemmostcommon": null, "WhatisthetariffamountinKES": "#NULL!", "Isthereaspecialtariffforlivestockperanimal": null, "WhatisthetariffpercamelKES": null, "WhatisthetariffpercattleKES": null, "WhatisthetariffperhorsedonkeyKES": null, "WhatisthetariffpergoatsheepKES": "#NULL!", "Isthereatariffperinstitutionschoolshealthcentresetc": null, "WhatisthemonthlyinstitutionaltariffKES": "#NULL!", "Numberofinstitutionssuppliedbyschemethatpayamonthlyinstitutional": "#NULL!", "Whenthisboreholeisworkingfromwheredohouseholdsprimarilygettheirw": null, "Whenthisboreholeisworkingfromwheredohouseholdsprimarilygetthei_A": null, "WhenthisboreholeisworkinghowmanyHOURSperdaydohouseholdstypically": "#NULL!", "Whenthisboreholeisnotworkingfromwheredohouseholdsprimarilygetthe": null, "WhenthisboreholeisNOTworkingandhouseholdshavetouseanalternativew": null, "Hastherebeensomewaterqualitytestingforthisschemeinthepast": null, "Yearofmostrecentwaterqualitytestdone": null, "Whatwastheresult": null, "Aretherespecificcontaminantsofconcern": null, "AretherespecificcontaminantsofconcernOtherspecify": null, "MeasuredWaterQualityTemperature": null, "MeasuredWaterQualitySpecificconductancemicroSiemenspercm": null, "\u00a0MeasuredWaterQualityTotalDissolvedSolidsmilligramsliter": null, "Pleaseaddanotherrelevantnotesontheborehole": null, "V109": "#NULL!", "V110": "This is a dry borehole and therefore it's abandoned"}, "geometry": {"type": "Point", "coordinates": [39.5534347, -0.3054054]}}, {"type": "Feature", "properties": {"Sno": 112, "SubCounty": "Balambala", "Ward": "Sankuri", "Village": "Balich", "Latitude": -0.222030000000011, "Longitude": 39.4743683, "RuralUrban": "Rural", "DistancetonextstrategicBoreholekm": "4.00", "Totalnumberofhouseholdscurrentlyservedfromthescheme": "750.0", "WhatistheserviceareaforthisschemeHowmanykilometersfromheredothep": "2.0", "Isthisschemeusedforagricultureandirrigationbyfarmers": "No", "Howmanyfarmersusethisscheme\u00a0": "#NULL!", "Whatistheaveragesizedfarmthatusesthiswaterhectares\u00a0": "#NULL!", "Isthewaterschemeusedforlivestock": null, "Estimatednumberofcamelsusingschemeperday": "#NULL!", "Estimatednumberofcattleusingschemeperday": "#NULL!", "Estimatednumberofhorsesdonkeysusingwaterpointperday": "#NULL!", "Estimatednumberofgoatssheepusingwaterpointperday": "#NULL!", "Isthewaterschemeusedforwatertrucking": null, "Numberoftrucksfillingperday": "#NULL!", "Howmanytimesperweekdoesthewatertruckingoccur": "#NULL!", "Addanyothercommentsonwatertruckingdetails": null, "ConstructionyearofthewellboreholeinEFYortheyearofrehabilitation": "40226", "Boreholeorwelldepthmeters": "50.0", "Physicalstateofthewellborehole": "Good", "TypeofPower": "Solar system", "Productionofsystemyieldordischargemeterscubedhour": "12", "Isthereawatermeteratthewatersource": "No", "Isthewatermeterworking": null, "Whatisthecurrentreadingofthewatermeter": "#NULL!", "Isthewaterschemecurrentlyfunctional": null, "Pleasetakeapictureillustratingthenonfunctionalityorpartialfuncti": "https://api.mwater.co/v3/images/26347a7122af4c078d9e3f22dddd7f71", "Maincauseofnonfunctionalityorpartialfunctionality": null, "MaincauseofnonfunctionalityorpartialfunctionalityOtherspecify": null, "Numberofmonthssincenonfunctional": null, "Doestheschemehaveanyemergingproblemsthatmightleadtononfunctional": null, "Pleasedescribetheproblemsthatmightleadtononfunctionalityinthenea": null, "Wasthewaterschemeoutofserviceoneormoredaysinthelastmonth": null, "Numberofdaysoutofserviceinthelastmonth": "#NULL!", "Dateoflastserviceorrepair": "#NULL!", "Howmanytimeshasthewaterschemebrokeninthelastyear": "#NULL!", "Describethefunctionalityproblemsoverthepastyear": null, "Howmanydaysperweekdoesthepumprunonaverage": "#NULL!", "Howmanyhoursperdaydoesthepumprunonaverage": "#NULL!", "Isthisaseasonalwaterschemethatcommonlyfailsinthedryseason": null, "Isthepumpusedlessduringwetrainyseason": null, "Duringwetrainyseasonshowmanydaysaweekdoesthepumprunonaverage": "#NULL!", "Duringwetrainyseasonshowmanyhoursperdaydoesthepumprunonaverage": "#NULL!", "SolarPanelpowerratingWatts": null, "SolarPanelCondition": "Good", "Yearwhengeneratorwasinstalledoryearofreinstallation": null, "Physicalstateofthegenerator": null, "Generatorbrand": null, "GeneratorbrandOtherspecify": null, "Generatormodel": null, "Generatorserialnumber": null, "GeneratormaxAmpsstartingamps": "#NULL!", "Generatorpicture": null, "PumpControllerManufacturer1": null, "PumpControllerManufacturerOtherspecify": null, "PumpControllerModelNumber": null, "Pictureofpumpcontroller": "https://api.mwater.co/v3/images/69c66d5695d34176931bb9b50ad8802a", "PumpMotorModelNumber": null, "Pumpheadmodelnumber": null, "Typeandsizeofcasing": "Plastic 6mm", "Wellpumpremarks": "Good", "Isasensorinstalledatthesite": "No", "Typeofsensorinstalled": null, "TypeofsensorinstalledOtherspecify": null, "Managementbody": null, "Currentmanagementstatus": null, "Whatisthemethodofpayment1": null, "WhatisthemethodofpaymentOtherspecify1": null, "Whatisthemethodofpayment2": null, "Typeoftariffsystemmostcommon": null, "WhatisthetariffamountinKES": "#NULL!", "Isthereaspecialtariffforlivestockperanimal": null, "WhatisthetariffpercamelKES": null, "WhatisthetariffpercattleKES": null, "WhatisthetariffperhorsedonkeyKES": null, "WhatisthetariffpergoatsheepKES": "#NULL!", "Isthereatariffperinstitutionschoolshealthcentresetc": null, "WhatisthemonthlyinstitutionaltariffKES": "#NULL!", "Numberofinstitutionssuppliedbyschemethatpayamonthlyinstitutional": "2.0", "Whenthisboreholeisworkingfromwheredohouseholdsprimarilygettheirw": null, "Whenthisboreholeisworkingfromwheredohouseholdsprimarilygetthei_A": null, "WhenthisboreholeisworkinghowmanyHOURSperdaydohouseholdstypically": "#NULL!", "Whenthisboreholeisnotworkingfromwheredohouseholdsprimarilygetthe": "River Tana", "WhenthisboreholeisNOTworkingandhouseholdshavetouseanalternativew": null, "Hastherebeensomewaterqualitytestingforthisschemeinthepast": null, "Yearofmostrecentwaterqualitytestdone": null, "Whatwastheresult": null, "Aretherespecificcontaminantsofconcern": null, "AretherespecificcontaminantsofconcernOtherspecify": null, "MeasuredWaterQualityTemperature": null, "MeasuredWaterQualitySpecificconductancemicroSiemenspercm": null, "\u00a0MeasuredWaterQualityTotalDissolvedSolidsmilligramsliter": null, "Pleaseaddanotherrelevantnotesontheborehole": null, "V109": "#NULL!", "V110": "The borehole require flushing"}, "geometry": {"type": "Point", "coordinates": [39.4743683, -0.22203]}}, {"type": "Feature", "properties": {"Sno": 113, "SubCounty": "Balambala", "Ward": "Sankuri", "Village": "Sankuri", "Latitude": -0.3055868, "Longitude": 39.5533929, "RuralUrban": "Rural", "DistancetonextstrategicBoreholekm": "#NULL!", "Totalnumberofhouseholdscurrentlyservedfromthescheme": "700.0", "WhatistheserviceareaforthisschemeHowmanykilometersfromheredothep": "2.0", "Isthisschemeusedforagricultureandirrigationbyfarmers": null, "Howmanyfarmersusethisscheme\u00a0": "#NULL!", "Whatistheaveragesizedfarmthatusesthiswaterhectares\u00a0": "#NULL!", "Isthewaterschemeusedforlivestock": null, "Estimatednumberofcamelsusingschemeperday": "#NULL!", "Estimatednumberofcattleusingschemeperday": "#NULL!", "Estimatednumberofhorsesdonkeysusingwaterpointperday": "#NULL!", "Estimatednumberofgoatssheepusingwaterpointperday": "#NULL!", "Isthewaterschemeusedforwatertrucking": null, "Numberoftrucksfillingperday": "#NULL!", "Howmanytimesperweekdoesthewatertruckingoccur": "#NULL!", "Addanyothercommentsonwatertruckingdetails": null, "ConstructionyearofthewellboreholeinEFYortheyearofrehabilitation": "43256", "Boreholeorwelldepthmeters": "50.0", "Physicalstateofthewellborehole": "Good", "TypeofPower": "Solar", "Productionofsystemyieldordischargemeterscubedhour": "30", "Isthereawatermeteratthewatersource": "Yes", "Isthewatermeterworking": "Yes", "Whatisthecurrentreadingofthewatermeter": "#NULL!", "Isthewaterschemecurrentlyfunctional": null, "Pleasetakeapictureillustratingthenonfunctionalityorpartialfuncti": "https://api.mwater.co/v3/images/146a36d6fbb64d43a29b3a22ac63e0b4", "Maincauseofnonfunctionalityorpartialfunctionality": null, "MaincauseofnonfunctionalityorpartialfunctionalityOtherspecify": null, "Numberofmonthssincenonfunctional": null, "Doestheschemehaveanyemergingproblemsthatmightleadtononfunctional": null, "Pleasedescribetheproblemsthatmightleadtononfunctionalityinthenea": null, "Wasthewaterschemeoutofserviceoneormoredaysinthelastmonth": null, "Numberofdaysoutofserviceinthelastmonth": "#NULL!", "Dateoflastserviceorrepair": "#NULL!", "Howmanytimeshasthewaterschemebrokeninthelastyear": "#NULL!", "Describethefunctionalityproblemsoverthepastyear": null, "Howmanydaysperweekdoesthepumprunonaverage": "#NULL!", "Howmanyhoursperdaydoesthepumprunonaverage": "#NULL!", "Isthisaseasonalwaterschemethatcommonlyfailsinthedryseason": null, "Isthepumpusedlessduringwetrainyseason": null, "Duringwetrainyseasonshowmanydaysaweekdoesthepumprunonaverage": "#NULL!", "Duringwetrainyseasonshowmanyhoursperdaydoesthepumprunonaverage": "#NULL!", "SolarPanelpowerratingWatts": null, "SolarPanelCondition": null, "Yearwhengeneratorwasinstalledoryearofreinstallation": null, "Physicalstateofthegenerator": null, "Generatorbrand": null, "GeneratorbrandOtherspecify": null, "Generatormodel": null, "Generatorserialnumber": null, "GeneratormaxAmpsstartingamps": "#NULL!", "Generatorpicture": "https://api.mwater.co/v3/images/df41f209293448fb92cfb79fee6c841d; https://api.mwater.co/v3/images/b094fd01215443e587b9ec6735719ced", "PumpControllerManufacturer1": "Dayliff", "PumpControllerManufacturerOtherspecify": null, "PumpControllerModelNumber": null, "Pictureofpumpcontroller": "https://api.mwater.co/v3/images/076cb63076aa48c29f48dc70d54cb4b9", "PumpMotorModelNumber": null, "Pumpheadmodelnumber": null, "Typeandsizeofcasing": "Plastic 6mm", "Wellpumpremarks": "Good", "Isasensorinstalledatthesite": null, "Typeofsensorinstalled": null, "TypeofsensorinstalledOtherspecify": null, "Managementbody": "WUA", "Currentmanagementstatus": "In place", "Whatisthemethodofpayment1": "Cash", "WhatisthemethodofpaymentOtherspecify1": null, "Whatisthemethodofpayment2": null, "Typeoftariffsystemmostcommon": null, "WhatisthetariffamountinKES": "300.0", "Isthereaspecialtariffforlivestockperanimal": null, "WhatisthetariffpercamelKES": null, "WhatisthetariffpercattleKES": null, "WhatisthetariffperhorsedonkeyKES": null, "WhatisthetariffpergoatsheepKES": "#NULL!", "Isthereatariffperinstitutionschoolshealthcentresetc": null, "WhatisthemonthlyinstitutionaltariffKES": "500.0", "Numberofinstitutionssuppliedbyschemethatpayamonthlyinstitutional": "4.0", "Whenthisboreholeisworkingfromwheredohouseholdsprimarilygettheirw": null, "Whenthisboreholeisworkingfromwheredohouseholdsprimarilygetthei_A": null, "WhenthisboreholeisworkinghowmanyHOURSperdaydohouseholdstypically": "#NULL!", "Whenthisboreholeisnotworkingfromwheredohouseholdsprimarilygetthe": "River Tana", "WhenthisboreholeisNOTworkingandhouseholdshavetouseanalternativew": null, "Hastherebeensomewaterqualitytestingforthisschemeinthepast": null, "Yearofmostrecentwaterqualitytestdone": null, "Whatwastheresult": null, "Aretherespecificcontaminantsofconcern": null, "AretherespecificcontaminantsofconcernOtherspecify": null, "MeasuredWaterQualityTemperature": null, "MeasuredWaterQualitySpecificconductancemicroSiemenspercm": null, "\u00a0MeasuredWaterQualityTotalDissolvedSolidsmilligramsliter": null, "Pleaseaddanotherrelevantnotesontheborehole": null, "V109": "#NULL!", "V110": null}, "geometry": {"type": "Point", "coordinates": [39.5533929, -0.3055868]}}, {"type": "Feature", "properties": {"Sno": 114, "SubCounty": "Balambala", "Ward": "Saka", "Village": "Daley", "Latitude": -0.182285399999995, "Longitude": 39.4021147, "RuralUrban": "Rural", "DistancetonextstrategicBoreholekm": "7.00", "Totalnumberofhouseholdscurrentlyservedfromthescheme": "750.0", "WhatistheserviceareaforthisschemeHowmanykilometersfromheredothep": "1.0", "Isthisschemeusedforagricultureandirrigationbyfarmers": "No", "Howmanyfarmersusethisscheme\u00a0": "#NULL!", "Whatistheaveragesizedfarmthatusesthiswaterhectares\u00a0": "#NULL!", "Isthewaterschemeusedforlivestock": null, "Estimatednumberofcamelsusingschemeperday": "#NULL!", "Estimatednumberofcattleusingschemeperday": "#NULL!", "Estimatednumberofhorsesdonkeysusingwaterpointperday": "#NULL!", "Estimatednumberofgoatssheepusingwaterpointperday": "#NULL!", "Isthewaterschemeusedforwatertrucking": null, "Numberoftrucksfillingperday": "#NULL!", "Howmanytimesperweekdoesthewatertruckingoccur": "#NULL!", "Addanyothercommentsonwatertruckingdetails": "Compound fencing is needed", "ConstructionyearofthewellboreholeinEFYortheyearofrehabilitation": "44244", "Boreholeorwelldepthmeters": "70.0", "Physicalstateofthewellborehole": "Good", "TypeofPower": null, "Productionofsystemyieldordischargemeterscubedhour": "10", "Isthereawatermeteratthewatersource": "No", "Isthewatermeterworking": null, "Whatisthecurrentreadingofthewatermeter": "#NULL!", "Isthewaterschemecurrentlyfunctional": null, "Pleasetakeapictureillustratingthenonfunctionalityorpartialfuncti": "https://api.mwater.co/v3/images/0b02336dbff9461d8666fc465602be70", "Maincauseofnonfunctionalityorpartialfunctionality": null, "MaincauseofnonfunctionalityorpartialfunctionalityOtherspecify": null, "Numberofmonthssincenonfunctional": null, "Doestheschemehaveanyemergingproblemsthatmightleadtononfunctional": null, "Pleasedescribetheproblemsthatmightleadtononfunctionalityinthenea": "The solar system is not protected", "Wasthewaterschemeoutofserviceoneormoredaysinthelastmonth": null, "Numberofdaysoutofserviceinthelastmonth": "#NULL!", "Dateoflastserviceorrepair": "#NULL!", "Howmanytimeshasthewaterschemebrokeninthelastyear": "#NULL!", "Describethefunctionalityproblemsoverthepastyear": null, "Howmanydaysperweekdoesthepumprunonaverage": "7.0", "Howmanyhoursperdaydoesthepumprunonaverage": "8.0", "Isthisaseasonalwaterschemethatcommonlyfailsinthedryseason": "No", "Isthepumpusedlessduringwetrainyseason": "Yes", "Duringwetrainyseasonshowmanydaysaweekdoesthepumprunonaverage": "#NULL!", "Duringwetrainyseasonshowmanyhoursperdaydoesthepumprunonaverage": "#NULL!", "SolarPanelpowerratingWatts": null, "SolarPanelCondition": "Good", "Yearwhengeneratorwasinstalledoryearofreinstallation": null, "Physicalstateofthegenerator": null, "Generatorbrand": null, "GeneratorbrandOtherspecify": null, "Generatormodel": null, "Generatorserialnumber": null, "GeneratormaxAmpsstartingamps": "#NULL!", "Generatorpicture": null, "PumpControllerManufacturer1": "Dayliff", "PumpControllerManufacturerOtherspecify": "Dayliff", "PumpControllerModelNumber": null, "Pictureofpumpcontroller": "https://api.mwater.co/v3/images/410b1d717c114721bae71c08e6f7fd5f", "PumpMotorModelNumber": null, "Pumpheadmodelnumber": null, "Typeandsizeofcasing": "Plastic 6mm", "Wellpumpremarks": "Good", "Isasensorinstalledatthesite": null, "Typeofsensorinstalled": null, "TypeofsensorinstalledOtherspecify": null, "Managementbody": "WUA", "Currentmanagementstatus": "In place", "Whatisthemethodofpayment1": "Cash", "WhatisthemethodofpaymentOtherspecify1": null, "Whatisthemethodofpayment2": null, "Typeoftariffsystemmostcommon": null, "WhatisthetariffamountinKES": "20.0", "Isthereaspecialtariffforlivestockperanimal": null, "WhatisthetariffpercamelKES": null, "WhatisthetariffpercattleKES": null, "WhatisthetariffperhorsedonkeyKES": null, "WhatisthetariffpergoatsheepKES": "#NULL!", "Isthereatariffperinstitutionschoolshealthcentresetc": "Yes", "WhatisthemonthlyinstitutionaltariffKES": "200.0", "Numberofinstitutionssuppliedbyschemethatpayamonthlyinstitutional": "2.0", "Whenthisboreholeisworkingfromwheredohouseholdsprimarilygettheirw": null, "Whenthisboreholeisworkingfromwheredohouseholdsprimarilygetthei_A": null, "WhenthisboreholeisworkinghowmanyHOURSperdaydohouseholdstypically": "#NULL!", "Whenthisboreholeisnotworkingfromwheredohouseholdsprimarilygetthe": "River Tana", "WhenthisboreholeisNOTworkingandhouseholdshavetouseanalternativew": null, "Hastherebeensomewaterqualitytestingforthisschemeinthepast": null, "Yearofmostrecentwaterqualitytestdone": null, "Whatwastheresult": null, "Aretherespecificcontaminantsofconcern": null, "AretherespecificcontaminantsofconcernOtherspecify": null, "MeasuredWaterQualityTemperature": null, "MeasuredWaterQualitySpecificconductancemicroSiemenspercm": null, "\u00a0MeasuredWaterQualityTotalDissolvedSolidsmilligramsliter": null, "Pleaseaddanotherrelevantnotesontheborehole": null, "V109": "#NULL!", "V110": null}, "geometry": {"type": "Point", "coordinates": [39.4021147, -0.1822854]}}, {"type": "Feature", "properties": {"Sno": 115, "SubCounty": "Balambala", "Ward": "Saka", "Village": "Mathaalibah", "Latitude": -0.1484002, "Longitude": 39.3590122, "RuralUrban": "Rural", "DistancetonextstrategicBoreholekm": "5.00", "Totalnumberofhouseholdscurrentlyservedfromthescheme": "150.0", "WhatistheserviceareaforthisschemeHowmanykilometersfromheredothep": "1.0", "Isthisschemeusedforagricultureandirrigationbyfarmers": "No", "Howmanyfarmersusethisscheme\u00a0": "#NULL!", "Whatistheaveragesizedfarmthatusesthiswaterhectares\u00a0": "#NULL!", "Isthewaterschemeusedforlivestock": "Yes", "Estimatednumberofcamelsusingschemeperday": "50.0", "Estimatednumberofcattleusingschemeperday": "20.0", "Estimatednumberofhorsesdonkeysusingwaterpointperday": "10.0", "Estimatednumberofgoatssheepusingwaterpointperday": "200.0", "Isthewaterschemeusedforwatertrucking": "No", "Numberoftrucksfillingperday": "#NULL!", "Howmanytimesperweekdoesthewatertruckingoccur": "#NULL!", "Addanyothercommentsonwatertruckingdetails": null, "ConstructionyearofthewellboreholeinEFYortheyearofrehabilitation": "43268", "Boreholeorwelldepthmeters": "50.0", "Physicalstateofthewellborehole": "Good", "TypeofPower": "Solar system", "Productionofsystemyieldordischargemeterscubedhour": "10", "Isthereawatermeteratthewatersource": "No", "Isthewatermeterworking": null, "Whatisthecurrentreadingofthewatermeter": "#NULL!", "Isthewaterschemecurrentlyfunctional": null, "Pleasetakeapictureillustratingthenonfunctionalityorpartialfuncti": "https://api.mwater.co/v3/images/41038690bd7c425fbbef37023653cf39", "Maincauseofnonfunctionalityorpartialfunctionality": "Submersible pump blown out", "MaincauseofnonfunctionalityorpartialfunctionalityOtherspecify": null, "Numberofmonthssincenonfunctional": "7", "Doestheschemehaveanyemergingproblemsthatmightleadtononfunctional": "Yes", "Pleasedescribetheproblemsthatmightleadtononfunctionalityinthenea": "The solar system is in a poor state", "Wasthewaterschemeoutofserviceoneormoredaysinthelastmonth": null, "Numberofdaysoutofserviceinthelastmonth": "210.0", "Dateoflastserviceorrepair": "#NULL!", "Howmanytimeshasthewaterschemebrokeninthelastyear": "1.0", "Describethefunctionalityproblemsoverthepastyear": "Submersible pump replacement is required", "Howmanydaysperweekdoesthepumprunonaverage": "#NULL!", "Howmanyhoursperdaydoesthepumprunonaverage": "#NULL!", "Isthisaseasonalwaterschemethatcommonlyfailsinthedryseason": null, "Isthepumpusedlessduringwetrainyseason": null, "Duringwetrainyseasonshowmanydaysaweekdoesthepumprunonaverage": "#NULL!", "Duringwetrainyseasonshowmanyhoursperdaydoesthepumprunonaverage": "#NULL!", "SolarPanelpowerratingWatts": null, "SolarPanelCondition": "Poor", "Yearwhengeneratorwasinstalledoryearofreinstallation": null, "Physicalstateofthegenerator": null, "Generatorbrand": null, "GeneratorbrandOtherspecify": null, "Generatormodel": null, "Generatorserialnumber": null, "GeneratormaxAmpsstartingamps": "#NULL!", "Generatorpicture": null, "PumpControllerManufacturer1": null, "PumpControllerManufacturerOtherspecify": null, "PumpControllerModelNumber": null, "Pictureofpumpcontroller": "https://api.mwater.co/v3/images/3a83ffe4d7c74362aba25d6a7ab07c0e", "PumpMotorModelNumber": null, "Pumpheadmodelnumber": null, "Typeandsizeofcasing": null, "Wellpumpremarks": null, "Isasensorinstalledatthesite": null, "Typeofsensorinstalled": null, "TypeofsensorinstalledOtherspecify": null, "Managementbody": "Not available", "Currentmanagementstatus": "Not yet elected", "Whatisthemethodofpayment1": "Free", "WhatisthemethodofpaymentOtherspecify1": "Free", "Whatisthemethodofpayment2": null, "Typeoftariffsystemmostcommon": null, "WhatisthetariffamountinKES": "#NULL!", "Isthereaspecialtariffforlivestockperanimal": null, "WhatisthetariffpercamelKES": null, "WhatisthetariffpercattleKES": null, "WhatisthetariffperhorsedonkeyKES": null, "WhatisthetariffpergoatsheepKES": "#NULL!", "Isthereatariffperinstitutionschoolshealthcentresetc": null, "WhatisthemonthlyinstitutionaltariffKES": "#NULL!", "Numberofinstitutionssuppliedbyschemethatpayamonthlyinstitutional": "#NULL!", "Whenthisboreholeisworkingfromwheredohouseholdsprimarilygettheirw": null, "Whenthisboreholeisworkingfromwheredohouseholdsprimarilygetthei_A": null, "WhenthisboreholeisworkinghowmanyHOURSperdaydohouseholdstypically": "#NULL!", "Whenthisboreholeisnotworkingfromwheredohouseholdsprimarilygetthe": "River Tana", "WhenthisboreholeisNOTworkingandhouseholdshavetouseanalternativew": null, "Hastherebeensomewaterqualitytestingforthisschemeinthepast": null, "Yearofmostrecentwaterqualitytestdone": null, "Whatwastheresult": null, "Aretherespecificcontaminantsofconcern": null, "AretherespecificcontaminantsofconcernOtherspecify": null, "MeasuredWaterQualityTemperature": null, "MeasuredWaterQualitySpecificconductancemicroSiemenspercm": null, "\u00a0MeasuredWaterQualityTotalDissolvedSolidsmilligramsliter": null, "Pleaseaddanotherrelevantnotesontheborehole": null, "V109": "#NULL!", "V110": null}, "geometry": {"type": "Point", "coordinates": [39.3590122, -0.1484002]}}, {"type": "Feature", "properties": {"Sno": 116, "SubCounty": "Balambala", "Ward": "Saka", "Village": "Saka 1", "Latitude": -0.145808300000012, "Longitude": 39.3293533, "RuralUrban": "Rural", "DistancetonextstrategicBoreholekm": "5.00", "Totalnumberofhouseholdscurrentlyservedfromthescheme": "800.0", "WhatistheserviceareaforthisschemeHowmanykilometersfromheredothep": "21.0", "Isthisschemeusedforagricultureandirrigationbyfarmers": "No", "Howmanyfarmersusethisscheme\u00a0": "#NULL!", "Whatistheaveragesizedfarmthatusesthiswaterhectares\u00a0": "#NULL!", "Isthewaterschemeusedforlivestock": "Yes", "Estimatednumberofcamelsusingschemeperday": "100.0", "Estimatednumberofcattleusingschemeperday": "500.0", "Estimatednumberofhorsesdonkeysusingwaterpointperday": "50.0", "Estimatednumberofgoatssheepusingwaterpointperday": "200.0", "Isthewaterschemeusedforwatertrucking": "No", "Numberoftrucksfillingperday": "#NULL!", "Howmanytimesperweekdoesthewatertruckingoccur": "#NULL!", "Addanyothercommentsonwatertruckingdetails": null, "ConstructionyearofthewellboreholeinEFYortheyearofrehabilitation": "42783", "Boreholeorwelldepthmeters": "50.0", "Physicalstateofthewellborehole": "Good", "TypeofPower": "Solar system", "Productionofsystemyieldordischargemeterscubedhour": "36", "Isthereawatermeteratthewatersource": "Yes", "Isthewatermeterworking": null, "Whatisthecurrentreadingofthewatermeter": "#NULL!", "Isthewaterschemecurrentlyfunctional": "Yes", "Pleasetakeapictureillustratingthenonfunctionalityorpartialfuncti": "https://api.mwater.co/v3/images/64938a5987004c5ba93e1cf1f242ed05", "Maincauseofnonfunctionalityorpartialfunctionality": null, "MaincauseofnonfunctionalityorpartialfunctionalityOtherspecify": null, "Numberofmonthssincenonfunctional": null, "Doestheschemehaveanyemergingproblemsthatmightleadtononfunctional": null, "Pleasedescribetheproblemsthatmightleadtononfunctionalityinthenea": null, "Wasthewaterschemeoutofserviceoneormoredaysinthelastmonth": "Yes", "Numberofdaysoutofserviceinthelastmonth": "2.0", "Dateoflastserviceorrepair": "17-Jan-22", "Howmanytimeshasthewaterschemebrokeninthelastyear": "1.0", "Describethefunctionalityproblemsoverthepastyear": "Pipe leakages", "Howmanydaysperweekdoesthepumprunonaverage": "8.0", "Howmanyhoursperdaydoesthepumprunonaverage": "7.0", "Isthisaseasonalwaterschemethatcommonlyfailsinthedryseason": "No", "Isthepumpusedlessduringwetrainyseason": null, "Duringwetrainyseasonshowmanydaysaweekdoesthepumprunonaverage": "#NULL!", "Duringwetrainyseasonshowmanyhoursperdaydoesthepumprunonaverage": "#NULL!", "SolarPanelpowerratingWatts": null, "SolarPanelCondition": "Good", "Yearwhengeneratorwasinstalledoryearofreinstallation": null, "Physicalstateofthegenerator": null, "Generatorbrand": null, "GeneratorbrandOtherspecify": null, "Generatormodel": null, "Generatorserialnumber": null, "GeneratormaxAmpsstartingamps": "#NULL!", "Generatorpicture": null, "PumpControllerManufacturer1": null, "PumpControllerManufacturerOtherspecify": null, "PumpControllerModelNumber": "Dayliff", "Pictureofpumpcontroller": "https://api.mwater.co/v3/images/19833eeb3c9e47bebe144389bfd356e1", "PumpMotorModelNumber": null, "Pumpheadmodelnumber": null, "Typeandsizeofcasing": "6mm plastic", "Wellpumpremarks": "Good", "Isasensorinstalledatthesite": null, "Typeofsensorinstalled": null, "TypeofsensorinstalledOtherspecify": null, "Managementbody": "WUA", "Currentmanagementstatus": "in place", "Whatisthemethodofpayment1": "Cash", "WhatisthemethodofpaymentOtherspecify1": null, "Whatisthemethodofpayment2": null, "Typeoftariffsystemmostcommon": null, "WhatisthetariffamountinKES": "300.0", "Isthereaspecialtariffforlivestockperanimal": "Yes", "WhatisthetariffpercamelKES": 10.0, "WhatisthetariffpercattleKES": 5.0, "WhatisthetariffperhorsedonkeyKES": 1.0, "WhatisthetariffpergoatsheepKES": "1.0", "Isthereatariffperinstitutionschoolshealthcentresetc": "Yes", "WhatisthemonthlyinstitutionaltariffKES": "1000.0", "Numberofinstitutionssuppliedbyschemethatpayamonthlyinstitutional": "3.0", "Whenthisboreholeisworkingfromwheredohouseholdsprimarilygettheirw": null, "Whenthisboreholeisworkingfromwheredohouseholdsprimarilygetthei_A": null, "WhenthisboreholeisworkinghowmanyHOURSperdaydohouseholdstypically": "#NULL!", "Whenthisboreholeisnotworkingfromwheredohouseholdsprimarilygetthe": "River Tana", "WhenthisboreholeisNOTworkingandhouseholdshavetouseanalternativew": null, "Hastherebeensomewaterqualitytestingforthisschemeinthepast": null, "Yearofmostrecentwaterqualitytestdone": null, "Whatwastheresult": null, "Aretherespecificcontaminantsofconcern": null, "AretherespecificcontaminantsofconcernOtherspecify": null, "MeasuredWaterQualityTemperature": null, "MeasuredWaterQualitySpecificconductancemicroSiemenspercm": null, "\u00a0MeasuredWaterQualityTotalDissolvedSolidsmilligramsliter": null, "Pleaseaddanotherrelevantnotesontheborehole": null, "V109": "#NULL!", "V110": null}, "geometry": {"type": "Point", "coordinates": [39.3293533, -0.145808300000012]}}, {"type": "Feature", "properties": {"Sno": 117, "SubCounty": "Balambala", "Ward": "Sankuri", "Village": "Raya", "Latitude": -0.365514900000006, "Longitude": 39.6002541, "RuralUrban": "Rural.", "DistancetonextstrategicBoreholekm": "0.50", "Totalnumberofhouseholdscurrentlyservedfromthescheme": "300.0", "WhatistheserviceareaforthisschemeHowmanykilometersfromheredothep": "2.5", "Isthisschemeusedforagricultureandirrigationbyfarmers": "No", "Howmanyfarmersusethisscheme\u00a0": "0.0", "Whatistheaveragesizedfarmthatusesthiswaterhectares\u00a0": "0.0", "Isthewaterschemeusedforlivestock": "No", "Estimatednumberofcamelsusingschemeperday": "0.0", "Estimatednumberofcattleusingschemeperday": "0.0", "Estimatednumberofhorsesdonkeysusingwaterpointperday": "0.0", "Estimatednumberofgoatssheepusingwaterpointperday": "0.0", "Isthewaterschemeusedforwatertrucking": "No", "Numberoftrucksfillingperday": "0.0", "Howmanytimesperweekdoesthewatertruckingoccur": "0.0", "Addanyothercommentsonwatertruckingdetails": "Nothing", "ConstructionyearofthewellboreholeinEFYortheyearofrehabilitation": "43466", "Boreholeorwelldepthmeters": "50.0", "Physicalstateofthewellborehole": "Good", "TypeofPower": "No", "Productionofsystemyieldordischargemeterscubedhour": "Not yet tested", "Isthereawatermeteratthewatersource": "No", "Isthewatermeterworking": "No", "Whatisthecurrentreadingofthewatermeter": "0.000000000", "Isthewaterschemecurrentlyfunctional": "No", "Pleasetakeapictureillustratingthenonfunctionalityorpartialfuncti": "https://api.mwater.co/v3/images/508846088da5407ba057ebed8c64d08d", "Maincauseofnonfunctionalityorpartialfunctionality": "Not yet equipped", "MaincauseofnonfunctionalityorpartialfunctionalityOtherspecify": "Not yet equipped", "Numberofmonthssincenonfunctional": "Three years", "Doestheschemehaveanyemergingproblemsthatmightleadtononfunctional": "Yes", "Pleasedescribetheproblemsthatmightleadtononfunctionalityinthenea": "Needs to be equipped", "Wasthewaterschemeoutofserviceoneormoredaysinthelastmonth": "Yes", "Numberofdaysoutofserviceinthelastmonth": "#NULL!", "Dateoflastserviceorrepair": "#NULL!", "Howmanytimeshasthewaterschemebrokeninthelastyear": "0.0", "Describethefunctionalityproblemsoverthepastyear": "Not yet equipped", "Howmanydaysperweekdoesthepumprunonaverage": "0.0", "Howmanyhoursperdaydoesthepumprunonaverage": "0.0", "Isthisaseasonalwaterschemethatcommonlyfailsinthedryseason": "No", "Isthepumpusedlessduringwetrainyseason": null, "Duringwetrainyseasonshowmanydaysaweekdoesthepumprunonaverage": "#NULL!", "Duringwetrainyseasonshowmanyhoursperdaydoesthepumprunonaverage": "#NULL!", "SolarPanelpowerratingWatts": "Nil", "SolarPanelCondition": "Nil", "Yearwhengeneratorwasinstalledoryearofreinstallation": null, "Physicalstateofthegenerator": "Not available", "Generatorbrand": "Not available", "GeneratorbrandOtherspecify": "Not available", "Generatormodel": "Not available", "Generatorserialnumber": "0", "GeneratormaxAmpsstartingamps": "#NULL!", "Generatorpicture": null, "PumpControllerManufacturer1": "Not available", "PumpControllerManufacturerOtherspecify": "Not available", "PumpControllerModelNumber": null, "Pictureofpumpcontroller": null, "PumpMotorModelNumber": null, "Pumpheadmodelnumber": null, "Typeandsizeofcasing": null, "Wellpumpremarks": null, "Isasensorinstalledatthesite": null, "Typeofsensorinstalled": null, "TypeofsensorinstalledOtherspecify": null, "Managementbody": null, "Currentmanagementstatus": "Not in place", "Whatisthemethodofpayment1": null, "WhatisthemethodofpaymentOtherspecify1": null, "Whatisthemethodofpayment2": null, "Typeoftariffsystemmostcommon": null, "WhatisthetariffamountinKES": "#NULL!", "Isthereaspecialtariffforlivestockperanimal": null, "WhatisthetariffpercamelKES": null, "WhatisthetariffpercattleKES": null, "WhatisthetariffperhorsedonkeyKES": null, "WhatisthetariffpergoatsheepKES": "#NULL!", "Isthereatariffperinstitutionschoolshealthcentresetc": null, "WhatisthemonthlyinstitutionaltariffKES": "#NULL!", "Numberofinstitutionssuppliedbyschemethatpayamonthlyinstitutional": "#NULL!", "Whenthisboreholeisworkingfromwheredohouseholdsprimarilygettheirw": null, "Whenthisboreholeisworkingfromwheredohouseholdsprimarilygetthei_A": null, "WhenthisboreholeisworkinghowmanyHOURSperdaydohouseholdstypically": "#NULL!", "Whenthisboreholeisnotworkingfromwheredohouseholdsprimarilygetthe": null, "WhenthisboreholeisNOTworkingandhouseholdshavetouseanalternativew": null, "Hastherebeensomewaterqualitytestingforthisschemeinthepast": null, "Yearofmostrecentwaterqualitytestdone": null, "Whatwastheresult": null, "Aretherespecificcontaminantsofconcern": null, "AretherespecificcontaminantsofconcernOtherspecify": null, "MeasuredWaterQualityTemperature": null, "MeasuredWaterQualitySpecificconductancemicroSiemenspercm": null, "\u00a0MeasuredWaterQualityTotalDissolvedSolidsmilligramsliter": null, "Pleaseaddanotherrelevantnotesontheborehole": null, "V109": "#NULL!", "V110": null}, "geometry": {"type": "Point", "coordinates": [39.6002541, -0.3655149]}}, {"type": "Feature", "properties": {"Sno": 118, "SubCounty": "Balambala", "Ward": "Sankuri", "Village": "Balich two", "Latitude": -0.2227444, "Longitude": 39.4746692, "RuralUrban": "Rural", "DistancetonextstrategicBoreholekm": "5.00", "Totalnumberofhouseholdscurrentlyservedfromthescheme": "250.0", "WhatistheserviceareaforthisschemeHowmanykilometersfromheredothep": "1.0", "Isthisschemeusedforagricultureandirrigationbyfarmers": "No", "Howmanyfarmersusethisscheme\u00a0": "#NULL!", "Whatistheaveragesizedfarmthatusesthiswaterhectares\u00a0": "#NULL!", "Isthewaterschemeusedforlivestock": null, "Estimatednumberofcamelsusingschemeperday": "#NULL!", "Estimatednumberofcattleusingschemeperday": "#NULL!", "Estimatednumberofhorsesdonkeysusingwaterpointperday": "#NULL!", "Estimatednumberofgoatssheepusingwaterpointperday": "#NULL!", "Isthewaterschemeusedforwatertrucking": null, "Numberoftrucksfillingperday": "#NULL!", "Howmanytimesperweekdoesthewatertruckingoccur": "#NULL!", "Addanyothercommentsonwatertruckingdetails": null, "ConstructionyearofthewellboreholeinEFYortheyearofrehabilitation": null, "Boreholeorwelldepthmeters": "#NULL!", "Physicalstateofthewellborehole": null, "TypeofPower": null, "Productionofsystemyieldordischargemeterscubedhour": null, "Isthereawatermeteratthewatersource": null, "Isthewatermeterworking": null, "Whatisthecurrentreadingofthewatermeter": "#NULL!", "Isthewaterschemecurrentlyfunctional": null, "Pleasetakeapictureillustratingthenonfunctionalityorpartialfuncti": "https://api.mwater.co/v3/images/9d062731a10a420f8b3d2db26b1b61b3", "Maincauseofnonfunctionalityorpartialfunctionality": "Well silted up", "MaincauseofnonfunctionalityorpartialfunctionalityOtherspecify": null, "Numberofmonthssincenonfunctional": "60", "Doestheschemehaveanyemergingproblemsthatmightleadtononfunctional": null, "Pleasedescribetheproblemsthatmightleadtononfunctionalityinthenea": null, "Wasthewaterschemeoutofserviceoneormoredaysinthelastmonth": null, "Numberofdaysoutofserviceinthelastmonth": "#NULL!", "Dateoflastserviceorrepair": "#NULL!", "Howmanytimeshasthewaterschemebrokeninthelastyear": "#NULL!", "Describethefunctionalityproblemsoverthepastyear": "The well silted dure to flooding", "Howmanydaysperweekdoesthepumprunonaverage": "#NULL!", "Howmanyhoursperdaydoesthepumprunonaverage": "#NULL!", "Isthisaseasonalwaterschemethatcommonlyfailsinthedryseason": null, "Isthepumpusedlessduringwetrainyseason": null, "Duringwetrainyseasonshowmanydaysaweekdoesthepumprunonaverage": "#NULL!", "Duringwetrainyseasonshowmanyhoursperdaydoesthepumprunonaverage": "#NULL!", "SolarPanelpowerratingWatts": null, "SolarPanelCondition": null, "Yearwhengeneratorwasinstalledoryearofreinstallation": null, "Physicalstateofthegenerator": null, "Generatorbrand": null, "GeneratorbrandOtherspecify": null, "Generatormodel": null, "Generatorserialnumber": null, "GeneratormaxAmpsstartingamps": "#NULL!", "Generatorpicture": "https://api.mwater.co/v3/images/82dcdedfcc8d4916ae68828c0c58d838", "PumpControllerManufacturer1": "Dayliff", "PumpControllerManufacturerOtherspecify": null, "PumpControllerModelNumber": null, "Pictureofpumpcontroller": "https://api.mwater.co/v3/images/e495bd0f07e844199ded281009c7e419", "PumpMotorModelNumber": null, "Pumpheadmodelnumber": null, "Typeandsizeofcasing": null, "Wellpumpremarks": null, "Isasensorinstalledatthesite": null, "Typeofsensorinstalled": null, "TypeofsensorinstalledOtherspecify": null, "Managementbody": null, "Currentmanagementstatus": null, "Whatisthemethodofpayment1": null, "WhatisthemethodofpaymentOtherspecify1": null, "Whatisthemethodofpayment2": null, "Typeoftariffsystemmostcommon": null, "WhatisthetariffamountinKES": "#NULL!", "Isthereaspecialtariffforlivestockperanimal": null, "WhatisthetariffpercamelKES": null, "WhatisthetariffpercattleKES": null, "WhatisthetariffperhorsedonkeyKES": null, "WhatisthetariffpergoatsheepKES": "#NULL!", "Isthereatariffperinstitutionschoolshealthcentresetc": null, "WhatisthemonthlyinstitutionaltariffKES": "#NULL!", "Numberofinstitutionssuppliedbyschemethatpayamonthlyinstitutional": "#NULL!", "Whenthisboreholeisworkingfromwheredohouseholdsprimarilygettheirw": null, "Whenthisboreholeisworkingfromwheredohouseholdsprimarilygetthei_A": null, "WhenthisboreholeisworkinghowmanyHOURSperdaydohouseholdstypically": "#NULL!", "Whenthisboreholeisnotworkingfromwheredohouseholdsprimarilygetthe": null, "WhenthisboreholeisNOTworkingandhouseholdshavetouseanalternativew": null, "Hastherebeensomewaterqualitytestingforthisschemeinthepast": null, "Yearofmostrecentwaterqualitytestdone": null, "Whatwastheresult": null, "Aretherespecificcontaminantsofconcern": null, "AretherespecificcontaminantsofconcernOtherspecify": null, "MeasuredWaterQualityTemperature": null, "MeasuredWaterQualitySpecificconductancemicroSiemenspercm": null, "\u00a0MeasuredWaterQualityTotalDissolvedSolidsmilligramsliter": null, "Pleaseaddanotherrelevantnotesontheborehole": null, "V109": "#NULL!", "V110": "This shallow well dryed up and therefore it requires a replacement well"}, "geometry": {"type": "Point", "coordinates": [39.4746692, -0.2227444]}}, {"type": "Feature", "properties": {"Sno": 119, "SubCounty": "Balambala", "Ward": "Sankuri", "Village": "Dololoweyne", "Latitude": -0.270154599999994, "Longitude": 39.508642, "RuralUrban": "Rural", "DistancetonextstrategicBoreholekm": "2.00", "Totalnumberofhouseholdscurrentlyservedfromthescheme": "100.0", "WhatistheserviceareaforthisschemeHowmanykilometersfromheredothep": "2.0", "Isthisschemeusedforagricultureandirrigationbyfarmers": "No", "Howmanyfarmersusethisscheme\u00a0": "#NULL!", "Whatistheaveragesizedfarmthatusesthiswaterhectares\u00a0": "#NULL!", "Isthewaterschemeusedforlivestock": null, "Estimatednumberofcamelsusingschemeperday": "#NULL!", "Estimatednumberofcattleusingschemeperday": "#NULL!", "Estimatednumberofhorsesdonkeysusingwaterpointperday": "#NULL!", "Estimatednumberofgoatssheepusingwaterpointperday": "#NULL!", "Isthewaterschemeusedforwatertrucking": null, "Numberoftrucksfillingperday": "#NULL!", "Howmanytimesperweekdoesthewatertruckingoccur": "#NULL!", "Addanyothercommentsonwatertruckingdetails": null, "ConstructionyearofthewellboreholeinEFYortheyearofrehabilitation": null, "Boreholeorwelldepthmeters": "50.0", "Physicalstateofthewellborehole": "Good", "TypeofPower": "Solar", "Productionofsystemyieldordischargemeterscubedhour": "25", "Isthereawatermeteratthewatersource": "No", "Isthewatermeterworking": null, "Whatisthecurrentreadingofthewatermeter": "#NULL!", "Isthewaterschemecurrentlyfunctional": null, "Pleasetakeapictureillustratingthenonfunctionalityorpartialfuncti": "https://api.mwater.co/v3/images/1c4c2c6d702e4996a1003fb8e33b7d61", "Maincauseofnonfunctionalityorpartialfunctionality": null, "MaincauseofnonfunctionalityorpartialfunctionalityOtherspecify": null, "Numberofmonthssincenonfunctional": null, "Doestheschemehaveanyemergingproblemsthatmightleadtononfunctional": null, "Pleasedescribetheproblemsthatmightleadtononfunctionalityinthenea": null, "Wasthewaterschemeoutofserviceoneormoredaysinthelastmonth": null, "Numberofdaysoutofserviceinthelastmonth": "#NULL!", "Dateoflastserviceorrepair": "17-Feb-20", "Howmanytimeshasthewaterschemebrokeninthelastyear": "#NULL!", "Describethefunctionalityproblemsoverthepastyear": null, "Howmanydaysperweekdoesthepumprunonaverage": "#NULL!", "Howmanyhoursperdaydoesthepumprunonaverage": "#NULL!", "Isthisaseasonalwaterschemethatcommonlyfailsinthedryseason": null, "Isthepumpusedlessduringwetrainyseason": null, "Duringwetrainyseasonshowmanydaysaweekdoesthepumprunonaverage": "#NULL!", "Duringwetrainyseasonshowmanyhoursperdaydoesthepumprunonaverage": "#NULL!", "SolarPanelpowerratingWatts": null, "SolarPanelCondition": null, "Yearwhengeneratorwasinstalledoryearofreinstallation": null, "Physicalstateofthegenerator": null, "Generatorbrand": "Lister", "GeneratorbrandOtherspecify": null, "Generatormodel": "Lister", "Generatorserialnumber": null, "GeneratormaxAmpsstartingamps": "18.0", "Generatorpicture": "https://api.mwater.co/v3/images/78bd543e69b3450492e4ed7c11605e22", "PumpControllerManufacturer1": null, "PumpControllerManufacturerOtherspecify": null, "PumpControllerModelNumber": null, "Pictureofpumpcontroller": null, "PumpMotorModelNumber": null, "Pumpheadmodelnumber": null, "Typeandsizeofcasing": "Plastic 6mm", "Wellpumpremarks": "Good", "Isasensorinstalledatthesite": null, "Typeofsensorinstalled": null, "TypeofsensorinstalledOtherspecify": null, "Managementbody": null, "Currentmanagementstatus": null, "Whatisthemethodofpayment1": null, "WhatisthemethodofpaymentOtherspecify1": null, "Whatisthemethodofpayment2": null, "Typeoftariffsystemmostcommon": null, "WhatisthetariffamountinKES": "#NULL!", "Isthereaspecialtariffforlivestockperanimal": null, "WhatisthetariffpercamelKES": null, "WhatisthetariffpercattleKES": null, "WhatisthetariffperhorsedonkeyKES": null, "WhatisthetariffpergoatsheepKES": "#NULL!", "Isthereatariffperinstitutionschoolshealthcentresetc": null, "WhatisthemonthlyinstitutionaltariffKES": "#NULL!", "Numberofinstitutionssuppliedbyschemethatpayamonthlyinstitutional": "#NULL!", "Whenthisboreholeisworkingfromwheredohouseholdsprimarilygettheirw": null, "Whenthisboreholeisworkingfromwheredohouseholdsprimarilygetthei_A": null, "WhenthisboreholeisworkinghowmanyHOURSperdaydohouseholdstypically": "#NULL!", "Whenthisboreholeisnotworkingfromwheredohouseholdsprimarilygetthe": null, "WhenthisboreholeisNOTworkingandhouseholdshavetouseanalternativew": "River tana", "Hastherebeensomewaterqualitytestingforthisschemeinthepast": null, "Yearofmostrecentwaterqualitytestdone": null, "Whatwastheresult": null, "Aretherespecificcontaminantsofconcern": null, "AretherespecificcontaminantsofconcernOtherspecify": null, "MeasuredWaterQualityTemperature": null, "MeasuredWaterQualitySpecificconductancemicroSiemenspercm": null, "\u00a0MeasuredWaterQualityTotalDissolvedSolidsmilligramsliter": null, "Pleaseaddanotherrelevantnotesontheborehole": null, "V109": "#NULL!", "V110": null}, "geometry": {"type": "Point", "coordinates": [39.508642, -0.2701546]}}, {"type": "Feature", "properties": {"Sno": 120, "SubCounty": null, "Ward": "Jarajara", "Village": "Kone", "Latitude": -0.0551810000000125, "Longitude": 38.9871424, "RuralUrban": null, "DistancetonextstrategicBoreholekm": "#NULL!", "Totalnumberofhouseholdscurrentlyservedfromthescheme": "#NULL!", "WhatistheserviceareaforthisschemeHowmanykilometersfromheredothep": "#NULL!", "Isthisschemeusedforagricultureandirrigationbyfarmers": null, "Howmanyfarmersusethisscheme\u00a0": "#NULL!", "Whatistheaveragesizedfarmthatusesthiswaterhectares\u00a0": "#NULL!", "Isthewaterschemeusedforlivestock": null, "Estimatednumberofcamelsusingschemeperday": "#NULL!", "Estimatednumberofcattleusingschemeperday": "#NULL!", "Estimatednumberofhorsesdonkeysusingwaterpointperday": "#NULL!", "Estimatednumberofgoatssheepusingwaterpointperday": "#NULL!", "Isthewaterschemeusedforwatertrucking": null, "Numberoftrucksfillingperday": "#NULL!", "Howmanytimesperweekdoesthewatertruckingoccur": "#NULL!", "Addanyothercommentsonwatertruckingdetails": null, "ConstructionyearofthewellboreholeinEFYortheyearofrehabilitation": null, "Boreholeorwelldepthmeters": "#NULL!", "Physicalstateofthewellborehole": null, "TypeofPower": null, "Productionofsystemyieldordischargemeterscubedhour": null, "Isthereawatermeteratthewatersource": null, "Isthewatermeterworking": null, "Whatisthecurrentreadingofthewatermeter": "#NULL!", "Isthewaterschemecurrentlyfunctional": null, "Pleasetakeapictureillustratingthenonfunctionalityorpartialfuncti": "https://api.mwater.co/v3/images/2b9ab5b2d2d24d0196df5d6b88b22c38", "Maincauseofnonfunctionalityorpartialfunctionality": null, "MaincauseofnonfunctionalityorpartialfunctionalityOtherspecify": null, "Numberofmonthssincenonfunctional": null, "Doestheschemehaveanyemergingproblemsthatmightleadtononfunctional": null, "Pleasedescribetheproblemsthatmightleadtononfunctionalityinthenea": null, "Wasthewaterschemeoutofserviceoneormoredaysinthelastmonth": null, "Numberofdaysoutofserviceinthelastmonth": "#NULL!", "Dateoflastserviceorrepair": "#NULL!", "Howmanytimeshasthewaterschemebrokeninthelastyear": "#NULL!", "Describethefunctionalityproblemsoverthepastyear": null, "Howmanydaysperweekdoesthepumprunonaverage": "#NULL!", "Howmanyhoursperdaydoesthepumprunonaverage": "#NULL!", "Isthisaseasonalwaterschemethatcommonlyfailsinthedryseason": null, "Isthepumpusedlessduringwetrainyseason": null, "Duringwetrainyseasonshowmanydaysaweekdoesthepumprunonaverage": "#NULL!", "Duringwetrainyseasonshowmanyhoursperdaydoesthepumprunonaverage": "#NULL!", "SolarPanelpowerratingWatts": null, "SolarPanelCondition": null, "Yearwhengeneratorwasinstalledoryearofreinstallation": null, "Physicalstateofthegenerator": null, "Generatorbrand": null, "GeneratorbrandOtherspecify": null, "Generatormodel": null, "Generatorserialnumber": null, "GeneratormaxAmpsstartingamps": "#NULL!", "Generatorpicture": "https://api.mwater.co/v3/images/73b25d5d66944463a8c5e3df28f709de; https://api.mwater.co/v3/images/e88ec074a04d40159ef2e97a3453a825; https://api.mwater.co/v3/images/0729ff0c0cf247b98d9a066f8c3e5b2c; https://api.mwater.co/v3/images/25c7deffb3fe4e5ea398a404f767e85d", "PumpControllerManufacturer1": null, "PumpControllerManufacturerOtherspecify": null, "PumpControllerModelNumber": null, "Pictureofpumpcontroller": "https://api.mwater.co/v3/images/881883df526b4ea792215bc704d2bc97", "PumpMotorModelNumber": null, "Pumpheadmodelnumber": null, "Typeandsizeofcasing": null, "Wellpumpremarks": null, "Isasensorinstalledatthesite": null, "Typeofsensorinstalled": null, "TypeofsensorinstalledOtherspecify": null, "Managementbody": null, "Currentmanagementstatus": null, "Whatisthemethodofpayment1": null, "WhatisthemethodofpaymentOtherspecify1": null, "Whatisthemethodofpayment2": null, "Typeoftariffsystemmostcommon": null, "WhatisthetariffamountinKES": "#NULL!", "Isthereaspecialtariffforlivestockperanimal": null, "WhatisthetariffpercamelKES": null, "WhatisthetariffpercattleKES": null, "WhatisthetariffperhorsedonkeyKES": null, "WhatisthetariffpergoatsheepKES": "#NULL!", "Isthereatariffperinstitutionschoolshealthcentresetc": null, "WhatisthemonthlyinstitutionaltariffKES": "#NULL!", "Numberofinstitutionssuppliedbyschemethatpayamonthlyinstitutional": "#NULL!", "Whenthisboreholeisworkingfromwheredohouseholdsprimarilygettheirw": null, "Whenthisboreholeisworkingfromwheredohouseholdsprimarilygetthei_A": null, "WhenthisboreholeisworkinghowmanyHOURSperdaydohouseholdstypically": "#NULL!", "Whenthisboreholeisnotworkingfromwheredohouseholdsprimarilygetthe": null, "WhenthisboreholeisNOTworkingandhouseholdshavetouseanalternativew": null, "Hastherebeensomewaterqualitytestingforthisschemeinthepast": null, "Yearofmostrecentwaterqualitytestdone": null, "Whatwastheresult": null, "Aretherespecificcontaminantsofconcern": null, "AretherespecificcontaminantsofconcernOtherspecify": null, "MeasuredWaterQualityTemperature": null, "MeasuredWaterQualitySpecificconductancemicroSiemenspercm": null, "\u00a0MeasuredWaterQualityTotalDissolvedSolidsmilligramsliter": null, "Pleaseaddanotherrelevantnotesontheborehole": null, "V109": "#NULL!", "V110": null}, "geometry": {"type": "Point", "coordinates": [38.9871424, -0.055181]}}, {"type": "Feature", "properties": {"Sno": 121, "SubCounty": "DADAAB", "Ward": "Liboi", "Village": "Liboi", "Latitude": 0.353496699999983, "Longitude": 40.8770408, "RuralUrban": "Rural", "DistancetonextstrategicBoreholekm": "1.00", "Totalnumberofhouseholdscurrentlyservedfromthescheme": "50.0", "WhatistheserviceareaforthisschemeHowmanykilometersfromheredothep": "1.5", "Isthisschemeusedforagricultureandirrigationbyfarmers": "No", "Howmanyfarmersusethisscheme\u00a0": "#NULL!", "Whatistheaveragesizedfarmthatusesthiswaterhectares\u00a0": "#NULL!", "Isthewaterschemeusedforlivestock": "No", "Estimatednumberofcamelsusingschemeperday": "#NULL!", "Estimatednumberofcattleusingschemeperday": "#NULL!", "Estimatednumberofhorsesdonkeysusingwaterpointperday": "#NULL!", "Estimatednumberofgoatssheepusingwaterpointperday": "#NULL!", "Isthewaterschemeusedforwatertrucking": null, "Numberoftrucksfillingperday": "#NULL!", "Howmanytimesperweekdoesthewatertruckingoccur": "#NULL!", "Addanyothercommentsonwatertruckingdetails": null, "ConstructionyearofthewellboreholeinEFYortheyearofrehabilitation": "44608", "Boreholeorwelldepthmeters": "180.0", "Physicalstateofthewellborehole": "Good but steel tank leaking", "TypeofPower": "Generator", "Productionofsystemyieldordischargemeterscubedhour": "14", "Isthereawatermeteratthewatersource": "Yes", "Isthewatermeterworking": "Yes", "Whatisthecurrentreadingofthewatermeter": "13211.000000000", "Isthewaterschemecurrentlyfunctional": "Yes", "Pleasetakeapictureillustratingthenonfunctionalityorpartialfuncti": "https://api.mwater.co/v3/images/8fb40af99d2f44da8309c6d3a100dad2", "Maincauseofnonfunctionalityorpartialfunctionality": "Steel leaking and pump", "MaincauseofnonfunctionalityorpartialfunctionalityOtherspecify": "Plate leaking", "Numberofmonthssincenonfunctional": "2 years", "Doestheschemehaveanyemergingproblemsthatmightleadtononfunctional": "Yes", "Pleasedescribetheproblemsthatmightleadtononfunctionalityinthenea": "Pump failure", "Wasthewaterschemeoutofserviceoneormoredaysinthelastmonth": "No", "Numberofdaysoutofserviceinthelastmonth": "10.0", "Dateoflastserviceorrepair": "16-Feb-22", "Howmanytimeshasthewaterschemebrokeninthelastyear": "1.0", "Describethefunctionalityproblemsoverthepastyear": "Pump failure", "Howmanydaysperweekdoesthepumprunonaverage": "7.0", "Howmanyhoursperdaydoesthepumprunonaverage": "12.0", "Isthisaseasonalwaterschemethatcommonlyfailsinthedryseason": "No", "Isthepumpusedlessduringwetrainyseason": "No", "Duringwetrainyseasonshowmanydaysaweekdoesthepumprunonaverage": "7.0", "Duringwetrainyseasonshowmanyhoursperdaydoesthepumprunonaverage": "7.0", "SolarPanelpowerratingWatts": null, "SolarPanelCondition": null, "Yearwhengeneratorwasinstalledoryearofreinstallation": "42936", "Physicalstateofthegenerator": "Good", "Generatorbrand": "Meico", "GeneratorbrandOtherspecify": null, "Generatormodel": "1103A-33G", "Generatorserialnumber": null, "GeneratormaxAmpsstartingamps": "50.0", "Generatorpicture": "https://api.mwater.co/v3/images/24c63378ee1a43a1bf81ce5b6edb1d4f", "PumpControllerManufacturer1": null, "PumpControllerManufacturerOtherspecify": null, "PumpControllerModelNumber": "DSE6010MKII", "Pictureofpumpcontroller": "https://api.mwater.co/v3/images/bccc19d4accd43dda74977280106f074", "PumpMotorModelNumber": null, "Pumpheadmodelnumber": null, "Typeandsizeofcasing": "GI 6\"", "Wellpumpremarks": "Borehole", "Isasensorinstalledatthesite": "No", "Typeofsensorinstalled": null, "TypeofsensorinstalledOtherspecify": null, "Managementbody": "Water Management Committee", "Currentmanagementstatus": "Good", "Whatisthemethodofpayment1": "Cash", "WhatisthemethodofpaymentOtherspecify1": null, "Whatisthemethodofpayment2": null, "Typeoftariffsystemmostcommon": "Fixed", "WhatisthetariffamountinKES": "1500.0", "Isthereaspecialtariffforlivestockperanimal": "No", "WhatisthetariffpercamelKES": null, "WhatisthetariffpercattleKES": null, "WhatisthetariffperhorsedonkeyKES": null, "WhatisthetariffpergoatsheepKES": "#NULL!", "Isthereatariffperinstitutionschoolshealthcentresetc": "Yes", "WhatisthemonthlyinstitutionaltariffKES": "1.0", "Numberofinstitutionssuppliedbyschemethatpayamonthlyinstitutional": "3.0", "Whenthisboreholeisworkingfromwheredohouseholdsprimarilygettheirw": "Piped water", "Whenthisboreholeisworkingfromwheredohouseholdsprimarilygetthei_A": null, "WhenthisboreholeisworkinghowmanyHOURSperdaydohouseholdstypically": "2.0", "Whenthisboreholeisnotworkingfromwheredohouseholdsprimarilygetthe": "Water vendors", "WhenthisboreholeisNOTworkingandhouseholdshavetouseanalternativew": "5", "Hastherebeensomewaterqualitytestingforthisschemeinthepast": "No", "Yearofmostrecentwaterqualitytestdone": null, "Whatwastheresult": null, "Aretherespecificcontaminantsofconcern": "Complaint of typhoid and pain at joints", "AretherespecificcontaminantsofconcernOtherspecify": null, "MeasuredWaterQualityTemperature": null, "MeasuredWaterQualitySpecificconductancemicroSiemenspercm": "1", "\u00a0MeasuredWaterQualityTotalDissolvedSolidsmilligramsliter": null, "Pleaseaddanotherrelevantnotesontheborehole": "1", "V109": "#NULL!", "V110": "Water quality testing is required \nReplacement/repair of steel tank \nPiping system \nWater meters for household and installations"}, "geometry": {"type": "Point", "coordinates": [40.8770408, 0.353496699999983]}}, {"type": "Feature", "properties": {"Sno": 122, "SubCounty": "Dadaab", "Ward": "Liboi", "Village": "Township", "Latitude": 0.3523345, "Longitude": 40.8734585, "RuralUrban": "Rural", "DistancetonextstrategicBoreholekm": "1.50", "Totalnumberofhouseholdscurrentlyservedfromthescheme": "250.0", "WhatistheserviceareaforthisschemeHowmanykilometersfromheredothep": "3.0", "Isthisschemeusedforagricultureandirrigationbyfarmers": "No", "Howmanyfarmersusethisscheme\u00a0": "#NULL!", "Whatistheaveragesizedfarmthatusesthiswaterhectares\u00a0": "#NULL!", "Isthewaterschemeusedforlivestock": "No", "Estimatednumberofcamelsusingschemeperday": "#NULL!", "Estimatednumberofcattleusingschemeperday": "#NULL!", "Estimatednumberofhorsesdonkeysusingwaterpointperday": "#NULL!", "Estimatednumberofgoatssheepusingwaterpointperday": "#NULL!", "Isthewaterschemeusedforwatertrucking": "No", "Numberoftrucksfillingperday": "#NULL!", "Howmanytimesperweekdoesthewatertruckingoccur": "#NULL!", "Addanyothercommentsonwatertruckingdetails": null, "ConstructionyearofthewellboreholeinEFYortheyearofrehabilitation": "33239", "Boreholeorwelldepthmeters": "180.0", "Physicalstateofthewellborehole": "Good though steel tank leaking", "TypeofPower": "Hybrid", "Productionofsystemyieldordischargemeterscubedhour": "15", "Isthereawatermeteratthewatersource": "No", "Isthewatermeterworking": "No", "Whatisthecurrentreadingofthewatermeter": "#NULL!", "Isthewaterschemecurrentlyfunctional": "Yes", "Pleasetakeapictureillustratingthenonfunctionalityorpartialfuncti": "https://api.mwater.co/v3/images/91c3bab9584e4c9580e07612d29d1aa8", "Maincauseofnonfunctionalityorpartialfunctionality": "Steel plate leaking ,generator mechanical failure", "MaincauseofnonfunctionalityorpartialfunctionalityOtherspecify": "Generator mechanical failure ,steel plate leaking", "Numberofmonthssincenonfunctional": "1 year", "Doestheschemehaveanyemergingproblemsthatmightleadtononfunctional": "Yes", "Pleasedescribetheproblemsthatmightleadtononfunctionalityinthenea": "Tank base plate leaking might increase if not replaced urgently \nGenerator injector failure", "Wasthewaterschemeoutofserviceoneormoredaysinthelastmonth": "Yes", "Numberofdaysoutofserviceinthelastmonth": "7.0", "Dateoflastserviceorrepair": "10-Jan-22", "Howmanytimeshasthewaterschemebrokeninthelastyear": "1.0", "Describethefunctionalityproblemsoverthepastyear": "Pump failure \nGenerator injector failure", "Howmanydaysperweekdoesthepumprunonaverage": "7.0", "Howmanyhoursperdaydoesthepumprunonaverage": "12.0", "Isthisaseasonalwaterschemethatcommonlyfailsinthedryseason": "No", "Isthepumpusedlessduringwetrainyseason": "No", "Duringwetrainyseasonshowmanydaysaweekdoesthepumprunonaverage": "7.0", "Duringwetrainyseasonshowmanyhoursperdaydoesthepumprunonaverage": "7.0", "SolarPanelpowerratingWatts": "340", "SolarPanelCondition": "Good", "Yearwhengeneratorwasinstalledoryearofreinstallation": "44608", "Physicalstateofthegenerator": "Good but had mechanical problems", "Generatorbrand": null, "GeneratorbrandOtherspecify": null, "Generatormodel": "DAYLIF ISU25S", "Generatorserialnumber": null, "GeneratormaxAmpsstartingamps": "#NULL!", "Generatorpicture": "https://api.mwater.co/v3/images/ce379a2fe40c41568dea06a601fc2deb; https://api.mwater.co/v3/images/bc4fbb0a7cb14f6da01fe177e798a4ce; https://api.mwater.co/v3/images/2505850c821b441ebca4e5fa6f067b70", "PumpControllerManufacturer1": null, "PumpControllerManufacturerOtherspecify": null, "PumpControllerModelNumber": "DAYLIFF", "Pictureofpumpcontroller": "https://api.mwater.co/v3/images/4cd64a9c486742a3bd3fd4e94aa7649f", "PumpMotorModelNumber": null, "Pumpheadmodelnumber": null, "Typeandsizeofcasing": "6\" GI", "Wellpumpremarks": null, "Isasensorinstalledatthesite": "No", "Typeofsensorinstalled": null, "TypeofsensorinstalledOtherspecify": null, "Managementbody": "Water Management Committee", "Currentmanagementstatus": "Excellent", "Whatisthemethodofpayment1": "Cash", "WhatisthemethodofpaymentOtherspecify1": null, "Whatisthemethodofpayment2": null, "Typeoftariffsystemmostcommon": "Fixed", "WhatisthetariffamountinKES": "1500.0", "Isthereaspecialtariffforlivestockperanimal": "No", "WhatisthetariffpercamelKES": null, "WhatisthetariffpercattleKES": null, "WhatisthetariffperhorsedonkeyKES": null, "WhatisthetariffpergoatsheepKES": "#NULL!", "Isthereatariffperinstitutionschoolshealthcentresetc": "Yes", "WhatisthemonthlyinstitutionaltariffKES": "1000.0", "Numberofinstitutionssuppliedbyschemethatpayamonthlyinstitutional": "3.0", "Whenthisboreholeisworkingfromwheredohouseholdsprimarilygettheirw": "Piped water", "Whenthisboreholeisworkingfromwheredohouseholdsprimarilygetthei_A": null, "WhenthisboreholeisworkinghowmanyHOURSperdaydohouseholdstypically": "2.0", "Whenthisboreholeisnotworkingfromwheredohouseholdsprimarilygetthe": "Next borehole through water vendors", "WhenthisboreholeisNOTworkingandhouseholdshavetouseanalternativew": "5", "Hastherebeensomewaterqualitytestingforthisschemeinthepast": "No", "Yearofmostrecentwaterqualitytestdone": null, "Whatwastheresult": null, "Aretherespecificcontaminantsofconcern": "Complaint of typhoid and joint pain", "AretherespecificcontaminantsofconcernOtherspecify": null, "MeasuredWaterQualityTemperature": null, "MeasuredWaterQualitySpecificconductancemicroSiemenspercm": "1", "\u00a0MeasuredWaterQualityTotalDissolvedSolidsmilligramsliter": null, "Pleaseaddanotherrelevantnotesontheborehole": "1", "V109": "#NULL!", "V110": "Water quality testing is required \nReplacement/repair of steel tank \nPiping \nWater meters for household and institution"}, "geometry": {"type": "Point", "coordinates": [40.8734585, 0.3523345]}}, {"type": "Feature", "properties": {"Sno": 123, "SubCounty": "Lagdera", "Ward": "Maalimin", "Village": "Dihle", "Latitude": 0.547284899999983, "Longitude": 39.2802606, "RuralUrban": "Rural", "DistancetonextstrategicBoreholekm": "20.00", "Totalnumberofhouseholdscurrentlyservedfromthescheme": "150.0", "WhatistheserviceareaforthisschemeHowmanykilometersfromheredothep": "0.2", "Isthisschemeusedforagricultureandirrigationbyfarmers": "No", "Howmanyfarmersusethisscheme\u00a0": "#NULL!", "Whatistheaveragesizedfarmthatusesthiswaterhectares\u00a0": "#NULL!", "Isthewaterschemeusedforlivestock": null, "Estimatednumberofcamelsusingschemeperday": "#NULL!", "Estimatednumberofcattleusingschemeperday": "#NULL!", "Estimatednumberofhorsesdonkeysusingwaterpointperday": "10.0", "Estimatednumberofgoatssheepusingwaterpointperday": "200.0", "Isthewaterschemeusedforwatertrucking": "No", "Numberoftrucksfillingperday": "#NULL!", "Howmanytimesperweekdoesthewatertruckingoccur": "#NULL!", "Addanyothercommentsonwatertruckingdetails": null, "ConstructionyearofthewellboreholeinEFYortheyearofrehabilitation": "40226", "Boreholeorwelldepthmeters": "170.0", "Physicalstateofthewellborehole": "Good", "TypeofPower": "Generator", "Productionofsystemyieldordischargemeterscubedhour": "3", "Isthereawatermeteratthewatersource": "No", "Isthewatermeterworking": null, "Whatisthecurrentreadingofthewatermeter": "#NULL!", "Isthewaterschemecurrentlyfunctional": null, "Pleasetakeapictureillustratingthenonfunctionalityorpartialfuncti": "https://api.mwater.co/v3/images/87cfd678ced74e459d420da184cfbe1a", "Maincauseofnonfunctionalityorpartialfunctionality": null, "MaincauseofnonfunctionalityorpartialfunctionalityOtherspecify": null, "Numberofmonthssincenonfunctional": null, "Doestheschemehaveanyemergingproblemsthatmightleadtononfunctional": null, "Pleasedescribetheproblemsthatmightleadtononfunctionalityinthenea": null, "Wasthewaterschemeoutofserviceoneormoredaysinthelastmonth": "Yes", "Numberofdaysoutofserviceinthelastmonth": "30.0", "Dateoflastserviceorrepair": "17-Feb-21", "Howmanytimeshasthewaterschemebrokeninthelastyear": "1.0", "Describethefunctionalityproblemsoverthepastyear": "The borehole discharge has reduced, to reduce the operational costs a solar system is required", "Howmanydaysperweekdoesthepumprunonaverage": "#NULL!", "Howmanyhoursperdaydoesthepumprunonaverage": "10.0", "Isthisaseasonalwaterschemethatcommonlyfailsinthedryseason": "No", "Isthepumpusedlessduringwetrainyseason": "Yes", "Duringwetrainyseasonshowmanydaysaweekdoesthepumprunonaverage": "5.0", "Duringwetrainyseasonshowmanyhoursperdaydoesthepumprunonaverage": "6.0", "SolarPanelpowerratingWatts": null, "SolarPanelCondition": null, "Yearwhengeneratorwasinstalledoryearofreinstallation": "43878", "Physicalstateofthegenerator": "Good", "Generatorbrand": null, "GeneratorbrandOtherspecify": null, "Generatormodel": "Perkins", "Generatorserialnumber": null, "GeneratormaxAmpsstartingamps": "30.0", "Generatorpicture": "https://api.mwater.co/v3/images/a7fd5b9bc1c74439ae4aa91f014e15b3; https://api.mwater.co/v3/images/da7c2eb086404a9380a2e40a333a47dc", "PumpControllerManufacturer1": null, "PumpControllerManufacturerOtherspecify": null, "PumpControllerModelNumber": null, "Pictureofpumpcontroller": "https://api.mwater.co/v3/images/1075b0a3c87d420ab000f3aa42a67dd2", "PumpMotorModelNumber": null, "Pumpheadmodelnumber": null, "Typeandsizeofcasing": null, "Wellpumpremarks": "Good", "Isasensorinstalledatthesite": null, "Typeofsensorinstalled": null, "TypeofsensorinstalledOtherspecify": null, "Managementbody": "WUA", "Currentmanagementstatus": "In place", "Whatisthemethodofpayment1": "Cash", "WhatisthemethodofpaymentOtherspecify1": null, "Whatisthemethodofpayment2": null, "Typeoftariffsystemmostcommon": null, "WhatisthetariffamountinKES": "5.0", "Isthereaspecialtariffforlivestockperanimal": null, "WhatisthetariffpercamelKES": null, "WhatisthetariffpercattleKES": null, "WhatisthetariffperhorsedonkeyKES": null, "WhatisthetariffpergoatsheepKES": "#NULL!", "Isthereatariffperinstitutionschoolshealthcentresetc": null, "WhatisthemonthlyinstitutionaltariffKES": "#NULL!", "Numberofinstitutionssuppliedbyschemethatpayamonthlyinstitutional": "#NULL!", "Whenthisboreholeisworkingfromwheredohouseholdsprimarilygettheirw": null, "Whenthisboreholeisworkingfromwheredohouseholdsprimarilygetthei_A": null, "WhenthisboreholeisworkinghowmanyHOURSperdaydohouseholdstypically": "#NULL!", "Whenthisboreholeisnotworkingfromwheredohouseholdsprimarilygetthe": "Water tracking", "WhenthisboreholeisNOTworkingandhouseholdshavetouseanalternativew": null, "Hastherebeensomewaterqualitytestingforthisschemeinthepast": null, "Yearofmostrecentwaterqualitytestdone": null, "Whatwastheresult": null, "Aretherespecificcontaminantsofconcern": null, "AretherespecificcontaminantsofconcernOtherspecify": null, "MeasuredWaterQualityTemperature": null, "MeasuredWaterQualitySpecificconductancemicroSiemenspercm": null, "\u00a0MeasuredWaterQualityTotalDissolvedSolidsmilligramsliter": null, "Pleaseaddanotherrelevantnotesontheborehole": null, "V109": "#NULL!", "V110": null}, "geometry": {"type": "Point", "coordinates": [39.2802606, 0.547284899999983]}}, {"type": "Feature", "properties": {"Sno": 124, "SubCounty": "Balambala", "Ward": "Danyere", "Village": "Omar muhumed 2", "Latitude": 0.149833899999985, "Longitude": 39.105378, "RuralUrban": null, "DistancetonextstrategicBoreholekm": "#NULL!", "Totalnumberofhouseholdscurrentlyservedfromthescheme": "#NULL!", "WhatistheserviceareaforthisschemeHowmanykilometersfromheredothep": "#NULL!", "Isthisschemeusedforagricultureandirrigationbyfarmers": null, "Howmanyfarmersusethisscheme\u00a0": "#NULL!", "Whatistheaveragesizedfarmthatusesthiswaterhectares\u00a0": "#NULL!", "Isthewaterschemeusedforlivestock": null, "Estimatednumberofcamelsusingschemeperday": "#NULL!", "Estimatednumberofcattleusingschemeperday": "#NULL!", "Estimatednumberofhorsesdonkeysusingwaterpointperday": "#NULL!", "Estimatednumberofgoatssheepusingwaterpointperday": "#NULL!", "Isthewaterschemeusedforwatertrucking": null, "Numberoftrucksfillingperday": "#NULL!", "Howmanytimesperweekdoesthewatertruckingoccur": "#NULL!", "Addanyothercommentsonwatertruckingdetails": null, "ConstructionyearofthewellboreholeinEFYortheyearofrehabilitation": null, "Boreholeorwelldepthmeters": "#NULL!", "Physicalstateofthewellborehole": null, "TypeofPower": null, "Productionofsystemyieldordischargemeterscubedhour": null, "Isthereawatermeteratthewatersource": null, "Isthewatermeterworking": null, "Whatisthecurrentreadingofthewatermeter": "#NULL!", "Isthewaterschemecurrentlyfunctional": null, "Pleasetakeapictureillustratingthenonfunctionalityorpartialfuncti": "https://api.mwater.co/v3/images/a23ac1180d884a3db91dc4370d744d5d", "Maincauseofnonfunctionalityorpartialfunctionality": "Dry borehole", "MaincauseofnonfunctionalityorpartialfunctionalityOtherspecify": null, "Numberofmonthssincenonfunctional": null, "Doestheschemehaveanyemergingproblemsthatmightleadtononfunctional": null, "Pleasedescribetheproblemsthatmightleadtononfunctionalityinthenea": null, "Wasthewaterschemeoutofserviceoneormoredaysinthelastmonth": null, "Numberofdaysoutofserviceinthelastmonth": "#NULL!", "Dateoflastserviceorrepair": "#NULL!", "Howmanytimeshasthewaterschemebrokeninthelastyear": "#NULL!", "Describethefunctionalityproblemsoverthepastyear": null, "Howmanydaysperweekdoesthepumprunonaverage": "#NULL!", "Howmanyhoursperdaydoesthepumprunonaverage": "#NULL!", "Isthisaseasonalwaterschemethatcommonlyfailsinthedryseason": null, "Isthepumpusedlessduringwetrainyseason": null, "Duringwetrainyseasonshowmanydaysaweekdoesthepumprunonaverage": "#NULL!", "Duringwetrainyseasonshowmanyhoursperdaydoesthepumprunonaverage": "#NULL!", "SolarPanelpowerratingWatts": null, "SolarPanelCondition": null, "Yearwhengeneratorwasinstalledoryearofreinstallation": null, "Physicalstateofthegenerator": null, "Generatorbrand": null, "GeneratorbrandOtherspecify": null, "Generatormodel": null, "Generatorserialnumber": null, "GeneratormaxAmpsstartingamps": "#NULL!", "Generatorpicture": null, "PumpControllerManufacturer1": null, "PumpControllerManufacturerOtherspecify": null, "PumpControllerModelNumber": null, "Pictureofpumpcontroller": null, "PumpMotorModelNumber": null, "Pumpheadmodelnumber": null, "Typeandsizeofcasing": null, "Wellpumpremarks": null, "Isasensorinstalledatthesite": null, "Typeofsensorinstalled": null, "TypeofsensorinstalledOtherspecify": null, "Managementbody": null, "Currentmanagementstatus": null, "Whatisthemethodofpayment1": null, "WhatisthemethodofpaymentOtherspecify1": null, "Whatisthemethodofpayment2": null, "Typeoftariffsystemmostcommon": null, "WhatisthetariffamountinKES": "#NULL!", "Isthereaspecialtariffforlivestockperanimal": null, "WhatisthetariffpercamelKES": null, "WhatisthetariffpercattleKES": null, "WhatisthetariffperhorsedonkeyKES": null, "WhatisthetariffpergoatsheepKES": "#NULL!", "Isthereatariffperinstitutionschoolshealthcentresetc": null, "WhatisthemonthlyinstitutionaltariffKES": "#NULL!", "Numberofinstitutionssuppliedbyschemethatpayamonthlyinstitutional": "#NULL!", "Whenthisboreholeisworkingfromwheredohouseholdsprimarilygettheirw": null, "Whenthisboreholeisworkingfromwheredohouseholdsprimarilygetthei_A": null, "WhenthisboreholeisworkinghowmanyHOURSperdaydohouseholdstypically": "#NULL!", "Whenthisboreholeisnotworkingfromwheredohouseholdsprimarilygetthe": null, "WhenthisboreholeisNOTworkingandhouseholdshavetouseanalternativew": null, "Hastherebeensomewaterqualitytestingforthisschemeinthepast": null, "Yearofmostrecentwaterqualitytestdone": null, "Whatwastheresult": null, "Aretherespecificcontaminantsofconcern": null, "AretherespecificcontaminantsofconcernOtherspecify": null, "MeasuredWaterQualityTemperature": null, "MeasuredWaterQualitySpecificconductancemicroSiemenspercm": null, "\u00a0MeasuredWaterQualityTotalDissolvedSolidsmilligramsliter": null, "Pleaseaddanotherrelevantnotesontheborehole": null, "V109": "#NULL!", "V110": "This borehole is dry"}, "geometry": {"type": "Point", "coordinates": [39.105378, 0.149833899999985]}}, {"type": "Feature", "properties": {"Sno": 125, "SubCounty": "Balambala", "Ward": "Danyere", "Village": "Hagarjerel2", "Latitude": 0.296216799999989, "Longitude": 38.7574628, "RuralUrban": null, "DistancetonextstrategicBoreholekm": "#NULL!", "Totalnumberofhouseholdscurrentlyservedfromthescheme": "#NULL!", "WhatistheserviceareaforthisschemeHowmanykilometersfromheredothep": "#NULL!", "Isthisschemeusedforagricultureandirrigationbyfarmers": null, "Howmanyfarmersusethisscheme\u00a0": "#NULL!", "Whatistheaveragesizedfarmthatusesthiswaterhectares\u00a0": "#NULL!", "Isthewaterschemeusedforlivestock": null, "Estimatednumberofcamelsusingschemeperday": "#NULL!", "Estimatednumberofcattleusingschemeperday": "#NULL!", "Estimatednumberofhorsesdonkeysusingwaterpointperday": "#NULL!", "Estimatednumberofgoatssheepusingwaterpointperday": "#NULL!", "Isthewaterschemeusedforwatertrucking": null, "Numberoftrucksfillingperday": "#NULL!", "Howmanytimesperweekdoesthewatertruckingoccur": "#NULL!", "Addanyothercommentsonwatertruckingdetails": null, "ConstructionyearofthewellboreholeinEFYortheyearofrehabilitation": null, "Boreholeorwelldepthmeters": "#NULL!", "Physicalstateofthewellborehole": null, "TypeofPower": null, "Productionofsystemyieldordischargemeterscubedhour": null, "Isthereawatermeteratthewatersource": null, "Isthewatermeterworking": null, "Whatisthecurrentreadingofthewatermeter": "#NULL!", "Isthewaterschemecurrentlyfunctional": null, "Pleasetakeapictureillustratingthenonfunctionalityorpartialfuncti": "https://api.mwater.co/v3/images/ec9c04f82a774f92a7ee7bb0ba1a8cc4", "Maincauseofnonfunctionalityorpartialfunctionality": null, "MaincauseofnonfunctionalityorpartialfunctionalityOtherspecify": null, "Numberofmonthssincenonfunctional": null, "Doestheschemehaveanyemergingproblemsthatmightleadtononfunctional": null, "Pleasedescribetheproblemsthatmightleadtononfunctionalityinthenea": null, "Wasthewaterschemeoutofserviceoneormoredaysinthelastmonth": null, "Numberofdaysoutofserviceinthelastmonth": "#NULL!", "Dateoflastserviceorrepair": "#NULL!", "Howmanytimeshasthewaterschemebrokeninthelastyear": "#NULL!", "Describethefunctionalityproblemsoverthepastyear": null, "Howmanydaysperweekdoesthepumprunonaverage": "#NULL!", "Howmanyhoursperdaydoesthepumprunonaverage": "#NULL!", "Isthisaseasonalwaterschemethatcommonlyfailsinthedryseason": null, "Isthepumpusedlessduringwetrainyseason": null, "Duringwetrainyseasonshowmanydaysaweekdoesthepumprunonaverage": "#NULL!", "Duringwetrainyseasonshowmanyhoursperdaydoesthepumprunonaverage": "#NULL!", "SolarPanelpowerratingWatts": null, "SolarPanelCondition": null, "Yearwhengeneratorwasinstalledoryearofreinstallation": null, "Physicalstateofthegenerator": null, "Generatorbrand": null, "GeneratorbrandOtherspecify": null, "Generatormodel": null, "Generatorserialnumber": null, "GeneratormaxAmpsstartingamps": "#NULL!", "Generatorpicture": null, "PumpControllerManufacturer1": null, "PumpControllerManufacturerOtherspecify": null, "PumpControllerModelNumber": null, "Pictureofpumpcontroller": null, "PumpMotorModelNumber": null, "Pumpheadmodelnumber": null, "Typeandsizeofcasing": null, "Wellpumpremarks": null, "Isasensorinstalledatthesite": null, "Typeofsensorinstalled": null, "TypeofsensorinstalledOtherspecify": null, "Managementbody": null, "Currentmanagementstatus": null, "Whatisthemethodofpayment1": null, "WhatisthemethodofpaymentOtherspecify1": null, "Whatisthemethodofpayment2": null, "Typeoftariffsystemmostcommon": null, "WhatisthetariffamountinKES": "#NULL!", "Isthereaspecialtariffforlivestockperanimal": null, "WhatisthetariffpercamelKES": null, "WhatisthetariffpercattleKES": null, "WhatisthetariffperhorsedonkeyKES": null, "WhatisthetariffpergoatsheepKES": "#NULL!", "Isthereatariffperinstitutionschoolshealthcentresetc": null, "WhatisthemonthlyinstitutionaltariffKES": "#NULL!", "Numberofinstitutionssuppliedbyschemethatpayamonthlyinstitutional": "#NULL!", "Whenthisboreholeisworkingfromwheredohouseholdsprimarilygettheirw": null, "Whenthisboreholeisworkingfromwheredohouseholdsprimarilygetthei_A": null, "WhenthisboreholeisworkinghowmanyHOURSperdaydohouseholdstypically": "#NULL!", "Whenthisboreholeisnotworkingfromwheredohouseholdsprimarilygetthe": null, "WhenthisboreholeisNOTworkingandhouseholdshavetouseanalternativew": null, "Hastherebeensomewaterqualitytestingforthisschemeinthepast": null, "Yearofmostrecentwaterqualitytestdone": null, "Whatwastheresult": null, "Aretherespecificcontaminantsofconcern": null, "AretherespecificcontaminantsofconcernOtherspecify": null, "MeasuredWaterQualityTemperature": null, "MeasuredWaterQualitySpecificconductancemicroSiemenspercm": null, "\u00a0MeasuredWaterQualityTotalDissolvedSolidsmilligramsliter": null, "Pleaseaddanotherrelevantnotesontheborehole": null, "V109": "#NULL!", "V110": "This is a dry borehole"}, "geometry": {"type": "Point", "coordinates": [38.7574628, 0.296216799999989]}}, {"type": "Feature", "properties": {"Sno": 126, "SubCounty": "Balambala", "Ward": "Danyere", "Village": "Hagarjerel1", "Latitude": 0.300274999999987, "Longitude": 38.7513773, "RuralUrban": null, "DistancetonextstrategicBoreholekm": "#NULL!", "Totalnumberofhouseholdscurrentlyservedfromthescheme": "#NULL!", "WhatistheserviceareaforthisschemeHowmanykilometersfromheredothep": "#NULL!", "Isthisschemeusedforagricultureandirrigationbyfarmers": null, "Howmanyfarmersusethisscheme\u00a0": "#NULL!", "Whatistheaveragesizedfarmthatusesthiswaterhectares\u00a0": "#NULL!", "Isthewaterschemeusedforlivestock": null, "Estimatednumberofcamelsusingschemeperday": "#NULL!", "Estimatednumberofcattleusingschemeperday": "#NULL!", "Estimatednumberofhorsesdonkeysusingwaterpointperday": "#NULL!", "Estimatednumberofgoatssheepusingwaterpointperday": "#NULL!", "Isthewaterschemeusedforwatertrucking": null, "Numberoftrucksfillingperday": "#NULL!", "Howmanytimesperweekdoesthewatertruckingoccur": "#NULL!", "Addanyothercommentsonwatertruckingdetails": null, "ConstructionyearofthewellboreholeinEFYortheyearofrehabilitation": null, "Boreholeorwelldepthmeters": "#NULL!", "Physicalstateofthewellborehole": null, "TypeofPower": null, "Productionofsystemyieldordischargemeterscubedhour": null, "Isthereawatermeteratthewatersource": null, "Isthewatermeterworking": null, "Whatisthecurrentreadingofthewatermeter": "#NULL!", "Isthewaterschemecurrentlyfunctional": null, "Pleasetakeapictureillustratingthenonfunctionalityorpartialfuncti": "https://api.mwater.co/v3/images/0306fe16ba1b48a497863330447f030d", "Maincauseofnonfunctionalityorpartialfunctionality": null, "MaincauseofnonfunctionalityorpartialfunctionalityOtherspecify": null, "Numberofmonthssincenonfunctional": null, "Doestheschemehaveanyemergingproblemsthatmightleadtononfunctional": null, "Pleasedescribetheproblemsthatmightleadtononfunctionalityinthenea": null, "Wasthewaterschemeoutofserviceoneormoredaysinthelastmonth": null, "Numberofdaysoutofserviceinthelastmonth": "#NULL!", "Dateoflastserviceorrepair": "#NULL!", "Howmanytimeshasthewaterschemebrokeninthelastyear": "#NULL!", "Describethefunctionalityproblemsoverthepastyear": null, "Howmanydaysperweekdoesthepumprunonaverage": "#NULL!", "Howmanyhoursperdaydoesthepumprunonaverage": "#NULL!", "Isthisaseasonalwaterschemethatcommonlyfailsinthedryseason": null, "Isthepumpusedlessduringwetrainyseason": null, "Duringwetrainyseasonshowmanydaysaweekdoesthepumprunonaverage": "#NULL!", "Duringwetrainyseasonshowmanyhoursperdaydoesthepumprunonaverage": "#NULL!", "SolarPanelpowerratingWatts": null, "SolarPanelCondition": null, "Yearwhengeneratorwasinstalledoryearofreinstallation": null, "Physicalstateofthegenerator": null, "Generatorbrand": null, "GeneratorbrandOtherspecify": null, "Generatormodel": null, "Generatorserialnumber": null, "GeneratormaxAmpsstartingamps": "#NULL!", "Generatorpicture": null, "PumpControllerManufacturer1": null, "PumpControllerManufacturerOtherspecify": null, "PumpControllerModelNumber": null, "Pictureofpumpcontroller": null, "PumpMotorModelNumber": null, "Pumpheadmodelnumber": null, "Typeandsizeofcasing": null, "Wellpumpremarks": null, "Isasensorinstalledatthesite": null, "Typeofsensorinstalled": null, "TypeofsensorinstalledOtherspecify": null, "Managementbody": null, "Currentmanagementstatus": null, "Whatisthemethodofpayment1": null, "WhatisthemethodofpaymentOtherspecify1": null, "Whatisthemethodofpayment2": null, "Typeoftariffsystemmostcommon": null, "WhatisthetariffamountinKES": "#NULL!", "Isthereaspecialtariffforlivestockperanimal": null, "WhatisthetariffpercamelKES": null, "WhatisthetariffpercattleKES": null, "WhatisthetariffperhorsedonkeyKES": null, "WhatisthetariffpergoatsheepKES": "#NULL!", "Isthereatariffperinstitutionschoolshealthcentresetc": null, "WhatisthemonthlyinstitutionaltariffKES": "#NULL!", "Numberofinstitutionssuppliedbyschemethatpayamonthlyinstitutional": "#NULL!", "Whenthisboreholeisworkingfromwheredohouseholdsprimarilygettheirw": null, "Whenthisboreholeisworkingfromwheredohouseholdsprimarilygetthei_A": null, "WhenthisboreholeisworkinghowmanyHOURSperdaydohouseholdstypically": "#NULL!", "Whenthisboreholeisnotworkingfromwheredohouseholdsprimarilygetthe": null, "WhenthisboreholeisNOTworkingandhouseholdshavetouseanalternativew": null, "Hastherebeensomewaterqualitytestingforthisschemeinthepast": null, "Yearofmostrecentwaterqualitytestdone": null, "Whatwastheresult": null, "Aretherespecificcontaminantsofconcern": null, "AretherespecificcontaminantsofconcernOtherspecify": null, "MeasuredWaterQualityTemperature": null, "MeasuredWaterQualitySpecificconductancemicroSiemenspercm": null, "\u00a0MeasuredWaterQualityTotalDissolvedSolidsmilligramsliter": null, "Pleaseaddanotherrelevantnotesontheborehole": null, "V109": "#NULL!", "V110": "This is a dry borehole"}, "geometry": {"type": "Point", "coordinates": [38.7513773, 0.300275]}}, {"type": "Feature", "properties": {"Sno": 127, "SubCounty": "Balambala", "Ward": "Balambala", "Village": "Shebtaad", "Latitude": 0.168036699999982, "Longitude": 39.43223, "RuralUrban": "Rural", "DistancetonextstrategicBoreholekm": "20.00", "Totalnumberofhouseholdscurrentlyservedfromthescheme": "160.0", "WhatistheserviceareaforthisschemeHowmanykilometersfromheredothep": "1.0", "Isthisschemeusedforagricultureandirrigationbyfarmers": "No", "Howmanyfarmersusethisscheme\u00a0": "#NULL!", "Whatistheaveragesizedfarmthatusesthiswaterhectares\u00a0": "#NULL!", "Isthewaterschemeusedforlivestock": null, "Estimatednumberofcamelsusingschemeperday": "#NULL!", "Estimatednumberofcattleusingschemeperday": "200.0", "Estimatednumberofhorsesdonkeysusingwaterpointperday": "#NULL!", "Estimatednumberofgoatssheepusingwaterpointperday": "1000.0", "Isthewaterschemeusedforwatertrucking": "No", "Numberoftrucksfillingperday": "#NULL!", "Howmanytimesperweekdoesthewatertruckingoccur": "#NULL!", "Addanyothercommentsonwatertruckingdetails": null, "ConstructionyearofthewellboreholeinEFYortheyearofrehabilitation": null, "Boreholeorwelldepthmeters": "#NULL!", "Physicalstateofthewellborehole": "Good", "TypeofPower": "Solar system and generator", "Productionofsystemyieldordischargemeterscubedhour": null, "Isthereawatermeteratthewatersource": "No", "Isthewatermeterworking": null, "Whatisthecurrentreadingofthewatermeter": "#NULL!", "Isthewaterschemecurrentlyfunctional": null, "Pleasetakeapictureillustratingthenonfunctionalityorpartialfuncti": "https://api.mwater.co/v3/images/62e6eb08ea0b49a49657e590bc11c850", "Maincauseofnonfunctionalityorpartialfunctionality": null, "MaincauseofnonfunctionalityorpartialfunctionalityOtherspecify": null, "Numberofmonthssincenonfunctional": null, "Doestheschemehaveanyemergingproblemsthatmightleadtononfunctional": null, "Pleasedescribetheproblemsthatmightleadtononfunctionalityinthenea": null, "Wasthewaterschemeoutofserviceoneormoredaysinthelastmonth": null, "Numberofdaysoutofserviceinthelastmonth": "#NULL!", "Dateoflastserviceorrepair": "#NULL!", "Howmanytimeshasthewaterschemebrokeninthelastyear": "#NULL!", "Describethefunctionalityproblemsoverthepastyear": "Functional", "Howmanydaysperweekdoesthepumprunonaverage": "7.0", "Howmanyhoursperdaydoesthepumprunonaverage": "8.0", "Isthisaseasonalwaterschemethatcommonlyfailsinthedryseason": null, "Isthepumpusedlessduringwetrainyseason": null, "Duringwetrainyseasonshowmanydaysaweekdoesthepumprunonaverage": "#NULL!", "Duringwetrainyseasonshowmanyhoursperdaydoesthepumprunonaverage": "#NULL!", "SolarPanelpowerratingWatts": null, "SolarPanelCondition": "Good", "Yearwhengeneratorwasinstalledoryearofreinstallation": "44610", "Physicalstateofthegenerator": null, "Generatorbrand": null, "GeneratorbrandOtherspecify": null, "Generatormodel": null, "Generatorserialnumber": null, "GeneratormaxAmpsstartingamps": "15.0", "Generatorpicture": "https://api.mwater.co/v3/images/d5d3862f8c6045b2ab3846764183477e; https://api.mwater.co/v3/images/2dc769b090a043cb9193769ecfd21dac", "PumpControllerManufacturer1": null, "PumpControllerManufacturerOtherspecify": null, "PumpControllerModelNumber": null, "Pictureofpumpcontroller": "https://api.mwater.co/v3/images/5b234384e29d4b069c06c85404e97732", "PumpMotorModelNumber": null, "Pumpheadmodelnumber": null, "Typeandsizeofcasing": "Plastic 6mm", "Wellpumpremarks": "Good", "Isasensorinstalledatthesite": null, "Typeofsensorinstalled": null, "TypeofsensorinstalledOtherspecify": null, "Managementbody": "WUA", "Currentmanagementstatus": "In place", "Whatisthemethodofpayment1": "Cash", "WhatisthemethodofpaymentOtherspecify1": null, "Whatisthemethodofpayment2": null, "Typeoftariffsystemmostcommon": null, "WhatisthetariffamountinKES": "#NULL!", "Isthereaspecialtariffforlivestockperanimal": null, "WhatisthetariffpercamelKES": null, "WhatisthetariffpercattleKES": null, "WhatisthetariffperhorsedonkeyKES": null, "WhatisthetariffpergoatsheepKES": "#NULL!", "Isthereatariffperinstitutionschoolshealthcentresetc": null, "WhatisthemonthlyinstitutionaltariffKES": "#NULL!", "Numberofinstitutionssuppliedbyschemethatpayamonthlyinstitutional": "#NULL!", "Whenthisboreholeisworkingfromwheredohouseholdsprimarilygettheirw": null, "Whenthisboreholeisworkingfromwheredohouseholdsprimarilygetthei_A": null, "WhenthisboreholeisworkinghowmanyHOURSperdaydohouseholdstypically": "#NULL!", "Whenthisboreholeisnotworkingfromwheredohouseholdsprimarilygetthe": "Water tracking", "WhenthisboreholeisNOTworkingandhouseholdshavetouseanalternativew": null, "Hastherebeensomewaterqualitytestingforthisschemeinthepast": null, "Yearofmostrecentwaterqualitytestdone": null, "Whatwastheresult": null, "Aretherespecificcontaminantsofconcern": null, "AretherespecificcontaminantsofconcernOtherspecify": null, "MeasuredWaterQualityTemperature": null, "MeasuredWaterQualitySpecificconductancemicroSiemenspercm": null, "\u00a0MeasuredWaterQualityTotalDissolvedSolidsmilligramsliter": null, "Pleaseaddanotherrelevantnotesontheborehole": null, "V109": "#NULL!", "V110": null}, "geometry": {"type": "Point", "coordinates": [39.43223, 0.168036699999982]}}, {"type": "Feature", "properties": {"Sno": 128, "SubCounty": "Balambala", "Ward": "Danyere", "Village": "Omar muhumed 3", "Latitude": 0.1455086, "Longitude": 39.1111542, "RuralUrban": "Rural", "DistancetonextstrategicBoreholekm": "#NULL!", "Totalnumberofhouseholdscurrentlyservedfromthescheme": "#NULL!", "WhatistheserviceareaforthisschemeHowmanykilometersfromheredothep": "#NULL!", "Isthisschemeusedforagricultureandirrigationbyfarmers": null, "Howmanyfarmersusethisscheme\u00a0": "#NULL!", "Whatistheaveragesizedfarmthatusesthiswaterhectares\u00a0": "#NULL!", "Isthewaterschemeusedforlivestock": null, "Estimatednumberofcamelsusingschemeperday": "#NULL!", "Estimatednumberofcattleusingschemeperday": "#NULL!", "Estimatednumberofhorsesdonkeysusingwaterpointperday": "#NULL!", "Estimatednumberofgoatssheepusingwaterpointperday": "#NULL!", "Isthewaterschemeusedforwatertrucking": null, "Numberoftrucksfillingperday": "#NULL!", "Howmanytimesperweekdoesthewatertruckingoccur": "#NULL!", "Addanyothercommentsonwatertruckingdetails": null, "ConstructionyearofthewellboreholeinEFYortheyearofrehabilitation": null, "Boreholeorwelldepthmeters": "#NULL!", "Physicalstateofthewellborehole": null, "TypeofPower": null, "Productionofsystemyieldordischargemeterscubedhour": null, "Isthereawatermeteratthewatersource": null, "Isthewatermeterworking": null, "Whatisthecurrentreadingofthewatermeter": "#NULL!", "Isthewaterschemecurrentlyfunctional": null, "Pleasetakeapictureillustratingthenonfunctionalityorpartialfuncti": "https://api.mwater.co/v3/images/98cd2c1fc6b54540b0a0528eb32c8f8d", "Maincauseofnonfunctionalityorpartialfunctionality": null, "MaincauseofnonfunctionalityorpartialfunctionalityOtherspecify": null, "Numberofmonthssincenonfunctional": null, "Doestheschemehaveanyemergingproblemsthatmightleadtononfunctional": null, "Pleasedescribetheproblemsthatmightleadtononfunctionalityinthenea": null, "Wasthewaterschemeoutofserviceoneormoredaysinthelastmonth": null, "Numberofdaysoutofserviceinthelastmonth": "#NULL!", "Dateoflastserviceorrepair": "#NULL!", "Howmanytimeshasthewaterschemebrokeninthelastyear": "#NULL!", "Describethefunctionalityproblemsoverthepastyear": null, "Howmanydaysperweekdoesthepumprunonaverage": "#NULL!", "Howmanyhoursperdaydoesthepumprunonaverage": "#NULL!", "Isthisaseasonalwaterschemethatcommonlyfailsinthedryseason": null, "Isthepumpusedlessduringwetrainyseason": null, "Duringwetrainyseasonshowmanydaysaweekdoesthepumprunonaverage": "#NULL!", "Duringwetrainyseasonshowmanyhoursperdaydoesthepumprunonaverage": "#NULL!", "SolarPanelpowerratingWatts": null, "SolarPanelCondition": null, "Yearwhengeneratorwasinstalledoryearofreinstallation": null, "Physicalstateofthegenerator": null, "Generatorbrand": null, "GeneratorbrandOtherspecify": null, "Generatormodel": null, "Generatorserialnumber": null, "GeneratormaxAmpsstartingamps": "#NULL!", "Generatorpicture": null, "PumpControllerManufacturer1": null, "PumpControllerManufacturerOtherspecify": null, "PumpControllerModelNumber": null, "Pictureofpumpcontroller": null, "PumpMotorModelNumber": null, "Pumpheadmodelnumber": null, "Typeandsizeofcasing": null, "Wellpumpremarks": null, "Isasensorinstalledatthesite": null, "Typeofsensorinstalled": null, "TypeofsensorinstalledOtherspecify": null, "Managementbody": null, "Currentmanagementstatus": null, "Whatisthemethodofpayment1": null, "WhatisthemethodofpaymentOtherspecify1": null, "Whatisthemethodofpayment2": null, "Typeoftariffsystemmostcommon": null, "WhatisthetariffamountinKES": "#NULL!", "Isthereaspecialtariffforlivestockperanimal": null, "WhatisthetariffpercamelKES": null, "WhatisthetariffpercattleKES": null, "WhatisthetariffperhorsedonkeyKES": null, "WhatisthetariffpergoatsheepKES": "#NULL!", "Isthereatariffperinstitutionschoolshealthcentresetc": null, "WhatisthemonthlyinstitutionaltariffKES": "#NULL!", "Numberofinstitutionssuppliedbyschemethatpayamonthlyinstitutional": "#NULL!", "Whenthisboreholeisworkingfromwheredohouseholdsprimarilygettheirw": null, "Whenthisboreholeisworkingfromwheredohouseholdsprimarilygetthei_A": null, "WhenthisboreholeisworkinghowmanyHOURSperdaydohouseholdstypically": "#NULL!", "Whenthisboreholeisnotworkingfromwheredohouseholdsprimarilygetthe": null, "WhenthisboreholeisNOTworkingandhouseholdshavetouseanalternativew": null, "Hastherebeensomewaterqualitytestingforthisschemeinthepast": null, "Yearofmostrecentwaterqualitytestdone": null, "Whatwastheresult": null, "Aretherespecificcontaminantsofconcern": null, "AretherespecificcontaminantsofconcernOtherspecify": null, "MeasuredWaterQualityTemperature": null, "MeasuredWaterQualitySpecificconductancemicroSiemenspercm": null, "\u00a0MeasuredWaterQualityTotalDissolvedSolidsmilligramsliter": null, "Pleaseaddanotherrelevantnotesontheborehole": null, "V109": "#NULL!", "V110": "Dry borehole"}, "geometry": {"type": "Point", "coordinates": [39.1111542, 0.1455086]}}, {"type": "Feature", "properties": {"Sno": 129, "SubCounty": "Balambala", "Ward": "Balambala", "Village": "Shimbirey 1", "Latitude": -0.0533805000000051, "Longitude": 39.4999252, "RuralUrban": null, "DistancetonextstrategicBoreholekm": "#NULL!", "Totalnumberofhouseholdscurrentlyservedfromthescheme": "#NULL!", "WhatistheserviceareaforthisschemeHowmanykilometersfromheredothep": "#NULL!", "Isthisschemeusedforagricultureandirrigationbyfarmers": null, "Howmanyfarmersusethisscheme\u00a0": "#NULL!", "Whatistheaveragesizedfarmthatusesthiswaterhectares\u00a0": "#NULL!", "Isthewaterschemeusedforlivestock": null, "Estimatednumberofcamelsusingschemeperday": "#NULL!", "Estimatednumberofcattleusingschemeperday": "#NULL!", "Estimatednumberofhorsesdonkeysusingwaterpointperday": "#NULL!", "Estimatednumberofgoatssheepusingwaterpointperday": "#NULL!", "Isthewaterschemeusedforwatertrucking": null, "Numberoftrucksfillingperday": "#NULL!", "Howmanytimesperweekdoesthewatertruckingoccur": "#NULL!", "Addanyothercommentsonwatertruckingdetails": null, "ConstructionyearofthewellboreholeinEFYortheyearofrehabilitation": null, "Boreholeorwelldepthmeters": "#NULL!", "Physicalstateofthewellborehole": null, "TypeofPower": null, "Productionofsystemyieldordischargemeterscubedhour": null, "Isthereawatermeteratthewatersource": null, "Isthewatermeterworking": null, "Whatisthecurrentreadingofthewatermeter": "#NULL!", "Isthewaterschemecurrentlyfunctional": null, "Pleasetakeapictureillustratingthenonfunctionalityorpartialfuncti": "https://api.mwater.co/v3/images/30c9404672b046dc9f496fd178c4ac2b", "Maincauseofnonfunctionalityorpartialfunctionality": null, "MaincauseofnonfunctionalityorpartialfunctionalityOtherspecify": null, "Numberofmonthssincenonfunctional": null, "Doestheschemehaveanyemergingproblemsthatmightleadtononfunctional": null, "Pleasedescribetheproblemsthatmightleadtononfunctionalityinthenea": null, "Wasthewaterschemeoutofserviceoneormoredaysinthelastmonth": null, "Numberofdaysoutofserviceinthelastmonth": "#NULL!", "Dateoflastserviceorrepair": "#NULL!", "Howmanytimeshasthewaterschemebrokeninthelastyear": "#NULL!", "Describethefunctionalityproblemsoverthepastyear": null, "Howmanydaysperweekdoesthepumprunonaverage": "#NULL!", "Howmanyhoursperdaydoesthepumprunonaverage": "#NULL!", "Isthisaseasonalwaterschemethatcommonlyfailsinthedryseason": null, "Isthepumpusedlessduringwetrainyseason": null, "Duringwetrainyseasonshowmanydaysaweekdoesthepumprunonaverage": "#NULL!", "Duringwetrainyseasonshowmanyhoursperdaydoesthepumprunonaverage": "#NULL!", "SolarPanelpowerratingWatts": null, "SolarPanelCondition": null, "Yearwhengeneratorwasinstalledoryearofreinstallation": null, "Physicalstateofthegenerator": null, "Generatorbrand": null, "GeneratorbrandOtherspecify": null, "Generatormodel": null, "Generatorserialnumber": null, "GeneratormaxAmpsstartingamps": "#NULL!", "Generatorpicture": "https://api.mwater.co/v3/images/d33f7e5ea3eb467381c81ebf3390ffe9; https://api.mwater.co/v3/images/0d93a67d72034ccbb3490ed540179c7d", "PumpControllerManufacturer1": null, "PumpControllerManufacturerOtherspecify": null, "PumpControllerModelNumber": null, "Pictureofpumpcontroller": "https://api.mwater.co/v3/images/afd5fd12b168468e97b44bc25b10655f", "PumpMotorModelNumber": null, "Pumpheadmodelnumber": null, "Typeandsizeofcasing": null, "Wellpumpremarks": null, "Isasensorinstalledatthesite": null, "Typeofsensorinstalled": null, "TypeofsensorinstalledOtherspecify": null, "Managementbody": null, "Currentmanagementstatus": null, "Whatisthemethodofpayment1": null, "WhatisthemethodofpaymentOtherspecify1": null, "Whatisthemethodofpayment2": null, "Typeoftariffsystemmostcommon": null, "WhatisthetariffamountinKES": "#NULL!", "Isthereaspecialtariffforlivestockperanimal": null, "WhatisthetariffpercamelKES": null, "WhatisthetariffpercattleKES": null, "WhatisthetariffperhorsedonkeyKES": null, "WhatisthetariffpergoatsheepKES": "#NULL!", "Isthereatariffperinstitutionschoolshealthcentresetc": null, "WhatisthemonthlyinstitutionaltariffKES": "#NULL!", "Numberofinstitutionssuppliedbyschemethatpayamonthlyinstitutional": "#NULL!", "Whenthisboreholeisworkingfromwheredohouseholdsprimarilygettheirw": null, "Whenthisboreholeisworkingfromwheredohouseholdsprimarilygetthei_A": null, "WhenthisboreholeisworkinghowmanyHOURSperdaydohouseholdstypically": "#NULL!", "Whenthisboreholeisnotworkingfromwheredohouseholdsprimarilygetthe": null, "WhenthisboreholeisNOTworkingandhouseholdshavetouseanalternativew": null, "Hastherebeensomewaterqualitytestingforthisschemeinthepast": null, "Yearofmostrecentwaterqualitytestdone": null, "Whatwastheresult": null, "Aretherespecificcontaminantsofconcern": null, "AretherespecificcontaminantsofconcernOtherspecify": null, "MeasuredWaterQualityTemperature": null, "MeasuredWaterQualitySpecificconductancemicroSiemenspercm": null, "\u00a0MeasuredWaterQualityTotalDissolvedSolidsmilligramsliter": null, "Pleaseaddanotherrelevantnotesontheborehole": null, "V109": "#NULL!", "V110": "Solar system and generator stolen"}, "geometry": {"type": "Point", "coordinates": [39.4999252, -0.0533805]}}, {"type": "Feature", "properties": {"Sno": 130, "SubCounty": "Balambala", "Ward": "Danyere", "Village": "Dogob 1", "Latitude": 0.24647, "Longitude": 38.98232, "RuralUrban": null, "DistancetonextstrategicBoreholekm": "#NULL!", "Totalnumberofhouseholdscurrentlyservedfromthescheme": "#NULL!", "WhatistheserviceareaforthisschemeHowmanykilometersfromheredothep": "#NULL!", "Isthisschemeusedforagricultureandirrigationbyfarmers": null, "Howmanyfarmersusethisscheme\u00a0": "#NULL!", "Whatistheaveragesizedfarmthatusesthiswaterhectares\u00a0": "#NULL!", "Isthewaterschemeusedforlivestock": null, "Estimatednumberofcamelsusingschemeperday": "#NULL!", "Estimatednumberofcattleusingschemeperday": "#NULL!", "Estimatednumberofhorsesdonkeysusingwaterpointperday": "#NULL!", "Estimatednumberofgoatssheepusingwaterpointperday": "#NULL!", "Isthewaterschemeusedforwatertrucking": null, "Numberoftrucksfillingperday": "#NULL!", "Howmanytimesperweekdoesthewatertruckingoccur": "#NULL!", "Addanyothercommentsonwatertruckingdetails": null, "ConstructionyearofthewellboreholeinEFYortheyearofrehabilitation": null, "Boreholeorwelldepthmeters": "#NULL!", "Physicalstateofthewellborehole": null, "TypeofPower": null, "Productionofsystemyieldordischargemeterscubedhour": null, "Isthereawatermeteratthewatersource": null, "Isthewatermeterworking": null, "Whatisthecurrentreadingofthewatermeter": "#NULL!", "Isthewaterschemecurrentlyfunctional": null, "Pleasetakeapictureillustratingthenonfunctionalityorpartialfuncti": "https://api.mwater.co/v3/images/d5a77675a80d44fa8bee113e59bb86a6", "Maincauseofnonfunctionalityorpartialfunctionality": null, "MaincauseofnonfunctionalityorpartialfunctionalityOtherspecify": null, "Numberofmonthssincenonfunctional": null, "Doestheschemehaveanyemergingproblemsthatmightleadtononfunctional": null, "Pleasedescribetheproblemsthatmightleadtononfunctionalityinthenea": null, "Wasthewaterschemeoutofserviceoneormoredaysinthelastmonth": null, "Numberofdaysoutofserviceinthelastmonth": "#NULL!", "Dateoflastserviceorrepair": "#NULL!", "Howmanytimeshasthewaterschemebrokeninthelastyear": "#NULL!", "Describethefunctionalityproblemsoverthepastyear": null, "Howmanydaysperweekdoesthepumprunonaverage": "#NULL!", "Howmanyhoursperdaydoesthepumprunonaverage": "#NULL!", "Isthisaseasonalwaterschemethatcommonlyfailsinthedryseason": null, "Isthepumpusedlessduringwetrainyseason": null, "Duringwetrainyseasonshowmanydaysaweekdoesthepumprunonaverage": "#NULL!", "Duringwetrainyseasonshowmanyhoursperdaydoesthepumprunonaverage": "#NULL!", "SolarPanelpowerratingWatts": null, "SolarPanelCondition": null, "Yearwhengeneratorwasinstalledoryearofreinstallation": null, "Physicalstateofthegenerator": null, "Generatorbrand": null, "GeneratorbrandOtherspecify": null, "Generatormodel": null, "Generatorserialnumber": null, "GeneratormaxAmpsstartingamps": "#NULL!", "Generatorpicture": null, "PumpControllerManufacturer1": null, "PumpControllerManufacturerOtherspecify": null, "PumpControllerModelNumber": null, "Pictureofpumpcontroller": null, "PumpMotorModelNumber": null, "Pumpheadmodelnumber": null, "Typeandsizeofcasing": null, "Wellpumpremarks": null, "Isasensorinstalledatthesite": null, "Typeofsensorinstalled": null, "TypeofsensorinstalledOtherspecify": null, "Managementbody": null, "Currentmanagementstatus": null, "Whatisthemethodofpayment1": null, "WhatisthemethodofpaymentOtherspecify1": null, "Whatisthemethodofpayment2": null, "Typeoftariffsystemmostcommon": null, "WhatisthetariffamountinKES": "#NULL!", "Isthereaspecialtariffforlivestockperanimal": null, "WhatisthetariffpercamelKES": null, "WhatisthetariffpercattleKES": null, "WhatisthetariffperhorsedonkeyKES": null, "WhatisthetariffpergoatsheepKES": "#NULL!", "Isthereatariffperinstitutionschoolshealthcentresetc": null, "WhatisthemonthlyinstitutionaltariffKES": "#NULL!", "Numberofinstitutionssuppliedbyschemethatpayamonthlyinstitutional": "#NULL!", "Whenthisboreholeisworkingfromwheredohouseholdsprimarilygettheirw": null, "Whenthisboreholeisworkingfromwheredohouseholdsprimarilygetthei_A": null, "WhenthisboreholeisworkinghowmanyHOURSperdaydohouseholdstypically": "#NULL!", "Whenthisboreholeisnotworkingfromwheredohouseholdsprimarilygetthe": null, "WhenthisboreholeisNOTworkingandhouseholdshavetouseanalternativew": null, "Hastherebeensomewaterqualitytestingforthisschemeinthepast": null, "Yearofmostrecentwaterqualitytestdone": null, "Whatwastheresult": null, "Aretherespecificcontaminantsofconcern": null, "AretherespecificcontaminantsofconcernOtherspecify": null, "MeasuredWaterQualityTemperature": null, "MeasuredWaterQualitySpecificconductancemicroSiemenspercm": null, "\u00a0MeasuredWaterQualityTotalDissolvedSolidsmilligramsliter": null, "Pleaseaddanotherrelevantnotesontheborehole": null, "V109": "#NULL!", "V110": "Dry borehole"}, "geometry": {"type": "Point", "coordinates": [38.98232, 0.24647]}}, {"type": "Feature", "properties": {"Sno": 131, "SubCounty": "Balambala", "Ward": "Danyere", "Village": "Dogob 2", "Latitude": 0.22641169999999, "Longitude": 38.9949267, "RuralUrban": null, "DistancetonextstrategicBoreholekm": "#NULL!", "Totalnumberofhouseholdscurrentlyservedfromthescheme": "#NULL!", "WhatistheserviceareaforthisschemeHowmanykilometersfromheredothep": "#NULL!", "Isthisschemeusedforagricultureandirrigationbyfarmers": null, "Howmanyfarmersusethisscheme\u00a0": "#NULL!", "Whatistheaveragesizedfarmthatusesthiswaterhectares\u00a0": "#NULL!", "Isthewaterschemeusedforlivestock": null, "Estimatednumberofcamelsusingschemeperday": "#NULL!", "Estimatednumberofcattleusingschemeperday": "#NULL!", "Estimatednumberofhorsesdonkeysusingwaterpointperday": "#NULL!", "Estimatednumberofgoatssheepusingwaterpointperday": "#NULL!", "Isthewaterschemeusedforwatertrucking": null, "Numberoftrucksfillingperday": "#NULL!", "Howmanytimesperweekdoesthewatertruckingoccur": "#NULL!", "Addanyothercommentsonwatertruckingdetails": null, "ConstructionyearofthewellboreholeinEFYortheyearofrehabilitation": null, "Boreholeorwelldepthmeters": "#NULL!", "Physicalstateofthewellborehole": null, "TypeofPower": null, "Productionofsystemyieldordischargemeterscubedhour": null, "Isthereawatermeteratthewatersource": null, "Isthewatermeterworking": null, "Whatisthecurrentreadingofthewatermeter": "#NULL!", "Isthewaterschemecurrentlyfunctional": null, "Pleasetakeapictureillustratingthenonfunctionalityorpartialfuncti": "https://api.mwater.co/v3/images/1fbd455ca133488d959b5ff8bc9f650b", "Maincauseofnonfunctionalityorpartialfunctionality": null, "MaincauseofnonfunctionalityorpartialfunctionalityOtherspecify": null, "Numberofmonthssincenonfunctional": null, "Doestheschemehaveanyemergingproblemsthatmightleadtononfunctional": null, "Pleasedescribetheproblemsthatmightleadtononfunctionalityinthenea": null, "Wasthewaterschemeoutofserviceoneormoredaysinthelastmonth": null, "Numberofdaysoutofserviceinthelastmonth": "#NULL!", "Dateoflastserviceorrepair": "#NULL!", "Howmanytimeshasthewaterschemebrokeninthelastyear": "#NULL!", "Describethefunctionalityproblemsoverthepastyear": null, "Howmanydaysperweekdoesthepumprunonaverage": "#NULL!", "Howmanyhoursperdaydoesthepumprunonaverage": "#NULL!", "Isthisaseasonalwaterschemethatcommonlyfailsinthedryseason": null, "Isthepumpusedlessduringwetrainyseason": null, "Duringwetrainyseasonshowmanydaysaweekdoesthepumprunonaverage": "#NULL!", "Duringwetrainyseasonshowmanyhoursperdaydoesthepumprunonaverage": "#NULL!", "SolarPanelpowerratingWatts": null, "SolarPanelCondition": null, "Yearwhengeneratorwasinstalledoryearofreinstallation": null, "Physicalstateofthegenerator": null, "Generatorbrand": null, "GeneratorbrandOtherspecify": null, "Generatormodel": null, "Generatorserialnumber": null, "GeneratormaxAmpsstartingamps": "#NULL!", "Generatorpicture": null, "PumpControllerManufacturer1": null, "PumpControllerManufacturerOtherspecify": null, "PumpControllerModelNumber": null, "Pictureofpumpcontroller": null, "PumpMotorModelNumber": null, "Pumpheadmodelnumber": null, "Typeandsizeofcasing": null, "Wellpumpremarks": null, "Isasensorinstalledatthesite": null, "Typeofsensorinstalled": null, "TypeofsensorinstalledOtherspecify": null, "Managementbody": null, "Currentmanagementstatus": null, "Whatisthemethodofpayment1": null, "WhatisthemethodofpaymentOtherspecify1": null, "Whatisthemethodofpayment2": null, "Typeoftariffsystemmostcommon": null, "WhatisthetariffamountinKES": "#NULL!", "Isthereaspecialtariffforlivestockperanimal": null, "WhatisthetariffpercamelKES": null, "WhatisthetariffpercattleKES": null, "WhatisthetariffperhorsedonkeyKES": null, "WhatisthetariffpergoatsheepKES": "#NULL!", "Isthereatariffperinstitutionschoolshealthcentresetc": null, "WhatisthemonthlyinstitutionaltariffKES": "#NULL!", "Numberofinstitutionssuppliedbyschemethatpayamonthlyinstitutional": "#NULL!", "Whenthisboreholeisworkingfromwheredohouseholdsprimarilygettheirw": null, "Whenthisboreholeisworkingfromwheredohouseholdsprimarilygetthei_A": null, "WhenthisboreholeisworkinghowmanyHOURSperdaydohouseholdstypically": "#NULL!", "Whenthisboreholeisnotworkingfromwheredohouseholdsprimarilygetthe": null, "WhenthisboreholeisNOTworkingandhouseholdshavetouseanalternativew": null, "Hastherebeensomewaterqualitytestingforthisschemeinthepast": null, "Yearofmostrecentwaterqualitytestdone": null, "Whatwastheresult": null, "Aretherespecificcontaminantsofconcern": null, "AretherespecificcontaminantsofconcernOtherspecify": null, "MeasuredWaterQualityTemperature": null, "MeasuredWaterQualitySpecificconductancemicroSiemenspercm": null, "\u00a0MeasuredWaterQualityTotalDissolvedSolidsmilligramsliter": null, "Pleaseaddanotherrelevantnotesontheborehole": null, "V109": "#NULL!", "V110": "Dry borehole"}, "geometry": {"type": "Point", "coordinates": [38.9949267, 0.2264117]}}, {"type": "Feature", "properties": {"Sno": 132, "SubCounty": "Balambala", "Ward": "Danyere", "Village": "Dujis 1", "Latitude": 0.2473533, "Longitude": 39.4120517, "RuralUrban": "Rural", "DistancetonextstrategicBoreholekm": "#NULL!", "Totalnumberofhouseholdscurrentlyservedfromthescheme": "#NULL!", "WhatistheserviceareaforthisschemeHowmanykilometersfromheredothep": "#NULL!", "Isthisschemeusedforagricultureandirrigationbyfarmers": null, "Howmanyfarmersusethisscheme\u00a0": "#NULL!", "Whatistheaveragesizedfarmthatusesthiswaterhectares\u00a0": "#NULL!", "Isthewaterschemeusedforlivestock": null, "Estimatednumberofcamelsusingschemeperday": "#NULL!", "Estimatednumberofcattleusingschemeperday": "#NULL!", "Estimatednumberofhorsesdonkeysusingwaterpointperday": "#NULL!", "Estimatednumberofgoatssheepusingwaterpointperday": "#NULL!", "Isthewaterschemeusedforwatertrucking": null, "Numberoftrucksfillingperday": "#NULL!", "Howmanytimesperweekdoesthewatertruckingoccur": "#NULL!", "Addanyothercommentsonwatertruckingdetails": null, "ConstructionyearofthewellboreholeinEFYortheyearofrehabilitation": null, "Boreholeorwelldepthmeters": "#NULL!", "Physicalstateofthewellborehole": null, "TypeofPower": null, "Productionofsystemyieldordischargemeterscubedhour": null, "Isthereawatermeteratthewatersource": null, "Isthewatermeterworking": null, "Whatisthecurrentreadingofthewatermeter": "#NULL!", "Isthewaterschemecurrentlyfunctional": null, "Pleasetakeapictureillustratingthenonfunctionalityorpartialfuncti": "https://api.mwater.co/v3/images/e1a16c9395314e5e959805cdf2088149", "Maincauseofnonfunctionalityorpartialfunctionality": null, "MaincauseofnonfunctionalityorpartialfunctionalityOtherspecify": null, "Numberofmonthssincenonfunctional": null, "Doestheschemehaveanyemergingproblemsthatmightleadtononfunctional": null, "Pleasedescribetheproblemsthatmightleadtononfunctionalityinthenea": null, "Wasthewaterschemeoutofserviceoneormoredaysinthelastmonth": null, "Numberofdaysoutofserviceinthelastmonth": "#NULL!", "Dateoflastserviceorrepair": "#NULL!", "Howmanytimeshasthewaterschemebrokeninthelastyear": "#NULL!", "Describethefunctionalityproblemsoverthepastyear": null, "Howmanydaysperweekdoesthepumprunonaverage": "#NULL!", "Howmanyhoursperdaydoesthepumprunonaverage": "#NULL!", "Isthisaseasonalwaterschemethatcommonlyfailsinthedryseason": null, "Isthepumpusedlessduringwetrainyseason": null, "Duringwetrainyseasonshowmanydaysaweekdoesthepumprunonaverage": "#NULL!", "Duringwetrainyseasonshowmanyhoursperdaydoesthepumprunonaverage": "#NULL!", "SolarPanelpowerratingWatts": null, "SolarPanelCondition": null, "Yearwhengeneratorwasinstalledoryearofreinstallation": null, "Physicalstateofthegenerator": null, "Generatorbrand": null, "GeneratorbrandOtherspecify": null, "Generatormodel": null, "Generatorserialnumber": null, "GeneratormaxAmpsstartingamps": "#NULL!", "Generatorpicture": "https://api.mwater.co/v3/images/0745f60ab3a545049b12468494c5bcd9; https://api.mwater.co/v3/images/331565c3d43e40479ad5d17d15098176", "PumpControllerManufacturer1": null, "PumpControllerManufacturerOtherspecify": null, "PumpControllerModelNumber": null, "Pictureofpumpcontroller": "https://api.mwater.co/v3/images/a4bb43138a4045728826ea5b1bf98b3f", "PumpMotorModelNumber": null, "Pumpheadmodelnumber": null, "Typeandsizeofcasing": null, "Wellpumpremarks": null, "Isasensorinstalledatthesite": null, "Typeofsensorinstalled": null, "TypeofsensorinstalledOtherspecify": null, "Managementbody": null, "Currentmanagementstatus": null, "Whatisthemethodofpayment1": null, "WhatisthemethodofpaymentOtherspecify1": null, "Whatisthemethodofpayment2": null, "Typeoftariffsystemmostcommon": null, "WhatisthetariffamountinKES": "#NULL!", "Isthereaspecialtariffforlivestockperanimal": null, "WhatisthetariffpercamelKES": null, "WhatisthetariffpercattleKES": null, "WhatisthetariffperhorsedonkeyKES": null, "WhatisthetariffpergoatsheepKES": "#NULL!", "Isthereatariffperinstitutionschoolshealthcentresetc": null, "WhatisthemonthlyinstitutionaltariffKES": "#NULL!", "Numberofinstitutionssuppliedbyschemethatpayamonthlyinstitutional": "#NULL!", "Whenthisboreholeisworkingfromwheredohouseholdsprimarilygettheirw": null, "Whenthisboreholeisworkingfromwheredohouseholdsprimarilygetthei_A": null, "WhenthisboreholeisworkinghowmanyHOURSperdaydohouseholdstypically": "#NULL!", "Whenthisboreholeisnotworkingfromwheredohouseholdsprimarilygetthe": null, "WhenthisboreholeisNOTworkingandhouseholdshavetouseanalternativew": null, "Hastherebeensomewaterqualitytestingforthisschemeinthepast": null, "Yearofmostrecentwaterqualitytestdone": null, "Whatwastheresult": null, "Aretherespecificcontaminantsofconcern": null, "AretherespecificcontaminantsofconcernOtherspecify": null, "MeasuredWaterQualityTemperature": null, "MeasuredWaterQualitySpecificconductancemicroSiemenspercm": null, "\u00a0MeasuredWaterQualityTotalDissolvedSolidsmilligramsliter": null, "Pleaseaddanotherrelevantnotesontheborehole": null, "V109": "#NULL!", "V110": "Solar system and generator stolen"}, "geometry": {"type": "Point", "coordinates": [39.4120517, 0.2473533]}}, {"type": "Feature", "properties": {"Sno": 133, "SubCounty": "Balambala", "Ward": "Balambala", "Village": "Dujis 2", "Latitude": 0.247529699999982, "Longitude": 39.4095387, "RuralUrban": "Rural", "DistancetonextstrategicBoreholekm": "#NULL!", "Totalnumberofhouseholdscurrentlyservedfromthescheme": "#NULL!", "WhatistheserviceareaforthisschemeHowmanykilometersfromheredothep": "#NULL!", "Isthisschemeusedforagricultureandirrigationbyfarmers": null, "Howmanyfarmersusethisscheme\u00a0": "#NULL!", "Whatistheaveragesizedfarmthatusesthiswaterhectares\u00a0": "#NULL!", "Isthewaterschemeusedforlivestock": null, "Estimatednumberofcamelsusingschemeperday": "#NULL!", "Estimatednumberofcattleusingschemeperday": "#NULL!", "Estimatednumberofhorsesdonkeysusingwaterpointperday": "#NULL!", "Estimatednumberofgoatssheepusingwaterpointperday": "#NULL!", "Isthewaterschemeusedforwatertrucking": null, "Numberoftrucksfillingperday": "#NULL!", "Howmanytimesperweekdoesthewatertruckingoccur": "#NULL!", "Addanyothercommentsonwatertruckingdetails": null, "ConstructionyearofthewellboreholeinEFYortheyearofrehabilitation": null, "Boreholeorwelldepthmeters": "#NULL!", "Physicalstateofthewellborehole": null, "TypeofPower": null, "Productionofsystemyieldordischargemeterscubedhour": null, "Isthereawatermeteratthewatersource": null, "Isthewatermeterworking": null, "Whatisthecurrentreadingofthewatermeter": "#NULL!", "Isthewaterschemecurrentlyfunctional": null, "Pleasetakeapictureillustratingthenonfunctionalityorpartialfuncti": "https://api.mwater.co/v3/images/dc49b4fa12a94ef68762e2298d1997eb", "Maincauseofnonfunctionalityorpartialfunctionality": null, "MaincauseofnonfunctionalityorpartialfunctionalityOtherspecify": null, "Numberofmonthssincenonfunctional": null, "Doestheschemehaveanyemergingproblemsthatmightleadtononfunctional": null, "Pleasedescribetheproblemsthatmightleadtononfunctionalityinthenea": null, "Wasthewaterschemeoutofserviceoneormoredaysinthelastmonth": null, "Numberofdaysoutofserviceinthelastmonth": "#NULL!", "Dateoflastserviceorrepair": "#NULL!", "Howmanytimeshasthewaterschemebrokeninthelastyear": "#NULL!", "Describethefunctionalityproblemsoverthepastyear": null, "Howmanydaysperweekdoesthepumprunonaverage": "#NULL!", "Howmanyhoursperdaydoesthepumprunonaverage": "#NULL!", "Isthisaseasonalwaterschemethatcommonlyfailsinthedryseason": null, "Isthepumpusedlessduringwetrainyseason": null, "Duringwetrainyseasonshowmanydaysaweekdoesthepumprunonaverage": "#NULL!", "Duringwetrainyseasonshowmanyhoursperdaydoesthepumprunonaverage": "#NULL!", "SolarPanelpowerratingWatts": null, "SolarPanelCondition": null, "Yearwhengeneratorwasinstalledoryearofreinstallation": null, "Physicalstateofthegenerator": null, "Generatorbrand": null, "GeneratorbrandOtherspecify": null, "Generatormodel": null, "Generatorserialnumber": null, "GeneratormaxAmpsstartingamps": "#NULL!", "Generatorpicture": "https://api.mwater.co/v3/images/1e6b54bbca434e06b0cd14c0c409db20; https://api.mwater.co/v3/images/803e99773bc84d9d92e20abe1fe1ad98", "PumpControllerManufacturer1": null, "PumpControllerManufacturerOtherspecify": null, "PumpControllerModelNumber": null, "Pictureofpumpcontroller": null, "PumpMotorModelNumber": null, "Pumpheadmodelnumber": null, "Typeandsizeofcasing": null, "Wellpumpremarks": null, "Isasensorinstalledatthesite": null, "Typeofsensorinstalled": null, "TypeofsensorinstalledOtherspecify": null, "Managementbody": null, "Currentmanagementstatus": null, "Whatisthemethodofpayment1": null, "WhatisthemethodofpaymentOtherspecify1": null, "Whatisthemethodofpayment2": null, "Typeoftariffsystemmostcommon": null, "WhatisthetariffamountinKES": "#NULL!", "Isthereaspecialtariffforlivestockperanimal": null, "WhatisthetariffpercamelKES": null, "WhatisthetariffpercattleKES": null, "WhatisthetariffperhorsedonkeyKES": null, "WhatisthetariffpergoatsheepKES": "#NULL!", "Isthereatariffperinstitutionschoolshealthcentresetc": null, "WhatisthemonthlyinstitutionaltariffKES": "#NULL!", "Numberofinstitutionssuppliedbyschemethatpayamonthlyinstitutional": "#NULL!", "Whenthisboreholeisworkingfromwheredohouseholdsprimarilygettheirw": null, "Whenthisboreholeisworkingfromwheredohouseholdsprimarilygetthei_A": null, "WhenthisboreholeisworkinghowmanyHOURSperdaydohouseholdstypically": "#NULL!", "Whenthisboreholeisnotworkingfromwheredohouseholdsprimarilygetthe": null, "WhenthisboreholeisNOTworkingandhouseholdshavetouseanalternativew": null, "Hastherebeensomewaterqualitytestingforthisschemeinthepast": null, "Yearofmostrecentwaterqualitytestdone": null, "Whatwastheresult": null, "Aretherespecificcontaminantsofconcern": null, "AretherespecificcontaminantsofconcernOtherspecify": null, "MeasuredWaterQualityTemperature": null, "MeasuredWaterQualitySpecificconductancemicroSiemenspercm": null, "\u00a0MeasuredWaterQualityTotalDissolvedSolidsmilligramsliter": null, "Pleaseaddanotherrelevantnotesontheborehole": null, "V109": "#NULL!", "V110": "Vandalized and abandoned"}, "geometry": {"type": "Point", "coordinates": [39.4095387, 0.247529699999982]}}, {"type": "Feature", "properties": {"Sno": 134, "SubCounty": "Balambala", "Ward": "Danyere", "Village": "Libhlow", "Latitude": 0.1863479, "Longitude": 38.8895355, "RuralUrban": "Rural", "DistancetonextstrategicBoreholekm": "60.00", "Totalnumberofhouseholdscurrentlyservedfromthescheme": "200.0", "WhatistheserviceareaforthisschemeHowmanykilometersfromheredothep": "1.0", "Isthisschemeusedforagricultureandirrigationbyfarmers": "No", "Howmanyfarmersusethisscheme\u00a0": "#NULL!", "Whatistheaveragesizedfarmthatusesthiswaterhectares\u00a0": "#NULL!", "Isthewaterschemeusedforlivestock": null, "Estimatednumberofcamelsusingschemeperday": "#NULL!", "Estimatednumberofcattleusingschemeperday": "#NULL!", "Estimatednumberofhorsesdonkeysusingwaterpointperday": "#NULL!", "Estimatednumberofgoatssheepusingwaterpointperday": "#NULL!", "Isthewaterschemeusedforwatertrucking": null, "Numberoftrucksfillingperday": "#NULL!", "Howmanytimesperweekdoesthewatertruckingoccur": "#NULL!", "Addanyothercommentsonwatertruckingdetails": null, "ConstructionyearofthewellboreholeinEFYortheyearofrehabilitation": "44245", "Boreholeorwelldepthmeters": "50.0", "Physicalstateofthewellborehole": "Good", "TypeofPower": "Solar system and generator", "Productionofsystemyieldordischargemeterscubedhour": "35", "Isthereawatermeteratthewatersource": "Yes", "Isthewatermeterworking": "Yes", "Whatisthecurrentreadingofthewatermeter": "110067.000000000", "Isthewaterschemecurrentlyfunctional": "Yes", "Pleasetakeapictureillustratingthenonfunctionalityorpartialfuncti": "https://api.mwater.co/v3/images/d62f143dcd0a459787b830f25be67bf5", "Maincauseofnonfunctionalityorpartialfunctionality": null, "MaincauseofnonfunctionalityorpartialfunctionalityOtherspecify": null, "Numberofmonthssincenonfunctional": null, "Doestheschemehaveanyemergingproblemsthatmightleadtononfunctional": null, "Pleasedescribetheproblemsthatmightleadtononfunctionalityinthenea": null, "Wasthewaterschemeoutofserviceoneormoredaysinthelastmonth": null, "Numberofdaysoutofserviceinthelastmonth": "#NULL!", "Dateoflastserviceorrepair": "#NULL!", "Howmanytimeshasthewaterschemebrokeninthelastyear": "#NULL!", "Describethefunctionalityproblemsoverthepastyear": null, "Howmanydaysperweekdoesthepumprunonaverage": "7.0", "Howmanyhoursperdaydoesthepumprunonaverage": "7.0", "Isthisaseasonalwaterschemethatcommonlyfailsinthedryseason": "No", "Isthepumpusedlessduringwetrainyseason": "Yes", "Duringwetrainyseasonshowmanydaysaweekdoesthepumprunonaverage": "4.0", "Duringwetrainyseasonshowmanyhoursperdaydoesthepumprunonaverage": "5.0", "SolarPanelpowerratingWatts": null, "SolarPanelCondition": "Good", "Yearwhengeneratorwasinstalledoryearofreinstallation": "44245", "Physicalstateofthegenerator": null, "Generatorbrand": null, "GeneratorbrandOtherspecify": null, "Generatormodel": null, "Generatorserialnumber": null, "GeneratormaxAmpsstartingamps": "#NULL!", "Generatorpicture": "https://api.mwater.co/v3/images/ad9341d3112448998681c6eaab7346d4; https://api.mwater.co/v3/images/ce301134545a46688021049ff95d0f95", "PumpControllerManufacturer1": null, "PumpControllerManufacturerOtherspecify": null, "PumpControllerModelNumber": null, "Pictureofpumpcontroller": "https://api.mwater.co/v3/images/412a4bd2f9fb49dea14c477cc4f47649", "PumpMotorModelNumber": null, "Pumpheadmodelnumber": null, "Typeandsizeofcasing": "Plastic 8mm", "Wellpumpremarks": "Good", "Isasensorinstalledatthesite": "No", "Typeofsensorinstalled": null, "TypeofsensorinstalledOtherspecify": null, "Managementbody": "WUA", "Currentmanagementstatus": "In place", "Whatisthemethodofpayment1": "Cash", "WhatisthemethodofpaymentOtherspecify1": null, "Whatisthemethodofpayment2": null, "Typeoftariffsystemmostcommon": null, "WhatisthetariffamountinKES": "5.0", "Isthereaspecialtariffforlivestockperanimal": null, "WhatisthetariffpercamelKES": 5.0, "WhatisthetariffpercattleKES": null, "WhatisthetariffperhorsedonkeyKES": null, "WhatisthetariffpergoatsheepKES": "#NULL!", "Isthereatariffperinstitutionschoolshealthcentresetc": null, "WhatisthemonthlyinstitutionaltariffKES": "#NULL!", "Numberofinstitutionssuppliedbyschemethatpayamonthlyinstitutional": "#NULL!", "Whenthisboreholeisworkingfromwheredohouseholdsprimarilygettheirw": null, "Whenthisboreholeisworkingfromwheredohouseholdsprimarilygetthei_A": null, "WhenthisboreholeisworkinghowmanyHOURSperdaydohouseholdstypically": "#NULL!", "Whenthisboreholeisnotworkingfromwheredohouseholdsprimarilygetthe": "Water tracking or hand dug well", "WhenthisboreholeisNOTworkingandhouseholdshavetouseanalternativew": null, "Hastherebeensomewaterqualitytestingforthisschemeinthepast": null, "Yearofmostrecentwaterqualitytestdone": null, "Whatwastheresult": null, "Aretherespecificcontaminantsofconcern": null, "AretherespecificcontaminantsofconcernOtherspecify": null, "MeasuredWaterQualityTemperature": null, "MeasuredWaterQualitySpecificconductancemicroSiemenspercm": null, "\u00a0MeasuredWaterQualityTotalDissolvedSolidsmilligramsliter": null, "Pleaseaddanotherrelevantnotesontheborehole": null, "V109": "#NULL!", "V110": "Water kiosks to be added"}, "geometry": {"type": "Point", "coordinates": [38.8895355, 0.1863479]}}, {"type": "Feature", "properties": {"Sno": 135, "SubCounty": "Balambala", "Ward": "Jarajara", "Village": "Jarajara", "Latitude": -0.0469336000000068, "Longitude": 39.0134045, "RuralUrban": "Rural", "DistancetonextstrategicBoreholekm": "7.00", "Totalnumberofhouseholdscurrentlyservedfromthescheme": "250.0", "WhatistheserviceareaforthisschemeHowmanykilometersfromheredothep": "#NULL!", "Isthisschemeusedforagricultureandirrigationbyfarmers": "No", "Howmanyfarmersusethisscheme\u00a0": "#NULL!", "Whatistheaveragesizedfarmthatusesthiswaterhectares\u00a0": "#NULL!", "Isthewaterschemeusedforlivestock": null, "Estimatednumberofcamelsusingschemeperday": "#NULL!", "Estimatednumberofcattleusingschemeperday": "#NULL!", "Estimatednumberofhorsesdonkeysusingwaterpointperday": "#NULL!", "Estimatednumberofgoatssheepusingwaterpointperday": "#NULL!", "Isthewaterschemeusedforwatertrucking": null, "Numberoftrucksfillingperday": "#NULL!", "Howmanytimesperweekdoesthewatertruckingoccur": "#NULL!", "Addanyothercommentsonwatertruckingdetails": null, "ConstructionyearofthewellboreholeinEFYortheyearofrehabilitation": null, "Boreholeorwelldepthmeters": "#NULL!", "Physicalstateofthewellborehole": null, "TypeofPower": "Generator", "Productionofsystemyieldordischargemeterscubedhour": null, "Isthereawatermeteratthewatersource": "No", "Isthewatermeterworking": null, "Whatisthecurrentreadingofthewatermeter": "#NULL!", "Isthewaterschemecurrentlyfunctional": null, "Pleasetakeapictureillustratingthenonfunctionalityorpartialfuncti": "https://api.mwater.co/v3/images/0048b2286555403ba0fcf7eed5f3aa1a", "Maincauseofnonfunctionalityorpartialfunctionality": null, "MaincauseofnonfunctionalityorpartialfunctionalityOtherspecify": null, "Numberofmonthssincenonfunctional": null, "Doestheschemehaveanyemergingproblemsthatmightleadtononfunctional": null, "Pleasedescribetheproblemsthatmightleadtononfunctionalityinthenea": null, "Wasthewaterschemeoutofserviceoneormoredaysinthelastmonth": null, "Numberofdaysoutofserviceinthelastmonth": "#NULL!", "Dateoflastserviceorrepair": "#NULL!", "Howmanytimeshasthewaterschemebrokeninthelastyear": "#NULL!", "Describethefunctionalityproblemsoverthepastyear": null, "Howmanydaysperweekdoesthepumprunonaverage": "#NULL!", "Howmanyhoursperdaydoesthepumprunonaverage": "#NULL!", "Isthisaseasonalwaterschemethatcommonlyfailsinthedryseason": null, "Isthepumpusedlessduringwetrainyseason": null, "Duringwetrainyseasonshowmanydaysaweekdoesthepumprunonaverage": "#NULL!", "Duringwetrainyseasonshowmanyhoursperdaydoesthepumprunonaverage": "#NULL!", "SolarPanelpowerratingWatts": null, "SolarPanelCondition": null, "Yearwhengeneratorwasinstalledoryearofreinstallation": null, "Physicalstateofthegenerator": "Poor", "Generatorbrand": null, "GeneratorbrandOtherspecify": "Lister", "Generatormodel": null, "Generatorserialnumber": null, "GeneratormaxAmpsstartingamps": "15.0", "Generatorpicture": "https://api.mwater.co/v3/images/be23af109906468aa434bbb01dc53948; https://api.mwater.co/v3/images/fe4c3d23afd44d61ba954aae323fd8d6", "PumpControllerManufacturer1": null, "PumpControllerManufacturerOtherspecify": null, "PumpControllerModelNumber": null, "Pictureofpumpcontroller": "https://api.mwater.co/v3/images/d0cc1784af0040ef83d0d9ccb3f39e44", "PumpMotorModelNumber": null, "Pumpheadmodelnumber": null, "Typeandsizeofcasing": "Shallow well", "Wellpumpremarks": "Good", "Isasensorinstalledatthesite": "Yes", "Typeofsensorinstalled": "Sweet sense", "TypeofsensorinstalledOtherspecify": null, "Managementbody": "WUA", "Currentmanagementstatus": "In place cash", "Whatisthemethodofpayment1": null, "WhatisthemethodofpaymentOtherspecify1": null, "Whatisthemethodofpayment2": null, "Typeoftariffsystemmostcommon": null, "WhatisthetariffamountinKES": "5.0", "Isthereaspecialtariffforlivestockperanimal": null, "WhatisthetariffpercamelKES": null, "WhatisthetariffpercattleKES": null, "WhatisthetariffperhorsedonkeyKES": null, "WhatisthetariffpergoatsheepKES": "#NULL!", "Isthereatariffperinstitutionschoolshealthcentresetc": null, "WhatisthemonthlyinstitutionaltariffKES": "#NULL!", "Numberofinstitutionssuppliedbyschemethatpayamonthlyinstitutional": "#NULL!", "Whenthisboreholeisworkingfromwheredohouseholdsprimarilygettheirw": null, "Whenthisboreholeisworkingfromwheredohouseholdsprimarilygetthei_A": null, "WhenthisboreholeisworkinghowmanyHOURSperdaydohouseholdstypically": "#NULL!", "Whenthisboreholeisnotworkingfromwheredohouseholdsprimarilygetthe": "River Tana", "WhenthisboreholeisNOTworkingandhouseholdshavetouseanalternativew": null, "Hastherebeensomewaterqualitytestingforthisschemeinthepast": null, "Yearofmostrecentwaterqualitytestdone": null, "Whatwastheresult": null, "Aretherespecificcontaminantsofconcern": null, "AretherespecificcontaminantsofconcernOtherspecify": null, "MeasuredWaterQualityTemperature": null, "MeasuredWaterQualitySpecificconductancemicroSiemenspercm": null, "\u00a0MeasuredWaterQualityTotalDissolvedSolidsmilligramsliter": null, "Pleaseaddanotherrelevantnotesontheborehole": null, "V109": "#NULL!", "V110": "Solar system is required"}, "geometry": {"type": "Point", "coordinates": [39.0134045, -0.0469336]}}, {"type": "Feature", "properties": {"Sno": 136, "SubCounty": "Balambala", "Ward": "Danyere", "Village": "Omar muhumed", "Latitude": 0.160066699999994, "Longitude": 39.0948467, "RuralUrban": null, "DistancetonextstrategicBoreholekm": "#NULL!", "Totalnumberofhouseholdscurrentlyservedfromthescheme": "#NULL!", "WhatistheserviceareaforthisschemeHowmanykilometersfromheredothep": "#NULL!", "Isthisschemeusedforagricultureandirrigationbyfarmers": null, "Howmanyfarmersusethisscheme\u00a0": "#NULL!", "Whatistheaveragesizedfarmthatusesthiswaterhectares\u00a0": "#NULL!", "Isthewaterschemeusedforlivestock": null, "Estimatednumberofcamelsusingschemeperday": "#NULL!", "Estimatednumberofcattleusingschemeperday": "#NULL!", "Estimatednumberofhorsesdonkeysusingwaterpointperday": "#NULL!", "Estimatednumberofgoatssheepusingwaterpointperday": "#NULL!", "Isthewaterschemeusedforwatertrucking": null, "Numberoftrucksfillingperday": "#NULL!", "Howmanytimesperweekdoesthewatertruckingoccur": "#NULL!", "Addanyothercommentsonwatertruckingdetails": null, "ConstructionyearofthewellboreholeinEFYortheyearofrehabilitation": null, "Boreholeorwelldepthmeters": "#NULL!", "Physicalstateofthewellborehole": null, "TypeofPower": null, "Productionofsystemyieldordischargemeterscubedhour": null, "Isthereawatermeteratthewatersource": null, "Isthewatermeterworking": null, "Whatisthecurrentreadingofthewatermeter": "#NULL!", "Isthewaterschemecurrentlyfunctional": null, "Pleasetakeapictureillustratingthenonfunctionalityorpartialfuncti": "https://api.mwater.co/v3/images/8a88825a721a40439df363d32c2feec0", "Maincauseofnonfunctionalityorpartialfunctionality": null, "MaincauseofnonfunctionalityorpartialfunctionalityOtherspecify": null, "Numberofmonthssincenonfunctional": null, "Doestheschemehaveanyemergingproblemsthatmightleadtononfunctional": null, "Pleasedescribetheproblemsthatmightleadtononfunctionalityinthenea": null, "Wasthewaterschemeoutofserviceoneormoredaysinthelastmonth": null, "Numberofdaysoutofserviceinthelastmonth": "#NULL!", "Dateoflastserviceorrepair": "#NULL!", "Howmanytimeshasthewaterschemebrokeninthelastyear": "#NULL!", "Describethefunctionalityproblemsoverthepastyear": null, "Howmanydaysperweekdoesthepumprunonaverage": "#NULL!", "Howmanyhoursperdaydoesthepumprunonaverage": "#NULL!", "Isthisaseasonalwaterschemethatcommonlyfailsinthedryseason": null, "Isthepumpusedlessduringwetrainyseason": null, "Duringwetrainyseasonshowmanydaysaweekdoesthepumprunonaverage": "#NULL!", "Duringwetrainyseasonshowmanyhoursperdaydoesthepumprunonaverage": "#NULL!", "SolarPanelpowerratingWatts": null, "SolarPanelCondition": null, "Yearwhengeneratorwasinstalledoryearofreinstallation": null, "Physicalstateofthegenerator": null, "Generatorbrand": null, "GeneratorbrandOtherspecify": null, "Generatormodel": null, "Generatorserialnumber": null, "GeneratormaxAmpsstartingamps": "#NULL!", "Generatorpicture": null, "PumpControllerManufacturer1": null, "PumpControllerManufacturerOtherspecify": null, "PumpControllerModelNumber": null, "Pictureofpumpcontroller": null, "PumpMotorModelNumber": null, "Pumpheadmodelnumber": null, "Typeandsizeofcasing": null, "Wellpumpremarks": null, "Isasensorinstalledatthesite": null, "Typeofsensorinstalled": null, "TypeofsensorinstalledOtherspecify": null, "Managementbody": null, "Currentmanagementstatus": null, "Whatisthemethodofpayment1": null, "WhatisthemethodofpaymentOtherspecify1": null, "Whatisthemethodofpayment2": null, "Typeoftariffsystemmostcommon": null, "WhatisthetariffamountinKES": "#NULL!", "Isthereaspecialtariffforlivestockperanimal": null, "WhatisthetariffpercamelKES": null, "WhatisthetariffpercattleKES": null, "WhatisthetariffperhorsedonkeyKES": null, "WhatisthetariffpergoatsheepKES": "#NULL!", "Isthereatariffperinstitutionschoolshealthcentresetc": null, "WhatisthemonthlyinstitutionaltariffKES": "#NULL!", "Numberofinstitutionssuppliedbyschemethatpayamonthlyinstitutional": "#NULL!", "Whenthisboreholeisworkingfromwheredohouseholdsprimarilygettheirw": null, "Whenthisboreholeisworkingfromwheredohouseholdsprimarilygetthei_A": null, "WhenthisboreholeisworkinghowmanyHOURSperdaydohouseholdstypically": "#NULL!", "Whenthisboreholeisnotworkingfromwheredohouseholdsprimarilygetthe": null, "WhenthisboreholeisNOTworkingandhouseholdshavetouseanalternativew": null, "Hastherebeensomewaterqualitytestingforthisschemeinthepast": null, "Yearofmostrecentwaterqualitytestdone": null, "Whatwastheresult": null, "Aretherespecificcontaminantsofconcern": null, "AretherespecificcontaminantsofconcernOtherspecify": null, "MeasuredWaterQualityTemperature": null, "MeasuredWaterQualitySpecificconductancemicroSiemenspercm": null, "\u00a0MeasuredWaterQualityTotalDissolvedSolidsmilligramsliter": null, "Pleaseaddanotherrelevantnotesontheborehole": null, "V109": "#NULL!", "V110": "Dry borehole"}, "geometry": {"type": "Point", "coordinates": [39.0948467, 0.1600667]}}, {"type": "Feature", "properties": {"Sno": 137, "SubCounty": "Balambala", "Ward": "Balambala", "Village": "Balambala 1", "Latitude": -0.0781152000000181, "Longitude": 39.0892212, "RuralUrban": null, "DistancetonextstrategicBoreholekm": "#NULL!", "Totalnumberofhouseholdscurrentlyservedfromthescheme": "#NULL!", "WhatistheserviceareaforthisschemeHowmanykilometersfromheredothep": "#NULL!", "Isthisschemeusedforagricultureandirrigationbyfarmers": null, "Howmanyfarmersusethisscheme\u00a0": "#NULL!", "Whatistheaveragesizedfarmthatusesthiswaterhectares\u00a0": "#NULL!", "Isthewaterschemeusedforlivestock": null, "Estimatednumberofcamelsusingschemeperday": "#NULL!", "Estimatednumberofcattleusingschemeperday": "#NULL!", "Estimatednumberofhorsesdonkeysusingwaterpointperday": "#NULL!", "Estimatednumberofgoatssheepusingwaterpointperday": "#NULL!", "Isthewaterschemeusedforwatertrucking": null, "Numberoftrucksfillingperday": "#NULL!", "Howmanytimesperweekdoesthewatertruckingoccur": "#NULL!", "Addanyothercommentsonwatertruckingdetails": null, "ConstructionyearofthewellboreholeinEFYortheyearofrehabilitation": null, "Boreholeorwelldepthmeters": "#NULL!", "Physicalstateofthewellborehole": null, "TypeofPower": null, "Productionofsystemyieldordischargemeterscubedhour": null, "Isthereawatermeteratthewatersource": null, "Isthewatermeterworking": null, "Whatisthecurrentreadingofthewatermeter": "#NULL!", "Isthewaterschemecurrentlyfunctional": null, "Pleasetakeapictureillustratingthenonfunctionalityorpartialfuncti": "https://api.mwater.co/v3/images/c7fb05af18714ac8ad725e8a64900068", "Maincauseofnonfunctionalityorpartialfunctionality": null, "MaincauseofnonfunctionalityorpartialfunctionalityOtherspecify": null, "Numberofmonthssincenonfunctional": null, "Doestheschemehaveanyemergingproblemsthatmightleadtononfunctional": null, "Pleasedescribetheproblemsthatmightleadtononfunctionalityinthenea": null, "Wasthewaterschemeoutofserviceoneormoredaysinthelastmonth": null, "Numberofdaysoutofserviceinthelastmonth": "#NULL!", "Dateoflastserviceorrepair": "#NULL!", "Howmanytimeshasthewaterschemebrokeninthelastyear": "#NULL!", "Describethefunctionalityproblemsoverthepastyear": null, "Howmanydaysperweekdoesthepumprunonaverage": "#NULL!", "Howmanyhoursperdaydoesthepumprunonaverage": "#NULL!", "Isthisaseasonalwaterschemethatcommonlyfailsinthedryseason": null, "Isthepumpusedlessduringwetrainyseason": null, "Duringwetrainyseasonshowmanydaysaweekdoesthepumprunonaverage": "#NULL!", "Duringwetrainyseasonshowmanyhoursperdaydoesthepumprunonaverage": "#NULL!", "SolarPanelpowerratingWatts": null, "SolarPanelCondition": null, "Yearwhengeneratorwasinstalledoryearofreinstallation": null, "Physicalstateofthegenerator": null, "Generatorbrand": null, "GeneratorbrandOtherspecify": null, "Generatormodel": null, "Generatorserialnumber": null, "GeneratormaxAmpsstartingamps": "#NULL!", "Generatorpicture": null, "PumpControllerManufacturer1": null, "PumpControllerManufacturerOtherspecify": null, "PumpControllerModelNumber": null, "Pictureofpumpcontroller": null, "PumpMotorModelNumber": null, "Pumpheadmodelnumber": null, "Typeandsizeofcasing": null, "Wellpumpremarks": null, "Isasensorinstalledatthesite": null, "Typeofsensorinstalled": null, "TypeofsensorinstalledOtherspecify": null, "Managementbody": null, "Currentmanagementstatus": null, "Whatisthemethodofpayment1": null, "WhatisthemethodofpaymentOtherspecify1": null, "Whatisthemethodofpayment2": null, "Typeoftariffsystemmostcommon": null, "WhatisthetariffamountinKES": "#NULL!", "Isthereaspecialtariffforlivestockperanimal": null, "WhatisthetariffpercamelKES": null, "WhatisthetariffpercattleKES": null, "WhatisthetariffperhorsedonkeyKES": null, "WhatisthetariffpergoatsheepKES": "#NULL!", "Isthereatariffperinstitutionschoolshealthcentresetc": null, "WhatisthemonthlyinstitutionaltariffKES": "#NULL!", "Numberofinstitutionssuppliedbyschemethatpayamonthlyinstitutional": "#NULL!", "Whenthisboreholeisworkingfromwheredohouseholdsprimarilygettheirw": null, "Whenthisboreholeisworkingfromwheredohouseholdsprimarilygetthei_A": null, "WhenthisboreholeisworkinghowmanyHOURSperdaydohouseholdstypically": "#NULL!", "Whenthisboreholeisnotworkingfromwheredohouseholdsprimarilygetthe": null, "WhenthisboreholeisNOTworkingandhouseholdshavetouseanalternativew": null, "Hastherebeensomewaterqualitytestingforthisschemeinthepast": null, "Yearofmostrecentwaterqualitytestdone": null, "Whatwastheresult": null, "Aretherespecificcontaminantsofconcern": null, "AretherespecificcontaminantsofconcernOtherspecify": null, "MeasuredWaterQualityTemperature": null, "MeasuredWaterQualitySpecificconductancemicroSiemenspercm": null, "\u00a0MeasuredWaterQualityTotalDissolvedSolidsmilligramsliter": null, "Pleaseaddanotherrelevantnotesontheborehole": null, "V109": "#NULL!", "V110": "Abandoned due to drying up"}, "geometry": {"type": "Point", "coordinates": [39.0892212, -0.078115200000018]}}, {"type": "Feature", "properties": {"Sno": 138, "SubCounty": "Balambala", "Ward": "Jarajara", "Village": "Kone", "Latitude": -0.0552080000000048, "Longitude": 38.9872916, "RuralUrban": "Rural", "DistancetonextstrategicBoreholekm": "7.00", "Totalnumberofhouseholdscurrentlyservedfromthescheme": "180.0", "WhatistheserviceareaforthisschemeHowmanykilometersfromheredothep": "4.0", "Isthisschemeusedforagricultureandirrigationbyfarmers": "No", "Howmanyfarmersusethisscheme\u00a0": "#NULL!", "Whatistheaveragesizedfarmthatusesthiswaterhectares\u00a0": "#NULL!", "Isthewaterschemeusedforlivestock": null, "Estimatednumberofcamelsusingschemeperday": "#NULL!", "Estimatednumberofcattleusingschemeperday": "#NULL!", "Estimatednumberofhorsesdonkeysusingwaterpointperday": "#NULL!", "Estimatednumberofgoatssheepusingwaterpointperday": "#NULL!", "Isthewaterschemeusedforwatertrucking": null, "Numberoftrucksfillingperday": "#NULL!", "Howmanytimesperweekdoesthewatertruckingoccur": "#NULL!", "Addanyothercommentsonwatertruckingdetails": null, "ConstructionyearofthewellboreholeinEFYortheyearofrehabilitation": null, "Boreholeorwelldepthmeters": "#NULL!", "Physicalstateofthewellborehole": null, "TypeofPower": null, "Productionofsystemyieldordischargemeterscubedhour": null, "Isthereawatermeteratthewatersource": "Yes", "Isthewatermeterworking": "Yes", "Whatisthecurrentreadingofthewatermeter": "3236.000000000", "Isthewaterschemecurrentlyfunctional": null, "Pleasetakeapictureillustratingthenonfunctionalityorpartialfuncti": "https://api.mwater.co/v3/images/d89772158e2e4091b3a193bba7ec5457", "Maincauseofnonfunctionalityorpartialfunctionality": null, "MaincauseofnonfunctionalityorpartialfunctionalityOtherspecify": null, "Numberofmonthssincenonfunctional": null, "Doestheschemehaveanyemergingproblemsthatmightleadtononfunctional": null, "Pleasedescribetheproblemsthatmightleadtononfunctionalityinthenea": null, "Wasthewaterschemeoutofserviceoneormoredaysinthelastmonth": null, "Numberofdaysoutofserviceinthelastmonth": "#NULL!", "Dateoflastserviceorrepair": "7-Aug-20", "Howmanytimeshasthewaterschemebrokeninthelastyear": "0.0", "Describethefunctionalityproblemsoverthepastyear": "The borehole operated without any breakdown", "Howmanydaysperweekdoesthepumprunonaverage": "7.0", "Howmanyhoursperdaydoesthepumprunonaverage": "8.0", "Isthisaseasonalwaterschemethatcommonlyfailsinthedryseason": "No", "Isthepumpusedlessduringwetrainyseason": "Yes", "Duringwetrainyseasonshowmanydaysaweekdoesthepumprunonaverage": "3.0", "Duringwetrainyseasonshowmanyhoursperdaydoesthepumprunonaverage": "2.0", "SolarPanelpowerratingWatts": null, "SolarPanelCondition": "Good", "Yearwhengeneratorwasinstalledoryearofreinstallation": "44610", "Physicalstateofthegenerator": null, "Generatorbrand": null, "GeneratorbrandOtherspecify": null, "Generatormodel": null, "Generatorserialnumber": null, "GeneratormaxAmpsstartingamps": "30.0", "Generatorpicture": "https://api.mwater.co/v3/images/a4ae1cdafba84bc9838915a10c777f94; https://api.mwater.co/v3/images/e467a167e424424a93b2746bd43e7bb3", "PumpControllerManufacturer1": null, "PumpControllerManufacturerOtherspecify": "Dayliff", "PumpControllerModelNumber": null, "Pictureofpumpcontroller": "https://api.mwater.co/v3/images/08bfec4909f9478787ecbd126343df16", "PumpMotorModelNumber": null, "Pumpheadmodelnumber": null, "Typeandsizeofcasing": "Plastic 6'", "Wellpumpremarks": "Good", "Isasensorinstalledatthesite": "No", "Typeofsensorinstalled": null, "TypeofsensorinstalledOtherspecify": null, "Managementbody": "WUA", "Currentmanagementstatus": "In place", "Whatisthemethodofpayment1": "Cash", "WhatisthemethodofpaymentOtherspecify1": null, "Whatisthemethodofpayment2": null, "Typeoftariffsystemmostcommon": null, "WhatisthetariffamountinKES": "#NULL!", "Isthereaspecialtariffforlivestockperanimal": null, "WhatisthetariffpercamelKES": null, "WhatisthetariffpercattleKES": null, "WhatisthetariffperhorsedonkeyKES": 5.0, "WhatisthetariffpergoatsheepKES": "#NULL!", "Isthereatariffperinstitutionschoolshealthcentresetc": null, "WhatisthemonthlyinstitutionaltariffKES": "#NULL!", "Numberofinstitutionssuppliedbyschemethatpayamonthlyinstitutional": "#NULL!", "Whenthisboreholeisworkingfromwheredohouseholdsprimarilygettheirw": null, "Whenthisboreholeisworkingfromwheredohouseholdsprimarilygetthei_A": null, "WhenthisboreholeisworkinghowmanyHOURSperdaydohouseholdstypically": "#NULL!", "Whenthisboreholeisnotworkingfromwheredohouseholdsprimarilygetthe": null, "WhenthisboreholeisNOTworkingandhouseholdshavetouseanalternativew": null, "Hastherebeensomewaterqualitytestingforthisschemeinthepast": null, "Yearofmostrecentwaterqualitytestdone": null, "Whatwastheresult": null, "Aretherespecificcontaminantsofconcern": null, "AretherespecificcontaminantsofconcernOtherspecify": null, "MeasuredWaterQualityTemperature": null, "MeasuredWaterQualitySpecificconductancemicroSiemenspercm": null, "\u00a0MeasuredWaterQualityTotalDissolvedSolidsmilligramsliter": null, "Pleaseaddanotherrelevantnotesontheborehole": null, "V109": "#NULL!", "V110": "Needs more kiosks and an elevated steel tank"}, "geometry": {"type": "Point", "coordinates": [38.9872916, -0.055208]}}, {"type": "Feature", "properties": {"Sno": 139, "SubCounty": "Balambala", "Ward": "Sankuri", "Village": "Nunow new borehole", "Latitude": -0.194769500000005, "Longitude": 39.6197343, "RuralUrban": "Rural", "DistancetonextstrategicBoreholekm": "30.00", "Totalnumberofhouseholdscurrentlyservedfromthescheme": "#NULL!", "WhatistheserviceareaforthisschemeHowmanykilometersfromheredothep": "#NULL!", "Isthisschemeusedforagricultureandirrigationbyfarmers": null, "Howmanyfarmersusethisscheme\u00a0": "#NULL!", "Whatistheaveragesizedfarmthatusesthiswaterhectares\u00a0": "#NULL!", "Isthewaterschemeusedforlivestock": null, "Estimatednumberofcamelsusingschemeperday": "#NULL!", "Estimatednumberofcattleusingschemeperday": "#NULL!", "Estimatednumberofhorsesdonkeysusingwaterpointperday": "#NULL!", "Estimatednumberofgoatssheepusingwaterpointperday": "#NULL!", "Isthewaterschemeusedforwatertrucking": null, "Numberoftrucksfillingperday": "#NULL!", "Howmanytimesperweekdoesthewatertruckingoccur": "#NULL!", "Addanyothercommentsonwatertruckingdetails": null, "ConstructionyearofthewellboreholeinEFYortheyearofrehabilitation": null, "Boreholeorwelldepthmeters": "#NULL!", "Physicalstateofthewellborehole": null, "TypeofPower": null, "Productionofsystemyieldordischargemeterscubedhour": null, "Isthereawatermeteratthewatersource": null, "Isthewatermeterworking": null, "Whatisthecurrentreadingofthewatermeter": "#NULL!", "Isthewaterschemecurrentlyfunctional": null, "Pleasetakeapictureillustratingthenonfunctionalityorpartialfuncti": "https://api.mwater.co/v3/images/6a34074ae70b4ab59dbdbfe5e2d27b69", "Maincauseofnonfunctionalityorpartialfunctionality": null, "MaincauseofnonfunctionalityorpartialfunctionalityOtherspecify": null, "Numberofmonthssincenonfunctional": null, "Doestheschemehaveanyemergingproblemsthatmightleadtononfunctional": null, "Pleasedescribetheproblemsthatmightleadtononfunctionalityinthenea": null, "Wasthewaterschemeoutofserviceoneormoredaysinthelastmonth": null, "Numberofdaysoutofserviceinthelastmonth": "#NULL!", "Dateoflastserviceorrepair": "#NULL!", "Howmanytimeshasthewaterschemebrokeninthelastyear": "#NULL!", "Describethefunctionalityproblemsoverthepastyear": null, "Howmanydaysperweekdoesthepumprunonaverage": "#NULL!", "Howmanyhoursperdaydoesthepumprunonaverage": "#NULL!", "Isthisaseasonalwaterschemethatcommonlyfailsinthedryseason": null, "Isthepumpusedlessduringwetrainyseason": null, "Duringwetrainyseasonshowmanydaysaweekdoesthepumprunonaverage": "#NULL!", "Duringwetrainyseasonshowmanyhoursperdaydoesthepumprunonaverage": "#NULL!", "SolarPanelpowerratingWatts": null, "SolarPanelCondition": null, "Yearwhengeneratorwasinstalledoryearofreinstallation": null, "Physicalstateofthegenerator": null, "Generatorbrand": null, "GeneratorbrandOtherspecify": null, "Generatormodel": null, "Generatorserialnumber": null, "GeneratormaxAmpsstartingamps": "#NULL!", "Generatorpicture": null, "PumpControllerManufacturer1": null, "PumpControllerManufacturerOtherspecify": null, "PumpControllerModelNumber": null, "Pictureofpumpcontroller": null, "PumpMotorModelNumber": null, "Pumpheadmodelnumber": null, "Typeandsizeofcasing": null, "Wellpumpremarks": null, "Isasensorinstalledatthesite": null, "Typeofsensorinstalled": null, "TypeofsensorinstalledOtherspecify": null, "Managementbody": null, "Currentmanagementstatus": null, "Whatisthemethodofpayment1": null, "WhatisthemethodofpaymentOtherspecify1": null, "Whatisthemethodofpayment2": null, "Typeoftariffsystemmostcommon": null, "WhatisthetariffamountinKES": "#NULL!", "Isthereaspecialtariffforlivestockperanimal": null, "WhatisthetariffpercamelKES": null, "WhatisthetariffpercattleKES": null, "WhatisthetariffperhorsedonkeyKES": null, "WhatisthetariffpergoatsheepKES": "#NULL!", "Isthereatariffperinstitutionschoolshealthcentresetc": null, "WhatisthemonthlyinstitutionaltariffKES": "#NULL!", "Numberofinstitutionssuppliedbyschemethatpayamonthlyinstitutional": "#NULL!", "Whenthisboreholeisworkingfromwheredohouseholdsprimarilygettheirw": null, "Whenthisboreholeisworkingfromwheredohouseholdsprimarilygetthei_A": null, "WhenthisboreholeisworkinghowmanyHOURSperdaydohouseholdstypically": "#NULL!", "Whenthisboreholeisnotworkingfromwheredohouseholdsprimarilygetthe": null, "WhenthisboreholeisNOTworkingandhouseholdshavetouseanalternativew": null, "Hastherebeensomewaterqualitytestingforthisschemeinthepast": null, "Yearofmostrecentwaterqualitytestdone": null, "Whatwastheresult": null, "Aretherespecificcontaminantsofconcern": null, "AretherespecificcontaminantsofconcernOtherspecify": null, "MeasuredWaterQualityTemperature": null, "MeasuredWaterQualitySpecificconductancemicroSiemenspercm": null, "\u00a0MeasuredWaterQualityTotalDissolvedSolidsmilligramsliter": null, "Pleaseaddanotherrelevantnotesontheborehole": null, "V109": "#NULL!", "V110": "This is a new borehole and has not been equipped"}, "geometry": {"type": "Point", "coordinates": [39.6197343, -0.1947695]}}, {"type": "Feature", "properties": {"Sno": 140, "SubCounty": "Balambala", "Ward": "Sankuri", "Village": "Nunow old borehole", "Latitude": -0.1947317, "Longitude": 39.6197317, "RuralUrban": "Rural", "DistancetonextstrategicBoreholekm": "#NULL!", "Totalnumberofhouseholdscurrentlyservedfromthescheme": "#NULL!", "WhatistheserviceareaforthisschemeHowmanykilometersfromheredothep": "#NULL!", "Isthisschemeusedforagricultureandirrigationbyfarmers": null, "Howmanyfarmersusethisscheme\u00a0": "#NULL!", "Whatistheaveragesizedfarmthatusesthiswaterhectares\u00a0": "#NULL!", "Isthewaterschemeusedforlivestock": null, "Estimatednumberofcamelsusingschemeperday": "#NULL!", "Estimatednumberofcattleusingschemeperday": "#NULL!", "Estimatednumberofhorsesdonkeysusingwaterpointperday": "#NULL!", "Estimatednumberofgoatssheepusingwaterpointperday": "#NULL!", "Isthewaterschemeusedforwatertrucking": null, "Numberoftrucksfillingperday": "#NULL!", "Howmanytimesperweekdoesthewatertruckingoccur": "#NULL!", "Addanyothercommentsonwatertruckingdetails": null, "ConstructionyearofthewellboreholeinEFYortheyearofrehabilitation": null, "Boreholeorwelldepthmeters": "#NULL!", "Physicalstateofthewellborehole": null, "TypeofPower": null, "Productionofsystemyieldordischargemeterscubedhour": null, "Isthereawatermeteratthewatersource": null, "Isthewatermeterworking": null, "Whatisthecurrentreadingofthewatermeter": "#NULL!", "Isthewaterschemecurrentlyfunctional": null, "Pleasetakeapictureillustratingthenonfunctionalityorpartialfuncti": "https://api.mwater.co/v3/images/9a7046ae42394375a30277cce31769e5", "Maincauseofnonfunctionalityorpartialfunctionality": null, "MaincauseofnonfunctionalityorpartialfunctionalityOtherspecify": null, "Numberofmonthssincenonfunctional": null, "Doestheschemehaveanyemergingproblemsthatmightleadtononfunctional": null, "Pleasedescribetheproblemsthatmightleadtononfunctionalityinthenea": null, "Wasthewaterschemeoutofserviceoneormoredaysinthelastmonth": null, "Numberofdaysoutofserviceinthelastmonth": "#NULL!", "Dateoflastserviceorrepair": "#NULL!", "Howmanytimeshasthewaterschemebrokeninthelastyear": "#NULL!", "Describethefunctionalityproblemsoverthepastyear": null, "Howmanydaysperweekdoesthepumprunonaverage": "#NULL!", "Howmanyhoursperdaydoesthepumprunonaverage": "#NULL!", "Isthisaseasonalwaterschemethatcommonlyfailsinthedryseason": null, "Isthepumpusedlessduringwetrainyseason": null, "Duringwetrainyseasonshowmanydaysaweekdoesthepumprunonaverage": "#NULL!", "Duringwetrainyseasonshowmanyhoursperdaydoesthepumprunonaverage": "#NULL!", "SolarPanelpowerratingWatts": null, "SolarPanelCondition": null, "Yearwhengeneratorwasinstalledoryearofreinstallation": null, "Physicalstateofthegenerator": null, "Generatorbrand": null, "GeneratorbrandOtherspecify": null, "Generatormodel": null, "Generatorserialnumber": null, "GeneratormaxAmpsstartingamps": "#NULL!", "Generatorpicture": "https://api.mwater.co/v3/images/30511a4df83142e49415fdb045404424; https://api.mwater.co/v3/images/e8e1deb8819d45b4893e3ccac7b73ec5", "PumpControllerManufacturer1": null, "PumpControllerManufacturerOtherspecify": null, "PumpControllerModelNumber": null, "Pictureofpumpcontroller": "https://api.mwater.co/v3/images/7f537ebbd849487bbef61cb58c5c90d9", "PumpMotorModelNumber": null, "Pumpheadmodelnumber": null, "Typeandsizeofcasing": null, "Wellpumpremarks": null, "Isasensorinstalledatthesite": null, "Typeofsensorinstalled": null, "TypeofsensorinstalledOtherspecify": null, "Managementbody": null, "Currentmanagementstatus": null, "Whatisthemethodofpayment1": null, "WhatisthemethodofpaymentOtherspecify1": null, "Whatisthemethodofpayment2": null, "Typeoftariffsystemmostcommon": null, "WhatisthetariffamountinKES": "#NULL!", "Isthereaspecialtariffforlivestockperanimal": null, "WhatisthetariffpercamelKES": null, "WhatisthetariffpercattleKES": null, "WhatisthetariffperhorsedonkeyKES": null, "WhatisthetariffpergoatsheepKES": "#NULL!", "Isthereatariffperinstitutionschoolshealthcentresetc": null, "WhatisthemonthlyinstitutionaltariffKES": "#NULL!", "Numberofinstitutionssuppliedbyschemethatpayamonthlyinstitutional": "#NULL!", "Whenthisboreholeisworkingfromwheredohouseholdsprimarilygettheirw": null, "Whenthisboreholeisworkingfromwheredohouseholdsprimarilygetthei_A": null, "WhenthisboreholeisworkinghowmanyHOURSperdaydohouseholdstypically": "#NULL!", "Whenthisboreholeisnotworkingfromwheredohouseholdsprimarilygetthe": null, "WhenthisboreholeisNOTworkingandhouseholdshavetouseanalternativew": null, "Hastherebeensomewaterqualitytestingforthisschemeinthepast": null, "Yearofmostrecentwaterqualitytestdone": null, "Whatwastheresult": null, "Aretherespecificcontaminantsofconcern": null, "AretherespecificcontaminantsofconcernOtherspecify": null, "MeasuredWaterQualityTemperature": null, "MeasuredWaterQualitySpecificconductancemicroSiemenspercm": null, "\u00a0MeasuredWaterQualityTotalDissolvedSolidsmilligramsliter": null, "Pleaseaddanotherrelevantnotesontheborehole": null, "V109": "#NULL!", "V110": "Dry and abandoned"}, "geometry": {"type": "Point", "coordinates": [39.6197317, -0.1947317]}}, {"type": "Feature", "properties": {"Sno": 141, "SubCounty": "Balambala", "Ward": "Sankuri", "Village": "Shimbirey 2", "Latitude": -0.0243876000000171, "Longitude": 39.4955563, "RuralUrban": "Rural", "DistancetonextstrategicBoreholekm": "30.00", "Totalnumberofhouseholdscurrentlyservedfromthescheme": "260.0", "WhatistheserviceareaforthisschemeHowmanykilometersfromheredothep": "1.0", "Isthisschemeusedforagricultureandirrigationbyfarmers": "No", "Howmanyfarmersusethisscheme\u00a0": "#NULL!", "Whatistheaveragesizedfarmthatusesthiswaterhectares\u00a0": "#NULL!", "Isthewaterschemeusedforlivestock": "Yes", "Estimatednumberofcamelsusingschemeperday": "100.0", "Estimatednumberofcattleusingschemeperday": "200.0", "Estimatednumberofhorsesdonkeysusingwaterpointperday": "20.0", "Estimatednumberofgoatssheepusingwaterpointperday": "300.0", "Isthewaterschemeusedforwatertrucking": "No", "Numberoftrucksfillingperday": "#NULL!", "Howmanytimesperweekdoesthewatertruckingoccur": "#NULL!", "Addanyothercommentsonwatertruckingdetails": null, "ConstructionyearofthewellboreholeinEFYortheyearofrehabilitation": "43238", "Boreholeorwelldepthmeters": "250.0", "Physicalstateofthewellborehole": "Good", "TypeofPower": "Generator", "Productionofsystemyieldordischargemeterscubedhour": "16", "Isthereawatermeteratthewatersource": "No", "Isthewatermeterworking": null, "Whatisthecurrentreadingofthewatermeter": "#NULL!", "Isthewaterschemecurrentlyfunctional": "Yes", "Pleasetakeapictureillustratingthenonfunctionalityorpartialfuncti": "https://api.mwater.co/v3/images/19bf0b9c2c38464497ed09bfabe0cc0c", "Maincauseofnonfunctionalityorpartialfunctionality": null, "MaincauseofnonfunctionalityorpartialfunctionalityOtherspecify": null, "Numberofmonthssincenonfunctional": null, "Doestheschemehaveanyemergingproblemsthatmightleadtononfunctional": null, "Pleasedescribetheproblemsthatmightleadtononfunctionalityinthenea": null, "Wasthewaterschemeoutofserviceoneormoredaysinthelastmonth": "No", "Numberofdaysoutofserviceinthelastmonth": "#NULL!", "Dateoflastserviceorrepair": "#NULL!", "Howmanytimeshasthewaterschemebrokeninthelastyear": "#NULL!", "Describethefunctionalityproblemsoverthepastyear": null, "Howmanydaysperweekdoesthepumprunonaverage": "7.0", "Howmanyhoursperdaydoesthepumprunonaverage": "8.0", "Isthisaseasonalwaterschemethatcommonlyfailsinthedryseason": "No", "Isthepumpusedlessduringwetrainyseason": "Yes", "Duringwetrainyseasonshowmanydaysaweekdoesthepumprunonaverage": "0.0", "Duringwetrainyseasonshowmanyhoursperdaydoesthepumprunonaverage": "0.0", "SolarPanelpowerratingWatts": null, "SolarPanelCondition": null, "Yearwhengeneratorwasinstalledoryearofreinstallation": "43514", "Physicalstateofthegenerator": "Good", "Generatorbrand": "Dayliff", "GeneratorbrandOtherspecify": null, "Generatormodel": null, "Generatorserialnumber": null, "GeneratormaxAmpsstartingamps": "30.0", "Generatorpicture": "https://api.mwater.co/v3/images/5bd7fe7d6256441d9cadad51b5fdc6ec", "PumpControllerManufacturer1": null, "PumpControllerManufacturerOtherspecify": null, "PumpControllerModelNumber": null, "Pictureofpumpcontroller": "https://api.mwater.co/v3/images/49a5227cea1843608b74c93c8bc87ff3", "PumpMotorModelNumber": null, "Pumpheadmodelnumber": null, "Typeandsizeofcasing": "Plastic 6'", "Wellpumpremarks": "Good", "Isasensorinstalledatthesite": null, "Typeofsensorinstalled": null, "TypeofsensorinstalledOtherspecify": null, "Managementbody": "Wua", "Currentmanagementstatus": "In place", "Whatisthemethodofpayment1": null, "WhatisthemethodofpaymentOtherspecify1": "Cash", "Whatisthemethodofpayment2": null, "Typeoftariffsystemmostcommon": null, "WhatisthetariffamountinKES": "#NULL!", "Isthereaspecialtariffforlivestockperanimal": "Yes", "WhatisthetariffpercamelKES": 15.0, "WhatisthetariffpercattleKES": 10.0, "WhatisthetariffperhorsedonkeyKES": 0.0, "WhatisthetariffpergoatsheepKES": "2.0", "Isthereatariffperinstitutionschoolshealthcentresetc": "No", "WhatisthemonthlyinstitutionaltariffKES": "#NULL!", "Numberofinstitutionssuppliedbyschemethatpayamonthlyinstitutional": "#NULL!", "Whenthisboreholeisworkingfromwheredohouseholdsprimarilygettheirw": null, "Whenthisboreholeisworkingfromwheredohouseholdsprimarilygetthei_A": "Water tracking", "WhenthisboreholeisworkinghowmanyHOURSperdaydohouseholdstypically": "#NULL!", "Whenthisboreholeisnotworkingfromwheredohouseholdsprimarilygetthe": null, "WhenthisboreholeisNOTworkingandhouseholdshavetouseanalternativew": null, "Hastherebeensomewaterqualitytestingforthisschemeinthepast": null, "Yearofmostrecentwaterqualitytestdone": null, "Whatwastheresult": null, "Aretherespecificcontaminantsofconcern": null, "AretherespecificcontaminantsofconcernOtherspecify": null, "MeasuredWaterQualityTemperature": null, "MeasuredWaterQualitySpecificconductancemicroSiemenspercm": null, "\u00a0MeasuredWaterQualityTotalDissolvedSolidsmilligramsliter": null, "Pleaseaddanotherrelevantnotesontheborehole": null, "V109": "#NULL!", "V110": "There's need for a solar system to be constructed to reduce operation costs"}, "geometry": {"type": "Point", "coordinates": [39.4955563, -0.024387600000017]}}, {"type": "Feature", "properties": {"Sno": 142, "SubCounty": "Balambala", "Ward": "Sankuri", "Village": "Abdisamad 5", "Latitude": 0.0490862999999896, "Longitude": 39.6484958, "RuralUrban": null, "DistancetonextstrategicBoreholekm": "#NULL!", "Totalnumberofhouseholdscurrentlyservedfromthescheme": "#NULL!", "WhatistheserviceareaforthisschemeHowmanykilometersfromheredothep": "#NULL!", "Isthisschemeusedforagricultureandirrigationbyfarmers": null, "Howmanyfarmersusethisscheme\u00a0": "#NULL!", "Whatistheaveragesizedfarmthatusesthiswaterhectares\u00a0": "#NULL!", "Isthewaterschemeusedforlivestock": null, "Estimatednumberofcamelsusingschemeperday": "#NULL!", "Estimatednumberofcattleusingschemeperday": "#NULL!", "Estimatednumberofhorsesdonkeysusingwaterpointperday": "#NULL!", "Estimatednumberofgoatssheepusingwaterpointperday": "#NULL!", "Isthewaterschemeusedforwatertrucking": null, "Numberoftrucksfillingperday": "#NULL!", "Howmanytimesperweekdoesthewatertruckingoccur": "#NULL!", "Addanyothercommentsonwatertruckingdetails": null, "ConstructionyearofthewellboreholeinEFYortheyearofrehabilitation": null, "Boreholeorwelldepthmeters": "#NULL!", "Physicalstateofthewellborehole": null, "TypeofPower": null, "Productionofsystemyieldordischargemeterscubedhour": null, "Isthereawatermeteratthewatersource": null, "Isthewatermeterworking": null, "Whatisthecurrentreadingofthewatermeter": "#NULL!", "Isthewaterschemecurrentlyfunctional": null, "Pleasetakeapictureillustratingthenonfunctionalityorpartialfuncti": "https://api.mwater.co/v3/images/d8a5844cfb5b487a8b6e88343c4e4480", "Maincauseofnonfunctionalityorpartialfunctionality": null, "MaincauseofnonfunctionalityorpartialfunctionalityOtherspecify": null, "Numberofmonthssincenonfunctional": null, "Doestheschemehaveanyemergingproblemsthatmightleadtononfunctional": null, "Pleasedescribetheproblemsthatmightleadtononfunctionalityinthenea": null, "Wasthewaterschemeoutofserviceoneormoredaysinthelastmonth": null, "Numberofdaysoutofserviceinthelastmonth": "#NULL!", "Dateoflastserviceorrepair": "#NULL!", "Howmanytimeshasthewaterschemebrokeninthelastyear": "#NULL!", "Describethefunctionalityproblemsoverthepastyear": null, "Howmanydaysperweekdoesthepumprunonaverage": "#NULL!", "Howmanyhoursperdaydoesthepumprunonaverage": "#NULL!", "Isthisaseasonalwaterschemethatcommonlyfailsinthedryseason": null, "Isthepumpusedlessduringwetrainyseason": null, "Duringwetrainyseasonshowmanydaysaweekdoesthepumprunonaverage": "#NULL!", "Duringwetrainyseasonshowmanyhoursperdaydoesthepumprunonaverage": "#NULL!", "SolarPanelpowerratingWatts": null, "SolarPanelCondition": null, "Yearwhengeneratorwasinstalledoryearofreinstallation": null, "Physicalstateofthegenerator": null, "Generatorbrand": null, "GeneratorbrandOtherspecify": null, "Generatormodel": null, "Generatorserialnumber": null, "GeneratormaxAmpsstartingamps": "#NULL!", "Generatorpicture": null, "PumpControllerManufacturer1": null, "PumpControllerManufacturerOtherspecify": null, "PumpControllerModelNumber": null, "Pictureofpumpcontroller": null, "PumpMotorModelNumber": null, "Pumpheadmodelnumber": null, "Typeandsizeofcasing": null, "Wellpumpremarks": null, "Isasensorinstalledatthesite": null, "Typeofsensorinstalled": null, "TypeofsensorinstalledOtherspecify": null, "Managementbody": null, "Currentmanagementstatus": null, "Whatisthemethodofpayment1": null, "WhatisthemethodofpaymentOtherspecify1": null, "Whatisthemethodofpayment2": null, "Typeoftariffsystemmostcommon": null, "WhatisthetariffamountinKES": "#NULL!", "Isthereaspecialtariffforlivestockperanimal": null, "WhatisthetariffpercamelKES": null, "WhatisthetariffpercattleKES": null, "WhatisthetariffperhorsedonkeyKES": null, "WhatisthetariffpergoatsheepKES": "#NULL!", "Isthereatariffperinstitutionschoolshealthcentresetc": null, "WhatisthemonthlyinstitutionaltariffKES": "#NULL!", "Numberofinstitutionssuppliedbyschemethatpayamonthlyinstitutional": "#NULL!", "Whenthisboreholeisworkingfromwheredohouseholdsprimarilygettheirw": null, "Whenthisboreholeisworkingfromwheredohouseholdsprimarilygetthei_A": null, "WhenthisboreholeisworkinghowmanyHOURSperdaydohouseholdstypically": "#NULL!", "Whenthisboreholeisnotworkingfromwheredohouseholdsprimarilygetthe": null, "WhenthisboreholeisNOTworkingandhouseholdshavetouseanalternativew": null, "Hastherebeensomewaterqualitytestingforthisschemeinthepast": null, "Yearofmostrecentwaterqualitytestdone": null, "Whatwastheresult": null, "Aretherespecificcontaminantsofconcern": null, "AretherespecificcontaminantsofconcernOtherspecify": null, "MeasuredWaterQualityTemperature": null, "MeasuredWaterQualitySpecificconductancemicroSiemenspercm": null, "\u00a0MeasuredWaterQualityTotalDissolvedSolidsmilligramsliter": null, "Pleaseaddanotherrelevantnotesontheborehole": null, "V109": "#NULL!", "V110": "Dry and abandoned"}, "geometry": {"type": "Point", "coordinates": [39.6484958, 0.0490863]}}, {"type": "Feature", "properties": {"Sno": 143, "SubCounty": "Balambala", "Ward": "Sankuri", "Village": "Abdisamad 4", "Latitude": 0.0502425999999994, "Longitude": 39.6551008, "RuralUrban": "Rural", "DistancetonextstrategicBoreholekm": "1.00", "Totalnumberofhouseholdscurrentlyservedfromthescheme": "270.0", "WhatistheserviceareaforthisschemeHowmanykilometersfromheredothep": "0.5", "Isthisschemeusedforagricultureandirrigationbyfarmers": "No", "Howmanyfarmersusethisscheme\u00a0": "#NULL!", "Whatistheaveragesizedfarmthatusesthiswaterhectares\u00a0": "#NULL!", "Isthewaterschemeusedforlivestock": "Yes", "Estimatednumberofcamelsusingschemeperday": "50.0", "Estimatednumberofcattleusingschemeperday": "100.0", "Estimatednumberofhorsesdonkeysusingwaterpointperday": "8.0", "Estimatednumberofgoatssheepusingwaterpointperday": "200.0", "Isthewaterschemeusedforwatertrucking": null, "Numberoftrucksfillingperday": "#NULL!", "Howmanytimesperweekdoesthewatertruckingoccur": "#NULL!", "Addanyothercommentsonwatertruckingdetails": null, "ConstructionyearofthewellboreholeinEFYortheyearofrehabilitation": "40222", "Boreholeorwelldepthmeters": "190.0", "Physicalstateofthewellborehole": "Good", "TypeofPower": "Generator", "Productionofsystemyieldordischargemeterscubedhour": "3", "Isthereawatermeteratthewatersource": "No", "Isthewatermeterworking": null, "Whatisthecurrentreadingofthewatermeter": "#NULL!", "Isthewaterschemecurrentlyfunctional": "Yes", "Pleasetakeapictureillustratingthenonfunctionalityorpartialfuncti": "https://api.mwater.co/v3/images/2963cd3c757d403bbb8f1ffcefed9c90", "Maincauseofnonfunctionalityorpartialfunctionality": null, "MaincauseofnonfunctionalityorpartialfunctionalityOtherspecify": null, "Numberofmonthssincenonfunctional": null, "Doestheschemehaveanyemergingproblemsthatmightleadtononfunctional": null, "Pleasedescribetheproblemsthatmightleadtononfunctionalityinthenea": null, "Wasthewaterschemeoutofserviceoneormoredaysinthelastmonth": null, "Numberofdaysoutofserviceinthelastmonth": "#NULL!", "Dateoflastserviceorrepair": "#NULL!", "Howmanytimeshasthewaterschemebrokeninthelastyear": "#NULL!", "Describethefunctionalityproblemsoverthepastyear": null, "Howmanydaysperweekdoesthepumprunonaverage": "7.0", "Howmanyhoursperdaydoesthepumprunonaverage": "12.0", "Isthisaseasonalwaterschemethatcommonlyfailsinthedryseason": "No", "Isthepumpusedlessduringwetrainyseason": null, "Duringwetrainyseasonshowmanydaysaweekdoesthepumprunonaverage": "#NULL!", "Duringwetrainyseasonshowmanyhoursperdaydoesthepumprunonaverage": "#NULL!", "SolarPanelpowerratingWatts": null, "SolarPanelCondition": null, "Yearwhengeneratorwasinstalledoryearofreinstallation": "40228", "Physicalstateofthegenerator": "Lister", "Generatorbrand": null, "GeneratorbrandOtherspecify": null, "Generatormodel": null, "Generatorserialnumber": null, "GeneratormaxAmpsstartingamps": "13.0", "Generatorpicture": "https://api.mwater.co/v3/images/a19e73318ad74482bde992c48b0589af; https://api.mwater.co/v3/images/ea9fdd277cd34fe3a7a2b73f90af959e", "PumpControllerManufacturer1": null, "PumpControllerManufacturerOtherspecify": null, "PumpControllerModelNumber": null, "Pictureofpumpcontroller": "https://api.mwater.co/v3/images/e85ce1f4ce6d4a43b6dd2e8cfec20098", "PumpMotorModelNumber": null, "Pumpheadmodelnumber": null, "Typeandsizeofcasing": "Plastic 6'", "Wellpumpremarks": "Good", "Isasensorinstalledatthesite": null, "Typeofsensorinstalled": null, "TypeofsensorinstalledOtherspecify": null, "Managementbody": "Solar system is required to reduce operation costs", "Currentmanagementstatus": null, "Whatisthemethodofpayment1": null, "WhatisthemethodofpaymentOtherspecify1": null, "Whatisthemethodofpayment2": null, "Typeoftariffsystemmostcommon": null, "WhatisthetariffamountinKES": "#NULL!", "Isthereaspecialtariffforlivestockperanimal": null, "WhatisthetariffpercamelKES": null, "WhatisthetariffpercattleKES": null, "WhatisthetariffperhorsedonkeyKES": null, "WhatisthetariffpergoatsheepKES": "#NULL!", "Isthereatariffperinstitutionschoolshealthcentresetc": null, "WhatisthemonthlyinstitutionaltariffKES": "#NULL!", "Numberofinstitutionssuppliedbyschemethatpayamonthlyinstitutional": "#NULL!", "Whenthisboreholeisworkingfromwheredohouseholdsprimarilygettheirw": null, "Whenthisboreholeisworkingfromwheredohouseholdsprimarilygetthei_A": null, "WhenthisboreholeisworkinghowmanyHOURSperdaydohouseholdstypically": "#NULL!", "Whenthisboreholeisnotworkingfromwheredohouseholdsprimarilygetthe": null, "WhenthisboreholeisNOTworkingandhouseholdshavetouseanalternativew": null, "Hastherebeensomewaterqualitytestingforthisschemeinthepast": null, "Yearofmostrecentwaterqualitytestdone": null, "Whatwastheresult": null, "Aretherespecificcontaminantsofconcern": null, "AretherespecificcontaminantsofconcernOtherspecify": null, "MeasuredWaterQualityTemperature": null, "MeasuredWaterQualitySpecificconductancemicroSiemenspercm": null, "\u00a0MeasuredWaterQualityTotalDissolvedSolidsmilligramsliter": null, "Pleaseaddanotherrelevantnotesontheborehole": null, "V109": "#NULL!", "V110": "Solar system is required to reduce operation costs"}, "geometry": {"type": "Point", "coordinates": [39.6551008, 0.0502426]}}, {"type": "Feature", "properties": {"Sno": 144, "SubCounty": "Balambala", "Ward": "Sankuri", "Village": "Abdisamad  3", "Latitude": 0.0507416999999857, "Longitude": 39.6543567, "RuralUrban": "Rural", "DistancetonextstrategicBoreholekm": "#NULL!", "Totalnumberofhouseholdscurrentlyservedfromthescheme": "#NULL!", "WhatistheserviceareaforthisschemeHowmanykilometersfromheredothep": "#NULL!", "Isthisschemeusedforagricultureandirrigationbyfarmers": null, "Howmanyfarmersusethisscheme\u00a0": "#NULL!", "Whatistheaveragesizedfarmthatusesthiswaterhectares\u00a0": "#NULL!", "Isthewaterschemeusedforlivestock": null, "Estimatednumberofcamelsusingschemeperday": "#NULL!", "Estimatednumberofcattleusingschemeperday": "#NULL!", "Estimatednumberofhorsesdonkeysusingwaterpointperday": "#NULL!", "Estimatednumberofgoatssheepusingwaterpointperday": "#NULL!", "Isthewaterschemeusedforwatertrucking": null, "Numberoftrucksfillingperday": "#NULL!", "Howmanytimesperweekdoesthewatertruckingoccur": "#NULL!", "Addanyothercommentsonwatertruckingdetails": null, "ConstructionyearofthewellboreholeinEFYortheyearofrehabilitation": null, "Boreholeorwelldepthmeters": "#NULL!", "Physicalstateofthewellborehole": null, "TypeofPower": null, "Productionofsystemyieldordischargemeterscubedhour": null, "Isthereawatermeteratthewatersource": null, "Isthewatermeterworking": null, "Whatisthecurrentreadingofthewatermeter": "#NULL!", "Isthewaterschemecurrentlyfunctional": null, "Pleasetakeapictureillustratingthenonfunctionalityorpartialfuncti": "https://api.mwater.co/v3/images/60bdb040aaff49a6a2baac8aaa7be4d3", "Maincauseofnonfunctionalityorpartialfunctionality": null, "MaincauseofnonfunctionalityorpartialfunctionalityOtherspecify": null, "Numberofmonthssincenonfunctional": null, "Doestheschemehaveanyemergingproblemsthatmightleadtononfunctional": null, "Pleasedescribetheproblemsthatmightleadtononfunctionalityinthenea": null, "Wasthewaterschemeoutofserviceoneormoredaysinthelastmonth": null, "Numberofdaysoutofserviceinthelastmonth": "#NULL!", "Dateoflastserviceorrepair": "#NULL!", "Howmanytimeshasthewaterschemebrokeninthelastyear": "#NULL!", "Describethefunctionalityproblemsoverthepastyear": null, "Howmanydaysperweekdoesthepumprunonaverage": "#NULL!", "Howmanyhoursperdaydoesthepumprunonaverage": "#NULL!", "Isthisaseasonalwaterschemethatcommonlyfailsinthedryseason": null, "Isthepumpusedlessduringwetrainyseason": null, "Duringwetrainyseasonshowmanydaysaweekdoesthepumprunonaverage": "#NULL!", "Duringwetrainyseasonshowmanyhoursperdaydoesthepumprunonaverage": "#NULL!", "SolarPanelpowerratingWatts": null, "SolarPanelCondition": null, "Yearwhengeneratorwasinstalledoryearofreinstallation": null, "Physicalstateofthegenerator": null, "Generatorbrand": null, "GeneratorbrandOtherspecify": null, "Generatormodel": null, "Generatorserialnumber": null, "GeneratormaxAmpsstartingamps": "#NULL!", "Generatorpicture": null, "PumpControllerManufacturer1": null, "PumpControllerManufacturerOtherspecify": null, "PumpControllerModelNumber": null, "Pictureofpumpcontroller": null, "PumpMotorModelNumber": null, "Pumpheadmodelnumber": null, "Typeandsizeofcasing": null, "Wellpumpremarks": null, "Isasensorinstalledatthesite": null, "Typeofsensorinstalled": null, "TypeofsensorinstalledOtherspecify": null, "Managementbody": null, "Currentmanagementstatus": null, "Whatisthemethodofpayment1": null, "WhatisthemethodofpaymentOtherspecify1": null, "Whatisthemethodofpayment2": null, "Typeoftariffsystemmostcommon": null, "WhatisthetariffamountinKES": "#NULL!", "Isthereaspecialtariffforlivestockperanimal": null, "WhatisthetariffpercamelKES": null, "WhatisthetariffpercattleKES": null, "WhatisthetariffperhorsedonkeyKES": null, "WhatisthetariffpergoatsheepKES": "#NULL!", "Isthereatariffperinstitutionschoolshealthcentresetc": null, "WhatisthemonthlyinstitutionaltariffKES": "#NULL!", "Numberofinstitutionssuppliedbyschemethatpayamonthlyinstitutional": "#NULL!", "Whenthisboreholeisworkingfromwheredohouseholdsprimarilygettheirw": null, "Whenthisboreholeisworkingfromwheredohouseholdsprimarilygetthei_A": null, "WhenthisboreholeisworkinghowmanyHOURSperdaydohouseholdstypically": "#NULL!", "Whenthisboreholeisnotworkingfromwheredohouseholdsprimarilygetthe": null, "WhenthisboreholeisNOTworkingandhouseholdshavetouseanalternativew": null, "Hastherebeensomewaterqualitytestingforthisschemeinthepast": null, "Yearofmostrecentwaterqualitytestdone": null, "Whatwastheresult": null, "Aretherespecificcontaminantsofconcern": null, "AretherespecificcontaminantsofconcernOtherspecify": null, "MeasuredWaterQualityTemperature": null, "MeasuredWaterQualitySpecificconductancemicroSiemenspercm": null, "\u00a0MeasuredWaterQualityTotalDissolvedSolidsmilligramsliter": null, "Pleaseaddanotherrelevantnotesontheborehole": null, "V109": "#NULL!", "V110": "The borehole dry and abandoned"}, "geometry": {"type": "Point", "coordinates": [39.6543567, 0.050741699999986]}}, {"type": "Feature", "properties": {"Sno": 145, "SubCounty": "Balambala", "Ward": "Sankuri", "Village": "Abdisamad 2", "Latitude": 0.059316399999993, "Longitude": 39.6554964, "RuralUrban": null, "DistancetonextstrategicBoreholekm": "#NULL!", "Totalnumberofhouseholdscurrentlyservedfromthescheme": "#NULL!", "WhatistheserviceareaforthisschemeHowmanykilometersfromheredothep": "#NULL!", "Isthisschemeusedforagricultureandirrigationbyfarmers": null, "Howmanyfarmersusethisscheme\u00a0": "#NULL!", "Whatistheaveragesizedfarmthatusesthiswaterhectares\u00a0": "#NULL!", "Isthewaterschemeusedforlivestock": null, "Estimatednumberofcamelsusingschemeperday": "#NULL!", "Estimatednumberofcattleusingschemeperday": "#NULL!", "Estimatednumberofhorsesdonkeysusingwaterpointperday": "#NULL!", "Estimatednumberofgoatssheepusingwaterpointperday": "#NULL!", "Isthewaterschemeusedforwatertrucking": null, "Numberoftrucksfillingperday": "#NULL!", "Howmanytimesperweekdoesthewatertruckingoccur": "#NULL!", "Addanyothercommentsonwatertruckingdetails": null, "ConstructionyearofthewellboreholeinEFYortheyearofrehabilitation": null, "Boreholeorwelldepthmeters": "#NULL!", "Physicalstateofthewellborehole": null, "TypeofPower": null, "Productionofsystemyieldordischargemeterscubedhour": null, "Isthereawatermeteratthewatersource": null, "Isthewatermeterworking": null, "Whatisthecurrentreadingofthewatermeter": "#NULL!", "Isthewaterschemecurrentlyfunctional": null, "Pleasetakeapictureillustratingthenonfunctionalityorpartialfuncti": "https://api.mwater.co/v3/images/77a70850257c4381a2e3b44b3f1d0bb7", "Maincauseofnonfunctionalityorpartialfunctionality": null, "MaincauseofnonfunctionalityorpartialfunctionalityOtherspecify": null, "Numberofmonthssincenonfunctional": null, "Doestheschemehaveanyemergingproblemsthatmightleadtononfunctional": null, "Pleasedescribetheproblemsthatmightleadtononfunctionalityinthenea": null, "Wasthewaterschemeoutofserviceoneormoredaysinthelastmonth": null, "Numberofdaysoutofserviceinthelastmonth": "#NULL!", "Dateoflastserviceorrepair": "#NULL!", "Howmanytimeshasthewaterschemebrokeninthelastyear": "#NULL!", "Describethefunctionalityproblemsoverthepastyear": null, "Howmanydaysperweekdoesthepumprunonaverage": "#NULL!", "Howmanyhoursperdaydoesthepumprunonaverage": "#NULL!", "Isthisaseasonalwaterschemethatcommonlyfailsinthedryseason": null, "Isthepumpusedlessduringwetrainyseason": null, "Duringwetrainyseasonshowmanydaysaweekdoesthepumprunonaverage": "#NULL!", "Duringwetrainyseasonshowmanyhoursperdaydoesthepumprunonaverage": "#NULL!", "SolarPanelpowerratingWatts": null, "SolarPanelCondition": null, "Yearwhengeneratorwasinstalledoryearofreinstallation": null, "Physicalstateofthegenerator": "No generator", "Generatorbrand": null, "GeneratorbrandOtherspecify": null, "Generatormodel": null, "Generatorserialnumber": null, "GeneratormaxAmpsstartingamps": "#NULL!", "Generatorpicture": null, "PumpControllerManufacturer1": null, "PumpControllerManufacturerOtherspecify": null, "PumpControllerModelNumber": null, "Pictureofpumpcontroller": null, "PumpMotorModelNumber": null, "Pumpheadmodelnumber": null, "Typeandsizeofcasing": null, "Wellpumpremarks": null, "Isasensorinstalledatthesite": null, "Typeofsensorinstalled": null, "TypeofsensorinstalledOtherspecify": null, "Managementbody": null, "Currentmanagementstatus": null, "Whatisthemethodofpayment1": null, "WhatisthemethodofpaymentOtherspecify1": null, "Whatisthemethodofpayment2": null, "Typeoftariffsystemmostcommon": null, "WhatisthetariffamountinKES": "#NULL!", "Isthereaspecialtariffforlivestockperanimal": null, "WhatisthetariffpercamelKES": null, "WhatisthetariffpercattleKES": null, "WhatisthetariffperhorsedonkeyKES": null, "WhatisthetariffpergoatsheepKES": "#NULL!", "Isthereatariffperinstitutionschoolshealthcentresetc": null, "WhatisthemonthlyinstitutionaltariffKES": "#NULL!", "Numberofinstitutionssuppliedbyschemethatpayamonthlyinstitutional": "#NULL!", "Whenthisboreholeisworkingfromwheredohouseholdsprimarilygettheirw": null, "Whenthisboreholeisworkingfromwheredohouseholdsprimarilygetthei_A": null, "WhenthisboreholeisworkinghowmanyHOURSperdaydohouseholdstypically": "#NULL!", "Whenthisboreholeisnotworkingfromwheredohouseholdsprimarilygetthe": null, "WhenthisboreholeisNOTworkingandhouseholdshavetouseanalternativew": null, "Hastherebeensomewaterqualitytestingforthisschemeinthepast": null, "Yearofmostrecentwaterqualitytestdone": null, "Whatwastheresult": null, "Aretherespecificcontaminantsofconcern": null, "AretherespecificcontaminantsofconcernOtherspecify": null, "MeasuredWaterQualityTemperature": null, "MeasuredWaterQualitySpecificconductancemicroSiemenspercm": null, "\u00a0MeasuredWaterQualityTotalDissolvedSolidsmilligramsliter": null, "Pleaseaddanotherrelevantnotesontheborehole": null, "V109": "#NULL!", "V110": "The borehole dried up and abandoned"}, "geometry": {"type": "Point", "coordinates": [39.6554964, 0.0593164]}}, {"type": "Feature", "properties": {"Sno": 146, "SubCounty": "Balambala", "Ward": "Sankuri", "Village": "Abdisamad  1", "Latitude": 0.0605529999999946, "Longitude": 39.6561825, "RuralUrban": "Rural", "DistancetonextstrategicBoreholekm": "7.00", "Totalnumberofhouseholdscurrentlyservedfromthescheme": "130.0", "WhatistheserviceareaforthisschemeHowmanykilometersfromheredothep": "1.0", "Isthisschemeusedforagricultureandirrigationbyfarmers": "No", "Howmanyfarmersusethisscheme\u00a0": "#NULL!", "Whatistheaveragesizedfarmthatusesthiswaterhectares\u00a0": "#NULL!", "Isthewaterschemeusedforlivestock": "Yes", "Estimatednumberofcamelsusingschemeperday": "50.0", "Estimatednumberofcattleusingschemeperday": "100.0", "Estimatednumberofhorsesdonkeysusingwaterpointperday": "10.0", "Estimatednumberofgoatssheepusingwaterpointperday": "200.0", "Isthewaterschemeusedforwatertrucking": "No", "Numberoftrucksfillingperday": "#NULL!", "Howmanytimesperweekdoesthewatertruckingoccur": "#NULL!", "Addanyothercommentsonwatertruckingdetails": null, "ConstructionyearofthewellboreholeinEFYortheyearofrehabilitation": "43150", "Boreholeorwelldepthmeters": "190.0", "Physicalstateofthewellborehole": "Good", "TypeofPower": "Solar system", "Productionofsystemyieldordischargemeterscubedhour": "4", "Isthereawatermeteratthewatersource": "No", "Isthewatermeterworking": null, "Whatisthecurrentreadingofthewatermeter": "#NULL!", "Isthewaterschemecurrentlyfunctional": "Yes", "Pleasetakeapictureillustratingthenonfunctionalityorpartialfuncti": "https://api.mwater.co/v3/images/c29da69d3f5b409ca9101ba6a32bcbf0", "Maincauseofnonfunctionalityorpartialfunctionality": null, "MaincauseofnonfunctionalityorpartialfunctionalityOtherspecify": null, "Numberofmonthssincenonfunctional": null, "Doestheschemehaveanyemergingproblemsthatmightleadtononfunctional": null, "Pleasedescribetheproblemsthatmightleadtononfunctionalityinthenea": null, "Wasthewaterschemeoutofserviceoneormoredaysinthelastmonth": "No", "Numberofdaysoutofserviceinthelastmonth": "#NULL!", "Dateoflastserviceorrepair": "#NULL!", "Howmanytimeshasthewaterschemebrokeninthelastyear": "#NULL!", "Describethefunctionalityproblemsoverthepastyear": null, "Howmanydaysperweekdoesthepumprunonaverage": "7.0", "Howmanyhoursperdaydoesthepumprunonaverage": "8.0", "Isthisaseasonalwaterschemethatcommonlyfailsinthedryseason": "No", "Isthepumpusedlessduringwetrainyseason": null, "Duringwetrainyseasonshowmanydaysaweekdoesthepumprunonaverage": "#NULL!", "Duringwetrainyseasonshowmanyhoursperdaydoesthepumprunonaverage": "#NULL!", "SolarPanelpowerratingWatts": null, "SolarPanelCondition": "Good", "Yearwhengeneratorwasinstalledoryearofreinstallation": "46809", "Physicalstateofthegenerator": "Good", "Generatorbrand": null, "GeneratorbrandOtherspecify": "Dayliff", "Generatormodel": null, "Generatorserialnumber": null, "GeneratormaxAmpsstartingamps": "30.0", "Generatorpicture": "https://api.mwater.co/v3/images/106e1285cdac42418b36b915abc8652a; https://api.mwater.co/v3/images/94ed2234423e4fd58d68c49e19941421", "PumpControllerManufacturer1": null, "PumpControllerManufacturerOtherspecify": null, "PumpControllerModelNumber": "Dayliff", "Pictureofpumpcontroller": "https://api.mwater.co/v3/images/8dd0ada4d23c426b99ba8deb66e21d1c", "PumpMotorModelNumber": null, "Pumpheadmodelnumber": null, "Typeandsizeofcasing": "Plastic 6'", "Wellpumpremarks": "Good", "Isasensorinstalledatthesite": "No", "Typeofsensorinstalled": null, "TypeofsensorinstalledOtherspecify": null, "Managementbody": "WUA", "Currentmanagementstatus": "In place", "Whatisthemethodofpayment1": "Cash", "WhatisthemethodofpaymentOtherspecify1": "Cash", "Whatisthemethodofpayment2": null, "Typeoftariffsystemmostcommon": null, "WhatisthetariffamountinKES": "#NULL!", "Isthereaspecialtariffforlivestockperanimal": "Yes", "WhatisthetariffpercamelKES": 15.0, "WhatisthetariffpercattleKES": 5.0, "WhatisthetariffperhorsedonkeyKES": 0.0, "WhatisthetariffpergoatsheepKES": "2.0", "Isthereatariffperinstitutionschoolshealthcentresetc": "No", "WhatisthemonthlyinstitutionaltariffKES": "#NULL!", "Numberofinstitutionssuppliedbyschemethatpayamonthlyinstitutional": "#NULL!", "Whenthisboreholeisworkingfromwheredohouseholdsprimarilygettheirw": null, "Whenthisboreholeisworkingfromwheredohouseholdsprimarilygetthei_A": null, "WhenthisboreholeisworkinghowmanyHOURSperdaydohouseholdstypically": "3.0", "Whenthisboreholeisnotworkingfromwheredohouseholdsprimarilygetthe": "Water trucking", "WhenthisboreholeisNOTworkingandhouseholdshavetouseanalternativew": null, "Hastherebeensomewaterqualitytestingforthisschemeinthepast": null, "Yearofmostrecentwaterqualitytestdone": null, "Whatwastheresult": null, "Aretherespecificcontaminantsofconcern": null, "AretherespecificcontaminantsofconcernOtherspecify": null, "MeasuredWaterQualityTemperature": null, "MeasuredWaterQualitySpecificconductancemicroSiemenspercm": null, "\u00a0MeasuredWaterQualityTotalDissolvedSolidsmilligramsliter": null, "Pleaseaddanotherrelevantnotesontheborehole": null, "V109": "#NULL!", "V110": "There are three generations that requires rehabilitation"}, "geometry": {"type": "Point", "coordinates": [39.6561825, 0.060553]}}, {"type": "Feature", "properties": {"Sno": 147, "SubCounty": "Lagdera", "Ward": "Baraki", "Village": "Baraki 7", "Latitude": 0.6536364, "Longitude": 39.5787194, "RuralUrban": "Rural", "DistancetonextstrategicBoreholekm": "#NULL!", "Totalnumberofhouseholdscurrentlyservedfromthescheme": "#NULL!", "WhatistheserviceareaforthisschemeHowmanykilometersfromheredothep": "#NULL!", "Isthisschemeusedforagricultureandirrigationbyfarmers": null, "Howmanyfarmersusethisscheme\u00a0": "#NULL!", "Whatistheaveragesizedfarmthatusesthiswaterhectares\u00a0": "#NULL!", "Isthewaterschemeusedforlivestock": null, "Estimatednumberofcamelsusingschemeperday": "#NULL!", "Estimatednumberofcattleusingschemeperday": "#NULL!", "Estimatednumberofhorsesdonkeysusingwaterpointperday": "#NULL!", "Estimatednumberofgoatssheepusingwaterpointperday": "#NULL!", "Isthewaterschemeusedforwatertrucking": null, "Numberoftrucksfillingperday": "#NULL!", "Howmanytimesperweekdoesthewatertruckingoccur": "#NULL!", "Addanyothercommentsonwatertruckingdetails": null, "ConstructionyearofthewellboreholeinEFYortheyearofrehabilitation": null, "Boreholeorwelldepthmeters": "#NULL!", "Physicalstateofthewellborehole": null, "TypeofPower": null, "Productionofsystemyieldordischargemeterscubedhour": null, "Isthereawatermeteratthewatersource": null, "Isthewatermeterworking": null, "Whatisthecurrentreadingofthewatermeter": "#NULL!", "Isthewaterschemecurrentlyfunctional": null, "Pleasetakeapictureillustratingthenonfunctionalityorpartialfuncti": "https://api.mwater.co/v3/images/874bf151441b4c21b1840f62583a01e2", "Maincauseofnonfunctionalityorpartialfunctionality": null, "MaincauseofnonfunctionalityorpartialfunctionalityOtherspecify": null, "Numberofmonthssincenonfunctional": null, "Doestheschemehaveanyemergingproblemsthatmightleadtononfunctional": null, "Pleasedescribetheproblemsthatmightleadtononfunctionalityinthenea": null, "Wasthewaterschemeoutofserviceoneormoredaysinthelastmonth": null, "Numberofdaysoutofserviceinthelastmonth": "#NULL!", "Dateoflastserviceorrepair": "#NULL!", "Howmanytimeshasthewaterschemebrokeninthelastyear": "#NULL!", "Describethefunctionalityproblemsoverthepastyear": null, "Howmanydaysperweekdoesthepumprunonaverage": "#NULL!", "Howmanyhoursperdaydoesthepumprunonaverage": "#NULL!", "Isthisaseasonalwaterschemethatcommonlyfailsinthedryseason": null, "Isthepumpusedlessduringwetrainyseason": null, "Duringwetrainyseasonshowmanydaysaweekdoesthepumprunonaverage": "#NULL!", "Duringwetrainyseasonshowmanyhoursperdaydoesthepumprunonaverage": "#NULL!", "SolarPanelpowerratingWatts": null, "SolarPanelCondition": null, "Yearwhengeneratorwasinstalledoryearofreinstallation": null, "Physicalstateofthegenerator": null, "Generatorbrand": null, "GeneratorbrandOtherspecify": null, "Generatormodel": null, "Generatorserialnumber": null, "GeneratormaxAmpsstartingamps": "#NULL!", "Generatorpicture": null, "PumpControllerManufacturer1": null, "PumpControllerManufacturerOtherspecify": null, "PumpControllerModelNumber": null, "Pictureofpumpcontroller": null, "PumpMotorModelNumber": null, "Pumpheadmodelnumber": null, "Typeandsizeofcasing": null, "Wellpumpremarks": null, "Isasensorinstalledatthesite": null, "Typeofsensorinstalled": null, "TypeofsensorinstalledOtherspecify": null, "Managementbody": null, "Currentmanagementstatus": null, "Whatisthemethodofpayment1": null, "WhatisthemethodofpaymentOtherspecify1": null, "Whatisthemethodofpayment2": null, "Typeoftariffsystemmostcommon": null, "WhatisthetariffamountinKES": "#NULL!", "Isthereaspecialtariffforlivestockperanimal": null, "WhatisthetariffpercamelKES": null, "WhatisthetariffpercattleKES": null, "WhatisthetariffperhorsedonkeyKES": null, "WhatisthetariffpergoatsheepKES": "#NULL!", "Isthereatariffperinstitutionschoolshealthcentresetc": null, "WhatisthemonthlyinstitutionaltariffKES": "#NULL!", "Numberofinstitutionssuppliedbyschemethatpayamonthlyinstitutional": "#NULL!", "Whenthisboreholeisworkingfromwheredohouseholdsprimarilygettheirw": null, "Whenthisboreholeisworkingfromwheredohouseholdsprimarilygetthei_A": null, "WhenthisboreholeisworkinghowmanyHOURSperdaydohouseholdstypically": "#NULL!", "Whenthisboreholeisnotworkingfromwheredohouseholdsprimarilygetthe": null, "WhenthisboreholeisNOTworkingandhouseholdshavetouseanalternativew": null, "Hastherebeensomewaterqualitytestingforthisschemeinthepast": null, "Yearofmostrecentwaterqualitytestdone": null, "Whatwastheresult": null, "Aretherespecificcontaminantsofconcern": null, "AretherespecificcontaminantsofconcernOtherspecify": null, "MeasuredWaterQualityTemperature": null, "MeasuredWaterQualitySpecificconductancemicroSiemenspercm": null, "\u00a0MeasuredWaterQualityTotalDissolvedSolidsmilligramsliter": null, "Pleaseaddanotherrelevantnotesontheborehole": null, "V109": "#NULL!", "V110": "Drilled and not equipped"}, "geometry": {"type": "Point", "coordinates": [39.5787194, 0.6536364]}}, {"type": "Feature", "properties": {"Sno": 148, "SubCounty": "Lagdera", "Ward": "Santa abaq", "Village": "Santa abaq 1", "Latitude": 0.4630703, "Longitude": 39.742942, "RuralUrban": "Rural", "DistancetonextstrategicBoreholekm": "#NULL!", "Totalnumberofhouseholdscurrentlyservedfromthescheme": "#NULL!", "WhatistheserviceareaforthisschemeHowmanykilometersfromheredothep": "#NULL!", "Isthisschemeusedforagricultureandirrigationbyfarmers": null, "Howmanyfarmersusethisscheme\u00a0": "#NULL!", "Whatistheaveragesizedfarmthatusesthiswaterhectares\u00a0": "#NULL!", "Isthewaterschemeusedforlivestock": null, "Estimatednumberofcamelsusingschemeperday": "#NULL!", "Estimatednumberofcattleusingschemeperday": "#NULL!", "Estimatednumberofhorsesdonkeysusingwaterpointperday": "#NULL!", "Estimatednumberofgoatssheepusingwaterpointperday": "#NULL!", "Isthewaterschemeusedforwatertrucking": null, "Numberoftrucksfillingperday": "#NULL!", "Howmanytimesperweekdoesthewatertruckingoccur": "#NULL!", "Addanyothercommentsonwatertruckingdetails": null, "ConstructionyearofthewellboreholeinEFYortheyearofrehabilitation": "44611", "Boreholeorwelldepthmeters": "250.0", "Physicalstateofthewellborehole": "Good", "TypeofPower": "Solar system", "Productionofsystemyieldordischargemeterscubedhour": null, "Isthereawatermeteratthewatersource": "No", "Isthewatermeterworking": null, "Whatisthecurrentreadingofthewatermeter": "#NULL!", "Isthewaterschemecurrentlyfunctional": "No", "Pleasetakeapictureillustratingthenonfunctionalityorpartialfuncti": "https://api.mwater.co/v3/images/e8c9f3b3514d4db9a1abb2366ab6bb11", "Maincauseofnonfunctionalityorpartialfunctionality": null, "MaincauseofnonfunctionalityorpartialfunctionalityOtherspecify": null, "Numberofmonthssincenonfunctional": null, "Doestheschemehaveanyemergingproblemsthatmightleadtononfunctional": null, "Pleasedescribetheproblemsthatmightleadtononfunctionalityinthenea": null, "Wasthewaterschemeoutofserviceoneormoredaysinthelastmonth": null, "Numberofdaysoutofserviceinthelastmonth": "#NULL!", "Dateoflastserviceorrepair": "#NULL!", "Howmanytimeshasthewaterschemebrokeninthelastyear": "#NULL!", "Describethefunctionalityproblemsoverthepastyear": null, "Howmanydaysperweekdoesthepumprunonaverage": "#NULL!", "Howmanyhoursperdaydoesthepumprunonaverage": "#NULL!", "Isthisaseasonalwaterschemethatcommonlyfailsinthedryseason": null, "Isthepumpusedlessduringwetrainyseason": null, "Duringwetrainyseasonshowmanydaysaweekdoesthepumprunonaverage": "#NULL!", "Duringwetrainyseasonshowmanyhoursperdaydoesthepumprunonaverage": "#NULL!", "SolarPanelpowerratingWatts": null, "SolarPanelCondition": null, "Yearwhengeneratorwasinstalledoryearofreinstallation": null, "Physicalstateofthegenerator": "No generator", "Generatorbrand": null, "GeneratorbrandOtherspecify": null, "Generatormodel": null, "Generatorserialnumber": null, "GeneratormaxAmpsstartingamps": "#NULL!", "Generatorpicture": null, "PumpControllerManufacturer1": null, "PumpControllerManufacturerOtherspecify": null, "PumpControllerModelNumber": null, "Pictureofpumpcontroller": "https://api.mwater.co/v3/images/c2bf55417534438ca6d3b3e29d4837e7", "PumpMotorModelNumber": null, "Pumpheadmodelnumber": null, "Typeandsizeofcasing": null, "Wellpumpremarks": null, "Isasensorinstalledatthesite": null, "Typeofsensorinstalled": null, "TypeofsensorinstalledOtherspecify": null, "Managementbody": null, "Currentmanagementstatus": null, "Whatisthemethodofpayment1": null, "WhatisthemethodofpaymentOtherspecify1": null, "Whatisthemethodofpayment2": null, "Typeoftariffsystemmostcommon": null, "WhatisthetariffamountinKES": "#NULL!", "Isthereaspecialtariffforlivestockperanimal": null, "WhatisthetariffpercamelKES": null, "WhatisthetariffpercattleKES": null, "WhatisthetariffperhorsedonkeyKES": null, "WhatisthetariffpergoatsheepKES": "#NULL!", "Isthereatariffperinstitutionschoolshealthcentresetc": null, "WhatisthemonthlyinstitutionaltariffKES": "#NULL!", "Numberofinstitutionssuppliedbyschemethatpayamonthlyinstitutional": "#NULL!", "Whenthisboreholeisworkingfromwheredohouseholdsprimarilygettheirw": null, "Whenthisboreholeisworkingfromwheredohouseholdsprimarilygetthei_A": null, "WhenthisboreholeisworkinghowmanyHOURSperdaydohouseholdstypically": "#NULL!", "Whenthisboreholeisnotworkingfromwheredohouseholdsprimarilygetthe": null, "WhenthisboreholeisNOTworkingandhouseholdshavetouseanalternativew": null, "Hastherebeensomewaterqualitytestingforthisschemeinthepast": null, "Yearofmostrecentwaterqualitytestdone": null, "Whatwastheresult": null, "Aretherespecificcontaminantsofconcern": null, "AretherespecificcontaminantsofconcernOtherspecify": null, "MeasuredWaterQualityTemperature": null, "MeasuredWaterQualitySpecificconductancemicroSiemenspercm": null, "\u00a0MeasuredWaterQualityTotalDissolvedSolidsmilligramsliter": null, "Pleaseaddanotherrelevantnotesontheborehole": null, "V109": "#NULL!", "V110": "Solar system damaged"}, "geometry": {"type": "Point", "coordinates": [39.742942, 0.4630703]}}, {"type": "Feature", "properties": {"Sno": 149, "SubCounty": "Lagdera", "Ward": "Santa abaq", "Village": "Santa abaq 2", "Latitude": 0.458009799999982, "Longitude": 39.7476183, "RuralUrban": "Rural", "DistancetonextstrategicBoreholekm": "7.00", "Totalnumberofhouseholdscurrentlyservedfromthescheme": "1500.0", "WhatistheserviceareaforthisschemeHowmanykilometersfromheredothep": "2.0", "Isthisschemeusedforagricultureandirrigationbyfarmers": "No", "Howmanyfarmersusethisscheme\u00a0": "#NULL!", "Whatistheaveragesizedfarmthatusesthiswaterhectares\u00a0": "#NULL!", "Isthewaterschemeusedforlivestock": "Yes", "Estimatednumberofcamelsusingschemeperday": "70.0", "Estimatednumberofcattleusingschemeperday": "200.0", "Estimatednumberofhorsesdonkeysusingwaterpointperday": "30.0", "Estimatednumberofgoatssheepusingwaterpointperday": "200.0", "Isthewaterschemeusedforwatertrucking": "No", "Numberoftrucksfillingperday": "#NULL!", "Howmanytimesperweekdoesthewatertruckingoccur": "#NULL!", "Addanyothercommentsonwatertruckingdetails": null, "ConstructionyearofthewellboreholeinEFYortheyearofrehabilitation": "43464", "Boreholeorwelldepthmeters": "190.0", "Physicalstateofthewellborehole": "Good", "TypeofPower": "Generator", "Productionofsystemyieldordischargemeterscubedhour": "16", "Isthereawatermeteratthewatersource": "No", "Isthewatermeterworking": null, "Whatisthecurrentreadingofthewatermeter": "#NULL!", "Isthewaterschemecurrentlyfunctional": "Yes", "Pleasetakeapictureillustratingthenonfunctionalityorpartialfuncti": "https://api.mwater.co/v3/images/e97c3c8e86fd4768a4c4f82113305ea5", "Maincauseofnonfunctionalityorpartialfunctionality": null, "MaincauseofnonfunctionalityorpartialfunctionalityOtherspecify": null, "Numberofmonthssincenonfunctional": null, "Doestheschemehaveanyemergingproblemsthatmightleadtononfunctional": null, "Pleasedescribetheproblemsthatmightleadtononfunctionalityinthenea": null, "Wasthewaterschemeoutofserviceoneormoredaysinthelastmonth": "No", "Numberofdaysoutofserviceinthelastmonth": "#NULL!", "Dateoflastserviceorrepair": "#NULL!", "Howmanytimeshasthewaterschemebrokeninthelastyear": "#NULL!", "Describethefunctionalityproblemsoverthepastyear": null, "Howmanydaysperweekdoesthepumprunonaverage": "7.0", "Howmanyhoursperdaydoesthepumprunonaverage": "12.0", "Isthisaseasonalwaterschemethatcommonlyfailsinthedryseason": "No", "Isthepumpusedlessduringwetrainyseason": "Yes", "Duringwetrainyseasonshowmanydaysaweekdoesthepumprunonaverage": "4.0", "Duringwetrainyseasonshowmanyhoursperdaydoesthepumprunonaverage": "5.0", "SolarPanelpowerratingWatts": null, "SolarPanelCondition": null, "Yearwhengeneratorwasinstalledoryearofreinstallation": "44914", "Physicalstateofthegenerator": null, "Generatorbrand": null, "GeneratorbrandOtherspecify": null, "Generatormodel": null, "Generatorserialnumber": null, "GeneratormaxAmpsstartingamps": "#NULL!", "Generatorpicture": "https://api.mwater.co/v3/images/18d4b21e70484a54a6f8ca86b778b9b1; https://api.mwater.co/v3/images/3b0755ab9fd94a7ead3b4e4273be6f69; https://api.mwater.co/v3/images/b86a268a7b104303b9b6bfa5f95a31ed", "PumpControllerManufacturer1": null, "PumpControllerManufacturerOtherspecify": null, "PumpControllerModelNumber": null, "Pictureofpumpcontroller": "https://api.mwater.co/v3/images/a7df0c5e7bfb492e89a85eb31f5a84a9", "PumpMotorModelNumber": null, "Pumpheadmodelnumber": null, "Typeandsizeofcasing": null, "Wellpumpremarks": null, "Isasensorinstalledatthesite": null, "Typeofsensorinstalled": null, "TypeofsensorinstalledOtherspecify": null, "Managementbody": null, "Currentmanagementstatus": null, "Whatisthemethodofpayment1": null, "WhatisthemethodofpaymentOtherspecify1": null, "Whatisthemethodofpayment2": null, "Typeoftariffsystemmostcommon": null, "WhatisthetariffamountinKES": "#NULL!", "Isthereaspecialtariffforlivestockperanimal": null, "WhatisthetariffpercamelKES": null, "WhatisthetariffpercattleKES": null, "WhatisthetariffperhorsedonkeyKES": null, "WhatisthetariffpergoatsheepKES": "#NULL!", "Isthereatariffperinstitutionschoolshealthcentresetc": null, "WhatisthemonthlyinstitutionaltariffKES": "#NULL!", "Numberofinstitutionssuppliedbyschemethatpayamonthlyinstitutional": "#NULL!", "Whenthisboreholeisworkingfromwheredohouseholdsprimarilygettheirw": null, "Whenthisboreholeisworkingfromwheredohouseholdsprimarilygetthei_A": null, "WhenthisboreholeisworkinghowmanyHOURSperdaydohouseholdstypically": "#NULL!", "Whenthisboreholeisnotworkingfromwheredohouseholdsprimarilygetthe": null, "WhenthisboreholeisNOTworkingandhouseholdshavetouseanalternativew": null, "Hastherebeensomewaterqualitytestingforthisschemeinthepast": null, "Yearofmostrecentwaterqualitytestdone": null, "Whatwastheresult": null, "Aretherespecificcontaminantsofconcern": null, "AretherespecificcontaminantsofconcernOtherspecify": null, "MeasuredWaterQualityTemperature": null, "MeasuredWaterQualitySpecificconductancemicroSiemenspercm": null, "\u00a0MeasuredWaterQualityTotalDissolvedSolidsmilligramsliter": null, "Pleaseaddanotherrelevantnotesontheborehole": null, "V109": "#NULL!", "V110": null}, "geometry": {"type": "Point", "coordinates": [39.7476183, 0.458009799999982]}}, {"type": "Feature", "properties": {"Sno": 150, "SubCounty": "Lagdera", "Ward": "Baraki", "Village": "Ahmed Tukale", "Latitude": 0.35185829999999, "Longitude": 39.7567567, "RuralUrban": "Rural", "DistancetonextstrategicBoreholekm": "8.00", "Totalnumberofhouseholdscurrentlyservedfromthescheme": "180.0", "WhatistheserviceareaforthisschemeHowmanykilometersfromheredothep": "1.0", "Isthisschemeusedforagricultureandirrigationbyfarmers": "No", "Howmanyfarmersusethisscheme\u00a0": "#NULL!", "Whatistheaveragesizedfarmthatusesthiswaterhectares\u00a0": "#NULL!", "Isthewaterschemeusedforlivestock": "Yes", "Estimatednumberofcamelsusingschemeperday": "50.0", "Estimatednumberofcattleusingschemeperday": "100.0", "Estimatednumberofhorsesdonkeysusingwaterpointperday": "20.0", "Estimatednumberofgoatssheepusingwaterpointperday": "100.0", "Isthewaterschemeusedforwatertrucking": "No", "Numberoftrucksfillingperday": "#NULL!", "Howmanytimesperweekdoesthewatertruckingoccur": "#NULL!", "Addanyothercommentsonwatertruckingdetails": null, "ConstructionyearofthewellboreholeinEFYortheyearofrehabilitation": "43880", "Boreholeorwelldepthmeters": "250.0", "Physicalstateofthewellborehole": "Good", "TypeofPower": "Generator", "Productionofsystemyieldordischargemeterscubedhour": "25", "Isthereawatermeteratthewatersource": "No", "Isthewatermeterworking": null, "Whatisthecurrentreadingofthewatermeter": "#NULL!", "Isthewaterschemecurrentlyfunctional": "Yes", "Pleasetakeapictureillustratingthenonfunctionalityorpartialfuncti": "https://api.mwater.co/v3/images/e6066c590e984e92835f133d8a18e2d6", "Maincauseofnonfunctionalityorpartialfunctionality": null, "MaincauseofnonfunctionalityorpartialfunctionalityOtherspecify": null, "Numberofmonthssincenonfunctional": null, "Doestheschemehaveanyemergingproblemsthatmightleadtononfunctional": null, "Pleasedescribetheproblemsthatmightleadtononfunctionalityinthenea": null, "Wasthewaterschemeoutofserviceoneormoredaysinthelastmonth": null, "Numberofdaysoutofserviceinthelastmonth": "#NULL!", "Dateoflastserviceorrepair": "#NULL!", "Howmanytimeshasthewaterschemebrokeninthelastyear": "#NULL!", "Describethefunctionalityproblemsoverthepastyear": null, "Howmanydaysperweekdoesthepumprunonaverage": "40.0", "Howmanyhoursperdaydoesthepumprunonaverage": "8.0", "Isthisaseasonalwaterschemethatcommonlyfailsinthedryseason": "No", "Isthepumpusedlessduringwetrainyseason": "Yes", "Duringwetrainyseasonshowmanydaysaweekdoesthepumprunonaverage": "4.0", "Duringwetrainyseasonshowmanyhoursperdaydoesthepumprunonaverage": "5.0", "SolarPanelpowerratingWatts": null, "SolarPanelCondition": null, "Yearwhengeneratorwasinstalledoryearofreinstallation": "43915", "Physicalstateofthegenerator": "Good", "Generatorbrand": "Perkins", "GeneratorbrandOtherspecify": null, "Generatormodel": null, "Generatorserialnumber": null, "GeneratormaxAmpsstartingamps": "#NULL!", "Generatorpicture": "https://api.mwater.co/v3/images/b9f0c23ccf4a45eab9122d52be289732; https://api.mwater.co/v3/images/50ab20e5368a4206a07d9dc3fdc88b84", "PumpControllerManufacturer1": null, "PumpControllerManufacturerOtherspecify": null, "PumpControllerModelNumber": null, "Pictureofpumpcontroller": "https://api.mwater.co/v3/images/9d2c7f75a87d405c837a8bd4e3d3bf4b", "PumpMotorModelNumber": null, "Pumpheadmodelnumber": null, "Typeandsizeofcasing": "Plastic 6'", "Wellpumpremarks": "Good", "Isasensorinstalledatthesite": "No", "Typeofsensorinstalled": null, "TypeofsensorinstalledOtherspecify": null, "Managementbody": "Not yet elected", "Currentmanagementstatus": "Not in place", "Whatisthemethodofpayment1": "Cash", "WhatisthemethodofpaymentOtherspecify1": null, "Whatisthemethodofpayment2": null, "Typeoftariffsystemmostcommon": null, "WhatisthetariffamountinKES": "#NULL!", "Isthereaspecialtariffforlivestockperanimal": "Yes", "WhatisthetariffpercamelKES": 15.0, "WhatisthetariffpercattleKES": 0.0, "WhatisthetariffperhorsedonkeyKES": 0.0, "WhatisthetariffpergoatsheepKES": "1.0", "Isthereatariffperinstitutionschoolshealthcentresetc": "No", "WhatisthemonthlyinstitutionaltariffKES": "#NULL!", "Numberofinstitutionssuppliedbyschemethatpayamonthlyinstitutional": "0.0", "Whenthisboreholeisworkingfromwheredohouseholdsprimarilygettheirw": null, "Whenthisboreholeisworkingfromwheredohouseholdsprimarilygetthei_A": null, "WhenthisboreholeisworkinghowmanyHOURSperdaydohouseholdstypically": "1.0", "Whenthisboreholeisnotworkingfromwheredohouseholdsprimarilygetthe": "Next strategic borehole", "WhenthisboreholeisNOTworkingandhouseholdshavetouseanalternativew": null, "Hastherebeensomewaterqualitytestingforthisschemeinthepast": null, "Yearofmostrecentwaterqualitytestdone": null, "Whatwastheresult": null, "Aretherespecificcontaminantsofconcern": null, "AretherespecificcontaminantsofconcernOtherspecify": null, "MeasuredWaterQualityTemperature": null, "MeasuredWaterQualitySpecificconductancemicroSiemenspercm": null, "\u00a0MeasuredWaterQualityTotalDissolvedSolidsmilligramsliter": null, "Pleaseaddanotherrelevantnotesontheborehole": null, "V109": "#NULL!", "V110": "The borehole require solar system to reduce operation costs"}, "geometry": {"type": "Point", "coordinates": [39.7567567, 0.3518583]}}, {"type": "Feature", "properties": {"Sno": 151, "SubCounty": "Lagdera", "Ward": "Baraki", "Village": "Baraki 6", "Latitude": 0.652664999999988, "Longitude": 39.5784577, "RuralUrban": "Rural", "DistancetonextstrategicBoreholekm": "#NULL!", "Totalnumberofhouseholdscurrentlyservedfromthescheme": "#NULL!", "WhatistheserviceareaforthisschemeHowmanykilometersfromheredothep": "#NULL!", "Isthisschemeusedforagricultureandirrigationbyfarmers": null, "Howmanyfarmersusethisscheme\u00a0": "#NULL!", "Whatistheaveragesizedfarmthatusesthiswaterhectares\u00a0": "#NULL!", "Isthewaterschemeusedforlivestock": null, "Estimatednumberofcamelsusingschemeperday": "#NULL!", "Estimatednumberofcattleusingschemeperday": "#NULL!", "Estimatednumberofhorsesdonkeysusingwaterpointperday": "#NULL!", "Estimatednumberofgoatssheepusingwaterpointperday": "#NULL!", "Isthewaterschemeusedforwatertrucking": null, "Numberoftrucksfillingperday": "#NULL!", "Howmanytimesperweekdoesthewatertruckingoccur": "#NULL!", "Addanyothercommentsonwatertruckingdetails": null, "ConstructionyearofthewellboreholeinEFYortheyearofrehabilitation": null, "Boreholeorwelldepthmeters": "#NULL!", "Physicalstateofthewellborehole": null, "TypeofPower": null, "Productionofsystemyieldordischargemeterscubedhour": null, "Isthereawatermeteratthewatersource": null, "Isthewatermeterworking": null, "Whatisthecurrentreadingofthewatermeter": "#NULL!", "Isthewaterschemecurrentlyfunctional": null, "Pleasetakeapictureillustratingthenonfunctionalityorpartialfuncti": "https://api.mwater.co/v3/images/b6c4b993c72040238c4b3e43b7737112", "Maincauseofnonfunctionalityorpartialfunctionality": null, "MaincauseofnonfunctionalityorpartialfunctionalityOtherspecify": null, "Numberofmonthssincenonfunctional": null, "Doestheschemehaveanyemergingproblemsthatmightleadtononfunctional": null, "Pleasedescribetheproblemsthatmightleadtononfunctionalityinthenea": null, "Wasthewaterschemeoutofserviceoneormoredaysinthelastmonth": null, "Numberofdaysoutofserviceinthelastmonth": "#NULL!", "Dateoflastserviceorrepair": "#NULL!", "Howmanytimeshasthewaterschemebrokeninthelastyear": "#NULL!", "Describethefunctionalityproblemsoverthepastyear": null, "Howmanydaysperweekdoesthepumprunonaverage": "#NULL!", "Howmanyhoursperdaydoesthepumprunonaverage": "#NULL!", "Isthisaseasonalwaterschemethatcommonlyfailsinthedryseason": null, "Isthepumpusedlessduringwetrainyseason": null, "Duringwetrainyseasonshowmanydaysaweekdoesthepumprunonaverage": "#NULL!", "Duringwetrainyseasonshowmanyhoursperdaydoesthepumprunonaverage": "#NULL!", "SolarPanelpowerratingWatts": null, "SolarPanelCondition": null, "Yearwhengeneratorwasinstalledoryearofreinstallation": null, "Physicalstateofthegenerator": null, "Generatorbrand": null, "GeneratorbrandOtherspecify": null, "Generatormodel": null, "Generatorserialnumber": null, "GeneratormaxAmpsstartingamps": "#NULL!", "Generatorpicture": null, "PumpControllerManufacturer1": null, "PumpControllerManufacturerOtherspecify": null, "PumpControllerModelNumber": null, "Pictureofpumpcontroller": null, "PumpMotorModelNumber": null, "Pumpheadmodelnumber": null, "Typeandsizeofcasing": null, "Wellpumpremarks": null, "Isasensorinstalledatthesite": null, "Typeofsensorinstalled": null, "TypeofsensorinstalledOtherspecify": null, "Managementbody": null, "Currentmanagementstatus": null, "Whatisthemethodofpayment1": null, "WhatisthemethodofpaymentOtherspecify1": null, "Whatisthemethodofpayment2": null, "Typeoftariffsystemmostcommon": null, "WhatisthetariffamountinKES": "#NULL!", "Isthereaspecialtariffforlivestockperanimal": null, "WhatisthetariffpercamelKES": null, "WhatisthetariffpercattleKES": null, "WhatisthetariffperhorsedonkeyKES": null, "WhatisthetariffpergoatsheepKES": "#NULL!", "Isthereatariffperinstitutionschoolshealthcentresetc": null, "WhatisthemonthlyinstitutionaltariffKES": "#NULL!", "Numberofinstitutionssuppliedbyschemethatpayamonthlyinstitutional": "#NULL!", "Whenthisboreholeisworkingfromwheredohouseholdsprimarilygettheirw": null, "Whenthisboreholeisworkingfromwheredohouseholdsprimarilygetthei_A": null, "WhenthisboreholeisworkinghowmanyHOURSperdaydohouseholdstypically": "#NULL!", "Whenthisboreholeisnotworkingfromwheredohouseholdsprimarilygetthe": null, "WhenthisboreholeisNOTworkingandhouseholdshavetouseanalternativew": null, "Hastherebeensomewaterqualitytestingforthisschemeinthepast": null, "Yearofmostrecentwaterqualitytestdone": null, "Whatwastheresult": null, "Aretherespecificcontaminantsofconcern": null, "AretherespecificcontaminantsofconcernOtherspecify": null, "MeasuredWaterQualityTemperature": null, "MeasuredWaterQualitySpecificconductancemicroSiemenspercm": null, "\u00a0MeasuredWaterQualityTotalDissolvedSolidsmilligramsliter": null, "Pleaseaddanotherrelevantnotesontheborehole": null, "V109": "#NULL!", "V110": "The borehole is drilled but not equipped"}, "geometry": {"type": "Point", "coordinates": [39.5784577, 0.652665]}}, {"type": "Feature", "properties": {"Sno": 152, "SubCounty": "Balambala", "Ward": "Lagdera", "Village": "Baraki 5", "Latitude": 0.6576833, "Longitude": 39.588765, "RuralUrban": "Rural", "DistancetonextstrategicBoreholekm": "#NULL!", "Totalnumberofhouseholdscurrentlyservedfromthescheme": "#NULL!", "WhatistheserviceareaforthisschemeHowmanykilometersfromheredothep": "#NULL!", "Isthisschemeusedforagricultureandirrigationbyfarmers": null, "Howmanyfarmersusethisscheme\u00a0": "#NULL!", "Whatistheaveragesizedfarmthatusesthiswaterhectares\u00a0": "#NULL!", "Isthewaterschemeusedforlivestock": null, "Estimatednumberofcamelsusingschemeperday": "#NULL!", "Estimatednumberofcattleusingschemeperday": "#NULL!", "Estimatednumberofhorsesdonkeysusingwaterpointperday": "#NULL!", "Estimatednumberofgoatssheepusingwaterpointperday": "#NULL!", "Isthewaterschemeusedforwatertrucking": null, "Numberoftrucksfillingperday": "#NULL!", "Howmanytimesperweekdoesthewatertruckingoccur": "#NULL!", "Addanyothercommentsonwatertruckingdetails": null, "ConstructionyearofthewellboreholeinEFYortheyearofrehabilitation": null, "Boreholeorwelldepthmeters": "#NULL!", "Physicalstateofthewellborehole": null, "TypeofPower": null, "Productionofsystemyieldordischargemeterscubedhour": null, "Isthereawatermeteratthewatersource": null, "Isthewatermeterworking": null, "Whatisthecurrentreadingofthewatermeter": "#NULL!", "Isthewaterschemecurrentlyfunctional": null, "Pleasetakeapictureillustratingthenonfunctionalityorpartialfuncti": "https://api.mwater.co/v3/images/e8667f6dda22471d869b49b572d1a419", "Maincauseofnonfunctionalityorpartialfunctionality": null, "MaincauseofnonfunctionalityorpartialfunctionalityOtherspecify": null, "Numberofmonthssincenonfunctional": null, "Doestheschemehaveanyemergingproblemsthatmightleadtononfunctional": null, "Pleasedescribetheproblemsthatmightleadtononfunctionalityinthenea": null, "Wasthewaterschemeoutofserviceoneormoredaysinthelastmonth": null, "Numberofdaysoutofserviceinthelastmonth": "#NULL!", "Dateoflastserviceorrepair": "#NULL!", "Howmanytimeshasthewaterschemebrokeninthelastyear": "#NULL!", "Describethefunctionalityproblemsoverthepastyear": null, "Howmanydaysperweekdoesthepumprunonaverage": "#NULL!", "Howmanyhoursperdaydoesthepumprunonaverage": "#NULL!", "Isthisaseasonalwaterschemethatcommonlyfailsinthedryseason": null, "Isthepumpusedlessduringwetrainyseason": null, "Duringwetrainyseasonshowmanydaysaweekdoesthepumprunonaverage": "#NULL!", "Duringwetrainyseasonshowmanyhoursperdaydoesthepumprunonaverage": "#NULL!", "SolarPanelpowerratingWatts": null, "SolarPanelCondition": null, "Yearwhengeneratorwasinstalledoryearofreinstallation": null, "Physicalstateofthegenerator": null, "Generatorbrand": null, "GeneratorbrandOtherspecify": null, "Generatormodel": null, "Generatorserialnumber": null, "GeneratormaxAmpsstartingamps": "#NULL!", "Generatorpicture": null, "PumpControllerManufacturer1": null, "PumpControllerManufacturerOtherspecify": null, "PumpControllerModelNumber": null, "Pictureofpumpcontroller": null, "PumpMotorModelNumber": null, "Pumpheadmodelnumber": null, "Typeandsizeofcasing": null, "Wellpumpremarks": null, "Isasensorinstalledatthesite": null, "Typeofsensorinstalled": null, "TypeofsensorinstalledOtherspecify": null, "Managementbody": null, "Currentmanagementstatus": null, "Whatisthemethodofpayment1": null, "WhatisthemethodofpaymentOtherspecify1": null, "Whatisthemethodofpayment2": null, "Typeoftariffsystemmostcommon": null, "WhatisthetariffamountinKES": "#NULL!", "Isthereaspecialtariffforlivestockperanimal": null, "WhatisthetariffpercamelKES": null, "WhatisthetariffpercattleKES": null, "WhatisthetariffperhorsedonkeyKES": null, "WhatisthetariffpergoatsheepKES": "#NULL!", "Isthereatariffperinstitutionschoolshealthcentresetc": null, "WhatisthemonthlyinstitutionaltariffKES": "#NULL!", "Numberofinstitutionssuppliedbyschemethatpayamonthlyinstitutional": "#NULL!", "Whenthisboreholeisworkingfromwheredohouseholdsprimarilygettheirw": null, "Whenthisboreholeisworkingfromwheredohouseholdsprimarilygetthei_A": null, "WhenthisboreholeisworkinghowmanyHOURSperdaydohouseholdstypically": "#NULL!", "Whenthisboreholeisnotworkingfromwheredohouseholdsprimarilygetthe": null, "WhenthisboreholeisNOTworkingandhouseholdshavetouseanalternativew": null, "Hastherebeensomewaterqualitytestingforthisschemeinthepast": null, "Yearofmostrecentwaterqualitytestdone": null, "Whatwastheresult": null, "Aretherespecificcontaminantsofconcern": null, "AretherespecificcontaminantsofconcernOtherspecify": null, "MeasuredWaterQualityTemperature": null, "MeasuredWaterQualitySpecificconductancemicroSiemenspercm": null, "\u00a0MeasuredWaterQualityTotalDissolvedSolidsmilligramsliter": null, "Pleaseaddanotherrelevantnotesontheborehole": null, "V109": "#NULL!", "V110": "The borehole is drilled and not equipped"}, "geometry": {"type": "Point", "coordinates": [39.588765, 0.6576833]}}, {"type": "Feature", "properties": {"Sno": 153, "SubCounty": "Lagdera", "Ward": "Baraki", "Village": "Baraki 4", "Latitude": 0.6540033, "Longitude": 39.5868167, "RuralUrban": "Rural", "DistancetonextstrategicBoreholekm": "#NULL!", "Totalnumberofhouseholdscurrentlyservedfromthescheme": "#NULL!", "WhatistheserviceareaforthisschemeHowmanykilometersfromheredothep": "#NULL!", "Isthisschemeusedforagricultureandirrigationbyfarmers": null, "Howmanyfarmersusethisscheme\u00a0": "#NULL!", "Whatistheaveragesizedfarmthatusesthiswaterhectares\u00a0": "#NULL!", "Isthewaterschemeusedforlivestock": null, "Estimatednumberofcamelsusingschemeperday": "#NULL!", "Estimatednumberofcattleusingschemeperday": "#NULL!", "Estimatednumberofhorsesdonkeysusingwaterpointperday": "#NULL!", "Estimatednumberofgoatssheepusingwaterpointperday": "#NULL!", "Isthewaterschemeusedforwatertrucking": null, "Numberoftrucksfillingperday": "#NULL!", "Howmanytimesperweekdoesthewatertruckingoccur": "#NULL!", "Addanyothercommentsonwatertruckingdetails": null, "ConstructionyearofthewellboreholeinEFYortheyearofrehabilitation": null, "Boreholeorwelldepthmeters": "#NULL!", "Physicalstateofthewellborehole": null, "TypeofPower": null, "Productionofsystemyieldordischargemeterscubedhour": null, "Isthereawatermeteratthewatersource": null, "Isthewatermeterworking": null, "Whatisthecurrentreadingofthewatermeter": "#NULL!", "Isthewaterschemecurrentlyfunctional": null, "Pleasetakeapictureillustratingthenonfunctionalityorpartialfuncti": "https://api.mwater.co/v3/images/cd8481bbd43d461eb090d8a7338c543a", "Maincauseofnonfunctionalityorpartialfunctionality": null, "MaincauseofnonfunctionalityorpartialfunctionalityOtherspecify": null, "Numberofmonthssincenonfunctional": null, "Doestheschemehaveanyemergingproblemsthatmightleadtononfunctional": null, "Pleasedescribetheproblemsthatmightleadtononfunctionalityinthenea": null, "Wasthewaterschemeoutofserviceoneormoredaysinthelastmonth": null, "Numberofdaysoutofserviceinthelastmonth": "#NULL!", "Dateoflastserviceorrepair": "#NULL!", "Howmanytimeshasthewaterschemebrokeninthelastyear": "#NULL!", "Describethefunctionalityproblemsoverthepastyear": null, "Howmanydaysperweekdoesthepumprunonaverage": "#NULL!", "Howmanyhoursperdaydoesthepumprunonaverage": "#NULL!", "Isthisaseasonalwaterschemethatcommonlyfailsinthedryseason": null, "Isthepumpusedlessduringwetrainyseason": null, "Duringwetrainyseasonshowmanydaysaweekdoesthepumprunonaverage": "#NULL!", "Duringwetrainyseasonshowmanyhoursperdaydoesthepumprunonaverage": "#NULL!", "SolarPanelpowerratingWatts": null, "SolarPanelCondition": null, "Yearwhengeneratorwasinstalledoryearofreinstallation": null, "Physicalstateofthegenerator": null, "Generatorbrand": null, "GeneratorbrandOtherspecify": null, "Generatormodel": null, "Generatorserialnumber": null, "GeneratormaxAmpsstartingamps": "#NULL!", "Generatorpicture": null, "PumpControllerManufacturer1": null, "PumpControllerManufacturerOtherspecify": null, "PumpControllerModelNumber": null, "Pictureofpumpcontroller": null, "PumpMotorModelNumber": null, "Pumpheadmodelnumber": null, "Typeandsizeofcasing": null, "Wellpumpremarks": null, "Isasensorinstalledatthesite": null, "Typeofsensorinstalled": null, "TypeofsensorinstalledOtherspecify": null, "Managementbody": null, "Currentmanagementstatus": null, "Whatisthemethodofpayment1": null, "WhatisthemethodofpaymentOtherspecify1": null, "Whatisthemethodofpayment2": null, "Typeoftariffsystemmostcommon": null, "WhatisthetariffamountinKES": "#NULL!", "Isthereaspecialtariffforlivestockperanimal": null, "WhatisthetariffpercamelKES": null, "WhatisthetariffpercattleKES": null, "WhatisthetariffperhorsedonkeyKES": null, "WhatisthetariffpergoatsheepKES": "#NULL!", "Isthereatariffperinstitutionschoolshealthcentresetc": null, "WhatisthemonthlyinstitutionaltariffKES": "#NULL!", "Numberofinstitutionssuppliedbyschemethatpayamonthlyinstitutional": "#NULL!", "Whenthisboreholeisworkingfromwheredohouseholdsprimarilygettheirw": null, "Whenthisboreholeisworkingfromwheredohouseholdsprimarilygetthei_A": null, "WhenthisboreholeisworkinghowmanyHOURSperdaydohouseholdstypically": "#NULL!", "Whenthisboreholeisnotworkingfromwheredohouseholdsprimarilygetthe": null, "WhenthisboreholeisNOTworkingandhouseholdshavetouseanalternativew": null, "Hastherebeensomewaterqualitytestingforthisschemeinthepast": null, "Yearofmostrecentwaterqualitytestdone": null, "Whatwastheresult": null, "Aretherespecificcontaminantsofconcern": null, "AretherespecificcontaminantsofconcernOtherspecify": null, "MeasuredWaterQualityTemperature": null, "MeasuredWaterQualitySpecificconductancemicroSiemenspercm": null, "\u00a0MeasuredWaterQualityTotalDissolvedSolidsmilligramsliter": null, "Pleaseaddanotherrelevantnotesontheborehole": null, "V109": "#NULL!", "V110": "Borehole drilled and not equipped"}, "geometry": {"type": "Point", "coordinates": [39.5868167, 0.6540033]}}, {"type": "Feature", "properties": {"Sno": 154, "SubCounty": "Lagdera", "Ward": "Baraki", "Village": "Baraki 3", "Latitude": 0.663367899999983, "Longitude": 39.5857265, "RuralUrban": "Rural", "DistancetonextstrategicBoreholekm": "#NULL!", "Totalnumberofhouseholdscurrentlyservedfromthescheme": "#NULL!", "WhatistheserviceareaforthisschemeHowmanykilometersfromheredothep": "#NULL!", "Isthisschemeusedforagricultureandirrigationbyfarmers": null, "Howmanyfarmersusethisscheme\u00a0": "#NULL!", "Whatistheaveragesizedfarmthatusesthiswaterhectares\u00a0": "#NULL!", "Isthewaterschemeusedforlivestock": null, "Estimatednumberofcamelsusingschemeperday": "#NULL!", "Estimatednumberofcattleusingschemeperday": "#NULL!", "Estimatednumberofhorsesdonkeysusingwaterpointperday": "#NULL!", "Estimatednumberofgoatssheepusingwaterpointperday": "#NULL!", "Isthewaterschemeusedforwatertrucking": null, "Numberoftrucksfillingperday": "#NULL!", "Howmanytimesperweekdoesthewatertruckingoccur": "#NULL!", "Addanyothercommentsonwatertruckingdetails": null, "ConstructionyearofthewellboreholeinEFYortheyearofrehabilitation": null, "Boreholeorwelldepthmeters": "#NULL!", "Physicalstateofthewellborehole": null, "TypeofPower": null, "Productionofsystemyieldordischargemeterscubedhour": null, "Isthereawatermeteratthewatersource": null, "Isthewatermeterworking": null, "Whatisthecurrentreadingofthewatermeter": "#NULL!", "Isthewaterschemecurrentlyfunctional": null, "Pleasetakeapictureillustratingthenonfunctionalityorpartialfuncti": "https://api.mwater.co/v3/images/0d947d98c12844b5b419215dc1be3bc9", "Maincauseofnonfunctionalityorpartialfunctionality": null, "MaincauseofnonfunctionalityorpartialfunctionalityOtherspecify": null, "Numberofmonthssincenonfunctional": null, "Doestheschemehaveanyemergingproblemsthatmightleadtononfunctional": null, "Pleasedescribetheproblemsthatmightleadtononfunctionalityinthenea": null, "Wasthewaterschemeoutofserviceoneormoredaysinthelastmonth": null, "Numberofdaysoutofserviceinthelastmonth": "#NULL!", "Dateoflastserviceorrepair": "#NULL!", "Howmanytimeshasthewaterschemebrokeninthelastyear": "#NULL!", "Describethefunctionalityproblemsoverthepastyear": null, "Howmanydaysperweekdoesthepumprunonaverage": "#NULL!", "Howmanyhoursperdaydoesthepumprunonaverage": "#NULL!", "Isthisaseasonalwaterschemethatcommonlyfailsinthedryseason": null, "Isthepumpusedlessduringwetrainyseason": null, "Duringwetrainyseasonshowmanydaysaweekdoesthepumprunonaverage": "#NULL!", "Duringwetrainyseasonshowmanyhoursperdaydoesthepumprunonaverage": "#NULL!", "SolarPanelpowerratingWatts": null, "SolarPanelCondition": null, "Yearwhengeneratorwasinstalledoryearofreinstallation": null, "Physicalstateofthegenerator": null, "Generatorbrand": null, "GeneratorbrandOtherspecify": null, "Generatormodel": null, "Generatorserialnumber": null, "GeneratormaxAmpsstartingamps": "#NULL!", "Generatorpicture": null, "PumpControllerManufacturer1": null, "PumpControllerManufacturerOtherspecify": null, "PumpControllerModelNumber": null, "Pictureofpumpcontroller": null, "PumpMotorModelNumber": null, "Pumpheadmodelnumber": null, "Typeandsizeofcasing": null, "Wellpumpremarks": null, "Isasensorinstalledatthesite": null, "Typeofsensorinstalled": null, "TypeofsensorinstalledOtherspecify": null, "Managementbody": null, "Currentmanagementstatus": null, "Whatisthemethodofpayment1": null, "WhatisthemethodofpaymentOtherspecify1": null, "Whatisthemethodofpayment2": null, "Typeoftariffsystemmostcommon": null, "WhatisthetariffamountinKES": "#NULL!", "Isthereaspecialtariffforlivestockperanimal": null, "WhatisthetariffpercamelKES": null, "WhatisthetariffpercattleKES": null, "WhatisthetariffperhorsedonkeyKES": null, "WhatisthetariffpergoatsheepKES": "#NULL!", "Isthereatariffperinstitutionschoolshealthcentresetc": null, "WhatisthemonthlyinstitutionaltariffKES": "#NULL!", "Numberofinstitutionssuppliedbyschemethatpayamonthlyinstitutional": "#NULL!", "Whenthisboreholeisworkingfromwheredohouseholdsprimarilygettheirw": null, "Whenthisboreholeisworkingfromwheredohouseholdsprimarilygetthei_A": null, "WhenthisboreholeisworkinghowmanyHOURSperdaydohouseholdstypically": "#NULL!", "Whenthisboreholeisnotworkingfromwheredohouseholdsprimarilygetthe": null, "WhenthisboreholeisNOTworkingandhouseholdshavetouseanalternativew": null, "Hastherebeensomewaterqualitytestingforthisschemeinthepast": null, "Yearofmostrecentwaterqualitytestdone": null, "Whatwastheresult": null, "Aretherespecificcontaminantsofconcern": null, "AretherespecificcontaminantsofconcernOtherspecify": null, "MeasuredWaterQualityTemperature": null, "MeasuredWaterQualitySpecificconductancemicroSiemenspercm": null, "\u00a0MeasuredWaterQualityTotalDissolvedSolidsmilligramsliter": null, "Pleaseaddanotherrelevantnotesontheborehole": null, "V109": "#NULL!", "V110": "Borehole drilled and not equipped"}, "geometry": {"type": "Point", "coordinates": [39.5857265, 0.663367899999983]}}, {"type": "Feature", "properties": {"Sno": 155, "SubCounty": "Lagdera", "Ward": "Baraki", "Village": "Baraki 1", "Latitude": 0.654243399999985, "Longitude": 39.5803008, "RuralUrban": "Rural", "DistancetonextstrategicBoreholekm": "28.00", "Totalnumberofhouseholdscurrentlyservedfromthescheme": "600.0", "WhatistheserviceareaforthisschemeHowmanykilometersfromheredothep": "0.5", "Isthisschemeusedforagricultureandirrigationbyfarmers": "No", "Howmanyfarmersusethisscheme\u00a0": "#NULL!", "Whatistheaveragesizedfarmthatusesthiswaterhectares\u00a0": "#NULL!", "Isthewaterschemeusedforlivestock": "Yes", "Estimatednumberofcamelsusingschemeperday": "70.0", "Estimatednumberofcattleusingschemeperday": "200.0", "Estimatednumberofhorsesdonkeysusingwaterpointperday": "0.0", "Estimatednumberofgoatssheepusingwaterpointperday": "#NULL!", "Isthewaterschemeusedforwatertrucking": "Yes", "Numberoftrucksfillingperday": "3.0", "Howmanytimesperweekdoesthewatertruckingoccur": "7.0", "Addanyothercommentsonwatertruckingdetails": "Continuous", "ConstructionyearofthewellboreholeinEFYortheyearofrehabilitation": "40228", "Boreholeorwelldepthmeters": "#NULL!", "Physicalstateofthewellborehole": null, "TypeofPower": null, "Productionofsystemyieldordischargemeterscubedhour": null, "Isthereawatermeteratthewatersource": "No", "Isthewatermeterworking": null, "Whatisthecurrentreadingofthewatermeter": "#NULL!", "Isthewaterschemecurrentlyfunctional": "Yes", "Pleasetakeapictureillustratingthenonfunctionalityorpartialfuncti": "https://api.mwater.co/v3/images/c8d7d1097c2a4957b7256bd869ab6fca", "Maincauseofnonfunctionalityorpartialfunctionality": null, "MaincauseofnonfunctionalityorpartialfunctionalityOtherspecify": null, "Numberofmonthssincenonfunctional": null, "Doestheschemehaveanyemergingproblemsthatmightleadtononfunctional": null, "Pleasedescribetheproblemsthatmightleadtononfunctionalityinthenea": null, "Wasthewaterschemeoutofserviceoneormoredaysinthelastmonth": null, "Numberofdaysoutofserviceinthelastmonth": "#NULL!", "Dateoflastserviceorrepair": "#NULL!", "Howmanytimeshasthewaterschemebrokeninthelastyear": "0.0", "Describethefunctionalityproblemsoverthepastyear": null, "Howmanydaysperweekdoesthepumprunonaverage": "10.0", "Howmanyhoursperdaydoesthepumprunonaverage": "16.0", "Isthisaseasonalwaterschemethatcommonlyfailsinthedryseason": "No", "Isthepumpusedlessduringwetrainyseason": "No", "Duringwetrainyseasonshowmanydaysaweekdoesthepumprunonaverage": "#NULL!", "Duringwetrainyseasonshowmanyhoursperdaydoesthepumprunonaverage": "#NULL!", "SolarPanelpowerratingWatts": null, "SolarPanelCondition": null, "Yearwhengeneratorwasinstalledoryearofreinstallation": "43880", "Physicalstateofthegenerator": null, "Generatorbrand": null, "GeneratorbrandOtherspecify": null, "Generatormodel": null, "Generatorserialnumber": null, "GeneratormaxAmpsstartingamps": "#NULL!", "Generatorpicture": null, "PumpControllerManufacturer1": null, "PumpControllerManufacturerOtherspecify": "Grundfos", "PumpControllerModelNumber": null, "Pictureofpumpcontroller": "https://api.mwater.co/v3/images/d44d20a2979b4b5dbe762b79e31bc38a", "PumpMotorModelNumber": null, "Pumpheadmodelnumber": null, "Typeandsizeofcasing": "Plastic 6\"", "Wellpumpremarks": "Good", "Isasensorinstalledatthesite": "Yes", "Typeofsensorinstalled": "Stolen", "TypeofsensorinstalledOtherspecify": "Sweet sense", "Managementbody": "WUA", "Currentmanagementstatus": "Place", "Whatisthemethodofpayment1": "Cash", "WhatisthemethodofpaymentOtherspecify1": null, "Whatisthemethodofpayment2": null, "Typeoftariffsystemmostcommon": null, "WhatisthetariffamountinKES": "#NULL!", "Isthereaspecialtariffforlivestockperanimal": null, "WhatisthetariffpercamelKES": 15.0, "WhatisthetariffpercattleKES": 10.0, "WhatisthetariffperhorsedonkeyKES": 0.0, "WhatisthetariffpergoatsheepKES": "2.0", "Isthereatariffperinstitutionschoolshealthcentresetc": null, "WhatisthemonthlyinstitutionaltariffKES": "#NULL!", "Numberofinstitutionssuppliedbyschemethatpayamonthlyinstitutional": "#NULL!", "Whenthisboreholeisworkingfromwheredohouseholdsprimarilygettheirw": null, "Whenthisboreholeisworkingfromwheredohouseholdsprimarilygetthei_A": null, "WhenthisboreholeisworkinghowmanyHOURSperdaydohouseholdstypically": "#NULL!", "Whenthisboreholeisnotworkingfromwheredohouseholdsprimarilygetthe": null, "WhenthisboreholeisNOTworkingandhouseholdshavetouseanalternativew": null, "Hastherebeensomewaterqualitytestingforthisschemeinthepast": null, "Yearofmostrecentwaterqualitytestdone": null, "Whatwastheresult": null, "Aretherespecificcontaminantsofconcern": null, "AretherespecificcontaminantsofconcernOtherspecify": null, "MeasuredWaterQualityTemperature": null, "MeasuredWaterQualitySpecificconductancemicroSiemenspercm": null, "\u00a0MeasuredWaterQualityTotalDissolvedSolidsmilligramsliter": null, "Pleaseaddanotherrelevantnotesontheborehole": null, "V109": "#NULL!", "V110": null}, "geometry": {"type": "Point", "coordinates": [39.5803008, 0.654243399999985]}}, {"type": "Feature", "properties": {"Sno": 156, "SubCounty": "Lagdera", "Ward": "Baraki", "Village": "Baraki 2", "Latitude": 0.6542554, "Longitude": 39.5802973, "RuralUrban": "Rural", "DistancetonextstrategicBoreholekm": "28.00", "Totalnumberofhouseholdscurrentlyservedfromthescheme": "280.0", "WhatistheserviceareaforthisschemeHowmanykilometersfromheredothep": "1.0", "Isthisschemeusedforagricultureandirrigationbyfarmers": "No", "Howmanyfarmersusethisscheme\u00a0": "#NULL!", "Whatistheaveragesizedfarmthatusesthiswaterhectares\u00a0": "#NULL!", "Isthewaterschemeusedforlivestock": "Yes", "Estimatednumberofcamelsusingschemeperday": "50.0", "Estimatednumberofcattleusingschemeperday": "150.0", "Estimatednumberofhorsesdonkeysusingwaterpointperday": "20.0", "Estimatednumberofgoatssheepusingwaterpointperday": "300.0", "Isthewaterschemeusedforwatertrucking": null, "Numberoftrucksfillingperday": "#NULL!", "Howmanytimesperweekdoesthewatertruckingoccur": "#NULL!", "Addanyothercommentsonwatertruckingdetails": null, "ConstructionyearofthewellboreholeinEFYortheyearofrehabilitation": "40105", "Boreholeorwelldepthmeters": "170.0", "Physicalstateofthewellborehole": "Good", "TypeofPower": "Generator", "Productionofsystemyieldordischargemeterscubedhour": "16", "Isthereawatermeteratthewatersource": "No", "Isthewatermeterworking": null, "Whatisthecurrentreadingofthewatermeter": "#NULL!", "Isthewaterschemecurrentlyfunctional": "Yes", "Pleasetakeapictureillustratingthenonfunctionalityorpartialfuncti": "https://api.mwater.co/v3/images/f9dfab536ce740478d250bf80e3f0549", "Maincauseofnonfunctionalityorpartialfunctionality": null, "MaincauseofnonfunctionalityorpartialfunctionalityOtherspecify": null, "Numberofmonthssincenonfunctional": null, "Doestheschemehaveanyemergingproblemsthatmightleadtononfunctional": null, "Pleasedescribetheproblemsthatmightleadtononfunctionalityinthenea": null, "Wasthewaterschemeoutofserviceoneormoredaysinthelastmonth": null, "Numberofdaysoutofserviceinthelastmonth": "#NULL!", "Dateoflastserviceorrepair": "#NULL!", "Howmanytimeshasthewaterschemebrokeninthelastyear": "#NULL!", "Describethefunctionalityproblemsoverthepastyear": null, "Howmanydaysperweekdoesthepumprunonaverage": "7.0", "Howmanyhoursperdaydoesthepumprunonaverage": "13.0", "Isthisaseasonalwaterschemethatcommonlyfailsinthedryseason": "No", "Isthepumpusedlessduringwetrainyseason": "Yes", "Duringwetrainyseasonshowmanydaysaweekdoesthepumprunonaverage": "4.0", "Duringwetrainyseasonshowmanyhoursperdaydoesthepumprunonaverage": "4.0", "SolarPanelpowerratingWatts": null, "SolarPanelCondition": null, "Yearwhengeneratorwasinstalledoryearofreinstallation": "43887", "Physicalstateofthegenerator": "Good", "Generatorbrand": "Perkins", "GeneratorbrandOtherspecify": null, "Generatormodel": null, "Generatorserialnumber": null, "GeneratormaxAmpsstartingamps": "30.0", "Generatorpicture": "https://api.mwater.co/v3/images/d2cbb93da95f4c449d7c98fdf1f3f9f7; https://api.mwater.co/v3/images/38782862d03a426880bbce36a4fc867b; https://api.mwater.co/v3/images/0005b2e420a045bea7e48339aafb5c88; https://api.mwater.co/v3/images/e106ad81e7414c1dbfe9c3ca8d8b0707; https://api.mwater.co/v3/images/7bcf11de0c694fca93e21f40cb93fc38; https://api.mwater.co/v3/images/26f7b95bcf874c1cbe8a430303b88f59", "PumpControllerManufacturer1": null, "PumpControllerManufacturerOtherspecify": null, "PumpControllerModelNumber": null, "Pictureofpumpcontroller": "https://api.mwater.co/v3/images/8b78d486c6684cdeae4273083e0daaa4", "PumpMotorModelNumber": null, "Pumpheadmodelnumber": null, "Typeandsizeofcasing": null, "Wellpumpremarks": "Good", "Isasensorinstalledatthesite": null, "Typeofsensorinstalled": null, "TypeofsensorinstalledOtherspecify": null, "Managementbody": "WUA", "Currentmanagementstatus": "In place", "Whatisthemethodofpayment1": "Cash", "WhatisthemethodofpaymentOtherspecify1": null, "Whatisthemethodofpayment2": null, "Typeoftariffsystemmostcommon": null, "WhatisthetariffamountinKES": "#NULL!", "Isthereaspecialtariffforlivestockperanimal": "Yes", "WhatisthetariffpercamelKES": 15.0, "WhatisthetariffpercattleKES": 10.0, "WhatisthetariffperhorsedonkeyKES": 0.0, "WhatisthetariffpergoatsheepKES": "2.0", "Isthereatariffperinstitutionschoolshealthcentresetc": null, "WhatisthemonthlyinstitutionaltariffKES": "#NULL!", "Numberofinstitutionssuppliedbyschemethatpayamonthlyinstitutional": "#NULL!", "Whenthisboreholeisworkingfromwheredohouseholdsprimarilygettheirw": null, "Whenthisboreholeisworkingfromwheredohouseholdsprimarilygetthei_A": null, "WhenthisboreholeisworkinghowmanyHOURSperdaydohouseholdstypically": "#NULL!", "Whenthisboreholeisnotworkingfromwheredohouseholdsprimarilygetthe": "Nearest strategic borehole", "WhenthisboreholeisNOTworkingandhouseholdshavetouseanalternativew": null, "Hastherebeensomewaterqualitytestingforthisschemeinthepast": null, "Yearofmostrecentwaterqualitytestdone": null, "Whatwastheresult": null, "Aretherespecificcontaminantsofconcern": null, "AretherespecificcontaminantsofconcernOtherspecify": null, "MeasuredWaterQualityTemperature": null, "MeasuredWaterQualitySpecificconductancemicroSiemenspercm": null, "\u00a0MeasuredWaterQualityTotalDissolvedSolidsmilligramsliter": null, "Pleaseaddanotherrelevantnotesontheborehole": null, "V109": "#NULL!", "V110": null}, "geometry": {"type": "Point", "coordinates": [39.5802973, 0.6542554]}}, {"type": "Feature", "properties": {"Sno": 157, "SubCounty": "DADAAB", "Ward": "Abakaile", "Village": "Gurrow", "Latitude": 0.0275804999999858, "Longitude": 39.9863475, "RuralUrban": "Rural", "DistancetonextstrategicBoreholekm": "1.00", "Totalnumberofhouseholdscurrentlyservedfromthescheme": "150.0", "WhatistheserviceareaforthisschemeHowmanykilometersfromheredothep": "0.5", "Isthisschemeusedforagricultureandirrigationbyfarmers": "No", "Howmanyfarmersusethisscheme\u00a0": "#NULL!", "Whatistheaveragesizedfarmthatusesthiswaterhectares\u00a0": "#NULL!", "Isthewaterschemeusedforlivestock": "Yes", "Estimatednumberofcamelsusingschemeperday": "1000.0", "Estimatednumberofcattleusingschemeperday": "500.0", "Estimatednumberofhorsesdonkeysusingwaterpointperday": "50.0", "Estimatednumberofgoatssheepusingwaterpointperday": "1000.0", "Isthewaterschemeusedforwatertrucking": "No", "Numberoftrucksfillingperday": "#NULL!", "Howmanytimesperweekdoesthewatertruckingoccur": "#NULL!", "Addanyothercommentsonwatertruckingdetails": null, "ConstructionyearofthewellboreholeinEFYortheyearofrehabilitation": "41501", "Boreholeorwelldepthmeters": "200.0", "Physicalstateofthewellborehole": "Good", "TypeofPower": "Generator", "Productionofsystemyieldordischargemeterscubedhour": "12", "Isthereawatermeteratthewatersource": "No", "Isthewatermeterworking": "No", "Whatisthecurrentreadingofthewatermeter": "#NULL!", "Isthewaterschemecurrentlyfunctional": "Yes", "Pleasetakeapictureillustratingthenonfunctionalityorpartialfuncti": "https://api.mwater.co/v3/images/2e18679d53fc44db9fa444e3622f87ce", "Maincauseofnonfunctionalityorpartialfunctionality": "Elevated tank about to collapse", "MaincauseofnonfunctionalityorpartialfunctionalityOtherspecify": null, "Numberofmonthssincenonfunctional": null, "Doestheschemehaveanyemergingproblemsthatmightleadtononfunctional": "Yes", "Pleasedescribetheproblemsthatmightleadtononfunctionalityinthenea": "Elevated tank about to collapse", "Wasthewaterschemeoutofserviceoneormoredaysinthelastmonth": "No", "Numberofdaysoutofserviceinthelastmonth": "#NULL!", "Dateoflastserviceorrepair": "16-Apr-22", "Howmanytimeshasthewaterschemebrokeninthelastyear": "1.0", "Describethefunctionalityproblemsoverthepastyear": "Pump failure", "Howmanydaysperweekdoesthepumprunonaverage": "7.0", "Howmanyhoursperdaydoesthepumprunonaverage": "12.0", "Isthisaseasonalwaterschemethatcommonlyfailsinthedryseason": "Yes", "Isthepumpusedlessduringwetrainyseason": "Yes", "Duringwetrainyseasonshowmanydaysaweekdoesthepumprunonaverage": "3.0", "Duringwetrainyseasonshowmanyhoursperdaydoesthepumprunonaverage": "6.0", "SolarPanelpowerratingWatts": null, "SolarPanelCondition": null, "Yearwhengeneratorwasinstalledoryearofreinstallation": "43695", "Physicalstateofthegenerator": "Good", "Generatorbrand": "Perkins", "GeneratorbrandOtherspecify": null, "Generatormodel": "Dayliff", "Generatorserialnumber": null, "GeneratormaxAmpsstartingamps": "40.0", "Generatorpicture": "https://api.mwater.co/v3/images/c9ddd3d85df54d33b101d2a6a2f977ca", "PumpControllerManufacturer1": null, "PumpControllerManufacturerOtherspecify": null, "PumpControllerModelNumber": null, "Pictureofpumpcontroller": "https://api.mwater.co/v3/images/b5877c18096e47ef97a2490cd66eb44c", "PumpMotorModelNumber": null, "Pumpheadmodelnumber": null, "Typeandsizeofcasing": "GI 6\"", "Wellpumpremarks": "Good", "Isasensorinstalledatthesite": null, "Typeofsensorinstalled": null, "TypeofsensorinstalledOtherspecify": null, "Managementbody": "Poor management not registered required to formed officially", "Currentmanagementstatus": "Poor", "Whatisthemethodofpayment1": "Cash", "WhatisthemethodofpaymentOtherspecify1": "Per jerrican=5ksh", "Whatisthemethodofpayment2": "Cash", "Typeoftariffsystemmostcommon": "No", "WhatisthetariffamountinKES": "5.0", "Isthereaspecialtariffforlivestockperanimal": "Yes", "WhatisthetariffpercamelKES": 10.0, "WhatisthetariffpercattleKES": 10.0, "WhatisthetariffperhorsedonkeyKES": 0.0, "WhatisthetariffpergoatsheepKES": "5.0", "Isthereatariffperinstitutionschoolshealthcentresetc": "No", "WhatisthemonthlyinstitutionaltariffKES": "#NULL!", "Numberofinstitutionssuppliedbyschemethatpayamonthlyinstitutional": "0.0", "Whenthisboreholeisworkingfromwheredohouseholdsprimarilygettheirw": "Water kiosk", "Whenthisboreholeisworkingfromwheredohouseholdsprimarilygetthei_A": null, "WhenthisboreholeisworkinghowmanyHOURSperdaydohouseholdstypically": "2.0", "Whenthisboreholeisnotworkingfromwheredohouseholdsprimarilygetthe": "Water vendors", "WhenthisboreholeisNOTworkingandhouseholdshavetouseanalternativew": "24", "Hastherebeensomewaterqualitytestingforthisschemeinthepast": "No", "Yearofmostrecentwaterqualitytestdone": null, "Whatwastheresult": null, "Aretherespecificcontaminantsofconcern": null, "AretherespecificcontaminantsofconcernOtherspecify": null, "MeasuredWaterQualityTemperature": null, "MeasuredWaterQualitySpecificconductancemicroSiemenspercm": "1", "\u00a0MeasuredWaterQualityTotalDissolvedSolidsmilligramsliter": null, "Pleaseaddanotherrelevantnotesontheborehole": "1", "V109": "#NULL!", "V110": null}, "geometry": {"type": "Point", "coordinates": [39.9863475, 0.027580499999986]}}, {"type": "Feature", "properties": {"Sno": 158, "SubCounty": "DADAAB", "Ward": "Liboi", "Village": "Dobale", "Latitude": 0.349765999999994, "Longitude": 40.8646892, "RuralUrban": "Rural", "DistancetonextstrategicBoreholekm": "1.00", "Totalnumberofhouseholdscurrentlyservedfromthescheme": "1.5", "WhatistheserviceareaforthisschemeHowmanykilometersfromheredothep": "jarirot", "Isthisschemeusedforagricultureandirrigationbyfarmers": "No", "Howmanyfarmersusethisscheme\u00a0": "#NULL!", "Whatistheaveragesizedfarmthatusesthiswaterhectares\u00a0": "#NULL!", "Isthewaterschemeusedforlivestock": null, "Estimatednumberofcamelsusingschemeperday": "50.0", "Estimatednumberofcattleusingschemeperday": "100.0", "Estimatednumberofhorsesdonkeysusingwaterpointperday": "50.0", "Estimatednumberofgoatssheepusingwaterpointperday": "30.0", "Isthewaterschemeusedforwatertrucking": "Yes", "Numberoftrucksfillingperday": "2.0", "Howmanytimesperweekdoesthewatertruckingoccur": "3.0", "Addanyothercommentsonwatertruckingdetails": null, "ConstructionyearofthewellboreholeinEFYortheyearofrehabilitation": "40431", "Boreholeorwelldepthmeters": "220.0", "Physicalstateofthewellborehole": "Good", "TypeofPower": "Hybrid", "Productionofsystemyieldordischargemeterscubedhour": "17", "Isthereawatermeteratthewatersource": "No", "Isthewatermeterworking": "No", "Whatisthecurrentreadingofthewatermeter": "#NULL!", "Isthewaterschemecurrentlyfunctional": "Yes", "Pleasetakeapictureillustratingthenonfunctionalityorpartialfuncti": null, "Maincauseofnonfunctionalityorpartialfunctionality": null, "MaincauseofnonfunctionalityorpartialfunctionalityOtherspecify": null, "Numberofmonthssincenonfunctional": null, "Doestheschemehaveanyemergingproblemsthatmightleadtononfunctional": "Yes", "Pleasedescribetheproblemsthatmightleadtononfunctionalityinthenea": "No proper facility \nNumber of people had connection are many but have got no water because of lack of proper water storage", "Wasthewaterschemeoutofserviceoneormoredaysinthelastmonth": "No", "Numberofdaysoutofserviceinthelastmonth": "#NULL!", "Dateoflastserviceorrepair": "15-Mar-21", "Howmanytimeshasthewaterschemebrokeninthelastyear": "0.0", "Describethefunctionalityproblemsoverthepastyear": "No proper storage facility", "Howmanydaysperweekdoesthepumprunonaverage": "7.0", "Howmanyhoursperdaydoesthepumprunonaverage": "12.0", "Isthisaseasonalwaterschemethatcommonlyfailsinthedryseason": "Yes", "Isthepumpusedlessduringwetrainyseason": "No", "Duringwetrainyseasonshowmanydaysaweekdoesthepumprunonaverage": "10.0", "Duringwetrainyseasonshowmanyhoursperdaydoesthepumprunonaverage": "#NULL!", "SolarPanelpowerratingWatts": "330", "SolarPanelCondition": "Good", "Yearwhengeneratorwasinstalledoryearofreinstallation": "40228", "Physicalstateofthegenerator": "Good", "Generatorbrand": null, "GeneratorbrandOtherspecify": null, "Generatormodel": null, "Generatorserialnumber": null, "GeneratormaxAmpsstartingamps": "#NULL!", "Generatorpicture": "https://api.mwater.co/v3/images/e4593b31dcfc4faaacfacf0304910039", "PumpControllerManufacturer1": null, "PumpControllerManufacturerOtherspecify": null, "PumpControllerModelNumber": null, "Pictureofpumpcontroller": "https://api.mwater.co/v3/images/a3969e2f042b47cca784bc76f05434a0", "PumpMotorModelNumber": null, "Pumpheadmodelnumber": null, "Typeandsizeofcasing": null, "Wellpumpremarks": null, "Isasensorinstalledatthesite": "No", "Typeofsensorinstalled": null, "TypeofsensorinstalledOtherspecify": null, "Managementbody": "Water Committee", "Currentmanagementstatus": "Weak", "Whatisthemethodofpayment1": "Cash", "WhatisthemethodofpaymentOtherspecify1": "1500", "Whatisthemethodofpayment2": null, "Typeoftariffsystemmostcommon": "1500", "WhatisthetariffamountinKES": "1500.0", "Isthereaspecialtariffforlivestockperanimal": "Yes", "WhatisthetariffpercamelKES": 10.0, "WhatisthetariffpercattleKES": 10.0, "WhatisthetariffperhorsedonkeyKES": 0.0, "WhatisthetariffpergoatsheepKES": "5.0", "Isthereatariffperinstitutionschoolshealthcentresetc": "Yes", "WhatisthemonthlyinstitutionaltariffKES": "1000.0", "Numberofinstitutionssuppliedbyschemethatpayamonthlyinstitutional": "0.0", "Whenthisboreholeisworkingfromwheredohouseholdsprimarilygettheirw": "Piped water", "Whenthisboreholeisworkingfromwheredohouseholdsprimarilygetthei_A": null, "WhenthisboreholeisworkinghowmanyHOURSperdaydohouseholdstypically": "1.0", "Whenthisboreholeisnotworkingfromwheredohouseholdsprimarilygetthe": "Vendors", "WhenthisboreholeisNOTworkingandhouseholdshavetouseanalternativew": "12", "Hastherebeensomewaterqualitytestingforthisschemeinthepast": null, "Yearofmostrecentwaterqualitytestdone": null, "Whatwastheresult": null, "Aretherespecificcontaminantsofconcern": null, "AretherespecificcontaminantsofconcernOtherspecify": null, "MeasuredWaterQualityTemperature": null, "MeasuredWaterQualitySpecificconductancemicroSiemenspercm": "1", "\u00a0MeasuredWaterQualityTotalDissolvedSolidsmilligramsliter": null, "Pleaseaddanotherrelevantnotesontheborehole": "1", "V109": "#NULL!", "V110": null}, "geometry": {"type": "Point", "coordinates": [40.8646892, 0.349766]}}, {"type": "Feature", "properties": {"Sno": 159, "SubCounty": "DADAAB", "Ward": "Liboi East B", "Village": "Liboi East", "Latitude": 0.355215, "Longitude": 40.8784452, "RuralUrban": "Rural", "DistancetonextstrategicBoreholekm": "1.00", "Totalnumberofhouseholdscurrentlyservedfromthescheme": "0.0", "WhatistheserviceareaforthisschemeHowmanykilometersfromheredothep": "0.5", "Isthisschemeusedforagricultureandirrigationbyfarmers": "No", "Howmanyfarmersusethisscheme\u00a0": "#NULL!", "Whatistheaveragesizedfarmthatusesthiswaterhectares\u00a0": "#NULL!", "Isthewaterschemeusedforlivestock": "Yes", "Estimatednumberofcamelsusingschemeperday": "2000.0", "Estimatednumberofcattleusingschemeperday": "1500.0", "Estimatednumberofhorsesdonkeysusingwaterpointperday": "150.0", "Estimatednumberofgoatssheepusingwaterpointperday": "5000.0", "Isthewaterschemeusedforwatertrucking": "Yes", "Numberoftrucksfillingperday": "2.0", "Howmanytimesperweekdoesthewatertruckingoccur": "5.0", "Addanyothercommentsonwatertruckingdetails": null, "ConstructionyearofthewellboreholeinEFYortheyearofrehabilitation": "42078", "Boreholeorwelldepthmeters": "180.0", "Physicalstateofthewellborehole": "Good", "TypeofPower": "Generator", "Productionofsystemyieldordischargemeterscubedhour": "12", "Isthereawatermeteratthewatersource": "No", "Isthewatermeterworking": "No", "Whatisthecurrentreadingofthewatermeter": "#NULL!", "Isthewaterschemecurrentlyfunctional": "Yes", "Pleasetakeapictureillustratingthenonfunctionalityorpartialfuncti": "https://api.mwater.co/v3/images/6dcd5fd120544cfda339e1ad0d538020", "Maincauseofnonfunctionalityorpartialfunctionality": null, "MaincauseofnonfunctionalityorpartialfunctionalityOtherspecify": null, "Numberofmonthssincenonfunctional": null, "Doestheschemehaveanyemergingproblemsthatmightleadtononfunctional": "No", "Pleasedescribetheproblemsthatmightleadtononfunctionalityinthenea": "No fencing", "Wasthewaterschemeoutofserviceoneormoredaysinthelastmonth": "No", "Numberofdaysoutofserviceinthelastmonth": "#NULL!", "Dateoflastserviceorrepair": "15-Jan-22", "Howmanytimeshasthewaterschemebrokeninthelastyear": "2.0", "Describethefunctionalityproblemsoverthepastyear": "Pump failure", "Howmanydaysperweekdoesthepumprunonaverage": "7.0", "Howmanyhoursperdaydoesthepumprunonaverage": "12.0", "Isthisaseasonalwaterschemethatcommonlyfailsinthedryseason": "Yes", "Isthepumpusedlessduringwetrainyseason": "Yes", "Duringwetrainyseasonshowmanydaysaweekdoesthepumprunonaverage": "6.0", "Duringwetrainyseasonshowmanyhoursperdaydoesthepumprunonaverage": "#NULL!", "SolarPanelpowerratingWatts": null, "SolarPanelCondition": null, "Yearwhengeneratorwasinstalledoryearofreinstallation": "42005", "Physicalstateofthegenerator": "Good", "Generatorbrand": "Dayliff", "GeneratorbrandOtherspecify": null, "Generatormodel": "ISUZU", "Generatorserialnumber": null, "GeneratormaxAmpsstartingamps": "#NULL!", "Generatorpicture": "https://api.mwater.co/v3/images/cb342f502ad144b699c4c56c233a81a4", "PumpControllerManufacturer1": null, "PumpControllerManufacturerOtherspecify": null, "PumpControllerModelNumber": null, "Pictureofpumpcontroller": "https://api.mwater.co/v3/images/1f864e8b9c3d4247aba1e1f741fe5809", "PumpMotorModelNumber": null, "Pumpheadmodelnumber": null, "Typeandsizeofcasing": null, "Wellpumpremarks": null, "Isasensorinstalledatthesite": "No", "Typeofsensorinstalled": null, "TypeofsensorinstalledOtherspecify": null, "Managementbody": "Water Committee", "Currentmanagementstatus": "Good", "Whatisthemethodofpayment1": "Cash", "WhatisthemethodofpaymentOtherspecify1": null, "Whatisthemethodofpayment2": "Cash", "Typeoftariffsystemmostcommon": "Cash", "WhatisthetariffamountinKES": "#NULL!", "Isthereaspecialtariffforlivestockperanimal": "Yes", "WhatisthetariffpercamelKES": 10.0, "WhatisthetariffpercattleKES": 10.0, "WhatisthetariffperhorsedonkeyKES": 0.0, "WhatisthetariffpergoatsheepKES": "5.0", "Isthereatariffperinstitutionschoolshealthcentresetc": "No", "WhatisthemonthlyinstitutionaltariffKES": "#NULL!", "Numberofinstitutionssuppliedbyschemethatpayamonthlyinstitutional": "#NULL!", "Whenthisboreholeisworkingfromwheredohouseholdsprimarilygettheirw": null, "Whenthisboreholeisworkingfromwheredohouseholdsprimarilygetthei_A": "Trough", "WhenthisboreholeisworkinghowmanyHOURSperdaydohouseholdstypically": "6.0", "Whenthisboreholeisnotworkingfromwheredohouseholdsprimarilygetthe": "Vendors", "WhenthisboreholeisNOTworkingandhouseholdshavetouseanalternativew": null, "Hastherebeensomewaterqualitytestingforthisschemeinthepast": null, "Yearofmostrecentwaterqualitytestdone": null, "Whatwastheresult": null, "Aretherespecificcontaminantsofconcern": null, "AretherespecificcontaminantsofconcernOtherspecify": null, "MeasuredWaterQualityTemperature": null, "MeasuredWaterQualitySpecificconductancemicroSiemenspercm": "1", "\u00a0MeasuredWaterQualityTotalDissolvedSolidsmilligramsliter": null, "Pleaseaddanotherrelevantnotesontheborehole": "1", "V109": "#NULL!", "V110": null}, "geometry": {"type": "Point", "coordinates": [40.8784452, 0.355215]}}, {"type": "Feature", "properties": {"Sno": 160, "SubCounty": "DADAAB", "Ward": "Liboi", "Village": "Kadaqso", "Latitude": 0.204444699999987, "Longitude": 40.5941137, "RuralUrban": "Rural", "DistancetonextstrategicBoreholekm": "3.00", "Totalnumberofhouseholdscurrentlyservedfromthescheme": "250.0", "WhatistheserviceareaforthisschemeHowmanykilometersfromheredothep": "0.8", "Isthisschemeusedforagricultureandirrigationbyfarmers": "No", "Howmanyfarmersusethisscheme\u00a0": "#NULL!", "Whatistheaveragesizedfarmthatusesthiswaterhectares\u00a0": "#NULL!", "Isthewaterschemeusedforlivestock": "Yes", "Estimatednumberofcamelsusingschemeperday": "1000.0", "Estimatednumberofcattleusingschemeperday": "500.0", "Estimatednumberofhorsesdonkeysusingwaterpointperday": "100.0", "Estimatednumberofgoatssheepusingwaterpointperday": "2500.0", "Isthewaterschemeusedforwatertrucking": "No", "Numberoftrucksfillingperday": "#NULL!", "Howmanytimesperweekdoesthewatertruckingoccur": "#NULL!", "Addanyothercommentsonwatertruckingdetails": null, "ConstructionyearofthewellboreholeinEFYortheyearofrehabilitation": "42867", "Boreholeorwelldepthmeters": "230.0", "Physicalstateofthewellborehole": "Good", "TypeofPower": "Generator", "Productionofsystemyieldordischargemeterscubedhour": "15", "Isthereawatermeteratthewatersource": "No", "Isthewatermeterworking": null, "Whatisthecurrentreadingofthewatermeter": "#NULL!", "Isthewaterschemecurrentlyfunctional": "Yes", "Pleasetakeapictureillustratingthenonfunctionalityorpartialfuncti": null, "Maincauseofnonfunctionalityorpartialfunctionality": null, "MaincauseofnonfunctionalityorpartialfunctionalityOtherspecify": null, "Numberofmonthssincenonfunctional": null, "Doestheschemehaveanyemergingproblemsthatmightleadtononfunctional": "Yes", "Pleasedescribetheproblemsthatmightleadtononfunctionalityinthenea": "Water kiosk", "Wasthewaterschemeoutofserviceoneormoredaysinthelastmonth": "No", "Numberofdaysoutofserviceinthelastmonth": "#NULL!", "Dateoflastserviceorrepair": "8-Jan-22", "Howmanytimeshasthewaterschemebrokeninthelastyear": "0.0", "Describethefunctionalityproblemsoverthepastyear": null, "Howmanydaysperweekdoesthepumprunonaverage": "7.0", "Howmanyhoursperdaydoesthepumprunonaverage": "6.0", "Isthisaseasonalwaterschemethatcommonlyfailsinthedryseason": "Yes", "Isthepumpusedlessduringwetrainyseason": "Yes", "Duringwetrainyseasonshowmanydaysaweekdoesthepumprunonaverage": "4.0", "Duringwetrainyseasonshowmanyhoursperdaydoesthepumprunonaverage": "#NULL!", "SolarPanelpowerratingWatts": null, "SolarPanelCondition": null, "Yearwhengeneratorwasinstalledoryearofreinstallation": "42936", "Physicalstateofthegenerator": "Good", "Generatorbrand": "Daylight", "GeneratorbrandOtherspecify": null, "Generatormodel": "ISUZU", "Generatorserialnumber": null, "GeneratormaxAmpsstartingamps": "40.0", "Generatorpicture": "https://api.mwater.co/v3/images/d6dec6344e4b48d1959685fbc4125cab", "PumpControllerManufacturer1": null, "PumpControllerManufacturerOtherspecify": null, "PumpControllerModelNumber": null, "Pictureofpumpcontroller": null, "PumpMotorModelNumber": null, "Pumpheadmodelnumber": null, "Typeandsizeofcasing": null, "Wellpumpremarks": null, "Isasensorinstalledatthesite": "No", "Typeofsensorinstalled": null, "TypeofsensorinstalledOtherspecify": null, "Managementbody": "Water Committee", "Currentmanagementstatus": "Weak", "Whatisthemethodofpayment1": "Cash", "WhatisthemethodofpaymentOtherspecify1": null, "Whatisthemethodofpayment2": null, "Typeoftariffsystemmostcommon": "Fixed", "WhatisthetariffamountinKES": "#NULL!", "Isthereaspecialtariffforlivestockperanimal": "Yes", "WhatisthetariffpercamelKES": 10.0, "WhatisthetariffpercattleKES": 10.0, "WhatisthetariffperhorsedonkeyKES": 0.0, "WhatisthetariffpergoatsheepKES": "5.0", "Isthereatariffperinstitutionschoolshealthcentresetc": "Yes", "WhatisthemonthlyinstitutionaltariffKES": "1000.0", "Numberofinstitutionssuppliedbyschemethatpayamonthlyinstitutional": "1.0", "Whenthisboreholeisworkingfromwheredohouseholdsprimarilygettheirw": "Water kiosk", "Whenthisboreholeisworkingfromwheredohouseholdsprimarilygetthei_A": null, "WhenthisboreholeisworkinghowmanyHOURSperdaydohouseholdstypically": "3.0", "Whenthisboreholeisnotworkingfromwheredohouseholdsprimarilygetthe": "Water pan or Vendors", "WhenthisboreholeisNOTworkingandhouseholdshavetouseanalternativew": null, "Hastherebeensomewaterqualitytestingforthisschemeinthepast": null, "Yearofmostrecentwaterqualitytestdone": null, "Whatwastheresult": null, "Aretherespecificcontaminantsofconcern": null, "AretherespecificcontaminantsofconcernOtherspecify": null, "MeasuredWaterQualityTemperature": null, "MeasuredWaterQualitySpecificconductancemicroSiemenspercm": "1", "\u00a0MeasuredWaterQualityTotalDissolvedSolidsmilligramsliter": null, "Pleaseaddanotherrelevantnotesontheborehole": "1", "V109": "#NULL!", "V110": null}, "geometry": {"type": "Point", "coordinates": [40.5941137, 0.204444699999987]}}, {"type": "Feature", "properties": {"Sno": 161, "SubCounty": null, "Ward": null, "Village": "Ziwani bh 3", "Latitude": -0.470718900000017, "Longitude": 39.6364535, "RuralUrban": "Urban", "DistancetonextstrategicBoreholekm": "#NULL!", "Totalnumberofhouseholdscurrentlyservedfromthescheme": "#NULL!", "WhatistheserviceareaforthisschemeHowmanykilometersfromheredothep": "#NULL!", "Isthisschemeusedforagricultureandirrigationbyfarmers": null, "Howmanyfarmersusethisscheme\u00a0": "#NULL!", "Whatistheaveragesizedfarmthatusesthiswaterhectares\u00a0": "#NULL!", "Isthewaterschemeusedforlivestock": null, "Estimatednumberofcamelsusingschemeperday": "#NULL!", "Estimatednumberofcattleusingschemeperday": "#NULL!", "Estimatednumberofhorsesdonkeysusingwaterpointperday": "#NULL!", "Estimatednumberofgoatssheepusingwaterpointperday": "#NULL!", "Isthewaterschemeusedforwatertrucking": null, "Numberoftrucksfillingperday": "#NULL!", "Howmanytimesperweekdoesthewatertruckingoccur": "#NULL!", "Addanyothercommentsonwatertruckingdetails": null, "ConstructionyearofthewellboreholeinEFYortheyearofrehabilitation": null, "Boreholeorwelldepthmeters": "#NULL!", "Physicalstateofthewellborehole": null, "TypeofPower": null, "Productionofsystemyieldordischargemeterscubedhour": null, "Isthereawatermeteratthewatersource": null, "Isthewatermeterworking": null, "Whatisthecurrentreadingofthewatermeter": "#NULL!", "Isthewaterschemecurrentlyfunctional": null, "Pleasetakeapictureillustratingthenonfunctionalityorpartialfuncti": "https://api.mwater.co/v3/images/be7c39c0287744e0ba1677c1be3c901d", "Maincauseofnonfunctionalityorpartialfunctionality": null, "MaincauseofnonfunctionalityorpartialfunctionalityOtherspecify": null, "Numberofmonthssincenonfunctional": null, "Doestheschemehaveanyemergingproblemsthatmightleadtononfunctional": null, "Pleasedescribetheproblemsthatmightleadtononfunctionalityinthenea": "Blown pump and motor of size 18.5kw", "Wasthewaterschemeoutofserviceoneormoredaysinthelastmonth": null, "Numberofdaysoutofserviceinthelastmonth": "#NULL!", "Dateoflastserviceorrepair": "#NULL!", "Howmanytimeshasthewaterschemebrokeninthelastyear": "#NULL!", "Describethefunctionalityproblemsoverthepastyear": null, "Howmanydaysperweekdoesthepumprunonaverage": "#NULL!", "Howmanyhoursperdaydoesthepumprunonaverage": "#NULL!", "Isthisaseasonalwaterschemethatcommonlyfailsinthedryseason": null, "Isthepumpusedlessduringwetrainyseason": null, "Duringwetrainyseasonshowmanydaysaweekdoesthepumprunonaverage": "#NULL!", "Duringwetrainyseasonshowmanyhoursperdaydoesthepumprunonaverage": "#NULL!", "SolarPanelpowerratingWatts": null, "SolarPanelCondition": null, "Yearwhengeneratorwasinstalledoryearofreinstallation": null, "Physicalstateofthegenerator": null, "Generatorbrand": null, "GeneratorbrandOtherspecify": null, "Generatormodel": null, "Generatorserialnumber": null, "GeneratormaxAmpsstartingamps": "#NULL!", "Generatorpicture": null, "PumpControllerManufacturer1": null, "PumpControllerManufacturerOtherspecify": null, "PumpControllerModelNumber": null, "Pictureofpumpcontroller": null, "PumpMotorModelNumber": null, "Pumpheadmodelnumber": null, "Typeandsizeofcasing": null, "Wellpumpremarks": null, "Isasensorinstalledatthesite": null, "Typeofsensorinstalled": null, "TypeofsensorinstalledOtherspecify": null, "Managementbody": null, "Currentmanagementstatus": null, "Whatisthemethodofpayment1": null, "WhatisthemethodofpaymentOtherspecify1": null, "Whatisthemethodofpayment2": null, "Typeoftariffsystemmostcommon": null, "WhatisthetariffamountinKES": "#NULL!", "Isthereaspecialtariffforlivestockperanimal": null, "WhatisthetariffpercamelKES": null, "WhatisthetariffpercattleKES": null, "WhatisthetariffperhorsedonkeyKES": null, "WhatisthetariffpergoatsheepKES": "#NULL!", "Isthereatariffperinstitutionschoolshealthcentresetc": null, "WhatisthemonthlyinstitutionaltariffKES": "#NULL!", "Numberofinstitutionssuppliedbyschemethatpayamonthlyinstitutional": "#NULL!", "Whenthisboreholeisworkingfromwheredohouseholdsprimarilygettheirw": null, "Whenthisboreholeisworkingfromwheredohouseholdsprimarilygetthei_A": null, "WhenthisboreholeisworkinghowmanyHOURSperdaydohouseholdstypically": "#NULL!", "Whenthisboreholeisnotworkingfromwheredohouseholdsprimarilygetthe": null, "WhenthisboreholeisNOTworkingandhouseholdshavetouseanalternativew": null, "Hastherebeensomewaterqualitytestingforthisschemeinthepast": null, "Yearofmostrecentwaterqualitytestdone": null, "Whatwastheresult": null, "Aretherespecificcontaminantsofconcern": null, "AretherespecificcontaminantsofconcernOtherspecify": null, "MeasuredWaterQualityTemperature": null, "MeasuredWaterQualitySpecificconductancemicroSiemenspercm": null, "\u00a0MeasuredWaterQualityTotalDissolvedSolidsmilligramsliter": null, "Pleaseaddanotherrelevantnotesontheborehole": null, "V109": "#NULL!", "V110": null}, "geometry": {"type": "Point", "coordinates": [39.6364535, -0.470718900000017]}}, {"type": "Feature", "properties": {"Sno": 162, "SubCounty": "Township", "Ward": "Iftin", "Village": "Iftin 1", "Latitude": -0.5018823, "Longitude": 39.6536422, "RuralUrban": "Urban", "DistancetonextstrategicBoreholekm": "0.02", "Totalnumberofhouseholdscurrentlyservedfromthescheme": "300.0", "WhatistheserviceareaforthisschemeHowmanykilometersfromheredothep": "2.5", "Isthisschemeusedforagricultureandirrigationbyfarmers": "No", "Howmanyfarmersusethisscheme\u00a0": "#NULL!", "Whatistheaveragesizedfarmthatusesthiswaterhectares\u00a0": "#NULL!", "Isthewaterschemeusedforlivestock": "No", "Estimatednumberofcamelsusingschemeperday": "#NULL!", "Estimatednumberofcattleusingschemeperday": "#NULL!", "Estimatednumberofhorsesdonkeysusingwaterpointperday": "#NULL!", "Estimatednumberofgoatssheepusingwaterpointperday": "#NULL!", "Isthewaterschemeusedforwatertrucking": "No", "Numberoftrucksfillingperday": "#NULL!", "Howmanytimesperweekdoesthewatertruckingoccur": "#NULL!", "Addanyothercommentsonwatertruckingdetails": null, "ConstructionyearofthewellboreholeinEFYortheyearofrehabilitation": "43416", "Boreholeorwelldepthmeters": "45.0", "Physicalstateofthewellborehole": null, "TypeofPower": "Hybrid", "Productionofsystemyieldordischargemeterscubedhour": "50", "Isthereawatermeteratthewatersource": "Yes", "Isthewatermeterworking": "Yes", "Whatisthecurrentreadingofthewatermeter": "44641.000000000", "Isthewaterschemecurrentlyfunctional": "Yes", "Pleasetakeapictureillustratingthenonfunctionalityorpartialfuncti": null, "Maincauseofnonfunctionalityorpartialfunctionality": null, "MaincauseofnonfunctionalityorpartialfunctionalityOtherspecify": null, "Numberofmonthssincenonfunctional": null, "Doestheschemehaveanyemergingproblemsthatmightleadtononfunctional": "Yes", "Pleasedescribetheproblemsthatmightleadtononfunctionalityinthenea": "Flooding", "Wasthewaterschemeoutofserviceoneormoredaysinthelastmonth": "Yes", "Numberofdaysoutofserviceinthelastmonth": "3.0", "Dateoflastserviceorrepair": "3-Jan-22", "Howmanytimeshasthewaterschemebrokeninthelastyear": "2.0", "Describethefunctionalityproblemsoverthepastyear": "Blown up of motor \nRisk of flooding\nGenerator broken down especially radiator", "Howmanydaysperweekdoesthepumprunonaverage": "7.0", "Howmanyhoursperdaydoesthepumprunonaverage": "17.0", "Isthisaseasonalwaterschemethatcommonlyfailsinthedryseason": "No", "Isthepumpusedlessduringwetrainyseason": "No", "Duringwetrainyseasonshowmanydaysaweekdoesthepumprunonaverage": "7.0", "Duringwetrainyseasonshowmanyhoursperdaydoesthepumprunonaverage": "7.0", "SolarPanelpowerratingWatts": null, "SolarPanelCondition": "Good", "Yearwhengeneratorwasinstalledoryearofreinstallation": "43416", "Physicalstateofthegenerator": "Operatnal but needs service", "Generatorbrand": "Parkins", "GeneratorbrandOtherspecify": null, "Generatormodel": null, "Generatorserialnumber": null, "GeneratormaxAmpsstartingamps": "#NULL!", "Generatorpicture": "https://api.mwater.co/v3/images/a8c64453b7354998811fd6609420a6ac; https://api.mwater.co/v3/images/d302140a137a47f8b0b550cb2dc651c4", "PumpControllerManufacturer1": null, "PumpControllerManufacturerOtherspecify": null, "PumpControllerModelNumber": null, "Pictureofpumpcontroller": "https://api.mwater.co/v3/images/48ea5057421f4fe992f710b9830d3f94", "PumpMotorModelNumber": null, "Pumpheadmodelnumber": null, "Typeandsizeofcasing": null, "Wellpumpremarks": null, "Isasensorinstalledatthesite": "No", "Typeofsensorinstalled": null, "TypeofsensorinstalledOtherspecify": null, "Managementbody": "GAWASCO", "Currentmanagementstatus": "Good", "Whatisthemethodofpayment1": "Paybill", "WhatisthemethodofpaymentOtherspecify1": "Bank", "Whatisthemethodofpayment2": null, "Typeoftariffsystemmostcommon": null, "WhatisthetariffamountinKES": "1700.0", "Isthereaspecialtariffforlivestockperanimal": null, "WhatisthetariffpercamelKES": null, "WhatisthetariffpercattleKES": null, "WhatisthetariffperhorsedonkeyKES": null, "WhatisthetariffpergoatsheepKES": "#NULL!", "Isthereatariffperinstitutionschoolshealthcentresetc": null, "WhatisthemonthlyinstitutionaltariffKES": "#NULL!", "Numberofinstitutionssuppliedbyschemethatpayamonthlyinstitutional": "20.0", "Whenthisboreholeisworkingfromwheredohouseholdsprimarilygettheirw": "Individual connections", "Whenthisboreholeisworkingfromwheredohouseholdsprimarilygetthei_A": null, "WhenthisboreholeisworkinghowmanyHOURSperdaydohouseholdstypically": "#NULL!", "Whenthisboreholeisnotworkingfromwheredohouseholdsprimarilygetthe": "Water vendors", "WhenthisboreholeisNOTworkingandhouseholdshavetouseanalternativew": null, "Hastherebeensomewaterqualitytestingforthisschemeinthepast": "Yes", "Yearofmostrecentwaterqualitytestdone": "2019", "Whatwastheresult": "Save portable water", "Aretherespecificcontaminantsofconcern": "No", "AretherespecificcontaminantsofconcernOtherspecify": null, "MeasuredWaterQualityTemperature": "Normal", "MeasuredWaterQualitySpecificconductancemicroSiemenspercm": null, "\u00a0MeasuredWaterQualityTotalDissolvedSolidsmilligramsliter": null, "Pleaseaddanotherrelevantnotesontheborehole": "1", "V109": "#NULL!", "V110": "Fenced\nClimate proof\nBush clearing needed."}, "geometry": {"type": "Point", "coordinates": [39.6536422, -0.5018823]}}, {"type": "Feature", "properties": {"Sno": 163, "SubCounty": "DADAAB", "Ward": "Liboi", "Village": "Maleley 1", "Latitude": 0.1889718, "Longitude": 40.5122884, "RuralUrban": "Rural", "DistancetonextstrategicBoreholekm": "2.00", "Totalnumberofhouseholdscurrentlyservedfromthescheme": "300.0", "WhatistheserviceareaforthisschemeHowmanykilometersfromheredothep": "1.0", "Isthisschemeusedforagricultureandirrigationbyfarmers": "No", "Howmanyfarmersusethisscheme\u00a0": "#NULL!", "Whatistheaveragesizedfarmthatusesthiswaterhectares\u00a0": "#NULL!", "Isthewaterschemeusedforlivestock": "Yes", "Estimatednumberofcamelsusingschemeperday": "1500.0", "Estimatednumberofcattleusingschemeperday": "1000.0", "Estimatednumberofhorsesdonkeysusingwaterpointperday": "100.0", "Estimatednumberofgoatssheepusingwaterpointperday": "3000.0", "Isthewaterschemeusedforwatertrucking": "No", "Numberoftrucksfillingperday": "#NULL!", "Howmanytimesperweekdoesthewatertruckingoccur": "#NULL!", "Addanyothercommentsonwatertruckingdetails": null, "ConstructionyearofthewellboreholeinEFYortheyearofrehabilitation": "39864", "Boreholeorwelldepthmeters": "180.0", "Physicalstateofthewellborehole": "Good", "TypeofPower": "Hybrid", "Productionofsystemyieldordischargemeterscubedhour": "14", "Isthereawatermeteratthewatersource": "No", "Isthewatermeterworking": "No", "Whatisthecurrentreadingofthewatermeter": "#NULL!", "Isthewaterschemecurrentlyfunctional": "Yes", "Pleasetakeapictureillustratingthenonfunctionalityorpartialfuncti": null, "Maincauseofnonfunctionalityorpartialfunctionality": null, "MaincauseofnonfunctionalityorpartialfunctionalityOtherspecify": "Pump failure", "Numberofmonthssincenonfunctional": null, "Doestheschemehaveanyemergingproblemsthatmightleadtononfunctional": "Yes", "Pleasedescribetheproblemsthatmightleadtononfunctionalityinthenea": "Scheme is not fenced", "Wasthewaterschemeoutofserviceoneormoredaysinthelastmonth": null, "Numberofdaysoutofserviceinthelastmonth": "#NULL!", "Dateoflastserviceorrepair": "#NULL!", "Howmanytimeshasthewaterschemebrokeninthelastyear": "2.0", "Describethefunctionalityproblemsoverthepastyear": "Pump failure \nGenerator had mechanical failure", "Howmanydaysperweekdoesthepumprunonaverage": "7.0", "Howmanyhoursperdaydoesthepumprunonaverage": "8.0", "Isthisaseasonalwaterschemethatcommonlyfailsinthedryseason": "Yes", "Isthepumpusedlessduringwetrainyseason": "Yes", "Duringwetrainyseasonshowmanydaysaweekdoesthepumprunonaverage": "5.0", "Duringwetrainyseasonshowmanyhoursperdaydoesthepumprunonaverage": "4.0", "SolarPanelpowerratingWatts": "330w", "SolarPanelCondition": null, "Yearwhengeneratorwasinstalledoryearofreinstallation": "43570", "Physicalstateofthegenerator": "Good", "Generatorbrand": "Dayliff", "GeneratorbrandOtherspecify": null, "Generatormodel": "ISUZU", "Generatorserialnumber": null, "GeneratormaxAmpsstartingamps": "#NULL!", "Generatorpicture": "https://api.mwater.co/v3/images/1cdb2fb201ce4d35819d26788eba5cdd", "PumpControllerManufacturer1": null, "PumpControllerManufacturerOtherspecify": null, "PumpControllerModelNumber": null, "Pictureofpumpcontroller": "https://api.mwater.co/v3/images/9c784312d0924e0f85e0f56f84fd627d", "PumpMotorModelNumber": null, "Pumpheadmodelnumber": null, "Typeandsizeofcasing": "GI 6\"", "Wellpumpremarks": "Motor size 7.5kw", "Isasensorinstalledatthesite": "No", "Typeofsensorinstalled": null, "TypeofsensorinstalledOtherspecify": null, "Managementbody": "Water Committee", "Currentmanagementstatus": "Poor", "Whatisthemethodofpayment1": "Cash", "WhatisthemethodofpaymentOtherspecify1": null, "Whatisthemethodofpayment2": null, "Typeoftariffsystemmostcommon": "Fixed", "WhatisthetariffamountinKES": "#NULL!", "Isthereaspecialtariffforlivestockperanimal": "Yes", "WhatisthetariffpercamelKES": 10.0, "WhatisthetariffpercattleKES": 10.0, "WhatisthetariffperhorsedonkeyKES": 0.0, "WhatisthetariffpergoatsheepKES": "5.0", "Isthereatariffperinstitutionschoolshealthcentresetc": "No", "WhatisthemonthlyinstitutionaltariffKES": "1000.0", "Numberofinstitutionssuppliedbyschemethatpayamonthlyinstitutional": "1.0", "Whenthisboreholeisworkingfromwheredohouseholdsprimarilygettheirw": "Water kiosk", "Whenthisboreholeisworkingfromwheredohouseholdsprimarilygetthei_A": null, "WhenthisboreholeisworkinghowmanyHOURSperdaydohouseholdstypically": "2.0", "Whenthisboreholeisnotworkingfromwheredohouseholdsprimarilygetthe": "Vendors and water pans", "WhenthisboreholeisNOTworkingandhouseholdshavetouseanalternativew": "12", "Hastherebeensomewaterqualitytestingforthisschemeinthepast": "No", "Yearofmostrecentwaterqualitytestdone": null, "Whatwastheresult": null, "Aretherespecificcontaminantsofconcern": null, "AretherespecificcontaminantsofconcernOtherspecify": null, "MeasuredWaterQualityTemperature": null, "MeasuredWaterQualitySpecificconductancemicroSiemenspercm": "1", "\u00a0MeasuredWaterQualityTotalDissolvedSolidsmilligramsliter": null, "Pleaseaddanotherrelevantnotesontheborehole": "1", "V109": "#NULL!", "V110": null}, "geometry": {"type": "Point", "coordinates": [40.5122884, 0.1889718]}}, {"type": "Feature", "properties": {"Sno": 164, "SubCounty": "Lagdera", "Ward": "Baraki", "Village": "Rigdam", "Latitude": 0.644245, "Longitude": 39.50495, "RuralUrban": "Rural", "DistancetonextstrategicBoreholekm": "10.00", "Totalnumberofhouseholdscurrentlyservedfromthescheme": "180.0", "WhatistheserviceareaforthisschemeHowmanykilometersfromheredothep": "1.0", "Isthisschemeusedforagricultureandirrigationbyfarmers": "No", "Howmanyfarmersusethisscheme\u00a0": "#NULL!", "Whatistheaveragesizedfarmthatusesthiswaterhectares\u00a0": "#NULL!", "Isthewaterschemeusedforlivestock": "Yes", "Estimatednumberofcamelsusingschemeperday": "20.0", "Estimatednumberofcattleusingschemeperday": "100.0", "Estimatednumberofhorsesdonkeysusingwaterpointperday": "10.0", "Estimatednumberofgoatssheepusingwaterpointperday": "200.0", "Isthewaterschemeusedforwatertrucking": "No", "Numberoftrucksfillingperday": "#NULL!", "Howmanytimesperweekdoesthewatertruckingoccur": "#NULL!", "Addanyothercommentsonwatertruckingdetails": null, "ConstructionyearofthewellboreholeinEFYortheyearofrehabilitation": "43516", "Boreholeorwelldepthmeters": "250.0", "Physicalstateofthewellborehole": "Good", "TypeofPower": "Generator and solar system", "Productionofsystemyieldordischargemeterscubedhour": "12", "Isthereawatermeteratthewatersource": "No", "Isthewatermeterworking": null, "Whatisthecurrentreadingofthewatermeter": "#NULL!", "Isthewaterschemecurrentlyfunctional": "Yes", "Pleasetakeapictureillustratingthenonfunctionalityorpartialfuncti": "https://api.mwater.co/v3/images/ef6153149bd4491d9d46dd795c150f09", "Maincauseofnonfunctionalityorpartialfunctionality": null, "MaincauseofnonfunctionalityorpartialfunctionalityOtherspecify": null, "Numberofmonthssincenonfunctional": null, "Doestheschemehaveanyemergingproblemsthatmightleadtononfunctional": null, "Pleasedescribetheproblemsthatmightleadtononfunctionalityinthenea": null, "Wasthewaterschemeoutofserviceoneormoredaysinthelastmonth": null, "Numberofdaysoutofserviceinthelastmonth": "#NULL!", "Dateoflastserviceorrepair": "#NULL!", "Howmanytimeshasthewaterschemebrokeninthelastyear": "#NULL!", "Describethefunctionalityproblemsoverthepastyear": null, "Howmanydaysperweekdoesthepumprunonaverage": "7.0", "Howmanyhoursperdaydoesthepumprunonaverage": "8.0", "Isthisaseasonalwaterschemethatcommonlyfailsinthedryseason": "No", "Isthepumpusedlessduringwetrainyseason": "Yes", "Duringwetrainyseasonshowmanydaysaweekdoesthepumprunonaverage": "0.0", "Duringwetrainyseasonshowmanyhoursperdaydoesthepumprunonaverage": "0.0", "SolarPanelpowerratingWatts": null, "SolarPanelCondition": "Good", "Yearwhengeneratorwasinstalledoryearofreinstallation": "43881", "Physicalstateofthegenerator": "Good", "Generatorbrand": "Perkins", "GeneratorbrandOtherspecify": "Dayliff", "Generatormodel": null, "Generatorserialnumber": null, "GeneratormaxAmpsstartingamps": "15.0", "Generatorpicture": "https://api.mwater.co/v3/images/790444916ff747239aba660398291bb3; https://api.mwater.co/v3/images/b8ee164b678d4e8385af90a573b26e39", "PumpControllerManufacturer1": "Dayliff", "PumpControllerManufacturerOtherspecify": null, "PumpControllerModelNumber": null, "Pictureofpumpcontroller": "https://api.mwater.co/v3/images/5a3e3cd45e054012be6827a722f6fc5f", "PumpMotorModelNumber": null, "Pumpheadmodelnumber": null, "Typeandsizeofcasing": null, "Wellpumpremarks": "Good", "Isasensorinstalledatthesite": "No", "Typeofsensorinstalled": null, "TypeofsensorinstalledOtherspecify": null, "Managementbody": "Not selected", "Currentmanagementstatus": null, "Whatisthemethodofpayment1": "Cash", "WhatisthemethodofpaymentOtherspecify1": null, "Whatisthemethodofpayment2": null, "Typeoftariffsystemmostcommon": null, "WhatisthetariffamountinKES": "#NULL!", "Isthereaspecialtariffforlivestockperanimal": "Yes", "WhatisthetariffpercamelKES": 10.0, "WhatisthetariffpercattleKES": 5.0, "WhatisthetariffperhorsedonkeyKES": 0.0, "WhatisthetariffpergoatsheepKES": "1.0", "Isthereatariffperinstitutionschoolshealthcentresetc": "No", "WhatisthemonthlyinstitutionaltariffKES": "#NULL!", "Numberofinstitutionssuppliedbyschemethatpayamonthlyinstitutional": "#NULL!", "Whenthisboreholeisworkingfromwheredohouseholdsprimarilygettheirw": null, "Whenthisboreholeisworkingfromwheredohouseholdsprimarilygetthei_A": null, "WhenthisboreholeisworkinghowmanyHOURSperdaydohouseholdstypically": "#NULL!", "Whenthisboreholeisnotworkingfromwheredohouseholdsprimarilygetthe": "Water trucking or next strategic borehole", "WhenthisboreholeisNOTworkingandhouseholdshavetouseanalternativew": null, "Hastherebeensomewaterqualitytestingforthisschemeinthepast": null, "Yearofmostrecentwaterqualitytestdone": null, "Whatwastheresult": null, "Aretherespecificcontaminantsofconcern": null, "AretherespecificcontaminantsofconcernOtherspecify": null, "MeasuredWaterQualityTemperature": null, "MeasuredWaterQualitySpecificconductancemicroSiemenspercm": null, "\u00a0MeasuredWaterQualityTotalDissolvedSolidsmilligramsliter": null, "Pleaseaddanotherrelevantnotesontheborehole": null, "V109": "#NULL!", "V110": "Water kiosks needed"}, "geometry": {"type": "Point", "coordinates": [39.50495, 0.644245]}}, {"type": "Feature", "properties": {"Sno": 165, "SubCounty": "Lagdera", "Ward": "Maalimin", "Village": "Elan", "Latitude": 0.737774599999994, "Longitude": 39.3641815, "RuralUrban": "Rural", "DistancetonextstrategicBoreholekm": "10.00", "Totalnumberofhouseholdscurrentlyservedfromthescheme": "0.0", "WhatistheserviceareaforthisschemeHowmanykilometersfromheredothep": "0.0", "Isthisschemeusedforagricultureandirrigationbyfarmers": "No", "Howmanyfarmersusethisscheme\u00a0": "#NULL!", "Whatistheaveragesizedfarmthatusesthiswaterhectares\u00a0": "#NULL!", "Isthewaterschemeusedforlivestock": null, "Estimatednumberofcamelsusingschemeperday": "#NULL!", "Estimatednumberofcattleusingschemeperday": "#NULL!", "Estimatednumberofhorsesdonkeysusingwaterpointperday": "#NULL!", "Estimatednumberofgoatssheepusingwaterpointperday": "#NULL!", "Isthewaterschemeusedforwatertrucking": null, "Numberoftrucksfillingperday": "#NULL!", "Howmanytimesperweekdoesthewatertruckingoccur": "#NULL!", "Addanyothercommentsonwatertruckingdetails": null, "ConstructionyearofthewellboreholeinEFYortheyearofrehabilitation": null, "Boreholeorwelldepthmeters": "190.0", "Physicalstateofthewellborehole": "Good", "TypeofPower": "Generator", "Productionofsystemyieldordischargemeterscubedhour": "16", "Isthereawatermeteratthewatersource": "No", "Isthewatermeterworking": null, "Whatisthecurrentreadingofthewatermeter": "#NULL!", "Isthewaterschemecurrentlyfunctional": "No", "Pleasetakeapictureillustratingthenonfunctionalityorpartialfuncti": "https://api.mwater.co/v3/images/e4939075aeba43329a9a2671fd09996d", "Maincauseofnonfunctionalityorpartialfunctionality": "Faulty generator", "MaincauseofnonfunctionalityorpartialfunctionalityOtherspecify": null, "Numberofmonthssincenonfunctional": null, "Doestheschemehaveanyemergingproblemsthatmightleadtononfunctional": null, "Pleasedescribetheproblemsthatmightleadtononfunctionalityinthenea": null, "Wasthewaterschemeoutofserviceoneormoredaysinthelastmonth": null, "Numberofdaysoutofserviceinthelastmonth": "#NULL!", "Dateoflastserviceorrepair": "#NULL!", "Howmanytimeshasthewaterschemebrokeninthelastyear": "#NULL!", "Describethefunctionalityproblemsoverthepastyear": null, "Howmanydaysperweekdoesthepumprunonaverage": "#NULL!", "Howmanyhoursperdaydoesthepumprunonaverage": "#NULL!", "Isthisaseasonalwaterschemethatcommonlyfailsinthedryseason": null, "Isthepumpusedlessduringwetrainyseason": null, "Duringwetrainyseasonshowmanydaysaweekdoesthepumprunonaverage": "#NULL!", "Duringwetrainyseasonshowmanyhoursperdaydoesthepumprunonaverage": "#NULL!", "SolarPanelpowerratingWatts": null, "SolarPanelCondition": null, "Yearwhengeneratorwasinstalledoryearofreinstallation": null, "Physicalstateofthegenerator": null, "Generatorbrand": null, "GeneratorbrandOtherspecify": null, "Generatormodel": null, "Generatorserialnumber": null, "GeneratormaxAmpsstartingamps": "#NULL!", "Generatorpicture": "https://api.mwater.co/v3/images/4ab5e68704ef43f296f30e5754acc48f; https://api.mwater.co/v3/images/1c26102445154619b794c2a5701a2bfa", "PumpControllerManufacturer1": null, "PumpControllerManufacturerOtherspecify": null, "PumpControllerModelNumber": null, "Pictureofpumpcontroller": "https://api.mwater.co/v3/images/0d298e74260f45a7a4fa4d0777fb9c51", "PumpMotorModelNumber": null, "Pumpheadmodelnumber": null, "Typeandsizeofcasing": null, "Wellpumpremarks": "Good", "Isasensorinstalledatthesite": null, "Typeofsensorinstalled": null, "TypeofsensorinstalledOtherspecify": null, "Managementbody": null, "Currentmanagementstatus": null, "Whatisthemethodofpayment1": null, "WhatisthemethodofpaymentOtherspecify1": null, "Whatisthemethodofpayment2": null, "Typeoftariffsystemmostcommon": null, "WhatisthetariffamountinKES": "#NULL!", "Isthereaspecialtariffforlivestockperanimal": null, "WhatisthetariffpercamelKES": null, "WhatisthetariffpercattleKES": null, "WhatisthetariffperhorsedonkeyKES": null, "WhatisthetariffpergoatsheepKES": "#NULL!", "Isthereatariffperinstitutionschoolshealthcentresetc": null, "WhatisthemonthlyinstitutionaltariffKES": "#NULL!", "Numberofinstitutionssuppliedbyschemethatpayamonthlyinstitutional": "#NULL!", "Whenthisboreholeisworkingfromwheredohouseholdsprimarilygettheirw": null, "Whenthisboreholeisworkingfromwheredohouseholdsprimarilygetthei_A": null, "WhenthisboreholeisworkinghowmanyHOURSperdaydohouseholdstypically": "#NULL!", "Whenthisboreholeisnotworkingfromwheredohouseholdsprimarilygetthe": null, "WhenthisboreholeisNOTworkingandhouseholdshavetouseanalternativew": null, "Hastherebeensomewaterqualitytestingforthisschemeinthepast": null, "Yearofmostrecentwaterqualitytestdone": null, "Whatwastheresult": null, "Aretherespecificcontaminantsofconcern": null, "AretherespecificcontaminantsofconcernOtherspecify": null, "MeasuredWaterQualityTemperature": null, "MeasuredWaterQualitySpecificconductancemicroSiemenspercm": null, "\u00a0MeasuredWaterQualityTotalDissolvedSolidsmilligramsliter": null, "Pleaseaddanotherrelevantnotesontheborehole": null, "V109": "#NULL!", "V110": "Has not been working for over 5 years"}, "geometry": {"type": "Point", "coordinates": [39.3641815, 0.7377746]}}, {"type": "Feature", "properties": {"Sno": 166, "SubCounty": "Lagdera", "Ward": "Sabena", "Village": "Bula hagar", "Latitude": 0.812459999999982, "Longitude": 39.40029, "RuralUrban": "Rural", "DistancetonextstrategicBoreholekm": "7.00", "Totalnumberofhouseholdscurrentlyservedfromthescheme": "160.0", "WhatistheserviceareaforthisschemeHowmanykilometersfromheredothep": "1.0", "Isthisschemeusedforagricultureandirrigationbyfarmers": "No", "Howmanyfarmersusethisscheme\u00a0": "#NULL!", "Whatistheaveragesizedfarmthatusesthiswaterhectares\u00a0": "#NULL!", "Isthewaterschemeusedforlivestock": "Yes", "Estimatednumberofcamelsusingschemeperday": "100.0", "Estimatednumberofcattleusingschemeperday": "200.0", "Estimatednumberofhorsesdonkeysusingwaterpointperday": "8.0", "Estimatednumberofgoatssheepusingwaterpointperday": "200.0", "Isthewaterschemeusedforwatertrucking": "No", "Numberoftrucksfillingperday": "#NULL!", "Howmanytimesperweekdoesthewatertruckingoccur": "#NULL!", "Addanyothercommentsonwatertruckingdetails": null, "ConstructionyearofthewellboreholeinEFYortheyearofrehabilitation": "43881", "Boreholeorwelldepthmeters": "250.0", "Physicalstateofthewellborehole": "Good", "TypeofPower": "Solar system and generator", "Productionofsystemyieldordischargemeterscubedhour": "16", "Isthereawatermeteratthewatersource": "No", "Isthewatermeterworking": null, "Whatisthecurrentreadingofthewatermeter": "#NULL!", "Isthewaterschemecurrentlyfunctional": null, "Pleasetakeapictureillustratingthenonfunctionalityorpartialfuncti": "https://api.mwater.co/v3/images/85a8ffdbe0d948b587fcdb66163f535a", "Maincauseofnonfunctionalityorpartialfunctionality": null, "MaincauseofnonfunctionalityorpartialfunctionalityOtherspecify": null, "Numberofmonthssincenonfunctional": null, "Doestheschemehaveanyemergingproblemsthatmightleadtononfunctional": null, "Pleasedescribetheproblemsthatmightleadtononfunctionalityinthenea": null, "Wasthewaterschemeoutofserviceoneormoredaysinthelastmonth": null, "Numberofdaysoutofserviceinthelastmonth": "#NULL!", "Dateoflastserviceorrepair": "#NULL!", "Howmanytimeshasthewaterschemebrokeninthelastyear": "#NULL!", "Describethefunctionalityproblemsoverthepastyear": null, "Howmanydaysperweekdoesthepumprunonaverage": "40.0", "Howmanyhoursperdaydoesthepumprunonaverage": "8.0", "Isthisaseasonalwaterschemethatcommonlyfailsinthedryseason": "No", "Isthepumpusedlessduringwetrainyseason": "Yes", "Duringwetrainyseasonshowmanydaysaweekdoesthepumprunonaverage": "3.0", "Duringwetrainyseasonshowmanyhoursperdaydoesthepumprunonaverage": "2.0", "SolarPanelpowerratingWatts": null, "SolarPanelCondition": "Good", "Yearwhengeneratorwasinstalledoryearofreinstallation": "43889", "Physicalstateofthegenerator": "Good", "Generatorbrand": "Perkins", "GeneratorbrandOtherspecify": null, "Generatormodel": null, "Generatorserialnumber": null, "GeneratormaxAmpsstartingamps": "30.0", "Generatorpicture": "https://api.mwater.co/v3/images/284735e792b94d48abf2ade9c90833f4; https://api.mwater.co/v3/images/60319d9526114e908a1482fb2027e474", "PumpControllerManufacturer1": "Dayliff", "PumpControllerManufacturerOtherspecify": null, "PumpControllerModelNumber": null, "Pictureofpumpcontroller": "https://api.mwater.co/v3/images/54cf72f40b5f4846a535de413b90c590", "PumpMotorModelNumber": null, "Pumpheadmodelnumber": null, "Typeandsizeofcasing": "Plastic 6", "Wellpumpremarks": "Good", "Isasensorinstalledatthesite": "Yes", "Typeofsensorinstalled": "Sweetsense", "TypeofsensorinstalledOtherspecify": null, "Managementbody": "Not yet elected", "Currentmanagementstatus": "Not in place", "Whatisthemethodofpayment1": "Cash", "WhatisthemethodofpaymentOtherspecify1": null, "Whatisthemethodofpayment2": null, "Typeoftariffsystemmostcommon": null, "WhatisthetariffamountinKES": "#NULL!", "Isthereaspecialtariffforlivestockperanimal": null, "WhatisthetariffpercamelKES": 15.0, "WhatisthetariffpercattleKES": 10.0, "WhatisthetariffperhorsedonkeyKES": 0.0, "WhatisthetariffpergoatsheepKES": "2.0", "Isthereatariffperinstitutionschoolshealthcentresetc": "No", "WhatisthemonthlyinstitutionaltariffKES": "#NULL!", "Numberofinstitutionssuppliedbyschemethatpayamonthlyinstitutional": "#NULL!", "Whenthisboreholeisworkingfromwheredohouseholdsprimarilygettheirw": null, "Whenthisboreholeisworkingfromwheredohouseholdsprimarilygetthei_A": null, "WhenthisboreholeisworkinghowmanyHOURSperdaydohouseholdstypically": "#NULL!", "Whenthisboreholeisnotworkingfromwheredohouseholdsprimarilygetthe": "Water trucking or next strategic borehole", "WhenthisboreholeisNOTworkingandhouseholdshavetouseanalternativew": null, "Hastherebeensomewaterqualitytestingforthisschemeinthepast": null, "Yearofmostrecentwaterqualitytestdone": null, "Whatwastheresult": null, "Aretherespecificcontaminantsofconcern": null, "AretherespecificcontaminantsofconcernOtherspecify": null, "MeasuredWaterQualityTemperature": null, "MeasuredWaterQualitySpecificconductancemicroSiemenspercm": null, "\u00a0MeasuredWaterQualityTotalDissolvedSolidsmilligramsliter": null, "Pleaseaddanotherrelevantnotesontheborehole": null, "V109": "#NULL!", "V110": null}, "geometry": {"type": "Point", "coordinates": [39.40029, 0.81246]}}, {"type": "Feature", "properties": {"Sno": 167, "SubCounty": "DADAAB", "Ward": "Liboi", "Village": "Maleley 2", "Latitude": 0.203272899999993, "Longitude": 40.5257988, "RuralUrban": "Rural", "DistancetonextstrategicBoreholekm": "1.00", "Totalnumberofhouseholdscurrentlyservedfromthescheme": "280.0", "WhatistheserviceareaforthisschemeHowmanykilometersfromheredothep": "0.8", "Isthisschemeusedforagricultureandirrigationbyfarmers": "No", "Howmanyfarmersusethisscheme\u00a0": "#NULL!", "Whatistheaveragesizedfarmthatusesthiswaterhectares\u00a0": "#NULL!", "Isthewaterschemeusedforlivestock": "Yes", "Estimatednumberofcamelsusingschemeperday": "2000.0", "Estimatednumberofcattleusingschemeperday": "1500.0", "Estimatednumberofhorsesdonkeysusingwaterpointperday": "100.0", "Estimatednumberofgoatssheepusingwaterpointperday": "3000.0", "Isthewaterschemeusedforwatertrucking": "No", "Numberoftrucksfillingperday": "#NULL!", "Howmanytimesperweekdoesthewatertruckingoccur": "#NULL!", "Addanyothercommentsonwatertruckingdetails": null, "ConstructionyearofthewellboreholeinEFYortheyearofrehabilitation": "40594", "Boreholeorwelldepthmeters": "180.0", "Physicalstateofthewellborehole": "Good", "TypeofPower": "Hybrid", "Productionofsystemyieldordischargemeterscubedhour": "15", "Isthereawatermeteratthewatersource": "Yes", "Isthewatermeterworking": "Yes", "Whatisthecurrentreadingofthewatermeter": "4432.000000000", "Isthewaterschemecurrentlyfunctional": "Yes", "Pleasetakeapictureillustratingthenonfunctionalityorpartialfuncti": "https://api.mwater.co/v3/images/6f8d853e0a174b20908766842943907f", "Maincauseofnonfunctionalityorpartialfunctionality": "Generator mechanical failure", "MaincauseofnonfunctionalityorpartialfunctionalityOtherspecify": null, "Numberofmonthssincenonfunctional": "24", "Doestheschemehaveanyemergingproblemsthatmightleadtononfunctional": "Yes", "Pleasedescribetheproblemsthatmightleadtononfunctionalityinthenea": "Casing had a hole which allow materials to fall in the borehole resulted difficulties in retrieval of the drop pipes and pump", "Wasthewaterschemeoutofserviceoneormoredaysinthelastmonth": null, "Numberofdaysoutofserviceinthelastmonth": "#NULL!", "Dateoflastserviceorrepair": "10-Sep-21", "Howmanytimeshasthewaterschemebrokeninthelastyear": "1.0", "Describethefunctionalityproblemsoverthepastyear": "Casing had a hole which allow materials to fall in the borehole resulted difficulties in retrieval of the drop pipes and pump \nPump failure \nGenerator mechanical failure", "Howmanydaysperweekdoesthepumprunonaverage": "7.0", "Howmanyhoursperdaydoesthepumprunonaverage": "12.0", "Isthisaseasonalwaterschemethatcommonlyfailsinthedryseason": "Yes", "Isthepumpusedlessduringwetrainyseason": "Yes", "Duringwetrainyseasonshowmanydaysaweekdoesthepumprunonaverage": "4.0", "Duringwetrainyseasonshowmanyhoursperdaydoesthepumprunonaverage": "6.0", "SolarPanelpowerratingWatts": "330", "SolarPanelCondition": "Good", "Yearwhengeneratorwasinstalledoryearofreinstallation": "43651", "Physicalstateofthegenerator": "Good", "Generatorbrand": null, "GeneratorbrandOtherspecify": null, "Generatormodel": null, "Generatorserialnumber": null, "GeneratormaxAmpsstartingamps": "#NULL!", "Generatorpicture": "https://api.mwater.co/v3/images/b27fc4695c7e45648b8e3d20fbdd969d; https://api.mwater.co/v3/images/65f0a23ad4df47dca16bfd937cb74c58", "PumpControllerManufacturer1": null, "PumpControllerManufacturerOtherspecify": null, "PumpControllerModelNumber": null, "Pictureofpumpcontroller": "https://api.mwater.co/v3/images/330fd97c19fa4736ac65498898f95380", "PumpMotorModelNumber": null, "Pumpheadmodelnumber": null, "Typeandsizeofcasing": "GI 6\"", "Wellpumpremarks": "Motor size.5kw", "Isasensorinstalledatthesite": "No", "Typeofsensorinstalled": null, "TypeofsensorinstalledOtherspecify": null, "Managementbody": "Water Committee", "Currentmanagementstatus": "Good", "Whatisthemethodofpayment1": "Cash", "WhatisthemethodofpaymentOtherspecify1": null, "Whatisthemethodofpayment2": null, "Typeoftariffsystemmostcommon": "Fixed", "WhatisthetariffamountinKES": "#NULL!", "Isthereaspecialtariffforlivestockperanimal": "Yes", "WhatisthetariffpercamelKES": 10.0, "WhatisthetariffpercattleKES": 10.0, "WhatisthetariffperhorsedonkeyKES": 0.0, "WhatisthetariffpergoatsheepKES": "5.0", "Isthereatariffperinstitutionschoolshealthcentresetc": "Yes", "WhatisthemonthlyinstitutionaltariffKES": "1000.0", "Numberofinstitutionssuppliedbyschemethatpayamonthlyinstitutional": "1.0", "Whenthisboreholeisworkingfromwheredohouseholdsprimarilygettheirw": "Water kiosk", "Whenthisboreholeisworkingfromwheredohouseholdsprimarilygetthei_A": null, "WhenthisboreholeisworkinghowmanyHOURSperdaydohouseholdstypically": "2.0", "Whenthisboreholeisnotworkingfromwheredohouseholdsprimarilygetthe": "Vendors and pans", "WhenthisboreholeisNOTworkingandhouseholdshavetouseanalternativew": "12", "Hastherebeensomewaterqualitytestingforthisschemeinthepast": null, "Yearofmostrecentwaterqualitytestdone": null, "Whatwastheresult": null, "Aretherespecificcontaminantsofconcern": null, "AretherespecificcontaminantsofconcernOtherspecify": null, "MeasuredWaterQualityTemperature": null, "MeasuredWaterQualitySpecificconductancemicroSiemenspercm": "1", "\u00a0MeasuredWaterQualityTotalDissolvedSolidsmilligramsliter": null, "Pleaseaddanotherrelevantnotesontheborehole": "1", "V109": "#NULL!", "V110": null}, "geometry": {"type": "Point", "coordinates": [40.5257988, 0.2032729]}}, {"type": "Feature", "properties": {"Sno": 168, "SubCounty": "Lagdera", "Ward": "Sabena", "Village": "Gurufa 2", "Latitude": 0.8009682, "Longitude": 39.4656099, "RuralUrban": "Rural", "DistancetonextstrategicBoreholekm": "7.00", "Totalnumberofhouseholdscurrentlyservedfromthescheme": "#NULL!", "WhatistheserviceareaforthisschemeHowmanykilometersfromheredothep": "#NULL!", "Isthisschemeusedforagricultureandirrigationbyfarmers": "No", "Howmanyfarmersusethisscheme\u00a0": "#NULL!", "Whatistheaveragesizedfarmthatusesthiswaterhectares\u00a0": "#NULL!", "Isthewaterschemeusedforlivestock": null, "Estimatednumberofcamelsusingschemeperday": "#NULL!", "Estimatednumberofcattleusingschemeperday": "#NULL!", "Estimatednumberofhorsesdonkeysusingwaterpointperday": "#NULL!", "Estimatednumberofgoatssheepusingwaterpointperday": "#NULL!", "Isthewaterschemeusedforwatertrucking": null, "Numberoftrucksfillingperday": "#NULL!", "Howmanytimesperweekdoesthewatertruckingoccur": "#NULL!", "Addanyothercommentsonwatertruckingdetails": null, "ConstructionyearofthewellboreholeinEFYortheyearofrehabilitation": null, "Boreholeorwelldepthmeters": "#NULL!", "Physicalstateofthewellborehole": null, "TypeofPower": null, "Productionofsystemyieldordischargemeterscubedhour": null, "Isthereawatermeteratthewatersource": null, "Isthewatermeterworking": null, "Whatisthecurrentreadingofthewatermeter": "#NULL!", "Isthewaterschemecurrentlyfunctional": null, "Pleasetakeapictureillustratingthenonfunctionalityorpartialfuncti": "https://api.mwater.co/v3/images/b5a19f608e374c578683b8e4e93ff07e", "Maincauseofnonfunctionalityorpartialfunctionality": null, "MaincauseofnonfunctionalityorpartialfunctionalityOtherspecify": null, "Numberofmonthssincenonfunctional": null, "Doestheschemehaveanyemergingproblemsthatmightleadtononfunctional": null, "Pleasedescribetheproblemsthatmightleadtononfunctionalityinthenea": null, "Wasthewaterschemeoutofserviceoneormoredaysinthelastmonth": null, "Numberofdaysoutofserviceinthelastmonth": "#NULL!", "Dateoflastserviceorrepair": "#NULL!", "Howmanytimeshasthewaterschemebrokeninthelastyear": "#NULL!", "Describethefunctionalityproblemsoverthepastyear": null, "Howmanydaysperweekdoesthepumprunonaverage": "#NULL!", "Howmanyhoursperdaydoesthepumprunonaverage": "#NULL!", "Isthisaseasonalwaterschemethatcommonlyfailsinthedryseason": null, "Isthepumpusedlessduringwetrainyseason": null, "Duringwetrainyseasonshowmanydaysaweekdoesthepumprunonaverage": "#NULL!", "Duringwetrainyseasonshowmanyhoursperdaydoesthepumprunonaverage": "#NULL!", "SolarPanelpowerratingWatts": null, "SolarPanelCondition": null, "Yearwhengeneratorwasinstalledoryearofreinstallation": null, "Physicalstateofthegenerator": null, "Generatorbrand": null, "GeneratorbrandOtherspecify": null, "Generatormodel": null, "Generatorserialnumber": null, "GeneratormaxAmpsstartingamps": "#NULL!", "Generatorpicture": "https://api.mwater.co/v3/images/292049b0ed9f45bd86333c991ff69f0a; https://api.mwater.co/v3/images/c20a3f652c4a49be947132eaed2334e9", "PumpControllerManufacturer1": null, "PumpControllerManufacturerOtherspecify": null, "PumpControllerModelNumber": null, "Pictureofpumpcontroller": null, "PumpMotorModelNumber": null, "Pumpheadmodelnumber": null, "Typeandsizeofcasing": null, "Wellpumpremarks": null, "Isasensorinstalledatthesite": null, "Typeofsensorinstalled": null, "TypeofsensorinstalledOtherspecify": null, "Managementbody": null, "Currentmanagementstatus": null, "Whatisthemethodofpayment1": null, "WhatisthemethodofpaymentOtherspecify1": null, "Whatisthemethodofpayment2": null, "Typeoftariffsystemmostcommon": null, "WhatisthetariffamountinKES": "#NULL!", "Isthereaspecialtariffforlivestockperanimal": null, "WhatisthetariffpercamelKES": null, "WhatisthetariffpercattleKES": null, "WhatisthetariffperhorsedonkeyKES": null, "WhatisthetariffpergoatsheepKES": "#NULL!", "Isthereatariffperinstitutionschoolshealthcentresetc": null, "WhatisthemonthlyinstitutionaltariffKES": "#NULL!", "Numberofinstitutionssuppliedbyschemethatpayamonthlyinstitutional": "#NULL!", "Whenthisboreholeisworkingfromwheredohouseholdsprimarilygettheirw": null, "Whenthisboreholeisworkingfromwheredohouseholdsprimarilygetthei_A": null, "WhenthisboreholeisworkinghowmanyHOURSperdaydohouseholdstypically": "#NULL!", "Whenthisboreholeisnotworkingfromwheredohouseholdsprimarilygetthe": null, "WhenthisboreholeisNOTworkingandhouseholdshavetouseanalternativew": null, "Hastherebeensomewaterqualitytestingforthisschemeinthepast": null, "Yearofmostrecentwaterqualitytestdone": null, "Whatwastheresult": null, "Aretherespecificcontaminantsofconcern": null, "AretherespecificcontaminantsofconcernOtherspecify": null, "MeasuredWaterQualityTemperature": null, "MeasuredWaterQualitySpecificconductancemicroSiemenspercm": null, "\u00a0MeasuredWaterQualityTotalDissolvedSolidsmilligramsliter": null, "Pleaseaddanotherrelevantnotesontheborehole": null, "V109": "#NULL!", "V110": "The borehole has not been in use for more than six months due to blown up submersible pump and faulty injector pump"}, "geometry": {"type": "Point", "coordinates": [39.4656099, 0.8009682]}}, {"type": "Feature", "properties": {"Sno": 169, "SubCounty": "Lagdera", "Ward": "Sabena", "Village": "Gurufa 1", "Latitude": 0.800743999999991, "Longitude": 39.4650403, "RuralUrban": "Rural", "DistancetonextstrategicBoreholekm": "7.00", "Totalnumberofhouseholdscurrentlyservedfromthescheme": "500.0", "WhatistheserviceareaforthisschemeHowmanykilometersfromheredothep": "1.0", "Isthisschemeusedforagricultureandirrigationbyfarmers": "No", "Howmanyfarmersusethisscheme\u00a0": "#NULL!", "Whatistheaveragesizedfarmthatusesthiswaterhectares\u00a0": "#NULL!", "Isthewaterschemeusedforlivestock": "Yes", "Estimatednumberofcamelsusingschemeperday": "#NULL!", "Estimatednumberofcattleusingschemeperday": "#NULL!", "Estimatednumberofhorsesdonkeysusingwaterpointperday": "20.0", "Estimatednumberofgoatssheepusingwaterpointperday": "100.0", "Isthewaterschemeusedforwatertrucking": null, "Numberoftrucksfillingperday": "#NULL!", "Howmanytimesperweekdoesthewatertruckingoccur": "#NULL!", "Addanyothercommentsonwatertruckingdetails": null, "ConstructionyearofthewellboreholeinEFYortheyearofrehabilitation": "40229", "Boreholeorwelldepthmeters": "180.0", "Physicalstateofthewellborehole": "Good", "TypeofPower": "Solar system and generator", "Productionofsystemyieldordischargemeterscubedhour": "12", "Isthereawatermeteratthewatersource": "No", "Isthewatermeterworking": null, "Whatisthecurrentreadingofthewatermeter": "#NULL!", "Isthewaterschemecurrentlyfunctional": "Yes", "Pleasetakeapictureillustratingthenonfunctionalityorpartialfuncti": "https://api.mwater.co/v3/images/7f54ff63d50c40839eab55195af4fbd2", "Maincauseofnonfunctionalityorpartialfunctionality": null, "MaincauseofnonfunctionalityorpartialfunctionalityOtherspecify": null, "Numberofmonthssincenonfunctional": null, "Doestheschemehaveanyemergingproblemsthatmightleadtononfunctional": null, "Pleasedescribetheproblemsthatmightleadtononfunctionalityinthenea": null, "Wasthewaterschemeoutofserviceoneormoredaysinthelastmonth": null, "Numberofdaysoutofserviceinthelastmonth": "#NULL!", "Dateoflastserviceorrepair": "#NULL!", "Howmanytimeshasthewaterschemebrokeninthelastyear": "#NULL!", "Describethefunctionalityproblemsoverthepastyear": null, "Howmanydaysperweekdoesthepumprunonaverage": "40.0", "Howmanyhoursperdaydoesthepumprunonaverage": "8.0", "Isthisaseasonalwaterschemethatcommonlyfailsinthedryseason": "No", "Isthepumpusedlessduringwetrainyseason": null, "Duringwetrainyseasonshowmanydaysaweekdoesthepumprunonaverage": "#NULL!", "Duringwetrainyseasonshowmanyhoursperdaydoesthepumprunonaverage": "#NULL!", "SolarPanelpowerratingWatts": null, "SolarPanelCondition": "Good", "Yearwhengeneratorwasinstalledoryearofreinstallation": "43151", "Physicalstateofthegenerator": "Good but requires servicing", "Generatorbrand": "Perkins", "GeneratorbrandOtherspecify": null, "Generatormodel": null, "Generatorserialnumber": null, "GeneratormaxAmpsstartingamps": "30.0", "Generatorpicture": "https://api.mwater.co/v3/images/703b72e37864463ca06993e34306ed2d; https://api.mwater.co/v3/images/553b74ca25b04a4cbbcc1fc73773461b", "PumpControllerManufacturer1": null, "PumpControllerManufacturerOtherspecify": "Dayliff", "PumpControllerModelNumber": null, "Pictureofpumpcontroller": "https://api.mwater.co/v3/images/176587488678447c9119c60141fa8627", "PumpMotorModelNumber": null, "Pumpheadmodelnumber": null, "Typeandsizeofcasing": "Plastic and generator", "Wellpumpremarks": "Good", "Isasensorinstalledatthesite": "Yes", "Typeofsensorinstalled": "Sweetsense and it's vandalized", "TypeofsensorinstalledOtherspecify": null, "Managementbody": "WUA", "Currentmanagementstatus": "In place", "Whatisthemethodofpayment1": "Cash", "WhatisthemethodofpaymentOtherspecify1": null, "Whatisthemethodofpayment2": null, "Typeoftariffsystemmostcommon": null, "WhatisthetariffamountinKES": "#NULL!", "Isthereaspecialtariffforlivestockperanimal": null, "WhatisthetariffpercamelKES": null, "WhatisthetariffpercattleKES": null, "WhatisthetariffperhorsedonkeyKES": null, "WhatisthetariffpergoatsheepKES": "#NULL!", "Isthereatariffperinstitutionschoolshealthcentresetc": "Yes", "WhatisthemonthlyinstitutionaltariffKES": "580.0", "Numberofinstitutionssuppliedbyschemethatpayamonthlyinstitutional": "2.0", "Whenthisboreholeisworkingfromwheredohouseholdsprimarilygettheirw": null, "Whenthisboreholeisworkingfromwheredohouseholdsprimarilygetthei_A": null, "WhenthisboreholeisworkinghowmanyHOURSperdaydohouseholdstypically": "#NULL!", "Whenthisboreholeisnotworkingfromwheredohouseholdsprimarilygetthe": "Next strategic borehole", "WhenthisboreholeisNOTworkingandhouseholdshavetouseanalternativew": null, "Hastherebeensomewaterqualitytestingforthisschemeinthepast": null, "Yearofmostrecentwaterqualitytestdone": null, "Whatwastheresult": null, "Aretherespecificcontaminantsofconcern": null, "AretherespecificcontaminantsofconcernOtherspecify": null, "MeasuredWaterQualityTemperature": null, "MeasuredWaterQualitySpecificconductancemicroSiemenspercm": null, "\u00a0MeasuredWaterQualityTotalDissolvedSolidsmilligramsliter": null, "Pleaseaddanotherrelevantnotesontheborehole": null, "V109": "#NULL!", "V110": "Repair of generator and water kiosks"}, "geometry": {"type": "Point", "coordinates": [39.4650403, 0.800744]}}, {"type": "Feature", "properties": {"Sno": 170, "SubCounty": "Lagdera", "Ward": "Sabena", "Village": "Skanska 1", "Latitude": 0.9066947, "Longitude": 39.3138743, "RuralUrban": "Rural", "DistancetonextstrategicBoreholekm": "0.00", "Totalnumberofhouseholdscurrentlyservedfromthescheme": "2500.0", "WhatistheserviceareaforthisschemeHowmanykilometersfromheredothep": "8.0", "Isthisschemeusedforagricultureandirrigationbyfarmers": "No", "Howmanyfarmersusethisscheme\u00a0": "#NULL!", "Whatistheaveragesizedfarmthatusesthiswaterhectares\u00a0": "#NULL!", "Isthewaterschemeusedforlivestock": "No", "Estimatednumberofcamelsusingschemeperday": "#NULL!", "Estimatednumberofcattleusingschemeperday": "#NULL!", "Estimatednumberofhorsesdonkeysusingwaterpointperday": "#NULL!", "Estimatednumberofgoatssheepusingwaterpointperday": "#NULL!", "Isthewaterschemeusedforwatertrucking": null, "Numberoftrucksfillingperday": "#NULL!", "Howmanytimesperweekdoesthewatertruckingoccur": "#NULL!", "Addanyothercommentsonwatertruckingdetails": null, "ConstructionyearofthewellboreholeinEFYortheyearofrehabilitation": "39639", "Boreholeorwelldepthmeters": "#NULL!", "Physicalstateofthewellborehole": "Not good", "TypeofPower": "Solar system and generator", "Productionofsystemyieldordischargemeterscubedhour": null, "Isthereawatermeteratthewatersource": "No", "Isthewatermeterworking": null, "Whatisthecurrentreadingofthewatermeter": "#NULL!", "Isthewaterschemecurrentlyfunctional": null, "Pleasetakeapictureillustratingthenonfunctionalityorpartialfuncti": "https://api.mwater.co/v3/images/5eae07fc4f214666bea83d86d288f89f", "Maincauseofnonfunctionalityorpartialfunctionality": null, "MaincauseofnonfunctionalityorpartialfunctionalityOtherspecify": null, "Numberofmonthssincenonfunctional": null, "Doestheschemehaveanyemergingproblemsthatmightleadtononfunctional": null, "Pleasedescribetheproblemsthatmightleadtononfunctionalityinthenea": null, "Wasthewaterschemeoutofserviceoneormoredaysinthelastmonth": null, "Numberofdaysoutofserviceinthelastmonth": "#NULL!", "Dateoflastserviceorrepair": "#NULL!", "Howmanytimeshasthewaterschemebrokeninthelastyear": "#NULL!", "Describethefunctionalityproblemsoverthepastyear": null, "Howmanydaysperweekdoesthepumprunonaverage": "#NULL!", "Howmanyhoursperdaydoesthepumprunonaverage": "#NULL!", "Isthisaseasonalwaterschemethatcommonlyfailsinthedryseason": null, "Isthepumpusedlessduringwetrainyseason": null, "Duringwetrainyseasonshowmanydaysaweekdoesthepumprunonaverage": "#NULL!", "Duringwetrainyseasonshowmanyhoursperdaydoesthepumprunonaverage": "#NULL!", "SolarPanelpowerratingWatts": null, "SolarPanelCondition": null, "Yearwhengeneratorwasinstalledoryearofreinstallation": null, "Physicalstateofthegenerator": null, "Generatorbrand": null, "GeneratorbrandOtherspecify": null, "Generatormodel": null, "Generatorserialnumber": null, "GeneratormaxAmpsstartingamps": "#NULL!", "Generatorpicture": "https://api.mwater.co/v3/images/6eefc6fc0d5c42e2b7f4a67f66b91e55", "PumpControllerManufacturer1": null, "PumpControllerManufacturerOtherspecify": null, "PumpControllerModelNumber": "Dayliff", "Pictureofpumpcontroller": "https://api.mwater.co/v3/images/ca50aad6e8f6458a92af16459202122c", "PumpMotorModelNumber": null, "Pumpheadmodelnumber": null, "Typeandsizeofcasing": "Plastic 6'", "Wellpumpremarks": null, "Isasensorinstalledatthesite": null, "Typeofsensorinstalled": null, "TypeofsensorinstalledOtherspecify": null, "Managementbody": null, "Currentmanagementstatus": null, "Whatisthemethodofpayment1": null, "WhatisthemethodofpaymentOtherspecify1": null, "Whatisthemethodofpayment2": null, "Typeoftariffsystemmostcommon": null, "WhatisthetariffamountinKES": "#NULL!", "Isthereaspecialtariffforlivestockperanimal": null, "WhatisthetariffpercamelKES": null, "WhatisthetariffpercattleKES": null, "WhatisthetariffperhorsedonkeyKES": null, "WhatisthetariffpergoatsheepKES": "#NULL!", "Isthereatariffperinstitutionschoolshealthcentresetc": null, "WhatisthemonthlyinstitutionaltariffKES": "#NULL!", "Numberofinstitutionssuppliedbyschemethatpayamonthlyinstitutional": "#NULL!", "Whenthisboreholeisworkingfromwheredohouseholdsprimarilygettheirw": null, "Whenthisboreholeisworkingfromwheredohouseholdsprimarilygetthei_A": null, "WhenthisboreholeisworkinghowmanyHOURSperdaydohouseholdstypically": "#NULL!", "Whenthisboreholeisnotworkingfromwheredohouseholdsprimarilygetthe": null, "WhenthisboreholeisNOTworkingandhouseholdshavetouseanalternativew": null, "Hastherebeensomewaterqualitytestingforthisschemeinthepast": null, "Yearofmostrecentwaterqualitytestdone": null, "Whatwastheresult": null, "Aretherespecificcontaminantsofconcern": null, "AretherespecificcontaminantsofconcernOtherspecify": null, "MeasuredWaterQualityTemperature": null, "MeasuredWaterQualitySpecificconductancemicroSiemenspercm": null, "\u00a0MeasuredWaterQualityTotalDissolvedSolidsmilligramsliter": null, "Pleaseaddanotherrelevantnotesontheborehole": null, "V109": "#NULL!", "V110": "Dry borehole"}, "geometry": {"type": "Point", "coordinates": [39.3138743, 0.9066947]}}, {"type": "Feature", "properties": {"Sno": 171, "SubCounty": "Lagdera", "Ward": "Maalimin", "Village": "Skanska 4", "Latitude": 0.907812299999988, "Longitude": 39.321538, "RuralUrban": "Rural", "DistancetonextstrategicBoreholekm": "40.00", "Totalnumberofhouseholdscurrentlyservedfromthescheme": "300.0", "WhatistheserviceareaforthisschemeHowmanykilometersfromheredothep": "3.0", "Isthisschemeusedforagricultureandirrigationbyfarmers": "No", "Howmanyfarmersusethisscheme\u00a0": "#NULL!", "Whatistheaveragesizedfarmthatusesthiswaterhectares\u00a0": "#NULL!", "Isthewaterschemeusedforlivestock": "Yes", "Estimatednumberofcamelsusingschemeperday": "100.0", "Estimatednumberofcattleusingschemeperday": "200.0", "Estimatednumberofhorsesdonkeysusingwaterpointperday": "30.0", "Estimatednumberofgoatssheepusingwaterpointperday": "500.0", "Isthewaterschemeusedforwatertrucking": "No", "Numberoftrucksfillingperday": "#NULL!", "Howmanytimesperweekdoesthewatertruckingoccur": "#NULL!", "Addanyothercommentsonwatertruckingdetails": null, "ConstructionyearofthewellboreholeinEFYortheyearofrehabilitation": "38768", "Boreholeorwelldepthmeters": "220.0", "Physicalstateofthewellborehole": "Good", "TypeofPower": "Generator", "Productionofsystemyieldordischargemeterscubedhour": "36", "Isthereawatermeteratthewatersource": "Yes", "Isthewatermeterworking": "No", "Whatisthecurrentreadingofthewatermeter": "#NULL!", "Isthewaterschemecurrentlyfunctional": "Yes", "Pleasetakeapictureillustratingthenonfunctionalityorpartialfuncti": "https://api.mwater.co/v3/images/01200885a0bd4fa398ca6b4bd674d727", "Maincauseofnonfunctionalityorpartialfunctionality": null, "MaincauseofnonfunctionalityorpartialfunctionalityOtherspecify": null, "Numberofmonthssincenonfunctional": null, "Doestheschemehaveanyemergingproblemsthatmightleadtononfunctional": null, "Pleasedescribetheproblemsthatmightleadtononfunctionalityinthenea": null, "Wasthewaterschemeoutofserviceoneormoredaysinthelastmonth": null, "Numberofdaysoutofserviceinthelastmonth": "#NULL!", "Dateoflastserviceorrepair": "#NULL!", "Howmanytimeshasthewaterschemebrokeninthelastyear": "#NULL!", "Describethefunctionalityproblemsoverthepastyear": null, "Howmanydaysperweekdoesthepumprunonaverage": "#NULL!", "Howmanyhoursperdaydoesthepumprunonaverage": "#NULL!", "Isthisaseasonalwaterschemethatcommonlyfailsinthedryseason": null, "Isthepumpusedlessduringwetrainyseason": null, "Duringwetrainyseasonshowmanydaysaweekdoesthepumprunonaverage": "#NULL!", "Duringwetrainyseasonshowmanyhoursperdaydoesthepumprunonaverage": "#NULL!", "SolarPanelpowerratingWatts": null, "SolarPanelCondition": null, "Yearwhengeneratorwasinstalledoryearofreinstallation": "39133", "Physicalstateofthegenerator": "Poor", "Generatorbrand": "Perkins", "GeneratorbrandOtherspecify": "Dayliff", "Generatormodel": null, "Generatorserialnumber": null, "GeneratormaxAmpsstartingamps": "45.0", "Generatorpicture": "https://api.mwater.co/v3/images/160c28decb734e33bb677cebc7b5240f; https://api.mwater.co/v3/images/dce9183e5eda416aba56a8bbbe253108", "PumpControllerManufacturer1": null, "PumpControllerManufacturerOtherspecify": null, "PumpControllerModelNumber": null, "Pictureofpumpcontroller": "https://api.mwater.co/v3/images/6dbd5af24d74484c98da82a1c0564741", "PumpMotorModelNumber": null, "Pumpheadmodelnumber": null, "Typeandsizeofcasing": "Plastic 6'", "Wellpumpremarks": "Good", "Isasensorinstalledatthesite": "Yes", "Typeofsensorinstalled": "Sweetsense", "TypeofsensorinstalledOtherspecify": null, "Managementbody": "Not yet elected", "Currentmanagementstatus": "Not in place", "Whatisthemethodofpayment1": "Cash", "WhatisthemethodofpaymentOtherspecify1": null, "Whatisthemethodofpayment2": null, "Typeoftariffsystemmostcommon": null, "WhatisthetariffamountinKES": "#NULL!", "Isthereaspecialtariffforlivestockperanimal": "Yes", "WhatisthetariffpercamelKES": 15.0, "WhatisthetariffpercattleKES": 10.0, "WhatisthetariffperhorsedonkeyKES": 0.0, "WhatisthetariffpergoatsheepKES": "2.0", "Isthereatariffperinstitutionschoolshealthcentresetc": "No", "WhatisthemonthlyinstitutionaltariffKES": "#NULL!", "Numberofinstitutionssuppliedbyschemethatpayamonthlyinstitutional": "#NULL!", "Whenthisboreholeisworkingfromwheredohouseholdsprimarilygettheirw": null, "Whenthisboreholeisworkingfromwheredohouseholdsprimarilygetthei_A": null, "WhenthisboreholeisworkinghowmanyHOURSperdaydohouseholdstypically": "#NULL!", "Whenthisboreholeisnotworkingfromwheredohouseholdsprimarilygetthe": null, "WhenthisboreholeisNOTworkingandhouseholdshavetouseanalternativew": null, "Hastherebeensomewaterqualitytestingforthisschemeinthepast": null, "Yearofmostrecentwaterqualitytestdone": null, "Whatwastheresult": null, "Aretherespecificcontaminantsofconcern": null, "AretherespecificcontaminantsofconcernOtherspecify": null, "MeasuredWaterQualityTemperature": null, "MeasuredWaterQualitySpecificconductancemicroSiemenspercm": null, "\u00a0MeasuredWaterQualityTotalDissolvedSolidsmilligramsliter": null, "Pleaseaddanotherrelevantnotesontheborehole": null, "V109": "#NULL!", "V110": "Generator to be replaced"}, "geometry": {"type": "Point", "coordinates": [39.321538, 0.907812299999988]}}, {"type": "Feature", "properties": {"Sno": 172, "SubCounty": "DADAAB", "Ward": "Damajaley", "Village": "Mathahgisi", "Latitude": 0.161092899999988, "Longitude": 40.4298998, "RuralUrban": "Rural", "DistancetonextstrategicBoreholekm": "20.00", "Totalnumberofhouseholdscurrentlyservedfromthescheme": "350.0", "WhatistheserviceareaforthisschemeHowmanykilometersfromheredothep": "1.0", "Isthisschemeusedforagricultureandirrigationbyfarmers": "No", "Howmanyfarmersusethisscheme\u00a0": "#NULL!", "Whatistheaveragesizedfarmthatusesthiswaterhectares\u00a0": "#NULL!", "Isthewaterschemeusedforlivestock": "Yes", "Estimatednumberofcamelsusingschemeperday": "3500.0", "Estimatednumberofcattleusingschemeperday": "1500.0", "Estimatednumberofhorsesdonkeysusingwaterpointperday": "30.0", "Estimatednumberofgoatssheepusingwaterpointperday": "5000.0", "Isthewaterschemeusedforwatertrucking": "No", "Numberoftrucksfillingperday": "#NULL!", "Howmanytimesperweekdoesthewatertruckingoccur": "#NULL!", "Addanyothercommentsonwatertruckingdetails": null, "ConstructionyearofthewellboreholeinEFYortheyearofrehabilitation": "41044", "Boreholeorwelldepthmeters": "190.0", "Physicalstateofthewellborehole": "Good", "TypeofPower": "Hy", "Productionofsystemyieldordischargemeterscubedhour": "14", "Isthereawatermeteratthewatersource": "No", "Isthewatermeterworking": null, "Whatisthecurrentreadingofthewatermeter": "#NULL!", "Isthewaterschemecurrentlyfunctional": "Yes", "Pleasetakeapictureillustratingthenonfunctionalityorpartialfuncti": null, "Maincauseofnonfunctionalityorpartialfunctionality": null, "MaincauseofnonfunctionalityorpartialfunctionalityOtherspecify": null, "Numberofmonthssincenonfunctional": null, "Doestheschemehaveanyemergingproblemsthatmightleadtononfunctional": "No", "Pleasedescribetheproblemsthatmightleadtononfunctionalityinthenea": null, "Wasthewaterschemeoutofserviceoneormoredaysinthelastmonth": "No", "Numberofdaysoutofserviceinthelastmonth": "#NULL!", "Dateoflastserviceorrepair": "20-Feb-22", "Howmanytimeshasthewaterschemebrokeninthelastyear": "1.0", "Describethefunctionalityproblemsoverthepastyear": "Pump failure", "Howmanydaysperweekdoesthepumprunonaverage": "7.0", "Howmanyhoursperdaydoesthepumprunonaverage": "12.0", "Isthisaseasonalwaterschemethatcommonlyfailsinthedryseason": "Yes", "Isthepumpusedlessduringwetrainyseason": "Yes", "Duringwetrainyseasonshowmanydaysaweekdoesthepumprunonaverage": "5.0", "Duringwetrainyseasonshowmanyhoursperdaydoesthepumprunonaverage": "6.0", "SolarPanelpowerratingWatts": "330", "SolarPanelCondition": "Good", "Yearwhengeneratorwasinstalledoryearofreinstallation": "41688", "Physicalstateofthegenerator": "Poor", "Generatorbrand": null, "GeneratorbrandOtherspecify": null, "Generatormodel": null, "Generatorserialnumber": null, "GeneratormaxAmpsstartingamps": "#NULL!", "Generatorpicture": "https://api.mwater.co/v3/images/29aed1f6965a4a9f93e5e0bf5be359a6", "PumpControllerManufacturer1": null, "PumpControllerManufacturerOtherspecify": null, "PumpControllerModelNumber": null, "Pictureofpumpcontroller": "https://api.mwater.co/v3/images/4ed6d25cf03648e48f278f5c3eba640f", "PumpMotorModelNumber": null, "Pumpheadmodelnumber": null, "Typeandsizeofcasing": "GI 6\"", "Wellpumpremarks": "Motor size 11kw", "Isasensorinstalledatthesite": null, "Typeofsensorinstalled": null, "TypeofsensorinstalledOtherspecify": null, "Managementbody": "No management run by area chief information as received from the public", "Currentmanagementstatus": "Poor", "Whatisthemethodofpayment1": "Cash", "WhatisthemethodofpaymentOtherspecify1": null, "Whatisthemethodofpayment2": null, "Typeoftariffsystemmostcommon": "Fixed", "WhatisthetariffamountinKES": "#NULL!", "Isthereaspecialtariffforlivestockperanimal": "Yes", "WhatisthetariffpercamelKES": 10.0, "WhatisthetariffpercattleKES": 10.0, "WhatisthetariffperhorsedonkeyKES": 0.0, "WhatisthetariffpergoatsheepKES": "5.0", "Isthereatariffperinstitutionschoolshealthcentresetc": "Yes", "WhatisthemonthlyinstitutionaltariffKES": "1000.0", "Numberofinstitutionssuppliedbyschemethatpayamonthlyinstitutional": "1.0", "Whenthisboreholeisworkingfromwheredohouseholdsprimarilygettheirw": "Water kiosk", "Whenthisboreholeisworkingfromwheredohouseholdsprimarilygetthei_A": null, "WhenthisboreholeisworkinghowmanyHOURSperdaydohouseholdstypically": "2.0", "Whenthisboreholeisnotworkingfromwheredohouseholdsprimarilygetthe": "Vendors and pans", "WhenthisboreholeisNOTworkingandhouseholdshavetouseanalternativew": "12", "Hastherebeensomewaterqualitytestingforthisschemeinthepast": null, "Yearofmostrecentwaterqualitytestdone": null, "Whatwastheresult": null, "Aretherespecificcontaminantsofconcern": null, "AretherespecificcontaminantsofconcernOtherspecify": null, "MeasuredWaterQualityTemperature": null, "MeasuredWaterQualitySpecificconductancemicroSiemenspercm": "1", "\u00a0MeasuredWaterQualityTotalDissolvedSolidsmilligramsliter": null, "Pleaseaddanotherrelevantnotesontheborehole": "1", "V109": "#NULL!", "V110": null}, "geometry": {"type": "Point", "coordinates": [40.4298998, 0.161092899999988]}}, {"type": "Feature", "properties": {"Sno": 173, "SubCounty": "Lagdera", "Ward": "Maalimin", "Village": "Skanska2", "Latitude": 0.904205000000006, "Longitude": 39.3194483, "RuralUrban": "Rural", "DistancetonextstrategicBoreholekm": "#NULL!", "Totalnumberofhouseholdscurrentlyservedfromthescheme": "#NULL!", "WhatistheserviceareaforthisschemeHowmanykilometersfromheredothep": "#NULL!", "Isthisschemeusedforagricultureandirrigationbyfarmers": null, "Howmanyfarmersusethisscheme\u00a0": "#NULL!", "Whatistheaveragesizedfarmthatusesthiswaterhectares\u00a0": "#NULL!", "Isthewaterschemeusedforlivestock": null, "Estimatednumberofcamelsusingschemeperday": "#NULL!", "Estimatednumberofcattleusingschemeperday": "#NULL!", "Estimatednumberofhorsesdonkeysusingwaterpointperday": "#NULL!", "Estimatednumberofgoatssheepusingwaterpointperday": "#NULL!", "Isthewaterschemeusedforwatertrucking": null, "Numberoftrucksfillingperday": "#NULL!", "Howmanytimesperweekdoesthewatertruckingoccur": "#NULL!", "Addanyothercommentsonwatertruckingdetails": null, "ConstructionyearofthewellboreholeinEFYortheyearofrehabilitation": null, "Boreholeorwelldepthmeters": "#NULL!", "Physicalstateofthewellborehole": null, "TypeofPower": null, "Productionofsystemyieldordischargemeterscubedhour": null, "Isthereawatermeteratthewatersource": null, "Isthewatermeterworking": null, "Whatisthecurrentreadingofthewatermeter": "#NULL!", "Isthewaterschemecurrentlyfunctional": null, "Pleasetakeapictureillustratingthenonfunctionalityorpartialfuncti": "https://api.mwater.co/v3/images/23f852e604e647a98231c22cd22bc093", "Maincauseofnonfunctionalityorpartialfunctionality": null, "MaincauseofnonfunctionalityorpartialfunctionalityOtherspecify": null, "Numberofmonthssincenonfunctional": null, "Doestheschemehaveanyemergingproblemsthatmightleadtononfunctional": null, "Pleasedescribetheproblemsthatmightleadtononfunctionalityinthenea": null, "Wasthewaterschemeoutofserviceoneormoredaysinthelastmonth": null, "Numberofdaysoutofserviceinthelastmonth": "#NULL!", "Dateoflastserviceorrepair": "#NULL!", "Howmanytimeshasthewaterschemebrokeninthelastyear": "#NULL!", "Describethefunctionalityproblemsoverthepastyear": null, "Howmanydaysperweekdoesthepumprunonaverage": "#NULL!", "Howmanyhoursperdaydoesthepumprunonaverage": "#NULL!", "Isthisaseasonalwaterschemethatcommonlyfailsinthedryseason": null, "Isthepumpusedlessduringwetrainyseason": null, "Duringwetrainyseasonshowmanydaysaweekdoesthepumprunonaverage": "#NULL!", "Duringwetrainyseasonshowmanyhoursperdaydoesthepumprunonaverage": "#NULL!", "SolarPanelpowerratingWatts": null, "SolarPanelCondition": null, "Yearwhengeneratorwasinstalledoryearofreinstallation": null, "Physicalstateofthegenerator": null, "Generatorbrand": null, "GeneratorbrandOtherspecify": null, "Generatormodel": null, "Generatorserialnumber": null, "GeneratormaxAmpsstartingamps": "#NULL!", "Generatorpicture": null, "PumpControllerManufacturer1": null, "PumpControllerManufacturerOtherspecify": null, "PumpControllerModelNumber": null, "Pictureofpumpcontroller": null, "PumpMotorModelNumber": null, "Pumpheadmodelnumber": null, "Typeandsizeofcasing": null, "Wellpumpremarks": null, "Isasensorinstalledatthesite": null, "Typeofsensorinstalled": null, "TypeofsensorinstalledOtherspecify": null, "Managementbody": null, "Currentmanagementstatus": null, "Whatisthemethodofpayment1": null, "WhatisthemethodofpaymentOtherspecify1": null, "Whatisthemethodofpayment2": null, "Typeoftariffsystemmostcommon": null, "WhatisthetariffamountinKES": "#NULL!", "Isthereaspecialtariffforlivestockperanimal": null, "WhatisthetariffpercamelKES": null, "WhatisthetariffpercattleKES": null, "WhatisthetariffperhorsedonkeyKES": null, "WhatisthetariffpergoatsheepKES": "#NULL!", "Isthereatariffperinstitutionschoolshealthcentresetc": null, "WhatisthemonthlyinstitutionaltariffKES": "#NULL!", "Numberofinstitutionssuppliedbyschemethatpayamonthlyinstitutional": "#NULL!", "Whenthisboreholeisworkingfromwheredohouseholdsprimarilygettheirw": null, "Whenthisboreholeisworkingfromwheredohouseholdsprimarilygetthei_A": null, "WhenthisboreholeisworkinghowmanyHOURSperdaydohouseholdstypically": "#NULL!", "Whenthisboreholeisnotworkingfromwheredohouseholdsprimarilygetthe": null, "WhenthisboreholeisNOTworkingandhouseholdshavetouseanalternativew": null, "Hastherebeensomewaterqualitytestingforthisschemeinthepast": null, "Yearofmostrecentwaterqualitytestdone": null, "Whatwastheresult": null, "Aretherespecificcontaminantsofconcern": null, "AretherespecificcontaminantsofconcernOtherspecify": null, "MeasuredWaterQualityTemperature": null, "MeasuredWaterQualitySpecificconductancemicroSiemenspercm": null, "\u00a0MeasuredWaterQualityTotalDissolvedSolidsmilligramsliter": null, "Pleaseaddanotherrelevantnotesontheborehole": null, "V109": "#NULL!", "V110": "This borehole has not been in use for the three years due to lack of generator and KPLC has not reinstated the power, the submersible pump ise blown up"}, "geometry": {"type": "Point", "coordinates": [39.3194483, 0.904205]}}, {"type": "Feature", "properties": {"Sno": 174, "SubCounty": "Lagdera", "Ward": "Maalimin", "Village": "Skanska 3", "Latitude": 0.901239999999987, "Longitude": 39.326085, "RuralUrban": "Rural", "DistancetonextstrategicBoreholekm": "#NULL!", "Totalnumberofhouseholdscurrentlyservedfromthescheme": "#NULL!", "WhatistheserviceareaforthisschemeHowmanykilometersfromheredothep": "#NULL!", "Isthisschemeusedforagricultureandirrigationbyfarmers": null, "Howmanyfarmersusethisscheme\u00a0": "#NULL!", "Whatistheaveragesizedfarmthatusesthiswaterhectares\u00a0": "#NULL!", "Isthewaterschemeusedforlivestock": null, "Estimatednumberofcamelsusingschemeperday": "#NULL!", "Estimatednumberofcattleusingschemeperday": "#NULL!", "Estimatednumberofhorsesdonkeysusingwaterpointperday": "#NULL!", "Estimatednumberofgoatssheepusingwaterpointperday": "#NULL!", "Isthewaterschemeusedforwatertrucking": null, "Numberoftrucksfillingperday": "#NULL!", "Howmanytimesperweekdoesthewatertruckingoccur": "#NULL!", "Addanyothercommentsonwatertruckingdetails": null, "ConstructionyearofthewellboreholeinEFYortheyearofrehabilitation": null, "Boreholeorwelldepthmeters": "#NULL!", "Physicalstateofthewellborehole": null, "TypeofPower": null, "Productionofsystemyieldordischargemeterscubedhour": null, "Isthereawatermeteratthewatersource": null, "Isthewatermeterworking": null, "Whatisthecurrentreadingofthewatermeter": "#NULL!", "Isthewaterschemecurrentlyfunctional": null, "Pleasetakeapictureillustratingthenonfunctionalityorpartialfuncti": "https://api.mwater.co/v3/images/4166177de02e4041b9fd60b5499d6a93", "Maincauseofnonfunctionalityorpartialfunctionality": null, "MaincauseofnonfunctionalityorpartialfunctionalityOtherspecify": null, "Numberofmonthssincenonfunctional": null, "Doestheschemehaveanyemergingproblemsthatmightleadtononfunctional": null, "Pleasedescribetheproblemsthatmightleadtononfunctionalityinthenea": null, "Wasthewaterschemeoutofserviceoneormoredaysinthelastmonth": null, "Numberofdaysoutofserviceinthelastmonth": "#NULL!", "Dateoflastserviceorrepair": "#NULL!", "Howmanytimeshasthewaterschemebrokeninthelastyear": "#NULL!", "Describethefunctionalityproblemsoverthepastyear": null, "Howmanydaysperweekdoesthepumprunonaverage": "#NULL!", "Howmanyhoursperdaydoesthepumprunonaverage": "#NULL!", "Isthisaseasonalwaterschemethatcommonlyfailsinthedryseason": null, "Isthepumpusedlessduringwetrainyseason": null, "Duringwetrainyseasonshowmanydaysaweekdoesthepumprunonaverage": "#NULL!", "Duringwetrainyseasonshowmanyhoursperdaydoesthepumprunonaverage": "#NULL!", "SolarPanelpowerratingWatts": null, "SolarPanelCondition": null, "Yearwhengeneratorwasinstalledoryearofreinstallation": null, "Physicalstateofthegenerator": null, "Generatorbrand": null, "GeneratorbrandOtherspecify": null, "Generatormodel": null, "Generatorserialnumber": null, "GeneratormaxAmpsstartingamps": "#NULL!", "Generatorpicture": "https://api.mwater.co/v3/images/c47c4db287c0453a88abbf65e2337bde; https://api.mwater.co/v3/images/562acf6c33c841b98aa9575c077837d3; https://api.mwater.co/v3/images/9aa143f613414c3daa34d19150491068", "PumpControllerManufacturer1": null, "PumpControllerManufacturerOtherspecify": null, "PumpControllerModelNumber": null, "Pictureofpumpcontroller": "https://api.mwater.co/v3/images/1d6d44d90eb44251b945cf2ae9474d60", "PumpMotorModelNumber": null, "Pumpheadmodelnumber": null, "Typeandsizeofcasing": null, "Wellpumpremarks": null, "Isasensorinstalledatthesite": null, "Typeofsensorinstalled": null, "TypeofsensorinstalledOtherspecify": null, "Managementbody": null, "Currentmanagementstatus": null, "Whatisthemethodofpayment1": null, "WhatisthemethodofpaymentOtherspecify1": null, "Whatisthemethodofpayment2": null, "Typeoftariffsystemmostcommon": null, "WhatisthetariffamountinKES": "#NULL!", "Isthereaspecialtariffforlivestockperanimal": null, "WhatisthetariffpercamelKES": null, "WhatisthetariffpercattleKES": null, "WhatisthetariffperhorsedonkeyKES": null, "WhatisthetariffpergoatsheepKES": "#NULL!", "Isthereatariffperinstitutionschoolshealthcentresetc": null, "WhatisthemonthlyinstitutionaltariffKES": "#NULL!", "Numberofinstitutionssuppliedbyschemethatpayamonthlyinstitutional": "#NULL!", "Whenthisboreholeisworkingfromwheredohouseholdsprimarilygettheirw": null, "Whenthisboreholeisworkingfromwheredohouseholdsprimarilygetthei_A": null, "WhenthisboreholeisworkinghowmanyHOURSperdaydohouseholdstypically": "#NULL!", "Whenthisboreholeisnotworkingfromwheredohouseholdsprimarilygetthe": null, "WhenthisboreholeisNOTworkingandhouseholdshavetouseanalternativew": null, "Hastherebeensomewaterqualitytestingforthisschemeinthepast": null, "Yearofmostrecentwaterqualitytestdone": null, "Whatwastheresult": null, "Aretherespecificcontaminantsofconcern": null, "AretherespecificcontaminantsofconcernOtherspecify": null, "MeasuredWaterQualityTemperature": null, "MeasuredWaterQualitySpecificconductancemicroSiemenspercm": null, "\u00a0MeasuredWaterQualityTotalDissolvedSolidsmilligramsliter": null, "Pleaseaddanotherrelevantnotesontheborehole": null, "V109": "#NULL!", "V110": "The water from this borehole is saline and is not used"}, "geometry": {"type": "Point", "coordinates": [39.326085, 0.90124]}}, {"type": "Feature", "properties": {"Sno": 175, "SubCounty": "Lagdera", "Ward": "Modogashe", "Village": "Modogashe", "Latitude": 0.728859800000006, "Longitude": 39.1745337, "RuralUrban": "Urban", "DistancetonextstrategicBoreholekm": "#NULL!", "Totalnumberofhouseholdscurrentlyservedfromthescheme": "#NULL!", "WhatistheserviceareaforthisschemeHowmanykilometersfromheredothep": "#NULL!", "Isthisschemeusedforagricultureandirrigationbyfarmers": null, "Howmanyfarmersusethisscheme\u00a0": "#NULL!", "Whatistheaveragesizedfarmthatusesthiswaterhectares\u00a0": "#NULL!", "Isthewaterschemeusedforlivestock": null, "Estimatednumberofcamelsusingschemeperday": "#NULL!", "Estimatednumberofcattleusingschemeperday": "#NULL!", "Estimatednumberofhorsesdonkeysusingwaterpointperday": "#NULL!", "Estimatednumberofgoatssheepusingwaterpointperday": "#NULL!", "Isthewaterschemeusedforwatertrucking": null, "Numberoftrucksfillingperday": "#NULL!", "Howmanytimesperweekdoesthewatertruckingoccur": "#NULL!", "Addanyothercommentsonwatertruckingdetails": null, "ConstructionyearofthewellboreholeinEFYortheyearofrehabilitation": null, "Boreholeorwelldepthmeters": "#NULL!", "Physicalstateofthewellborehole": null, "TypeofPower": null, "Productionofsystemyieldordischargemeterscubedhour": null, "Isthereawatermeteratthewatersource": null, "Isthewatermeterworking": null, "Whatisthecurrentreadingofthewatermeter": "#NULL!", "Isthewaterschemecurrentlyfunctional": null, "Pleasetakeapictureillustratingthenonfunctionalityorpartialfuncti": "https://api.mwater.co/v3/images/6fd7318f90594f7db393250bcb7e5144", "Maincauseofnonfunctionalityorpartialfunctionality": null, "MaincauseofnonfunctionalityorpartialfunctionalityOtherspecify": null, "Numberofmonthssincenonfunctional": null, "Doestheschemehaveanyemergingproblemsthatmightleadtononfunctional": null, "Pleasedescribetheproblemsthatmightleadtononfunctionalityinthenea": null, "Wasthewaterschemeoutofserviceoneormoredaysinthelastmonth": null, "Numberofdaysoutofserviceinthelastmonth": "#NULL!", "Dateoflastserviceorrepair": "#NULL!", "Howmanytimeshasthewaterschemebrokeninthelastyear": "#NULL!", "Describethefunctionalityproblemsoverthepastyear": null, "Howmanydaysperweekdoesthepumprunonaverage": "#NULL!", "Howmanyhoursperdaydoesthepumprunonaverage": "#NULL!", "Isthisaseasonalwaterschemethatcommonlyfailsinthedryseason": null, "Isthepumpusedlessduringwetrainyseason": null, "Duringwetrainyseasonshowmanydaysaweekdoesthepumprunonaverage": "#NULL!", "Duringwetrainyseasonshowmanyhoursperdaydoesthepumprunonaverage": "#NULL!", "SolarPanelpowerratingWatts": null, "SolarPanelCondition": null, "Yearwhengeneratorwasinstalledoryearofreinstallation": null, "Physicalstateofthegenerator": null, "Generatorbrand": null, "GeneratorbrandOtherspecify": null, "Generatormodel": null, "Generatorserialnumber": null, "GeneratormaxAmpsstartingamps": "#NULL!", "Generatorpicture": "https://api.mwater.co/v3/images/d1fb676b10df4134996517cf8dad1ac3; https://api.mwater.co/v3/images/b86cb5a78b9f4b7dbe3078b6467438b4", "PumpControllerManufacturer1": null, "PumpControllerManufacturerOtherspecify": null, "PumpControllerModelNumber": null, "Pictureofpumpcontroller": "https://api.mwater.co/v3/images/72da462b52a5440abc97e1ac54213b80", "PumpMotorModelNumber": null, "Pumpheadmodelnumber": null, "Typeandsizeofcasing": null, "Wellpumpremarks": null, "Isasensorinstalledatthesite": null, "Typeofsensorinstalled": null, "TypeofsensorinstalledOtherspecify": null, "Managementbody": null, "Currentmanagementstatus": null, "Whatisthemethodofpayment1": null, "WhatisthemethodofpaymentOtherspecify1": null, "Whatisthemethodofpayment2": null, "Typeoftariffsystemmostcommon": null, "WhatisthetariffamountinKES": "#NULL!", "Isthereaspecialtariffforlivestockperanimal": null, "WhatisthetariffpercamelKES": null, "WhatisthetariffpercattleKES": null, "WhatisthetariffperhorsedonkeyKES": null, "WhatisthetariffpergoatsheepKES": "#NULL!", "Isthereatariffperinstitutionschoolshealthcentresetc": null, "WhatisthemonthlyinstitutionaltariffKES": "#NULL!", "Numberofinstitutionssuppliedbyschemethatpayamonthlyinstitutional": "#NULL!", "Whenthisboreholeisworkingfromwheredohouseholdsprimarilygettheirw": null, "Whenthisboreholeisworkingfromwheredohouseholdsprimarilygetthei_A": null, "WhenthisboreholeisworkinghowmanyHOURSperdaydohouseholdstypically": "#NULL!", "Whenthisboreholeisnotworkingfromwheredohouseholdsprimarilygetthe": null, "WhenthisboreholeisNOTworkingandhouseholdshavetouseanalternativew": null, "Hastherebeensomewaterqualitytestingforthisschemeinthepast": null, "Yearofmostrecentwaterqualitytestdone": null, "Whatwastheresult": null, "Aretherespecificcontaminantsofconcern": null, "AretherespecificcontaminantsofconcernOtherspecify": null, "MeasuredWaterQualityTemperature": null, "MeasuredWaterQualitySpecificconductancemicroSiemenspercm": null, "\u00a0MeasuredWaterQualityTotalDissolvedSolidsmilligramsliter": null, "Pleaseaddanotherrelevantnotesontheborehole": null, "V109": "#NULL!", "V110": "This shallow well is not operational since the gallery has no water people are drawing water from hand dug wells"}, "geometry": {"type": "Point", "coordinates": [39.1745337, 0.7288598]}}, {"type": "Feature", "properties": {"Sno": 176, "SubCounty": "Balambala", "Ward": "Danyere", "Village": "Danyere 2", "Latitude": 0.0049039999999891, "Longitude": 38.7383505, "RuralUrban": "Rural", "DistancetonextstrategicBoreholekm": "#NULL!", "Totalnumberofhouseholdscurrentlyservedfromthescheme": "500.0", "WhatistheserviceareaforthisschemeHowmanykilometersfromheredothep": "1.0", "Isthisschemeusedforagricultureandirrigationbyfarmers": "No", "Howmanyfarmersusethisscheme\u00a0": "#NULL!", "Whatistheaveragesizedfarmthatusesthiswaterhectares\u00a0": "#NULL!", "Isthewaterschemeusedforlivestock": "No", "Estimatednumberofcamelsusingschemeperday": "#NULL!", "Estimatednumberofcattleusingschemeperday": "#NULL!", "Estimatednumberofhorsesdonkeysusingwaterpointperday": "#NULL!", "Estimatednumberofgoatssheepusingwaterpointperday": "#NULL!", "Isthewaterschemeusedforwatertrucking": "No", "Numberoftrucksfillingperday": "#NULL!", "Howmanytimesperweekdoesthewatertruckingoccur": "#NULL!", "Addanyothercommentsonwatertruckingdetails": null, "ConstructionyearofthewellboreholeinEFYortheyearofrehabilitation": "44247", "Boreholeorwelldepthmeters": "80.0", "Physicalstateofthewellborehole": "Good", "TypeofPower": "Solar system", "Productionofsystemyieldordischargemeterscubedhour": "25", "Isthereawatermeteratthewatersource": "Yes", "Isthewatermeterworking": "No", "Whatisthecurrentreadingofthewatermeter": "7116.000000000", "Isthewaterschemecurrentlyfunctional": "Yes", "Pleasetakeapictureillustratingthenonfunctionalityorpartialfuncti": "https://api.mwater.co/v3/images/3f8fdcd394c8432ba3c35e37389bf0fa", "Maincauseofnonfunctionalityorpartialfunctionality": null, "MaincauseofnonfunctionalityorpartialfunctionalityOtherspecify": null, "Numberofmonthssincenonfunctional": null, "Doestheschemehaveanyemergingproblemsthatmightleadtononfunctional": null, "Pleasedescribetheproblemsthatmightleadtononfunctionalityinthenea": null, "Wasthewaterschemeoutofserviceoneormoredaysinthelastmonth": null, "Numberofdaysoutofserviceinthelastmonth": "#NULL!", "Dateoflastserviceorrepair": "#NULL!", "Howmanytimeshasthewaterschemebrokeninthelastyear": "#NULL!", "Describethefunctionalityproblemsoverthepastyear": null, "Howmanydaysperweekdoesthepumprunonaverage": "#NULL!", "Howmanyhoursperdaydoesthepumprunonaverage": "#NULL!", "Isthisaseasonalwaterschemethatcommonlyfailsinthedryseason": "No", "Isthepumpusedlessduringwetrainyseason": null, "Duringwetrainyseasonshowmanydaysaweekdoesthepumprunonaverage": "#NULL!", "Duringwetrainyseasonshowmanyhoursperdaydoesthepumprunonaverage": "#NULL!", "SolarPanelpowerratingWatts": null, "SolarPanelCondition": "Good", "Yearwhengeneratorwasinstalledoryearofreinstallation": null, "Physicalstateofthegenerator": null, "Generatorbrand": null, "GeneratorbrandOtherspecify": null, "Generatormodel": null, "Generatorserialnumber": null, "GeneratormaxAmpsstartingamps": "#NULL!", "Generatorpicture": null, "PumpControllerManufacturer1": null, "PumpControllerManufacturerOtherspecify": "Dayliff", "PumpControllerModelNumber": null, "Pictureofpumpcontroller": "https://api.mwater.co/v3/images/3a21c6a1cf904fb7b474a8ea38d1d979", "PumpMotorModelNumber": null, "Pumpheadmodelnumber": null, "Typeandsizeofcasing": "Plastic 6''", "Wellpumpremarks": "Good", "Isasensorinstalledatthesite": null, "Typeofsensorinstalled": null, "TypeofsensorinstalledOtherspecify": null, "Managementbody": "Not yet elected", "Currentmanagementstatus": null, "Whatisthemethodofpayment1": "Free", "WhatisthemethodofpaymentOtherspecify1": null, "Whatisthemethodofpayment2": null, "Typeoftariffsystemmostcommon": null, "WhatisthetariffamountinKES": "#NULL!", "Isthereaspecialtariffforlivestockperanimal": null, "WhatisthetariffpercamelKES": null, "WhatisthetariffpercattleKES": null, "WhatisthetariffperhorsedonkeyKES": null, "WhatisthetariffpergoatsheepKES": "#NULL!", "Isthereatariffperinstitutionschoolshealthcentresetc": null, "WhatisthemonthlyinstitutionaltariffKES": "#NULL!", "Numberofinstitutionssuppliedbyschemethatpayamonthlyinstitutional": "#NULL!", "Whenthisboreholeisworkingfromwheredohouseholdsprimarilygettheirw": null, "Whenthisboreholeisworkingfromwheredohouseholdsprimarilygetthei_A": null, "WhenthisboreholeisworkinghowmanyHOURSperdaydohouseholdstypically": "#NULL!", "Whenthisboreholeisnotworkingfromwheredohouseholdsprimarilygetthe": null, "WhenthisboreholeisNOTworkingandhouseholdshavetouseanalternativew": null, "Hastherebeensomewaterqualitytestingforthisschemeinthepast": null, "Yearofmostrecentwaterqualitytestdone": null, "Whatwastheresult": null, "Aretherespecificcontaminantsofconcern": null, "AretherespecificcontaminantsofconcernOtherspecify": null, "MeasuredWaterQualityTemperature": null, "MeasuredWaterQualitySpecificconductancemicroSiemenspercm": null, "\u00a0MeasuredWaterQualityTotalDissolvedSolidsmilligramsliter": null, "Pleaseaddanotherrelevantnotesontheborehole": null, "V109": "#NULL!", "V110": null}, "geometry": {"type": "Point", "coordinates": [38.7383505, 0.004904]}}, {"type": "Feature", "properties": {"Sno": 177, "SubCounty": "Balambala", "Ward": "Danyere", "Village": "Danyere 1", "Latitude": 0.005043700000002, "Longitude": 38.7386959, "RuralUrban": "Rural", "DistancetonextstrategicBoreholekm": "60.00", "Totalnumberofhouseholdscurrentlyservedfromthescheme": "300.0", "WhatistheserviceareaforthisschemeHowmanykilometersfromheredothep": "1.0", "Isthisschemeusedforagricultureandirrigationbyfarmers": "No", "Howmanyfarmersusethisscheme\u00a0": "#NULL!", "Whatistheaveragesizedfarmthatusesthiswaterhectares\u00a0": "#NULL!", "Isthewaterschemeusedforlivestock": "No", "Estimatednumberofcamelsusingschemeperday": "#NULL!", "Estimatednumberofcattleusingschemeperday": "#NULL!", "Estimatednumberofhorsesdonkeysusingwaterpointperday": "#NULL!", "Estimatednumberofgoatssheepusingwaterpointperday": "#NULL!", "Isthewaterschemeusedforwatertrucking": null, "Numberoftrucksfillingperday": "#NULL!", "Howmanytimesperweekdoesthewatertruckingoccur": "#NULL!", "Addanyothercommentsonwatertruckingdetails": null, "ConstructionyearofthewellboreholeinEFYortheyearofrehabilitation": "44247", "Boreholeorwelldepthmeters": "50.0", "Physicalstateofthewellborehole": "Good", "TypeofPower": "Solar system", "Productionofsystemyieldordischargemeterscubedhour": "12", "Isthereawatermeteratthewatersource": "Yes", "Isthewatermeterworking": "Yes", "Whatisthecurrentreadingofthewatermeter": "1175.000000000", "Isthewaterschemecurrentlyfunctional": "Yes", "Pleasetakeapictureillustratingthenonfunctionalityorpartialfuncti": "https://api.mwater.co/v3/images/c0c050e50ed54c89b648d65a0c9756ed", "Maincauseofnonfunctionalityorpartialfunctionality": null, "MaincauseofnonfunctionalityorpartialfunctionalityOtherspecify": null, "Numberofmonthssincenonfunctional": null, "Doestheschemehaveanyemergingproblemsthatmightleadtononfunctional": null, "Pleasedescribetheproblemsthatmightleadtononfunctionalityinthenea": null, "Wasthewaterschemeoutofserviceoneormoredaysinthelastmonth": null, "Numberofdaysoutofserviceinthelastmonth": "#NULL!", "Dateoflastserviceorrepair": "#NULL!", "Howmanytimeshasthewaterschemebrokeninthelastyear": "#NULL!", "Describethefunctionalityproblemsoverthepastyear": null, "Howmanydaysperweekdoesthepumprunonaverage": "7.0", "Howmanyhoursperdaydoesthepumprunonaverage": "7.0", "Isthisaseasonalwaterschemethatcommonlyfailsinthedryseason": "No", "Isthepumpusedlessduringwetrainyseason": null, "Duringwetrainyseasonshowmanydaysaweekdoesthepumprunonaverage": "#NULL!", "Duringwetrainyseasonshowmanyhoursperdaydoesthepumprunonaverage": "#NULL!", "SolarPanelpowerratingWatts": null, "SolarPanelCondition": "Good", "Yearwhengeneratorwasinstalledoryearofreinstallation": null, "Physicalstateofthegenerator": null, "Generatorbrand": null, "GeneratorbrandOtherspecify": null, "Generatormodel": null, "Generatorserialnumber": null, "GeneratormaxAmpsstartingamps": "#NULL!", "Generatorpicture": null, "PumpControllerManufacturer1": null, "PumpControllerManufacturerOtherspecify": null, "PumpControllerModelNumber": "Dayliff", "Pictureofpumpcontroller": "https://api.mwater.co/v3/images/dc5b611aa17647ab9bca5ea448dd92b5", "PumpMotorModelNumber": null, "Pumpheadmodelnumber": null, "Typeandsizeofcasing": "Plastic 6''", "Wellpumpremarks": "Good", "Isasensorinstalledatthesite": null, "Typeofsensorinstalled": null, "TypeofsensorinstalledOtherspecify": null, "Managementbody": "Not yet elected", "Currentmanagementstatus": "Not in place", "Whatisthemethodofpayment1": "Free", "WhatisthemethodofpaymentOtherspecify1": null, "Whatisthemethodofpayment2": null, "Typeoftariffsystemmostcommon": null, "WhatisthetariffamountinKES": "#NULL!", "Isthereaspecialtariffforlivestockperanimal": null, "WhatisthetariffpercamelKES": null, "WhatisthetariffpercattleKES": null, "WhatisthetariffperhorsedonkeyKES": null, "WhatisthetariffpergoatsheepKES": "#NULL!", "Isthereatariffperinstitutionschoolshealthcentresetc": null, "WhatisthemonthlyinstitutionaltariffKES": "#NULL!", "Numberofinstitutionssuppliedbyschemethatpayamonthlyinstitutional": "#NULL!", "Whenthisboreholeisworkingfromwheredohouseholdsprimarilygettheirw": null, "Whenthisboreholeisworkingfromwheredohouseholdsprimarilygetthei_A": null, "WhenthisboreholeisworkinghowmanyHOURSperdaydohouseholdstypically": "#NULL!", "Whenthisboreholeisnotworkingfromwheredohouseholdsprimarilygetthe": null, "WhenthisboreholeisNOTworkingandhouseholdshavetouseanalternativew": null, "Hastherebeensomewaterqualitytestingforthisschemeinthepast": null, "Yearofmostrecentwaterqualitytestdone": null, "Whatwastheresult": null, "Aretherespecificcontaminantsofconcern": null, "AretherespecificcontaminantsofconcernOtherspecify": null, "MeasuredWaterQualityTemperature": null, "MeasuredWaterQualitySpecificconductancemicroSiemenspercm": null, "\u00a0MeasuredWaterQualityTotalDissolvedSolidsmilligramsliter": null, "Pleaseaddanotherrelevantnotesontheborehole": null, "V109": "#NULL!", "V110": "Community to be sensitized on the importance of having a water management committee"}, "geometry": {"type": "Point", "coordinates": [38.7386959, 0.0050437]}}, {"type": "Feature", "properties": {"Sno": 178, "SubCounty": "Balambala", "Ward": "Balambala", "Village": "Balambala 2", "Latitude": -0.0779053000000125, "Longitude": 39.0894051, "RuralUrban": "Urban", "DistancetonextstrategicBoreholekm": "7.00", "Totalnumberofhouseholdscurrentlyservedfromthescheme": "2500.0", "WhatistheserviceareaforthisschemeHowmanykilometersfromheredothep": "8.0", "Isthisschemeusedforagricultureandirrigationbyfarmers": "No", "Howmanyfarmersusethisscheme\u00a0": "#NULL!", "Whatistheaveragesizedfarmthatusesthiswaterhectares\u00a0": "#NULL!", "Isthewaterschemeusedforlivestock": "No", "Estimatednumberofcamelsusingschemeperday": "#NULL!", "Estimatednumberofcattleusingschemeperday": "#NULL!", "Estimatednumberofhorsesdonkeysusingwaterpointperday": "#NULL!", "Estimatednumberofgoatssheepusingwaterpointperday": "#NULL!", "Isthewaterschemeusedforwatertrucking": null, "Numberoftrucksfillingperday": "#NULL!", "Howmanytimesperweekdoesthewatertruckingoccur": "#NULL!", "Addanyothercommentsonwatertruckingdetails": null, "ConstructionyearofthewellboreholeinEFYortheyearofrehabilitation": "44429", "Boreholeorwelldepthmeters": "50.0", "Physicalstateofthewellborehole": "Good", "TypeofPower": "Solar system and generator", "Productionofsystemyieldordischargemeterscubedhour": "25", "Isthereawatermeteratthewatersource": "No", "Isthewatermeterworking": null, "Whatisthecurrentreadingofthewatermeter": "#NULL!", "Isthewaterschemecurrentlyfunctional": "Yes", "Pleasetakeapictureillustratingthenonfunctionalityorpartialfuncti": "https://api.mwater.co/v3/images/26aed77e17aa4fdfa8a08ee7f2d92da5", "Maincauseofnonfunctionalityorpartialfunctionality": null, "MaincauseofnonfunctionalityorpartialfunctionalityOtherspecify": null, "Numberofmonthssincenonfunctional": null, "Doestheschemehaveanyemergingproblemsthatmightleadtononfunctional": null, "Pleasedescribetheproblemsthatmightleadtononfunctionalityinthenea": null, "Wasthewaterschemeoutofserviceoneormoredaysinthelastmonth": "No", "Numberofdaysoutofserviceinthelastmonth": "#NULL!", "Dateoflastserviceorrepair": "#NULL!", "Howmanytimeshasthewaterschemebrokeninthelastyear": "#NULL!", "Describethefunctionalityproblemsoverthepastyear": null, "Howmanydaysperweekdoesthepumprunonaverage": "7.0", "Howmanyhoursperdaydoesthepumprunonaverage": "8.0", "Isthisaseasonalwaterschemethatcommonlyfailsinthedryseason": "No", "Isthepumpusedlessduringwetrainyseason": "No", "Duringwetrainyseasonshowmanydaysaweekdoesthepumprunonaverage": "#NULL!", "Duringwetrainyseasonshowmanyhoursperdaydoesthepumprunonaverage": "#NULL!", "SolarPanelpowerratingWatts": null, "SolarPanelCondition": "Good", "Yearwhengeneratorwasinstalledoryearofreinstallation": "43140", "Physicalstateofthegenerator": "Good", "Generatorbrand": "Perkins", "GeneratorbrandOtherspecify": null, "Generatormodel": null, "Generatorserialnumber": null, "GeneratormaxAmpsstartingamps": "30.0", "Generatorpicture": "https://api.mwater.co/v3/images/966cf67d0ae241fcbd604634d070f56e", "PumpControllerManufacturer1": null, "PumpControllerManufacturerOtherspecify": null, "PumpControllerModelNumber": null, "Pictureofpumpcontroller": "https://api.mwater.co/v3/images/5ffce27d7387468aa972a15e2d3451be", "PumpMotorModelNumber": null, "Pumpheadmodelnumber": null, "Typeandsizeofcasing": null, "Wellpumpremarks": null, "Isasensorinstalledatthesite": null, "Typeofsensorinstalled": null, "TypeofsensorinstalledOtherspecify": null, "Managementbody": null, "Currentmanagementstatus": null, "Whatisthemethodofpayment1": null, "WhatisthemethodofpaymentOtherspecify1": null, "Whatisthemethodofpayment2": null, "Typeoftariffsystemmostcommon": null, "WhatisthetariffamountinKES": "#NULL!", "Isthereaspecialtariffforlivestockperanimal": null, "WhatisthetariffpercamelKES": null, "WhatisthetariffpercattleKES": null, "WhatisthetariffperhorsedonkeyKES": null, "WhatisthetariffpergoatsheepKES": "#NULL!", "Isthereatariffperinstitutionschoolshealthcentresetc": null, "WhatisthemonthlyinstitutionaltariffKES": "#NULL!", "Numberofinstitutionssuppliedbyschemethatpayamonthlyinstitutional": "#NULL!", "Whenthisboreholeisworkingfromwheredohouseholdsprimarilygettheirw": null, "Whenthisboreholeisworkingfromwheredohouseholdsprimarilygetthei_A": null, "WhenthisboreholeisworkinghowmanyHOURSperdaydohouseholdstypically": "#NULL!", "Whenthisboreholeisnotworkingfromwheredohouseholdsprimarilygetthe": null, "WhenthisboreholeisNOTworkingandhouseholdshavetouseanalternativew": null, "Hastherebeensomewaterqualitytestingforthisschemeinthepast": null, "Yearofmostrecentwaterqualitytestdone": null, "Whatwastheresult": null, "Aretherespecificcontaminantsofconcern": null, "AretherespecificcontaminantsofconcernOtherspecify": null, "MeasuredWaterQualityTemperature": null, "MeasuredWaterQualitySpecificconductancemicroSiemenspercm": null, "\u00a0MeasuredWaterQualityTotalDissolvedSolidsmilligramsliter": null, "Pleaseaddanotherrelevantnotesontheborehole": null, "V109": "#NULL!", "V110": null}, "geometry": {"type": "Point", "coordinates": [39.0894051, -0.077905300000013]}}, {"type": "Feature", "properties": {"Sno": 179, "SubCounty": "DADAAB", "Ward": "Damajaley", "Village": "Homojo", "Latitude": -0.0198193000000145, "Longitude": 40.9488405, "RuralUrban": "Rural", "DistancetonextstrategicBoreholekm": "6.00", "Totalnumberofhouseholdscurrentlyservedfromthescheme": "250.0", "WhatistheserviceareaforthisschemeHowmanykilometersfromheredothep": "500.0", "Isthisschemeusedforagricultureandirrigationbyfarmers": "No", "Howmanyfarmersusethisscheme\u00a0": "#NULL!", "Whatistheaveragesizedfarmthatusesthiswaterhectares\u00a0": "#NULL!", "Isthewaterschemeusedforlivestock": "Yes", "Estimatednumberofcamelsusingschemeperday": "2500.0", "Estimatednumberofcattleusingschemeperday": "1200.0", "Estimatednumberofhorsesdonkeysusingwaterpointperday": "100.0", "Estimatednumberofgoatssheepusingwaterpointperday": "5000.0", "Isthewaterschemeusedforwatertrucking": "Yes", "Numberoftrucksfillingperday": "3.0", "Howmanytimesperweekdoesthewatertruckingoccur": "15.0", "Addanyothercommentsonwatertruckingdetails": null, "ConstructionyearofthewellboreholeinEFYortheyearofrehabilitation": "42784", "Boreholeorwelldepthmeters": "220.0", "Physicalstateofthewellborehole": "Good", "TypeofPower": "Generator", "Productionofsystemyieldordischargemeterscubedhour": "14", "Isthereawatermeteratthewatersource": "No", "Isthewatermeterworking": null, "Whatisthecurrentreadingofthewatermeter": "#NULL!", "Isthewaterschemecurrentlyfunctional": "No", "Pleasetakeapictureillustratingthenonfunctionalityorpartialfuncti": "https://api.mwater.co/v3/images/1dcd8b9bacb746f9911a2e707e11850a", "Maincauseofnonfunctionalityorpartialfunctionality": "Pump failure", "MaincauseofnonfunctionalityorpartialfunctionalityOtherspecify": "Frequent pump failure", "Numberofmonthssincenonfunctional": "1", "Doestheschemehaveanyemergingproblemsthatmightleadtononfunctional": "Yes", "Pleasedescribetheproblemsthatmightleadtononfunctionalityinthenea": "Frequent pump failure", "Wasthewaterschemeoutofserviceoneormoredaysinthelastmonth": "Yes", "Numberofdaysoutofserviceinthelastmonth": "14.0", "Dateoflastserviceorrepair": "10-Aug-20", "Howmanytimeshasthewaterschemebrokeninthelastyear": "2.0", "Describethefunctionalityproblemsoverthepastyear": "Frequent pump failure", "Howmanydaysperweekdoesthepumprunonaverage": "7.0", "Howmanyhoursperdaydoesthepumprunonaverage": "10.0", "Isthisaseasonalwaterschemethatcommonlyfailsinthedryseason": "Yes", "Isthepumpusedlessduringwetrainyseason": "Yes", "Duringwetrainyseasonshowmanydaysaweekdoesthepumprunonaverage": "6.0", "Duringwetrainyseasonshowmanyhoursperdaydoesthepumprunonaverage": "6.0", "SolarPanelpowerratingWatts": null, "SolarPanelCondition": null, "Yearwhengeneratorwasinstalledoryearofreinstallation": "43850", "Physicalstateofthegenerator": "Good", "Generatorbrand": null, "GeneratorbrandOtherspecify": null, "Generatormodel": null, "Generatorserialnumber": null, "GeneratormaxAmpsstartingamps": "#NULL!", "Generatorpicture": null, "PumpControllerManufacturer1": null, "PumpControllerManufacturerOtherspecify": null, "PumpControllerModelNumber": null, "Pictureofpumpcontroller": "https://api.mwater.co/v3/images/0de673f2d6b84cadb93589e21201bd23", "PumpMotorModelNumber": null, "Pumpheadmodelnumber": null, "Typeandsizeofcasing": "GI 6\"", "Wellpumpremarks": "7.5kw", "Isasensorinstalledatthesite": "No", "Typeofsensorinstalled": null, "TypeofsensorinstalledOtherspecify": null, "Managementbody": "No management officially formed", "Currentmanagementstatus": "Poor", "Whatisthemethodofpayment1": "Cash", "WhatisthemethodofpaymentOtherspecify1": null, "Whatisthemethodofpayment2": null, "Typeoftariffsystemmostcommon": null, "WhatisthetariffamountinKES": "#NULL!", "Isthereaspecialtariffforlivestockperanimal": "Yes", "WhatisthetariffpercamelKES": 1.0, "WhatisthetariffpercattleKES": 10.0, "WhatisthetariffperhorsedonkeyKES": 0.0, "WhatisthetariffpergoatsheepKES": "5.0", "Isthereatariffperinstitutionschoolshealthcentresetc": "No", "WhatisthemonthlyinstitutionaltariffKES": "#NULL!", "Numberofinstitutionssuppliedbyschemethatpayamonthlyinstitutional": "0.0", "Whenthisboreholeisworkingfromwheredohouseholdsprimarilygettheirw": "Water kiosk", "Whenthisboreholeisworkingfromwheredohouseholdsprimarilygetthei_A": null, "WhenthisboreholeisworkinghowmanyHOURSperdaydohouseholdstypically": "2.0", "Whenthisboreholeisnotworkingfromwheredohouseholdsprimarilygetthe": "Vendors", "WhenthisboreholeisNOTworkingandhouseholdshavetouseanalternativew": "12", "Hastherebeensomewaterqualitytestingforthisschemeinthepast": null, "Yearofmostrecentwaterqualitytestdone": null, "Whatwastheresult": null, "Aretherespecificcontaminantsofconcern": null, "AretherespecificcontaminantsofconcernOtherspecify": null, "MeasuredWaterQualityTemperature": null, "MeasuredWaterQualitySpecificconductancemicroSiemenspercm": "1", "\u00a0MeasuredWaterQualityTotalDissolvedSolidsmilligramsliter": null, "Pleaseaddanotherrelevantnotesontheborehole": "1", "V109": "#NULL!", "V110": "The borehole has been drilled and equipped 2017 since then there is frequent pump failure.\nEven now breakdown is reported I therefore recommend assessment to know exactly the course of frequent breakdown like camera inspection be done."}, "geometry": {"type": "Point", "coordinates": [40.9488405, -0.019819300000015]}}, {"type": "Feature", "properties": {"Sno": 180, "SubCounty": "DADAAB", "Ward": "Damajaley", "Village": "Barkin", "Latitude": -0.1145295, "Longitude": 40.7869431, "RuralUrban": "Rural", "DistancetonextstrategicBoreholekm": "15.00", "Totalnumberofhouseholdscurrentlyservedfromthescheme": "250.0", "WhatistheserviceareaforthisschemeHowmanykilometersfromheredothep": "1.0", "Isthisschemeusedforagricultureandirrigationbyfarmers": null, "Howmanyfarmersusethisscheme\u00a0": "#NULL!", "Whatistheaveragesizedfarmthatusesthiswaterhectares\u00a0": "#NULL!", "Isthewaterschemeusedforlivestock": "Yes", "Estimatednumberofcamelsusingschemeperday": "3000.0", "Estimatednumberofcattleusingschemeperday": "1500.0", "Estimatednumberofhorsesdonkeysusingwaterpointperday": "100.0", "Estimatednumberofgoatssheepusingwaterpointperday": "5000.0", "Isthewaterschemeusedforwatertrucking": "No", "Numberoftrucksfillingperday": "#NULL!", "Howmanytimesperweekdoesthewatertruckingoccur": "#NULL!", "Addanyothercommentsonwatertruckingdetails": null, "ConstructionyearofthewellboreholeinEFYortheyearofrehabilitation": "42876", "Boreholeorwelldepthmeters": "220.0", "Physicalstateofthewellborehole": "Good", "TypeofPower": "Generator", "Productionofsystemyieldordischargemeterscubedhour": "13", "Isthereawatermeteratthewatersource": "No", "Isthewatermeterworking": "No", "Whatisthecurrentreadingofthewatermeter": "#NULL!", "Isthewaterschemecurrentlyfunctional": "Yes", "Pleasetakeapictureillustratingthenonfunctionalityorpartialfuncti": null, "Maincauseofnonfunctionalityorpartialfunctionality": "Tank leakages, water kiosk dilapidated", "MaincauseofnonfunctionalityorpartialfunctionalityOtherspecify": null, "Numberofmonthssincenonfunctional": "12", "Doestheschemehaveanyemergingproblemsthatmightleadtononfunctional": "Yes", "Pleasedescribetheproblemsthatmightleadtononfunctionalityinthenea": "Pump failure \nWater kiosk dilapidated \nPlastic tank leaking", "Wasthewaterschemeoutofserviceoneormoredaysinthelastmonth": "Yes", "Numberofdaysoutofserviceinthelastmonth": "14.0", "Dateoflastserviceorrepair": "11-Jan-21", "Howmanytimeshasthewaterschemebrokeninthelastyear": "2.0", "Describethefunctionalityproblemsoverthepastyear": "Pump failure", "Howmanydaysperweekdoesthepumprunonaverage": "7.0", "Howmanyhoursperdaydoesthepumprunonaverage": "12.0", "Isthisaseasonalwaterschemethatcommonlyfailsinthedryseason": "Yes", "Isthepumpusedlessduringwetrainyseason": "Yes", "Duringwetrainyseasonshowmanydaysaweekdoesthepumprunonaverage": "5.0", "Duringwetrainyseasonshowmanyhoursperdaydoesthepumprunonaverage": "6.0", "SolarPanelpowerratingWatts": null, "SolarPanelCondition": null, "Yearwhengeneratorwasinstalledoryearofreinstallation": "43628", "Physicalstateofthegenerator": "Poor", "Generatorbrand": null, "GeneratorbrandOtherspecify": null, "Generatormodel": null, "Generatorserialnumber": null, "GeneratormaxAmpsstartingamps": "#NULL!", "Generatorpicture": null, "PumpControllerManufacturer1": null, "PumpControllerManufacturerOtherspecify": null, "PumpControllerModelNumber": null, "Pictureofpumpcontroller": "https://api.mwater.co/v3/images/58771439a5df457e83ffe0acf6066043", "PumpMotorModelNumber": null, "Pumpheadmodelnumber": null, "Typeandsizeofcasing": "GI 6\"", "Wellpumpremarks": "Motor size 7.5kw ,Generator 31kva", "Isasensorinstalledatthesite": "No", "Typeofsensorinstalled": null, "TypeofsensorinstalledOtherspecify": null, "Managementbody": "No management officially formed", "Currentmanagementstatus": "Weak", "Whatisthemethodofpayment1": "Cash", "WhatisthemethodofpaymentOtherspecify1": null, "Whatisthemethodofpayment2": null, "Typeoftariffsystemmostcommon": null, "WhatisthetariffamountinKES": "#NULL!", "Isthereaspecialtariffforlivestockperanimal": "Yes", "WhatisthetariffpercamelKES": 10.0, "WhatisthetariffpercattleKES": 10.0, "WhatisthetariffperhorsedonkeyKES": 0.0, "WhatisthetariffpergoatsheepKES": "5.0", "Isthereatariffperinstitutionschoolshealthcentresetc": "No", "WhatisthemonthlyinstitutionaltariffKES": "#NULL!", "Numberofinstitutionssuppliedbyschemethatpayamonthlyinstitutional": "#NULL!", "Whenthisboreholeisworkingfromwheredohouseholdsprimarilygettheirw": "Tap stand", "Whenthisboreholeisworkingfromwheredohouseholdsprimarilygetthei_A": null, "WhenthisboreholeisworkinghowmanyHOURSperdaydohouseholdstypically": "3.0", "Whenthisboreholeisnotworkingfromwheredohouseholdsprimarilygetthe": "Vendors", "WhenthisboreholeisNOTworkingandhouseholdshavetouseanalternativew": "12", "Hastherebeensomewaterqualitytestingforthisschemeinthepast": null, "Yearofmostrecentwaterqualitytestdone": null, "Whatwastheresult": null, "Aretherespecificcontaminantsofconcern": null, "AretherespecificcontaminantsofconcernOtherspecify": null, "MeasuredWaterQualityTemperature": null, "MeasuredWaterQualitySpecificconductancemicroSiemenspercm": "1", "\u00a0MeasuredWaterQualityTotalDissolvedSolidsmilligramsliter": null, "Pleaseaddanotherrelevantnotesontheborehole": "1", "V109": "#NULL!", "V110": "No official management committee formed \nThere is frequent pump failure"}, "geometry": {"type": "Point", "coordinates": [40.7869431, -0.1145295]}}, {"type": "Feature", "properties": {"Sno": 181, "SubCounty": "DADAAB", "Ward": "Damajaley", "Village": "Kiwanjayarey", "Latitude": -0.1151903, "Longitude": 40.7078692, "RuralUrban": "Rural", "DistancetonextstrategicBoreholekm": "15.00", "Totalnumberofhouseholdscurrentlyservedfromthescheme": "280.0", "WhatistheserviceareaforthisschemeHowmanykilometersfromheredothep": "1.0", "Isthisschemeusedforagricultureandirrigationbyfarmers": "No", "Howmanyfarmersusethisscheme\u00a0": "#NULL!", "Whatistheaveragesizedfarmthatusesthiswaterhectares\u00a0": "#NULL!", "Isthewaterschemeusedforlivestock": "Yes", "Estimatednumberofcamelsusingschemeperday": "3000.0", "Estimatednumberofcattleusingschemeperday": "2000.0", "Estimatednumberofhorsesdonkeysusingwaterpointperday": "50.0", "Estimatednumberofgoatssheepusingwaterpointperday": "3000.0", "Isthewaterschemeusedforwatertrucking": "No", "Numberoftrucksfillingperday": "#NULL!", "Howmanytimesperweekdoesthewatertruckingoccur": "#NULL!", "Addanyothercommentsonwatertruckingdetails": null, "ConstructionyearofthewellboreholeinEFYortheyearofrehabilitation": "42174", "Boreholeorwelldepthmeters": "180.0", "Physicalstateofthewellborehole": "Good", "TypeofPower": "Generator", "Productionofsystemyieldordischargemeterscubedhour": "14", "Isthereawatermeteratthewatersource": "No", "Isthewatermeterworking": "No", "Whatisthecurrentreadingofthewatermeter": "#NULL!", "Isthewaterschemecurrentlyfunctional": "Yes", "Pleasetakeapictureillustratingthenonfunctionalityorpartialfuncti": null, "Maincauseofnonfunctionalityorpartialfunctionality": "Pump failure,plastic tank leaking", "MaincauseofnonfunctionalityorpartialfunctionalityOtherspecify": null, "Numberofmonthssincenonfunctional": "12", "Doestheschemehaveanyemergingproblemsthatmightleadtononfunctional": "Yes", "Pleasedescribetheproblemsthatmightleadtononfunctionalityinthenea": "Pump failure \nRaised platform rusted \nWater kiosk dilapidated", "Wasthewaterschemeoutofserviceoneormoredaysinthelastmonth": "Yes", "Numberofdaysoutofserviceinthelastmonth": "14.0", "Dateoflastserviceorrepair": "15-Jan-22", "Howmanytimeshasthewaterschemebrokeninthelastyear": "3.0", "Describethefunctionalityproblemsoverthepastyear": "Pump failure \nDrop pipes leaking", "Howmanydaysperweekdoesthepumprunonaverage": "7.0", "Howmanyhoursperdaydoesthepumprunonaverage": "12.0", "Isthisaseasonalwaterschemethatcommonlyfailsinthedryseason": "Yes", "Isthepumpusedlessduringwetrainyseason": "Yes", "Duringwetrainyseasonshowmanydaysaweekdoesthepumprunonaverage": "5.0", "Duringwetrainyseasonshowmanyhoursperdaydoesthepumprunonaverage": "6.0", "SolarPanelpowerratingWatts": null, "SolarPanelCondition": null, "Yearwhengeneratorwasinstalledoryearofreinstallation": "42237", "Physicalstateofthegenerator": "Generator", "Generatorbrand": null, "GeneratorbrandOtherspecify": null, "Generatormodel": null, "Generatorserialnumber": null, "GeneratormaxAmpsstartingamps": "#NULL!", "Generatorpicture": null, "PumpControllerManufacturer1": null, "PumpControllerManufacturerOtherspecify": null, "PumpControllerModelNumber": null, "Pictureofpumpcontroller": null, "PumpMotorModelNumber": null, "Pumpheadmodelnumber": null, "Typeandsizeofcasing": "GI 6\"", "Wellpumpremarks": "motor size 7.5kw,Generator 31kva", "Isasensorinstalledatthesite": "No", "Typeofsensorinstalled": null, "TypeofsensorinstalledOtherspecify": null, "Managementbody": "No management officially formed", "Currentmanagementstatus": "Weak", "Whatisthemethodofpayment1": "Cash", "WhatisthemethodofpaymentOtherspecify1": null, "Whatisthemethodofpayment2": null, "Typeoftariffsystemmostcommon": null, "WhatisthetariffamountinKES": "#NULL!", "Isthereaspecialtariffforlivestockperanimal": "Yes", "WhatisthetariffpercamelKES": 10.0, "WhatisthetariffpercattleKES": 10.0, "WhatisthetariffperhorsedonkeyKES": 0.0, "WhatisthetariffpergoatsheepKES": "5.0", "Isthereatariffperinstitutionschoolshealthcentresetc": "No", "WhatisthemonthlyinstitutionaltariffKES": "#NULL!", "Numberofinstitutionssuppliedbyschemethatpayamonthlyinstitutional": "#NULL!", "Whenthisboreholeisworkingfromwheredohouseholdsprimarilygettheirw": "Water kiosk", "Whenthisboreholeisworkingfromwheredohouseholdsprimarilygetthei_A": null, "WhenthisboreholeisworkinghowmanyHOURSperdaydohouseholdstypically": "3.0", "Whenthisboreholeisnotworkingfromwheredohouseholdsprimarilygetthe": "Vendors", "WhenthisboreholeisNOTworkingandhouseholdshavetouseanalternativew": "12", "Hastherebeensomewaterqualitytestingforthisschemeinthepast": null, "Yearofmostrecentwaterqualitytestdone": null, "Whatwastheresult": null, "Aretherespecificcontaminantsofconcern": null, "AretherespecificcontaminantsofconcernOtherspecify": null, "MeasuredWaterQualityTemperature": null, "MeasuredWaterQualitySpecificconductancemicroSiemenspercm": "1", "\u00a0MeasuredWaterQualityTotalDissolvedSolidsmilligramsliter": null, "Pleaseaddanotherrelevantnotesontheborehole": "1", "V109": "#NULL!", "V110": null}, "geometry": {"type": "Point", "coordinates": [40.7078692, -0.1151903]}}, {"type": "Feature", "properties": {"Sno": 182, "SubCounty": "Township", "Ward": "Iftin", "Village": "Abdiluge", "Latitude": -0.427214000000013, "Longitude": 39.7211478, "RuralUrban": "Rural", "DistancetonextstrategicBoreholekm": "#NULL!", "Totalnumberofhouseholdscurrentlyservedfromthescheme": "#NULL!", "WhatistheserviceareaforthisschemeHowmanykilometersfromheredothep": "#NULL!", "Isthisschemeusedforagricultureandirrigationbyfarmers": null, "Howmanyfarmersusethisscheme\u00a0": "#NULL!", "Whatistheaveragesizedfarmthatusesthiswaterhectares\u00a0": "#NULL!", "Isthewaterschemeusedforlivestock": null, "Estimatednumberofcamelsusingschemeperday": "#NULL!", "Estimatednumberofcattleusingschemeperday": "#NULL!", "Estimatednumberofhorsesdonkeysusingwaterpointperday": "#NULL!", "Estimatednumberofgoatssheepusingwaterpointperday": "#NULL!", "Isthewaterschemeusedforwatertrucking": null, "Numberoftrucksfillingperday": "#NULL!", "Howmanytimesperweekdoesthewatertruckingoccur": "#NULL!", "Addanyothercommentsonwatertruckingdetails": null, "ConstructionyearofthewellboreholeinEFYortheyearofrehabilitation": null, "Boreholeorwelldepthmeters": "#NULL!", "Physicalstateofthewellborehole": null, "TypeofPower": null, "Productionofsystemyieldordischargemeterscubedhour": null, "Isthereawatermeteratthewatersource": null, "Isthewatermeterworking": null, "Whatisthecurrentreadingofthewatermeter": "#NULL!", "Isthewaterschemecurrentlyfunctional": null, "Pleasetakeapictureillustratingthenonfunctionalityorpartialfuncti": "https://api.mwater.co/v3/images/e4815a826e2f416596b17ddf28803103", "Maincauseofnonfunctionalityorpartialfunctionality": null, "MaincauseofnonfunctionalityorpartialfunctionalityOtherspecify": null, "Numberofmonthssincenonfunctional": null, "Doestheschemehaveanyemergingproblemsthatmightleadtononfunctional": null, "Pleasedescribetheproblemsthatmightleadtononfunctionalityinthenea": null, "Wasthewaterschemeoutofserviceoneormoredaysinthelastmonth": null, "Numberofdaysoutofserviceinthelastmonth": "#NULL!", "Dateoflastserviceorrepair": "#NULL!", "Howmanytimeshasthewaterschemebrokeninthelastyear": "#NULL!", "Describethefunctionalityproblemsoverthepastyear": null, "Howmanydaysperweekdoesthepumprunonaverage": "#NULL!", "Howmanyhoursperdaydoesthepumprunonaverage": "#NULL!", "Isthisaseasonalwaterschemethatcommonlyfailsinthedryseason": null, "Isthepumpusedlessduringwetrainyseason": null, "Duringwetrainyseasonshowmanydaysaweekdoesthepumprunonaverage": "#NULL!", "Duringwetrainyseasonshowmanyhoursperdaydoesthepumprunonaverage": "#NULL!", "SolarPanelpowerratingWatts": null, "SolarPanelCondition": null, "Yearwhengeneratorwasinstalledoryearofreinstallation": null, "Physicalstateofthegenerator": null, "Generatorbrand": null, "GeneratorbrandOtherspecify": null, "Generatormodel": null, "Generatorserialnumber": null, "GeneratormaxAmpsstartingamps": "#NULL!", "Generatorpicture": "https://api.mwater.co/v3/images/f8d8fd3e112849cfb73d2a4f23798f8a", "PumpControllerManufacturer1": null, "PumpControllerManufacturerOtherspecify": null, "PumpControllerModelNumber": null, "Pictureofpumpcontroller": "https://api.mwater.co/v3/images/d5c989773f3a4a8893cc82ffa46bcd5a", "PumpMotorModelNumber": null, "Pumpheadmodelnumber": null, "Typeandsizeofcasing": null, "Wellpumpremarks": null, "Isasensorinstalledatthesite": null, "Typeofsensorinstalled": null, "TypeofsensorinstalledOtherspecify": null, "Managementbody": null, "Currentmanagementstatus": null, "Whatisthemethodofpayment1": null, "WhatisthemethodofpaymentOtherspecify1": null, "Whatisthemethodofpayment2": null, "Typeoftariffsystemmostcommon": null, "WhatisthetariffamountinKES": "#NULL!", "Isthereaspecialtariffforlivestockperanimal": null, "WhatisthetariffpercamelKES": null, "WhatisthetariffpercattleKES": null, "WhatisthetariffperhorsedonkeyKES": null, "WhatisthetariffpergoatsheepKES": "#NULL!", "Isthereatariffperinstitutionschoolshealthcentresetc": null, "WhatisthemonthlyinstitutionaltariffKES": "#NULL!", "Numberofinstitutionssuppliedbyschemethatpayamonthlyinstitutional": "#NULL!", "Whenthisboreholeisworkingfromwheredohouseholdsprimarilygettheirw": null, "Whenthisboreholeisworkingfromwheredohouseholdsprimarilygetthei_A": null, "WhenthisboreholeisworkinghowmanyHOURSperdaydohouseholdstypically": "#NULL!", "Whenthisboreholeisnotworkingfromwheredohouseholdsprimarilygetthe": null, "WhenthisboreholeisNOTworkingandhouseholdshavetouseanalternativew": null, "Hastherebeensomewaterqualitytestingforthisschemeinthepast": null, "Yearofmostrecentwaterqualitytestdone": null, "Whatwastheresult": null, "Aretherespecificcontaminantsofconcern": null, "AretherespecificcontaminantsofconcernOtherspecify": null, "MeasuredWaterQualityTemperature": null, "MeasuredWaterQualitySpecificconductancemicroSiemenspercm": null, "\u00a0MeasuredWaterQualityTotalDissolvedSolidsmilligramsliter": null, "Pleaseaddanotherrelevantnotesontheborehole": null, "V109": "#NULL!", "V110": "This borehole has never been used, some solar panels were stolen and others are with me chairlady,"}, "geometry": {"type": "Point", "coordinates": [39.7211478, -0.427214]}}, {"type": "Feature", "properties": {"Sno": 183, "SubCounty": "Township", "Ward": "Iftin", "Village": "Iftin 3", "Latitude": -0.5017602, "Longitude": 39.6536361, "RuralUrban": "Urban", "DistancetonextstrategicBoreholekm": "#NULL!", "Totalnumberofhouseholdscurrentlyservedfromthescheme": "#NULL!", "WhatistheserviceareaforthisschemeHowmanykilometersfromheredothep": "#NULL!", "Isthisschemeusedforagricultureandirrigationbyfarmers": "No", "Howmanyfarmersusethisscheme\u00a0": "#NULL!", "Whatistheaveragesizedfarmthatusesthiswaterhectares\u00a0": "#NULL!", "Isthewaterschemeusedforlivestock": null, "Estimatednumberofcamelsusingschemeperday": "#NULL!", "Estimatednumberofcattleusingschemeperday": "#NULL!", "Estimatednumberofhorsesdonkeysusingwaterpointperday": "#NULL!", "Estimatednumberofgoatssheepusingwaterpointperday": "#NULL!", "Isthewaterschemeusedforwatertrucking": null, "Numberoftrucksfillingperday": "#NULL!", "Howmanytimesperweekdoesthewatertruckingoccur": "#NULL!", "Addanyothercommentsonwatertruckingdetails": null, "ConstructionyearofthewellboreholeinEFYortheyearofrehabilitation": null, "Boreholeorwelldepthmeters": "50.0", "Physicalstateofthewellborehole": "Good", "TypeofPower": "Generator/solar system", "Productionofsystemyieldordischargemeterscubedhour": "60", "Isthereawatermeteratthewatersource": "Yes", "Isthewatermeterworking": "Yes", "Whatisthecurrentreadingofthewatermeter": "46130.000000000", "Isthewaterschemecurrentlyfunctional": "Yes", "Pleasetakeapictureillustratingthenonfunctionalityorpartialfuncti": "https://api.mwater.co/v3/images/8f2cf3adee8745e1963abf039772f4fa", "Maincauseofnonfunctionalityorpartialfunctionality": null, "MaincauseofnonfunctionalityorpartialfunctionalityOtherspecify": null, "Numberofmonthssincenonfunctional": null, "Doestheschemehaveanyemergingproblemsthatmightleadtononfunctional": null, "Pleasedescribetheproblemsthatmightleadtononfunctionalityinthenea": null, "Wasthewaterschemeoutofserviceoneormoredaysinthelastmonth": null, "Numberofdaysoutofserviceinthelastmonth": "#NULL!", "Dateoflastserviceorrepair": "#NULL!", "Howmanytimeshasthewaterschemebrokeninthelastyear": "#NULL!", "Describethefunctionalityproblemsoverthepastyear": null, "Howmanydaysperweekdoesthepumprunonaverage": "#NULL!", "Howmanyhoursperdaydoesthepumprunonaverage": "#NULL!", "Isthisaseasonalwaterschemethatcommonlyfailsinthedryseason": null, "Isthepumpusedlessduringwetrainyseason": null, "Duringwetrainyseasonshowmanydaysaweekdoesthepumprunonaverage": "#NULL!", "Duringwetrainyseasonshowmanyhoursperdaydoesthepumprunonaverage": "#NULL!", "SolarPanelpowerratingWatts": null, "SolarPanelCondition": null, "Yearwhengeneratorwasinstalledoryearofreinstallation": null, "Physicalstateofthegenerator": null, "Generatorbrand": null, "GeneratorbrandOtherspecify": null, "Generatormodel": null, "Generatorserialnumber": null, "GeneratormaxAmpsstartingamps": "#NULL!", "Generatorpicture": "https://api.mwater.co/v3/images/56ba0fb59cc341d79149a36eb46e1acc", "PumpControllerManufacturer1": null, "PumpControllerManufacturerOtherspecify": null, "PumpControllerModelNumber": null, "Pictureofpumpcontroller": "https://api.mwater.co/v3/images/14eaa1b9d50d46ce8a809a1547ae54b9", "PumpMotorModelNumber": null, "Pumpheadmodelnumber": null, "Typeandsizeofcasing": null, "Wellpumpremarks": null, "Isasensorinstalledatthesite": null, "Typeofsensorinstalled": null, "TypeofsensorinstalledOtherspecify": null, "Managementbody": null, "Currentmanagementstatus": null, "Whatisthemethodofpayment1": null, "WhatisthemethodofpaymentOtherspecify1": null, "Whatisthemethodofpayment2": null, "Typeoftariffsystemmostcommon": null, "WhatisthetariffamountinKES": "#NULL!", "Isthereaspecialtariffforlivestockperanimal": null, "WhatisthetariffpercamelKES": null, "WhatisthetariffpercattleKES": null, "WhatisthetariffperhorsedonkeyKES": null, "WhatisthetariffpergoatsheepKES": "#NULL!", "Isthereatariffperinstitutionschoolshealthcentresetc": null, "WhatisthemonthlyinstitutionaltariffKES": "#NULL!", "Numberofinstitutionssuppliedbyschemethatpayamonthlyinstitutional": "#NULL!", "Whenthisboreholeisworkingfromwheredohouseholdsprimarilygettheirw": null, "Whenthisboreholeisworkingfromwheredohouseholdsprimarilygetthei_A": null, "WhenthisboreholeisworkinghowmanyHOURSperdaydohouseholdstypically": "#NULL!", "Whenthisboreholeisnotworkingfromwheredohouseholdsprimarilygetthe": null, "WhenthisboreholeisNOTworkingandhouseholdshavetouseanalternativew": null, "Hastherebeensomewaterqualitytestingforthisschemeinthepast": null, "Yearofmostrecentwaterqualitytestdone": null, "Whatwastheresult": null, "Aretherespecificcontaminantsofconcern": null, "AretherespecificcontaminantsofconcernOtherspecify": null, "MeasuredWaterQualityTemperature": null, "MeasuredWaterQualitySpecificconductancemicroSiemenspercm": null, "\u00a0MeasuredWaterQualityTotalDissolvedSolidsmilligramsliter": null, "Pleaseaddanotherrelevantnotesontheborehole": null, "V109": "#NULL!", "V110": "This borehole is sharing the same generator with borehole 2"}, "geometry": {"type": "Point", "coordinates": [39.6536361, -0.5017602]}}, {"type": "Feature", "properties": {"Sno": 184, "SubCounty": "Balambala", "Ward": "Sankuri", "Village": "Lago", "Latitude": -0.201567300000007, "Longitude": 39.8641682, "RuralUrban": "Rural", "DistancetonextstrategicBoreholekm": "#NULL!", "Totalnumberofhouseholdscurrentlyservedfromthescheme": "#NULL!", "WhatistheserviceareaforthisschemeHowmanykilometersfromheredothep": "#NULL!", "Isthisschemeusedforagricultureandirrigationbyfarmers": null, "Howmanyfarmersusethisscheme\u00a0": "#NULL!", "Whatistheaveragesizedfarmthatusesthiswaterhectares\u00a0": "#NULL!", "Isthewaterschemeusedforlivestock": null, "Estimatednumberofcamelsusingschemeperday": "#NULL!", "Estimatednumberofcattleusingschemeperday": "#NULL!", "Estimatednumberofhorsesdonkeysusingwaterpointperday": "#NULL!", "Estimatednumberofgoatssheepusingwaterpointperday": "#NULL!", "Isthewaterschemeusedforwatertrucking": null, "Numberoftrucksfillingperday": "#NULL!", "Howmanytimesperweekdoesthewatertruckingoccur": "#NULL!", "Addanyothercommentsonwatertruckingdetails": null, "ConstructionyearofthewellboreholeinEFYortheyearofrehabilitation": null, "Boreholeorwelldepthmeters": "#NULL!", "Physicalstateofthewellborehole": null, "TypeofPower": null, "Productionofsystemyieldordischargemeterscubedhour": null, "Isthereawatermeteratthewatersource": null, "Isthewatermeterworking": null, "Whatisthecurrentreadingofthewatermeter": "#NULL!", "Isthewaterschemecurrentlyfunctional": null, "Pleasetakeapictureillustratingthenonfunctionalityorpartialfuncti": null, "Maincauseofnonfunctionalityorpartialfunctionality": null, "MaincauseofnonfunctionalityorpartialfunctionalityOtherspecify": null, "Numberofmonthssincenonfunctional": null, "Doestheschemehaveanyemergingproblemsthatmightleadtononfunctional": null, "Pleasedescribetheproblemsthatmightleadtononfunctionalityinthenea": null, "Wasthewaterschemeoutofserviceoneormoredaysinthelastmonth": null, "Numberofdaysoutofserviceinthelastmonth": "#NULL!", "Dateoflastserviceorrepair": "#NULL!", "Howmanytimeshasthewaterschemebrokeninthelastyear": "#NULL!", "Describethefunctionalityproblemsoverthepastyear": null, "Howmanydaysperweekdoesthepumprunonaverage": "#NULL!", "Howmanyhoursperdaydoesthepumprunonaverage": "#NULL!", "Isthisaseasonalwaterschemethatcommonlyfailsinthedryseason": null, "Isthepumpusedlessduringwetrainyseason": null, "Duringwetrainyseasonshowmanydaysaweekdoesthepumprunonaverage": "#NULL!", "Duringwetrainyseasonshowmanyhoursperdaydoesthepumprunonaverage": "#NULL!", "SolarPanelpowerratingWatts": null, "SolarPanelCondition": null, "Yearwhengeneratorwasinstalledoryearofreinstallation": null, "Physicalstateofthegenerator": null, "Generatorbrand": null, "GeneratorbrandOtherspecify": null, "Generatormodel": null, "Generatorserialnumber": null, "GeneratormaxAmpsstartingamps": "#NULL!", "Generatorpicture": "https://api.mwater.co/v3/images/000d2d7c8bb7464b937a9b1f39d7e809", "PumpControllerManufacturer1": null, "PumpControllerManufacturerOtherspecify": null, "PumpControllerModelNumber": null, "Pictureofpumpcontroller": "https://api.mwater.co/v3/images/0674ba818e2f41418a8113b8ecd64413", "PumpMotorModelNumber": null, "Pumpheadmodelnumber": null, "Typeandsizeofcasing": null, "Wellpumpremarks": null, "Isasensorinstalledatthesite": null, "Typeofsensorinstalled": null, "TypeofsensorinstalledOtherspecify": null, "Managementbody": null, "Currentmanagementstatus": null, "Whatisthemethodofpayment1": null, "WhatisthemethodofpaymentOtherspecify1": null, "Whatisthemethodofpayment2": null, "Typeoftariffsystemmostcommon": null, "WhatisthetariffamountinKES": "#NULL!", "Isthereaspecialtariffforlivestockperanimal": null, "WhatisthetariffpercamelKES": null, "WhatisthetariffpercattleKES": null, "WhatisthetariffperhorsedonkeyKES": null, "WhatisthetariffpergoatsheepKES": "#NULL!", "Isthereatariffperinstitutionschoolshealthcentresetc": null, "WhatisthemonthlyinstitutionaltariffKES": "#NULL!", "Numberofinstitutionssuppliedbyschemethatpayamonthlyinstitutional": "#NULL!", "Whenthisboreholeisworkingfromwheredohouseholdsprimarilygettheirw": null, "Whenthisboreholeisworkingfromwheredohouseholdsprimarilygetthei_A": null, "WhenthisboreholeisworkinghowmanyHOURSperdaydohouseholdstypically": "#NULL!", "Whenthisboreholeisnotworkingfromwheredohouseholdsprimarilygetthe": null, "WhenthisboreholeisNOTworkingandhouseholdshavetouseanalternativew": null, "Hastherebeensomewaterqualitytestingforthisschemeinthepast": null, "Yearofmostrecentwaterqualitytestdone": null, "Whatwastheresult": null, "Aretherespecificcontaminantsofconcern": null, "AretherespecificcontaminantsofconcernOtherspecify": null, "MeasuredWaterQualityTemperature": null, "MeasuredWaterQualitySpecificconductancemicroSiemenspercm": null, "\u00a0MeasuredWaterQualityTotalDissolvedSolidsmilligramsliter": null, "Pleaseaddanotherrelevantnotesontheborehole": null, "V109": "#NULL!", "V110": null}, "geometry": {"type": "Point", "coordinates": [39.8641682, -0.2015673]}}, {"type": "Feature", "properties": {"Sno": 185, "SubCounty": "Balambala", "Ward": "Sankuri", "Village": "Lago", "Latitude": -0.2056446, "Longitude": 39.8673073, "RuralUrban": "Rural", "DistancetonextstrategicBoreholekm": "20.00", "Totalnumberofhouseholdscurrentlyservedfromthescheme": "600.0", "WhatistheserviceareaforthisschemeHowmanykilometersfromheredothep": "0.5", "Isthisschemeusedforagricultureandirrigationbyfarmers": "No", "Howmanyfarmersusethisscheme\u00a0": "#NULL!", "Whatistheaveragesizedfarmthatusesthiswaterhectares\u00a0": "#NULL!", "Isthewaterschemeusedforlivestock": "Yes", "Estimatednumberofcamelsusingschemeperday": "50.0", "Estimatednumberofcattleusingschemeperday": "100.0", "Estimatednumberofhorsesdonkeysusingwaterpointperday": "20.0", "Estimatednumberofgoatssheepusingwaterpointperday": "2.0", "Isthewaterschemeusedforwatertrucking": "No", "Numberoftrucksfillingperday": "#NULL!", "Howmanytimesperweekdoesthewatertruckingoccur": "#NULL!", "Addanyothercommentsonwatertruckingdetails": null, "ConstructionyearofthewellboreholeinEFYortheyearofrehabilitation": "39866", "Boreholeorwelldepthmeters": "200.0", "Physicalstateofthewellborehole": "Good", "TypeofPower": "Generator", "Productionofsystemyieldordischargemeterscubedhour": "16", "Isthereawatermeteratthewatersource": "No", "Isthewatermeterworking": null, "Whatisthecurrentreadingofthewatermeter": "#NULL!", "Isthewaterschemecurrentlyfunctional": null, "Pleasetakeapictureillustratingthenonfunctionalityorpartialfuncti": "https://api.mwater.co/v3/images/12857a3363744edfa206dbc77dbd5304", "Maincauseofnonfunctionalityorpartialfunctionality": null, "MaincauseofnonfunctionalityorpartialfunctionalityOtherspecify": null, "Numberofmonthssincenonfunctional": null, "Doestheschemehaveanyemergingproblemsthatmightleadtononfunctional": null, "Pleasedescribetheproblemsthatmightleadtononfunctionalityinthenea": null, "Wasthewaterschemeoutofserviceoneormoredaysinthelastmonth": null, "Numberofdaysoutofserviceinthelastmonth": "#NULL!", "Dateoflastserviceorrepair": "#NULL!", "Howmanytimeshasthewaterschemebrokeninthelastyear": "#NULL!", "Describethefunctionalityproblemsoverthepastyear": null, "Howmanydaysperweekdoesthepumprunonaverage": "#NULL!", "Howmanyhoursperdaydoesthepumprunonaverage": "#NULL!", "Isthisaseasonalwaterschemethatcommonlyfailsinthedryseason": null, "Isthepumpusedlessduringwetrainyseason": null, "Duringwetrainyseasonshowmanydaysaweekdoesthepumprunonaverage": "#NULL!", "Duringwetrainyseasonshowmanyhoursperdaydoesthepumprunonaverage": "#NULL!", "SolarPanelpowerratingWatts": null, "SolarPanelCondition": null, "Yearwhengeneratorwasinstalledoryearofreinstallation": null, "Physicalstateofthegenerator": "Poor", "Generatorbrand": null, "GeneratorbrandOtherspecify": null, "Generatormodel": null, "Generatorserialnumber": null, "GeneratormaxAmpsstartingamps": "#NULL!", "Generatorpicture": "https://api.mwater.co/v3/images/0a89a9cf2f49429b979f79ee0b6fd652; https://api.mwater.co/v3/images/670182abacba4f9189f79b3a539ba16c", "PumpControllerManufacturer1": null, "PumpControllerManufacturerOtherspecify": null, "PumpControllerModelNumber": null, "Pictureofpumpcontroller": "https://api.mwater.co/v3/images/1a548af1bd744ed7b62669ba9135c053", "PumpMotorModelNumber": null, "Pumpheadmodelnumber": null, "Typeandsizeofcasing": null, "Wellpumpremarks": "Good", "Isasensorinstalledatthesite": null, "Typeofsensorinstalled": "Sweetsense", "TypeofsensorinstalledOtherspecify": null, "Managementbody": "WUA", "Currentmanagementstatus": "In place", "Whatisthemethodofpayment1": "Cash", "WhatisthemethodofpaymentOtherspecify1": null, "Whatisthemethodofpayment2": null, "Typeoftariffsystemmostcommon": null, "WhatisthetariffamountinKES": "#NULL!", "Isthereaspecialtariffforlivestockperanimal": "Yes", "WhatisthetariffpercamelKES": null, "WhatisthetariffpercattleKES": null, "WhatisthetariffperhorsedonkeyKES": null, "WhatisthetariffpergoatsheepKES": "#NULL!", "Isthereatariffperinstitutionschoolshealthcentresetc": null, "WhatisthemonthlyinstitutionaltariffKES": "#NULL!", "Numberofinstitutionssuppliedbyschemethatpayamonthlyinstitutional": "#NULL!", "Whenthisboreholeisworkingfromwheredohouseholdsprimarilygettheirw": null, "Whenthisboreholeisworkingfromwheredohouseholdsprimarilygetthei_A": null, "WhenthisboreholeisworkinghowmanyHOURSperdaydohouseholdstypically": "#NULL!", "Whenthisboreholeisnotworkingfromwheredohouseholdsprimarilygetthe": null, "WhenthisboreholeisNOTworkingandhouseholdshavetouseanalternativew": null, "Hastherebeensomewaterqualitytestingforthisschemeinthepast": null, "Yearofmostrecentwaterqualitytestdone": null, "Whatwastheresult": null, "Aretherespecificcontaminantsofconcern": null, "AretherespecificcontaminantsofconcernOtherspecify": null, "MeasuredWaterQualityTemperature": null, "MeasuredWaterQualitySpecificconductancemicroSiemenspercm": null, "\u00a0MeasuredWaterQualityTotalDissolvedSolidsmilligramsliter": null, "Pleaseaddanotherrelevantnotesontheborehole": null, "V109": "#NULL!", "V110": "Exhaust broken, air cleaner needed solar system not functioning"}, "geometry": {"type": "Point", "coordinates": [39.8673073, -0.2056446]}}, {"type": "Feature", "properties": {"Sno": 186, "SubCounty": "Township", "Ward": "Iftin", "Village": "Iftin 2", "Latitude": -0.501521500000018, "Longitude": 39.6535995, "RuralUrban": "Urban", "DistancetonextstrategicBoreholekm": "#NULL!", "Totalnumberofhouseholdscurrentlyservedfromthescheme": "#NULL!", "WhatistheserviceareaforthisschemeHowmanykilometersfromheredothep": "#NULL!", "Isthisschemeusedforagricultureandirrigationbyfarmers": "No", "Howmanyfarmersusethisscheme\u00a0": "#NULL!", "Whatistheaveragesizedfarmthatusesthiswaterhectares\u00a0": "#NULL!", "Isthewaterschemeusedforlivestock": null, "Estimatednumberofcamelsusingschemeperday": "#NULL!", "Estimatednumberofcattleusingschemeperday": "#NULL!", "Estimatednumberofhorsesdonkeysusingwaterpointperday": "#NULL!", "Estimatednumberofgoatssheepusingwaterpointperday": "#NULL!", "Isthewaterschemeusedforwatertrucking": "No", "Numberoftrucksfillingperday": "#NULL!", "Howmanytimesperweekdoesthewatertruckingoccur": "#NULL!", "Addanyothercommentsonwatertruckingdetails": null, "ConstructionyearofthewellboreholeinEFYortheyearofrehabilitation": null, "Boreholeorwelldepthmeters": "50.0", "Physicalstateofthewellborehole": "Good", "TypeofPower": "Generator/solar system", "Productionofsystemyieldordischargemeterscubedhour": "60", "Isthereawatermeteratthewatersource": "Yes", "Isthewatermeterworking": "Yes", "Whatisthecurrentreadingofthewatermeter": "62268.000000000", "Isthewaterschemecurrentlyfunctional": "Yes", "Pleasetakeapictureillustratingthenonfunctionalityorpartialfuncti": "https://api.mwater.co/v3/images/fee2328bbaa149e3b4bbacbd1848a93a", "Maincauseofnonfunctionalityorpartialfunctionality": null, "MaincauseofnonfunctionalityorpartialfunctionalityOtherspecify": null, "Numberofmonthssincenonfunctional": null, "Doestheschemehaveanyemergingproblemsthatmightleadtononfunctional": null, "Pleasedescribetheproblemsthatmightleadtononfunctionalityinthenea": null, "Wasthewaterschemeoutofserviceoneormoredaysinthelastmonth": null, "Numberofdaysoutofserviceinthelastmonth": "#NULL!", "Dateoflastserviceorrepair": "#NULL!", "Howmanytimeshasthewaterschemebrokeninthelastyear": "#NULL!", "Describethefunctionalityproblemsoverthepastyear": null, "Howmanydaysperweekdoesthepumprunonaverage": "#NULL!", "Howmanyhoursperdaydoesthepumprunonaverage": "#NULL!", "Isthisaseasonalwaterschemethatcommonlyfailsinthedryseason": null, "Isthepumpusedlessduringwetrainyseason": null, "Duringwetrainyseasonshowmanydaysaweekdoesthepumprunonaverage": "#NULL!", "Duringwetrainyseasonshowmanyhoursperdaydoesthepumprunonaverage": "#NULL!", "SolarPanelpowerratingWatts": null, "SolarPanelCondition": null, "Yearwhengeneratorwasinstalledoryearofreinstallation": null, "Physicalstateofthegenerator": "Good", "Generatorbrand": null, "GeneratorbrandOtherspecify": null, "Generatormodel": null, "Generatorserialnumber": null, "GeneratormaxAmpsstartingamps": "#NULL!", "Generatorpicture": "https://api.mwater.co/v3/images/655a52bfdcc84f2fa1783ad20cd51bc3", "PumpControllerManufacturer1": null, "PumpControllerManufacturerOtherspecify": null, "PumpControllerModelNumber": null, "Pictureofpumpcontroller": null, "PumpMotorModelNumber": null, "Pumpheadmodelnumber": null, "Typeandsizeofcasing": null, "Wellpumpremarks": null, "Isasensorinstalledatthesite": null, "Typeofsensorinstalled": null, "TypeofsensorinstalledOtherspecify": null, "Managementbody": "GAWASCO", "Currentmanagementstatus": null, "Whatisthemethodofpayment1": null, "WhatisthemethodofpaymentOtherspecify1": null, "Whatisthemethodofpayment2": null, "Typeoftariffsystemmostcommon": null, "WhatisthetariffamountinKES": "#NULL!", "Isthereaspecialtariffforlivestockperanimal": null, "WhatisthetariffpercamelKES": null, "WhatisthetariffpercattleKES": null, "WhatisthetariffperhorsedonkeyKES": null, "WhatisthetariffpergoatsheepKES": "#NULL!", "Isthereatariffperinstitutionschoolshealthcentresetc": null, "WhatisthemonthlyinstitutionaltariffKES": "#NULL!", "Numberofinstitutionssuppliedbyschemethatpayamonthlyinstitutional": "#NULL!", "Whenthisboreholeisworkingfromwheredohouseholdsprimarilygettheirw": null, "Whenthisboreholeisworkingfromwheredohouseholdsprimarilygetthei_A": null, "WhenthisboreholeisworkinghowmanyHOURSperdaydohouseholdstypically": "#NULL!", "Whenthisboreholeisnotworkingfromwheredohouseholdsprimarilygetthe": null, "WhenthisboreholeisNOTworkingandhouseholdshavetouseanalternativew": null, "Hastherebeensomewaterqualitytestingforthisschemeinthepast": null, "Yearofmostrecentwaterqualitytestdone": null, "Whatwastheresult": null, "Aretherespecificcontaminantsofconcern": null, "AretherespecificcontaminantsofconcernOtherspecify": null, "MeasuredWaterQualityTemperature": null, "MeasuredWaterQualitySpecificconductancemicroSiemenspercm": null, "\u00a0MeasuredWaterQualityTotalDissolvedSolidsmilligramsliter": null, "Pleaseaddanotherrelevantnotesontheborehole": null, "V109": "#NULL!", "V110": null}, "geometry": {"type": "Point", "coordinates": [39.6535995, -0.501521500000018]}}, {"type": "Feature", "properties": {"Sno": 187, "SubCounty": "Township", "Ward": "Iftin", "Village": "Iftin 1", "Latitude": -0.5014716, "Longitude": 39.6538627, "RuralUrban": "Urban", "DistancetonextstrategicBoreholekm": "#NULL!", "Totalnumberofhouseholdscurrentlyservedfromthescheme": "#NULL!", "WhatistheserviceareaforthisschemeHowmanykilometersfromheredothep": "#NULL!", "Isthisschemeusedforagricultureandirrigationbyfarmers": null, "Howmanyfarmersusethisscheme\u00a0": "#NULL!", "Whatistheaveragesizedfarmthatusesthiswaterhectares\u00a0": "#NULL!", "Isthewaterschemeusedforlivestock": null, "Estimatednumberofcamelsusingschemeperday": "#NULL!", "Estimatednumberofcattleusingschemeperday": "#NULL!", "Estimatednumberofhorsesdonkeysusingwaterpointperday": "#NULL!", "Estimatednumberofgoatssheepusingwaterpointperday": "#NULL!", "Isthewaterschemeusedforwatertrucking": null, "Numberoftrucksfillingperday": "#NULL!", "Howmanytimesperweekdoesthewatertruckingoccur": "#NULL!", "Addanyothercommentsonwatertruckingdetails": null, "ConstructionyearofthewellboreholeinEFYortheyearofrehabilitation": null, "Boreholeorwelldepthmeters": "#NULL!", "Physicalstateofthewellborehole": null, "TypeofPower": null, "Productionofsystemyieldordischargemeterscubedhour": null, "Isthereawatermeteratthewatersource": null, "Isthewatermeterworking": null, "Whatisthecurrentreadingofthewatermeter": "#NULL!", "Isthewaterschemecurrentlyfunctional": null, "Pleasetakeapictureillustratingthenonfunctionalityorpartialfuncti": "https://api.mwater.co/v3/images/1d97dc67279345aaa15a4f88a7f3db0a", "Maincauseofnonfunctionalityorpartialfunctionality": null, "MaincauseofnonfunctionalityorpartialfunctionalityOtherspecify": null, "Numberofmonthssincenonfunctional": null, "Doestheschemehaveanyemergingproblemsthatmightleadtononfunctional": null, "Pleasedescribetheproblemsthatmightleadtononfunctionalityinthenea": null, "Wasthewaterschemeoutofserviceoneormoredaysinthelastmonth": null, "Numberofdaysoutofserviceinthelastmonth": "#NULL!", "Dateoflastserviceorrepair": "#NULL!", "Howmanytimeshasthewaterschemebrokeninthelastyear": "#NULL!", "Describethefunctionalityproblemsoverthepastyear": null, "Howmanydaysperweekdoesthepumprunonaverage": "#NULL!", "Howmanyhoursperdaydoesthepumprunonaverage": "#NULL!", "Isthisaseasonalwaterschemethatcommonlyfailsinthedryseason": null, "Isthepumpusedlessduringwetrainyseason": null, "Duringwetrainyseasonshowmanydaysaweekdoesthepumprunonaverage": "#NULL!", "Duringwetrainyseasonshowmanyhoursperdaydoesthepumprunonaverage": "#NULL!", "SolarPanelpowerratingWatts": null, "SolarPanelCondition": null, "Yearwhengeneratorwasinstalledoryearofreinstallation": null, "Physicalstateofthegenerator": null, "Generatorbrand": null, "GeneratorbrandOtherspecify": null, "Generatormodel": null, "Generatorserialnumber": null, "GeneratormaxAmpsstartingamps": "#NULL!", "Generatorpicture": null, "PumpControllerManufacturer1": null, "PumpControllerManufacturerOtherspecify": null, "PumpControllerModelNumber": null, "Pictureofpumpcontroller": null, "PumpMotorModelNumber": null, "Pumpheadmodelnumber": null, "Typeandsizeofcasing": null, "Wellpumpremarks": null, "Isasensorinstalledatthesite": null, "Typeofsensorinstalled": null, "TypeofsensorinstalledOtherspecify": null, "Managementbody": null, "Currentmanagementstatus": null, "Whatisthemethodofpayment1": null, "WhatisthemethodofpaymentOtherspecify1": null, "Whatisthemethodofpayment2": null, "Typeoftariffsystemmostcommon": null, "WhatisthetariffamountinKES": "#NULL!", "Isthereaspecialtariffforlivestockperanimal": null, "WhatisthetariffpercamelKES": null, "WhatisthetariffpercattleKES": null, "WhatisthetariffperhorsedonkeyKES": null, "WhatisthetariffpergoatsheepKES": "#NULL!", "Isthereatariffperinstitutionschoolshealthcentresetc": null, "WhatisthemonthlyinstitutionaltariffKES": "#NULL!", "Numberofinstitutionssuppliedbyschemethatpayamonthlyinstitutional": "#NULL!", "Whenthisboreholeisworkingfromwheredohouseholdsprimarilygettheirw": null, "Whenthisboreholeisworkingfromwheredohouseholdsprimarilygetthei_A": null, "WhenthisboreholeisworkinghowmanyHOURSperdaydohouseholdstypically": "#NULL!", "Whenthisboreholeisnotworkingfromwheredohouseholdsprimarilygetthe": null, "WhenthisboreholeisNOTworkingandhouseholdshavetouseanalternativew": null, "Hastherebeensomewaterqualitytestingforthisschemeinthepast": null, "Yearofmostrecentwaterqualitytestdone": null, "Whatwastheresult": null, "Aretherespecificcontaminantsofconcern": null, "AretherespecificcontaminantsofconcernOtherspecify": null, "MeasuredWaterQualityTemperature": null, "MeasuredWaterQualitySpecificconductancemicroSiemenspercm": null, "\u00a0MeasuredWaterQualityTotalDissolvedSolidsmilligramsliter": null, "Pleaseaddanotherrelevantnotesontheborehole": null, "V109": "#NULL!", "V110": "This borehole is dry and abandoned"}, "geometry": {"type": "Point", "coordinates": [39.6538627, -0.5014716]}}, {"type": "Feature", "properties": {"Sno": 188, "SubCounty": "DADAAB", "Ward": "Damajaley", "Village": "Rahole", "Latitude": -0.118446200000014, "Longitude": 40.8383199, "RuralUrban": "Rural", "DistancetonextstrategicBoreholekm": "20.00", "Totalnumberofhouseholdscurrentlyservedfromthescheme": "50.0", "WhatistheserviceareaforthisschemeHowmanykilometersfromheredothep": "0.3", "Isthisschemeusedforagricultureandirrigationbyfarmers": "No", "Howmanyfarmersusethisscheme\u00a0": "#NULL!", "Whatistheaveragesizedfarmthatusesthiswaterhectares\u00a0": "#NULL!", "Isthewaterschemeusedforlivestock": "Yes", "Estimatednumberofcamelsusingschemeperday": "1000.0", "Estimatednumberofcattleusingschemeperday": "500.0", "Estimatednumberofhorsesdonkeysusingwaterpointperday": "50.0", "Estimatednumberofgoatssheepusingwaterpointperday": "1500.0", "Isthewaterschemeusedforwatertrucking": "No", "Numberoftrucksfillingperday": "#NULL!", "Howmanytimesperweekdoesthewatertruckingoccur": "#NULL!", "Addanyothercommentsonwatertruckingdetails": null, "ConstructionyearofthewellboreholeinEFYortheyearofrehabilitation": "44461", "Boreholeorwelldepthmeters": "220.0", "Physicalstateofthewellborehole": "Good", "TypeofPower": "Generator", "Productionofsystemyieldordischargemeterscubedhour": "12", "Isthereawatermeteratthewatersource": "No", "Isthewatermeterworking": null, "Whatisthecurrentreadingofthewatermeter": "#NULL!", "Isthewaterschemecurrentlyfunctional": "Yes", "Pleasetakeapictureillustratingthenonfunctionalityorpartialfuncti": null, "Maincauseofnonfunctionalityorpartialfunctionality": null, "MaincauseofnonfunctionalityorpartialfunctionalityOtherspecify": null, "Numberofmonthssincenonfunctional": null, "Doestheschemehaveanyemergingproblemsthatmightleadtononfunctional": "Yes", "Pleasedescribetheproblemsthatmightleadtononfunctionalityinthenea": "No proper fence \nNo proper storage facilities \nTroughs not enough \nNo records from the borehole", "Wasthewaterschemeoutofserviceoneormoredaysinthelastmonth": "No", "Numberofdaysoutofserviceinthelastmonth": "#NULL!", "Dateoflastserviceorrepair": "10-Jan-22", "Howmanytimeshasthewaterschemebrokeninthelastyear": "#NULL!", "Describethefunctionalityproblemsoverthepastyear": null, "Howmanydaysperweekdoesthepumprunonaverage": "7.0", "Howmanyhoursperdaydoesthepumprunonaverage": "8.0", "Isthisaseasonalwaterschemethatcommonlyfailsinthedryseason": "Yes", "Isthepumpusedlessduringwetrainyseason": "Yes", "Duringwetrainyseasonshowmanydaysaweekdoesthepumprunonaverage": "5.0", "Duringwetrainyseasonshowmanyhoursperdaydoesthepumprunonaverage": "4.0", "SolarPanelpowerratingWatts": null, "SolarPanelCondition": null, "Yearwhengeneratorwasinstalledoryearofreinstallation": "44843", "Physicalstateofthegenerator": "Good", "Generatorbrand": null, "GeneratorbrandOtherspecify": null, "Generatormodel": null, "Generatorserialnumber": null, "GeneratormaxAmpsstartingamps": "#NULL!", "Generatorpicture": "https://api.mwater.co/v3/images/64b8583d4a114e71b3f26836215a65a1", "PumpControllerManufacturer1": null, "PumpControllerManufacturerOtherspecify": null, "PumpControllerModelNumber": null, "Pictureofpumpcontroller": "https://api.mwater.co/v3/images/8f5e6c8e5e3b42e49e9c02fac7c32cd6", "PumpMotorModelNumber": null, "Pumpheadmodelnumber": null, "Typeandsizeofcasing": "GI 6\"", "Wellpumpremarks": "Motor size 5.5kw,Generator 20kva", "Isasensorinstalledatthesite": null, "Typeofsensorinstalled": null, "TypeofsensorinstalledOtherspecify": null, "Managementbody": "No management officially formed", "Currentmanagementstatus": "Poor", "Whatisthemethodofpayment1": "Cash", "WhatisthemethodofpaymentOtherspecify1": null, "Whatisthemethodofpayment2": null, "Typeoftariffsystemmostcommon": null, "WhatisthetariffamountinKES": "#NULL!", "Isthereaspecialtariffforlivestockperanimal": "Yes", "WhatisthetariffpercamelKES": 10.0, "WhatisthetariffpercattleKES": 10.0, "WhatisthetariffperhorsedonkeyKES": 0.0, "WhatisthetariffpergoatsheepKES": "5.0", "Isthereatariffperinstitutionschoolshealthcentresetc": "No", "WhatisthemonthlyinstitutionaltariffKES": "#NULL!", "Numberofinstitutionssuppliedbyschemethatpayamonthlyinstitutional": "#NULL!", "Whenthisboreholeisworkingfromwheredohouseholdsprimarilygettheirw": "Troughs or tap stand", "Whenthisboreholeisworkingfromwheredohouseholdsprimarilygetthei_A": null, "WhenthisboreholeisworkinghowmanyHOURSperdaydohouseholdstypically": "2.0", "Whenthisboreholeisnotworkingfromwheredohouseholdsprimarilygetthe": "Vendors or water pans", "WhenthisboreholeisNOTworkingandhouseholdshavetouseanalternativew": "24", "Hastherebeensomewaterqualitytestingforthisschemeinthepast": null, "Yearofmostrecentwaterqualitytestdone": null, "Whatwastheresult": null, "Aretherespecificcontaminantsofconcern": null, "AretherespecificcontaminantsofconcernOtherspecify": null, "MeasuredWaterQualityTemperature": null, "MeasuredWaterQualitySpecificconductancemicroSiemenspercm": "1", "\u00a0MeasuredWaterQualityTotalDissolvedSolidsmilligramsliter": null, "Pleaseaddanotherrelevantnotesontheborehole": "1", "V109": "#NULL!", "V110": null}, "geometry": {"type": "Point", "coordinates": [40.8383199, -0.118446200000014]}}, {"type": "Feature", "properties": {"Sno": 189, "SubCounty": "DADAAB", "Ward": "Liboi", "Village": "Maka", "Latitude": 0.0020844999999854, "Longitude": 40.9884931, "RuralUrban": "Rural", "DistancetonextstrategicBoreholekm": "10.00", "Totalnumberofhouseholdscurrentlyservedfromthescheme": "150.0", "WhatistheserviceareaforthisschemeHowmanykilometersfromheredothep": "0.5", "Isthisschemeusedforagricultureandirrigationbyfarmers": "No", "Howmanyfarmersusethisscheme\u00a0": "#NULL!", "Whatistheaveragesizedfarmthatusesthiswaterhectares\u00a0": "#NULL!", "Isthewaterschemeusedforlivestock": "Yes", "Estimatednumberofcamelsusingschemeperday": "1500.0", "Estimatednumberofcattleusingschemeperday": "500.0", "Estimatednumberofhorsesdonkeysusingwaterpointperday": "50.0", "Estimatednumberofgoatssheepusingwaterpointperday": "3000.0", "Isthewaterschemeusedforwatertrucking": "No", "Numberoftrucksfillingperday": "#NULL!", "Howmanytimesperweekdoesthewatertruckingoccur": "#NULL!", "Addanyothercommentsonwatertruckingdetails": null, "ConstructionyearofthewellboreholeinEFYortheyearofrehabilitation": "44429", "Boreholeorwelldepthmeters": "220.0", "Physicalstateofthewellborehole": "Good", "TypeofPower": "Generator", "Productionofsystemyieldordischargemeterscubedhour": "10", "Isthereawatermeteratthewatersource": "No", "Isthewatermeterworking": "No", "Whatisthecurrentreadingofthewatermeter": "#NULL!", "Isthewaterschemecurrentlyfunctional": "Yes", "Pleasetakeapictureillustratingthenonfunctionalityorpartialfuncti": null, "Maincauseofnonfunctionalityorpartialfunctionality": null, "MaincauseofnonfunctionalityorpartialfunctionalityOtherspecify": null, "Numberofmonthssincenonfunctional": null, "Doestheschemehaveanyemergingproblemsthatmightleadtononfunctional": "Yes", "Pleasedescribetheproblemsthatmightleadtononfunctionalityinthenea": "No fencing \nNo proper storage facility \nNot metered", "Wasthewaterschemeoutofserviceoneormoredaysinthelastmonth": "No", "Numberofdaysoutofserviceinthelastmonth": "#NULL!", "Dateoflastserviceorrepair": "14-Jan-22", "Howmanytimeshasthewaterschemebrokeninthelastyear": "0.0", "Describethefunctionalityproblemsoverthepastyear": null, "Howmanydaysperweekdoesthepumprunonaverage": "5.0", "Howmanyhoursperdaydoesthepumprunonaverage": "4.0", "Isthisaseasonalwaterschemethatcommonlyfailsinthedryseason": "Yes", "Isthepumpusedlessduringwetrainyseason": "Yes", "Duringwetrainyseasonshowmanydaysaweekdoesthepumprunonaverage": "4.0", "Duringwetrainyseasonshowmanyhoursperdaydoesthepumprunonaverage": "3.0", "SolarPanelpowerratingWatts": null, "SolarPanelCondition": null, "Yearwhengeneratorwasinstalledoryearofreinstallation": "44487", "Physicalstateofthegenerator": "Good", "Generatorbrand": null, "GeneratorbrandOtherspecify": null, "Generatormodel": null, "Generatorserialnumber": null, "GeneratormaxAmpsstartingamps": "#NULL!", "Generatorpicture": "https://api.mwater.co/v3/images/4d4234c2a70d46b5b8634c684cb181db", "PumpControllerManufacturer1": null, "PumpControllerManufacturerOtherspecify": null, "PumpControllerModelNumber": null, "Pictureofpumpcontroller": "https://api.mwater.co/v3/images/0ed2dc8e72f544f4a8a1d721f14afb5b", "PumpMotorModelNumber": null, "Pumpheadmodelnumber": null, "Typeandsizeofcasing": "GI 6\"", "Wellpumpremarks": "No records but we contacted chairlady to bring the records", "Isasensorinstalledatthesite": "No", "Typeofsensorinstalled": null, "TypeofsensorinstalledOtherspecify": null, "Managementbody": "No management officially formed", "Currentmanagementstatus": "Weak", "Whatisthemethodofpayment1": "Cash", "WhatisthemethodofpaymentOtherspecify1": null, "Whatisthemethodofpayment2": null, "Typeoftariffsystemmostcommon": null, "WhatisthetariffamountinKES": "#NULL!", "Isthereaspecialtariffforlivestockperanimal": "Yes", "WhatisthetariffpercamelKES": 10.0, "WhatisthetariffpercattleKES": 10.0, "WhatisthetariffperhorsedonkeyKES": 0.0, "WhatisthetariffpergoatsheepKES": "5.0", "Isthereatariffperinstitutionschoolshealthcentresetc": "No", "WhatisthemonthlyinstitutionaltariffKES": "#NULL!", "Numberofinstitutionssuppliedbyschemethatpayamonthlyinstitutional": "#NULL!", "Whenthisboreholeisworkingfromwheredohouseholdsprimarilygettheirw": "Tape stand", "Whenthisboreholeisworkingfromwheredohouseholdsprimarilygetthei_A": null, "WhenthisboreholeisworkinghowmanyHOURSperdaydohouseholdstypically": "2.0", "Whenthisboreholeisnotworkingfromwheredohouseholdsprimarilygetthe": "Vendors", "WhenthisboreholeisNOTworkingandhouseholdshavetouseanalternativew": "12", "Hastherebeensomewaterqualitytestingforthisschemeinthepast": null, "Yearofmostrecentwaterqualitytestdone": null, "Whatwastheresult": null, "Aretherespecificcontaminantsofconcern": null, "AretherespecificcontaminantsofconcernOtherspecify": null, "MeasuredWaterQualityTemperature": null, "MeasuredWaterQualitySpecificconductancemicroSiemenspercm": "1", "\u00a0MeasuredWaterQualityTotalDissolvedSolidsmilligramsliter": null, "Pleaseaddanotherrelevantnotesontheborehole": "1", "V109": "#NULL!", "V110": null}, "geometry": {"type": "Point", "coordinates": [40.9884931, 0.002084499999985]}}, {"type": "Feature", "properties": {"Sno": 190, "SubCounty": "DADAAB", "Ward": "Damajaley", "Village": "Hamey", "Latitude": -0.120179300000007, "Longitude": 40.9010361, "RuralUrban": "Rural", "DistancetonextstrategicBoreholekm": "20.00", "Totalnumberofhouseholdscurrentlyservedfromthescheme": "1500.0", "WhatistheserviceareaforthisschemeHowmanykilometersfromheredothep": "2500.0", "Isthisschemeusedforagricultureandirrigationbyfarmers": "No", "Howmanyfarmersusethisscheme\u00a0": "#NULL!", "Whatistheaveragesizedfarmthatusesthiswaterhectares\u00a0": "#NULL!", "Isthewaterschemeusedforlivestock": "Yes", "Estimatednumberofcamelsusingschemeperday": "10000.0", "Estimatednumberofcattleusingschemeperday": "5000.0", "Estimatednumberofhorsesdonkeysusingwaterpointperday": "200.0", "Estimatednumberofgoatssheepusingwaterpointperday": "10000.0", "Isthewaterschemeusedforwatertrucking": "Yes", "Numberoftrucksfillingperday": "3.0", "Howmanytimesperweekdoesthewatertruckingoccur": "21.0", "Addanyothercommentsonwatertruckingdetails": null, "ConstructionyearofthewellboreholeinEFYortheyearofrehabilitation": "40760", "Boreholeorwelldepthmeters": "230.0", "Physicalstateofthewellborehole": "Good", "TypeofPower": "Hybrid", "Productionofsystemyieldordischargemeterscubedhour": "15", "Isthereawatermeteratthewatersource": "No", "Isthewatermeterworking": "No", "Whatisthecurrentreadingofthewatermeter": "#NULL!", "Isthewaterschemecurrentlyfunctional": "Yes", "Pleasetakeapictureillustratingthenonfunctionalityorpartialfuncti": null, "Maincauseofnonfunctionalityorpartialfunctionality": "Drop pipes leaking", "MaincauseofnonfunctionalityorpartialfunctionalityOtherspecify": null, "Numberofmonthssincenonfunctional": "1", "Doestheschemehaveanyemergingproblemsthatmightleadtononfunctional": "Yes", "Pleasedescribetheproblemsthatmightleadtononfunctionalityinthenea": "Poor management requires overhaul of current management", "Wasthewaterschemeoutofserviceoneormoredaysinthelastmonth": "Yes", "Numberofdaysoutofserviceinthelastmonth": "10.0", "Dateoflastserviceorrepair": "10-Sep-21", "Howmanytimeshasthewaterschemebrokeninthelastyear": "2.0", "Describethefunctionalityproblemsoverthepastyear": "Pump failure \nDrop pipes leaking \nExisting masonry tank leaking", "Howmanydaysperweekdoesthepumprunonaverage": "7.0", "Howmanyhoursperdaydoesthepumprunonaverage": "12.0", "Isthisaseasonalwaterschemethatcommonlyfailsinthedryseason": "Yes", "Isthepumpusedlessduringwetrainyseason": "Yes", "Duringwetrainyseasonshowmanydaysaweekdoesthepumprunonaverage": "5.0", "Duringwetrainyseasonshowmanyhoursperdaydoesthepumprunonaverage": "6.0", "SolarPanelpowerratingWatts": "330", "SolarPanelCondition": null, "Yearwhengeneratorwasinstalledoryearofreinstallation": "43692", "Physicalstateofthegenerator": "Poor", "Generatorbrand": null, "GeneratorbrandOtherspecify": null, "Generatormodel": null, "Generatorserialnumber": null, "GeneratormaxAmpsstartingamps": "#NULL!", "Generatorpicture": "https://api.mwater.co/v3/images/59b4141ab2184a6589a1cf1b3e4ef013", "PumpControllerManufacturer1": null, "PumpControllerManufacturerOtherspecify": null, "PumpControllerModelNumber": null, "Pictureofpumpcontroller": "https://api.mwater.co/v3/images/fe3942c1022d46629ac565cd1f02a7b3", "PumpMotorModelNumber": null, "Pumpheadmodelnumber": null, "Typeandsizeofcasing": null, "Wellpumpremarks": null, "Isasensorinstalledatthesite": null, "Typeofsensorinstalled": null, "TypeofsensorinstalledOtherspecify": null, "Managementbody": "No management committee officially formed", "Currentmanagementstatus": "Poor", "Whatisthemethodofpayment1": "Cash", "WhatisthemethodofpaymentOtherspecify1": null, "Whatisthemethodofpayment2": null, "Typeoftariffsystemmostcommon": null, "WhatisthetariffamountinKES": "#NULL!", "Isthereaspecialtariffforlivestockperanimal": "Yes", "WhatisthetariffpercamelKES": 10.0, "WhatisthetariffpercattleKES": 10.0, "WhatisthetariffperhorsedonkeyKES": 0.0, "WhatisthetariffpergoatsheepKES": "5.0", "Isthereatariffperinstitutionschoolshealthcentresetc": "Yes", "WhatisthemonthlyinstitutionaltariffKES": "1000.0", "Numberofinstitutionssuppliedbyschemethatpayamonthlyinstitutional": "1.0", "Whenthisboreholeisworkingfromwheredohouseholdsprimarilygettheirw": "Tape stand and pipe connected to some households", "Whenthisboreholeisworkingfromwheredohouseholdsprimarilygetthei_A": "Tape stand", "WhenthisboreholeisworkinghowmanyHOURSperdaydohouseholdstypically": "2.0", "Whenthisboreholeisnotworkingfromwheredohouseholdsprimarilygetthe": "Vendors or water pans", "WhenthisboreholeisNOTworkingandhouseholdshavetouseanalternativew": null, "Hastherebeensomewaterqualitytestingforthisschemeinthepast": null, "Yearofmostrecentwaterqualitytestdone": null, "Whatwastheresult": null, "Aretherespecificcontaminantsofconcern": null, "AretherespecificcontaminantsofconcernOtherspecify": null, "MeasuredWaterQualityTemperature": null, "MeasuredWaterQualitySpecificconductancemicroSiemenspercm": "1", "\u00a0MeasuredWaterQualityTotalDissolvedSolidsmilligramsliter": null, "Pleaseaddanotherrelevantnotesontheborehole": "1", "V109": "#NULL!", "V110": "Poor management by individuals manning the water point as water Committee \nNo fencing of the water point"}, "geometry": {"type": "Point", "coordinates": [40.9010361, -0.1201793]}}, {"type": "Feature", "properties": {"Sno": 191, "SubCounty": "DADAAB", "Ward": "Damajaley", "Village": "Aden santur", "Latitude": 0.104826599999992, "Longitude": 40.9388461, "RuralUrban": "Rural", "DistancetonextstrategicBoreholekm": "15.00", "Totalnumberofhouseholdscurrentlyservedfromthescheme": "150.0", "WhatistheserviceareaforthisschemeHowmanykilometersfromheredothep": "0.5", "Isthisschemeusedforagricultureandirrigationbyfarmers": "No", "Howmanyfarmersusethisscheme\u00a0": "#NULL!", "Whatistheaveragesizedfarmthatusesthiswaterhectares\u00a0": "#NULL!", "Isthewaterschemeusedforlivestock": "Yes", "Estimatednumberofcamelsusingschemeperday": "3000.0", "Estimatednumberofcattleusingschemeperday": "1000.0", "Estimatednumberofhorsesdonkeysusingwaterpointperday": "50.0", "Estimatednumberofgoatssheepusingwaterpointperday": "3000.0", "Isthewaterschemeusedforwatertrucking": "No", "Numberoftrucksfillingperday": "#NULL!", "Howmanytimesperweekdoesthewatertruckingoccur": "#NULL!", "Addanyothercommentsonwatertruckingdetails": null, "ConstructionyearofthewellboreholeinEFYortheyearofrehabilitation": "44423", "Boreholeorwelldepthmeters": "220.0", "Physicalstateofthewellborehole": "Good", "TypeofPower": "Generator", "Productionofsystemyieldordischargemeterscubedhour": "14", "Isthereawatermeteratthewatersource": "Yes", "Isthewatermeterworking": "Yes", "Whatisthecurrentreadingofthewatermeter": "#NULL!", "Isthewaterschemecurrentlyfunctional": "Yes", "Pleasetakeapictureillustratingthenonfunctionalityorpartialfuncti": "https://api.mwater.co/v3/images/1fab57ef6f9b40d29bf8dceb2fb2275c", "Maincauseofnonfunctionalityorpartialfunctionality": null, "MaincauseofnonfunctionalityorpartialfunctionalityOtherspecify": null, "Numberofmonthssincenonfunctional": null, "Doestheschemehaveanyemergingproblemsthatmightleadtononfunctional": "Yes", "Pleasedescribetheproblemsthatmightleadtononfunctionalityinthenea": "No fencing \nNo proper storage facility \nTrough not enough", "Wasthewaterschemeoutofserviceoneormoredaysinthelastmonth": "No", "Numberofdaysoutofserviceinthelastmonth": "#NULL!", "Dateoflastserviceorrepair": "21-Jan-22", "Howmanytimeshasthewaterschemebrokeninthelastyear": "#NULL!", "Describethefunctionalityproblemsoverthepastyear": null, "Howmanydaysperweekdoesthepumprunonaverage": "6.0", "Howmanyhoursperdaydoesthepumprunonaverage": "8.0", "Isthisaseasonalwaterschemethatcommonlyfailsinthedryseason": "Yes", "Isthepumpusedlessduringwetrainyseason": "Yes", "Duringwetrainyseasonshowmanydaysaweekdoesthepumprunonaverage": "5.0", "Duringwetrainyseasonshowmanyhoursperdaydoesthepumprunonaverage": "6.0", "SolarPanelpowerratingWatts": null, "SolarPanelCondition": null, "Yearwhengeneratorwasinstalledoryearofreinstallation": "41223", "Physicalstateofthegenerator": "Good", "Generatorbrand": null, "GeneratorbrandOtherspecify": null, "Generatormodel": null, "Generatorserialnumber": null, "GeneratormaxAmpsstartingamps": "#NULL!", "Generatorpicture": "https://api.mwater.co/v3/images/395ad8b45011470ba839ff7533d5b85f; https://api.mwater.co/v3/images/0509795a5ff6437098ca616cd2b17625", "PumpControllerManufacturer1": null, "PumpControllerManufacturerOtherspecify": null, "PumpControllerModelNumber": null, "Pictureofpumpcontroller": "https://api.mwater.co/v3/images/59e7284c2d2346698412b17ef8cb84a9", "PumpMotorModelNumber": null, "Pumpheadmodelnumber": null, "Typeandsizeofcasing": "GI 6\"", "Wellpumpremarks": "Fresh water,motor size 7.5,Generator 30kva", "Isasensorinstalledatthesite": "No", "Typeofsensorinstalled": null, "TypeofsensorinstalledOtherspecify": null, "Managementbody": "No management officially formed", "Currentmanagementstatus": "Good", "Whatisthemethodofpayment1": "Cash", "WhatisthemethodofpaymentOtherspecify1": null, "Whatisthemethodofpayment2": null, "Typeoftariffsystemmostcommon": "Fixed", "WhatisthetariffamountinKES": "#NULL!", "Isthereaspecialtariffforlivestockperanimal": "Yes", "WhatisthetariffpercamelKES": 10.0, "WhatisthetariffpercattleKES": 10.0, "WhatisthetariffperhorsedonkeyKES": 0.0, "WhatisthetariffpergoatsheepKES": "5.0", "Isthereatariffperinstitutionschoolshealthcentresetc": null, "WhatisthemonthlyinstitutionaltariffKES": "#NULL!", "Numberofinstitutionssuppliedbyschemethatpayamonthlyinstitutional": "#NULL!", "Whenthisboreholeisworkingfromwheredohouseholdsprimarilygettheirw": "Tap stand", "Whenthisboreholeisworkingfromwheredohouseholdsprimarilygetthei_A": null, "WhenthisboreholeisworkinghowmanyHOURSperdaydohouseholdstypically": "2.0", "Whenthisboreholeisnotworkingfromwheredohouseholdsprimarilygetthe": "Vendors", "WhenthisboreholeisNOTworkingandhouseholdshavetouseanalternativew": "12", "Hastherebeensomewaterqualitytestingforthisschemeinthepast": null, "Yearofmostrecentwaterqualitytestdone": null, "Whatwastheresult": null, "Aretherespecificcontaminantsofconcern": null, "AretherespecificcontaminantsofconcernOtherspecify": null, "MeasuredWaterQualityTemperature": null, "MeasuredWaterQualitySpecificconductancemicroSiemenspercm": "1", "\u00a0MeasuredWaterQualityTotalDissolvedSolidsmilligramsliter": null, "Pleaseaddanotherrelevantnotesontheborehole": "1", "V109": "#NULL!", "V110": "They require formation of management committee \nThey require infrastructure support"}, "geometry": {"type": "Point", "coordinates": [40.9388461, 0.1048266]}}, {"type": "Feature", "properties": {"Sno": 192, "SubCounty": "DADAAB", "Ward": "Damajaley", "Village": "Shebtaad", "Latitude": 0.1554585, "Longitude": 40.6693427, "RuralUrban": "Rural", "DistancetonextstrategicBoreholekm": "25.00", "Totalnumberofhouseholdscurrentlyservedfromthescheme": "250.0", "WhatistheserviceareaforthisschemeHowmanykilometersfromheredothep": "1.0", "Isthisschemeusedforagricultureandirrigationbyfarmers": "No", "Howmanyfarmersusethisscheme\u00a0": "#NULL!", "Whatistheaveragesizedfarmthatusesthiswaterhectares\u00a0": "#NULL!", "Isthewaterschemeusedforlivestock": "Yes", "Estimatednumberofcamelsusingschemeperday": "2000.0", "Estimatednumberofcattleusingschemeperday": "800.0", "Estimatednumberofhorsesdonkeysusingwaterpointperday": "100.0", "Estimatednumberofgoatssheepusingwaterpointperday": "2000.0", "Isthewaterschemeusedforwatertrucking": "Yes", "Numberoftrucksfillingperday": "2.0", "Howmanytimesperweekdoesthewatertruckingoccur": "14.0", "Addanyothercommentsonwatertruckingdetails": null, "ConstructionyearofthewellboreholeinEFYortheyearofrehabilitation": "44392", "Boreholeorwelldepthmeters": "220.0", "Physicalstateofthewellborehole": "Good", "TypeofPower": "Generator", "Productionofsystemyieldordischargemeterscubedhour": "15", "Isthereawatermeteratthewatersource": "No", "Isthewatermeterworking": "No", "Whatisthecurrentreadingofthewatermeter": "#NULL!", "Isthewaterschemecurrentlyfunctional": "Yes", "Pleasetakeapictureillustratingthenonfunctionalityorpartialfuncti": null, "Maincauseofnonfunctionalityorpartialfunctionality": null, "MaincauseofnonfunctionalityorpartialfunctionalityOtherspecify": null, "Numberofmonthssincenonfunctional": null, "Doestheschemehaveanyemergingproblemsthatmightleadtononfunctional": "No", "Pleasedescribetheproblemsthatmightleadtononfunctionalityinthenea": null, "Wasthewaterschemeoutofserviceoneormoredaysinthelastmonth": "No", "Numberofdaysoutofserviceinthelastmonth": "#NULL!", "Dateoflastserviceorrepair": "20-Dec-21", "Howmanytimeshasthewaterschemebrokeninthelastyear": "#NULL!", "Describethefunctionalityproblemsoverthepastyear": null, "Howmanydaysperweekdoesthepumprunonaverage": "5.0", "Howmanyhoursperdaydoesthepumprunonaverage": "4.0", "Isthisaseasonalwaterschemethatcommonlyfailsinthedryseason": "Yes", "Isthepumpusedlessduringwetrainyseason": "Yes", "Duringwetrainyseasonshowmanydaysaweekdoesthepumprunonaverage": "5.0", "Duringwetrainyseasonshowmanyhoursperdaydoesthepumprunonaverage": "4.0", "SolarPanelpowerratingWatts": "No", "SolarPanelCondition": null, "Yearwhengeneratorwasinstalledoryearofreinstallation": "44457", "Physicalstateofthegenerator": "Good", "Generatorbrand": null, "GeneratorbrandOtherspecify": null, "Generatormodel": null, "Generatorserialnumber": null, "GeneratormaxAmpsstartingamps": "#NULL!", "Generatorpicture": "https://api.mwater.co/v3/images/3d4eae994a434168b96e8608050c64f5; https://api.mwater.co/v3/images/8aca58f446aa475d8fe93f4b5c1b3954", "PumpControllerManufacturer1": null, "PumpControllerManufacturerOtherspecify": null, "PumpControllerModelNumber": null, "Pictureofpumpcontroller": "https://api.mwater.co/v3/images/4261062a3df549c9a992702a88a369c8", "PumpMotorModelNumber": null, "Pumpheadmodelnumber": null, "Typeandsizeofcasing": "GI 6\" motor size 7.5kw", "Wellpumpremarks": "motor size 7.5kw", "Isasensorinstalledatthesite": "No", "Typeofsensorinstalled": null, "TypeofsensorinstalledOtherspecify": null, "Managementbody": "No management officially formed", "Currentmanagementstatus": "Weak", "Whatisthemethodofpayment1": "Cash", "WhatisthemethodofpaymentOtherspecify1": null, "Whatisthemethodofpayment2": null, "Typeoftariffsystemmostcommon": "Fixed", "WhatisthetariffamountinKES": "#NULL!", "Isthereaspecialtariffforlivestockperanimal": "Yes", "WhatisthetariffpercamelKES": 10.0, "WhatisthetariffpercattleKES": 10.0, "WhatisthetariffperhorsedonkeyKES": 0.0, "WhatisthetariffpergoatsheepKES": "5.0", "Isthereatariffperinstitutionschoolshealthcentresetc": "No", "WhatisthemonthlyinstitutionaltariffKES": "#NULL!", "Numberofinstitutionssuppliedbyschemethatpayamonthlyinstitutional": "#NULL!", "Whenthisboreholeisworkingfromwheredohouseholdsprimarilygettheirw": "Water kiosk", "Whenthisboreholeisworkingfromwheredohouseholdsprimarilygetthei_A": null, "WhenthisboreholeisworkinghowmanyHOURSperdaydohouseholdstypically": "1.0", "Whenthisboreholeisnotworkingfromwheredohouseholdsprimarilygetthe": "Vendors", "WhenthisboreholeisNOTworkingandhouseholdshavetouseanalternativew": "12", "Hastherebeensomewaterqualitytestingforthisschemeinthepast": null, "Yearofmostrecentwaterqualitytestdone": null, "Whatwastheresult": null, "Aretherespecificcontaminantsofconcern": null, "AretherespecificcontaminantsofconcernOtherspecify": null, "MeasuredWaterQualityTemperature": null, "MeasuredWaterQualitySpecificconductancemicroSiemenspercm": "1", "\u00a0MeasuredWaterQualityTotalDissolvedSolidsmilligramsliter": null, "Pleaseaddanotherrelevantnotesontheborehole": "1", "V109": "#NULL!", "V110": "They require formation of water committee and training of operators \nThey require fencing \nWater quality testing"}, "geometry": {"type": "Point", "coordinates": [40.6693427, 0.1554585]}}, {"type": "Feature", "properties": {"Sno": 193, "SubCounty": "DADAAB", "Ward": "Damajaley", "Village": "Qod qod", "Latitude": 0.103719000000005, "Longitude": 40.6830093, "RuralUrban": "Rural", "DistancetonextstrategicBoreholekm": "20.00", "Totalnumberofhouseholdscurrentlyservedfromthescheme": "150.0", "WhatistheserviceareaforthisschemeHowmanykilometersfromheredothep": "0.5", "Isthisschemeusedforagricultureandirrigationbyfarmers": "No", "Howmanyfarmersusethisscheme\u00a0": "#NULL!", "Whatistheaveragesizedfarmthatusesthiswaterhectares\u00a0": "#NULL!", "Isthewaterschemeusedforlivestock": "Yes", "Estimatednumberofcamelsusingschemeperday": "3000.0", "Estimatednumberofcattleusingschemeperday": "1500.0", "Estimatednumberofhorsesdonkeysusingwaterpointperday": "100.0", "Estimatednumberofgoatssheepusingwaterpointperday": "5000.0", "Isthewaterschemeusedforwatertrucking": "Yes", "Numberoftrucksfillingperday": "1.0", "Howmanytimesperweekdoesthewatertruckingoccur": "4.0", "Addanyothercommentsonwatertruckingdetails": null, "ConstructionyearofthewellboreholeinEFYortheyearofrehabilitation": "44545", "Boreholeorwelldepthmeters": "220.0", "Physicalstateofthewellborehole": "Good", "TypeofPower": "Generator", "Productionofsystemyieldordischargemeterscubedhour": "16", "Isthereawatermeteratthewatersource": "Yes", "Isthewatermeterworking": null, "Whatisthecurrentreadingofthewatermeter": "3322.000000000", "Isthewaterschemecurrentlyfunctional": "Yes", "Pleasetakeapictureillustratingthenonfunctionalityorpartialfuncti": null, "Maincauseofnonfunctionalityorpartialfunctionality": null, "MaincauseofnonfunctionalityorpartialfunctionalityOtherspecify": null, "Numberofmonthssincenonfunctional": null, "Doestheschemehaveanyemergingproblemsthatmightleadtononfunctional": "Yes", "Pleasedescribetheproblemsthatmightleadtononfunctionalityinthenea": "No fencing done \nNo permanent water storage", "Wasthewaterschemeoutofserviceoneormoredaysinthelastmonth": "No", "Numberofdaysoutofserviceinthelastmonth": "#NULL!", "Dateoflastserviceorrepair": "5-Jan-22", "Howmanytimeshasthewaterschemebrokeninthelastyear": "#NULL!", "Describethefunctionalityproblemsoverthepastyear": null, "Howmanydaysperweekdoesthepumprunonaverage": "5.0", "Howmanyhoursperdaydoesthepumprunonaverage": "2.0", "Isthisaseasonalwaterschemethatcommonlyfailsinthedryseason": "Yes", "Isthepumpusedlessduringwetrainyseason": "Yes", "Duringwetrainyseasonshowmanydaysaweekdoesthepumprunonaverage": "4.0", "Duringwetrainyseasonshowmanyhoursperdaydoesthepumprunonaverage": "#NULL!", "SolarPanelpowerratingWatts": "No", "SolarPanelCondition": null, "Yearwhengeneratorwasinstalledoryearofreinstallation": "44571", "Physicalstateofthegenerator": "Good", "Generatorbrand": null, "GeneratorbrandOtherspecify": null, "Generatormodel": null, "Generatorserialnumber": null, "GeneratormaxAmpsstartingamps": "#NULL!", "Generatorpicture": "https://api.mwater.co/v3/images/2b182435bb764a209713e516f7cc0cb0", "PumpControllerManufacturer1": null, "PumpControllerManufacturerOtherspecify": null, "PumpControllerModelNumber": null, "Pictureofpumpcontroller": "https://api.mwater.co/v3/images/baf5aca70bf742e6a93b2ef5be5b4bdc", "PumpMotorModelNumber": null, "Pumpheadmodelnumber": null, "Typeandsizeofcasing": "GI 6\"", "Wellpumpremarks": "Motor size 7.5kw", "Isasensorinstalledatthesite": "No", "Typeofsensorinstalled": null, "TypeofsensorinstalledOtherspecify": null, "Managementbody": "No management officially formed", "Currentmanagementstatus": "Poor", "Whatisthemethodofpayment1": "Cash", "WhatisthemethodofpaymentOtherspecify1": null, "Whatisthemethodofpayment2": null, "Typeoftariffsystemmostcommon": "Fixed", "WhatisthetariffamountinKES": "#NULL!", "Isthereaspecialtariffforlivestockperanimal": "Yes", "WhatisthetariffpercamelKES": 10.0, "WhatisthetariffpercattleKES": 10.0, "WhatisthetariffperhorsedonkeyKES": 0.0, "WhatisthetariffpergoatsheepKES": "5.0", "Isthereatariffperinstitutionschoolshealthcentresetc": "No", "WhatisthemonthlyinstitutionaltariffKES": "#NULL!", "Numberofinstitutionssuppliedbyschemethatpayamonthlyinstitutional": "#NULL!", "Whenthisboreholeisworkingfromwheredohouseholdsprimarilygettheirw": "Tap stand", "Whenthisboreholeisworkingfromwheredohouseholdsprimarilygetthei_A": null, "WhenthisboreholeisworkinghowmanyHOURSperdaydohouseholdstypically": "3.0", "Whenthisboreholeisnotworkingfromwheredohouseholdsprimarilygetthe": "Vendors", "WhenthisboreholeisNOTworkingandhouseholdshavetouseanalternativew": "12", "Hastherebeensomewaterqualitytestingforthisschemeinthepast": null, "Yearofmostrecentwaterqualitytestdone": null, "Whatwastheresult": null, "Aretherespecificcontaminantsofconcern": null, "AretherespecificcontaminantsofconcernOtherspecify": null, "MeasuredWaterQualityTemperature": null, "MeasuredWaterQualitySpecificconductancemicroSiemenspercm": "1", "\u00a0MeasuredWaterQualityTotalDissolvedSolidsmilligramsliter": null, "Pleaseaddanotherrelevantnotesontheborehole": "1", "V109": "#NULL!", "V110": "Most of this boreholes were drilled recently are located in security prone area\nNo official documents from them though we communicated to community members to submit any relevant documents from those boreholes"}, "geometry": {"type": "Point", "coordinates": [40.6830093, 0.103719]}}, {"type": "Feature", "properties": {"Sno": 194, "SubCounty": "DADAAB", "Ward": "Damajaley", "Village": "Towfiq", "Latitude": 0.128411199999989, "Longitude": 40.556236, "RuralUrban": "Rural", "DistancetonextstrategicBoreholekm": "20.00", "Totalnumberofhouseholdscurrentlyservedfromthescheme": "100.0", "WhatistheserviceareaforthisschemeHowmanykilometersfromheredothep": "0.0", "Isthisschemeusedforagricultureandirrigationbyfarmers": null, "Howmanyfarmersusethisscheme\u00a0": "#NULL!", "Whatistheaveragesizedfarmthatusesthiswaterhectares\u00a0": "#NULL!", "Isthewaterschemeusedforlivestock": null, "Estimatednumberofcamelsusingschemeperday": "#NULL!", "Estimatednumberofcattleusingschemeperday": "#NULL!", "Estimatednumberofhorsesdonkeysusingwaterpointperday": "#NULL!", "Estimatednumberofgoatssheepusingwaterpointperday": "#NULL!", "Isthewaterschemeusedforwatertrucking": null, "Numberoftrucksfillingperday": "#NULL!", "Howmanytimesperweekdoesthewatertruckingoccur": "#NULL!", "Addanyothercommentsonwatertruckingdetails": null, "ConstructionyearofthewellboreholeinEFYortheyearofrehabilitation": null, "Boreholeorwelldepthmeters": "#NULL!", "Physicalstateofthewellborehole": null, "TypeofPower": null, "Productionofsystemyieldordischargemeterscubedhour": null, "Isthereawatermeteratthewatersource": null, "Isthewatermeterworking": null, "Whatisthecurrentreadingofthewatermeter": "#NULL!", "Isthewaterschemecurrentlyfunctional": null, "Pleasetakeapictureillustratingthenonfunctionalityorpartialfuncti": null, "Maincauseofnonfunctionalityorpartialfunctionality": null, "MaincauseofnonfunctionalityorpartialfunctionalityOtherspecify": null, "Numberofmonthssincenonfunctional": null, "Doestheschemehaveanyemergingproblemsthatmightleadtononfunctional": null, "Pleasedescribetheproblemsthatmightleadtononfunctionalityinthenea": null, "Wasthewaterschemeoutofserviceoneormoredaysinthelastmonth": null, "Numberofdaysoutofserviceinthelastmonth": "#NULL!", "Dateoflastserviceorrepair": "#NULL!", "Howmanytimeshasthewaterschemebrokeninthelastyear": "#NULL!", "Describethefunctionalityproblemsoverthepastyear": null, "Howmanydaysperweekdoesthepumprunonaverage": "#NULL!", "Howmanyhoursperdaydoesthepumprunonaverage": "#NULL!", "Isthisaseasonalwaterschemethatcommonlyfailsinthedryseason": null, "Isthepumpusedlessduringwetrainyseason": null, "Duringwetrainyseasonshowmanydaysaweekdoesthepumprunonaverage": "#NULL!", "Duringwetrainyseasonshowmanyhoursperdaydoesthepumprunonaverage": "#NULL!", "SolarPanelpowerratingWatts": null, "SolarPanelCondition": null, "Yearwhengeneratorwasinstalledoryearofreinstallation": null, "Physicalstateofthegenerator": null, "Generatorbrand": null, "GeneratorbrandOtherspecify": null, "Generatormodel": null, "Generatorserialnumber": null, "GeneratormaxAmpsstartingamps": "#NULL!", "Generatorpicture": null, "PumpControllerManufacturer1": null, "PumpControllerManufacturerOtherspecify": null, "PumpControllerModelNumber": null, "Pictureofpumpcontroller": null, "PumpMotorModelNumber": null, "Pumpheadmodelnumber": null, "Typeandsizeofcasing": null, "Wellpumpremarks": null, "Isasensorinstalledatthesite": null, "Typeofsensorinstalled": null, "TypeofsensorinstalledOtherspecify": null, "Managementbody": null, "Currentmanagementstatus": null, "Whatisthemethodofpayment1": null, "WhatisthemethodofpaymentOtherspecify1": null, "Whatisthemethodofpayment2": null, "Typeoftariffsystemmostcommon": null, "WhatisthetariffamountinKES": "#NULL!", "Isthereaspecialtariffforlivestockperanimal": null, "WhatisthetariffpercamelKES": null, "WhatisthetariffpercattleKES": null, "WhatisthetariffperhorsedonkeyKES": null, "WhatisthetariffpergoatsheepKES": "#NULL!", "Isthereatariffperinstitutionschoolshealthcentresetc": null, "WhatisthemonthlyinstitutionaltariffKES": "#NULL!", "Numberofinstitutionssuppliedbyschemethatpayamonthlyinstitutional": "#NULL!", "Whenthisboreholeisworkingfromwheredohouseholdsprimarilygettheirw": null, "Whenthisboreholeisworkingfromwheredohouseholdsprimarilygetthei_A": null, "WhenthisboreholeisworkinghowmanyHOURSperdaydohouseholdstypically": "#NULL!", "Whenthisboreholeisnotworkingfromwheredohouseholdsprimarilygetthe": null, "WhenthisboreholeisNOTworkingandhouseholdshavetouseanalternativew": null, "Hastherebeensomewaterqualitytestingforthisschemeinthepast": null, "Yearofmostrecentwaterqualitytestdone": null, "Whatwastheresult": null, "Aretherespecificcontaminantsofconcern": null, "AretherespecificcontaminantsofconcernOtherspecify": null, "MeasuredWaterQualityTemperature": null, "MeasuredWaterQualitySpecificconductancemicroSiemenspercm": null, "\u00a0MeasuredWaterQualityTotalDissolvedSolidsmilligramsliter": null, "Pleaseaddanotherrelevantnotesontheborehole": null, "V109": "#NULL!", "V110": "Newly drilled but not equipped for use"}, "geometry": {"type": "Point", "coordinates": [40.556236, 0.128411199999989]}}, {"type": "Feature", "properties": {"Sno": 195, "SubCounty": "DADAAB", "Ward": "Dertu", "Village": "Hagarbul", "Latitude": 0.041448900000004, "Longitude": 40.0118418, "RuralUrban": "Rural", "DistancetonextstrategicBoreholekm": "25.00", "Totalnumberofhouseholdscurrentlyservedfromthescheme": "1300.0", "WhatistheserviceareaforthisschemeHowmanykilometersfromheredothep": "18.0", "Isthisschemeusedforagricultureandirrigationbyfarmers": "No", "Howmanyfarmersusethisscheme\u00a0": "#NULL!", "Whatistheaveragesizedfarmthatusesthiswaterhectares\u00a0": "#NULL!", "Isthewaterschemeusedforlivestock": "Yes", "Estimatednumberofcamelsusingschemeperday": "3000.0", "Estimatednumberofcattleusingschemeperday": "2500.0", "Estimatednumberofhorsesdonkeysusingwaterpointperday": "100.0", "Estimatednumberofgoatssheepusingwaterpointperday": "3000.0", "Isthewaterschemeusedforwatertrucking": "Yes", "Numberoftrucksfillingperday": "4.0", "Howmanytimesperweekdoesthewatertruckingoccur": "25.0", "Addanyothercommentsonwatertruckingdetails": "Water trucking done for human and livestock separately", "ConstructionyearofthewellboreholeinEFYortheyearofrehabilitation": "41105", "Boreholeorwelldepthmeters": "230.0", "Physicalstateofthewellborehole": "Good", "TypeofPower": "Hybrid", "Productionofsystemyieldordischargemeterscubedhour": "30", "Isthereawatermeteratthewatersource": "No", "Isthewatermeterworking": "No", "Whatisthecurrentreadingofthewatermeter": "#NULL!", "Isthewaterschemecurrentlyfunctional": "Yes", "Pleasetakeapictureillustratingthenonfunctionalityorpartialfuncti": "https://api.mwater.co/v3/images/13afd6b534e34185acd9ddb8fd1fced2", "Maincauseofnonfunctionalityorpartialfunctionality": "Surface pump failure", "MaincauseofnonfunctionalityorpartialfunctionalityOtherspecify": "Masonry tank leaking, steel tank leaking and too many leakages and burst along the pipe line", "Numberofmonthssincenonfunctional": "12", "Doestheschemehaveanyemergingproblemsthatmightleadtononfunctional": "Yes", "Pleasedescribetheproblemsthatmightleadtononfunctionalityinthenea": "Poor management and irresponsible community members \nTurned water point center for only livestock keeper to feed their animals", "Wasthewaterschemeoutofserviceoneormoredaysinthelastmonth": "Yes", "Numberofdaysoutofserviceinthelastmonth": "30.0", "Dateoflastserviceorrepair": "5-Dec-21", "Howmanytimeshasthewaterschemebrokeninthelastyear": "3.0", "Describethefunctionalityproblemsoverthepastyear": "Surface pump failure \nGenerator had mechanical failure \nDrop pipes leaking", "Howmanydaysperweekdoesthepumprunonaverage": "7.0", "Howmanyhoursperdaydoesthepumprunonaverage": "12.0", "Isthisaseasonalwaterschemethatcommonlyfailsinthedryseason": "Yes", "Isthepumpusedlessduringwetrainyseason": "Yes", "Duringwetrainyseasonshowmanydaysaweekdoesthepumprunonaverage": "5.0", "Duringwetrainyseasonshowmanyhoursperdaydoesthepumprunonaverage": "8.0", "SolarPanelpowerratingWatts": "330", "SolarPanelCondition": "Good", "Yearwhengeneratorwasinstalledoryearofreinstallation": "44022", "Physicalstateofthegenerator": "Poor", "Generatorbrand": null, "GeneratorbrandOtherspecify": null, "Generatormodel": null, "Generatorserialnumber": null, "GeneratormaxAmpsstartingamps": "#NULL!", "Generatorpicture": "https://api.mwater.co/v3/images/6f40a85401d64ef58195f30f56f04847; https://api.mwater.co/v3/images/bda77fc00384418eb93ec32bca010bd7", "PumpControllerManufacturer1": null, "PumpControllerManufacturerOtherspecify": null, "PumpControllerModelNumber": null, "Pictureofpumpcontroller": null, "PumpMotorModelNumber": null, "Pumpheadmodelnumber": null, "Typeandsizeofcasing": "GI 8\"", "Wellpumpremarks": "Motor size 18.5kw,Generator 70kva", "Isasensorinstalledatthesite": "Yes", "Typeofsensorinstalled": null, "TypeofsensorinstalledOtherspecify": null, "Managementbody": "No management", "Currentmanagementstatus": "Poor", "Whatisthemethodofpayment1": "Cash", "WhatisthemethodofpaymentOtherspecify1": null, "Whatisthemethodofpayment2": "Cash", "Typeoftariffsystemmostcommon": "Fixed", "WhatisthetariffamountinKES": "#NULL!", "Isthereaspecialtariffforlivestockperanimal": "Yes", "WhatisthetariffpercamelKES": 10.0, "WhatisthetariffpercattleKES": 10.0, "WhatisthetariffperhorsedonkeyKES": 0.0, "WhatisthetariffpergoatsheepKES": "5.0", "Isthereatariffperinstitutionschoolshealthcentresetc": "No", "WhatisthemonthlyinstitutionaltariffKES": "#NULL!", "Numberofinstitutionssuppliedbyschemethatpayamonthlyinstitutional": "#NULL!", "Whenthisboreholeisworkingfromwheredohouseholdsprimarilygettheirw": "At troughs with animals", "Whenthisboreholeisworkingfromwheredohouseholdsprimarilygetthei_A": null, "WhenthisboreholeisworkinghowmanyHOURSperdaydohouseholdstypically": "4.0", "Whenthisboreholeisnotworkingfromwheredohouseholdsprimarilygetthe": "Vendors and water pans", "WhenthisboreholeisNOTworkingandhouseholdshavetouseanalternativew": "12", "Hastherebeensomewaterqualitytestingforthisschemeinthepast": null, "Yearofmostrecentwaterqualitytestdone": null, "Whatwastheresult": null, "Aretherespecificcontaminantsofconcern": null, "AretherespecificcontaminantsofconcernOtherspecify": null, "MeasuredWaterQualityTemperature": null, "MeasuredWaterQualitySpecificconductancemicroSiemenspercm": "1", "\u00a0MeasuredWaterQualityTotalDissolvedSolidsmilligramsliter": null, "Pleaseaddanotherrelevantnotesontheborehole": "1", "V109": "#NULL!", "V110": null}, "geometry": {"type": "Point", "coordinates": [40.0118418, 0.0414489]}}, {"type": "Feature", "properties": {"Sno": 196, "SubCounty": "DADAAB", "Ward": "Abakaile", "Village": "Abakaile", "Latitude": 0.0758373000000033, "Longitude": 40.0972044, "RuralUrban": "Rural", "DistancetonextstrategicBoreholekm": "15.00", "Totalnumberofhouseholdscurrentlyservedfromthescheme": "350.0", "WhatistheserviceareaforthisschemeHowmanykilometersfromheredothep": "1.0", "Isthisschemeusedforagricultureandirrigationbyfarmers": "No", "Howmanyfarmersusethisscheme\u00a0": "#NULL!", "Whatistheaveragesizedfarmthatusesthiswaterhectares\u00a0": "#NULL!", "Isthewaterschemeusedforlivestock": "Yes", "Estimatednumberofcamelsusingschemeperday": "1000.0", "Estimatednumberofcattleusingschemeperday": "500.0", "Estimatednumberofhorsesdonkeysusingwaterpointperday": "50.0", "Estimatednumberofgoatssheepusingwaterpointperday": "2000.0", "Isthewaterschemeusedforwatertrucking": "Yes", "Numberoftrucksfillingperday": "2.0", "Howmanytimesperweekdoesthewatertruckingoccur": "14.0", "Addanyothercommentsonwatertruckingdetails": null, "ConstructionyearofthewellboreholeinEFYortheyearofrehabilitation": "42596", "Boreholeorwelldepthmeters": "180.0", "Physicalstateofthewellborehole": "Good", "TypeofPower": "Generator", "Productionofsystemyieldordischargemeterscubedhour": "14", "Isthereawatermeteratthewatersource": "No", "Isthewatermeterworking": "No", "Whatisthecurrentreadingofthewatermeter": "#NULL!", "Isthewaterschemecurrentlyfunctional": "Yes", "Pleasetakeapictureillustratingthenonfunctionalityorpartialfuncti": "https://api.mwater.co/v3/images/8c46b7b3f34d4c64b6f2bc05ce2732e0", "Maincauseofnonfunctionalityorpartialfunctionality": null, "MaincauseofnonfunctionalityorpartialfunctionalityOtherspecify": null, "Numberofmonthssincenonfunctional": null, "Doestheschemehaveanyemergingproblemsthatmightleadtononfunctional": "Yes", "Pleasedescribetheproblemsthatmightleadtononfunctionalityinthenea": "Burst and leakages", "Wasthewaterschemeoutofserviceoneormoredaysinthelastmonth": "No", "Numberofdaysoutofserviceinthelastmonth": "#NULL!", "Dateoflastserviceorrepair": "25-Dec-21", "Howmanytimeshasthewaterschemebrokeninthelastyear": "1.0", "Describethefunctionalityproblemsoverthepastyear": "Pump failure", "Howmanydaysperweekdoesthepumprunonaverage": "7.0", "Howmanyhoursperdaydoesthepumprunonaverage": "8.0", "Isthisaseasonalwaterschemethatcommonlyfailsinthedryseason": "Yes", "Isthepumpusedlessduringwetrainyseason": "Yes", "Duringwetrainyseasonshowmanydaysaweekdoesthepumprunonaverage": "6.0", "Duringwetrainyseasonshowmanyhoursperdaydoesthepumprunonaverage": "#NULL!", "SolarPanelpowerratingWatts": null, "SolarPanelCondition": null, "Yearwhengeneratorwasinstalledoryearofreinstallation": "42776", "Physicalstateofthegenerator": "Good", "Generatorbrand": null, "GeneratorbrandOtherspecify": null, "Generatormodel": null, "Generatorserialnumber": null, "GeneratormaxAmpsstartingamps": "#NULL!", "Generatorpicture": "https://api.mwater.co/v3/images/92fac62a0e9949acaf4093f63c3c930d", "PumpControllerManufacturer1": null, "PumpControllerManufacturerOtherspecify": null, "PumpControllerModelNumber": null, "Pictureofpumpcontroller": null, "PumpMotorModelNumber": null, "Pumpheadmodelnumber": null, "Typeandsizeofcasing": "GI 6\"", "Wellpumpremarks": "Motor size 11kw", "Isasensorinstalledatthesite": "Yes", "Typeofsensorinstalled": null, "TypeofsensorinstalledOtherspecify": null, "Managementbody": "Water management", "Currentmanagementstatus": "Good", "Whatisthemethodofpayment1": "Cash", "WhatisthemethodofpaymentOtherspecify1": null, "Whatisthemethodofpayment2": null, "Typeoftariffsystemmostcommon": "Fixed", "WhatisthetariffamountinKES": "#NULL!", "Isthereaspecialtariffforlivestockperanimal": "Yes", "WhatisthetariffpercamelKES": 10.0, "WhatisthetariffpercattleKES": 10.0, "WhatisthetariffperhorsedonkeyKES": 0.0, "WhatisthetariffpergoatsheepKES": "5.0", "Isthereatariffperinstitutionschoolshealthcentresetc": "No", "WhatisthemonthlyinstitutionaltariffKES": "#NULL!", "Numberofinstitutionssuppliedbyschemethatpayamonthlyinstitutional": "#NULL!", "Whenthisboreholeisworkingfromwheredohouseholdsprimarilygettheirw": "Water kiosk", "Whenthisboreholeisworkingfromwheredohouseholdsprimarilygetthei_A": null, "WhenthisboreholeisworkinghowmanyHOURSperdaydohouseholdstypically": "2.0", "Whenthisboreholeisnotworkingfromwheredohouseholdsprimarilygetthe": "Vendors", "WhenthisboreholeisNOTworkingandhouseholdshavetouseanalternativew": "12", "Hastherebeensomewaterqualitytestingforthisschemeinthepast": null, "Yearofmostrecentwaterqualitytestdone": null, "Whatwastheresult": null, "Aretherespecificcontaminantsofconcern": null, "AretherespecificcontaminantsofconcernOtherspecify": null, "MeasuredWaterQualityTemperature": null, "MeasuredWaterQualitySpecificconductancemicroSiemenspercm": "1", "\u00a0MeasuredWaterQualityTotalDissolvedSolidsmilligramsliter": null, "Pleaseaddanotherrelevantnotesontheborehole": "1", "V109": "#NULL!", "V110": null}, "geometry": {"type": "Point", "coordinates": [40.0972044, 0.0758373]}}, {"type": "Feature", "properties": {"Sno": 197, "SubCounty": "Fafi", "Ward": "Bura", "Village": "Wearable", "Latitude": -0.675427000000018, "Longitude": 39.8196144, "RuralUrban": "Rural", "DistancetonextstrategicBoreholekm": "10.00", "Totalnumberofhouseholdscurrentlyservedfromthescheme": "250.0", "WhatistheserviceareaforthisschemeHowmanykilometersfromheredothep": "0.0", "Isthisschemeusedforagricultureandirrigationbyfarmers": "No", "Howmanyfarmersusethisscheme\u00a0": "#NULL!", "Whatistheaveragesizedfarmthatusesthiswaterhectares\u00a0": "#NULL!", "Isthewaterschemeusedforlivestock": "No", "Estimatednumberofcamelsusingschemeperday": "30.0", "Estimatednumberofcattleusingschemeperday": "100.0", "Estimatednumberofhorsesdonkeysusingwaterpointperday": "50.0", "Estimatednumberofgoatssheepusingwaterpointperday": "1000.0", "Isthewaterschemeusedforwatertrucking": "No", "Numberoftrucksfillingperday": "#NULL!", "Howmanytimesperweekdoesthewatertruckingoccur": "#NULL!", "Addanyothercommentsonwatertruckingdetails": null, "ConstructionyearofthewellboreholeinEFYortheyearofrehabilitation": "43694", "Boreholeorwelldepthmeters": "40.0", "Physicalstateofthewellborehole": "Good", "TypeofPower": "Generator", "Productionofsystemyieldordischargemeterscubedhour": "7", "Isthereawatermeteratthewatersource": "No", "Isthewatermeterworking": "No", "Whatisthecurrentreadingofthewatermeter": "#NULL!", "Isthewaterschemecurrentlyfunctional": "No", "Pleasetakeapictureillustratingthenonfunctionalityorpartialfuncti": "https://api.mwater.co/v3/images/5d0bb094bc554aaebd4632baaf4decb7", "Maincauseofnonfunctionalityorpartialfunctionality": null, "MaincauseofnonfunctionalityorpartialfunctionalityOtherspecify": null, "Numberofmonthssincenonfunctional": "3", "Doestheschemehaveanyemergingproblemsthatmightleadtononfunctional": "Yes", "Pleasedescribetheproblemsthatmightleadtononfunctionalityinthenea": "Borehole has low production \nGenerator had mechanical problems \nNo proper storage facilities", "Wasthewaterschemeoutofserviceoneormoredaysinthelastmonth": "Yes", "Numberofdaysoutofserviceinthelastmonth": "#NULL!", "Dateoflastserviceorrepair": "15-Jan-22", "Howmanytimeshasthewaterschemebrokeninthelastyear": "3.0", "Describethefunctionalityproblemsoverthepastyear": "Low production \nGenerator mechanical failure \nNo fencing \nNo proper storage tank", "Howmanydaysperweekdoesthepumprunonaverage": "#NULL!", "Howmanyhoursperdaydoesthepumprunonaverage": "#NULL!", "Isthisaseasonalwaterschemethatcommonlyfailsinthedryseason": null, "Isthepumpusedlessduringwetrainyseason": null, "Duringwetrainyseasonshowmanydaysaweekdoesthepumprunonaverage": "#NULL!", "Duringwetrainyseasonshowmanyhoursperdaydoesthepumprunonaverage": "#NULL!", "SolarPanelpowerratingWatts": null, "SolarPanelCondition": null, "Yearwhengeneratorwasinstalledoryearofreinstallation": null, "Physicalstateofthegenerator": null, "Generatorbrand": null, "GeneratorbrandOtherspecify": null, "Generatormodel": null, "Generatorserialnumber": null, "GeneratormaxAmpsstartingamps": "#NULL!", "Generatorpicture": "https://api.mwater.co/v3/images/e8b19a57a63047f99913991caa532f1c", "PumpControllerManufacturer1": null, "PumpControllerManufacturerOtherspecify": null, "PumpControllerModelNumber": null, "Pictureofpumpcontroller": null, "PumpMotorModelNumber": null, "Pumpheadmodelnumber": null, "Typeandsizeofcasing": null, "Wellpumpremarks": null, "Isasensorinstalledatthesite": null, "Typeofsensorinstalled": null, "TypeofsensorinstalledOtherspecify": null, "Managementbody": null, "Currentmanagementstatus": null, "Whatisthemethodofpayment1": null, "WhatisthemethodofpaymentOtherspecify1": null, "Whatisthemethodofpayment2": null, "Typeoftariffsystemmostcommon": null, "WhatisthetariffamountinKES": "#NULL!", "Isthereaspecialtariffforlivestockperanimal": null, "WhatisthetariffpercamelKES": null, "WhatisthetariffpercattleKES": null, "WhatisthetariffperhorsedonkeyKES": null, "WhatisthetariffpergoatsheepKES": "#NULL!", "Isthereatariffperinstitutionschoolshealthcentresetc": null, "WhatisthemonthlyinstitutionaltariffKES": "#NULL!", "Numberofinstitutionssuppliedbyschemethatpayamonthlyinstitutional": "#NULL!", "Whenthisboreholeisworkingfromwheredohouseholdsprimarilygettheirw": null, "Whenthisboreholeisworkingfromwheredohouseholdsprimarilygetthei_A": null, "WhenthisboreholeisworkinghowmanyHOURSperdaydohouseholdstypically": "#NULL!", "Whenthisboreholeisnotworkingfromwheredohouseholdsprimarilygetthe": null, "WhenthisboreholeisNOTworkingandhouseholdshavetouseanalternativew": null, "Hastherebeensomewaterqualitytestingforthisschemeinthepast": null, "Yearofmostrecentwaterqualitytestdone": null, "Whatwastheresult": null, "Aretherespecificcontaminantsofconcern": null, "AretherespecificcontaminantsofconcernOtherspecify": null, "MeasuredWaterQualityTemperature": null, "MeasuredWaterQualitySpecificconductancemicroSiemenspercm": null, "\u00a0MeasuredWaterQualityTotalDissolvedSolidsmilligramsliter": null, "Pleaseaddanotherrelevantnotesontheborehole": null, "V109": "#NULL!", "V110": null}, "geometry": {"type": "Point", "coordinates": [39.8196144, -0.675427]}}, {"type": "Feature", "properties": {"Sno": 198, "SubCounty": "Fafi", "Ward": "Bura", "Village": "Abaqdera", "Latitude": -0.777045200000018, "Longitude": 39.8515936, "RuralUrban": "Rural", "DistancetonextstrategicBoreholekm": "15.00", "Totalnumberofhouseholdscurrentlyservedfromthescheme": "150.0", "WhatistheserviceareaforthisschemeHowmanykilometersfromheredothep": "2.5", "Isthisschemeusedforagricultureandirrigationbyfarmers": "No", "Howmanyfarmersusethisscheme\u00a0": "#NULL!", "Whatistheaveragesizedfarmthatusesthiswaterhectares\u00a0": "#NULL!", "Isthewaterschemeusedforlivestock": "Yes", "Estimatednumberofcamelsusingschemeperday": "50.0", "Estimatednumberofcattleusingschemeperday": "100.0", "Estimatednumberofhorsesdonkeysusingwaterpointperday": "20.0", "Estimatednumberofgoatssheepusingwaterpointperday": "500.0", "Isthewaterschemeusedforwatertrucking": "No", "Numberoftrucksfillingperday": "#NULL!", "Howmanytimesperweekdoesthewatertruckingoccur": "#NULL!", "Addanyothercommentsonwatertruckingdetails": null, "ConstructionyearofthewellboreholeinEFYortheyearofrehabilitation": "42232", "Boreholeorwelldepthmeters": "100.0", "Physicalstateofthewellborehole": "Good", "TypeofPower": "Hybrid", "Productionofsystemyieldordischargemeterscubedhour": "10", "Isthereawatermeteratthewatersource": "Yes", "Isthewatermeterworking": "No", "Whatisthecurrentreadingofthewatermeter": "#NULL!", "Isthewaterschemecurrentlyfunctional": "Yes", "Pleasetakeapictureillustratingthenonfunctionalityorpartialfuncti": null, "Maincauseofnonfunctionalityorpartialfunctionality": null, "MaincauseofnonfunctionalityorpartialfunctionalityOtherspecify": null, "Numberofmonthssincenonfunctional": null, "Doestheschemehaveanyemergingproblemsthatmightleadtononfunctional": null, "Pleasedescribetheproblemsthatmightleadtononfunctionalityinthenea": null, "Wasthewaterschemeoutofserviceoneormoredaysinthelastmonth": "No", "Numberofdaysoutofserviceinthelastmonth": "#NULL!", "Dateoflastserviceorrepair": "10-Dec-21", "Howmanytimeshasthewaterschemebrokeninthelastyear": "0.0", "Describethefunctionalityproblemsoverthepastyear": null, "Howmanydaysperweekdoesthepumprunonaverage": "4.0", "Howmanyhoursperdaydoesthepumprunonaverage": "6.0", "Isthisaseasonalwaterschemethatcommonlyfailsinthedryseason": "Yes", "Isthepumpusedlessduringwetrainyseason": "Yes", "Duringwetrainyseasonshowmanydaysaweekdoesthepumprunonaverage": "4.0", "Duringwetrainyseasonshowmanyhoursperdaydoesthepumprunonaverage": "5.0", "SolarPanelpowerratingWatts": "200", "SolarPanelCondition": null, "Yearwhengeneratorwasinstalledoryearofreinstallation": "43698", "Physicalstateofthegenerator": "Good", "Generatorbrand": null, "GeneratorbrandOtherspecify": null, "Generatormodel": null, "Generatorserialnumber": null, "GeneratormaxAmpsstartingamps": "#NULL!", "Generatorpicture": "https://api.mwater.co/v3/images/7f3afc3144c14f6c9ff587a2cbbb4a86", "PumpControllerManufacturer1": null, "PumpControllerManufacturerOtherspecify": null, "PumpControllerModelNumber": null, "Pictureofpumpcontroller": "https://api.mwater.co/v3/images/17acbba6a71b430a867234e05d40051d", "PumpMotorModelNumber": null, "Pumpheadmodelnumber": null, "Typeandsizeofcasing": null, "Wellpumpremarks": null, "Isasensorinstalledatthesite": "No", "Typeofsensorinstalled": null, "TypeofsensorinstalledOtherspecify": null, "Managementbody": "Water management", "Currentmanagementstatus": "Good", "Whatisthemethodofpayment1": "Cash", "WhatisthemethodofpaymentOtherspecify1": null, "Whatisthemethodofpayment2": null, "Typeoftariffsystemmostcommon": "Fixed", "WhatisthetariffamountinKES": "#NULL!", "Isthereaspecialtariffforlivestockperanimal": "Yes", "WhatisthetariffpercamelKES": 10.0, "WhatisthetariffpercattleKES": 10.0, "WhatisthetariffperhorsedonkeyKES": 0.0, "WhatisthetariffpergoatsheepKES": "5.0", "Isthereatariffperinstitutionschoolshealthcentresetc": "Yes", "WhatisthemonthlyinstitutionaltariffKES": "#NULL!", "Numberofinstitutionssuppliedbyschemethatpayamonthlyinstitutional": "#NULL!", "Whenthisboreholeisworkingfromwheredohouseholdsprimarilygettheirw": "Water kiosk", "Whenthisboreholeisworkingfromwheredohouseholdsprimarilygetthei_A": null, "WhenthisboreholeisworkinghowmanyHOURSperdaydohouseholdstypically": "2.0", "Whenthisboreholeisnotworkingfromwheredohouseholdsprimarilygetthe": null, "WhenthisboreholeisNOTworkingandhouseholdshavetouseanalternativew": "Vendors and river", "Hastherebeensomewaterqualitytestingforthisschemeinthepast": null, "Yearofmostrecentwaterqualitytestdone": null, "Whatwastheresult": null, "Aretherespecificcontaminantsofconcern": null, "AretherespecificcontaminantsofconcernOtherspecify": null, "MeasuredWaterQualityTemperature": null, "MeasuredWaterQualitySpecificconductancemicroSiemenspercm": "1", "\u00a0MeasuredWaterQualityTotalDissolvedSolidsmilligramsliter": null, "Pleaseaddanotherrelevantnotesontheborehole": "1", "V109": "#NULL!", "V110": null}, "geometry": {"type": "Point", "coordinates": [39.8515936, -0.777045200000018]}}, {"type": "Feature", "properties": {"Sno": 199, "SubCounty": "Fafi", "Ward": null, "Village": "Harjab", "Latitude": -0.7982625, "Longitude": 40.0149276, "RuralUrban": "Rural", "DistancetonextstrategicBoreholekm": "25.00", "Totalnumberofhouseholdscurrentlyservedfromthescheme": "150.0", "WhatistheserviceareaforthisschemeHowmanykilometersfromheredothep": "1.0", "Isthisschemeusedforagricultureandirrigationbyfarmers": "No", "Howmanyfarmersusethisscheme\u00a0": "#NULL!", "Whatistheaveragesizedfarmthatusesthiswaterhectares\u00a0": "#NULL!", "Isthewaterschemeusedforlivestock": "Yes", "Estimatednumberofcamelsusingschemeperday": "2000.0", "Estimatednumberofcattleusingschemeperday": "1500.0", "Estimatednumberofhorsesdonkeysusingwaterpointperday": "100.0", "Estimatednumberofgoatssheepusingwaterpointperday": "2000.0", "Isthewaterschemeusedforwatertrucking": "Yes", "Numberoftrucksfillingperday": "2.0", "Howmanytimesperweekdoesthewatertruckingoccur": "15.0", "Addanyothercommentsonwatertruckingdetails": "During extreme drought water trucking is done for both human and livestock population", "ConstructionyearofthewellboreholeinEFYortheyearofrehabilitation": "43886", "Boreholeorwelldepthmeters": "220.0", "Physicalstateofthewellborehole": "Good", "TypeofPower": "Generator", "Productionofsystemyieldordischargemeterscubedhour": "14", "Isthereawatermeteratthewatersource": "No", "Isthewatermeterworking": "No", "Whatisthecurrentreadingofthewatermeter": "#NULL!", "Isthewaterschemecurrentlyfunctional": "Yes", "Pleasetakeapictureillustratingthenonfunctionalityorpartialfuncti": null, "Maincauseofnonfunctionalityorpartialfunctionality": null, "MaincauseofnonfunctionalityorpartialfunctionalityOtherspecify": null, "Numberofmonthssincenonfunctional": null, "Doestheschemehaveanyemergingproblemsthatmightleadtononfunctional": "No", "Pleasedescribetheproblemsthatmightleadtononfunctionalityinthenea": null, "Wasthewaterschemeoutofserviceoneormoredaysinthelastmonth": "No", "Numberofdaysoutofserviceinthelastmonth": "#NULL!", "Dateoflastserviceorrepair": "5-Dec-21", "Howmanytimeshasthewaterschemebrokeninthelastyear": "0.0", "Describethefunctionalityproblemsoverthepastyear": null, "Howmanydaysperweekdoesthepumprunonaverage": "7.0", "Howmanyhoursperdaydoesthepumprunonaverage": "8.0", "Isthisaseasonalwaterschemethatcommonlyfailsinthedryseason": "Yes", "Isthepumpusedlessduringwetrainyseason": "Yes", "Duringwetrainyseasonshowmanydaysaweekdoesthepumprunonaverage": "4.0", "Duringwetrainyseasonshowmanyhoursperdaydoesthepumprunonaverage": "4.0", "SolarPanelpowerratingWatts": null, "SolarPanelCondition": null, "Yearwhengeneratorwasinstalledoryearofreinstallation": "43575", "Physicalstateofthegenerator": "Good", "Generatorbrand": null, "GeneratorbrandOtherspecify": null, "Generatormodel": null, "Generatorserialnumber": null, "GeneratormaxAmpsstartingamps": "#NULL!", "Generatorpicture": null, "PumpControllerManufacturer1": null, "PumpControllerManufacturerOtherspecify": null, "PumpControllerModelNumber": null, "Pictureofpumpcontroller": null, "PumpMotorModelNumber": null, "Pumpheadmodelnumber": null, "Typeandsizeofcasing": "GI 6\"", "Wellpumpremarks": null, "Isasensorinstalledatthesite": null, "Typeofsensorinstalled": null, "TypeofsensorinstalledOtherspecify": null, "Managementbody": null, "Currentmanagementstatus": null, "Whatisthemethodofpayment1": null, "WhatisthemethodofpaymentOtherspecify1": null, "Whatisthemethodofpayment2": null, "Typeoftariffsystemmostcommon": null, "WhatisthetariffamountinKES": "#NULL!", "Isthereaspecialtariffforlivestockperanimal": null, "WhatisthetariffpercamelKES": null, "WhatisthetariffpercattleKES": null, "WhatisthetariffperhorsedonkeyKES": null, "WhatisthetariffpergoatsheepKES": "#NULL!", "Isthereatariffperinstitutionschoolshealthcentresetc": null, "WhatisthemonthlyinstitutionaltariffKES": "#NULL!", "Numberofinstitutionssuppliedbyschemethatpayamonthlyinstitutional": "#NULL!", "Whenthisboreholeisworkingfromwheredohouseholdsprimarilygettheirw": "Water kiosk", "Whenthisboreholeisworkingfromwheredohouseholdsprimarilygetthei_A": null, "WhenthisboreholeisworkinghowmanyHOURSperdaydohouseholdstypically": "2.0", "Whenthisboreholeisnotworkingfromwheredohouseholdsprimarilygetthe": "Vendors and pans", "WhenthisboreholeisNOTworkingandhouseholdshavetouseanalternativew": null, "Hastherebeensomewaterqualitytestingforthisschemeinthepast": null, "Yearofmostrecentwaterqualitytestdone": null, "Whatwastheresult": null, "Aretherespecificcontaminantsofconcern": null, "AretherespecificcontaminantsofconcernOtherspecify": null, "MeasuredWaterQualityTemperature": null, "MeasuredWaterQualitySpecificconductancemicroSiemenspercm": "1", "\u00a0MeasuredWaterQualityTotalDissolvedSolidsmilligramsliter": null, "Pleaseaddanotherrelevantnotesontheborehole": "1", "V109": "#NULL!", "V110": null}, "geometry": {"type": "Point", "coordinates": [40.0149276, -0.7982625]}}, {"type": "Feature", "properties": {"Sno": 200, "SubCounty": "Township", "Ward": null, "Village": "Iftin 3", "Latitude": -0.501679100000015, "Longitude": 39.6537215, "RuralUrban": "Urban", "DistancetonextstrategicBoreholekm": "#NULL!", "Totalnumberofhouseholdscurrentlyservedfromthescheme": "#NULL!", "WhatistheserviceareaforthisschemeHowmanykilometersfromheredothep": "#NULL!", "Isthisschemeusedforagricultureandirrigationbyfarmers": null, "Howmanyfarmersusethisscheme\u00a0": "#NULL!", "Whatistheaveragesizedfarmthatusesthiswaterhectares\u00a0": "#NULL!", "Isthewaterschemeusedforlivestock": null, "Estimatednumberofcamelsusingschemeperday": "#NULL!", "Estimatednumberofcattleusingschemeperday": "#NULL!", "Estimatednumberofhorsesdonkeysusingwaterpointperday": "#NULL!", "Estimatednumberofgoatssheepusingwaterpointperday": "#NULL!", "Isthewaterschemeusedforwatertrucking": null, "Numberoftrucksfillingperday": "#NULL!", "Howmanytimesperweekdoesthewatertruckingoccur": "#NULL!", "Addanyothercommentsonwatertruckingdetails": null, "ConstructionyearofthewellboreholeinEFYortheyearofrehabilitation": null, "Boreholeorwelldepthmeters": "#NULL!", "Physicalstateofthewellborehole": null, "TypeofPower": null, "Productionofsystemyieldordischargemeterscubedhour": null, "Isthereawatermeteratthewatersource": null, "Isthewatermeterworking": "No", "Whatisthecurrentreadingofthewatermeter": "#NULL!", "Isthewaterschemecurrentlyfunctional": "No", "Pleasetakeapictureillustratingthenonfunctionalityorpartialfuncti": "https://api.mwater.co/v3/images/a840a1770b2647e9add8c143d881c377", "Maincauseofnonfunctionalityorpartialfunctionality": "Pump and motor blown up.", "MaincauseofnonfunctionalityorpartialfunctionalityOtherspecify": "Pump size 18.5kw", "Numberofmonthssincenonfunctional": "15", "Doestheschemehaveanyemergingproblemsthatmightleadtononfunctional": null, "Pleasedescribetheproblemsthatmightleadtononfunctionalityinthenea": null, "Wasthewaterschemeoutofserviceoneormoredaysinthelastmonth": null, "Numberofdaysoutofserviceinthelastmonth": "#NULL!", "Dateoflastserviceorrepair": "#NULL!", "Howmanytimeshasthewaterschemebrokeninthelastyear": "#NULL!", "Describethefunctionalityproblemsoverthepastyear": null, "Howmanydaysperweekdoesthepumprunonaverage": "#NULL!", "Howmanyhoursperdaydoesthepumprunonaverage": "#NULL!", "Isthisaseasonalwaterschemethatcommonlyfailsinthedryseason": null, "Isthepumpusedlessduringwetrainyseason": null, "Duringwetrainyseasonshowmanydaysaweekdoesthepumprunonaverage": "#NULL!", "Duringwetrainyseasonshowmanyhoursperdaydoesthepumprunonaverage": "#NULL!", "SolarPanelpowerratingWatts": null, "SolarPanelCondition": null, "Yearwhengeneratorwasinstalledoryearofreinstallation": null, "Physicalstateofthegenerator": null, "Generatorbrand": null, "GeneratorbrandOtherspecify": null, "Generatormodel": null, "Generatorserialnumber": null, "GeneratormaxAmpsstartingamps": "#NULL!", "Generatorpicture": null, "PumpControllerManufacturer1": null, "PumpControllerManufacturerOtherspecify": null, "PumpControllerModelNumber": null, "Pictureofpumpcontroller": null, "PumpMotorModelNumber": null, "Pumpheadmodelnumber": null, "Typeandsizeofcasing": null, "Wellpumpremarks": null, "Isasensorinstalledatthesite": null, "Typeofsensorinstalled": null, "TypeofsensorinstalledOtherspecify": null, "Managementbody": null, "Currentmanagementstatus": null, "Whatisthemethodofpayment1": null, "WhatisthemethodofpaymentOtherspecify1": null, "Whatisthemethodofpayment2": null, "Typeoftariffsystemmostcommon": null, "WhatisthetariffamountinKES": "#NULL!", "Isthereaspecialtariffforlivestockperanimal": null, "WhatisthetariffpercamelKES": null, "WhatisthetariffpercattleKES": null, "WhatisthetariffperhorsedonkeyKES": null, "WhatisthetariffpergoatsheepKES": "#NULL!", "Isthereatariffperinstitutionschoolshealthcentresetc": null, "WhatisthemonthlyinstitutionaltariffKES": "#NULL!", "Numberofinstitutionssuppliedbyschemethatpayamonthlyinstitutional": "#NULL!", "Whenthisboreholeisworkingfromwheredohouseholdsprimarilygettheirw": null, "Whenthisboreholeisworkingfromwheredohouseholdsprimarilygetthei_A": null, "WhenthisboreholeisworkinghowmanyHOURSperdaydohouseholdstypically": "#NULL!", "Whenthisboreholeisnotworkingfromwheredohouseholdsprimarilygetthe": null, "WhenthisboreholeisNOTworkingandhouseholdshavetouseanalternativew": null, "Hastherebeensomewaterqualitytestingforthisschemeinthepast": null, "Yearofmostrecentwaterqualitytestdone": null, "Whatwastheresult": null, "Aretherespecificcontaminantsofconcern": null, "AretherespecificcontaminantsofconcernOtherspecify": null, "MeasuredWaterQualityTemperature": null, "MeasuredWaterQualitySpecificconductancemicroSiemenspercm": null, "\u00a0MeasuredWaterQualityTotalDissolvedSolidsmilligramsliter": null, "Pleaseaddanotherrelevantnotesontheborehole": null, "V109": "#NULL!", "V110": null}, "geometry": {"type": "Point", "coordinates": [39.6537215, -0.501679100000015]}}, {"type": "Feature", "properties": {"Sno": 201, "SubCounty": "Township", "Ward": null, "Village": "ADC BH 2", "Latitude": -0.420985600000014, "Longitude": 39.6180454, "RuralUrban": "Urban", "DistancetonextstrategicBoreholekm": "#NULL!", "Totalnumberofhouseholdscurrentlyservedfromthescheme": "#NULL!", "WhatistheserviceareaforthisschemeHowmanykilometersfromheredothep": "#NULL!", "Isthisschemeusedforagricultureandirrigationbyfarmers": null, "Howmanyfarmersusethisscheme\u00a0": "#NULL!", "Whatistheaveragesizedfarmthatusesthiswaterhectares\u00a0": "#NULL!", "Isthewaterschemeusedforlivestock": null, "Estimatednumberofcamelsusingschemeperday": "#NULL!", "Estimatednumberofcattleusingschemeperday": "#NULL!", "Estimatednumberofhorsesdonkeysusingwaterpointperday": "#NULL!", "Estimatednumberofgoatssheepusingwaterpointperday": "#NULL!", "Isthewaterschemeusedforwatertrucking": null, "Numberoftrucksfillingperday": "#NULL!", "Howmanytimesperweekdoesthewatertruckingoccur": "#NULL!", "Addanyothercommentsonwatertruckingdetails": null, "ConstructionyearofthewellboreholeinEFYortheyearofrehabilitation": null, "Boreholeorwelldepthmeters": "#NULL!", "Physicalstateofthewellborehole": null, "TypeofPower": null, "Productionofsystemyieldordischargemeterscubedhour": null, "Isthereawatermeteratthewatersource": null, "Isthewatermeterworking": null, "Whatisthecurrentreadingofthewatermeter": "#NULL!", "Isthewaterschemecurrentlyfunctional": "No", "Pleasetakeapictureillustratingthenonfunctionalityorpartialfuncti": "https://api.mwater.co/v3/images/9360a189317743e694b97aa1c4ac2ba0", "Maincauseofnonfunctionalityorpartialfunctionality": null, "MaincauseofnonfunctionalityorpartialfunctionalityOtherspecify": "Not equiped", "Numberofmonthssincenonfunctional": "5", "Doestheschemehaveanyemergingproblemsthatmightleadtononfunctional": "Yes", "Pleasedescribetheproblemsthatmightleadtononfunctionalityinthenea": "Floods", "Wasthewaterschemeoutofserviceoneormoredaysinthelastmonth": null, "Numberofdaysoutofserviceinthelastmonth": "#NULL!", "Dateoflastserviceorrepair": "#NULL!", "Howmanytimeshasthewaterschemebrokeninthelastyear": "#NULL!", "Describethefunctionalityproblemsoverthepastyear": null, "Howmanydaysperweekdoesthepumprunonaverage": "#NULL!", "Howmanyhoursperdaydoesthepumprunonaverage": "#NULL!", "Isthisaseasonalwaterschemethatcommonlyfailsinthedryseason": null, "Isthepumpusedlessduringwetrainyseason": null, "Duringwetrainyseasonshowmanydaysaweekdoesthepumprunonaverage": "#NULL!", "Duringwetrainyseasonshowmanyhoursperdaydoesthepumprunonaverage": "#NULL!", "SolarPanelpowerratingWatts": null, "SolarPanelCondition": null, "Yearwhengeneratorwasinstalledoryearofreinstallation": null, "Physicalstateofthegenerator": null, "Generatorbrand": null, "GeneratorbrandOtherspecify": null, "Generatormodel": null, "Generatorserialnumber": null, "GeneratormaxAmpsstartingamps": "#NULL!", "Generatorpicture": null, "PumpControllerManufacturer1": null, "PumpControllerManufacturerOtherspecify": null, "PumpControllerModelNumber": null, "Pictureofpumpcontroller": null, "PumpMotorModelNumber": null, "Pumpheadmodelnumber": null, "Typeandsizeofcasing": null, "Wellpumpremarks": null, "Isasensorinstalledatthesite": null, "Typeofsensorinstalled": null, "TypeofsensorinstalledOtherspecify": null, "Managementbody": null, "Currentmanagementstatus": null, "Whatisthemethodofpayment1": null, "WhatisthemethodofpaymentOtherspecify1": null, "Whatisthemethodofpayment2": null, "Typeoftariffsystemmostcommon": null, "WhatisthetariffamountinKES": "#NULL!", "Isthereaspecialtariffforlivestockperanimal": null, "WhatisthetariffpercamelKES": null, "WhatisthetariffpercattleKES": null, "WhatisthetariffperhorsedonkeyKES": null, "WhatisthetariffpergoatsheepKES": "#NULL!", "Isthereatariffperinstitutionschoolshealthcentresetc": null, "WhatisthemonthlyinstitutionaltariffKES": "#NULL!", "Numberofinstitutionssuppliedbyschemethatpayamonthlyinstitutional": "#NULL!", "Whenthisboreholeisworkingfromwheredohouseholdsprimarilygettheirw": null, "Whenthisboreholeisworkingfromwheredohouseholdsprimarilygetthei_A": null, "WhenthisboreholeisworkinghowmanyHOURSperdaydohouseholdstypically": "#NULL!", "Whenthisboreholeisnotworkingfromwheredohouseholdsprimarilygetthe": null, "WhenthisboreholeisNOTworkingandhouseholdshavetouseanalternativew": null, "Hastherebeensomewaterqualitytestingforthisschemeinthepast": null, "Yearofmostrecentwaterqualitytestdone": null, "Whatwastheresult": null, "Aretherespecificcontaminantsofconcern": null, "AretherespecificcontaminantsofconcernOtherspecify": null, "MeasuredWaterQualityTemperature": null, "MeasuredWaterQualitySpecificconductancemicroSiemenspercm": null, "\u00a0MeasuredWaterQualityTotalDissolvedSolidsmilligramsliter": null, "Pleaseaddanotherrelevantnotesontheborehole": null, "V109": "#NULL!", "V110": null}, "geometry": {"type": "Point", "coordinates": [39.6180454, -0.420985600000014]}}, {"type": "Feature", "properties": {"Sno": 202, "SubCounty": "Township", "Ward": "Galbet", "Village": "ADC BH1", "Latitude": -0.420621500000014, "Longitude": 39.6181602, "RuralUrban": "Urban", "DistancetonextstrategicBoreholekm": "20.00", "Totalnumberofhouseholdscurrentlyservedfromthescheme": "2100.0", "WhatistheserviceareaforthisschemeHowmanykilometersfromheredothep": "#NULL!", "Isthisschemeusedforagricultureandirrigationbyfarmers": null, "Howmanyfarmersusethisscheme\u00a0": "#NULL!", "Whatistheaveragesizedfarmthatusesthiswaterhectares\u00a0": "#NULL!", "Isthewaterschemeusedforlivestock": null, "Estimatednumberofcamelsusingschemeperday": "#NULL!", "Estimatednumberofcattleusingschemeperday": "#NULL!", "Estimatednumberofhorsesdonkeysusingwaterpointperday": "#NULL!", "Estimatednumberofgoatssheepusingwaterpointperday": "#NULL!", "Isthewaterschemeusedforwatertrucking": null, "Numberoftrucksfillingperday": "#NULL!", "Howmanytimesperweekdoesthewatertruckingoccur": "#NULL!", "Addanyothercommentsonwatertruckingdetails": null, "ConstructionyearofthewellboreholeinEFYortheyearofrehabilitation": "44484", "Boreholeorwelldepthmeters": "40.0", "Physicalstateofthewellborehole": null, "TypeofPower": "Diesel", "Productionofsystemyieldordischargemeterscubedhour": "45", "Isthereawatermeteratthewatersource": "Yes", "Isthewatermeterworking": "Yes", "Whatisthecurrentreadingofthewatermeter": "#NULL!", "Isthewaterschemecurrentlyfunctional": "Yes", "Pleasetakeapictureillustratingthenonfunctionalityorpartialfuncti": "https://api.mwater.co/v3/images/2e8f109a07e6490f9c95a06167846217", "Maincauseofnonfunctionalityorpartialfunctionality": null, "MaincauseofnonfunctionalityorpartialfunctionalityOtherspecify": null, "Numberofmonthssincenonfunctional": null, "Doestheschemehaveanyemergingproblemsthatmightleadtononfunctional": null, "Pleasedescribetheproblemsthatmightleadtononfunctionalityinthenea": "Floods", "Wasthewaterschemeoutofserviceoneormoredaysinthelastmonth": "Yes", "Numberofdaysoutofserviceinthelastmonth": "7.0", "Dateoflastserviceorrepair": "#NULL!", "Howmanytimeshasthewaterschemebrokeninthelastyear": "#NULL!", "Describethefunctionalityproblemsoverthepastyear": null, "Howmanydaysperweekdoesthepumprunonaverage": "7.0", "Howmanyhoursperdaydoesthepumprunonaverage": "24.0", "Isthisaseasonalwaterschemethatcommonlyfailsinthedryseason": "No", "Isthepumpusedlessduringwetrainyseason": "No", "Duringwetrainyseasonshowmanydaysaweekdoesthepumprunonaverage": "#NULL!", "Duringwetrainyseasonshowmanyhoursperdaydoesthepumprunonaverage": "#NULL!", "SolarPanelpowerratingWatts": null, "SolarPanelCondition": null, "Yearwhengeneratorwasinstalledoryearofreinstallation": "44484", "Physicalstateofthegenerator": "Good", "Generatorbrand": "Parkin", "GeneratorbrandOtherspecify": null, "Generatormodel": null, "Generatorserialnumber": null, "GeneratormaxAmpsstartingamps": "#NULL!", "Generatorpicture": "https://api.mwater.co/v3/images/ab3dd2a84f214d0ca77bb22f03d94667; https://api.mwater.co/v3/images/e18f09813b314a59b34596575eda1288", "PumpControllerManufacturer1": null, "PumpControllerManufacturerOtherspecify": null, "PumpControllerModelNumber": null, "Pictureofpumpcontroller": null, "PumpMotorModelNumber": null, "Pumpheadmodelnumber": null, "Typeandsizeofcasing": null, "Wellpumpremarks": null, "Isasensorinstalledatthesite": null, "Typeofsensorinstalled": null, "TypeofsensorinstalledOtherspecify": null, "Managementbody": null, "Currentmanagementstatus": null, "Whatisthemethodofpayment1": null, "WhatisthemethodofpaymentOtherspecify1": null, "Whatisthemethodofpayment2": null, "Typeoftariffsystemmostcommon": null, "WhatisthetariffamountinKES": "#NULL!", "Isthereaspecialtariffforlivestockperanimal": null, "WhatisthetariffpercamelKES": null, "WhatisthetariffpercattleKES": null, "WhatisthetariffperhorsedonkeyKES": null, "WhatisthetariffpergoatsheepKES": "#NULL!", "Isthereatariffperinstitutionschoolshealthcentresetc": null, "WhatisthemonthlyinstitutionaltariffKES": "#NULL!", "Numberofinstitutionssuppliedbyschemethatpayamonthlyinstitutional": "#NULL!", "Whenthisboreholeisworkingfromwheredohouseholdsprimarilygettheirw": null, "Whenthisboreholeisworkingfromwheredohouseholdsprimarilygetthei_A": null, "WhenthisboreholeisworkinghowmanyHOURSperdaydohouseholdstypically": "#NULL!", "Whenthisboreholeisnotworkingfromwheredohouseholdsprimarilygetthe": null, "WhenthisboreholeisNOTworkingandhouseholdshavetouseanalternativew": null, "Hastherebeensomewaterqualitytestingforthisschemeinthepast": null, "Yearofmostrecentwaterqualitytestdone": null, "Whatwastheresult": null, "Aretherespecificcontaminantsofconcern": null, "AretherespecificcontaminantsofconcernOtherspecify": null, "MeasuredWaterQualityTemperature": null, "MeasuredWaterQualitySpecificconductancemicroSiemenspercm": null, "\u00a0MeasuredWaterQualityTotalDissolvedSolidsmilligramsliter": null, "Pleaseaddanotherrelevantnotesontheborehole": null, "V109": "#NULL!", "V110": null}, "geometry": {"type": "Point", "coordinates": [39.6181602, -0.420621500000014]}}, {"type": "Feature", "properties": {"Sno": 203, "SubCounty": "Township", "Ward": null, "Village": "Zidane bh 4", "Latitude": -0.470577800000009, "Longitude": 39.636564, "RuralUrban": "Urban", "DistancetonextstrategicBoreholekm": "50.00", "Totalnumberofhouseholdscurrentlyservedfromthescheme": "800.0", "WhatistheserviceareaforthisschemeHowmanykilometersfromheredothep": "#NULL!", "Isthisschemeusedforagricultureandirrigationbyfarmers": "No", "Howmanyfarmersusethisscheme\u00a0": "#NULL!", "Whatistheaveragesizedfarmthatusesthiswaterhectares\u00a0": "#NULL!", "Isthewaterschemeusedforlivestock": null, "Estimatednumberofcamelsusingschemeperday": "#NULL!", "Estimatednumberofcattleusingschemeperday": "#NULL!", "Estimatednumberofhorsesdonkeysusingwaterpointperday": "#NULL!", "Estimatednumberofgoatssheepusingwaterpointperday": "#NULL!", "Isthewaterschemeusedforwatertrucking": "No", "Numberoftrucksfillingperday": "#NULL!", "Howmanytimesperweekdoesthewatertruckingoccur": "#NULL!", "Addanyothercommentsonwatertruckingdetails": null, "ConstructionyearofthewellboreholeinEFYortheyearofrehabilitation": "39203", "Boreholeorwelldepthmeters": "40.0", "Physicalstateofthewellborehole": null, "TypeofPower": "Electricity", "Productionofsystemyieldordischargemeterscubedhour": "30", "Isthereawatermeteratthewatersource": "No", "Isthewatermeterworking": null, "Whatisthecurrentreadingofthewatermeter": "#NULL!", "Isthewaterschemecurrentlyfunctional": null, "Pleasetakeapictureillustratingthenonfunctionalityorpartialfuncti": null, "Maincauseofnonfunctionalityorpartialfunctionality": null, "MaincauseofnonfunctionalityorpartialfunctionalityOtherspecify": null, "Numberofmonthssincenonfunctional": null, "Doestheschemehaveanyemergingproblemsthatmightleadtononfunctional": null, "Pleasedescribetheproblemsthatmightleadtononfunctionalityinthenea": null, "Wasthewaterschemeoutofserviceoneormoredaysinthelastmonth": "No", "Numberofdaysoutofserviceinthelastmonth": "#NULL!", "Dateoflastserviceorrepair": "5-May-21", "Howmanytimeshasthewaterschemebrokeninthelastyear": "2.0", "Describethefunctionalityproblemsoverthepastyear": "Pump blown up as a result of power fluctuations", "Howmanydaysperweekdoesthepumprunonaverage": "7.0", "Howmanyhoursperdaydoesthepumprunonaverage": "24.0", "Isthisaseasonalwaterschemethatcommonlyfailsinthedryseason": null, "Isthepumpusedlessduringwetrainyseason": null, "Duringwetrainyseasonshowmanydaysaweekdoesthepumprunonaverage": "#NULL!", "Duringwetrainyseasonshowmanyhoursperdaydoesthepumprunonaverage": "#NULL!", "SolarPanelpowerratingWatts": "No solar power", "SolarPanelCondition": null, "Yearwhengeneratorwasinstalledoryearofreinstallation": null, "Physicalstateofthegenerator": null, "Generatorbrand": null, "GeneratorbrandOtherspecify": null, "Generatormodel": null, "Generatorserialnumber": null, "GeneratormaxAmpsstartingamps": "#NULL!", "Generatorpicture": null, "PumpControllerManufacturer1": null, "PumpControllerManufacturerOtherspecify": null, "PumpControllerModelNumber": null, "Pictureofpumpcontroller": null, "PumpMotorModelNumber": null, "Pumpheadmodelnumber": null, "Typeandsizeofcasing": null, "Wellpumpremarks": null, "Isasensorinstalledatthesite": null, "Typeofsensorinstalled": null, "TypeofsensorinstalledOtherspecify": null, "Managementbody": null, "Currentmanagementstatus": null, "Whatisthemethodofpayment1": null, "WhatisthemethodofpaymentOtherspecify1": null, "Whatisthemethodofpayment2": null, "Typeoftariffsystemmostcommon": null, "WhatisthetariffamountinKES": "#NULL!", "Isthereaspecialtariffforlivestockperanimal": null, "WhatisthetariffpercamelKES": null, "WhatisthetariffpercattleKES": null, "WhatisthetariffperhorsedonkeyKES": null, "WhatisthetariffpergoatsheepKES": "#NULL!", "Isthereatariffperinstitutionschoolshealthcentresetc": null, "WhatisthemonthlyinstitutionaltariffKES": "#NULL!", "Numberofinstitutionssuppliedbyschemethatpayamonthlyinstitutional": "#NULL!", "Whenthisboreholeisworkingfromwheredohouseholdsprimarilygettheirw": null, "Whenthisboreholeisworkingfromwheredohouseholdsprimarilygetthei_A": null, "WhenthisboreholeisworkinghowmanyHOURSperdaydohouseholdstypically": "#NULL!", "Whenthisboreholeisnotworkingfromwheredohouseholdsprimarilygetthe": null, "WhenthisboreholeisNOTworkingandhouseholdshavetouseanalternativew": null, "Hastherebeensomewaterqualitytestingforthisschemeinthepast": null, "Yearofmostrecentwaterqualitytestdone": null, "Whatwastheresult": null, "Aretherespecificcontaminantsofconcern": null, "AretherespecificcontaminantsofconcernOtherspecify": null, "MeasuredWaterQualityTemperature": null, "MeasuredWaterQualitySpecificconductancemicroSiemenspercm": null, "\u00a0MeasuredWaterQualityTotalDissolvedSolidsmilligramsliter": null, "Pleaseaddanotherrelevantnotesontheborehole": null, "V109": "#NULL!", "V110": null}, "geometry": {"type": "Point", "coordinates": [39.636564, -0.4705778]}}, {"type": "Feature", "properties": {"Sno": 204, "SubCounty": "Township", "Ward": null, "Village": "Ziwani bh1", "Latitude": -0.4716054, "Longitude": 39.6357851, "RuralUrban": "Urban", "DistancetonextstrategicBoreholekm": "#NULL!", "Totalnumberofhouseholdscurrentlyservedfromthescheme": "#NULL!", "WhatistheserviceareaforthisschemeHowmanykilometersfromheredothep": "#NULL!", "Isthisschemeusedforagricultureandirrigationbyfarmers": null, "Howmanyfarmersusethisscheme\u00a0": "#NULL!", "Whatistheaveragesizedfarmthatusesthiswaterhectares\u00a0": "#NULL!", "Isthewaterschemeusedforlivestock": null, "Estimatednumberofcamelsusingschemeperday": "#NULL!", "Estimatednumberofcattleusingschemeperday": "#NULL!", "Estimatednumberofhorsesdonkeysusingwaterpointperday": "#NULL!", "Estimatednumberofgoatssheepusingwaterpointperday": "#NULL!", "Isthewaterschemeusedforwatertrucking": null, "Numberoftrucksfillingperday": "#NULL!", "Howmanytimesperweekdoesthewatertruckingoccur": "#NULL!", "Addanyothercommentsonwatertruckingdetails": null, "ConstructionyearofthewellboreholeinEFYortheyearofrehabilitation": null, "Boreholeorwelldepthmeters": "#NULL!", "Physicalstateofthewellborehole": null, "TypeofPower": null, "Productionofsystemyieldordischargemeterscubedhour": null, "Isthereawatermeteratthewatersource": null, "Isthewatermeterworking": null, "Whatisthecurrentreadingofthewatermeter": "#NULL!", "Isthewaterschemecurrentlyfunctional": null, "Pleasetakeapictureillustratingthenonfunctionalityorpartialfuncti": null, "Maincauseofnonfunctionalityorpartialfunctionality": null, "MaincauseofnonfunctionalityorpartialfunctionalityOtherspecify": null, "Numberofmonthssincenonfunctional": null, "Doestheschemehaveanyemergingproblemsthatmightleadtononfunctional": null, "Pleasedescribetheproblemsthatmightleadtononfunctionalityinthenea": null, "Wasthewaterschemeoutofserviceoneormoredaysinthelastmonth": null, "Numberofdaysoutofserviceinthelastmonth": "#NULL!", "Dateoflastserviceorrepair": "#NULL!", "Howmanytimeshasthewaterschemebrokeninthelastyear": "#NULL!", "Describethefunctionalityproblemsoverthepastyear": null, "Howmanydaysperweekdoesthepumprunonaverage": "#NULL!", "Howmanyhoursperdaydoesthepumprunonaverage": "#NULL!", "Isthisaseasonalwaterschemethatcommonlyfailsinthedryseason": null, "Isthepumpusedlessduringwetrainyseason": null, "Duringwetrainyseasonshowmanydaysaweekdoesthepumprunonaverage": "#NULL!", "Duringwetrainyseasonshowmanyhoursperdaydoesthepumprunonaverage": "#NULL!", "SolarPanelpowerratingWatts": null, "SolarPanelCondition": null, "Yearwhengeneratorwasinstalledoryearofreinstallation": null, "Physicalstateofthegenerator": null, "Generatorbrand": null, "GeneratorbrandOtherspecify": null, "Generatormodel": null, "Generatorserialnumber": null, "GeneratormaxAmpsstartingamps": "#NULL!", "Generatorpicture": null, "PumpControllerManufacturer1": null, "PumpControllerManufacturerOtherspecify": null, "PumpControllerModelNumber": null, "Pictureofpumpcontroller": null, "PumpMotorModelNumber": null, "Pumpheadmodelnumber": null, "Typeandsizeofcasing": null, "Wellpumpremarks": null, "Isasensorinstalledatthesite": null, "Typeofsensorinstalled": null, "TypeofsensorinstalledOtherspecify": null, "Managementbody": null, "Currentmanagementstatus": null, "Whatisthemethodofpayment1": null, "WhatisthemethodofpaymentOtherspecify1": null, "Whatisthemethodofpayment2": null, "Typeoftariffsystemmostcommon": null, "WhatisthetariffamountinKES": "#NULL!", "Isthereaspecialtariffforlivestockperanimal": null, "WhatisthetariffpercamelKES": null, "WhatisthetariffpercattleKES": null, "WhatisthetariffperhorsedonkeyKES": null, "WhatisthetariffpergoatsheepKES": "#NULL!", "Isthereatariffperinstitutionschoolshealthcentresetc": null, "WhatisthemonthlyinstitutionaltariffKES": "#NULL!", "Numberofinstitutionssuppliedbyschemethatpayamonthlyinstitutional": "#NULL!", "Whenthisboreholeisworkingfromwheredohouseholdsprimarilygettheirw": null, "Whenthisboreholeisworkingfromwheredohouseholdsprimarilygetthei_A": null, "WhenthisboreholeisworkinghowmanyHOURSperdaydohouseholdstypically": "#NULL!", "Whenthisboreholeisnotworkingfromwheredohouseholdsprimarilygetthe": null, "WhenthisboreholeisNOTworkingandhouseholdshavetouseanalternativew": null, "Hastherebeensomewaterqualitytestingforthisschemeinthepast": null, "Yearofmostrecentwaterqualitytestdone": null, "Whatwastheresult": null, "Aretherespecificcontaminantsofconcern": null, "AretherespecificcontaminantsofconcernOtherspecify": null, "MeasuredWaterQualityTemperature": null, "MeasuredWaterQualitySpecificconductancemicroSiemenspercm": null, "\u00a0MeasuredWaterQualityTotalDissolvedSolidsmilligramsliter": null, "Pleaseaddanotherrelevantnotesontheborehole": null, "V109": "#NULL!", "V110": null}, "geometry": {"type": "Point", "coordinates": [39.6357851, -0.4716054]}}, {"type": "Feature", "properties": {"Sno": 205, "SubCounty": "Township", "Ward": null, "Village": "Iftin 2", "Latitude": -0.5016462, "Longitude": 39.6535286, "RuralUrban": "Urban", "DistancetonextstrategicBoreholekm": "#NULL!", "Totalnumberofhouseholdscurrentlyservedfromthescheme": "#NULL!", "WhatistheserviceareaforthisschemeHowmanykilometersfromheredothep": "#NULL!", "Isthisschemeusedforagricultureandirrigationbyfarmers": null, "Howmanyfarmersusethisscheme\u00a0": "#NULL!", "Whatistheaveragesizedfarmthatusesthiswaterhectares\u00a0": "#NULL!", "Isthewaterschemeusedforlivestock": null, "Estimatednumberofcamelsusingschemeperday": "#NULL!", "Estimatednumberofcattleusingschemeperday": "#NULL!", "Estimatednumberofhorsesdonkeysusingwaterpointperday": "#NULL!", "Estimatednumberofgoatssheepusingwaterpointperday": "#NULL!", "Isthewaterschemeusedforwatertrucking": null, "Numberoftrucksfillingperday": "#NULL!", "Howmanytimesperweekdoesthewatertruckingoccur": "#NULL!", "Addanyothercommentsonwatertruckingdetails": null, "ConstructionyearofthewellboreholeinEFYortheyearofrehabilitation": null, "Boreholeorwelldepthmeters": "#NULL!", "Physicalstateofthewellborehole": null, "TypeofPower": null, "Productionofsystemyieldordischargemeterscubedhour": null, "Isthereawatermeteratthewatersource": null, "Isthewatermeterworking": null, "Whatisthecurrentreadingofthewatermeter": "59654.000000000", "Isthewaterschemecurrentlyfunctional": null, "Pleasetakeapictureillustratingthenonfunctionalityorpartialfuncti": null, "Maincauseofnonfunctionalityorpartialfunctionality": null, "MaincauseofnonfunctionalityorpartialfunctionalityOtherspecify": null, "Numberofmonthssincenonfunctional": null, "Doestheschemehaveanyemergingproblemsthatmightleadtononfunctional": null, "Pleasedescribetheproblemsthatmightleadtononfunctionalityinthenea": null, "Wasthewaterschemeoutofserviceoneormoredaysinthelastmonth": null, "Numberofdaysoutofserviceinthelastmonth": "#NULL!", "Dateoflastserviceorrepair": "#NULL!", "Howmanytimeshasthewaterschemebrokeninthelastyear": "#NULL!", "Describethefunctionalityproblemsoverthepastyear": null, "Howmanydaysperweekdoesthepumprunonaverage": "#NULL!", "Howmanyhoursperdaydoesthepumprunonaverage": "#NULL!", "Isthisaseasonalwaterschemethatcommonlyfailsinthedryseason": null, "Isthepumpusedlessduringwetrainyseason": null, "Duringwetrainyseasonshowmanydaysaweekdoesthepumprunonaverage": "#NULL!", "Duringwetrainyseasonshowmanyhoursperdaydoesthepumprunonaverage": "#NULL!", "SolarPanelpowerratingWatts": null, "SolarPanelCondition": null, "Yearwhengeneratorwasinstalledoryearofreinstallation": null, "Physicalstateofthegenerator": null, "Generatorbrand": null, "GeneratorbrandOtherspecify": null, "Generatormodel": null, "Generatorserialnumber": null, "GeneratormaxAmpsstartingamps": "#NULL!", "Generatorpicture": null, "PumpControllerManufacturer1": null, "PumpControllerManufacturerOtherspecify": null, "PumpControllerModelNumber": null, "Pictureofpumpcontroller": null, "PumpMotorModelNumber": null, "Pumpheadmodelnumber": null, "Typeandsizeofcasing": null, "Wellpumpremarks": null, "Isasensorinstalledatthesite": null, "Typeofsensorinstalled": null, "TypeofsensorinstalledOtherspecify": null, "Managementbody": null, "Currentmanagementstatus": null, "Whatisthemethodofpayment1": null, "WhatisthemethodofpaymentOtherspecify1": null, "Whatisthemethodofpayment2": null, "Typeoftariffsystemmostcommon": null, "WhatisthetariffamountinKES": "#NULL!", "Isthereaspecialtariffforlivestockperanimal": null, "WhatisthetariffpercamelKES": null, "WhatisthetariffpercattleKES": null, "WhatisthetariffperhorsedonkeyKES": null, "WhatisthetariffpergoatsheepKES": "#NULL!", "Isthereatariffperinstitutionschoolshealthcentresetc": null, "WhatisthemonthlyinstitutionaltariffKES": "#NULL!", "Numberofinstitutionssuppliedbyschemethatpayamonthlyinstitutional": "#NULL!", "Whenthisboreholeisworkingfromwheredohouseholdsprimarilygettheirw": null, "Whenthisboreholeisworkingfromwheredohouseholdsprimarilygetthei_A": null, "WhenthisboreholeisworkinghowmanyHOURSperdaydohouseholdstypically": "#NULL!", "Whenthisboreholeisnotworkingfromwheredohouseholdsprimarilygetthe": null, "WhenthisboreholeisNOTworkingandhouseholdshavetouseanalternativew": null, "Hastherebeensomewaterqualitytestingforthisschemeinthepast": null, "Yearofmostrecentwaterqualitytestdone": null, "Whatwastheresult": null, "Aretherespecificcontaminantsofconcern": null, "AretherespecificcontaminantsofconcernOtherspecify": null, "MeasuredWaterQualityTemperature": null, "MeasuredWaterQualitySpecificconductancemicroSiemenspercm": null, "\u00a0MeasuredWaterQualityTotalDissolvedSolidsmilligramsliter": null, "Pleaseaddanotherrelevantnotesontheborehole": null, "V109": "#NULL!", "V110": "Does not have flood proofing"}, "geometry": {"type": "Point", "coordinates": [39.6535286, -0.5016462]}}, {"type": "Feature", "properties": {"Sno": 206, "SubCounty": "Township", "Ward": null, "Village": "Ziwani bh 2", "Latitude": -0.471579300000012, "Longitude": 39.6364019, "RuralUrban": "Urban", "DistancetonextstrategicBoreholekm": "#NULL!", "Totalnumberofhouseholdscurrentlyservedfromthescheme": "#NULL!", "WhatistheserviceareaforthisschemeHowmanykilometersfromheredothep": "#NULL!", "Isthisschemeusedforagricultureandirrigationbyfarmers": null, "Howmanyfarmersusethisscheme\u00a0": "#NULL!", "Whatistheaveragesizedfarmthatusesthiswaterhectares\u00a0": "#NULL!", "Isthewaterschemeusedforlivestock": null, "Estimatednumberofcamelsusingschemeperday": "#NULL!", "Estimatednumberofcattleusingschemeperday": "#NULL!", "Estimatednumberofhorsesdonkeysusingwaterpointperday": "#NULL!", "Estimatednumberofgoatssheepusingwaterpointperday": "#NULL!", "Isthewaterschemeusedforwatertrucking": null, "Numberoftrucksfillingperday": "#NULL!", "Howmanytimesperweekdoesthewatertruckingoccur": "#NULL!", "Addanyothercommentsonwatertruckingdetails": null, "ConstructionyearofthewellboreholeinEFYortheyearofrehabilitation": null, "Boreholeorwelldepthmeters": "40.0", "Physicalstateofthewellborehole": null, "TypeofPower": null, "Productionofsystemyieldordischargemeterscubedhour": null, "Isthereawatermeteratthewatersource": null, "Isthewatermeterworking": "Yes", "Whatisthecurrentreadingofthewatermeter": "#NULL!", "Isthewaterschemecurrentlyfunctional": "No", "Pleasetakeapictureillustratingthenonfunctionalityorpartialfuncti": "https://api.mwater.co/v3/images/dc75d3b5b1d1469aaa4866181728be2f", "Maincauseofnonfunctionalityorpartialfunctionality": "Vandalism", "MaincauseofnonfunctionalityorpartialfunctionalityOtherspecify": null, "Numberofmonthssincenonfunctional": "3", "Doestheschemehaveanyemergingproblemsthatmightleadtononfunctional": null, "Pleasedescribetheproblemsthatmightleadtononfunctionalityinthenea": null, "Wasthewaterschemeoutofserviceoneormoredaysinthelastmonth": null, "Numberofdaysoutofserviceinthelastmonth": "#NULL!", "Dateoflastserviceorrepair": "#NULL!", "Howmanytimeshasthewaterschemebrokeninthelastyear": "#NULL!", "Describethefunctionalityproblemsoverthepastyear": null, "Howmanydaysperweekdoesthepumprunonaverage": "#NULL!", "Howmanyhoursperdaydoesthepumprunonaverage": "#NULL!", "Isthisaseasonalwaterschemethatcommonlyfailsinthedryseason": null, "Isthepumpusedlessduringwetrainyseason": null, "Duringwetrainyseasonshowmanydaysaweekdoesthepumprunonaverage": "#NULL!", "Duringwetrainyseasonshowmanyhoursperdaydoesthepumprunonaverage": "#NULL!", "SolarPanelpowerratingWatts": null, "SolarPanelCondition": null, "Yearwhengeneratorwasinstalledoryearofreinstallation": null, "Physicalstateofthegenerator": null, "Generatorbrand": null, "GeneratorbrandOtherspecify": null, "Generatormodel": null, "Generatorserialnumber": null, "GeneratormaxAmpsstartingamps": "#NULL!", "Generatorpicture": null, "PumpControllerManufacturer1": null, "PumpControllerManufacturerOtherspecify": null, "PumpControllerModelNumber": null, "Pictureofpumpcontroller": null, "PumpMotorModelNumber": null, "Pumpheadmodelnumber": null, "Typeandsizeofcasing": null, "Wellpumpremarks": null, "Isasensorinstalledatthesite": null, "Typeofsensorinstalled": null, "TypeofsensorinstalledOtherspecify": null, "Managementbody": null, "Currentmanagementstatus": null, "Whatisthemethodofpayment1": null, "WhatisthemethodofpaymentOtherspecify1": null, "Whatisthemethodofpayment2": null, "Typeoftariffsystemmostcommon": null, "WhatisthetariffamountinKES": "#NULL!", "Isthereaspecialtariffforlivestockperanimal": null, "WhatisthetariffpercamelKES": null, "WhatisthetariffpercattleKES": null, "WhatisthetariffperhorsedonkeyKES": null, "WhatisthetariffpergoatsheepKES": "#NULL!", "Isthereatariffperinstitutionschoolshealthcentresetc": null, "WhatisthemonthlyinstitutionaltariffKES": "#NULL!", "Numberofinstitutionssuppliedbyschemethatpayamonthlyinstitutional": "#NULL!", "Whenthisboreholeisworkingfromwheredohouseholdsprimarilygettheirw": null, "Whenthisboreholeisworkingfromwheredohouseholdsprimarilygetthei_A": null, "WhenthisboreholeisworkinghowmanyHOURSperdaydohouseholdstypically": "#NULL!", "Whenthisboreholeisnotworkingfromwheredohouseholdsprimarilygetthe": null, "WhenthisboreholeisNOTworkingandhouseholdshavetouseanalternativew": null, "Hastherebeensomewaterqualitytestingforthisschemeinthepast": null, "Yearofmostrecentwaterqualitytestdone": null, "Whatwastheresult": null, "Aretherespecificcontaminantsofconcern": null, "AretherespecificcontaminantsofconcernOtherspecify": null, "MeasuredWaterQualityTemperature": null, "MeasuredWaterQualitySpecificconductancemicroSiemenspercm": null, "\u00a0MeasuredWaterQualityTotalDissolvedSolidsmilligramsliter": null, "Pleaseaddanotherrelevantnotesontheborehole": null, "V109": "#NULL!", "V110": null}, "geometry": {"type": "Point", "coordinates": [39.6364019, -0.471579300000012]}}, {"type": "Feature", "properties": {"Sno": 207, "SubCounty": "Fafi", "Ward": "Nanighi", "Village": "Kamithey", "Latitude": -0.733789400000005, "Longitude": 39.8317948, "RuralUrban": "Rural", "DistancetonextstrategicBoreholekm": "15.00", "Totalnumberofhouseholdscurrentlyservedfromthescheme": "300.0", "WhatistheserviceareaforthisschemeHowmanykilometersfromheredothep": "1.5", "Isthisschemeusedforagricultureandirrigationbyfarmers": "No", "Howmanyfarmersusethisscheme\u00a0": "#NULL!", "Whatistheaveragesizedfarmthatusesthiswaterhectares\u00a0": "#NULL!", "Isthewaterschemeusedforlivestock": "No", "Estimatednumberofcamelsusingschemeperday": "#NULL!", "Estimatednumberofcattleusingschemeperday": "#NULL!", "Estimatednumberofhorsesdonkeysusingwaterpointperday": "#NULL!", "Estimatednumberofgoatssheepusingwaterpointperday": "#NULL!", "Isthewaterschemeusedforwatertrucking": "No", "Numberoftrucksfillingperday": "#NULL!", "Howmanytimesperweekdoesthewatertruckingoccur": "#NULL!", "Addanyothercommentsonwatertruckingdetails": null, "ConstructionyearofthewellboreholeinEFYortheyearofrehabilitation": "42840", "Boreholeorwelldepthmeters": "40.0", "Physicalstateofthewellborehole": "Good", "TypeofPower": "Solar", "Productionofsystemyieldordischargemeterscubedhour": "18", "Isthereawatermeteratthewatersource": "Yes", "Isthewatermeterworking": "No", "Whatisthecurrentreadingofthewatermeter": "#NULL!", "Isthewaterschemecurrentlyfunctional": "Yes", "Pleasetakeapictureillustratingthenonfunctionalityorpartialfuncti": null, "Maincauseofnonfunctionalityorpartialfunctionality": null, "MaincauseofnonfunctionalityorpartialfunctionalityOtherspecify": null, "Numberofmonthssincenonfunctional": null, "Doestheschemehaveanyemergingproblemsthatmightleadtononfunctional": null, "Pleasedescribetheproblemsthatmightleadtononfunctionalityinthenea": null, "Wasthewaterschemeoutofserviceoneormoredaysinthelastmonth": null, "Numberofdaysoutofserviceinthelastmonth": "#NULL!", "Dateoflastserviceorrepair": "#NULL!", "Howmanytimeshasthewaterschemebrokeninthelastyear": "#NULL!", "Describethefunctionalityproblemsoverthepastyear": "Cleaning of solar panels \nPipe burst repairs", "Howmanydaysperweekdoesthepumprunonaverage": "5.0", "Howmanyhoursperdaydoesthepumprunonaverage": "6.0", "Isthisaseasonalwaterschemethatcommonlyfailsinthedryseason": "Yes", "Isthepumpusedlessduringwetrainyseason": "Yes", "Duringwetrainyseasonshowmanydaysaweekdoesthepumprunonaverage": "5.0", "Duringwetrainyseasonshowmanyhoursperdaydoesthepumprunonaverage": "6.0", "SolarPanelpowerratingWatts": "280", "SolarPanelCondition": "Good", "Yearwhengeneratorwasinstalledoryearofreinstallation": null, "Physicalstateofthegenerator": null, "Generatorbrand": null, "GeneratorbrandOtherspecify": null, "Generatormodel": null, "Generatorserialnumber": null, "GeneratormaxAmpsstartingamps": "#NULL!", "Generatorpicture": "https://api.mwater.co/v3/images/67a6416ba7584c69ac99b79124f0242e", "PumpControllerManufacturer1": null, "PumpControllerManufacturerOtherspecify": null, "PumpControllerModelNumber": null, "Pictureofpumpcontroller": null, "PumpMotorModelNumber": null, "Pumpheadmodelnumber": null, "Typeandsizeofcasing": "GI 6\"", "Wellpumpremarks": null, "Isasensorinstalledatthesite": null, "Typeofsensorinstalled": null, "TypeofsensorinstalledOtherspecify": null, "Managementbody": null, "Currentmanagementstatus": null, "Whatisthemethodofpayment1": null, "WhatisthemethodofpaymentOtherspecify1": null, "Whatisthemethodofpayment2": null, "Typeoftariffsystemmostcommon": null, "WhatisthetariffamountinKES": "#NULL!", "Isthereaspecialtariffforlivestockperanimal": null, "WhatisthetariffpercamelKES": null, "WhatisthetariffpercattleKES": null, "WhatisthetariffperhorsedonkeyKES": null, "WhatisthetariffpergoatsheepKES": "#NULL!", "Isthereatariffperinstitutionschoolshealthcentresetc": "Yes", "WhatisthemonthlyinstitutionaltariffKES": "1000.0", "Numberofinstitutionssuppliedbyschemethatpayamonthlyinstitutional": "1.0", "Whenthisboreholeisworkingfromwheredohouseholdsprimarilygettheirw": "Water kiosk and piping system connected to some households", "Whenthisboreholeisworkingfromwheredohouseholdsprimarilygetthei_A": null, "WhenthisboreholeisworkinghowmanyHOURSperdaydohouseholdstypically": "2.0", "Whenthisboreholeisnotworkingfromwheredohouseholdsprimarilygetthe": "River", "WhenthisboreholeisNOTworkingandhouseholdshavetouseanalternativew": null, "Hastherebeensomewaterqualitytestingforthisschemeinthepast": null, "Yearofmostrecentwaterqualitytestdone": null, "Whatwastheresult": null, "Aretherespecificcontaminantsofconcern": null, "AretherespecificcontaminantsofconcernOtherspecify": null, "MeasuredWaterQualityTemperature": null, "MeasuredWaterQualitySpecificconductancemicroSiemenspercm": "1", "\u00a0MeasuredWaterQualityTotalDissolvedSolidsmilligramsliter": null, "Pleaseaddanotherrelevantnotesontheborehole": "1", "V109": "#NULL!", "V110": null}, "geometry": {"type": "Point", "coordinates": [39.8317948, -0.7337894]}}]}