{"type":"FeatureCollection","features":[{"type":"Feature","properties":{"village":"Hagarjariri","ward":"Balambla","setting":"Rural","households_served":"50.0","functional":"No","depth_m":"0.0","yield_m3h":"0","power":"0","camels_day":"2000.0","cattle_day":"0.0","shoats_day":"400.0","fails_dry_season":"No","management":"No fuction","elev_m":145,"dist_tana_km":1.66,"flooded_2023":false,"flooded_2024":false,"nearest_lagha_km":0.71,"nearest_lagha_hazard":"Very High","flood_exposure":"Moderate","subcounty":"Garissa Township","in_county":true},"geometry":{"type":"Point","coordinates":[39.64053,-0.44936]}},{"type":"Feature","properties":{"village":"Ashahidin","ward":"Balambla","setting":"Rural","households_served":"58.0","functional":"No","depth_m":"300.0","yield_m3h":"0","power":"No power","camels_day":"0.0","cattle_day":"0.0","shoats_day":"0.0","fails_dry_season":"No","management":"Water users association","elev_m":145,"dist_tana_km":1.66,"flooded_2023":false,"flooded_2024":false,"nearest_lagha_km":0.71,"nearest_lagha_hazard":"Very High","flood_exposure":"Moderate","subcounty":"Garissa Township","in_county":true},"geometry":{"type":"Point","coordinates":[39.64053,-0.44936]}},{"type":"Feature","properties":{"village":"Ohiyo","ward":"Balambla","setting":"Rural","households_served":"30.0","functional":"Yes","depth_m":"#NULL!","yield_m3h":"1.5","power":null,"camels_day":"0.0","cattle_day":"200.0","shoats_day":"500.0","fails_dry_season":"Yes","management":"Water use association","elev_m":145,"dist_tana_km":1.66,"flooded_2023":false,"flooded_2024":false,"nearest_lagha_km":0.71,"nearest_lagha_hazard":"Very High","flood_exposure":"Moderate","subcounty":"Garissa Township","in_county":true},"geometry":{"type":"Point","coordinates":[39.64053,-0.44936]}},{"type":"Feature","properties":{"village":"Shimbirey","ward":"Sankuri","setting":"Rural","households_served":"140.0","functional":"Yes","depth_m":"200.0","yield_m3h":"2","power":"Hybrid","camels_day":"20.0","cattle_day":"20.0","shoats_day":"500.0","fails_dry_season":"No","management":"Water users association","elev_m":145,"dist_tana_km":1.66,"flooded_2023":false,"flooded_2024":false,"nearest_lagha_km":0.71,"nearest_lagha_hazard":"Very High","flood_exposure":"Moderate","subcounty":"Garissa Township","in_county":true},"geometry":{"type":"Point","coordinates":[39.64053,-0.44936]}},{"type":"Feature","properties":{"village":"Saka 1","ward":"Saka","setting":"Rural","households_served":"700.0","functional":"No","depth_m":"10.0","yield_m3h":"20","power":"Generator /Lester","camels_day":"0.0","cattle_day":"0.0","shoats_day":"0.0","fails_dry_season":"Yes","management":"Saka water users association","elev_m":186,"dist_tana_km":0.27,"flooded_2023":false,"flooded_2024":false,"nearest_lagha_km":2.15,"nearest_lagha_hazard":"High","flood_exposure":"High","subcounty":null,"in_county":true},"geometry":{"type":"Point","coordinates":[39.32642,-0.14497]}},{"type":"Feature","properties":{"village":"Saka new","ward":"Saka","setting":"Rural","households_served":"800.0","functional":"Yes","depth_m":"30.0","yield_m3h":"35","power":"Solar","camels_day":"500.0","cattle_day":"800.0","shoats_day":"1000.0","fails_dry_season":"No","management":"Saka Water users association","elev_m":181,"dist_tana_km":0.48,"flooded_2023":false,"flooded_2024":false,"nearest_lagha_km":1.95,"nearest_lagha_hazard":"High","flood_exposure":"High","subcounty":null,"in_county":true},"geometry":{"type":"Point","coordinates":[39.3292,-0.1454]}},{"type":"Feature","properties":{"village":"Abdisamadi borehole 2","ward":"Sankuri","setting":"Rural","households_served":"200.0","functional":"Yes","depth_m":"250.0","yield_m3h":"4","power":"Generator","camels_day":"0.0","cattle_day":"0.0","shoats_day":"50.0","fails_dry_season":"Yes","management":"Water users association","elev_m":138,"dist_tana_km":1.64,"flooded_2023":true,"flooded_2024":true,"nearest_lagha_km":0.78,"nearest_lagha_hazard":"Very High","flood_exposure":"Very High","subcounty":"Garissa Township","in_county":true},"geometry":{"type":"Point","coordinates":[39.64852,-0.48747]}},{"type":"Feature","properties":{"village":"Balich 1","ward":"Sankuri","setting":"Rural","households_served":"600.0","functional":"No","depth_m":"50.0","yield_m3h":"10","power":"Generator","camels_day":"0.0","cattle_day":"60.0","shoats_day":"100.0","fails_dry_season":"No","management":"Water users association","elev_m":138,"dist_tana_km":1.64,"flooded_2023":true,"flooded_2024":true,"nearest_lagha_km":0.78,"nearest_lagha_hazard":"Very High","flood_exposure":"Very High","subcounty":"Garissa Township","in_county":true},"geometry":{"type":"Point","coordinates":[39.64852,-0.48747]}},{"type":"Feature","properties":{"village":"Garasweynow","ward":"Bura","setting":"Rural","households_served":"160.0","functional":"Yes","depth_m":"150.0","yield_m3h":"12","power":"Generator","camels_day":"0.0","cattle_day":"650.0","shoats_day":"3500.0","fails_dry_season":"No","management":"Water users association","elev_m":138,"dist_tana_km":1.64,"flooded_2023":true,"flooded_2024":true,"nearest_lagha_km":0.78,"nearest_lagha_hazard":"Very High","flood_exposure":"Very High","subcounty":"Garissa Township","in_county":true},"geometry":{"type":"Point","coordinates":[39.64852,-0.48747]}},{"type":"Feature","properties":{"village":"Aliemshi","ward":"Bura","setting":"Rural","households_served":"120.0","functional":"Yes","depth_m":"150.0","yield_m3h":"12","power":"Generator","camels_day":"0.0","cattle_day":"0.0","shoats_day":"0.0","fails_dry_season":"No","management":"Water users association","elev_m":84,"dist_tana_km":3.97,"flooded_2023":false,"flooded_2024":false,"nearest_lagha_km":2.0,"nearest_lagha_hazard":"Moderate","flood_exposure":"Moderate","subcounty":null,"in_county":true},"geometry":{"type":"Point","coordinates":[40.0513,-1.35397]}},{"type":"Feature","properties":{"village":"Jamble","ward":"Bura","setting":"Rural","households_served":"180.0","functional":"Yes","depth_m":"150.0","yield_m3h":"6","power":"Solar","camels_day":"0.0","cattle_day":"30.0","shoats_day":"50.0","fails_dry_season":"No","management":"Water users association","elev_m":92,"dist_tana_km":2.04,"flooded_2023":false,"flooded_2024":false,"nearest_lagha_km":0.38,"nearest_lagha_hazard":"Very High","flood_exposure":"High","subcounty":null,"in_county":true},"geometry":{"type":"Point","coordinates":[39.91539,-1.00893]}},{"type":"Feature","properties":{"village":"Nathir","ward":"Nanigh","setting":"Rural","households_served":"80.0","functional":"Yes","depth_m":"50.0","yield_m3h":"12","power":"Generator and solar","camels_day":"0.0","cattle_day":"0.0","shoats_day":"0.0","fails_dry_season":"No","management":"Water users association","elev_m":116,"dist_tana_km":1.55,"flooded_2023":false,"flooded_2024":false,"nearest_lagha_km":0.29,"nearest_lagha_hazard":"Moderate","flood_exposure":"High","subcounty":null,"in_county":true},"geometry":{"type":"Point","coordinates":[39.8281,-0.7069]}},{"type":"Feature","properties":{"village":"Nanigi","ward":"Nanigi","setting":"Rural","households_served":"600.0","functional":"Yes","depth_m":"150.0","yield_m3h":"10","power":"Generator and solar","camels_day":"0.0","cattle_day":"0.0","shoats_day":"0.0","fails_dry_season":"No","management":"Water users association","elev_m":105,"dist_tana_km":0.07,"flooded_2023":false,"flooded_2024":false,"nearest_lagha_km":6.15,"nearest_lagha_hazard":"Moderate","flood_exposure":"High","subcounty":null,"in_county":true},"geometry":{"type":"Point","coordinates":[39.86469,-0.85542]}},{"type":"Feature","properties":{"village":"Guyo","ward":"Nanigh","setting":"Rural","households_served":"250.0","functional":"No","depth_m":"250.0","yield_m3h":"4","power":"Solar","camels_day":"0.0","cattle_day":"0.0","shoats_day":"20.0","fails_dry_season":"No","management":"Water users association","elev_m":101,"dist_tana_km":1.41,"flooded_2023":false,"flooded_2024":false,"nearest_lagha_km":1.65,"nearest_lagha_hazard":"Moderate","flood_exposure":"Moderate","subcounty":null,"in_county":true},"geometry":{"type":"Point","coordinates":[39.89375,-0.94189]}},{"type":"Feature","properties":{"village":"Mathahgisi borehole","ward":"Damajaley","setting":"Rural","households_served":"300.0","functional":"Yes","depth_m":"180.0","yield_m3h":"22","power":"Generator","camels_day":"2500.0","cattle_day":"1500.0","shoats_day":"600.0","fails_dry_season":"No","management":"Water users Association (WUA)","elev_m":115,"dist_tana_km":109.18,"flooded_2023":false,"flooded_2024":false,"nearest_lagha_km":1.0,"nearest_lagha_hazard":"Very High","flood_exposure":"Moderate","subcounty":"Dadaab","in_county":true},"geometry":{"type":"Point","coordinates":[40.43071,0.16154]}},{"type":"Feature","properties":{"village":"libahlow","ward":"Abakayle","setting":"rural","households_served":"300.0","functional":"Yes","depth_m":"168.0","yield_m3h":"22","power":"generator","camels_day":"300.0","cattle_day":"500.0","shoats_day":"3000.0","fails_dry_season":"No","management":"Water users Association","elev_m":138,"dist_tana_km":88.46,"flooded_2023":false,"flooded_2024":false,"nearest_lagha_km":0.75,"nearest_lagha_hazard":"Very High","flood_exposure":"Moderate","subcounty":"Lagdera","in_county":true},"geometry":{"type":"Point","coordinates":[40.06769,0.308]}},{"type":"Feature","properties":{"village":"Iftin","ward":"Iftin boreho","setting":"Urban","households_served":"2000.0","functional":"Yes","depth_m":"150.0","yield_m3h":"10","power":"Generator","camels_day":"0.0","cattle_day":"0.0","shoats_day":"0.0","fails_dry_season":"No","management":"Water users association","elev_m":144,"dist_tana_km":1.96,"flooded_2023":false,"flooded_2024":false,"nearest_lagha_km":0.28,"nearest_lagha_hazard":"Very High","flood_exposure":"High","subcounty":"Garissa Township","in_county":true},"geometry":{"type":"Point","coordinates":[39.65069,-0.47347]}},{"type":"Feature","properties":{"village":"Iftin","ward":"Iftin boreho","setting":"Urban","households_served":"2000.0","functional":"Yes","depth_m":"150.0","yield_m3h":"10","power":"Generator","camels_day":"0.0","cattle_day":"0.0","shoats_day":"0.0","fails_dry_season":"No","management":"Water users association","elev_m":142,"dist_tana_km":2.37,"flooded_2023":false,"flooded_2024":false,"nearest_lagha_km":0.1,"nearest_lagha_hazard":"Very High","flood_exposure":"High","subcounty":"Garissa Township","in_county":true},"geometry":{"type":"Point","coordinates":[39.6544,-0.47436]}},{"type":"Feature","properties":{"village":"Iftin","ward":"Iftin boreho","setting":"Urban","households_served":"2000.0","functional":"Yes","depth_m":"150.0","yield_m3h":"10","power":"Generat","camels_day":"0.0","cattle_day":"0.0","shoats_day":"0.0","fails_dry_season":"Yes","management":"Water users association","elev_m":142,"dist_tana_km":2.37,"flooded_2023":false,"flooded_2024":false,"nearest_lagha_km":0.1,"nearest_lagha_hazard":"Very High","flood_exposure":"High","subcounty":"Garissa Township","in_county":true},"geometry":{"type":"Point","coordinates":[39.6544,-0.47436]}},{"type":"Feature","properties":{"village":"kadakso borehole","ward":"Liboi","setting":"Rural","households_served":"450.0","functional":"Yes","depth_m":"132.0","yield_m3h":"14","power":"generator","camels_day":"400.0","cattle_day":"300.0","shoats_day":"2000.0","fails_dry_season":"No","management":"Water users Assosciation","elev_m":112,"dist_tana_km":127.4,"flooded_2023":false,"flooded_2024":false,"nearest_lagha_km":0.4,"nearest_lagha_hazard":"Very High","flood_exposure":"High","subcounty":"Dadaab","in_county":true},"geometry":{"type":"Point","coordinates":[40.59416,0.20716]}},{"type":"Feature","properties":{"village":"Ali qarsade borehole","ward":"abagayle","setting":"rural","households_served":"450.0","functional":"Yes","depth_m":"168.0","yield_m3h":"14","power":"hybride power","camels_day":"1900.0","cattle_day":"1200.0","shoats_day":"3500.0","fails_dry_season":"No","management":"Water users association","elev_m":157,"dist_tana_km":72.82,"flooded_2023":false,"flooded_2024":false,"nearest_lagha_km":0.18,"nearest_lagha_hazard":"Very High","flood_exposure":"High","subcounty":"Lagdera","in_county":true},"geometry":{"type":"Point","coordinates":[39.92973,0.24457]}},{"type":"Feature","properties":{"village":"bogyar borehole","ward":"Abakayle","setting":"Rural","households_served":"550.0","functional":"Yes","depth_m":"180.0","yield_m3h":"12","power":"generator","camels_day":"900.0","cattle_day":"650.0","shoats_day":"2000.0","fails_dry_season":"No","management":"Water users Association","elev_m":140,"dist_tana_km":82.2,"flooded_2023":false,"flooded_2024":false,"nearest_lagha_km":0.16,"nearest_lagha_hazard":"Moderate","flood_exposure":"Moderate","subcounty":"Dadaab","in_county":true},"geometry":{"type":"Point","coordinates":[40.25249,-0.01589]}},{"type":"Feature","properties":{"village":"abdisugow borehole","ward":"Damajaley","setting":"Rural","households_served":"700.0","functional":"Yes","depth_m":"168.0","yield_m3h":"12","power":"generator","camels_day":"1300.0","cattle_day":"900.0","shoats_day":"3500.0","fails_dry_season":"No","management":"Water users association","elev_m":104,"dist_tana_km":140.82,"flooded_2023":false,"flooded_2024":false,"nearest_lagha_km":0.17,"nearest_lagha_hazard":"Moderate","flood_exposure":"Moderate","subcounty":"Dadaab","in_county":true},"geometry":{"type":"Point","coordinates":[40.77799,0.16037]}},{"type":"Feature","properties":{"village":"Adc","ward":"Galbelt bore","setting":"Urban","households_served":"6000.0","functional":"Yes","depth_m":"150.0","yield_m3h":"9","power":"Generator","camels_day":"0.0","cattle_day":"0.0","shoats_day":"0.0","fails_dry_season":"No","management":"Water users association","elev_m":138,"dist_tana_km":1.64,"flooded_2023":true,"flooded_2024":true,"nearest_lagha_km":0.78,"nearest_lagha_hazard":"Very High","flood_exposure":"Very High","subcounty":"Garissa Township","in_county":true},"geometry":{"type":"Point","coordinates":[39.64852,-0.48747]}},{"type":"Feature","properties":{"village":"boransis borehole","ward":"Dertu","setting":"Rural","households_served":"400.0","functional":"Yes","depth_m":"168.0","yield_m3h":"11","power":"generator","camels_day":"1500.0","cattle_day":"600.0","shoats_day":"3500.0","fails_dry_season":"No","management":"Water users association","elev_m":161,"dist_tana_km":70.69,"flooded_2023":false,"flooded_2024":false,"nearest_lagha_km":1.34,"nearest_lagha_hazard":"Very High","flood_exposure":"Moderate","subcounty":"Lagdera","in_county":true},"geometry":{"type":"Point","coordinates":[39.84042,0.29604]}},{"type":"Feature","properties":{"village":"Kulan borehole 1","ward":"Liboi","setting":"Rural","households_served":"480.0","functional":"Yes","depth_m":"180.0","yield_m3h":"14","power":"generator","camels_day":"1000.0","cattle_day":"1200.0","shoats_day":"3000.0","fails_dry_season":"No","management":"Water users association","elev_m":109,"dist_tana_km":132.3,"flooded_2023":false,"flooded_2024":false,"nearest_lagha_km":1.82,"nearest_lagha_hazard":"Very High","flood_exposure":"Low","subcounty":"Dadaab","in_county":true},"geometry":{"type":"Point","coordinates":[40.64176,0.21203]}},{"type":"Feature","properties":{"village":"kulan borehole 2","ward":"Liboi","setting":"Rural","households_served":"500.0","functional":"No","depth_m":"168.0","yield_m3h":"14","power":"generator","camels_day":"1000.0","cattle_day":"500.0","shoats_day":"3000.0","fails_dry_season":"No","management":"Water users association","elev_m":104,"dist_tana_km":132.88,"flooded_2023":false,"flooded_2024":false,"nearest_lagha_km":0.74,"nearest_lagha_hazard":"Very High","flood_exposure":"Moderate","subcounty":"Dadaab","in_county":true},"geometry":{"type":"Point","coordinates":[40.64216,0.22223]}},{"type":"Feature","properties":{"village":"Weldoni borehole","ward":"Dadaab","setting":"Rural","households_served":"450.0","functional":"Yes","depth_m":"132.0","yield_m3h":"14","power":"Generator","camels_day":"1000.0","cattle_day":"100.0","shoats_day":"3000.0","fails_dry_season":"No","management":null,"elev_m":116,"dist_tana_km":105.24,"flooded_2023":false,"flooded_2024":false,"nearest_lagha_km":0.12,"nearest_lagha_hazard":"Moderate","flood_exposure":"Moderate","subcounty":"Dadaab","in_county":true},"geometry":{"type":"Point","coordinates":[40.44484,0.06309]}},{"type":"Feature","properties":{"village":"Hadley","ward":"Balambla","setting":"Rural","households_served":"500.0","functional":"No","depth_m":"50.0","yield_m3h":"10","power":"Generator","camels_day":"0.0","cattle_day":"0.0","shoats_day":"0.0","fails_dry_season":"Yes","management":"Hadley water users association","elev_m":138,"dist_tana_km":1.64,"flooded_2023":true,"flooded_2024":true,"nearest_lagha_km":0.78,"nearest_lagha_hazard":"Very High","flood_exposure":"Very High","subcounty":"Garissa Township","in_county":true},"geometry":{"type":"Point","coordinates":[39.64852,-0.48747]}},{"type":"Feature","properties":{"village":"Balich 2","ward":"Balich2","setting":"Rural","households_served":"600.0","functional":"No","depth_m":"50.0","yield_m3h":"8","power":"Solar","camels_day":"0.0","cattle_day":"10.0","shoats_day":"100.0","fails_dry_season":"No","management":"Water users association","elev_m":138,"dist_tana_km":1.64,"flooded_2023":true,"flooded_2024":true,"nearest_lagha_km":0.78,"nearest_lagha_hazard":"Very High","flood_exposure":"Very High","subcounty":"Garissa Township","in_county":true},"geometry":{"type":"Point","coordinates":[39.64852,-0.48747]}},{"type":"Feature","properties":{"village":"hagarder borehole 5","ward":"Jarajila","setting":"Rural","households_served":"600.0","functional":"Yes","depth_m":"144.0","yield_m3h":"14","power":"generator","camels_day":"0.0","cattle_day":"0.0","shoats_day":"0.0","fails_dry_season":"No","management":"Water usres association","elev_m":128,"dist_tana_km":92.82,"flooded_2023":false,"flooded_2024":false,"nearest_lagha_km":0.71,"nearest_lagha_hazard":"Very High","flood_exposure":"Moderate","subcounty":"Dadaab","in_county":true},"geometry":{"type":"Point","coordinates":[40.35086,0.00081]}},{"type":"Feature","properties":{"village":"nyanya borehole","ward":"Dadaab","setting":"Rural","households_served":"400.0","functional":"Yes","depth_m":"168.0","yield_m3h":"10","power":"generator","camels_day":"0.0","cattle_day":"0.0","shoats_day":"0.0","fails_dry_season":"No","management":"Watet users association","elev_m":123,"dist_tana_km":98.85,"flooded_2023":false,"flooded_2024":false,"nearest_lagha_km":0.11,"nearest_lagha_hazard":"Very High","flood_exposure":"High","subcounty":"Dadaab","in_county":true},"geometry":{"type":"Point","coordinates":[40.30553,0.18002]}},{"type":"Feature","properties":{"village":"Alinjugur borehole","ward":"Jarajila","setting":"Rural","households_served":"1000.0","functional":"Yes","depth_m":"120.0","yield_m3h":"12","power":"Generator","camels_day":"900.0","cattle_day":"600.0","shoats_day":"2500.0","fails_dry_season":"No","management":"Watet users association","elev_m":121,"dist_tana_km":99.65,"flooded_2023":false,"flooded_2024":false,"nearest_lagha_km":1.52,"nearest_lagha_hazard":"High","flood_exposure":"Low","subcounty":"Dadaab","in_county":true},"geometry":{"type":"Point","coordinates":[40.45644,-0.03153]}},{"type":"Feature","properties":{"village":"Kiwanja borehole","ward":"Damajaley","setting":"Rural","households_served":"500.0","functional":"Yes","depth_m":"168.0","yield_m3h":"14","power":"Generator","camels_day":"2400.0","cattle_day":"400.0","shoats_day":"2500.0","fails_dry_season":"No","management":"Water users association","elev_m":128,"dist_tana_km":117.61,"flooded_2023":false,"flooded_2024":false,"nearest_lagha_km":0.12,"nearest_lagha_hazard":"Low","flood_exposure":"Moderate","subcounty":"Dadaab","in_county":true},"geometry":{"type":"Point","coordinates":[40.70784,-0.11518]}},{"type":"Feature","properties":{"village":"Sheldub borehole","ward":"Damajaley","setting":"Rural","households_served":"480.0","functional":"Yes","depth_m":"264.0","yield_m3h":"14","power":"Generator","camels_day":"2000.0","cattle_day":"500.0","shoats_day":"3000.0","fails_dry_season":"No","management":"Water users association","elev_m":137,"dist_tana_km":111.95,"flooded_2023":false,"flooded_2024":false,"nearest_lagha_km":0.38,"nearest_lagha_hazard":"Low","flood_exposure":"Moderate","subcounty":"Dadaab","in_county":true},"geometry":{"type":"Point","coordinates":[40.58021,-0.00907]}},{"type":"Feature","properties":{"village":"Labasigale borehole","ward":"Labasigale","setting":"Rural","households_served":"550.0","functional":"Yes","depth_m":"168.0","yield_m3h":"14","power":"generator","camels_day":"0.0","cattle_day":"0.0","shoats_day":"0.0","fails_dry_season":"No","management":"Water users association","elev_m":125,"dist_tana_km":96.55,"flooded_2023":false,"flooded_2024":false,"nearest_lagha_km":1.31,"nearest_lagha_hazard":"Very High","flood_exposure":"Moderate","subcounty":"Dadaab","in_county":true},"geometry":{"type":"Point","coordinates":[40.28503,0.1728]}},{"type":"Feature","properties":{"village":"Saretho","ward":null,"setting":"Rural","households_served":"1000.0","functional":"Fun","depth_m":"#NULL!","yield_m3h":"20","power":"Generator","camels_day":"500.0","cattle_day":"1000.0","shoats_day":"5000.0","fails_dry_season":"No","management":"No management organisation","elev_m":161,"dist_tana_km":70.33,"flooded_2023":false,"flooded_2024":false,"nearest_lagha_km":0.03,"nearest_lagha_hazard":"Moderate","flood_exposure":"Moderate","subcounty":"Dadaab","in_county":true},"geometry":{"type":"Point","coordinates":[40.134,-0.02358]}},{"type":"Feature","properties":{"village":"Kumahumato","ward":null,"setting":"Rural","households_served":"550.0","functional":"Par","depth_m":"#NULL!","yield_m3h":"20","power":"Generator","camels_day":"0.0","cattle_day":"0.0","shoats_day":"1000.0","fails_dry_season":"No","management":"No management organisation","elev_m":141,"dist_tana_km":89.88,"flooded_2023":false,"flooded_2024":false,"nearest_lagha_km":0.74,"nearest_lagha_hazard":"Very High","flood_exposure":"Moderate","subcounty":"Lagdera","in_county":true},"geometry":{"type":"Point","coordinates":[40.08079,0.31351]}},{"type":"Feature","properties":{"village":"Alikune","ward":null,"setting":"Rural","households_served":"480.0","functional":"Fun","depth_m":"#NULL!","yield_m3h":"20","power":"Generator","camels_day":"0.0","cattle_day":"0.0","shoats_day":"8000.0","fails_dry_season":"No","management":"No management organisation","elev_m":141,"dist_tana_km":87.65,"flooded_2023":false,"flooded_2024":false,"nearest_lagha_km":0.25,"nearest_lagha_hazard":"Very High","flood_exposure":"High","subcounty":"Lagdera","in_county":true},"geometry":{"type":"Point","coordinates":[40.0174,0.34589]}},{"type":"Feature","properties":{"village":"Udhole","ward":null,"setting":"Rural","households_served":"200.0","functional":"Par","depth_m":"#NULL!","yield_m3h":"20","power":"Generator","camels_day":"#NULL!","cattle_day":"#NULL!","shoats_day":"#NULL!","fails_dry_season":"No","management":"No management organisation","elev_m":167,"dist_tana_km":68.21,"flooded_2023":false,"flooded_2024":false,"nearest_lagha_km":3.5,"nearest_lagha_hazard":"Low","flood_exposure":"Low","subcounty":"Lagdera","in_county":true},"geometry":{"type":"Point","coordinates":[39.78187,0.3136]}},{"type":"Feature","properties":{"village":"Skanska","ward":null,"setting":"Rural","households_served":"350.0","functional":"Fun","depth_m":"#NULL!","yield_m3h":"20","power":"Generator","camels_day":"#NULL!","cattle_day":"#NULL!","shoats_day":"#NULL!","fails_dry_season":"Yes","management":"No management organisation","elev_m":206,"dist_tana_km":108.87,"flooded_2023":false,"flooded_2024":false,"nearest_lagha_km":1.3,"nearest_lagha_hazard":"Low","flood_exposure":"Moderate","subcounty":"Lagdera","in_county":true},"geometry":{"type":"Point","coordinates":[39.31929,0.90424]}},{"type":"Feature","properties":{"village":"Balich","ward":null,"setting":"Rural","households_served":"300.0","functional":"Non","depth_m":"#NULL!","yield_m3h":"20","power":"Generator","camels_day":"#NULL!","cattle_day":"#NULL!","shoats_day":"#NULL!","fails_dry_season":"No","management":"No management organisation","elev_m":158,"dist_tana_km":0.59,"flooded_2023":false,"flooded_2024":false,"nearest_lagha_km":1.44,"nearest_lagha_hazard":"Very High","flood_exposure":"High","subcounty":null,"in_county":true},"geometry":{"type":"Point","coordinates":[39.4751,-0.22206]}},{"type":"Feature","properties":{"village":"Bulls Benan","ward":null,"setting":"Rural","households_served":"120.0","functional":"Fun","depth_m":"#NULL!","yield_m3h":"35","power":"Generator","camels_day":"0.0","cattle_day":"0.0","shoats_day":"0.0","fails_dry_season":"No","management":"Water management committee","elev_m":121,"dist_tana_km":91.85,"flooded_2023":false,"flooded_2024":false,"nearest_lagha_km":0.61,"nearest_lagha_hazard":"High","flood_exposure":"Moderate","subcounty":"Dadaab","in_county":true},"geometry":{"type":"Point","coordinates":[40.3139,0.05287]}},{"type":"Feature","properties":{"village":"Welhar","ward":null,"setting":"Rural","households_served":"250.0","functional":"Fun","depth_m":"#NULL!","yield_m3h":"14","power":"Generator","camels_day":"400.0","cattle_day":"700.0","shoats_day":"2000.0","fails_dry_season":"No","management":"No management organisation","elev_m":132,"dist_tana_km":87.83,"flooded_2023":false,"flooded_2024":false,"nearest_lagha_km":0.64,"nearest_lagha_hazard":"Very High","flood_exposure":"Moderate","subcounty":"Dadaab","in_county":true},"geometry":{"type":"Point","coordinates":[40.15193,0.21431]}},{"type":"Feature","properties":{"village":"Alikune","ward":null,"setting":"Rural","households_served":"480.0","functional":"Fun","depth_m":"#NULL!","yield_m3h":"25","power":"Generator","camels_day":"5000.0","cattle_day":"10000.0","shoats_day":"20000.0","fails_dry_season":"No","management":"Water management committee","elev_m":141,"dist_tana_km":87.66,"flooded_2023":false,"flooded_2024":false,"nearest_lagha_km":0.24,"nearest_lagha_hazard":"Very High","flood_exposure":"High","subcounty":"Lagdera","in_county":true},"geometry":{"type":"Point","coordinates":[40.01757,0.34582]}},{"type":"Feature","properties":{"village":"Skanska","ward":null,"setting":"Rural","households_served":"2500.0","functional":"Fun","depth_m":"#NULL!","yield_m3h":"35","power":"Hybrid","camels_day":"2000.0","cattle_day":"100.0","shoats_day":"20000.0","fails_dry_season":"Yes","management":"Water management committee","elev_m":207,"dist_tana_km":109.32,"flooded_2023":false,"flooded_2024":false,"nearest_lagha_km":1.28,"nearest_lagha_hazard":"Very High","flood_exposure":"Moderate","subcounty":"Lagdera","in_county":true},"geometry":{"type":"Point","coordinates":[39.32161,0.90784]}},{"type":"Feature","properties":{"village":"Gurufa","ward":null,"setting":"Rural","households_served":"500.0","functional":"Fun","depth_m":"#NULL!","yield_m3h":"8","power":"Generator","camels_day":"10000.0","cattle_day":"8000.0","shoats_day":"20000.0","fails_dry_season":"Yes","management":"Water management committee","elev_m":189,"dist_tana_km":103.62,"flooded_2023":false,"flooded_2024":false,"nearest_lagha_km":1.23,"nearest_lagha_hazard":"Very High","flood_exposure":"Moderate","subcounty":"Lagdera","in_county":true},"geometry":{"type":"Point","coordinates":[39.46494,0.80046]}},{"type":"Feature","properties":{"village":"Shimbiri","ward":null,"setting":"Rural","households_served":"200.0","functional":"Fun","depth_m":"#NULL!","yield_m3h":"50","power":"Hybrid","camels_day":"15.0","cattle_day":"5.0","shoats_day":"2.0","fails_dry_season":"Yes","management":"Water management committee","elev_m":260,"dist_tana_km":17.11,"flooded_2023":false,"flooded_2024":false,"nearest_lagha_km":1.7,"nearest_lagha_hazard":"Moderate","flood_exposure":"Low","subcounty":"Balambala","in_county":true},"geometry":{"type":"Point","coordinates":[39.50008,-0.05335]}},{"type":"Feature","properties":{"village":"Abdisameed","ward":null,"setting":"Rural","households_served":"300.0","functional":"Fun","depth_m":"#NULL!","yield_m3h":"2.2000000000000002","power":"Generator","camels_day":"0.0","cattle_day":"20.0","shoats_day":"5000.0","fails_dry_season":"No","management":"Water management committee","elev_m":227,"dist_tana_km":36.7,"flooded_2023":false,"flooded_2024":false,"nearest_lagha_km":0.74,"nearest_lagha_hazard":"Moderate","flood_exposure":"Moderate","subcounty":"Balambala","in_county":true},"geometry":{"type":"Point","coordinates":[39.65509,0.05032]}},{"type":"Feature","properties":{"village":"Nunow","ward":null,"setting":"Rural","households_served":"600.0","functional":"Fun","depth_m":"#NULL!","yield_m3h":"25","power":"Generator","camels_day":"200.0","cattle_day":"150.0","shoats_day":"6000.0","fails_dry_season":"No","management":"Water management committee","elev_m":252,"dist_tana_km":13.8,"flooded_2023":false,"flooded_2024":false,"nearest_lagha_km":4.46,"nearest_lagha_hazard":"Low","flood_exposure":"Low","subcounty":"Balambala","in_county":true},"geometry":{"type":"Point","coordinates":[39.61954,-0.19489]}},{"type":"Feature","properties":{"village":"Kitere","ward":null,"setting":"Rural","households_served":"800.0","functional":"Fun","depth_m":"#NULL!","yield_m3h":"14","power":"Hybrid","camels_day":"0.0","cattle_day":"20000.0","shoats_day":"30000.0","fails_dry_season":"Yes","management":"Water management committee","elev_m":32,"dist_tana_km":0.56,"flooded_2023":false,"flooded_2024":false,"nearest_lagha_km":4.09,"nearest_lagha_hazard":"High","flood_exposure":"High","subcounty":null,"in_county":false},"geometry":{"type":"Point","coordinates":[40.14594,-1.95135]}},{"type":"Feature","properties":{"village":"Bura","ward":null,"setting":"Rural","households_served":"2000.0","functional":"Fun","depth_m":"#NULL!","yield_m3h":"8","power":"Utility Power","camels_day":"#NULL!","cattle_day":"#NULL!","shoats_day":"#NULL!","fails_dry_season":"No","management":"Water management committee","elev_m":89,"dist_tana_km":0.53,"flooded_2023":false,"flooded_2024":false,"nearest_lagha_km":1.66,"nearest_lagha_hazard":"High","flood_exposure":"Moderate","subcounty":null,"in_county":true},"geometry":{"type":"Point","coordinates":[39.93892,-1.0988]}},{"type":"Feature","properties":{"village":"Nanighi","ward":null,"setting":"Rural","households_served":"320.0","functional":"Fun","depth_m":"#NULL!","yield_m3h":"2.2000000000000002","power":"Generator","camels_day":"#NULL!","cattle_day":"#NULL!","shoats_day":"#NULL!","fails_dry_season":"No","management":"Water management committee","elev_m":105,"dist_tana_km":0.06,"flooded_2023":false,"flooded_2024":false,"nearest_lagha_km":6.16,"nearest_lagha_hazard":"Moderate","flood_exposure":"High","subcounty":null,"in_county":true},"geometry":{"type":"Point","coordinates":[39.86464,-0.85549]}},{"type":"Feature","properties":{"village":"Hagarbul","ward":null,"setting":"Rural","households_served":"800.0","functional":"Non","depth_m":"255.0","yield_m3h":"21","power":"Hybrid","camels_day":"9000.0","cattle_day":"5000.0","shoats_day":"6500.0","fails_dry_season":"No","management":"Utility (e.g., WASCO)","elev_m":141,"dist_tana_km":0.08,"flooded_2023":true,"flooded_2024":true,"nearest_lagha_km":0.16,"nearest_lagha_hazard":"Very High","flood_exposure":"Very High","subcounty":null,"in_county":true},"geometry":{"type":"Point","coordinates":[39.63317,-0.46367]}},{"type":"Feature","properties":{"village":"skanksa","ward":"Maalimin","setting":"Rural","households_served":"500.0","functional":"Fun","depth_m":"250.0","yield_m3h":"25","power":"Generator","camels_day":"200.0","cattle_day":"300.0","shoats_day":"3000.0","fails_dry_season":"No","management":"Utility (e.g., WASCO)","elev_m":206,"dist_tana_km":108.85,"flooded_2023":false,"flooded_2024":false,"nearest_lagha_km":1.29,"nearest_lagha_hazard":"Low","flood_exposure":"Moderate","subcounty":"Lagdera","in_county":true},"geometry":{"type":"Point","coordinates":[39.31926,0.90402]}},{"type":"Feature","properties":{"village":"Balambala","ward":"Balambala","setting":"Rural","households_served":"1000.0","functional":"Fun","depth_m":"170.0","yield_m3h":"27","power":"Generator","camels_day":"#NULL!","cattle_day":"#NULL!","shoats_day":"#NULL!","fails_dry_season":"No","management":"Utility (e.g., WASCO)","elev_m":203,"dist_tana_km":0.72,"flooded_2023":false,"flooded_2024":false,"nearest_lagha_km":2.24,"nearest_lagha_hazard":"Very High","flood_exposure":"High","subcounty":null,"in_county":true},"geometry":{"type":"Point","coordinates":[39.05947,-0.04356]}},{"type":"Feature","properties":{"village":"Sikley","ward":"Danyere ward","setting":"Rural","households_served":"50.0","functional":"Non","depth_m":"20.0","yield_m3h":"15","power":"Generator","camels_day":"#NULL!","cattle_day":"#NULL!","shoats_day":"#NULL!","fails_dry_season":"No","management":"No management organisation","elev_m":262,"dist_tana_km":0.24,"flooded_2023":false,"flooded_2024":false,"nearest_lagha_km":2.41,"nearest_lagha_hazard":"Moderate","flood_exposure":"High","subcounty":null,"in_county":false},"geometry":{"type":"Point","coordinates":[38.74063,-0.06895]}},{"type":"Feature","properties":{"village":"Shimbirey","ward":"Sankur","setting":"Rural","households_served":"150.0","functional":"Fun","depth_m":"280.0","yield_m3h":"10","power":"Generator","camels_day":"100.0","cattle_day":"100.0","shoats_day":"500.0","fails_dry_season":"Yes","management":"No management organisation","elev_m":260,"dist_tana_km":17.69,"flooded_2023":false,"flooded_2024":false,"nearest_lagha_km":1.06,"nearest_lagha_hazard":"Moderate","flood_exposure":"Moderate","subcounty":"Balambala","in_county":true},"geometry":{"type":"Point","coordinates":[39.49895,-0.04688]}},{"type":"Feature","properties":{"village":"Danyere","ward":"Danyere","setting":"Rural","households_served":"130.0","functional":"Non","depth_m":"#NULL!","yield_m3h":"0","power":"Unknown","camels_day":"#NULL!","cattle_day":"#NULL!","shoats_day":"#NULL!","fails_dry_season":"No","management":"No management organisation","elev_m":368,"dist_tana_km":8.92,"flooded_2023":false,"flooded_2024":false,"nearest_lagha_km":0.93,"nearest_lagha_hazard":"High","flood_exposure":"Moderate","subcounty":"Balambala","in_county":true},"geometry":{"type":"Point","coordinates":[38.73926,0.01958]}},{"type":"Feature","properties":{"village":"Kone","ward":"Jarjara","setting":"Rural","households_served":"100.0","functional":"Fun","depth_m":"10.0","yield_m3h":"15","power":"Generator","camels_day":"#NULL!","cattle_day":"#NULL!","shoats_day":"#NULL!","fails_dry_season":"No","management":"No management organisation","elev_m":221,"dist_tana_km":2.64,"flooded_2023":false,"flooded_2024":false,"nearest_lagha_km":1.16,"nearest_lagha_hazard":"Very High","flood_exposure":"Moderate","subcounty":null,"in_county":true},"geometry":{"type":"Point","coordinates":[38.98598,-0.03139]}},{"type":"Feature","properties":{"village":"Block Mudey","ward":"Danyere","setting":"Rural","households_served":"150.0","functional":"Par","depth_m":"15.0","yield_m3h":"7.5","power":"Generator","camels_day":"#NULL!","cattle_day":"#NULL!","shoats_day":"#NULL!","fails_dry_season":"No","management":"Utility (e.g., WASCO)","elev_m":211,"dist_tana_km":1.2,"flooded_2023":false,"flooded_2024":false,"nearest_lagha_km":2.24,"nearest_lagha_hazard":"Very High","flood_exposure":"High","subcounty":null,"in_county":true},"geometry":{"type":"Point","coordinates":[38.96828,-0.05971]}},{"type":"Feature","properties":{"village":"Maalimin","ward":"Maalimin","setting":"Rural","households_served":"400.0","functional":"Par","depth_m":"#NULL!","yield_m3h":"20","power":null,"camels_day":"100.0","cattle_day":"300.0","shoats_day":"#NULL!","fails_dry_season":"No","management":"Utility (e.g., WASCO)","elev_m":242,"dist_tana_km":55.81,"flooded_2023":false,"flooded_2024":false,"nearest_lagha_km":0.48,"nearest_lagha_hazard":"Very High","flood_exposure":"High","subcounty":"Balambala","in_county":true},"geometry":{"type":"Point","coordinates":[39.33893,0.37745]}},{"type":"Feature","properties":{"village":"Maalimin Ward","ward":"Maalimin","setting":"Rural","households_served":"400.0","functional":"Fun","depth_m":"3.0","yield_m3h":"20000","power":"Unknown","camels_day":"#NULL!","cattle_day":"100.0","shoats_day":"3500.0","fails_dry_season":"No","management":"Utility (e.g., WASCO)","elev_m":242,"dist_tana_km":55.92,"flooded_2023":false,"flooded_2024":false,"nearest_lagha_km":0.01,"nearest_lagha_hazard":"Very High","flood_exposure":"High","subcounty":"Balambala","in_county":true},"geometry":{"type":"Point","coordinates":[39.34603,0.37397]}},{"type":"Feature","properties":{"village":"skanksa","ward":"Maalimin","setting":"Rural","households_served":"500.0","functional":"Par","depth_m":"3.0","yield_m3h":"20","power":null,"camels_day":"200.0","cattle_day":"300.0","shoats_day":"#NULL!","fails_dry_season":"No","management":"Utility (e.g., WASCO)","elev_m":208,"dist_tana_km":111.8,"flooded_2023":true,"flooded_2024":false,"nearest_lagha_km":0.41,"nearest_lagha_hazard":"Very High","flood_exposure":"Very High","subcounty":"Lagdera","in_county":true},"geometry":{"type":"Point","coordinates":[39.32682,0.92965]}},{"type":"Feature","properties":{"village":"Bulla Daidai","ward":"Dadaab","setting":"Rural","households_served":"300.0","functional":"Fun","depth_m":"156.0","yield_m3h":"20","power":"Generator","camels_day":"0.0","cattle_day":"0.0","shoats_day":"200.0","fails_dry_season":"No","management":"Water management committee","elev_m":131,"dist_tana_km":90.2,"flooded_2023":false,"flooded_2024":false,"nearest_lagha_km":2.26,"nearest_lagha_hazard":"High","flood_exposure":"Low","subcounty":"Dadaab","in_county":true},"geometry":{"type":"Point","coordinates":[40.30244,0.04289]}},{"type":"Feature","properties":{"village":"Kamuthe","ward":"Abakaile","setting":"Rural","households_served":"300.0","functional":"Fun","depth_m":"168.0","yield_m3h":"18","power":"Hybrid","camels_day":"5000.0","cattle_day":"500.0","shoats_day":"6000.0","fails_dry_season":"No","management":"Water management committee","elev_m":157,"dist_tana_km":72.81,"flooded_2023":false,"flooded_2024":false,"nearest_lagha_km":0.17,"nearest_lagha_hazard":"Very High","flood_exposure":"High","subcounty":"Lagdera","in_county":true},"geometry":{"type":"Point","coordinates":[39.92974,0.24441]}},{"type":"Feature","properties":{"village":"Madina","ward":"Abakaile","setting":"Rural","households_served":"400.0","functional":"Fun","depth_m":"162.0","yield_m3h":"20","power":"Hybrid","camels_day":"10000.0","cattle_day":"15000.0","shoats_day":"20000.0","fails_dry_season":"No","management":"Water management committee","elev_m":156,"dist_tana_km":82.25,"flooded_2023":false,"flooded_2024":false,"nearest_lagha_km":1.62,"nearest_lagha_hazard":"High","flood_exposure":"Low","subcounty":"Lagdera","in_county":true},"geometry":{"type":"Point","coordinates":[39.87052,0.40574]}},{"type":"Feature","properties":{"village":"Marothiley","ward":"Abakaile","setting":"Rural","households_served":"200.0","functional":"Fun","depth_m":"140.0","yield_m3h":"17","power":"Hybrid","camels_day":"1000.0","cattle_day":"0.0","shoats_day":"5000.0","fails_dry_season":"No","management":"Water management committee","elev_m":153,"dist_tana_km":78.73,"flooded_2023":false,"flooded_2024":false,"nearest_lagha_km":0.65,"nearest_lagha_hazard":"Moderate","flood_exposure":"Moderate","subcounty":"Dadaab","in_county":true},"geometry":{"type":"Point","coordinates":[40.09061,0.15976]}},{"type":"Feature","properties":{"village":"Bahuri","ward":"Dertu","setting":"Rural","households_served":"50.0","functional":"Fun","depth_m":"174.0","yield_m3h":"22","power":"Hybrid","camels_day":"300.0","cattle_day":"200.0","shoats_day":"1500.0","fails_dry_season":"No","management":"Water management committee","elev_m":198,"dist_tana_km":46.64,"flooded_2023":false,"flooded_2024":false,"nearest_lagha_km":0.23,"nearest_lagha_hazard":"High","flood_exposure":"High","subcounty":"Balambala","in_county":true},"geometry":{"type":"Point","coordinates":[39.68332,0.1443]}},{"type":"Feature","properties":{"village":"Dadaab Central Borehole 1","ward":"Dadaab","setting":"Rural","households_served":"300.0","functional":"Fun","depth_m":"108.0","yield_m3h":"20","power":"Utility Power","camels_day":"#NULL!","cattle_day":"#NULL!","shoats_day":"#NULL!","fails_dry_season":"No","management":"Water management committee","elev_m":122,"dist_tana_km":91.47,"flooded_2023":false,"flooded_2024":false,"nearest_lagha_km":0.91,"nearest_lagha_hazard":"High","flood_exposure":"Moderate","subcounty":"Dadaab","in_county":true},"geometry":{"type":"Point","coordinates":[40.30869,0.05505]}},{"type":"Feature","properties":{"village":"Alikune","ward":"Abakaile","setting":"Rural","households_served":"350.0","functional":"Par","depth_m":"156.0","yield_m3h":"20","power":"Generator","camels_day":"500.0","cattle_day":"2000.0","shoats_day":"10000.0","fails_dry_season":"No","management":"Water management committee","elev_m":141,"dist_tana_km":88.75,"flooded_2023":true,"flooded_2024":false,"nearest_lagha_km":0.19,"nearest_lagha_hazard":"Very High","flood_exposure":"Very High","subcounty":"Lagdera","in_county":true},"geometry":{"type":"Point","coordinates":[40.04407,0.3332]}},{"type":"Feature","properties":{"village":"Uthole","ward":"Dertu","setting":"Rural","households_served":"300.0","functional":"Fun","depth_m":"177.0","yield_m3h":"20","power":"Generator","camels_day":"500.0","cattle_day":"0.0","shoats_day":"10000.0","fails_dry_season":"No","management":"Water management committee","elev_m":146,"dist_tana_km":82.35,"flooded_2023":true,"flooded_2024":false,"nearest_lagha_km":0.62,"nearest_lagha_hazard":"High","flood_exposure":"Very High","subcounty":"Lagdera","in_county":true},"geometry":{"type":"Point","coordinates":[39.97794,0.31744]}},{"type":"Feature","properties":{"village":"Bahuri","ward":"Dertu","setting":"Rural","households_served":"630.0","functional":"Fun","depth_m":"198.0","yield_m3h":"22","power":"Hybrid","camels_day":"1000.0","cattle_day":"1000.0","shoats_day":"7000.0","fails_dry_season":"No","management":"Water management committee","elev_m":203,"dist_tana_km":45.08,"flooded_2023":false,"flooded_2024":false,"nearest_lagha_km":0.22,"nearest_lagha_hazard":"Moderate","flood_exposure":"Moderate","subcounty":"Balambala","in_county":true},"geometry":{"type":"Point","coordinates":[39.67611,0.13206]}},{"type":"Feature","properties":{"village":"Bahuri Borehole 2","ward":"Dertu","setting":"Rural","households_served":"100.0","functional":"Fun","depth_m":"174.0","yield_m3h":"18","power":"Hybrid","camels_day":"300.0","cattle_day":"100.0","shoats_day":"1000.0","fails_dry_season":"No","management":"Water management committee","elev_m":197,"dist_tana_km":46.69,"flooded_2023":false,"flooded_2024":false,"nearest_lagha_km":0.28,"nearest_lagha_hazard":"High","flood_exposure":"High","subcounty":"Balambala","in_county":true},"geometry":{"type":"Point","coordinates":[39.68351,0.14472]}},{"type":"Feature","properties":{"village":"Kumahumato","ward":"Abakaile","setting":"Rural","households_served":"400.0","functional":"Fun","depth_m":"#NULL!","yield_m3h":"18","power":"Generator","camels_day":"400.0","cattle_day":"1000.0","shoats_day":"3000.0","fails_dry_season":"No","management":"Water management committee","elev_m":165,"dist_tana_km":77.4,"flooded_2023":false,"flooded_2024":false,"nearest_lagha_km":3.09,"nearest_lagha_hazard":"Moderate","flood_exposure":"Low","subcounty":"Dadaab","in_county":true},"geometry":{"type":"Point","coordinates":[40.06157,0.17454]}},{"type":"Feature","properties":{"village":"Dertu","ward":"Dertu","setting":"Rural","households_served":"5000.0","functional":"Fun","depth_m":"174.0","yield_m3h":"18","power":"Generator","camels_day":"200.0","cattle_day":"1000.0","shoats_day":"6000.0","fails_dry_season":"No","management":"Water management committee","elev_m":165,"dist_tana_km":66.44,"flooded_2023":false,"flooded_2024":false,"nearest_lagha_km":0.32,"nearest_lagha_hazard":"High","flood_exposure":"High","subcounty":"Lagdera","in_county":true},"geometry":{"type":"Point","coordinates":[39.80489,0.27579]}},{"type":"Feature","properties":{"village":"Damajaley Borehole 2","ward":"Damajaley","setting":"Rural","households_served":"1500.0","functional":"Fun","depth_m":"150.0","yield_m3h":"6","power":"Generator","camels_day":"1000.0","cattle_day":"50.0","shoats_day":"6000.0","fails_dry_season":"No","management":"Water management committee","elev_m":110,"dist_tana_km":138.03,"flooded_2023":false,"flooded_2024":false,"nearest_lagha_km":1.31,"nearest_lagha_hazard":"Moderate","flood_exposure":"Moderate","subcounty":"Dadaab","in_county":true},"geometry":{"type":"Point","coordinates":[40.78831,0.10395]}},{"type":"Feature","properties":{"village":"Bulla banaan","ward":"Dadaab","setting":"Rural","households_served":"150.0","functional":"Fun","depth_m":"192.0","yield_m3h":"17","power":"Generator","camels_day":"#NULL!","cattle_day":"#NULL!","shoats_day":"#NULL!","fails_dry_season":"No","management":"Water management committee","elev_m":121,"dist_tana_km":91.86,"flooded_2023":false,"flooded_2024":false,"nearest_lagha_km":0.6,"nearest_lagha_hazard":"High","flood_exposure":"Moderate","subcounty":"Dadaab","in_county":true},"geometry":{"type":"Point","coordinates":[40.31403,0.05289]}},{"type":"Feature","properties":{"village":"Bananey Qoqar","ward":"Damajaley","setting":"Rural","households_served":"800.0","functional":"Fun","depth_m":"230.0","yield_m3h":"15","power":"Generator","camels_day":"1500.0","cattle_day":"100.0","shoats_day":"8000.0","fails_dry_season":"Not","management":"Water management committee","elev_m":135,"dist_tana_km":114.26,"flooded_2023":false,"flooded_2024":false,"nearest_lagha_km":0.46,"nearest_lagha_hazard":"Moderate","flood_exposure":"Moderate","subcounty":"Dadaab","in_county":true},"geometry":{"type":"Point","coordinates":[40.57684,0.02923]}},{"type":"Feature","properties":{"village":"Guro 1","ward":"Abakaile","setting":"Rural","households_served":"200.0","functional":"Fun","depth_m":"186.0","yield_m3h":"12","power":"Generator","camels_day":"600.0","cattle_day":"2000.0","shoats_day":"5000.0","fails_dry_season":"Yes","management":"Utility (e.g., WASCO)","elev_m":177,"dist_tana_km":60.52,"flooded_2023":false,"flooded_2024":false,"nearest_lagha_km":0.76,"nearest_lagha_hazard":"High","flood_exposure":"Moderate","subcounty":"Dadaab","in_county":true},"geometry":{"type":"Point","coordinates":[39.98652,0.02727]}},{"type":"Feature","properties":{"village":"Abakaile","ward":"Abakaile","setting":"Rural","households_served":"500.0","functional":"Fun","depth_m":"138.0","yield_m3h":"18","power":"Generator","camels_day":"1100.0","cattle_day":"1000.0","shoats_day":"2000.0","fails_dry_season":"No","management":"Utility (e.g., WASCO)","elev_m":164,"dist_tana_km":73.64,"flooded_2023":false,"flooded_2024":false,"nearest_lagha_km":0.77,"nearest_lagha_hazard":"High","flood_exposure":"Moderate","subcounty":"Dadaab","in_county":true},"geometry":{"type":"Point","coordinates":[40.09717,0.07681]}},{"type":"Feature","properties":{"village":"Sheldub","ward":"Damajaley","setting":"Rural","households_served":"400.0","functional":"Fun","depth_m":"150.0","yield_m3h":"15","power":"Generator","camels_day":"5000.0","cattle_day":"2000.0","shoats_day":"2000.0","fails_dry_season":"Yes","management":"No management organisation","elev_m":142,"dist_tana_km":1.16,"flooded_2023":false,"flooded_2024":false,"nearest_lagha_km":0.91,"nearest_lagha_hazard":"Very High","flood_exposure":"High","subcounty":"Garissa Township","in_county":true},"geometry":{"type":"Point","coordinates":[39.64298,-0.47275]}},{"type":"Feature","properties":{"village":"Damajaley Abaq","ward":"Damajaley","setting":"Rural","households_served":"0.0","functional":"Fun","depth_m":"156.0","yield_m3h":"22","power":"Generator","camels_day":"#NULL!","cattle_day":"#NULL!","shoats_day":"#NULL!","fails_dry_season":"No","management":"Water management committee","elev_m":106,"dist_tana_km":135.81,"flooded_2023":false,"flooded_2024":false,"nearest_lagha_km":0.91,"nearest_lagha_hazard":"Low","flood_exposure":"Moderate","subcounty":"Dadaab","in_county":true},"geometry":{"type":"Point","coordinates":[40.75593,0.11466]}},{"type":"Feature","properties":{"village":"Shubay","ward":"Dertu","setting":"Rural","households_served":"200.0","functional":"Fun","depth_m":"168.0","yield_m3h":"18","power":"Generator","camels_day":"500.0","cattle_day":"1500.0","shoats_day":"6000.0","fails_dry_season":"No","management":"Water management committee","elev_m":172,"dist_tana_km":67.99,"flooded_2023":false,"flooded_2024":false,"nearest_lagha_km":3.92,"nearest_lagha_hazard":"Low","flood_exposure":"Low","subcounty":"Lagdera","in_county":true},"geometry":{"type":"Point","coordinates":[39.78631,0.30794]}},{"type":"Feature","properties":{"village":"Malailey 1","ward":"Damajaley","setting":"Rural","households_served":"350.0","functional":"Fun","depth_m":"140.0","yield_m3h":"22","power":"Generator","camels_day":"600.0","cattle_day":"50.0","shoats_day":"1000.0","fails_dry_season":"No","management":"Water management committee","elev_m":113,"dist_tana_km":118.5,"flooded_2023":false,"flooded_2024":false,"nearest_lagha_km":0.09,"nearest_lagha_hazard":"Very High","flood_exposure":"High","subcounty":"Dadaab","in_county":true},"geometry":{"type":"Point","coordinates":[40.51227,0.18877]}},{"type":"Feature","properties":{"village":"Bulla Huud","ward":"Dadaab","setting":"Rural","households_served":"1000.0","functional":"Fun","depth_m":"240.0","yield_m3h":"18","power":"Generator","camels_day":"300.0","cattle_day":"0.0","shoats_day":"2000.0","fails_dry_season":"No","management":"Water management committee","elev_m":123,"dist_tana_km":92.07,"flooded_2023":false,"flooded_2024":false,"nearest_lagha_km":0.69,"nearest_lagha_hazard":"High","flood_exposure":"Moderate","subcounty":"Dadaab","in_county":true},"geometry":{"type":"Point","coordinates":[40.31069,0.0624]}},{"type":"Feature","properties":{"village":"Shubay","ward":"Dertu","setting":"Rural","households_served":"250.0","functional":"Fun","depth_m":"120.0","yield_m3h":"22","power":"Generator","camels_day":"400.0","cattle_day":"1400.0","shoats_day":"6000.0","fails_dry_season":"No","management":"Water management committee","elev_m":172,"dist_tana_km":67.99,"flooded_2023":false,"flooded_2024":false,"nearest_lagha_km":3.92,"nearest_lagha_hazard":"Low","flood_exposure":"Low","subcounty":"Lagdera","in_county":true},"geometry":{"type":"Point","coordinates":[39.78628,0.30793]}},{"type":"Feature","properties":{"village":"Ture","ward":"Sankuri","setting":"Rural","households_served":"225.0","functional":"Yes","depth_m":"50.0","yield_m3h":"36","power":"Solar","camels_day":"0.0","cattle_day":"0.0","shoats_day":"0.0","fails_dry_season":"No","management":"Water user association","elev_m":165,"dist_tana_km":0.8,"flooded_2023":true,"flooded_2024":true,"nearest_lagha_km":2.11,"nearest_lagha_hazard":"Low","flood_exposure":"Very High","subcounty":null,"in_county":true},"geometry":{"type":"Point","coordinates":[39.45094,-0.207]}},{"type":"Feature","properties":{"village":"Kasha","ward":"Balambala","setting":"Rural","households_served":"350.0","functional":"Yes","depth_m":"#NULL!","yield_m3h":null,"power":null,"camels_day":"#NULL!","cattle_day":"#NULL!","shoats_day":"#NULL!","fails_dry_season":"No","management":"WUA","elev_m":196,"dist_tana_km":0.06,"flooded_2023":false,"flooded_2024":true,"nearest_lagha_km":1.96,"nearest_lagha_hazard":"Very High","flood_exposure":"Very High","subcounty":null,"in_county":true},"geometry":{"type":"Point","coordinates":[39.10366,-0.0909]}},{"type":"Feature","properties":{"village":"Kunow","ward":"Balambala","setting":"Rural","households_served":"300.0","functional":"No","depth_m":"#NULL!","yield_m3h":"10","power":null,"camels_day":"#NULL!","cattle_day":"#NULL!","shoats_day":"#NULL!","fails_dry_season":"No","management":"WUA","elev_m":196,"dist_tana_km":0.08,"flooded_2023":true,"flooded_2024":true,"nearest_lagha_km":1.94,"nearest_lagha_hazard":"Very High","flood_exposure":"Very High","subcounty":null,"in_county":true},"geometry":{"type":"Point","coordinates":[39.10483,-0.09243]}},{"type":"Feature","properties":{"village":"Saka 2","ward":"Saka","setting":"Rural","households_served":"700.0","functional":"Yes","depth_m":"50.0","yield_m3h":"35","power":"Solar","camels_day":"#NULL!","cattle_day":"#NULL!","shoats_day":"#NULL!","fails_dry_season":"No","management":"Wua","elev_m":183,"dist_tana_km":0.35,"flooded_2023":false,"flooded_2024":false,"nearest_lagha_km":2.07,"nearest_lagha_hazard":"High","flood_exposure":"High","subcounty":null,"in_county":true},"geometry":{"type":"Point","coordinates":[39.32749,-0.14513]}},{"type":"Feature","properties":{"village":"Ohiyo","ward":"Balambala","setting":"Rural","households_served":"210.0","functional":"No","depth_m":"#NULL!","yield_m3h":"2.2","power":"Generator","camels_day":"50.0","cattle_day":"200.0","shoats_day":"400.0","fails_dry_season":"No","management":null,"elev_m":334,"dist_tana_km":22.4,"flooded_2023":false,"flooded_2024":false,"nearest_lagha_km":2.35,"nearest_lagha_hazard":"Low","flood_exposure":"Low","subcounty":"Balambala","in_county":true},"geometry":{"type":"Point","coordinates":[39.21192,0.0946]}},{"type":"Feature","properties":{"village":"Dololomid","ward":"Snnkuri","setting":"Rural","households_served":"200.0","functional":"Yes","depth_m":"50.0","yield_m3h":"30","power":"Solar","camels_day":"#NULL!","cattle_day":"#NULL!","shoats_day":"#NULL!","fails_dry_season":"No","management":null,"elev_m":160,"dist_tana_km":0.41,"flooded_2023":true,"flooded_2024":true,"nearest_lagha_km":2.85,"nearest_lagha_hazard":"Very High","flood_exposure":"Very High","subcounty":null,"in_county":true},"geometry":{"type":"Point","coordinates":[39.49191,-0.24419]}},{"type":"Feature","properties":{"village":"Sankuri two","ward":"Sankuri","setting":"Rural","households_served":"700.0","functional":null,"depth_m":"#NULL!","yield_m3h":null,"power":null,"camels_day":"#NULL!","cattle_day":"#NULL!","shoats_day":"#NULL!","fails_dry_season":null,"management":null,"elev_m":151,"dist_tana_km":0.15,"flooded_2023":false,"flooded_2024":false,"nearest_lagha_km":2.12,"nearest_lagha_hazard":"Moderate","flood_exposure":"High","subcounty":null,"in_county":true},"geometry":{"type":"Point","coordinates":[39.55343,-0.30541]}},{"type":"Feature","properties":{"village":"Balich","ward":"Sankuri","setting":"Rural","households_served":"750.0","functional":null,"depth_m":"50.0","yield_m3h":"12","power":"Solar system","camels_day":"#NULL!","cattle_day":"#NULL!","shoats_day":"#NULL!","fails_dry_season":null,"management":null,"elev_m":158,"dist_tana_km":0.54,"flooded_2023":false,"flooded_2024":false,"nearest_lagha_km":1.52,"nearest_lagha_hazard":"Very High","flood_exposure":"High","subcounty":null,"in_county":true},"geometry":{"type":"Point","coordinates":[39.47437,-0.22203]}},{"type":"Feature","properties":{"village":"Sankuri","ward":"Sankuri","setting":"Rural","households_served":"700.0","functional":null,"depth_m":"50.0","yield_m3h":"30","power":"Solar","camels_day":"#NULL!","cattle_day":"#NULL!","shoats_day":"#NULL!","fails_dry_season":null,"management":"WUA","elev_m":150,"dist_tana_km":0.15,"flooded_2023":false,"flooded_2024":false,"nearest_lagha_km":2.14,"nearest_lagha_hazard":"Moderate","flood_exposure":"High","subcounty":null,"in_county":true},"geometry":{"type":"Point","coordinates":[39.55339,-0.30559]}},{"type":"Feature","properties":{"village":"Daley","ward":"Saka","setting":"Rural","households_served":"750.0","functional":null,"depth_m":"70.0","yield_m3h":"10","power":null,"camels_day":"#NULL!","cattle_day":"#NULL!","shoats_day":"#NULL!","fails_dry_season":"No","management":"WUA","elev_m":175,"dist_tana_km":1.11,"flooded_2023":false,"flooded_2024":false,"nearest_lagha_km":2.7,"nearest_lagha_hazard":"Low","flood_exposure":"High","subcounty":null,"in_county":true},"geometry":{"type":"Point","coordinates":[39.40211,-0.18229]}},{"type":"Feature","properties":{"village":"Mathaalibah","ward":"Saka","setting":"Rural","households_served":"150.0","functional":null,"depth_m":"50.0","yield_m3h":"10","power":"Solar system","camels_day":"50.0","cattle_day":"20.0","shoats_day":"200.0","fails_dry_season":null,"management":"Not available","elev_m":173,"dist_tana_km":1.89,"flooded_2023":false,"flooded_2024":false,"nearest_lagha_km":0.69,"nearest_lagha_hazard":"Moderate","flood_exposure":"High","subcounty":null,"in_county":true},"geometry":{"type":"Point","coordinates":[39.35901,-0.1484]}},{"type":"Feature","properties":{"village":"Saka 1","ward":"Saka","setting":"Rural","households_served":"800.0","functional":"Yes","depth_m":"50.0","yield_m3h":"36","power":"Solar system","camels_day":"100.0","cattle_day":"500.0","shoats_day":"200.0","fails_dry_season":"No","management":"WUA","elev_m":180,"dist_tana_km":0.46,"flooded_2023":false,"flooded_2024":false,"nearest_lagha_km":1.96,"nearest_lagha_hazard":"High","flood_exposure":"High","subcounty":null,"in_county":true},"geometry":{"type":"Point","coordinates":[39.32935,-0.14581]}},{"type":"Feature","properties":{"village":"Raya","ward":"Sankuri","setting":"Rural.","households_served":"300.0","functional":"No","depth_m":"50.0","yield_m3h":"Not yet tested","power":"No","camels_day":"0.0","cattle_day":"0.0","shoats_day":"0.0","fails_dry_season":"No","management":null,"elev_m":141,"dist_tana_km":0.26,"flooded_2023":false,"flooded_2024":true,"nearest_lagha_km":1.23,"nearest_lagha_hazard":"Moderate","flood_exposure":"Very High","subcounty":null,"in_county":true},"geometry":{"type":"Point","coordinates":[39.60025,-0.36551]}},{"type":"Feature","properties":{"village":"Balich two","ward":"Sankuri","setting":"Rural","households_served":"250.0","functional":null,"depth_m":"#NULL!","yield_m3h":null,"power":null,"camels_day":"#NULL!","cattle_day":"#NULL!","shoats_day":"#NULL!","fails_dry_season":null,"management":null,"elev_m":157,"dist_tana_km":0.5,"flooded_2023":false,"flooded_2024":false,"nearest_lagha_km":1.51,"nearest_lagha_hazard":"Very High","flood_exposure":"High","subcounty":null,"in_county":true},"geometry":{"type":"Point","coordinates":[39.47467,-0.22274]}},{"type":"Feature","properties":{"village":"Dololoweyne","ward":"Sankuri","setting":"Rural","households_served":"100.0","functional":null,"depth_m":"50.0","yield_m3h":"25","power":"Solar","camels_day":"#NULL!","cattle_day":"#NULL!","shoats_day":"#NULL!","fails_dry_season":null,"management":null,"elev_m":160,"dist_tana_km":0.15,"flooded_2023":false,"flooded_2024":true,"nearest_lagha_km":2.04,"nearest_lagha_hazard":"Moderate","flood_exposure":"Very High","subcounty":null,"in_county":true},"geometry":{"type":"Point","coordinates":[39.50864,-0.27015]}},{"type":"Feature","properties":{"village":"Kone","ward":"Jarajara","setting":null,"households_served":"#NULL!","functional":null,"depth_m":"#NULL!","yield_m3h":null,"power":null,"camels_day":"#NULL!","cattle_day":"#NULL!","shoats_day":"#NULL!","fails_dry_season":null,"management":null,"elev_m":210,"dist_tana_km":0.34,"flooded_2023":false,"flooded_2024":false,"nearest_lagha_km":1.96,"nearest_lagha_hazard":"Very High","flood_exposure":"High","subcounty":null,"in_county":true},"geometry":{"type":"Point","coordinates":[38.98714,-0.05518]}},{"type":"Feature","properties":{"village":"Liboi","ward":"Liboi","setting":"Rural","households_served":"50.0","functional":"Yes","depth_m":"180.0","yield_m3h":"14","power":"Generator","camels_day":"#NULL!","cattle_day":"#NULL!","shoats_day":"#NULL!","fails_dry_season":"No","management":"Water Management Committee","elev_m":89,"dist_tana_km":162.79,"flooded_2023":false,"flooded_2024":false,"nearest_lagha_km":0.68,"nearest_lagha_hazard":"Very High","flood_exposure":"Moderate","subcounty":"Dadaab","in_county":true},"geometry":{"type":"Point","coordinates":[40.87704,0.3535]}},{"type":"Feature","properties":{"village":"Township","ward":"Liboi","setting":"Rural","households_served":"250.0","functional":"Yes","depth_m":"180.0","yield_m3h":"15","power":"Hybrid","camels_day":"#NULL!","cattle_day":"#NULL!","shoats_day":"#NULL!","fails_dry_season":"No","management":"Water Management Committee","elev_m":86,"dist_tana_km":162.37,"flooded_2023":false,"flooded_2024":false,"nearest_lagha_km":0.63,"nearest_lagha_hazard":"Very High","flood_exposure":"Moderate","subcounty":"Dadaab","in_county":true},"geometry":{"type":"Point","coordinates":[40.87346,0.35233]}},{"type":"Feature","properties":{"village":"Dihle","ward":"Maalimin","setting":"Rural","households_served":"150.0","functional":null,"depth_m":"170.0","yield_m3h":"3","power":"Generator","camels_day":"#NULL!","cattle_day":"#NULL!","shoats_day":"200.0","fails_dry_season":"No","management":"WUA","elev_m":250,"dist_tana_km":69.87,"flooded_2023":false,"flooded_2024":false,"nearest_lagha_km":0.55,"nearest_lagha_hazard":"Very High","flood_exposure":"Moderate","subcounty":"Lagdera","in_county":true},"geometry":{"type":"Point","coordinates":[39.28026,0.54728]}},{"type":"Feature","properties":{"village":"Omar muhumed 2","ward":"Danyere","setting":null,"households_served":"#NULL!","functional":null,"depth_m":"#NULL!","yield_m3h":null,"power":null,"camels_day":"#NULL!","cattle_day":"#NULL!","shoats_day":"#NULL!","fails_dry_season":null,"management":null,"elev_m":361,"dist_tana_km":22.23,"flooded_2023":false,"flooded_2024":false,"nearest_lagha_km":2.55,"nearest_lagha_hazard":"Very High","flood_exposure":"Low","subcounty":"Balambala","in_county":true},"geometry":{"type":"Point","coordinates":[39.10538,0.14983]}},{"type":"Feature","properties":{"village":"Hagarjerel2","ward":"Danyere","setting":null,"households_served":"#NULL!","functional":null,"depth_m":"#NULL!","yield_m3h":null,"power":null,"camels_day":"#NULL!","cattle_day":"#NULL!","shoats_day":"#NULL!","fails_dry_season":null,"management":null,"elev_m":475,"dist_tana_km":38.33,"flooded_2023":false,"flooded_2024":false,"nearest_lagha_km":2.25,"nearest_lagha_hazard":"High","flood_exposure":"Low","subcounty":"Balambala","in_county":true},"geometry":{"type":"Point","coordinates":[38.75746,0.29622]}},{"type":"Feature","properties":{"village":"Hagarjerel1","ward":"Danyere","setting":null,"households_served":"#NULL!","functional":null,"depth_m":"#NULL!","yield_m3h":null,"power":null,"camels_day":"#NULL!","cattle_day":"#NULL!","shoats_day":"#NULL!","fails_dry_season":null,"management":null,"elev_m":475,"dist_tana_km":38.64,"flooded_2023":false,"flooded_2024":false,"nearest_lagha_km":2.42,"nearest_lagha_hazard":"High","flood_exposure":"Low","subcounty":"Balambala","in_county":true},"geometry":{"type":"Point","coordinates":[38.75138,0.30027]}},{"type":"Feature","properties":{"village":"Shebtaad","ward":"Balambala","setting":"Rural","households_served":"160.0","functional":null,"depth_m":"#NULL!","yield_m3h":null,"power":"Solar system and generator","camels_day":"#NULL!","cattle_day":"200.0","shoats_day":"1000.0","fails_dry_season":null,"management":"WUA","elev_m":263,"dist_tana_km":36.27,"flooded_2023":false,"flooded_2024":false,"nearest_lagha_km":0.09,"nearest_lagha_hazard":"Moderate","flood_exposure":"Moderate","subcounty":"Balambala","in_county":true},"geometry":{"type":"Point","coordinates":[39.43223,0.16804]}},{"type":"Feature","properties":{"village":"Omar muhumed 3","ward":"Danyere","setting":"Rural","households_served":"#NULL!","functional":null,"depth_m":"#NULL!","yield_m3h":null,"power":null,"camels_day":"#NULL!","cattle_day":"#NULL!","shoats_day":"#NULL!","fails_dry_season":null,"management":null,"elev_m":359,"dist_tana_km":21.89,"flooded_2023":false,"flooded_2024":false,"nearest_lagha_km":2.46,"nearest_lagha_hazard":"Low","flood_exposure":"Low","subcounty":"Balambala","in_county":true},"geometry":{"type":"Point","coordinates":[39.11115,0.14551]}},{"type":"Feature","properties":{"village":"Shimbirey 1","ward":"Balambala","setting":null,"households_served":"#NULL!","functional":null,"depth_m":"#NULL!","yield_m3h":null,"power":null,"camels_day":"#NULL!","cattle_day":"#NULL!","shoats_day":"#NULL!","fails_dry_season":null,"management":null,"elev_m":260,"dist_tana_km":17.1,"flooded_2023":false,"flooded_2024":false,"nearest_lagha_km":1.71,"nearest_lagha_hazard":"Moderate","flood_exposure":"Low","subcounty":"Balambala","in_county":true},"geometry":{"type":"Point","coordinates":[39.49993,-0.05338]}},{"type":"Feature","properties":{"village":"Dogob 1","ward":"Danyere","setting":null,"households_served":"#NULL!","functional":null,"depth_m":"#NULL!","yield_m3h":null,"power":null,"camels_day":"#NULL!","cattle_day":"#NULL!","shoats_day":"#NULL!","fails_dry_season":null,"management":null,"elev_m":377,"dist_tana_km":32.46,"flooded_2023":false,"flooded_2024":false,"nearest_lagha_km":2.14,"nearest_lagha_hazard":"Moderate","flood_exposure":"Low","subcounty":"Balambala","in_county":true},"geometry":{"type":"Point","coordinates":[38.98232,0.24647]}},{"type":"Feature","properties":{"village":"Dogob 2","ward":"Danyere","setting":null,"households_served":"#NULL!","functional":null,"depth_m":"#NULL!","yield_m3h":null,"power":null,"camels_day":"#NULL!","cattle_day":"#NULL!","shoats_day":"#NULL!","fails_dry_season":null,"management":null,"elev_m":355,"dist_tana_km":30.07,"flooded_2023":false,"flooded_2024":false,"nearest_lagha_km":0.13,"nearest_lagha_hazard":"Moderate","flood_exposure":"Moderate","subcounty":"Balambala","in_county":true},"geometry":{"type":"Point","coordinates":[38.99493,0.22641]}},{"type":"Feature","properties":{"village":"Dujis 1","ward":"Danyere","setting":"Rural","households_served":"#NULL!","functional":null,"depth_m":"#NULL!","yield_m3h":null,"power":null,"camels_day":"#NULL!","cattle_day":"#NULL!","shoats_day":"#NULL!","fails_dry_season":null,"management":null,"elev_m":246,"dist_tana_km":44.01,"flooded_2023":false,"flooded_2024":false,"nearest_lagha_km":0.39,"nearest_lagha_hazard":"Moderate","flood_exposure":"Moderate","subcounty":"Balambala","in_county":true},"geometry":{"type":"Point","coordinates":[39.41205,0.24735]}},{"type":"Feature","properties":{"village":"Dujis 2","ward":"Balambala","setting":"Rural","households_served":"#NULL!","functional":null,"depth_m":"#NULL!","yield_m3h":null,"power":null,"camels_day":"#NULL!","cattle_day":"#NULL!","shoats_day":"#NULL!","fails_dry_season":null,"management":null,"elev_m":246,"dist_tana_km":43.97,"flooded_2023":false,"flooded_2024":false,"nearest_lagha_km":0.14,"nearest_lagha_hazard":"Moderate","flood_exposure":"Moderate","subcounty":"Balambala","in_county":true},"geometry":{"type":"Point","coordinates":[39.40954,0.24753]}},{"type":"Feature","properties":{"village":"Libhlow","ward":"Danyere","setting":"Rural","households_served":"200.0","functional":"Yes","depth_m":"50.0","yield_m3h":"35","power":"Solar system and generator","camels_day":"#NULL!","cattle_day":"#NULL!","shoats_day":"#NULL!","fails_dry_season":"No","management":"WUA","elev_m":344,"dist_tana_km":28.98,"flooded_2023":false,"flooded_2024":false,"nearest_lagha_km":0.1,"nearest_lagha_hazard":"High","flood_exposure":"High","subcounty":"Balambala","in_county":true},"geometry":{"type":"Point","coordinates":[38.88954,0.18635]}},{"type":"Feature","properties":{"village":"Jarajara","ward":"Jarajara","setting":"Rural","households_served":"250.0","functional":null,"depth_m":"#NULL!","yield_m3h":null,"power":"Generator","camels_day":"#NULL!","cattle_day":"#NULL!","shoats_day":"#NULL!","fails_dry_season":null,"management":"WUA","elev_m":203,"dist_tana_km":0.63,"flooded_2023":false,"flooded_2024":false,"nearest_lagha_km":2.15,"nearest_lagha_hazard":"Moderate","flood_exposure":"High","subcounty":null,"in_county":true},"geometry":{"type":"Point","coordinates":[39.0134,-0.04693]}},{"type":"Feature","properties":{"village":"Omar muhumed","ward":"Danyere","setting":null,"households_served":"#NULL!","functional":null,"depth_m":"#NULL!","yield_m3h":null,"power":null,"camels_day":"#NULL!","cattle_day":"#NULL!","shoats_day":"#NULL!","fails_dry_season":null,"management":null,"elev_m":358,"dist_tana_km":23.17,"flooded_2023":false,"flooded_2024":false,"nearest_lagha_km":1.34,"nearest_lagha_hazard":"Very High","flood_exposure":"Moderate","subcounty":"Balambala","in_county":true},"geometry":{"type":"Point","coordinates":[39.09485,0.16007]}},{"type":"Feature","properties":{"village":"Balambala 1","ward":"Balambala","setting":null,"households_served":"#NULL!","functional":null,"depth_m":"#NULL!","yield_m3h":null,"power":null,"camels_day":"#NULL!","cattle_day":"#NULL!","shoats_day":"#NULL!","fails_dry_season":null,"management":null,"elev_m":197,"dist_tana_km":0.16,"flooded_2023":false,"flooded_2024":false,"nearest_lagha_km":2.08,"nearest_lagha_hazard":"High","flood_exposure":"High","subcounty":null,"in_county":true},"geometry":{"type":"Point","coordinates":[39.08922,-0.07812]}},{"type":"Feature","properties":{"village":"Kone","ward":"Jarajara","setting":"Rural","households_served":"180.0","functional":null,"depth_m":"#NULL!","yield_m3h":null,"power":null,"camels_day":"#NULL!","cattle_day":"#NULL!","shoats_day":"#NULL!","fails_dry_season":"No","management":"WUA","elev_m":210,"dist_tana_km":0.34,"flooded_2023":false,"flooded_2024":false,"nearest_lagha_km":1.97,"nearest_lagha_hazard":"Very High","flood_exposure":"High","subcounty":null,"in_county":true},"geometry":{"type":"Point","coordinates":[38.98729,-0.05521]}},{"type":"Feature","properties":{"village":"Nunow new borehole","ward":"Sankuri","setting":"Rural","households_served":"#NULL!","functional":null,"depth_m":"#NULL!","yield_m3h":null,"power":null,"camels_day":"#NULL!","cattle_day":"#NULL!","shoats_day":"#NULL!","fails_dry_season":null,"management":null,"elev_m":251,"dist_tana_km":13.83,"flooded_2023":false,"flooded_2024":false,"nearest_lagha_km":4.43,"nearest_lagha_hazard":"Low","flood_exposure":"Low","subcounty":"Balambala","in_county":true},"geometry":{"type":"Point","coordinates":[39.61973,-0.19477]}},{"type":"Feature","properties":{"village":"Nunow old borehole","ward":"Sankuri","setting":"Rural","households_served":"#NULL!","functional":null,"depth_m":"#NULL!","yield_m3h":null,"power":null,"camels_day":"#NULL!","cattle_day":"#NULL!","shoats_day":"#NULL!","fails_dry_season":null,"management":null,"elev_m":251,"dist_tana_km":13.83,"flooded_2023":false,"flooded_2024":false,"nearest_lagha_km":4.43,"nearest_lagha_hazard":"Low","flood_exposure":"Low","subcounty":"Balambala","in_county":true},"geometry":{"type":"Point","coordinates":[39.61973,-0.19473]}},{"type":"Feature","properties":{"village":"Shimbirey 2","ward":"Sankuri","setting":"Rural","households_served":"260.0","functional":"Yes","depth_m":"250.0","yield_m3h":"16","power":"Generator","camels_day":"100.0","cattle_day":"200.0","shoats_day":"300.0","fails_dry_season":"No","management":"Wua","elev_m":263,"dist_tana_km":19.79,"flooded_2023":false,"flooded_2024":false,"nearest_lagha_km":1.24,"nearest_lagha_hazard":"Moderate","flood_exposure":"Moderate","subcounty":"Balambala","in_county":true},"geometry":{"type":"Point","coordinates":[39.49556,-0.02439]}},{"type":"Feature","properties":{"village":"Abdisamad 5","ward":"Sankuri","setting":null,"households_served":"#NULL!","functional":null,"depth_m":"#NULL!","yield_m3h":null,"power":null,"camels_day":"#NULL!","cattle_day":"#NULL!","shoats_day":"#NULL!","fails_dry_season":null,"management":null,"elev_m":228,"dist_tana_km":36.1,"flooded_2023":false,"flooded_2024":false,"nearest_lagha_km":0.53,"nearest_lagha_hazard":"Moderate","flood_exposure":"Moderate","subcounty":"Balambala","in_county":true},"geometry":{"type":"Point","coordinates":[39.6485,0.04909]}},{"type":"Feature","properties":{"village":"Abdisamad 4","ward":"Sankuri","setting":"Rural","households_served":"270.0","functional":"Yes","depth_m":"190.0","yield_m3h":"3","power":"Generator","camels_day":"50.0","cattle_day":"100.0","shoats_day":"200.0","fails_dry_season":"No","management":"Solar system is required to reduce operation costs","elev_m":227,"dist_tana_km":36.69,"flooded_2023":false,"flooded_2024":false,"nearest_lagha_km":0.75,"nearest_lagha_hazard":"Moderate","flood_exposure":"Moderate","subcounty":"Balambala","in_county":true},"geometry":{"type":"Point","coordinates":[39.6551,0.05024]}},{"type":"Feature","properties":{"village":"Abdisamad  3","ward":"Sankuri","setting":"Rural","households_served":"#NULL!","functional":null,"depth_m":"#NULL!","yield_m3h":null,"power":null,"camels_day":"#NULL!","cattle_day":"#NULL!","shoats_day":"#NULL!","fails_dry_season":null,"management":null,"elev_m":228,"dist_tana_km":36.68,"flooded_2023":false,"flooded_2024":false,"nearest_lagha_km":0.67,"nearest_lagha_hazard":"Moderate","flood_exposure":"Moderate","subcounty":"Balambala","in_county":true},"geometry":{"type":"Point","coordinates":[39.65436,0.05074]}},{"type":"Feature","properties":{"village":"Abdisamad 2","ward":"Sankuri","setting":null,"households_served":"#NULL!","functional":null,"depth_m":"#NULL!","yield_m3h":null,"power":null,"camels_day":"#NULL!","cattle_day":"#NULL!","shoats_day":"#NULL!","fails_dry_season":null,"management":null,"elev_m":222,"dist_tana_km":37.46,"flooded_2023":false,"flooded_2024":false,"nearest_lagha_km":0.15,"nearest_lagha_hazard":"Moderate","flood_exposure":"Moderate","subcounty":"Balambala","in_county":true},"geometry":{"type":"Point","coordinates":[39.6555,0.05932]}},{"type":"Feature","properties":{"village":"Abdisamad  1","ward":"Sankuri","setting":"Rural","households_served":"130.0","functional":"Yes","depth_m":"190.0","yield_m3h":"4","power":"Solar system","camels_day":"50.0","cattle_day":"100.0","shoats_day":"200.0","fails_dry_season":"No","management":"WUA","elev_m":222,"dist_tana_km":37.61,"flooded_2023":false,"flooded_2024":false,"nearest_lagha_km":0.12,"nearest_lagha_hazard":"Moderate","flood_exposure":"Moderate","subcounty":"Balambala","in_county":true},"geometry":{"type":"Point","coordinates":[39.65618,0.06055]}},{"type":"Feature","properties":{"village":"Baraki 7","ward":"Baraki","setting":"Rural","households_served":"#NULL!","functional":null,"depth_m":"#NULL!","yield_m3h":null,"power":null,"camels_day":"#NULL!","cattle_day":"#NULL!","shoats_day":"#NULL!","fails_dry_season":null,"management":null,"elev_m":178,"dist_tana_km":92.33,"flooded_2023":true,"flooded_2024":false,"nearest_lagha_km":0.26,"nearest_lagha_hazard":"High","flood_exposure":"Very High","subcounty":"Lagdera","in_county":true},"geometry":{"type":"Point","coordinates":[39.57872,0.65364]}},{"type":"Feature","properties":{"village":"Santa abaq 1","ward":"Santa abaq","setting":"Rural","households_served":"#NULL!","functional":"No","depth_m":"250.0","yield_m3h":null,"power":"Solar system","camels_day":"#NULL!","cattle_day":"#NULL!","shoats_day":"#NULL!","fails_dry_season":null,"management":null,"elev_m":158,"dist_tana_km":80.25,"flooded_2023":false,"flooded_2024":false,"nearest_lagha_km":0.41,"nearest_lagha_hazard":"High","flood_exposure":"High","subcounty":"Lagdera","in_county":true},"geometry":{"type":"Point","coordinates":[39.74294,0.46307]}},{"type":"Feature","properties":{"village":"Santa abaq 2","ward":"Santa abaq","setting":"Rural","households_served":"1500.0","functional":"Yes","depth_m":"190.0","yield_m3h":"16","power":"Generator","camels_day":"70.0","cattle_day":"200.0","shoats_day":"200.0","fails_dry_season":"No","management":null,"elev_m":161,"dist_tana_km":79.98,"flooded_2023":false,"flooded_2024":false,"nearest_lagha_km":1.09,"nearest_lagha_hazard":"High","flood_exposure":"Moderate","subcounty":"Lagdera","in_county":true},"geometry":{"type":"Point","coordinates":[39.74762,0.45801]}},{"type":"Feature","properties":{"village":"Ahmed Tukale","ward":"Baraki","setting":"Rural","households_served":"180.0","functional":"Yes","depth_m":"250.0","yield_m3h":"25","power":"Generator","camels_day":"50.0","cattle_day":"100.0","shoats_day":"100.0","fails_dry_season":"No","management":"Not yet elected","elev_m":161,"dist_tana_km":70.2,"flooded_2023":false,"flooded_2024":false,"nearest_lagha_km":1.73,"nearest_lagha_hazard":"Very High","flood_exposure":"Low","subcounty":"Lagdera","in_county":true},"geometry":{"type":"Point","coordinates":[39.75676,0.35186]}},{"type":"Feature","properties":{"village":"Baraki 6","ward":"Baraki","setting":"Rural","households_served":"#NULL!","functional":null,"depth_m":"#NULL!","yield_m3h":null,"power":null,"camels_day":"#NULL!","cattle_day":"#NULL!","shoats_day":"#NULL!","fails_dry_season":null,"management":null,"elev_m":176,"dist_tana_km":92.21,"flooded_2023":true,"flooded_2024":false,"nearest_lagha_km":0.17,"nearest_lagha_hazard":"High","flood_exposure":"Very High","subcounty":"Lagdera","in_county":true},"geometry":{"type":"Point","coordinates":[39.57846,0.65266]}},{"type":"Feature","properties":{"village":"Baraki 5","ward":"Lagdera","setting":"Rural","households_served":"#NULL!","functional":null,"depth_m":"#NULL!","yield_m3h":null,"power":null,"camels_day":"#NULL!","cattle_day":"#NULL!","shoats_day":"#NULL!","fails_dry_season":null,"management":null,"elev_m":176,"dist_tana_km":93.11,"flooded_2023":true,"flooded_2024":false,"nearest_lagha_km":0.5,"nearest_lagha_hazard":"Very High","flood_exposure":"Very High","subcounty":"Lagdera","in_county":true},"geometry":{"type":"Point","coordinates":[39.58877,0.65768]}},{"type":"Feature","properties":{"village":"Baraki 4","ward":"Baraki","setting":"Rural","households_served":"#NULL!","functional":null,"depth_m":"#NULL!","yield_m3h":null,"power":null,"camels_day":"#NULL!","cattle_day":"#NULL!","shoats_day":"#NULL!","fails_dry_season":null,"management":null,"elev_m":176,"dist_tana_km":92.65,"flooded_2023":true,"flooded_2024":false,"nearest_lagha_km":0.9,"nearest_lagha_hazard":"High","flood_exposure":"Very High","subcounty":"Lagdera","in_county":true},"geometry":{"type":"Point","coordinates":[39.58682,0.654]}},{"type":"Feature","properties":{"village":"Baraki 3","ward":"Baraki","setting":"Rural","households_served":"#NULL!","functional":null,"depth_m":"#NULL!","yield_m3h":null,"power":null,"camels_day":"#NULL!","cattle_day":"#NULL!","shoats_day":"#NULL!","fails_dry_season":null,"management":null,"elev_m":175,"dist_tana_km":93.59,"flooded_2023":true,"flooded_2024":false,"nearest_lagha_km":0.2,"nearest_lagha_hazard":"Very High","flood_exposure":"Very High","subcounty":"Lagdera","in_county":true},"geometry":{"type":"Point","coordinates":[39.58573,0.66337]}},{"type":"Feature","properties":{"village":"Baraki 1","ward":"Baraki","setting":"Rural","households_served":"600.0","functional":"Yes","depth_m":"#NULL!","yield_m3h":null,"power":null,"camels_day":"70.0","cattle_day":"200.0","shoats_day":"#NULL!","fails_dry_season":"No","management":"WUA","elev_m":176,"dist_tana_km":92.45,"flooded_2023":true,"flooded_2024":false,"nearest_lagha_km":0.39,"nearest_lagha_hazard":"High","flood_exposure":"Very High","subcounty":"Lagdera","in_county":true},"geometry":{"type":"Point","coordinates":[39.5803,0.65424]}},{"type":"Feature","properties":{"village":"Baraki 2","ward":"Baraki","setting":"Rural","households_served":"280.0","functional":"Yes","depth_m":"170.0","yield_m3h":"16","power":"Generator","camels_day":"50.0","cattle_day":"150.0","shoats_day":"300.0","fails_dry_season":"No","management":"WUA","elev_m":176,"dist_tana_km":92.45,"flooded_2023":true,"flooded_2024":false,"nearest_lagha_km":0.39,"nearest_lagha_hazard":"High","flood_exposure":"Very High","subcounty":"Lagdera","in_county":true},"geometry":{"type":"Point","coordinates":[39.5803,0.65426]}},{"type":"Feature","properties":{"village":"Gurrow","ward":"Abakaile","setting":"Rural","households_served":"150.0","functional":"Yes","depth_m":"200.0","yield_m3h":"12","power":"Generator","camels_day":"1000.0","cattle_day":"500.0","shoats_day":"1000.0","fails_dry_season":"Yes","management":"Poor management not registered required to formed officially","elev_m":175,"dist_tana_km":60.53,"flooded_2023":false,"flooded_2024":false,"nearest_lagha_km":0.77,"nearest_lagha_hazard":"High","flood_exposure":"Moderate","subcounty":"Dadaab","in_county":true},"geometry":{"type":"Point","coordinates":[39.98635,0.02758]}},{"type":"Feature","properties":{"village":"Dobale","ward":"Liboi","setting":"Rural","households_served":"1.5","functional":"Yes","depth_m":"220.0","yield_m3h":"17","power":"Hybrid","camels_day":"50.0","cattle_day":"100.0","shoats_day":"30.0","fails_dry_season":"Yes","management":"Water Committee","elev_m":82,"dist_tana_km":161.38,"flooded_2023":false,"flooded_2024":false,"nearest_lagha_km":0.07,"nearest_lagha_hazard":"Very High","flood_exposure":"High","subcounty":"Dadaab","in_county":true},"geometry":{"type":"Point","coordinates":[40.86469,0.34977]}},{"type":"Feature","properties":{"village":"Liboi East","ward":"Liboi East B","setting":"Rural","households_served":"0.0","functional":"Yes","depth_m":"180.0","yield_m3h":"12","power":"Generator","camels_day":"2000.0","cattle_day":"1500.0","shoats_day":"5000.0","fails_dry_season":"Yes","management":"Water Committee","elev_m":81,"dist_tana_km":163.01,"flooded_2023":false,"flooded_2024":false,"nearest_lagha_km":0.62,"nearest_lagha_hazard":"Very High","flood_exposure":"Moderate","subcounty":"Dadaab","in_county":true},"geometry":{"type":"Point","coordinates":[40.87845,0.35522]}},{"type":"Feature","properties":{"village":"Kadaqso","ward":"Liboi","setting":"Rural","households_served":"250.0","functional":"Yes","depth_m":"230.0","yield_m3h":"15","power":"Generator","camels_day":"1000.0","cattle_day":"500.0","shoats_day":"2500.0","fails_dry_season":"Yes","management":"Water Committee","elev_m":113,"dist_tana_km":127.25,"flooded_2023":false,"flooded_2024":false,"nearest_lagha_km":0.66,"nearest_lagha_hazard":"Very High","flood_exposure":"Moderate","subcounty":"Dadaab","in_county":true},"geometry":{"type":"Point","coordinates":[40.59411,0.20444]}},{"type":"Feature","properties":{"village":"Ziwani bh 3","ward":null,"setting":"Urban","households_served":"#NULL!","functional":null,"depth_m":"#NULL!","yield_m3h":null,"power":null,"camels_day":"#NULL!","cattle_day":"#NULL!","shoats_day":"#NULL!","fails_dry_season":null,"management":null,"elev_m":137,"dist_tana_km":0.41,"flooded_2023":true,"flooded_2024":true,"nearest_lagha_km":0.15,"nearest_lagha_hazard":"Very High","flood_exposure":"Very High","subcounty":"Garissa Township","in_county":true},"geometry":{"type":"Point","coordinates":[39.63645,-0.47072]}},{"type":"Feature","properties":{"village":"Iftin 1","ward":"Iftin","setting":"Urban","households_served":"300.0","functional":"Yes","depth_m":"45.0","yield_m3h":"50","power":"Hybrid","camels_day":"#NULL!","cattle_day":"#NULL!","shoats_day":"#NULL!","fails_dry_season":"No","management":"GAWASCO","elev_m":135,"dist_tana_km":1.1,"flooded_2023":true,"flooded_2024":true,"nearest_lagha_km":0.1,"nearest_lagha_hazard":"Very High","flood_exposure":"Very High","subcounty":null,"in_county":true},"geometry":{"type":"Point","coordinates":[39.65364,-0.50188]}},{"type":"Feature","properties":{"village":"Maleley 1","ward":"Liboi","setting":"Rural","households_served":"300.0","functional":"Yes","depth_m":"180.0","yield_m3h":"14","power":"Hybrid","camels_day":"1500.0","cattle_day":"1000.0","shoats_day":"3000.0","fails_dry_season":"Yes","management":"Water Committee","elev_m":114,"dist_tana_km":118.51,"flooded_2023":false,"flooded_2024":false,"nearest_lagha_km":0.09,"nearest_lagha_hazard":"Very High","flood_exposure":"High","subcounty":"Dadaab","in_county":true},"geometry":{"type":"Point","coordinates":[40.51229,0.18897]}},{"type":"Feature","properties":{"village":"Rigdam","ward":"Baraki","setting":"Rural","households_served":"180.0","functional":"Yes","depth_m":"250.0","yield_m3h":"12","power":"Generator and solar system","camels_day":"20.0","cattle_day":"100.0","shoats_day":"200.0","fails_dry_season":"No","management":"Not selected","elev_m":178,"dist_tana_km":89.08,"flooded_2023":true,"flooded_2024":false,"nearest_lagha_km":0.64,"nearest_lagha_hazard":"High","flood_exposure":"Very High","subcounty":"Lagdera","in_county":true},"geometry":{"type":"Point","coordinates":[39.50495,0.64425]}},{"type":"Feature","properties":{"village":"Elan","ward":"Maalimin","setting":"Rural","households_served":"0.0","functional":"No","depth_m":"190.0","yield_m3h":"16","power":"Generator","camels_day":"#NULL!","cattle_day":"#NULL!","shoats_day":"#NULL!","fails_dry_season":null,"management":null,"elev_m":212,"dist_tana_km":92.86,"flooded_2023":false,"flooded_2024":false,"nearest_lagha_km":0.35,"nearest_lagha_hazard":"Low","flood_exposure":"Moderate","subcounty":"Lagdera","in_county":true},"geometry":{"type":"Point","coordinates":[39.36418,0.73777]}},{"type":"Feature","properties":{"village":"Bula hagar","ward":"Sabena","setting":"Rural","households_served":"160.0","functional":null,"depth_m":"250.0","yield_m3h":"16","power":"Solar system and generator","camels_day":"100.0","cattle_day":"200.0","shoats_day":"200.0","fails_dry_season":"No","management":"Not yet elected","elev_m":198,"dist_tana_km":102.0,"flooded_2023":false,"flooded_2024":false,"nearest_lagha_km":0.11,"nearest_lagha_hazard":"High","flood_exposure":"High","subcounty":"Lagdera","in_county":true},"geometry":{"type":"Point","coordinates":[39.40029,0.81246]}},{"type":"Feature","properties":{"village":"Maleley 2","ward":"Liboi","setting":"Rural","households_served":"280.0","functional":"Yes","depth_m":"180.0","yield_m3h":"15","power":"Hybrid","camels_day":"2000.0","cattle_day":"1500.0","shoats_day":"3000.0","fails_dry_season":"Yes","management":"Water Committee","elev_m":113,"dist_tana_km":120.61,"flooded_2023":false,"flooded_2024":false,"nearest_lagha_km":0.23,"nearest_lagha_hazard":"Very High","flood_exposure":"High","subcounty":"Dadaab","in_county":true},"geometry":{"type":"Point","coordinates":[40.5258,0.20327]}},{"type":"Feature","properties":{"village":"Gurufa 2","ward":"Sabena","setting":"Rural","households_served":"#NULL!","functional":null,"depth_m":"#NULL!","yield_m3h":null,"power":null,"camels_day":"#NULL!","cattle_day":"#NULL!","shoats_day":"#NULL!","fails_dry_season":null,"management":null,"elev_m":191,"dist_tana_km":103.7,"flooded_2023":false,"flooded_2024":false,"nearest_lagha_km":1.14,"nearest_lagha_hazard":"Very High","flood_exposure":"Moderate","subcounty":"Lagdera","in_county":true},"geometry":{"type":"Point","coordinates":[39.46561,0.80097]}},{"type":"Feature","properties":{"village":"Gurufa 1","ward":"Sabena","setting":"Rural","households_served":"500.0","functional":"Yes","depth_m":"180.0","yield_m3h":"12","power":"Solar system and generator","camels_day":"#NULL!","cattle_day":"#NULL!","shoats_day":"100.0","fails_dry_season":"No","management":"WUA","elev_m":190,"dist_tana_km":103.65,"flooded_2023":false,"flooded_2024":false,"nearest_lagha_km":1.21,"nearest_lagha_hazard":"Very High","flood_exposure":"Moderate","subcounty":"Lagdera","in_county":true},"geometry":{"type":"Point","coordinates":[39.46504,0.80074]}},{"type":"Feature","properties":{"village":"Skanska 1","ward":"Sabena","setting":"Rural","households_served":"2500.0","functional":null,"depth_m":"#NULL!","yield_m3h":null,"power":"Solar system and generator","camels_day":"#NULL!","cattle_day":"#NULL!","shoats_day":"#NULL!","fails_dry_season":null,"management":null,"elev_m":206,"dist_tana_km":108.98,"flooded_2023":false,"flooded_2024":false,"nearest_lagha_km":1.84,"nearest_lagha_hazard":"Very High","flood_exposure":"Low","subcounty":"Lagdera","in_county":true},"geometry":{"type":"Point","coordinates":[39.31387,0.90669]}},{"type":"Feature","properties":{"village":"Skanska 4","ward":"Maalimin","setting":"Rural","households_served":"300.0","functional":"Yes","depth_m":"220.0","yield_m3h":"36","power":"Generator","camels_day":"100.0","cattle_day":"200.0","shoats_day":"500.0","fails_dry_season":null,"management":"Not yet elected","elev_m":207,"dist_tana_km":109.32,"flooded_2023":false,"flooded_2024":false,"nearest_lagha_km":1.29,"nearest_lagha_hazard":"Very High","flood_exposure":"Moderate","subcounty":"Lagdera","in_county":true},"geometry":{"type":"Point","coordinates":[39.32154,0.90781]}},{"type":"Feature","properties":{"village":"Mathahgisi","ward":"Damajaley","setting":"Rural","households_served":"350.0","functional":"Yes","depth_m":"190.0","yield_m3h":"14","power":"Hy","camels_day":"3500.0","cattle_day":"1500.0","shoats_day":"5000.0","fails_dry_season":"Yes","management":"No management run by area chief information as received from the public","elev_m":116,"dist_tana_km":109.07,"flooded_2023":false,"flooded_2024":false,"nearest_lagha_km":0.97,"nearest_lagha_hazard":"Very High","flood_exposure":"Moderate","subcounty":"Dadaab","in_county":true},"geometry":{"type":"Point","coordinates":[40.4299,0.16109]}},{"type":"Feature","properties":{"village":"Skanska2","ward":"Maalimin","setting":"Rural","households_served":"#NULL!","functional":null,"depth_m":"#NULL!","yield_m3h":null,"power":null,"camels_day":"#NULL!","cattle_day":"#NULL!","shoats_day":"#NULL!","fails_dry_season":null,"management":null,"elev_m":206,"dist_tana_km":108.87,"flooded_2023":false,"flooded_2024":false,"nearest_lagha_km":1.29,"nearest_lagha_hazard":"Low","flood_exposure":"Moderate","subcounty":"Lagdera","in_county":true},"geometry":{"type":"Point","coordinates":[39.31945,0.90421]}},{"type":"Feature","properties":{"village":"Skanska 3","ward":"Maalimin","setting":"Rural","households_served":"#NULL!","functional":null,"depth_m":"#NULL!","yield_m3h":null,"power":null,"camels_day":"#NULL!","cattle_day":"#NULL!","shoats_day":"#NULL!","fails_dry_season":null,"management":null,"elev_m":202,"dist_tana_km":108.75,"flooded_2023":false,"flooded_2024":false,"nearest_lagha_km":0.48,"nearest_lagha_hazard":"Low","flood_exposure":"Moderate","subcounty":"Lagdera","in_county":true},"geometry":{"type":"Point","coordinates":[39.32608,0.90124]}},{"type":"Feature","properties":{"village":"Modogashe","ward":"Modogashe","setting":"Urban","households_served":"#NULL!","functional":null,"depth_m":"#NULL!","yield_m3h":null,"power":null,"camels_day":"#NULL!","cattle_day":"#NULL!","shoats_day":"#NULL!","fails_dry_season":null,"management":null,"elev_m":262,"dist_tana_km":86.66,"flooded_2023":false,"flooded_2024":false,"nearest_lagha_km":0.48,"nearest_lagha_hazard":"Very High","flood_exposure":"High","subcounty":null,"in_county":true},"geometry":{"type":"Point","coordinates":[39.17453,0.72886]}},{"type":"Feature","properties":{"village":"Danyere 2","ward":"Danyere","setting":"Rural","households_served":"500.0","functional":"Yes","depth_m":"80.0","yield_m3h":"25","power":"Solar system","camels_day":"#NULL!","cattle_day":"#NULL!","shoats_day":"#NULL!","fails_dry_season":"No","management":"Not yet elected","elev_m":338,"dist_tana_km":7.6,"flooded_2023":false,"flooded_2024":false,"nearest_lagha_km":0.19,"nearest_lagha_hazard":"Very High","flood_exposure":"High","subcounty":"Balambala","in_county":true},"geometry":{"type":"Point","coordinates":[38.73835,0.0049]}},{"type":"Feature","properties":{"village":"Danyere 1","ward":"Danyere","setting":"Rural","households_served":"300.0","functional":"Yes","depth_m":"50.0","yield_m3h":"12","power":"Solar system","camels_day":"#NULL!","cattle_day":"#NULL!","shoats_day":"#NULL!","fails_dry_season":"No","management":"Not yet elected","elev_m":341,"dist_tana_km":7.64,"flooded_2023":false,"flooded_2024":false,"nearest_lagha_km":0.23,"nearest_lagha_hazard":"Very High","flood_exposure":"High","subcounty":"Balambala","in_county":true},"geometry":{"type":"Point","coordinates":[38.7387,0.00504]}},{"type":"Feature","properties":{"village":"Balambala 2","ward":"Balambala","setting":"Urban","households_served":"2500.0","functional":"Yes","depth_m":"50.0","yield_m3h":"25","power":"Solar system and generator","camels_day":"#NULL!","cattle_day":"#NULL!","shoats_day":"#NULL!","fails_dry_season":"No","management":null,"elev_m":197,"dist_tana_km":0.19,"flooded_2023":false,"flooded_2024":false,"nearest_lagha_km":2.05,"nearest_lagha_hazard":"High","flood_exposure":"High","subcounty":null,"in_county":true},"geometry":{"type":"Point","coordinates":[39.08941,-0.07791]}},{"type":"Feature","properties":{"village":"Homojo","ward":"Damajaley","setting":"Rural","households_served":"250.0","functional":"No","depth_m":"220.0","yield_m3h":"14","power":"Generator","camels_day":"2500.0","cattle_day":"1200.0","shoats_day":"5000.0","fails_dry_season":"Yes","management":"No management officially formed","elev_m":101,"dist_tana_km":146.27,"flooded_2023":false,"flooded_2024":false,"nearest_lagha_km":2.39,"nearest_lagha_hazard":"Low","flood_exposure":"Low","subcounty":"Dadaab","in_county":true},"geometry":{"type":"Point","coordinates":[40.94884,-0.01982]}},{"type":"Feature","properties":{"village":"Barkin","ward":"Damajaley","setting":"Rural","households_served":"250.0","functional":"Yes","depth_m":"220.0","yield_m3h":"13","power":"Generator","camels_day":"3000.0","cattle_day":"1500.0","shoats_day":"5000.0","fails_dry_season":"Yes","management":"No management officially formed","elev_m":117,"dist_tana_km":125.46,"flooded_2023":false,"flooded_2024":false,"nearest_lagha_km":0.05,"nearest_lagha_hazard":"Low","flood_exposure":"Moderate","subcounty":"Dadaab","in_county":true},"geometry":{"type":"Point","coordinates":[40.78694,-0.11453]}},{"type":"Feature","properties":{"village":"Kiwanjayarey","ward":"Damajaley","setting":"Rural","households_served":"280.0","functional":"Yes","depth_m":"180.0","yield_m3h":"14","power":"Generator","camels_day":"3000.0","cattle_day":"2000.0","shoats_day":"3000.0","fails_dry_season":"Yes","management":"No management officially formed","elev_m":128,"dist_tana_km":117.61,"flooded_2023":false,"flooded_2024":false,"nearest_lagha_km":0.12,"nearest_lagha_hazard":"Low","flood_exposure":"Moderate","subcounty":"Dadaab","in_county":true},"geometry":{"type":"Point","coordinates":[40.70787,-0.11519]}},{"type":"Feature","properties":{"village":"Abdiluge","ward":"Iftin","setting":"Rural","households_served":"#NULL!","functional":null,"depth_m":"#NULL!","yield_m3h":null,"power":null,"camels_day":"#NULL!","cattle_day":"#NULL!","shoats_day":"#NULL!","fails_dry_season":null,"management":null,"elev_m":229,"dist_tana_km":10.4,"flooded_2023":false,"flooded_2024":false,"nearest_lagha_km":3.5,"nearest_lagha_hazard":"Moderate","flood_exposure":"Low","subcounty":"Garissa Township","in_county":true},"geometry":{"type":"Point","coordinates":[39.72115,-0.42721]}},{"type":"Feature","properties":{"village":"Iftin 3","ward":"Iftin","setting":"Urban","households_served":"#NULL!","functional":"Yes","depth_m":"50.0","yield_m3h":"60","power":"Generator/solar system","camels_day":"#NULL!","cattle_day":"#NULL!","shoats_day":"#NULL!","fails_dry_season":null,"management":null,"elev_m":135,"dist_tana_km":1.1,"flooded_2023":true,"flooded_2024":true,"nearest_lagha_km":0.09,"nearest_lagha_hazard":"Very High","flood_exposure":"Very High","subcounty":null,"in_county":true},"geometry":{"type":"Point","coordinates":[39.65364,-0.50176]}},{"type":"Feature","properties":{"village":"Lago","ward":"Sankuri","setting":"Rural","households_served":"#NULL!","functional":null,"depth_m":"#NULL!","yield_m3h":null,"power":null,"camels_day":"#NULL!","cattle_day":"#NULL!","shoats_day":"#NULL!","fails_dry_season":null,"management":null,"elev_m":204,"dist_tana_km":34.44,"flooded_2023":false,"flooded_2024":false,"nearest_lagha_km":0.73,"nearest_lagha_hazard":"Very High","flood_exposure":"Moderate","subcounty":"Balambala","in_county":true},"geometry":{"type":"Point","coordinates":[39.86417,-0.20157]}},{"type":"Feature","properties":{"village":"Lago","ward":"Sankuri","setting":"Rural","households_served":"600.0","functional":null,"depth_m":"200.0","yield_m3h":"16","power":"Generator","camels_day":"50.0","cattle_day":"100.0","shoats_day":"2.0","fails_dry_season":null,"management":"WUA","elev_m":201,"dist_tana_km":34.52,"flooded_2023":false,"flooded_2024":false,"nearest_lagha_km":0.37,"nearest_lagha_hazard":"Very High","flood_exposure":"High","subcounty":"Balambala","in_county":true},"geometry":{"type":"Point","coordinates":[39.86731,-0.20564]}},{"type":"Feature","properties":{"village":"Iftin 2","ward":"Iftin","setting":"Urban","households_served":"#NULL!","functional":"Yes","depth_m":"50.0","yield_m3h":"60","power":"Generator/solar system","camels_day":"#NULL!","cattle_day":"#NULL!","shoats_day":"#NULL!","fails_dry_season":null,"management":"GAWASCO","elev_m":137,"dist_tana_km":1.1,"flooded_2023":true,"flooded_2024":true,"nearest_lagha_km":0.08,"nearest_lagha_hazard":"Very High","flood_exposure":"Very High","subcounty":null,"in_county":true},"geometry":{"type":"Point","coordinates":[39.6536,-0.50152]}},{"type":"Feature","properties":{"village":"Iftin 1","ward":"Iftin","setting":"Urban","households_served":"#NULL!","functional":null,"depth_m":"#NULL!","yield_m3h":null,"power":null,"camels_day":"#NULL!","cattle_day":"#NULL!","shoats_day":"#NULL!","fails_dry_season":null,"management":null,"elev_m":136,"dist_tana_km":1.13,"flooded_2023":true,"flooded_2024":true,"nearest_lagha_km":0.05,"nearest_lagha_hazard":"Very High","flood_exposure":"Very High","subcounty":null,"in_county":true},"geometry":{"type":"Point","coordinates":[39.65386,-0.50147]}},{"type":"Feature","properties":{"village":"Rahole","ward":"Damajaley","setting":"Rural","households_served":"50.0","functional":"Yes","depth_m":"220.0","yield_m3h":"12","power":"Generator","camels_day":"1000.0","cattle_day":"500.0","shoats_day":"1500.0","fails_dry_season":"Yes","management":"No management officially formed","elev_m":111,"dist_tana_km":130.43,"flooded_2023":false,"flooded_2024":false,"nearest_lagha_km":0.56,"nearest_lagha_hazard":"Low","flood_exposure":"Moderate","subcounty":"Dadaab","in_county":true},"geometry":{"type":"Point","coordinates":[40.83832,-0.11845]}},{"type":"Feature","properties":{"village":"Maka","ward":"Liboi","setting":"Rural","households_served":"150.0","functional":"Yes","depth_m":"220.0","yield_m3h":"10","power":"Generator","camels_day":"1500.0","cattle_day":"500.0","shoats_day":"3000.0","fails_dry_season":"Yes","management":"No management officially formed","elev_m":89,"dist_tana_km":151.3,"flooded_2023":false,"flooded_2024":false,"nearest_lagha_km":1.86,"nearest_lagha_hazard":"High","flood_exposure":"Low","subcounty":"Dadaab","in_county":true},"geometry":{"type":"Point","coordinates":[40.98849,0.00208]}},{"type":"Feature","properties":{"village":"Hamey","ward":"Damajaley","setting":"Rural","households_served":"1500.0","functional":"Yes","depth_m":"230.0","yield_m3h":"15","power":"Hybrid","camels_day":"10000.0","cattle_day":"5000.0","shoats_day":"10000.0","fails_dry_season":"Yes","management":"No management committee officially formed","elev_m":99,"dist_tana_km":136.71,"flooded_2023":false,"flooded_2024":false,"nearest_lagha_km":0.17,"nearest_lagha_hazard":"High","flood_exposure":"High","subcounty":"Dadaab","in_county":true},"geometry":{"type":"Point","coordinates":[40.90104,-0.12018]}},{"type":"Feature","properties":{"village":"Aden santur","ward":"Damajaley","setting":"Rural","households_served":"150.0","functional":"Yes","depth_m":"220.0","yield_m3h":"14","power":"Generator","camels_day":"3000.0","cattle_day":"1000.0","shoats_day":"3000.0","fails_dry_season":"Yes","management":"No management officially formed","elev_m":94,"dist_tana_km":152.06,"flooded_2023":false,"flooded_2024":false,"nearest_lagha_km":2.1,"nearest_lagha_hazard":"Moderate","flood_exposure":"Low","subcounty":"Dadaab","in_county":true},"geometry":{"type":"Point","coordinates":[40.93885,0.10483]}},{"type":"Feature","properties":{"village":"Shebtaad","ward":"Damajaley","setting":"Rural","households_served":"250.0","functional":"Yes","depth_m":"220.0","yield_m3h":"15","power":"Generator","camels_day":"2000.0","cattle_day":"800.0","shoats_day":"2000.0","fails_dry_season":"Yes","management":"No management officially formed","elev_m":112,"dist_tana_km":131.1,"flooded_2023":false,"flooded_2024":false,"nearest_lagha_km":0.02,"nearest_lagha_hazard":"Low","flood_exposure":"Moderate","subcounty":"Dadaab","in_county":true},"geometry":{"type":"Point","coordinates":[40.66934,0.15546]}},{"type":"Feature","properties":{"village":"Qod qod","ward":"Damajaley","setting":"Rural","households_served":"150.0","functional":"Yes","depth_m":"220.0","yield_m3h":"16","power":"Generator","camels_day":"3000.0","cattle_day":"1500.0","shoats_day":"5000.0","fails_dry_season":"Yes","management":"No management officially formed","elev_m":112,"dist_tana_km":128.63,"flooded_2023":false,"flooded_2024":false,"nearest_lagha_km":2.12,"nearest_lagha_hazard":"Low","flood_exposure":"Low","subcounty":"Dadaab","in_county":true},"geometry":{"type":"Point","coordinates":[40.68301,0.10372]}},{"type":"Feature","properties":{"village":"Towfiq","ward":"Damajaley","setting":"Rural","households_served":"100.0","functional":null,"depth_m":"#NULL!","yield_m3h":null,"power":null,"camels_day":"#NULL!","cattle_day":"#NULL!","shoats_day":"#NULL!","fails_dry_season":null,"management":null,"elev_m":121,"dist_tana_km":119.57,"flooded_2023":false,"flooded_2024":false,"nearest_lagha_km":0.33,"nearest_lagha_hazard":"Very High","flood_exposure":"High","subcounty":"Dadaab","in_county":true},"geometry":{"type":"Point","coordinates":[40.55624,0.12841]}},{"type":"Feature","properties":{"village":"Hagarbul","ward":"Dertu","setting":"Rural","households_served":"1300.0","functional":"Yes","depth_m":"230.0","yield_m3h":"30","power":"Hybrid","camels_day":"3000.0","cattle_day":"2500.0","shoats_day":"3000.0","fails_dry_season":"Yes","management":"No management","elev_m":174,"dist_tana_km":63.72,"flooded_2023":false,"flooded_2024":false,"nearest_lagha_km":1.02,"nearest_lagha_hazard":"Low","flood_exposure":"Moderate","subcounty":"Dadaab","in_county":true},"geometry":{"type":"Point","coordinates":[40.01184,0.04145]}},{"type":"Feature","properties":{"village":"Abakaile","ward":"Abakaile","setting":"Rural","households_served":"350.0","functional":"Yes","depth_m":"180.0","yield_m3h":"14","power":"Generator","camels_day":"1000.0","cattle_day":"500.0","shoats_day":"2000.0","fails_dry_season":"Yes","management":"Water management","elev_m":165,"dist_tana_km":73.57,"flooded_2023":false,"flooded_2024":false,"nearest_lagha_km":0.66,"nearest_lagha_hazard":"High","flood_exposure":"Moderate","subcounty":"Dadaab","in_county":true},"geometry":{"type":"Point","coordinates":[40.0972,0.07584]}},{"type":"Feature","properties":{"village":"Wearable","ward":"Bura","setting":"Rural","households_served":"250.0","functional":"No","depth_m":"40.0","yield_m3h":"7","power":"Generator","camels_day":"30.0","cattle_day":"100.0","shoats_day":"1000.0","fails_dry_season":null,"management":null,"elev_m":123,"dist_tana_km":1.96,"flooded_2023":false,"flooded_2024":false,"nearest_lagha_km":1.48,"nearest_lagha_hazard":"Moderate","flood_exposure":"High","subcounty":null,"in_county":true},"geometry":{"type":"Point","coordinates":[39.81961,-0.67543]}},{"type":"Feature","properties":{"village":"Abaqdera","ward":"Bura","setting":"Rural","households_served":"150.0","functional":"Yes","depth_m":"100.0","yield_m3h":"10","power":"Hybrid","camels_day":"50.0","cattle_day":"100.0","shoats_day":"500.0","fails_dry_season":"Yes","management":"Water management","elev_m":128,"dist_tana_km":2.65,"flooded_2023":false,"flooded_2024":false,"nearest_lagha_km":6.6,"nearest_lagha_hazard":"Low","flood_exposure":"High","subcounty":null,"in_county":true},"geometry":{"type":"Point","coordinates":[39.85159,-0.77705]}},{"type":"Feature","properties":{"village":"Harjab","ward":null,"setting":"Rural","households_served":"150.0","functional":"Yes","depth_m":"220.0","yield_m3h":"14","power":"Generator","camels_day":"2000.0","cattle_day":"1500.0","shoats_day":"2000.0","fails_dry_season":"Yes","management":null,"elev_m":141,"dist_tana_km":17.92,"flooded_2023":false,"flooded_2024":false,"nearest_lagha_km":0.42,"nearest_lagha_hazard":"Low","flood_exposure":"Moderate","subcounty":"Fafi","in_county":true},"geometry":{"type":"Point","coordinates":[40.01493,-0.79826]}},{"type":"Feature","properties":{"village":"Iftin 3","ward":null,"setting":"Urban","households_served":"#NULL!","functional":"No","depth_m":"#NULL!","yield_m3h":null,"power":null,"camels_day":"#NULL!","cattle_day":"#NULL!","shoats_day":"#NULL!","fails_dry_season":null,"management":null,"elev_m":135,"dist_tana_km":1.11,"flooded_2023":true,"flooded_2024":true,"nearest_lagha_km":0.08,"nearest_lagha_hazard":"Very High","flood_exposure":"Very High","subcounty":null,"in_county":true},"geometry":{"type":"Point","coordinates":[39.65372,-0.50168]}},{"type":"Feature","properties":{"village":"ADC BH 2","ward":null,"setting":"Urban","households_served":"#NULL!","functional":"No","depth_m":"#NULL!","yield_m3h":null,"power":null,"camels_day":"#NULL!","cattle_day":"#NULL!","shoats_day":"#NULL!","fails_dry_season":null,"management":null,"elev_m":138,"dist_tana_km":0.46,"flooded_2023":true,"flooded_2024":true,"nearest_lagha_km":0.68,"nearest_lagha_hazard":"Very High","flood_exposure":"Very High","subcounty":null,"in_county":true},"geometry":{"type":"Point","coordinates":[39.61805,-0.42099]}},{"type":"Feature","properties":{"village":"ADC BH1","ward":"Galbet","setting":"Urban","households_served":"2100.0","functional":"Yes","depth_m":"40.0","yield_m3h":"45","power":"Diesel","camels_day":"#NULL!","cattle_day":"#NULL!","shoats_day":"#NULL!","fails_dry_season":"No","management":null,"elev_m":138,"dist_tana_km":0.45,"flooded_2023":true,"flooded_2024":true,"nearest_lagha_km":0.63,"nearest_lagha_hazard":"Very High","flood_exposure":"Very High","subcounty":null,"in_county":true},"geometry":{"type":"Point","coordinates":[39.61816,-0.42062]}},{"type":"Feature","properties":{"village":"Zidane bh 4","ward":null,"setting":"Urban","households_served":"800.0","functional":null,"depth_m":"40.0","yield_m3h":"30","power":"Electricity","camels_day":"#NULL!","cattle_day":"#NULL!","shoats_day":"#NULL!","fails_dry_season":null,"management":null,"elev_m":137,"dist_tana_km":0.41,"flooded_2023":true,"flooded_2024":true,"nearest_lagha_km":0.16,"nearest_lagha_hazard":"Very High","flood_exposure":"Very High","subcounty":"Garissa Township","in_county":true},"geometry":{"type":"Point","coordinates":[39.63656,-0.47058]}},{"type":"Feature","properties":{"village":"Ziwani bh1","ward":null,"setting":"Urban","households_served":"#NULL!","functional":null,"depth_m":"#NULL!","yield_m3h":null,"power":null,"camels_day":"#NULL!","cattle_day":"#NULL!","shoats_day":"#NULL!","fails_dry_season":null,"management":null,"elev_m":135,"dist_tana_km":0.39,"flooded_2023":true,"flooded_2024":true,"nearest_lagha_km":0.17,"nearest_lagha_hazard":"Very High","flood_exposure":"Very High","subcounty":"Garissa Township","in_county":true},"geometry":{"type":"Point","coordinates":[39.63579,-0.47161]}},{"type":"Feature","properties":{"village":"Iftin 2","ward":null,"setting":"Urban","households_served":"#NULL!","functional":null,"depth_m":"#NULL!","yield_m3h":null,"power":null,"camels_day":"#NULL!","cattle_day":"#NULL!","shoats_day":"#NULL!","fails_dry_season":null,"management":null,"elev_m":137,"dist_tana_km":1.09,"flooded_2023":true,"flooded_2024":true,"nearest_lagha_km":0.09,"nearest_lagha_hazard":"Very High","flood_exposure":"Very High","subcounty":null,"in_county":true},"geometry":{"type":"Point","coordinates":[39.65353,-0.50165]}},{"type":"Feature","properties":{"village":"Ziwani bh 2","ward":null,"setting":"Urban","households_served":"#NULL!","functional":"No","depth_m":"40.0","yield_m3h":null,"power":null,"camels_day":"#NULL!","cattle_day":"#NULL!","shoats_day":"#NULL!","fails_dry_season":null,"management":null,"elev_m":137,"dist_tana_km":0.45,"flooded_2023":true,"flooded_2024":true,"nearest_lagha_km":0.21,"nearest_lagha_hazard":"Very High","flood_exposure":"Very High","subcounty":"Garissa Township","in_county":true},"geometry":{"type":"Point","coordinates":[39.6364,-0.47158]}},{"type":"Feature","properties":{"village":"Kamithey","ward":"Nanighi","setting":"Rural","households_served":"300.0","functional":"Yes","depth_m":"40.0","yield_m3h":"18","power":"Solar","camels_day":"#NULL!","cattle_day":"#NULL!","shoats_day":"#NULL!","fails_dry_season":"Yes","management":null,"elev_m":114,"dist_tana_km":1.57,"flooded_2023":false,"flooded_2024":false,"nearest_lagha_km":2.99,"nearest_lagha_hazard":"Moderate","flood_exposure":"High","subcounty":null,"in_county":true},"geometry":{"type":"Point","coordinates":[39.83179,-0.73379]}}]}