{"type":"FeatureCollection","features":[{"type":"Feature","properties":{"layer":"flood_2023_dadaab","label":"UNOSAT Landsat-8/Sentinel-2 21–26 Nov 2023 – Dadaab (El Niño)","date":"2023-11-26","area_ha":11063,"pop_exposed_worldpop":27655},"geometry":{"type":"MultiPolygon","coordinates":[[[[40.4116,0.0679],[40.4113,0.0683],[40.4116,0.0684],[40.4116,0.0679]]],[[[40.1859,0.2126],[40.1851,0.2129],[40.1848,0.2115],[40.184,0.2115],[40.1837,0.2134],[40.1808,0.2148],[40.1808,0.2202],[40.1824,0.2193],[40.1835,0.2207],[40.1808,0.221],[40.1804,0.2292],[40.1835,0.2293],[40.1846,0.2307],[40.1804,0.2328],[40.1804,0.2364],[40.1854,0.2357],[40.1867,0.2379],[40.1962,0.239],[40.1974,0.239],[40.1964,0.2363],[40.198,0.2363],[40.1972,0.2369],[40.1975,0.2382],[40.1986,0.2371],[40.2024,0.2382],[40.2037,0.2393],[40.2032,0.2404],[40.205,0.2406],[40.2059,0.2428],[40.2077,0.2447],[40.2077,0.2436],[40.2091,0.2447],[40.2104,0.2444],[40.211,0.2412],[40.2121,0.2417],[40.2115,0.2433],[40.2123,0.2433],[40.2131,0.2409],[40.2146,0.2413],[40.2148,0.2447],[40.2173,0.2448],[40.2178,0.2443],[40.2176,0.2424],[40.218,0.2421],[40.2179,0.2454],[40.2202,0.2471],[40.2191,0.2483],[40.2197,0.249],[40.2189,0.2486],[40.2179,0.2531],[40.2153,0.2552],[40.2179,0.2546],[40.2192,0.2533],[40.2187,0.2521],[40.2208,0.249],[40.2248,0.247],[40.2271,0.2471],[40.226,0.2467],[40.2258,0.2457],[40.2268,0.2455],[40.2282,0.2465],[40.2268,0.2485],[40.2267,0.2518],[40.2233,0.2531],[40.2234,0.2539],[40.2253,0.2536],[40.2267,0.2547],[40.2249,0.2583],[40.2276,0.26],[40.2296,0.2585],[40.2311,0.2592],[40.2301,0.2604],[40.231,0.2621],[40.2343,0.262],[40.2361,0.2604],[40.2333,0.2575],[40.235,0.256],[40.2344,0.2541],[40.2342,0.2549],[40.2334,0.2547],[40.2331,0.257],[40.2314,0.2545],[40.2281,0.2537],[40.2295,0.2516],[40.2305,0.2514],[40.2298,0.2495],[40.2286,0.2502],[40.2286,0.2515],[40.2281,0.2511],[40.2287,0.2489],[40.228,0.2477],[40.2288,0.2468],[40.2283,0.2445],[40.2298,0.2448],[40.2294,0.2459],[40.2298,0.2453],[40.233,0.2458],[40.234,0.2487],[40.2362,0.2502],[40.236,0.2509],[40.2373,0.2523],[40.2368,0.2539],[40.238,0.2552],[40.239,0.2544],[40.2391,0.2553],[40.2414,0.2565],[40.2443,0.2532],[40.2447,0.2537],[40.2442,0.2552],[40.2448,0.2552],[40.2448,0.2544],[40.2461,0.254],[40.2448,0.2535],[40.246,0.253],[40.2432,0.2522],[40.2434,0.2506],[40.2449,0.2512],[40.2474,0.2474],[40.2494,0.247],[40.2459,0.251],[40.2468,0.2533],[40.2508,0.2494],[40.2548,0.2494],[40.2548,0.2485],[40.2559,0.2492],[40.2563,0.2482],[40.2576,0.2485],[40.2582,0.2474],[40.2598,0.2474],[40.2582,0.2471],[40.2579,0.2452],[40.2567,0.2452],[40.2572,0.2427],[40.2558,0.2424],[40.2571,0.2417],[40.2562,0.2411],[40.2592,0.2412],[40.2593,0.2403],[40.2616,0.2396],[40.2608,0.2393],[40.2612,0.2389],[40.2622,0.2398],[40.2645,0.2397],[40.2652,0.2428],[40.2676,0.2409],[40.2673,0.2401],[40.2689,0.2406],[40.2733,0.2393],[40.2733,0.2374],[40.2719,0.2393],[40.2692,0.2385],[40.2687,0.2393],[40.2679,0.2385],[40.2665,0.239],[40.2668,0.2363],[40.2689,0.2348],[40.2724,0.2344],[40.2756,0.2364],[40.2741,0.2369],[40.2741,0.2382],[40.2754,0.2374],[40.2783,0.2382],[40.2797,0.238],[40.2822,0.2366],[40.2802,0.2369],[40.2807,0.2358],[40.2828,0.2357],[40.2832,0.2344],[40.2844,0.2352],[40.2914,0.2309],[40.293,0.232],[40.2942,0.23],[40.2941,0.2309],[40.295,0.2313],[40.2941,0.2294],[40.2956,0.2278],[40.2938,0.2255],[40.2954,0.2238],[40.2949,0.2226],[40.2971,0.2237],[40.297,0.2251],[40.2985,0.2264],[40.3004,0.2257],[40.3009,0.2242],[40.3034,0.2245],[40.3037,0.2229],[40.303,0.2226],[40.304,0.2203],[40.3058,0.2206],[40.3057,0.2215],[40.3083,0.2207],[40.309,0.2189],[40.3079,0.2194],[40.307,0.2183],[40.3089,0.2179],[40.3093,0.2194],[40.3098,0.2191],[40.3134,0.2145],[40.3137,0.2121],[40.3159,0.2107],[40.3153,0.2096],[40.3194,0.2086],[40.3188,0.2069],[40.3219,0.2061],[40.3202,0.2048],[40.3215,0.2032],[40.3223,0.2032],[40.3215,0.2042],[40.3222,0.206],[40.3231,0.2059],[40.3223,0.2051],[40.3242,0.2049],[40.3242,0.2042],[40.3242,0.2051],[40.3233,0.2052],[40.3234,0.2061],[40.3228,0.2067],[40.321,0.2067],[40.3217,0.2073],[40.3217,0.2078],[40.3202,0.208],[40.3212,0.208],[40.321,0.2096],[40.3223,0.2107],[40.3242,0.2102],[40.3234,0.2096],[40.3237,0.2064],[40.3303,0.2033],[40.3302,0.2026],[40.3319,0.203],[40.3338,0.202],[40.3348,0.2011],[40.3354,0.1991],[40.3368,0.1998],[40.3375,0.1991],[40.3369,0.198],[40.3399,0.1978],[40.3391,0.1975],[40.3391,0.1965],[40.3427,0.1978],[40.3439,0.1971],[40.3497,0.1982],[40.3502,0.1925],[40.3508,0.1936],[40.3527,0.1932],[40.352,0.1935],[40.3525,0.1945],[40.3534,0.1934],[40.3544,0.1939],[40.3533,0.1922],[40.3553,0.192],[40.3587,0.1938],[40.3617,0.1938],[40.3621,0.1933],[40.3609,0.1931],[40.3624,0.1928],[40.3644,0.194],[40.3647,0.1965],[40.368,0.1957],[40.369,0.194],[40.3724,0.1926],[40.3768,0.1943],[40.3776,0.1936],[40.3799,0.1946],[40.3817,0.1938],[40.3852,0.1943],[40.3873,0.1923],[40.3867,0.1916],[40.3873,0.1897],[40.3887,0.1902],[40.3895,0.1891],[40.3903,0.1913],[40.3916,0.1913],[40.3916,0.1902],[40.3927,0.1913],[40.3927,0.1904],[40.3944,0.1902],[40.3952,0.1916],[40.396,0.1909],[40.3944,0.1897],[40.3976,0.1875],[40.4038,0.1864],[40.4049,0.1873],[40.4066,0.1868],[40.4074,0.1854],[40.4104,0.1877],[40.4113,0.1868],[40.4113,0.1904],[40.4116,0.1767],[40.4084,0.1762],[40.4092,0.1743],[40.4078,0.1735],[40.4049,0.1754],[40.3985,0.1741],[40.398,0.1749],[40.395,0.175],[40.3891,0.1794],[40.3892,0.181],[40.3908,0.1819],[40.3897,0.1843],[40.3883,0.1841],[40.3876,0.1819],[40.3854,0.1826],[40.3849,0.1819],[40.3849,0.1829],[40.3827,0.184],[40.3803,0.1827],[40.3811,0.1846],[40.3819,0.1846],[40.3814,0.1872],[40.3778,0.1862],[40.3779,0.1842],[40.3749,0.1794],[40.3741,0.1813],[40.376,0.1823],[40.3743,0.1829],[40.3739,0.187],[40.3711,0.1859],[40.3711,0.1877],[40.3685,0.1853],[40.3686,0.184],[40.3677,0.1847],[40.3666,0.1834],[40.367,0.1827],[40.369,0.1827],[40.3701,0.1813],[40.3682,0.1805],[40.3682,0.1784],[40.3663,0.1773],[40.3641,0.1789],[40.3668,0.18],[40.3676,0.1824],[40.3648,0.182],[40.3645,0.1823],[40.3675,0.1851],[40.3647,0.186],[40.3647,0.1882],[40.3623,0.1882],[40.36,0.185],[40.3595,0.1863],[40.3572,0.1865],[40.3585,0.1885],[40.3575,0.1894],[40.3589,0.19],[40.3578,0.1906],[40.3514,0.1873],[40.3482,0.1868],[40.3472,0.1874],[40.3467,0.1867],[40.345,0.1876],[40.342,0.1862],[40.3416,0.188],[40.3451,0.188],[40.3449,0.1903],[40.3456,0.1885],[40.3474,0.1879],[40.3486,0.1883],[40.3489,0.1906],[40.3476,0.191],[40.3479,0.1898],[40.3461,0.1893],[40.3451,0.191],[40.3461,0.1914],[40.341,0.1947],[40.3391,0.1929],[40.337,0.1929],[40.3377,0.1897],[40.3404,0.1886],[40.3404,0.1878],[40.3391,0.1881],[40.3383,0.1872],[40.3393,0.1846],[40.3377,0.1843],[40.3377,0.1835],[40.3399,0.1832],[40.3399,0.1816],[40.3372,0.18],[40.3372,0.1816],[40.3383,0.1824],[40.3369,0.1829],[40.3366,0.1816],[40.3353,0.1819],[40.3365,0.1809],[40.3357,0.1799],[40.3366,0.1799],[40.3356,0.1787],[40.3358,0.1769],[40.3396,0.1747],[40.3406,0.1753],[40.341,0.174],[40.3396,0.1725],[40.339,0.1678],[40.338,0.1681],[40.3368,0.1723],[40.333,0.171],[40.3317,0.1722],[40.3305,0.1702],[40.3287,0.1702],[40.3289,0.1705],[40.3288,0.1711],[40.328,0.17],[40.3248,0.1727],[40.3254,0.1729],[40.3252,0.1745],[40.325,0.1735],[40.324,0.1735],[40.324,0.1744],[40.3197,0.1762],[40.318,0.178],[40.3164,0.1765],[40.3164,0.1786],[40.3151,0.1781],[40.3126,0.1792],[40.3124,0.1784],[40.311,0.1784],[40.3103,0.18],[40.3081,0.1797],[40.3067,0.1816],[40.3059,0.181],[40.3045,0.1837],[40.3053,0.1856],[40.3078,0.1854],[40.3094,0.1865],[40.3102,0.1851],[40.3108,0.1891],[40.3083,0.1886],[40.3083,0.187],[40.3078,0.1862],[40.3051,0.1864],[40.3048,0.1881],[40.3037,0.1883],[40.3024,0.1872],[40.3002,0.1875],[40.3005,0.1891],[40.2997,0.1894],[40.3006,0.192],[40.2993,0.1913],[40.3002,0.194],[40.2991,0.1951],[40.2978,0.1951],[40.2973,0.1937],[40.2991,0.19],[40.2973,0.19],[40.2973,0.1881],[40.2954,0.1875],[40.2959,0.1916],[40.2973,0.1916],[40.2965,0.1945],[40.2975,0.1951],[40.2973,0.1959],[40.2965,0.1953],[40.2962,0.1961],[40.2948,0.1961],[40.2962,0.1986],[40.2943,0.1983],[40.2925,0.1999],[40.2916,0.1988],[40.2905,0.1991],[40.2903,0.201],[40.2881,0.2011],[40.2881,0.2015],[40.2889,0.2015],[40.2889,0.2018],[40.2892,0.2018],[40.2892,0.202],[40.2885,0.2017],[40.2872,0.202],[40.2861,0.2051],[40.2822,0.2051],[40.2822,0.2072],[40.2808,0.2072],[40.2808,0.2083],[40.2797,0.2077],[40.28,0.2088],[40.2792,0.2086],[40.2784,0.211],[40.2776,0.2091],[40.276,0.2094],[40.276,0.2123],[40.2751,0.2121],[40.2751,0.2131],[40.2733,0.2132],[40.2706,0.2118],[40.27,0.2123],[40.27,0.2112],[40.2687,0.2121],[40.2665,0.211],[40.2663,0.2121],[40.2657,0.2112],[40.2646,0.2121],[40.2649,0.2107],[40.2663,0.2112],[40.2663,0.2107],[40.2644,0.2096],[40.2629,0.2115],[40.263,0.2099],[40.2609,0.2094],[40.2633,0.2094],[40.2636,0.2072],[40.2649,0.2077],[40.2641,0.2064],[40.2633,0.2067],[40.263,0.2051],[40.2611,0.2056],[40.2625,0.2067],[40.2619,0.2077],[40.2594,0.2065],[40.256,0.2083],[40.2567,0.2086],[40.2555,0.2094],[40.2552,0.2126],[40.2568,0.2126],[40.2541,0.2148],[40.2538,0.2131],[40.2525,0.2129],[40.2485,0.214],[40.2477,0.2129],[40.2482,0.2121],[40.246,0.2091],[40.2479,0.2083],[40.2501,0.2091],[40.2517,0.2104],[40.252,0.2096],[40.2482,0.2077],[40.2463,0.2083],[40.246,0.2075],[40.2436,0.2072],[40.2436,0.2059],[40.2417,0.2061],[40.2417,0.2048],[40.2398,0.2059],[40.2388,0.2053],[40.2374,0.2059],[40.2361,0.2048],[40.2353,0.2061],[40.2339,0.2061],[40.2331,0.2083],[40.2315,0.2086],[40.2312,0.2096],[40.2304,0.2088],[40.2293,0.2096],[40.2296,0.2075],[40.228,0.2075],[40.225,0.2051],[40.2242,0.2059],[40.2285,0.2091],[40.2277,0.2123],[40.228,0.2131],[40.2282,0.2123],[40.229,0.2126],[40.229,0.214],[40.2255,0.2174],[40.2238,0.216],[40.225,0.2182],[40.2241,0.2188],[40.2248,0.2201],[40.2207,0.2193],[40.2204,0.2183],[40.222,0.2183],[40.2223,0.2175],[40.2204,0.2175],[40.2201,0.2166],[40.2174,0.2172],[40.2174,0.2166],[40.2164,0.2164],[40.2172,0.2191],[40.2166,0.2196],[40.2158,0.2167],[40.2174,0.2154],[40.2171,0.2143],[40.2185,0.2127],[40.2206,0.2129],[40.2193,0.211],[40.2191,0.2121],[40.2182,0.2115],[40.218,0.2099],[40.221,0.2069],[40.2228,0.2059],[40.2236,0.2064],[40.2234,0.2053],[40.2215,0.2056],[40.2234,0.2037],[40.2191,0.2042],[40.2196,0.2064],[40.2182,0.2066],[40.218,0.2056],[40.218,0.2078],[40.2139,0.2099],[40.2145,0.2091],[40.211,0.2088],[40.2107,0.2077],[40.2079,0.2076],[40.2068,0.2063],[40.2072,0.2075],[40.2042,0.2067],[40.2025,0.2074],[40.1994,0.2072],[40.1978,0.2061],[40.1983,0.2094],[40.1994,0.2083],[40.2007,0.2094],[40.2035,0.2091],[40.2038,0.2094],[40.2064,0.2083],[40.2069,0.2102],[40.2034,0.2096],[40.2059,0.2112],[40.2061,0.2131],[40.2075,0.2123],[40.2091,0.2134],[40.2091,0.2126],[40.2109,0.2118],[40.2104,0.2123],[40.2112,0.2123],[40.2121,0.2142],[40.2131,0.214],[40.2131,0.2161],[40.2143,0.2164],[40.2137,0.2193],[40.2129,0.2199],[40.2118,0.2191],[40.2115,0.2212],[40.209,0.223],[40.2069,0.2202],[40.204,0.2191],[40.204,0.2177],[40.2053,0.2172],[40.2053,0.2166],[40.2029,0.2177],[40.2045,0.2164],[40.2042,0.2156],[40.2056,0.2156],[40.2064,0.2137],[40.2053,0.215],[40.2034,0.2142],[40.2037,0.2158],[40.2026,0.2161],[40.1986,0.2161],[40.1972,0.2169],[40.197,0.2156],[40.1959,0.2188],[40.1921,0.2185],[40.1921,0.2148],[40.1952,0.2142],[40.1959,0.2158],[40.1969,0.2152],[40.1992,0.2155],[40.1988,0.2126],[40.2015,0.211],[40.2005,0.2099],[40.198,0.2107],[40.1972,0.2096],[40.1962,0.2102],[40.1967,0.2104],[40.1965,0.2115],[40.1945,0.2084],[40.1951,0.2053],[40.1937,0.2056],[40.1927,0.2095],[40.1913,0.2091],[40.1916,0.2102],[40.1926,0.211],[40.1942,0.211],[40.1937,0.2123],[40.1929,0.2126],[40.1926,0.2118],[40.1924,0.2131],[40.1913,0.2123],[40.1913,0.2134],[40.1905,0.2134],[40.1908,0.2123],[40.19,0.2121],[40.1886,0.2137],[40.1883,0.2158],[40.1875,0.2153],[40.1881,0.214],[40.1872,0.2137],[40.1851,0.214],[40.1862,0.2148],[40.184,0.2158],[40.1832,0.2142],[40.1848,0.2142],[40.1859,0.2126]],[[40.2056,0.2409],[40.2053,0.2406],[40.2056,0.2406],[40.2056,0.2409]],[[40.2056,0.2406],[40.2061,0.239],[40.2069,0.2412],[40.2083,0.2409],[40.2083,0.2417],[40.2072,0.2414],[40.2077,0.2428],[40.2094,0.2417],[40.2104,0.2431],[40.2072,0.2431],[40.2056,0.2406]],[[40.2072,0.2436],[40.2069,0.2433],[40.2072,0.2433],[40.2072,0.2436]],[[40.2207,0.2488],[40.22,0.2497],[40.2198,0.2491],[40.2207,0.2488]],[[40.2365,0.2511],[40.2363,0.2508],[40.2364,0.2508],[40.2365,0.2511]],[[40.2439,0.2493],[40.243,0.2504],[40.2431,0.249],[40.2421,0.2486],[40.243,0.2522],[40.2403,0.2526],[40.239,0.2504],[40.2418,0.2518],[40.2406,0.2493],[40.2398,0.2501],[40.2388,0.2472],[40.2347,0.246],[40.2353,0.2449],[40.2346,0.2444],[40.2366,0.2433],[40.2339,0.2435],[40.2328,0.2427],[40.2343,0.2433],[40.2368,0.2422],[40.2379,0.2425],[40.2371,0.2432],[40.2388,0.2431],[40.239,0.241],[40.2408,0.2406],[40.2431,0.2415],[40.2452,0.2411],[40.2476,0.2421],[40.2475,0.2425],[40.2481,0.2427],[40.2491,0.2447],[40.2491,0.2452],[40.2485,0.2447],[40.2479,0.2461],[40.2467,0.2464],[40.2439,0.246],[40.2439,0.2475],[40.2458,0.2483],[40.2453,0.25],[40.2439,0.2493]],[[40.2665,0.2379],[40.2646,0.2389],[40.2631,0.2378],[40.2641,0.2369],[40.2636,0.2364],[40.2627,0.2364],[40.2622,0.238],[40.2595,0.2358],[40.2611,0.2331],[40.2611,0.2317],[40.2632,0.2304],[40.2649,0.2309],[40.2628,0.2318],[40.2627,0.2335],[40.2643,0.233],[40.2641,0.2342],[40.2652,0.2344],[40.2645,0.2364],[40.266,0.2355],[40.2665,0.2379]],[[40.2832,0.2335],[40.283,0.2347],[40.2824,0.2338],[40.2832,0.2335]],[[40.3014,0.2242],[40.3011,0.224],[40.3014,0.2239],[40.3014,0.2242]],[[40.4073,0.1743],[40.4076,0.174],[40.4076,0.1743],[40.4073,0.1743]],[[40.369,0.1819],[40.3682,0.1821],[40.3685,0.1816],[40.369,0.1819]],[[40.3369,0.191],[40.3347,0.1924],[40.3344,0.189],[40.3329,0.1862],[40.3342,0.1857],[40.3329,0.1849],[40.3342,0.1846],[40.3347,0.1854],[40.3355,0.1879],[40.335,0.1889],[40.3364,0.1889],[40.3369,0.191]],[[40.3372,0.176],[40.3361,0.175],[40.338,0.1744],[40.3367,0.173],[40.3391,0.1744],[40.3372,0.176]],[[40.31,0.18],[40.3102,0.1802],[40.31,0.1802],[40.31,0.18]],[[40.3048,0.184],[40.305,0.1837],[40.3051,0.184],[40.3048,0.184]],[[40.2779,0.211],[40.2781,0.2112],[40.2779,0.2112],[40.2779,0.211]],[[40.2768,0.2096],[40.2773,0.2102],[40.2768,0.2102],[40.2768,0.2096]],[[40.2644,0.2121],[40.2646,0.2123],[40.2644,0.2123],[40.2644,0.2121]],[[40.2557,0.214],[40.259,0.2158],[40.2565,0.2172],[40.2571,0.2161],[40.2557,0.2156],[40.2563,0.2177],[40.2549,0.2169],[40.2544,0.2183],[40.2514,0.2188],[40.2528,0.2166],[40.2549,0.2158],[40.2541,0.215],[40.2557,0.215],[40.2557,0.214]],[[40.2377,0.2061],[40.2385,0.2067],[40.2377,0.2069],[40.2377,0.2061]],[[40.2385,0.2067],[40.2404,0.2069],[40.2404,0.2075],[40.2388,0.2077],[40.2385,0.2067]],[[40.2382,0.2075],[40.2385,0.2077],[40.2382,0.2077],[40.2382,0.2075]],[[40.2282,0.2121],[40.2285,0.2115],[40.2285,0.2121],[40.2282,0.2121]],[[40.2298,0.2126],[40.229,0.2118],[40.2298,0.2118],[40.2298,0.2126]],[[40.2204,0.2193],[40.2207,0.2196],[40.2204,0.2196],[40.2204,0.2193]],[[40.2166,0.2166],[40.2169,0.2172],[40.2166,0.2172],[40.2166,0.2166]],[[40.2212,0.2059],[40.2212,0.2067],[40.2198,0.2064],[40.221,0.2051],[40.2212,0.2059]],[[40.2107,0.2086],[40.2105,0.2091],[40.2104,0.2086],[40.2107,0.2086]],[[40.211,0.2094],[40.2112,0.2091],[40.2112,0.2094],[40.211,0.2094]],[[40.2072,0.2088],[40.2067,0.2086],[40.2072,0.2086],[40.2072,0.2088]],[[40.2069,0.2096],[40.208,0.2091],[40.2083,0.2099],[40.2077,0.2096],[40.2069,0.2096]],[[40.1967,0.2118],[40.197,0.2115],[40.197,0.2118],[40.1967,0.2118]],[[40.1969,0.2123],[40.1975,0.2118],[40.1975,0.2121],[40.1969,0.2123]],[[40.1972,0.2126],[40.1975,0.2123],[40.1975,0.2126],[40.1972,0.2126]],[[40.1916,0.2129],[40.1918,0.2131],[40.1916,0.2131],[40.1916,0.2129]],[[40.1883,0.2161],[40.1886,0.2158],[40.1886,0.2161],[40.1883,0.2161]],[[40.4113,0.1838],[40.4113,0.1837],[40.4113,0.1837],[40.4113,0.1838]],[[40.4111,0.1843],[40.4113,0.1841],[40.4113,0.1845],[40.4111,0.1843]],[[40.3992,0.1817],[40.4012,0.1796],[40.4027,0.1802],[40.4023,0.1813],[40.4008,0.181],[40.4,0.1821],[40.3992,0.1817]],[[40.3911,0.1875],[40.39,0.1886],[40.39,0.1856],[40.3923,0.1848],[40.3935,0.1862],[40.3919,0.187],[40.3935,0.1865],[40.3949,0.1889],[40.3927,0.1892],[40.3924,0.1905],[40.3924,0.1886],[40.3911,0.1875]],[[40.3921,0.1774],[40.392,0.1773],[40.3921,0.1773],[40.3921,0.1774]],[[40.3876,0.187],[40.3892,0.1862],[40.3876,0.1875],[40.3876,0.187]],[[40.3887,0.1848],[40.3885,0.1848],[40.3887,0.1848],[40.3887,0.1848]],[[40.3871,0.1846],[40.3875,0.1837],[40.3879,0.1846],[40.3871,0.1846]],[[40.3849,0.1875],[40.3852,0.1878],[40.3849,0.1878],[40.3849,0.1875]],[[40.3776,0.1873],[40.3778,0.1874],[40.3776,0.1874],[40.3776,0.1873]],[[40.3772,0.1865],[40.3775,0.1862],[40.3776,0.1865],[40.3772,0.1865]],[[40.3767,0.1863],[40.377,0.1864],[40.3767,0.1864],[40.3767,0.1863]],[[40.3757,0.1835],[40.3753,0.1835],[40.3756,0.1833],[40.3757,0.1835]],[[40.3753,0.1862],[40.3748,0.1862],[40.3753,0.186],[40.3753,0.1862]],[[40.3724,0.1873],[40.3719,0.1869],[40.3725,0.1869],[40.3724,0.1873]],[[40.3716,0.1871],[40.3717,0.1872],[40.3716,0.1872],[40.3716,0.1871]],[[40.371,0.1895],[40.3708,0.1894],[40.371,0.1894],[40.371,0.1895]],[[40.3697,0.1896],[40.3698,0.1896],[40.3697,0.1896],[40.3697,0.1896]],[[40.3686,0.186],[40.3684,0.1857],[40.3686,0.1857],[40.3686,0.186]],[[40.3654,0.1892],[40.3666,0.1877],[40.3666,0.1894],[40.3654,0.1892]],[[40.3661,0.1859],[40.3662,0.186],[40.3661,0.186],[40.3661,0.1859]],[[40.3654,0.1956],[40.3655,0.1957],[40.3654,0.1957],[40.3654,0.1956]],[[40.3646,0.1887],[40.3648,0.1889],[40.3647,0.1889],[40.3646,0.1887]],[[40.3616,0.1915],[40.3613,0.1912],[40.3617,0.1913],[40.3616,0.1915]],[[40.359,0.1925],[40.3591,0.191],[40.3606,0.1906],[40.3608,0.192],[40.359,0.1925]],[[40.3582,0.1912],[40.3584,0.1915],[40.3582,0.1916],[40.3582,0.1912]],[[40.3578,0.1927],[40.3579,0.1929],[40.3578,0.1929],[40.3578,0.1927]],[[40.3552,0.1911],[40.3548,0.1909],[40.355,0.1907],[40.3552,0.1911]],[[40.3541,0.191],[40.3544,0.1913],[40.3541,0.1913],[40.3541,0.191]],[[40.3534,0.1917],[40.3531,0.192],[40.3532,0.1917],[40.3534,0.1917]],[[40.3488,0.1919],[40.3486,0.1917],[40.3488,0.1917],[40.3488,0.1919]],[[40.3486,0.196],[40.3486,0.1958],[40.3486,0.1958],[40.3486,0.196]],[[40.3481,0.195],[40.3484,0.1953],[40.3482,0.1953],[40.3481,0.195]],[[40.3482,0.1872],[40.3477,0.1875],[40.3479,0.1871],[40.3482,0.1872]],[[40.3469,0.1955],[40.348,0.1963],[40.3455,0.1968],[40.3466,0.1961],[40.3469,0.1955]],[[40.3476,0.1941],[40.3473,0.1939],[40.3476,0.1939],[40.3476,0.1941]],[[40.3472,0.1917],[40.3462,0.1904],[40.3475,0.1899],[40.3472,0.1917]],[[40.3468,0.1952],[40.3466,0.1949],[40.3469,0.1949],[40.3468,0.1952]],[[40.3456,0.1882],[40.3458,0.1883],[40.3456,0.1883],[40.3456,0.1882]],[[40.3456,0.1949],[40.3453,0.1947],[40.3456,0.1947],[40.3456,0.1949]],[[40.3437,0.1952],[40.3444,0.1954],[40.3436,0.1955],[40.3437,0.1952]],[[40.3422,0.1952],[40.3424,0.1955],[40.3421,0.1955],[40.3422,0.1952]],[[40.3391,0.1827],[40.3385,0.1821],[40.3391,0.1821],[40.3391,0.1827]],[[40.3377,0.1721],[40.338,0.1735],[40.3377,0.1731],[40.3377,0.1721]],[[40.3372,0.1977],[40.3373,0.1978],[40.3372,0.1978],[40.3372,0.1977]],[[40.3347,0.1841],[40.3372,0.184],[40.3369,0.1856],[40.3347,0.1841]],[[40.3366,0.1991],[40.3367,0.1993],[40.3366,0.1993],[40.3366,0.1991]],[[40.3354,0.1747],[40.3357,0.1747],[40.3357,0.1748],[40.3354,0.1747]],[[40.3348,0.1981],[40.3346,0.1979],[40.3348,0.1979],[40.3348,0.1981]],[[40.3347,0.1999],[40.3344,0.2009],[40.3343,0.2009],[40.3343,0.2001],[40.3347,0.1999]],[[40.3343,0.1986],[40.3341,0.1984],[40.3344,0.1984],[40.3343,0.1986]],[[40.3338,0.2014],[40.3336,0.2011],[40.3338,0.2011],[40.3338,0.2014]],[[40.3334,0.1987],[40.3337,0.199],[40.3334,0.199],[40.3334,0.1987]],[[40.333,0.1766],[40.3321,0.1757],[40.3334,0.1766],[40.333,0.1766]],[[40.3308,0.2015],[40.3334,0.2015],[40.3308,0.2024],[40.3308,0.2015]],[[40.3326,0.1774],[40.3322,0.1773],[40.3326,0.1772],[40.3326,0.1774]],[[40.3325,0.194],[40.3321,0.1932],[40.3326,0.1932],[40.3325,0.194]],[[40.3324,0.192],[40.3312,0.1932],[40.3307,0.1932],[40.3307,0.1921],[40.3324,0.192]],[[40.3324,0.1753],[40.332,0.1749],[40.3324,0.1751],[40.3324,0.1753]],[[40.3316,0.2002],[40.3321,0.2005],[40.331,0.2005],[40.3316,0.2002]],[[40.3318,0.1851],[40.3318,0.1851],[40.3317,0.1851],[40.3318,0.1851]],[[40.3295,0.1849],[40.3304,0.184],[40.3315,0.1844],[40.3303,0.1847],[40.331,0.1854],[40.3295,0.1849]],[[40.3269,0.1924],[40.3248,0.1921],[40.3253,0.1905],[40.3272,0.1921],[40.3304,0.1908],[40.3277,0.1935],[40.3269,0.1924]],[[40.3299,0.1891],[40.3304,0.1897],[40.3302,0.1902],[40.3296,0.1902],[40.3299,0.1891]],[[40.3304,0.1984],[40.3302,0.1981],[40.3304,0.1981],[40.3304,0.1984]],[[40.3299,0.1726],[40.3296,0.1724],[40.3298,0.1724],[40.3299,0.1726]],[[40.3294,0.1835],[40.3292,0.1833],[40.3294,0.1833],[40.3294,0.1835]],[[40.3291,0.1837],[40.3288,0.1837],[40.3291,0.1837],[40.3291,0.1837]],[[40.3242,0.1875],[40.3248,0.1874],[40.3248,0.1875],[40.3242,0.1875]],[[40.3248,0.1874],[40.3256,0.1862],[40.324,0.1846],[40.3259,0.1843],[40.3264,0.1859],[40.3291,0.1847],[40.3266,0.1871],[40.328,0.1889],[40.3248,0.1874]],[[40.3288,0.1957],[40.3285,0.1953],[40.3288,0.1953],[40.3288,0.1957]],[[40.3275,0.2029],[40.3278,0.2032],[40.3275,0.2032],[40.3275,0.2029]],[[40.3278,0.1733],[40.328,0.1735],[40.3278,0.1735],[40.3278,0.1733]],[[40.3277,0.2026],[40.3275,0.2026],[40.3277,0.2026],[40.3277,0.2026]],[[40.3275,0.2023],[40.3271,0.2019],[40.3277,0.202],[40.3275,0.2023]],[[40.3276,0.1744],[40.3275,0.1742],[40.3276,0.1742],[40.3276,0.1744]],[[40.3272,0.2013],[40.3271,0.2017],[40.3271,0.2013],[40.3272,0.2013]],[[40.3273,0.1817],[40.327,0.1816],[40.3274,0.1816],[40.3273,0.1817]],[[40.3272,0.2006],[40.327,0.2008],[40.3271,0.2006],[40.3272,0.2006]],[[40.3268,0.2026],[40.3272,0.2026],[40.3268,0.2026],[40.3268,0.2026]],[[40.3264,0.1935],[40.3269,0.194],[40.3264,0.194],[40.3264,0.1935]],[[40.3264,0.2026],[40.3269,0.2037],[40.3261,0.2042],[40.3256,0.203],[40.3264,0.2026]],[[40.3261,0.182],[40.3265,0.1822],[40.3261,0.1822],[40.3261,0.182]],[[40.3255,0.2018],[40.3259,0.2017],[40.3259,0.2022],[40.3255,0.2018]],[[40.3256,0.1723],[40.3259,0.1725],[40.3256,0.1727],[40.3256,0.1723]],[[40.3248,0.2017],[40.3252,0.2019],[40.3248,0.202],[40.3248,0.2017]],[[40.3248,0.1808],[40.325,0.1812],[40.3248,0.1813],[40.3248,0.1808]],[[40.3242,0.2032],[40.324,0.2029],[40.3242,0.2028],[40.3242,0.2032]],[[40.3235,0.1924],[40.324,0.1926],[40.3235,0.1926],[40.3235,0.1924]],[[40.3235,0.2024],[40.3234,0.2026],[40.3234,0.2023],[40.3235,0.2024]],[[40.3238,0.1754],[40.3237,0.1753],[40.3238,0.1753],[40.3238,0.1754]],[[40.3237,0.1985],[40.323,0.1991],[40.3233,0.1982],[40.3237,0.1985]],[[40.3236,0.1768],[40.3226,0.1754],[40.3235,0.1756],[40.3236,0.1768]],[[40.3231,0.1768],[40.3234,0.177],[40.3231,0.1771],[40.3231,0.1768]],[[40.3231,0.2018],[40.3235,0.2021],[40.3231,0.2021],[40.3231,0.2018]],[[40.3231,0.1926],[40.3232,0.1926],[40.3231,0.1926],[40.3231,0.1926]],[[40.3226,0.2086],[40.3231,0.2088],[40.3226,0.2088],[40.3226,0.2086]],[[40.3224,0.1766],[40.3219,0.1762],[40.3225,0.1762],[40.3224,0.1766]],[[40.3222,0.1845],[40.3219,0.1843],[40.3222,0.1844],[40.3222,0.1845]],[[40.3218,0.1768],[40.3219,0.177],[40.3218,0.177],[40.3218,0.1768]],[[40.3219,0.1994],[40.3218,0.1993],[40.3219,0.1993],[40.3219,0.1994]],[[40.3218,0.1846],[40.3216,0.1845],[40.3218,0.1845],[40.3218,0.1846]],[[40.3164,0.1997],[40.3197,0.1986],[40.3196,0.2003],[40.321,0.2005],[40.3205,0.2018],[40.3183,0.2023],[40.3191,0.2034],[40.3183,0.2042],[40.3169,0.2026],[40.3169,0.2015],[40.3167,0.2015],[40.3164,0.2005],[40.3164,0.1997]],[[40.3202,0.1986],[40.3205,0.1988],[40.3202,0.1988],[40.3202,0.1986]],[[40.3193,0.1783],[40.3199,0.1778],[40.3199,0.1781],[40.3193,0.1783]],[[40.3192,0.204],[40.3197,0.2045],[40.3192,0.2045],[40.3192,0.204]],[[40.3186,0.1854],[40.3169,0.1856],[40.3167,0.1843],[40.3191,0.184],[40.3186,0.1854]],[[40.3188,0.1784],[40.319,0.1779],[40.319,0.1783],[40.3188,0.1784]],[[40.3188,0.2064],[40.3178,0.2072],[40.3175,0.2061],[40.3186,0.2056],[40.3188,0.2064]],[[40.3186,0.1834],[40.318,0.1835],[40.318,0.1833],[40.3186,0.1834]],[[40.3178,0.2083],[40.3172,0.2075],[40.318,0.2077],[40.3178,0.2083]],[[40.3172,0.1902],[40.3178,0.1894],[40.3178,0.1905],[40.3172,0.1902]],[[40.3154,0.2059],[40.3153,0.2042],[40.3162,0.2044],[40.3164,0.2059],[40.3175,0.2053],[40.3169,0.2069],[40.3154,0.2059]],[[40.3175,0.2051],[40.3145,0.2036],[40.315,0.2041],[40.314,0.2045],[40.314,0.2029],[40.3161,0.2026],[40.3175,0.2051]],[[40.3159,0.1913],[40.3174,0.1939],[40.3145,0.1945],[40.314,0.1913],[40.3159,0.1913]],[[40.3169,0.1883],[40.3169,0.1883],[40.3169,0.1883],[40.3169,0.1883]],[[40.3162,0.1879],[40.3164,0.1882],[40.3162,0.1881],[40.3162,0.1879]],[[40.3161,0.208],[40.3143,0.2075],[40.3164,0.2069],[40.3161,0.208]],[[40.3164,0.1945],[40.3155,0.1951],[40.3154,0.1948],[40.3164,0.1945]],[[40.3163,0.2005],[40.3162,0.2006],[40.3162,0.2005],[40.3163,0.2005]],[[40.3159,0.1841],[40.3161,0.1846],[40.316,0.1846],[40.3159,0.1841]],[[40.3159,0.1848],[40.3156,0.1846],[40.3159,0.1846],[40.3159,0.1848]],[[40.3148,0.2021],[40.3151,0.2025],[40.3145,0.2025],[40.3148,0.2021]],[[40.3151,0.2096],[40.3147,0.2089],[40.3151,0.2087],[40.3151,0.2096]],[[40.3132,0.2059],[40.3134,0.2051],[40.3148,0.2051],[40.3148,0.2056],[40.3132,0.2059]],[[40.311,0.2051],[40.3091,0.2056],[40.3091,0.2045],[40.3105,0.201],[40.3116,0.201],[40.3105,0.204],[40.311,0.2051]],[[40.3116,0.201],[40.3108,0.1993],[40.3118,0.2002],[40.3132,0.1989],[40.3145,0.2002],[40.3145,0.201],[40.3116,0.201]],[[40.3145,0.1816],[40.3143,0.1812],[40.3145,0.1812],[40.3145,0.1816]],[[40.3137,0.2021],[40.3143,0.2015],[40.3143,0.2021],[40.3137,0.2021]],[[40.3143,0.2115],[40.314,0.2114],[40.3143,0.2114],[40.3143,0.2115]],[[40.3136,0.1953],[40.314,0.1956],[40.3136,0.1954],[40.3136,0.1953]],[[40.3139,0.1977],[40.3138,0.1975],[40.3139,0.1975],[40.3139,0.1977]],[[40.3136,0.2072],[40.3139,0.2067],[40.3139,0.2071],[40.3136,0.2072]],[[40.3137,0.1943],[40.3134,0.1937],[40.3137,0.1937],[40.3137,0.1943]],[[40.3129,0.2047],[40.3135,0.205],[40.3128,0.2053],[40.3129,0.2047]],[[40.3094,0.1943],[40.3102,0.1943],[40.311,0.1913],[40.3126,0.1921],[40.311,0.1935],[40.3113,0.1951],[40.3097,0.1951],[40.3094,0.1943]],[[40.311,0.191],[40.3108,0.1913],[40.3108,0.191],[40.311,0.191]],[[40.3116,0.1916],[40.3124,0.1905],[40.3132,0.1921],[40.3121,0.1913],[40.3116,0.1916]],[[40.3113,0.1953],[40.3118,0.1951],[40.3118,0.1953],[40.3113,0.1953]],[[40.3126,0.1956],[40.3121,0.1945],[40.3124,0.1938],[40.3132,0.1951],[40.3126,0.1956]],[[40.313,0.2045],[40.3126,0.2049],[40.3126,0.2045],[40.313,0.2045]],[[40.3124,0.2061],[40.3126,0.2064],[40.3124,0.2064],[40.3124,0.2061]],[[40.3126,0.1824],[40.3124,0.1822],[40.3125,0.1822],[40.3126,0.1824]],[[40.3123,0.182],[40.3125,0.1817],[40.3126,0.182],[40.3123,0.182]],[[40.3118,0.1978],[40.3125,0.1987],[40.3121,0.1988],[40.3118,0.1978]],[[40.3124,0.2051],[40.3124,0.2052],[40.3124,0.2052],[40.3124,0.2051]],[[40.3118,0.2053],[40.3121,0.2054],[40.3118,0.2055],[40.3118,0.2053]],[[40.311,0.1893],[40.3118,0.1894],[40.311,0.1897],[40.311,0.1893]],[[40.3116,0.1822],[40.3118,0.1824],[40.3116,0.1824],[40.3116,0.1822]],[[40.3107,0.1967],[40.3113,0.1959],[40.3116,0.1972],[40.3107,0.1967]],[[40.3114,0.2069],[40.3105,0.2067],[40.3112,0.2066],[40.3114,0.2069]],[[40.297,0.204],[40.2966,0.2039],[40.297,0.2036],[40.297,0.204]],[[40.297,0.204],[40.2981,0.2032],[40.2989,0.204],[40.2989,0.202],[40.2997,0.2024],[40.2998,0.2013],[40.3017,0.2015],[40.3023,0.2005],[40.3045,0.201],[40.3051,0.2024],[40.3043,0.2032],[40.3059,0.2045],[40.3064,0.2061],[40.3058,0.2057],[40.304,0.2067],[40.3064,0.2064],[40.3081,0.2072],[40.3073,0.2082],[40.3091,0.2071],[40.3093,0.2089],[40.3113,0.2102],[40.3102,0.211],[40.3111,0.2108],[40.3103,0.2124],[40.3092,0.2122],[40.3096,0.2108],[40.3087,0.2117],[40.3093,0.213],[40.3075,0.2139],[40.3088,0.214],[40.3072,0.2168],[40.3059,0.2172],[40.3057,0.2165],[40.3043,0.216],[40.3029,0.2176],[40.3002,0.2178],[40.2993,0.221],[40.2972,0.2185],[40.297,0.2196],[40.2949,0.2185],[40.2959,0.2185],[40.2979,0.2162],[40.2988,0.2164],[40.3007,0.2135],[40.3029,0.2143],[40.3025,0.2154],[40.3038,0.2145],[40.3043,0.2157],[40.304,0.213],[40.3073,0.2114],[40.3047,0.2107],[40.3038,0.212],[40.3034,0.2112],[40.305,0.2104],[40.305,0.2093],[40.3068,0.2101],[40.3066,0.2093],[40.3086,0.2086],[40.3056,0.2082],[40.3049,0.2089],[40.3053,0.2078],[40.3067,0.2075],[40.304,0.2069],[40.3035,0.2076],[40.3023,0.2076],[40.3005,0.2069],[40.301,0.2059],[40.301,0.2045],[40.3002,0.2045],[40.3008,0.2057],[40.2997,0.2053],[40.2996,0.2067],[40.2978,0.2066],[40.2978,0.2051],[40.2958,0.2067],[40.297,0.204]],[[40.2998,0.2069],[40.2997,0.2067],[40.2998,0.2067],[40.2998,0.2069]],[[40.3109,0.1815],[40.3113,0.1818],[40.3109,0.1818],[40.3109,0.1815]],[[40.3109,0.1887],[40.3113,0.1889],[40.3109,0.189],[40.3109,0.1887]],[[40.3108,0.2078],[40.3109,0.208],[40.3108,0.208],[40.3108,0.2078]],[[40.3107,0.1986],[40.3091,0.1987],[40.3086,0.198],[40.3102,0.198],[40.3107,0.1986]],[[40.3103,0.1818],[40.3103,0.182],[40.3103,0.182],[40.3103,0.1818]],[[40.3102,0.2127],[40.3103,0.213],[40.31,0.2129],[40.3102,0.2127]],[[40.3102,0.2072],[40.31,0.2069],[40.3102,0.2069],[40.3102,0.2072]],[[40.3099,0.1914],[40.3091,0.1926],[40.3102,0.1932],[40.3089,0.1937],[40.3083,0.1921],[40.3091,0.1908],[40.3099,0.1914]],[[40.3102,0.1813],[40.31,0.181],[40.3102,0.181],[40.3102,0.1813]],[[40.3099,0.1849],[40.3088,0.1856],[40.3083,0.1848],[40.3094,0.1843],[40.3099,0.1849]],[[40.3095,0.2188],[40.3099,0.2183],[40.3097,0.2188],[40.3095,0.2188]],[[40.3099,0.1802],[40.3097,0.18],[40.3099,0.1802],[40.3099,0.1802]],[[40.3094,0.2064],[40.3097,0.2066],[40.3094,0.2066],[40.3094,0.2064]],[[40.3092,0.1998],[40.3091,0.201],[40.3086,0.201],[40.3081,0.2002],[40.3081,0.1996],[40.3092,0.1998]],[[40.3091,0.197],[40.3086,0.1964],[40.3091,0.1961],[40.3091,0.197]],[[40.3086,0.1894],[40.3081,0.1889],[40.3086,0.1889],[40.3086,0.1894]],[[40.3086,0.1894],[40.3091,0.1894],[40.3091,0.19],[40.3089,0.19],[40.3086,0.1894]],[[40.3091,0.2029],[40.3089,0.2024],[40.3091,0.2024],[40.3091,0.2029]],[[40.3086,0.2067],[40.3087,0.2071],[40.3083,0.2071],[40.3086,0.2067]],[[40.3085,0.2175],[40.3083,0.2176],[40.3083,0.2175],[40.3085,0.2175]],[[40.3082,0.1878],[40.3081,0.1876],[40.3081,0.1876],[40.3082,0.1878]],[[40.3076,0.1961],[40.3074,0.1957],[40.3081,0.1957],[40.3076,0.1961]],[[40.3075,0.2029],[40.3081,0.2032],[40.3075,0.2032],[40.3075,0.2029]],[[40.3075,0.2013],[40.3081,0.2018],[40.3075,0.2015],[40.3075,0.2013]],[[40.3079,0.1984],[40.308,0.1985],[40.3079,0.1985],[40.3079,0.1984]],[[40.3076,0.1837],[40.307,0.1829],[40.3079,0.1832],[40.3076,0.1837]],[[40.3079,0.1981],[40.3078,0.1981],[40.3079,0.198],[40.3079,0.1981]],[[40.3075,0.1948],[40.3072,0.1937],[40.3078,0.194],[40.3075,0.1948]],[[40.3075,0.1994],[40.3075,0.1992],[40.3075,0.1992],[40.3075,0.1994]],[[40.3073,0.2174],[40.3069,0.2172],[40.3073,0.2171],[40.3073,0.2174]],[[40.3072,0.1929],[40.3067,0.1926],[40.3072,0.1926],[40.3072,0.1929]],[[40.3045,0.1883],[40.3056,0.1894],[40.307,0.1891],[40.307,0.19],[40.3053,0.1897],[40.3045,0.1883]],[[40.3045,0.1891],[40.3048,0.1905],[40.3059,0.1905],[40.3062,0.1929],[40.3045,0.1926],[40.3037,0.1897],[40.3045,0.1891]],[[40.3053,0.1986],[40.3052,0.1959],[40.3059,0.1954],[40.3067,0.198],[40.3053,0.1986]],[[40.3059,0.2021],[40.3064,0.2026],[40.3059,0.2026],[40.3059,0.2021]],[[40.3056,0.184],[40.3064,0.1835],[40.3064,0.1837],[40.3056,0.184]],[[40.3062,0.2182],[40.3061,0.218],[40.3062,0.218],[40.3062,0.2182]],[[40.3058,0.2092],[40.3061,0.2095],[40.3057,0.2095],[40.3058,0.2092]],[[40.3059,0.2064],[40.3058,0.2063],[40.3059,0.2063],[40.3059,0.2064]],[[40.3057,0.2185],[40.3053,0.2188],[40.3054,0.2184],[40.3057,0.2185]],[[40.3057,0.2121],[40.3055,0.2119],[40.3057,0.2119],[40.3057,0.2121]],[[40.3056,0.1881],[40.3051,0.1878],[40.3056,0.1878],[40.3056,0.1881]],[[40.305,0.2194],[40.3036,0.2175],[40.3046,0.2181],[40.3055,0.2168],[40.305,0.2194]],[[40.3035,0.21],[40.3038,0.2104],[40.3035,0.2104],[40.3035,0.21]],[[40.3041,0.21],[40.3039,0.2099],[40.3041,0.2099],[40.3041,0.21]],[[40.3037,0.1921],[40.304,0.1924],[40.3038,0.1924],[40.3037,0.1921]],[[40.3037,0.1991],[40.304,0.1999],[40.3032,0.2005],[40.303,0.1999],[40.3037,0.1991]],[[40.3039,0.2097],[40.3035,0.2094],[40.3038,0.2092],[40.3039,0.2097]],[[40.3037,0.209],[40.3035,0.2088],[40.3037,0.2088],[40.3037,0.209]],[[40.3035,0.2215],[40.3034,0.2213],[40.3035,0.2213],[40.3035,0.2215]],[[40.3034,0.208],[40.3033,0.2079],[40.3034,0.2079],[40.3034,0.208]],[[40.3029,0.1894],[40.3029,0.1894],[40.3029,0.1894],[40.3029,0.1894]],[[40.3026,0.2213],[40.3028,0.2214],[40.3026,0.2214],[40.3026,0.2213]],[[40.3027,0.2222],[40.3024,0.222],[40.3027,0.222],[40.3027,0.2222]],[[40.3024,0.1889],[40.3023,0.1893],[40.3019,0.1889],[40.3024,0.1889]],[[40.3023,0.2083],[40.3025,0.2082],[40.3025,0.2084],[40.3023,0.2083]],[[40.3025,0.2207],[40.3021,0.2204],[40.3025,0.2203],[40.3025,0.2207]],[[40.3013,0.2103],[40.3015,0.2086],[40.3019,0.2084],[40.3013,0.2103]],[[40.3016,0.2124],[40.3015,0.2114],[40.302,0.2112],[40.3016,0.2124]],[[40.3014,0.2124],[40.3015,0.2125],[40.3014,0.2125],[40.3014,0.2124]],[[40.3008,0.1967],[40.3018,0.1969],[40.3013,0.1988],[40.3008,0.1984],[40.3008,0.1967]],[[40.3017,0.2204],[40.3014,0.2206],[40.3014,0.2202],[40.3017,0.2204]],[[40.3013,0.19],[40.3014,0.1902],[40.3013,0.1902],[40.3013,0.19]],[[40.3011,0.1904],[40.301,0.1902],[40.3013,0.1902],[40.3011,0.1904]],[[40.301,0.1892],[40.3008,0.1894],[40.3008,0.1892],[40.301,0.1892]],[[40.3009,0.2114],[40.3011,0.2117],[40.3009,0.2117],[40.3009,0.2114]],[[40.3003,0.2116],[40.3008,0.213],[40.3009,0.2132],[40.3,0.2126],[40.3003,0.2116]],[[40.3005,0.2207],[40.3008,0.2205],[40.3008,0.2207],[40.3005,0.2207]],[[40.3001,0.1987],[40.3,0.1989],[40.2999,0.1987],[40.3001,0.1987]],[[40.3,0.2241],[40.3001,0.2242],[40.3,0.2242],[40.3,0.2241]],[[40.2998,0.2251],[40.2991,0.2248],[40.3001,0.2245],[40.2998,0.2251]],[[40.2997,0.2148],[40.2997,0.214],[40.2999,0.214],[40.2997,0.2148]],[[40.2997,0.1982],[40.2999,0.1985],[40.2998,0.1985],[40.2997,0.1982]],[[40.2998,0.2254],[40.2986,0.2257],[40.2986,0.2251],[40.2998,0.2254]],[[40.2985,0.1989],[40.2991,0.1986],[40.2998,0.1989],[40.2985,0.1989]],[[40.2984,0.2211],[40.299,0.2215],[40.2991,0.2224],[40.2984,0.2221],[40.2984,0.2211]],[[40.2984,0.221],[40.2983,0.2211],[40.2983,0.221],[40.2984,0.221]],[[40.2988,0.2008],[40.2983,0.2021],[40.2959,0.2017],[40.2965,0.2006],[40.2988,0.2008]],[[40.2988,0.208],[40.2962,0.2091],[40.2962,0.2088],[40.2988,0.208]],[[40.2987,0.2076],[40.2986,0.2075],[40.2988,0.2075],[40.2987,0.2076]],[[40.2987,0.2072],[40.2985,0.207],[40.2987,0.207],[40.2987,0.2072]],[[40.2983,0.2132],[40.2987,0.2137],[40.2984,0.2138],[40.2983,0.2132]],[[40.2975,0.2234],[40.298,0.2224],[40.2987,0.2225],[40.2975,0.2234]],[[40.2976,0.2209],[40.2981,0.2204],[40.2979,0.221],[40.2976,0.2209]],[[40.2971,0.2121],[40.298,0.2114],[40.2981,0.2124],[40.2971,0.2121]],[[40.298,0.2109],[40.2978,0.2108],[40.298,0.2108],[40.298,0.2109]],[[40.2977,0.1978],[40.2978,0.198],[40.2976,0.198],[40.2977,0.1978]],[[40.2978,0.1913],[40.297,0.1902],[40.2973,0.1902],[40.2978,0.1913]],[[40.2975,0.1975],[40.2967,0.1983],[40.297,0.1972],[40.2975,0.1975]],[[40.2967,0.2157],[40.297,0.2158],[40.2967,0.2158],[40.2967,0.2157]],[[40.2968,0.213],[40.2961,0.2146],[40.2948,0.2138],[40.2951,0.2129],[40.2968,0.213]],[[40.2966,0.21],[40.2961,0.2097],[40.2966,0.2097],[40.2966,0.21]],[[40.2964,0.2169],[40.2962,0.2165],[40.2964,0.2165],[40.2964,0.2169]],[[40.2957,0.2213],[40.2962,0.2207],[40.2963,0.2211],[40.2957,0.2213]],[[40.2962,0.2153],[40.2959,0.215],[40.2962,0.215],[40.2962,0.2153]],[[40.2961,0.2216],[40.2958,0.2215],[40.2961,0.2214],[40.2961,0.2216]],[[40.2954,0.2167],[40.2958,0.2173],[40.2955,0.2175],[40.2954,0.2167]],[[40.2954,0.222],[40.2956,0.2221],[40.2954,0.2221],[40.2954,0.222]],[[40.2955,0.2163],[40.2954,0.2161],[40.2955,0.2161],[40.2955,0.2163]],[[40.2953,0.2196],[40.2954,0.2197],[40.2953,0.2197],[40.2953,0.2196]],[[40.2892,0.2169],[40.2867,0.2172],[40.2867,0.2155],[40.2882,0.216],[40.2883,0.2143],[40.2875,0.2147],[40.2873,0.2143],[40.2884,0.2123],[40.2893,0.2123],[40.2895,0.2143],[40.2909,0.2135],[40.293,0.2149],[40.2951,0.2202],[40.2937,0.2217],[40.2953,0.2215],[40.2929,0.2243],[40.2931,0.2251],[40.29,0.2255],[40.2892,0.2226],[40.2868,0.2224],[40.2865,0.2231],[40.2853,0.2226],[40.2857,0.2218],[40.2849,0.2222],[40.2857,0.2204],[40.2865,0.221],[40.2873,0.22],[40.2867,0.2193],[40.2895,0.2185],[40.2892,0.2169]],[[40.2953,0.2063],[40.2951,0.2062],[40.2953,0.2062],[40.2953,0.2063]],[[40.2949,0.216],[40.2951,0.2161],[40.2948,0.2163],[40.2949,0.216]],[[40.294,0.2018],[40.2944,0.2013],[40.2948,0.2015],[40.2948,0.2019],[40.294,0.2018]],[[40.2942,0.216],[40.2934,0.2151],[40.2938,0.2145],[40.2947,0.2146],[40.2942,0.216]],[[40.294,0.2169],[40.2943,0.2173],[40.294,0.2173],[40.294,0.2169]],[[40.2938,0.2287],[40.2937,0.229],[40.2935,0.2287],[40.2938,0.2287]],[[40.2925,0.2135],[40.2929,0.2143],[40.2927,0.2143],[40.2925,0.2135]],[[40.2927,0.2263],[40.2926,0.2261],[40.2927,0.2261],[40.2927,0.2263]],[[40.2925,0.2256],[40.2923,0.2255],[40.2925,0.2255],[40.2925,0.2256]],[[40.2918,0.2015],[40.2912,0.2038],[40.2897,0.2021],[40.2918,0.2015]],[[40.2913,0.1999],[40.2916,0.2005],[40.2913,0.2005],[40.2913,0.1999]],[[40.2915,0.2105],[40.291,0.209],[40.2901,0.2088],[40.2902,0.2083],[40.2911,0.2085],[40.2915,0.2105]],[[40.2911,0.2122],[40.2908,0.212],[40.2911,0.2119],[40.2911,0.2122]],[[40.2903,0.2076],[40.2904,0.2077],[40.2903,0.2077],[40.2903,0.2076]],[[40.2905,0.2076],[40.2904,0.2075],[40.2905,0.2075],[40.2905,0.2076]],[[40.2908,0.2073],[40.2904,0.207],[40.2906,0.207],[40.2908,0.2073]],[[40.2904,0.2093],[40.2906,0.2095],[40.2904,0.2095],[40.2904,0.2093]],[[40.2903,0.205],[40.2904,0.2051],[40.2903,0.2051],[40.2903,0.205]],[[40.2901,0.2262],[40.2899,0.2261],[40.2901,0.226],[40.2901,0.2262]],[[40.2895,0.2267],[40.2897,0.2273],[40.2892,0.2273],[40.2895,0.2267]],[[40.2898,0.2064],[40.2896,0.2061],[40.2898,0.2061],[40.2898,0.2064]],[[40.2896,0.2078],[40.2893,0.2079],[40.2896,0.2075],[40.2896,0.2078]],[[40.2895,0.2087],[40.289,0.2084],[40.2891,0.208],[40.2895,0.2087]],[[40.2895,0.2069],[40.2892,0.2069],[40.2895,0.2067],[40.2895,0.2069]],[[40.289,0.2242],[40.2891,0.2248],[40.2887,0.2242],[40.289,0.2242]],[[40.2892,0.2061],[40.2893,0.2062],[40.2892,0.2062],[40.2892,0.2061]],[[40.2892,0.2275],[40.289,0.2274],[40.2892,0.2274],[40.2892,0.2275]],[[40.2886,0.2117],[40.2889,0.2118],[40.2886,0.2118],[40.2886,0.2117]],[[40.2886,0.2236],[40.2886,0.2235],[40.2886,0.2235],[40.2886,0.2236]],[[40.2884,0.2275],[40.2885,0.2276],[40.2884,0.2276],[40.2884,0.2275]],[[40.2878,0.202],[40.2884,0.2022],[40.2877,0.2023],[40.2878,0.202]],[[40.288,0.2091],[40.2862,0.2111],[40.2849,0.21],[40.2865,0.2071],[40.2879,0.2074],[40.288,0.2091]],[[40.2879,0.2285],[40.2878,0.2284],[40.2879,0.2284],[40.2879,0.2285]],[[40.2865,0.2132],[40.2876,0.2134],[40.2876,0.2138],[40.2865,0.2132]],[[40.2873,0.2131],[40.287,0.2129],[40.2873,0.2129],[40.2873,0.2131]],[[40.2873,0.2255],[40.2874,0.2256],[40.2873,0.2257],[40.2873,0.2255]],[[40.286,0.2281],[40.287,0.2294],[40.2844,0.2289],[40.2866,0.2272],[40.286,0.2281]],[[40.2869,0.2258],[40.2867,0.226],[40.2867,0.2258],[40.2869,0.2258]],[[40.2868,0.2301],[40.2865,0.2298],[40.2869,0.2298],[40.2868,0.2301]],[[40.2867,0.2252],[40.2869,0.2253],[40.2867,0.2253],[40.2867,0.2252]],[[40.2865,0.2197],[40.2862,0.2196],[40.2865,0.2196],[40.2865,0.2197]],[[40.2865,0.2166],[40.2863,0.2161],[40.2865,0.2162],[40.2865,0.2166]],[[40.2865,0.2255],[40.2863,0.2255],[40.2865,0.2255],[40.2865,0.2255]],[[40.2862,0.2123],[40.2862,0.2123],[40.2862,0.2123],[40.2862,0.2123]],[[40.2862,0.2131],[40.286,0.2129],[40.2862,0.2129],[40.2862,0.2131]],[[40.2857,0.2258],[40.2859,0.2261],[40.2857,0.2261],[40.2857,0.2258]],[[40.2842,0.2142],[40.2855,0.2138],[40.2858,0.2147],[40.2851,0.2149],[40.2842,0.2142]],[[40.2857,0.2175],[40.2855,0.2174],[40.2857,0.2174],[40.2857,0.2175]],[[40.2849,0.2248],[40.2854,0.2255],[40.2841,0.2253],[40.2835,0.2261],[40.2838,0.225],[40.2849,0.2248]],[[40.2851,0.2196],[40.2841,0.217],[40.2844,0.2161],[40.2854,0.2175],[40.2851,0.2196]],[[40.2849,0.2277],[40.2854,0.2274],[40.2854,0.2277],[40.2849,0.2277]],[[40.2854,0.2072],[40.2846,0.2072],[40.2854,0.2069],[40.2854,0.2072]],[[40.2846,0.213],[40.2854,0.2127],[40.2846,0.2132],[40.2846,0.213]],[[40.2854,0.2124],[40.2853,0.2123],[40.2854,0.2123],[40.2854,0.2124]],[[40.285,0.2107],[40.2849,0.211],[40.2848,0.2107],[40.285,0.2107]],[[40.2846,0.2231],[40.285,0.2232],[40.2846,0.2234],[40.2846,0.2231]],[[40.2845,0.2119],[40.2839,0.2109],[40.2847,0.2108],[40.2845,0.2119]],[[40.2838,0.2285],[40.2838,0.2285],[40.2838,0.2285],[40.2838,0.2285]],[[40.2837,0.2234],[40.2835,0.2231],[40.2837,0.2231],[40.2837,0.2234]],[[40.2836,0.2132],[40.2833,0.213],[40.2837,0.2127],[40.2836,0.2132]],[[40.2833,0.2071],[40.2835,0.2069],[40.2835,0.2071],[40.2833,0.2071]],[[40.2803,0.2123],[40.2792,0.2129],[40.2805,0.2112],[40.2803,0.2099],[40.2833,0.2086],[40.2835,0.2096],[40.2822,0.2096],[40.2835,0.2104],[40.2824,0.2117],[40.283,0.2123],[40.2822,0.213],[40.2803,0.2123]],[[40.2824,0.228],[40.2822,0.2277],[40.2824,0.2277],[40.2824,0.228]],[[40.2824,0.228],[40.2827,0.228],[40.2827,0.2282],[40.2824,0.2282],[40.2824,0.228]],[[40.2824,0.2282],[40.2832,0.2289],[40.2816,0.23],[40.2809,0.23],[40.2824,0.2282]],[[40.2829,0.2144],[40.2823,0.2139],[40.2831,0.2139],[40.2829,0.2144]],[[40.283,0.2348],[40.283,0.235],[40.283,0.235],[40.283,0.2348]],[[40.2809,0.2273],[40.2816,0.2258],[40.2827,0.2255],[40.2814,0.2272],[40.2816,0.2282],[40.2809,0.2273]],[[40.2815,0.2234],[40.2816,0.2236],[40.2815,0.2236],[40.2815,0.2234]],[[40.2814,0.2146],[40.2815,0.2148],[40.2814,0.2148],[40.2814,0.2146]],[[40.2814,0.2288],[40.2812,0.2288],[40.2814,0.2288],[40.2814,0.2288]],[[40.2812,0.2369],[40.2811,0.2368],[40.2812,0.2368],[40.2812,0.2369]],[[40.2806,0.2212],[40.2809,0.2208],[40.281,0.2212],[40.2806,0.2212]],[[40.2805,0.2206],[40.2805,0.2208],[40.2805,0.2206],[40.2805,0.2206]],[[40.2808,0.2155],[40.2807,0.2153],[40.2808,0.2153],[40.2808,0.2155]],[[40.2803,0.2227],[40.2807,0.2224],[40.2807,0.2227],[40.2803,0.2227]],[[40.2807,0.2228],[40.2808,0.2227],[40.2808,0.2228],[40.2807,0.2228]],[[40.2807,0.2161],[40.2805,0.2158],[40.2807,0.2158],[40.2807,0.2161]],[[40.2801,0.2137],[40.2803,0.2134],[40.2803,0.2134],[40.2805,0.2138],[40.2801,0.2137]],[[40.2797,0.2352],[40.2798,0.2363],[40.2786,0.2366],[40.2783,0.2357],[40.2797,0.2352]],[[40.2797,0.2199],[40.28,0.2201],[40.2796,0.2201],[40.2797,0.2199]],[[40.28,0.2153],[40.2799,0.2151],[40.28,0.2151],[40.28,0.2153]],[[40.2798,0.2227],[40.2797,0.2225],[40.2798,0.2225],[40.2798,0.2227]],[[40.2794,0.2196],[40.2789,0.22],[40.2789,0.2193],[40.2794,0.2196]],[[40.2789,0.2204],[40.2793,0.2208],[40.2787,0.2206],[40.2789,0.2204]],[[40.2789,0.2118],[40.2787,0.2115],[40.2789,0.2115],[40.2789,0.2118]],[[40.2784,0.2364],[40.2781,0.2369],[40.278,0.2364],[40.2784,0.2364]],[[40.2778,0.2367],[40.2779,0.2369],[40.2778,0.2369],[40.2778,0.2367]],[[40.2776,0.2351],[40.2772,0.2358],[40.2772,0.2349],[40.2776,0.2351]],[[40.2775,0.222],[40.2773,0.2218],[40.2775,0.2218],[40.2775,0.222]],[[40.2772,0.2115],[40.2773,0.2117],[40.2773,0.2117],[40.2772,0.2115]],[[40.2762,0.2115],[40.2767,0.2121],[40.2762,0.2118],[40.2762,0.2115]],[[40.2764,0.2336],[40.2766,0.2339],[40.2763,0.2339],[40.2764,0.2336]],[[40.276,0.2131],[40.2765,0.2126],[40.2764,0.2133],[40.276,0.2131]],[[40.276,0.2221],[40.2765,0.2225],[40.276,0.2225],[40.276,0.2221]],[[40.2746,0.2299],[40.2749,0.2304],[40.2754,0.2301],[40.2765,0.2304],[40.2743,0.2308],[40.2746,0.2299]],[[40.2763,0.2217],[40.2765,0.2215],[40.2765,0.2218],[40.2763,0.2217]],[[40.2761,0.223],[40.2762,0.2231],[40.2761,0.2231],[40.2761,0.223]],[[40.2763,0.223],[40.2762,0.2229],[40.2763,0.2229],[40.2763,0.223]],[[40.2735,0.2272],[40.2734,0.2271],[40.2735,0.2271],[40.2735,0.2272]],[[40.2735,0.2272],[40.2738,0.2272],[40.2741,0.2269],[40.274,0.2274],[40.2735,0.2272]],[[40.2749,0.2266],[40.2734,0.2259],[40.2746,0.2253],[40.2759,0.2276],[40.2743,0.2286],[40.2749,0.2266]],[[40.2735,0.2263],[40.2735,0.2264],[40.2735,0.2264],[40.2735,0.2263]],[[40.2756,0.2342],[40.2751,0.2338],[40.2756,0.2338],[40.2756,0.2342]],[[40.2746,0.2193],[40.2749,0.2196],[40.2745,0.2197],[40.2746,0.2193]],[[40.2748,0.22],[40.2749,0.2201],[40.2748,0.2201],[40.2748,0.22]],[[40.2739,0.2344],[40.2737,0.2342],[40.2739,0.2342],[40.2739,0.2344]],[[40.2734,0.2306],[40.2737,0.2309],[40.2735,0.2309],[40.2734,0.2306]],[[40.2739,0.2306],[40.2737,0.2306],[40.2739,0.2306],[40.2739,0.2306]],[[40.2738,0.2199],[40.2733,0.2204],[40.2732,0.2196],[40.2738,0.2199]],[[40.273,0.2266],[40.2733,0.227],[40.273,0.2269],[40.273,0.2266]],[[40.2727,0.2218],[40.2733,0.2207],[40.2731,0.2218],[40.2727,0.2218]],[[40.273,0.2234],[40.2731,0.2236],[40.273,0.2236],[40.273,0.2234]],[[40.2731,0.2186],[40.273,0.2185],[40.2731,0.2185],[40.2731,0.2186]],[[40.2725,0.2236],[40.273,0.2239],[40.2723,0.224],[40.2725,0.2236]],[[40.2728,0.2263],[40.2725,0.2261],[40.2728,0.2262],[40.2728,0.2263]],[[40.2723,0.2185],[40.2728,0.2186],[40.2723,0.2186],[40.2723,0.2185]],[[40.2703,0.2239],[40.2722,0.2213],[40.2724,0.2233],[40.2715,0.2249],[40.2715,0.2237],[40.2703,0.2239]],[[40.2723,0.2192],[40.2708,0.2196],[40.2706,0.2188],[40.2723,0.2192]],[[40.2719,0.2185],[40.2721,0.2188],[40.2719,0.2189],[40.2719,0.2185]],[[40.2717,0.2257],[40.272,0.2261],[40.2715,0.226],[40.2717,0.2257]],[[40.2719,0.2266],[40.272,0.2269],[40.2719,0.2269],[40.2719,0.2266]],[[40.2719,0.2207],[40.2719,0.2208],[40.2719,0.2208],[40.2719,0.2207]],[[40.2714,0.2215],[40.2706,0.2212],[40.2695,0.2236],[40.2687,0.2236],[40.2681,0.2231],[40.2692,0.2204],[40.2711,0.2199],[40.2714,0.2215]],[[40.2709,0.2281],[40.2706,0.2276],[40.2711,0.2269],[40.2715,0.227],[40.2709,0.2281]],[[40.2713,0.2261],[40.2711,0.2252],[40.2713,0.2252],[40.2713,0.2261]],[[40.271,0.2266],[40.2708,0.2263],[40.2711,0.2263],[40.271,0.2266]],[[40.2706,0.2271],[40.2706,0.2269],[40.2706,0.2269],[40.2706,0.2271]],[[40.2698,0.2269],[40.2695,0.2266],[40.2698,0.2266],[40.2698,0.2269]],[[40.2698,0.2269],[40.27,0.2269],[40.27,0.2272],[40.2705,0.2272],[40.2698,0.2272],[40.2698,0.2269]],[[40.2695,0.2274],[40.2705,0.2278],[40.2701,0.2294],[40.2684,0.2301],[40.2695,0.2274]],[[40.2684,0.2344],[40.2689,0.2345],[40.2684,0.235],[40.2684,0.2344]],[[40.2692,0.2342],[40.269,0.2341],[40.2692,0.2341],[40.2692,0.2342]],[[40.2693,0.2341],[40.2692,0.234],[40.2693,0.234],[40.2693,0.2341]],[[40.2689,0.2141],[40.268,0.2137],[40.2687,0.2134],[40.2689,0.2141]],[[40.2687,0.2203],[40.2683,0.2207],[40.2683,0.2206],[40.2687,0.2203]],[[40.2685,0.2184],[40.2685,0.2185],[40.2685,0.2185],[40.2685,0.2184]],[[40.2681,0.2239],[40.2684,0.2244],[40.2679,0.2245],[40.2681,0.2239]],[[40.2681,0.2131],[40.2676,0.2127],[40.2681,0.2126],[40.2681,0.2131]],[[40.2681,0.2258],[40.2679,0.2254],[40.2681,0.2255],[40.2681,0.2258]],[[40.2379,0.2307],[40.2377,0.232],[40.2366,0.2323],[40.2363,0.2312],[40.2377,0.2293],[40.2371,0.2277],[40.2382,0.228],[40.2388,0.2296],[40.2388,0.2269],[40.2377,0.2274],[40.2366,0.2261],[40.2358,0.2281],[40.2342,0.2272],[40.234,0.2255],[40.2324,0.2259],[40.2328,0.2247],[40.2317,0.2245],[40.2318,0.2236],[40.2333,0.2229],[40.2331,0.2239],[40.2355,0.2239],[40.2355,0.2253],[40.2363,0.2255],[40.2398,0.2234],[40.239,0.2241],[40.2416,0.2258],[40.2424,0.2246],[40.242,0.2223],[40.2433,0.2234],[40.2436,0.2215],[40.2452,0.221],[40.2525,0.2204],[40.2538,0.2191],[40.256,0.2193],[40.2565,0.2183],[40.2582,0.2185],[40.259,0.2175],[40.2595,0.2185],[40.2612,0.217],[40.2608,0.2149],[40.2625,0.2157],[40.2633,0.2212],[40.2655,0.2204],[40.2679,0.2208],[40.2665,0.222],[40.2673,0.2231],[40.2648,0.2259],[40.2657,0.2246],[40.2638,0.222],[40.2613,0.2232],[40.2616,0.2246],[40.2644,0.2263],[40.2616,0.229],[40.2586,0.2291],[40.2599,0.2298],[40.2633,0.2283],[40.2614,0.2306],[40.2603,0.2299],[40.2579,0.2304],[40.2579,0.2315],[40.2592,0.2309],[40.259,0.2323],[40.2606,0.2326],[40.2572,0.2376],[40.2579,0.2363],[40.2576,0.235],[40.2563,0.2366],[40.2537,0.2366],[40.2534,0.2355],[40.2533,0.2369],[40.2527,0.2372],[40.2507,0.2355],[40.2506,0.2364],[40.2488,0.2363],[40.2483,0.237],[40.2475,0.2354],[40.2444,0.2344],[40.2405,0.2363],[40.2415,0.2331],[40.2404,0.2334],[40.2398,0.2315],[40.2388,0.2309],[40.2382,0.2317],[40.2379,0.2307]],[[40.2428,0.2223],[40.2425,0.222],[40.2428,0.222],[40.2428,0.2223]],[[40.259,0.2169],[40.2579,0.2175],[40.2579,0.2172],[40.259,0.2169]],[[40.2676,0.2228],[40.2673,0.2223],[40.2676,0.2223],[40.2676,0.2228]],[[40.2642,0.2267],[40.2646,0.2269],[40.2642,0.2271],[40.2642,0.2267]],[[40.2679,0.2274],[40.2673,0.228],[40.2675,0.2272],[40.2679,0.2274]],[[40.2673,0.2272],[40.2674,0.2272],[40.2673,0.2272],[40.2673,0.2272]],[[40.2669,0.2169],[40.2672,0.2166],[40.2671,0.217],[40.2669,0.2169]],[[40.2657,0.2263],[40.2668,0.2285],[40.2652,0.2277],[40.2657,0.2263]],[[40.2665,0.2299],[40.2666,0.2299],[40.2665,0.2299],[40.2665,0.2299]],[[40.2665,0.2306],[40.2663,0.2304],[40.2665,0.2304],[40.2665,0.2306]],[[40.2662,0.2305],[40.2657,0.2306],[40.2657,0.2304],[40.2662,0.2305]],[[40.2661,0.2265],[40.2659,0.2263],[40.2662,0.2263],[40.2661,0.2265]],[[40.2658,0.2135],[40.2661,0.2138],[40.2658,0.2138],[40.2658,0.2135]],[[40.2647,0.2172],[40.2628,0.2157],[40.2631,0.215],[40.2638,0.2156],[40.2641,0.2144],[40.2659,0.2147],[40.2643,0.2152],[40.2647,0.2172]],[[40.2654,0.2194],[40.2641,0.2196],[40.2641,0.2194],[40.2654,0.2194]],[[40.2651,0.2187],[40.2652,0.2188],[40.2651,0.2188],[40.2651,0.2187]],[[40.2649,0.228],[40.2646,0.2282],[40.2646,0.228],[40.2649,0.228]],[[40.2648,0.2248],[40.2647,0.2248],[40.2648,0.2248],[40.2648,0.2248]],[[40.2646,0.2291],[40.263,0.2304],[40.2646,0.2282],[40.2646,0.2291]],[[40.2639,0.2275],[40.2644,0.2274],[40.2639,0.2277],[40.2639,0.2275]],[[40.2638,0.2118],[40.2641,0.2123],[40.2635,0.2121],[40.2638,0.2118]],[[40.2638,0.2291],[40.2639,0.2291],[40.2638,0.2291],[40.2638,0.2291]],[[40.2634,0.2226],[40.2637,0.223],[40.2635,0.223],[40.2634,0.2226]],[[40.2635,0.2238],[40.2632,0.2233],[40.2637,0.2233],[40.2635,0.2238]],[[40.2634,0.2279],[40.2633,0.2276],[40.2634,0.2276],[40.2634,0.2279]],[[40.2631,0.2323],[40.2633,0.2324],[40.2631,0.2325],[40.2631,0.2323]],[[40.263,0.2083],[40.2625,0.208],[40.263,0.208],[40.263,0.2083]],[[40.2628,0.237],[40.2627,0.2369],[40.2628,0.2369],[40.2628,0.237]],[[40.2614,0.2307],[40.2613,0.2306],[40.2614,0.2306],[40.2614,0.2307]],[[40.2601,0.2314],[40.2601,0.2311],[40.2603,0.2315],[40.2601,0.2314]],[[40.2601,0.2079],[40.2598,0.2075],[40.2602,0.2077],[40.2601,0.2079]],[[40.26,0.2172],[40.2601,0.2171],[40.2602,0.2172],[40.26,0.2172]],[[40.2595,0.2165],[40.26,0.2169],[40.2598,0.2169],[40.2595,0.2165]],[[40.2598,0.2366],[40.2598,0.2371],[40.2595,0.2366],[40.2598,0.2366]],[[40.2595,0.2304],[40.2592,0.2302],[40.2595,0.2302],[40.2595,0.2304]],[[40.2592,0.2158],[40.2595,0.2161],[40.2592,0.2161],[40.2592,0.2158]],[[40.2589,0.2364],[40.2592,0.237],[40.2588,0.2372],[40.2589,0.2364]],[[40.2578,0.2085],[40.2583,0.2076],[40.2584,0.2083],[40.2578,0.2085]],[[40.2584,0.209],[40.2588,0.2083],[40.2585,0.209],[40.2584,0.209]],[[40.2584,0.2142],[40.2579,0.214],[40.2584,0.214],[40.2584,0.2142]],[[40.2581,0.2376],[40.2583,0.2379],[40.258,0.238],[40.2581,0.2376]],[[40.2571,0.2123],[40.2576,0.2118],[40.2578,0.2118],[40.2576,0.2123],[40.2571,0.2123]],[[40.2571,0.2477],[40.2576,0.2473],[40.2576,0.2477],[40.2571,0.2477]],[[40.2568,0.2134],[40.2571,0.2126],[40.2576,0.2126],[40.2568,0.2134]],[[40.2569,0.2377],[40.2567,0.2384],[40.2554,0.238],[40.2555,0.2377],[40.2569,0.2377]],[[40.2569,0.2083],[40.2568,0.2085],[40.2568,0.2083],[40.2569,0.2083]],[[40.2565,0.2462],[40.2561,0.2468],[40.256,0.2462],[40.2565,0.2462]],[[40.2565,0.2433],[40.2561,0.2436],[40.2562,0.2433],[40.2565,0.2433]],[[40.2559,0.2439],[40.2562,0.2442],[40.2558,0.2441],[40.2559,0.2439]],[[40.2562,0.246],[40.2561,0.2459],[40.2562,0.2459],[40.2562,0.246]],[[40.256,0.2485],[40.256,0.2486],[40.256,0.2486],[40.256,0.2485]],[[40.2548,0.2469],[40.2553,0.2465],[40.2553,0.247],[40.2548,0.2469]],[[40.2548,0.2379],[40.2552,0.2377],[40.2552,0.2379],[40.2548,0.2379]],[[40.255,0.2444],[40.2547,0.2443],[40.255,0.2443],[40.255,0.2444]],[[40.2545,0.2439],[40.2546,0.2441],[40.2545,0.2441],[40.2545,0.2439]],[[40.2544,0.2417],[40.2537,0.2424],[40.2525,0.242],[40.2537,0.2411],[40.2544,0.2417]],[[40.2544,0.2404],[40.254,0.2402],[40.2544,0.2402],[40.2544,0.2404]],[[40.2536,0.2369],[40.2537,0.2368],[40.2538,0.2368],[40.2536,0.2369]],[[40.2523,0.2401],[40.2537,0.2403],[40.2518,0.241],[40.2523,0.2401]],[[40.2534,0.2457],[40.2529,0.2479],[40.2529,0.2465],[40.2519,0.2472],[40.2519,0.2462],[40.2507,0.2463],[40.2524,0.2443],[40.2534,0.2457]],[[40.2447,0.2185],[40.2471,0.2183],[40.2452,0.2153],[40.2455,0.2142],[40.2468,0.2145],[40.2466,0.2153],[40.249,0.2145],[40.2506,0.2172],[40.2512,0.214],[40.2525,0.2137],[40.253,0.2145],[40.2517,0.2156],[40.252,0.2177],[40.2509,0.2177],[40.2509,0.2185],[40.2501,0.2169],[40.2482,0.2191],[40.2455,0.2193],[40.2458,0.2202],[40.2447,0.2185]],[[40.2447,0.2183],[40.2441,0.2185],[40.2441,0.2183],[40.2447,0.2183]],[[40.2525,0.2376],[40.2528,0.2377],[40.2525,0.2377],[40.2525,0.2376]],[[40.2523,0.2483],[40.2527,0.2485],[40.2524,0.2487],[40.2523,0.2483]],[[40.2517,0.2488],[40.2518,0.249],[40.2517,0.249],[40.2517,0.2488]],[[40.2518,0.2374],[40.2514,0.2379],[40.2515,0.2374],[40.2518,0.2374]],[[40.2511,0.2377],[40.2507,0.2381],[40.2507,0.2377],[40.2511,0.2377]],[[40.2507,0.2366],[40.2508,0.237],[40.2503,0.2371],[40.2507,0.2366]],[[40.2501,0.2196],[40.2498,0.2193],[40.2501,0.2193],[40.2501,0.2196]],[[40.2498,0.2191],[40.2501,0.2188],[40.2501,0.2191],[40.2498,0.2191]],[[40.2498,0.2185],[40.2495,0.2188],[40.2495,0.2185],[40.2498,0.2185]],[[40.2501,0.2204],[40.2495,0.2202],[40.2501,0.2202],[40.2501,0.2204]],[[40.2501,0.2379],[40.2495,0.2379],[40.2496,0.2376],[40.2501,0.2379]],[[40.2498,0.2468],[40.2497,0.2472],[40.2496,0.2468],[40.2498,0.2468]],[[40.2491,0.2374],[40.2492,0.2366],[40.2499,0.2373],[40.2491,0.2374]],[[40.2483,0.2387],[40.2469,0.2379],[40.2469,0.2377],[40.2483,0.2387]],[[40.2483,0.2387],[40.2489,0.2387],[40.2493,0.2385],[40.2489,0.2389],[40.2483,0.2387]],[[40.2487,0.2199],[40.2485,0.2196],[40.2487,0.2196],[40.2487,0.2199]],[[40.2482,0.238],[40.2481,0.2375],[40.2484,0.238],[40.2482,0.238]],[[40.2483,0.2397],[40.2475,0.2388],[40.2483,0.2393],[40.2483,0.2397]],[[40.2455,0.2118],[40.2463,0.2121],[40.2455,0.2123],[40.2455,0.2118]],[[40.2457,0.2372],[40.246,0.2369],[40.2461,0.2372],[40.2457,0.2372]],[[40.2452,0.2099],[40.246,0.2096],[40.246,0.211],[40.2458,0.2099],[40.2452,0.2099]],[[40.246,0.2177],[40.2455,0.2175],[40.246,0.2175],[40.246,0.2177]],[[40.2458,0.2134],[40.2455,0.2129],[40.2458,0.2129],[40.2458,0.2134]],[[40.2428,0.2112],[40.2455,0.2102],[40.2433,0.2115],[40.2431,0.2129],[40.2428,0.2112]],[[40.2449,0.2368],[40.2448,0.2363],[40.2452,0.2363],[40.2449,0.2368]],[[40.245,0.2118],[40.2447,0.2115],[40.245,0.2115],[40.245,0.2118]],[[40.245,0.2118],[40.2452,0.2118],[40.2452,0.2121],[40.245,0.2121],[40.245,0.2118]],[[40.245,0.2504],[40.245,0.2505],[40.245,0.2505],[40.245,0.2504]],[[40.2451,0.2378],[40.245,0.2377],[40.2451,0.2377],[40.2451,0.2378]],[[40.245,0.2146],[40.2436,0.2156],[40.2428,0.2153],[40.2444,0.2142],[40.245,0.2146]],[[40.2449,0.2385],[40.2447,0.2382],[40.2449,0.2382],[40.2449,0.2385]],[[40.2441,0.2131],[40.2447,0.2134],[40.2441,0.2134],[40.2441,0.2131]],[[40.2436,0.2204],[40.2439,0.2207],[40.2436,0.2207],[40.2436,0.2204]],[[40.2444,0.2204],[40.2439,0.2202],[40.2444,0.2202],[40.2444,0.2204]],[[40.2439,0.2196],[40.2436,0.2191],[40.2439,0.2191],[40.2439,0.2196]],[[40.2434,0.2534],[40.2435,0.2537],[40.2434,0.2537],[40.2434,0.2534]],[[40.2434,0.2383],[40.2428,0.2384],[40.2427,0.2381],[40.2434,0.2383]],[[40.2433,0.2202],[40.2415,0.2193],[40.2433,0.2193],[40.2433,0.2202]],[[40.2431,0.2185],[40.2425,0.2183],[40.2431,0.2183],[40.2431,0.2185]],[[40.2426,0.2379],[40.2422,0.238],[40.2429,0.2374],[40.2426,0.2379]],[[40.2426,0.2379],[40.2427,0.2379],[40.2427,0.238],[40.2426,0.238],[40.2426,0.2379]],[[40.242,0.2129],[40.2425,0.2131],[40.242,0.2131],[40.242,0.2129]],[[40.2423,0.2121],[40.2425,0.2123],[40.2423,0.2123],[40.2423,0.2121]],[[40.2423,0.2107],[40.2425,0.211],[40.2423,0.211],[40.2423,0.2107]],[[40.2396,0.2382],[40.2414,0.2371],[40.2424,0.2375],[40.2396,0.2382]],[[40.2418,0.2396],[40.2423,0.2398],[40.2418,0.2399],[40.2418,0.2396]],[[40.2419,0.2403],[40.2422,0.2404],[40.2419,0.2405],[40.2419,0.2403]],[[40.2419,0.2553],[40.242,0.2555],[40.2419,0.2555],[40.2419,0.2553]],[[40.242,0.2069],[40.2417,0.2067],[40.242,0.2067],[40.242,0.2069]],[[40.2382,0.2137],[40.2409,0.2121],[40.242,0.2164],[40.2412,0.2172],[40.2382,0.2169],[40.2377,0.218],[40.2358,0.2177],[40.2355,0.2161],[40.2382,0.2137]],[[40.2417,0.253],[40.2416,0.253],[40.2418,0.253],[40.2417,0.253]],[[40.2409,0.2393],[40.2418,0.2396],[40.2407,0.2396],[40.2409,0.2393]],[[40.2418,0.2543],[40.2416,0.2542],[40.2418,0.2542],[40.2418,0.2543]],[[40.2415,0.223],[40.2416,0.2233],[40.2415,0.2233],[40.2415,0.223]],[[40.2415,0.2064],[40.2412,0.2061],[40.2415,0.2061],[40.2415,0.2064]],[[40.2415,0.2118],[40.2412,0.2115],[40.2415,0.2115],[40.2415,0.2118]],[[40.2412,0.2185],[40.2406,0.2177],[40.2412,0.2177],[40.2412,0.2185]],[[40.2409,0.2202],[40.2398,0.2199],[40.2409,0.2199],[40.2409,0.2202]],[[40.2408,0.2549],[40.2409,0.255],[40.2408,0.255],[40.2408,0.2549]],[[40.2408,0.2366],[40.2407,0.2364],[40.2408,0.2364],[40.2408,0.2366]],[[40.2405,0.2544],[40.2408,0.2545],[40.2405,0.2545],[40.2405,0.2544]],[[40.24,0.2542],[40.2401,0.2543],[40.24,0.2543],[40.24,0.2542]],[[40.2396,0.218],[40.2398,0.2183],[40.2396,0.2183],[40.2396,0.218]],[[40.2387,0.2194],[40.2396,0.2193],[40.2382,0.2196],[40.2387,0.2194]],[[40.2391,0.2524],[40.2388,0.252],[40.2394,0.252],[40.2391,0.2524]],[[40.2393,0.2326],[40.239,0.2323],[40.2393,0.2323],[40.2393,0.2326]],[[40.239,0.2357],[40.2361,0.2344],[40.2366,0.2336],[40.2358,0.2331],[40.2366,0.2328],[40.239,0.2357]],[[40.239,0.2102],[40.2382,0.2104],[40.2382,0.2094],[40.239,0.2102]],[[40.239,0.2121],[40.2388,0.2118],[40.239,0.2118],[40.239,0.2121]],[[40.2388,0.2502],[40.2386,0.2499],[40.2388,0.2499],[40.2388,0.2502]],[[40.2388,0.2415],[40.2385,0.2413],[40.2388,0.2413],[40.2388,0.2415]],[[40.2385,0.2126],[40.2377,0.2121],[40.2385,0.2123],[40.2385,0.2126]],[[40.2385,0.2207],[40.2379,0.2204],[40.2385,0.2204],[40.2385,0.2207]],[[40.2379,0.2191],[40.2382,0.2192],[40.2379,0.2192],[40.2379,0.2191]],[[40.2382,0.2088],[40.2379,0.2083],[40.2382,0.2083],[40.2382,0.2088]],[[40.2379,0.2112],[40.2377,0.211],[40.2379,0.211],[40.2379,0.2112]],[[40.2371,0.2118],[40.2374,0.2121],[40.2371,0.2121],[40.2371,0.2118]],[[40.2365,0.2503],[40.2373,0.2507],[40.2365,0.2507],[40.2365,0.2503]],[[40.2371,0.2193],[40.236,0.2193],[40.2358,0.2188],[40.2371,0.2193]],[[40.2369,0.2126],[40.2363,0.2134],[40.2353,0.2134],[40.2353,0.2129],[40.2369,0.2126]],[[40.2371,0.2126],[40.2369,0.2123],[40.2371,0.2123],[40.2371,0.2126]],[[40.2358,0.2059],[40.2366,0.2072],[40.2353,0.2069],[40.2358,0.2059]],[[40.2361,0.2315],[40.2337,0.2299],[40.2347,0.2288],[40.2347,0.2296],[40.2363,0.2299],[40.2361,0.2315]],[[40.2353,0.2493],[40.236,0.249],[40.2362,0.2497],[40.2353,0.2493]],[[40.2358,0.2282],[40.2358,0.2282],[40.2358,0.2282],[40.2358,0.2282]],[[40.2344,0.2183],[40.2347,0.2175],[40.2353,0.2175],[40.2353,0.2183],[40.2344,0.2183]],[[40.2353,0.2185],[40.2355,0.2183],[40.2355,0.2185],[40.2353,0.2185]],[[40.2355,0.2285],[40.2354,0.2284],[40.2355,0.2284],[40.2355,0.2285]],[[40.235,0.2193],[40.2353,0.2196],[40.235,0.2196],[40.235,0.2193]],[[40.2353,0.2198],[40.2353,0.2199],[40.2353,0.2199],[40.2353,0.2198]],[[40.2351,0.2474],[40.2348,0.2472],[40.2351,0.2472],[40.2351,0.2474]],[[40.2347,0.2115],[40.235,0.211],[40.235,0.2115],[40.2347,0.2115]],[[40.2342,0.2115],[40.2347,0.2121],[40.2342,0.2121],[40.2342,0.2115]],[[40.2347,0.2199],[40.235,0.2201],[40.2347,0.2201],[40.2347,0.2199]],[[40.2344,0.2458],[40.2346,0.2457],[40.2346,0.2458],[40.2344,0.2458]],[[40.2343,0.2458],[40.2344,0.2458],[40.2343,0.2458],[40.2343,0.2458]],[[40.2344,0.2175],[40.2342,0.2169],[40.2344,0.2169],[40.2344,0.2175]],[[40.2342,0.2137],[40.2344,0.214],[40.2342,0.214],[40.2342,0.2137]],[[40.2342,0.2129],[40.2344,0.2131],[40.2342,0.2131],[40.2342,0.2129]],[[40.2338,0.2464],[40.234,0.2466],[40.2338,0.2466],[40.2338,0.2464]],[[40.2335,0.2279],[40.2331,0.2276],[40.2335,0.2278],[40.2335,0.2279]],[[40.2326,0.2118],[40.2328,0.2123],[40.2326,0.2123],[40.2326,0.2118]],[[40.2328,0.2596],[40.2326,0.2595],[40.2328,0.2595],[40.2328,0.2596]],[[40.232,0.2447],[40.2326,0.2444],[40.2326,0.2448],[40.232,0.2447]],[[40.2323,0.2169],[40.2326,0.2175],[40.2323,0.2175],[40.2323,0.2169]],[[40.232,0.2199],[40.2318,0.2202],[40.2316,0.2202],[40.2316,0.2199],[40.232,0.2199]],[[40.2277,0.2209],[40.2268,0.2191],[40.2277,0.218],[40.2293,0.2188],[40.2304,0.2183],[40.2309,0.2185],[40.2315,0.2177],[40.232,0.2185],[40.2311,0.2194],[40.2304,0.2185],[40.2306,0.2221],[40.2303,0.2211],[40.2281,0.2215],[40.2288,0.221],[40.2277,0.2209]],[[40.2304,0.218],[40.2296,0.2183],[40.2296,0.2177],[40.2304,0.218]],[[40.2317,0.2193],[40.232,0.2196],[40.2317,0.2196],[40.2317,0.2193]],[[40.2317,0.2112],[40.232,0.2118],[40.2317,0.2118],[40.2317,0.2112]],[[40.2318,0.2425],[40.2316,0.2424],[40.2318,0.2424],[40.2318,0.2425]],[[40.2315,0.2228],[40.2316,0.2238],[40.2312,0.224],[40.2309,0.2232],[40.2315,0.2228]],[[40.2314,0.2223],[40.2312,0.2221],[40.2314,0.2222],[40.2314,0.2223]],[[40.2309,0.2172],[40.2312,0.2175],[40.2309,0.2175],[40.2309,0.2172]],[[40.2305,0.2333],[40.2304,0.2339],[40.2301,0.2331],[40.2305,0.2333]],[[40.2301,0.2308],[40.2277,0.2295],[40.228,0.2285],[40.2298,0.2291],[40.2301,0.2308]],[[40.2304,0.2239],[40.2291,0.2248],[40.2288,0.2237],[40.2304,0.2239]],[[40.2246,0.2399],[40.2269,0.239],[40.23,0.2396],[40.2293,0.2405],[40.227,0.2397],[40.2259,0.2409],[40.2246,0.2399]],[[40.2296,0.2099],[40.2298,0.2102],[40.2296,0.2102],[40.2296,0.2099]],[[40.2285,0.2334],[40.2296,0.2339],[40.2296,0.2341],[40.2286,0.2338],[40.2285,0.2336],[40.2285,0.2334]],[[40.2293,0.2104],[40.2296,0.2107],[40.2293,0.2107],[40.2293,0.2104]],[[40.2294,0.2419],[40.2292,0.2416],[40.2293,0.2416],[40.2294,0.2419]],[[40.2293,0.2086],[40.229,0.208],[40.2293,0.208],[40.2293,0.2086]],[[40.2288,0.218],[40.229,0.2183],[40.2288,0.2183],[40.2288,0.218]],[[40.2278,0.2228],[40.2279,0.222],[40.227,0.2213],[40.2289,0.2225],[40.2278,0.2228]],[[40.2282,0.2441],[40.2285,0.2443],[40.2282,0.2443],[40.2282,0.2441]],[[40.2273,0.2413],[40.2283,0.2416],[40.2284,0.2417],[40.2274,0.242],[40.2273,0.2413]],[[40.2284,0.2461],[40.2283,0.246],[40.2284,0.246],[40.2284,0.2461]],[[40.228,0.2483],[40.2278,0.2486],[40.2277,0.2483],[40.228,0.2483]],[[40.2273,0.2551],[40.2279,0.2558],[40.2272,0.2555],[40.2273,0.2551]],[[40.228,0.2329],[40.2276,0.2326],[40.228,0.2326],[40.228,0.2329]],[[40.2277,0.25],[40.2271,0.2502],[40.2271,0.2497],[40.2277,0.25]],[[40.2277,0.2352],[40.2275,0.235],[40.2277,0.235],[40.2277,0.2352]],[[40.2277,0.2477],[40.2276,0.2476],[40.2277,0.2476],[40.2277,0.2477]],[[40.2273,0.2318],[40.2274,0.2323],[40.2273,0.2323],[40.2273,0.2318]],[[40.2271,0.2526],[40.227,0.2521],[40.2271,0.2521],[40.2271,0.2526]],[[40.2266,0.2418],[40.2254,0.2413],[40.2268,0.2414],[40.2266,0.2418]],[[40.2248,0.2381],[40.2261,0.238],[40.2261,0.2387],[40.2248,0.2381]],[[40.2258,0.2427],[40.2261,0.2428],[40.2258,0.2428],[40.2258,0.2427]],[[40.2253,0.239],[40.225,0.239],[40.2253,0.239],[40.2253,0.239]],[[40.2246,0.2418],[40.2249,0.2417],[40.2249,0.242],[40.2246,0.2418]],[[40.2236,0.2429],[40.2246,0.2433],[40.2236,0.2433],[40.2236,0.2429]],[[40.2245,0.2453],[40.2246,0.2455],[40.2245,0.2455],[40.2245,0.2453]],[[40.2243,0.2415],[40.2245,0.2417],[40.2243,0.2417],[40.2243,0.2415]],[[40.2241,0.2452],[40.224,0.2454],[40.224,0.2452],[40.2241,0.2452]],[[40.2241,0.2473],[40.224,0.2472],[40.2241,0.2472],[40.2241,0.2473]],[[40.224,0.2396],[40.224,0.2394],[40.224,0.2394],[40.224,0.2396]],[[40.2238,0.2435],[40.2223,0.2455],[40.2238,0.2468],[40.2208,0.2487],[40.2204,0.2478],[40.2214,0.2476],[40.2206,0.2467],[40.2214,0.2457],[40.2214,0.2447],[40.2238,0.2435]],[[40.2231,0.2451],[40.2233,0.2449],[40.2233,0.2451],[40.2231,0.2451]],[[40.2223,0.2273],[40.2217,0.2272],[40.2223,0.2269],[40.2223,0.2273]],[[40.2218,0.2287],[40.2202,0.2293],[40.2201,0.2289],[40.2212,0.2279],[40.2218,0.2287]],[[40.2215,0.2278],[40.2213,0.2275],[40.2217,0.2275],[40.2215,0.2278]],[[40.2208,0.2306],[40.2215,0.2308],[40.2208,0.2308],[40.2208,0.2306]],[[40.2212,0.2236],[40.2208,0.2242],[40.2207,0.2236],[40.2212,0.2236]],[[40.2208,0.2453],[40.221,0.2447],[40.2211,0.2455],[40.2208,0.2453]],[[40.221,0.2427],[40.2205,0.2423],[40.221,0.2424],[40.221,0.2427]],[[40.221,0.2269],[40.2208,0.2265],[40.221,0.2265],[40.221,0.2269]],[[40.2208,0.2427],[40.221,0.2429],[40.2208,0.2429],[40.2208,0.2427]],[[40.2199,0.2343],[40.2196,0.232],[40.2172,0.2323],[40.2143,0.2311],[40.2158,0.2305],[40.2161,0.2314],[40.2171,0.2311],[40.2164,0.2306],[40.2172,0.2297],[40.2202,0.2305],[40.2199,0.2323],[40.2207,0.233],[40.2199,0.2343]],[[40.2202,0.2276],[40.22,0.2269],[40.2205,0.227],[40.2202,0.2276]],[[40.2204,0.2435],[40.22,0.2434],[40.2204,0.2433],[40.2204,0.2435]],[[40.2199,0.2199],[40.2185,0.2202],[40.2183,0.2196],[40.2196,0.2196],[40.2191,0.2188],[40.2199,0.2185],[40.2199,0.2199]],[[40.2199,0.2363],[40.2196,0.2367],[40.2196,0.2363],[40.2199,0.2363]],[[40.2198,0.2397],[40.2197,0.2396],[40.2198,0.2396],[40.2198,0.2397]],[[40.2193,0.2121],[40.2195,0.2123],[40.2193,0.2124],[40.2193,0.2121]],[[40.2192,0.2416],[40.2194,0.2419],[40.2192,0.2419],[40.2192,0.2416]],[[40.2191,0.2436],[40.2192,0.2438],[40.2191,0.2438],[40.2191,0.2436]],[[40.2187,0.2434],[40.2188,0.2435],[40.2187,0.2435],[40.2187,0.2434]],[[40.2176,0.2274],[40.2175,0.2274],[40.2176,0.2274],[40.2176,0.2274]],[[40.2174,0.2342],[40.2173,0.2342],[40.2174,0.2342],[40.2174,0.2342]],[[40.2167,0.2267],[40.217,0.2266],[40.2171,0.2272],[40.2167,0.2267]],[[40.2165,0.2349],[40.2156,0.2343],[40.2153,0.235],[40.215,0.2347],[40.215,0.2342],[40.2169,0.2342],[40.2165,0.2349]],[[40.2166,0.2212],[40.2169,0.2218],[40.2166,0.2218],[40.2166,0.2212]],[[40.2166,0.2406],[40.2169,0.2408],[40.2166,0.2408],[40.2166,0.2406]],[[40.2164,0.2428],[40.2167,0.2431],[40.2164,0.2431],[40.2164,0.2428]],[[40.2149,0.2228],[40.2156,0.2215],[40.2166,0.2226],[40.2156,0.2231],[40.2149,0.2228]],[[40.2165,0.2439],[40.2164,0.2436],[40.2165,0.2436],[40.2165,0.2439]],[[40.2162,0.2099],[40.2152,0.2104],[40.2148,0.2099],[40.2162,0.2099]],[[40.2158,0.2358],[40.2153,0.2355],[40.2158,0.2355],[40.2158,0.2358]],[[40.2153,0.2167],[40.2156,0.2164],[40.2157,0.2167],[40.2153,0.2167]],[[40.2153,0.216],[40.2156,0.216],[40.2153,0.2163],[40.2153,0.216]],[[40.2148,0.2161],[40.2146,0.217],[40.2143,0.217],[40.2148,0.2161]],[[40.2137,0.2367],[40.2142,0.2355],[40.2148,0.2366],[40.2137,0.2367]],[[40.2142,0.2102],[40.2143,0.2103],[40.2142,0.2103],[40.2142,0.2102]],[[40.2139,0.2104],[40.2137,0.2102],[40.2139,0.2102],[40.2139,0.2104]],[[40.2137,0.2136],[40.2137,0.2145],[40.2134,0.2135],[40.2137,0.2136]],[[40.2131,0.2319],[40.2136,0.2323],[40.2131,0.2323],[40.2131,0.2319]],[[40.2129,0.2406],[40.2131,0.2401],[40.2134,0.2406],[40.2129,0.2406]],[[40.2131,0.2369],[40.2129,0.2366],[40.2131,0.2366],[40.2131,0.2369]],[[40.2129,0.2342],[40.2126,0.2339],[40.2129,0.2339],[40.2129,0.2342]],[[40.2121,0.239],[40.2126,0.2397],[40.2121,0.2398],[40.2121,0.239]],[[40.2123,0.2336],[40.2126,0.2334],[40.2126,0.2336],[40.2123,0.2336]],[[40.2123,0.2328],[40.2121,0.2334],[40.2121,0.2328],[40.2123,0.2328]],[[40.2123,0.2377],[40.2126,0.2374],[40.2126,0.2377],[40.2123,0.2377]],[[40.2118,0.2377],[40.2123,0.2382],[40.2118,0.2382],[40.2118,0.2377]],[[40.2121,0.2096],[40.2115,0.2094],[40.2121,0.2094],[40.2121,0.2096]],[[40.2118,0.2363],[40.2121,0.2366],[40.2118,0.2366],[40.2118,0.2363]],[[40.2121,0.2361],[40.2115,0.2352],[40.2121,0.235],[40.2121,0.2361]],[[40.2118,0.2111],[40.2119,0.211],[40.2119,0.2111],[40.2118,0.2111]],[[40.2118,0.2108],[40.2117,0.211],[40.2117,0.2108],[40.2118,0.2108]],[[40.2107,0.2374],[40.2094,0.239],[40.2096,0.2379],[40.208,0.2371],[40.2094,0.2371],[40.2088,0.2361],[40.2096,0.2361],[40.2096,0.2347],[40.2112,0.2352],[40.2102,0.2361],[40.2115,0.2363],[40.2112,0.2371],[40.2099,0.2371],[40.2107,0.2374]],[[40.2112,0.2336],[40.211,0.2334],[40.2112,0.2334],[40.2112,0.2336]],[[40.2099,0.2336],[40.2107,0.2334],[40.2107,0.2336],[40.2099,0.2336]],[[40.2101,0.2086],[40.2102,0.2086],[40.2102,0.2087],[40.2101,0.2086]],[[40.2094,0.2081],[40.2093,0.208],[40.2094,0.208],[40.2094,0.2081]],[[40.2086,0.2115],[40.2089,0.2115],[40.2092,0.2115],[40.2086,0.2115]],[[40.2091,0.2358],[40.2086,0.2355],[40.2091,0.2355],[40.2091,0.2358]],[[40.2083,0.2301],[40.2088,0.2309],[40.2087,0.2309],[40.2083,0.2301]],[[40.2091,0.2299],[40.2088,0.2296],[40.2091,0.2296],[40.2091,0.2299]],[[40.2085,0.2102],[40.2085,0.211],[40.2077,0.211],[40.2077,0.2104],[40.2085,0.2102]],[[40.208,0.2121],[40.2083,0.2123],[40.208,0.2123],[40.208,0.2121]],[[40.2077,0.2274],[40.2075,0.2276],[40.2075,0.2274],[40.2077,0.2274]],[[40.2075,0.2118],[40.2077,0.2121],[40.2075,0.2121],[40.2075,0.2118]],[[40.2075,0.2291],[40.2067,0.2279],[40.2077,0.2281],[40.2075,0.2291]],[[40.2073,0.2261],[40.2069,0.2258],[40.2073,0.2258],[40.2073,0.2261]],[[40.2066,0.2293],[40.2065,0.2293],[40.2066,0.2293],[40.2066,0.2293]],[[40.2064,0.2272],[40.205,0.2265],[40.2053,0.2261],[40.2064,0.2272]],[[40.2059,0.2287],[40.2051,0.2278],[40.2062,0.2282],[40.2059,0.2287]],[[40.2062,0.2259],[40.206,0.2257],[40.2062,0.2257],[40.2062,0.2259]],[[40.2061,0.2385],[40.2059,0.2382],[40.2061,0.2382],[40.2061,0.2385]],[[40.201,0.2317],[40.2036,0.2278],[40.2052,0.2295],[40.206,0.2292],[40.2059,0.2304],[40.2034,0.2301],[40.205,0.2312],[40.2032,0.2331],[40.204,0.2361],[40.2015,0.235],[40.2024,0.2342],[40.2007,0.2328],[40.2018,0.232],[40.201,0.2317]],[[40.2059,0.235],[40.2053,0.2342],[40.2059,0.2342],[40.2059,0.235]],[[40.2053,0.2387],[40.2056,0.2379],[40.2056,0.2387],[40.2053,0.2387]],[[40.2053,0.2374],[40.2045,0.2379],[40.2045,0.2374],[40.2053,0.2374]],[[40.2053,0.2248],[40.2052,0.2248],[40.2053,0.2248],[40.2053,0.2248]],[[40.205,0.208],[40.205,0.2077],[40.205,0.2077],[40.205,0.208]],[[40.2048,0.2342],[40.205,0.2344],[40.2048,0.2344],[40.2048,0.2342]],[[40.2042,0.2385],[40.2048,0.2387],[40.2042,0.2387],[40.2042,0.2385]],[[40.2046,0.2246],[40.2047,0.2248],[40.2046,0.2248],[40.2046,0.2246]],[[40.204,0.239],[40.2042,0.2396],[40.204,0.2396],[40.204,0.239]],[[40.2034,0.2385],[40.2015,0.2369],[40.2042,0.2371],[40.2034,0.2385]],[[40.2038,0.2234],[40.2042,0.2239],[40.2037,0.2239],[40.2038,0.2234]],[[40.2037,0.2088],[40.2039,0.209],[40.2037,0.209],[40.2037,0.2088]],[[40.2034,0.2185],[40.2032,0.2186],[40.203,0.2185],[40.2034,0.2185]],[[40.2035,0.2274],[40.2034,0.2272],[40.2036,0.2272],[40.2035,0.2274]],[[40.2036,0.2207],[40.2034,0.2204],[40.2036,0.2204],[40.2036,0.2207]],[[40.2032,0.2208],[40.2032,0.2207],[40.2032,0.2207],[40.2032,0.2208]],[[40.203,0.2075],[40.2032,0.2077],[40.203,0.2077],[40.203,0.2075]],[[40.2032,0.2228],[40.203,0.2227],[40.2032,0.2226],[40.2032,0.2228]],[[40.203,0.2258],[40.203,0.2259],[40.203,0.2259],[40.203,0.2258]],[[40.2028,0.2184],[40.2018,0.2183],[40.2021,0.2175],[40.2026,0.2175],[40.2028,0.2184]],[[40.2029,0.2221],[40.2028,0.222],[40.2029,0.222],[40.2029,0.2221]],[[40.2017,0.2269],[40.2016,0.2258],[40.2025,0.2258],[40.2025,0.2265],[40.2017,0.2269]],[[40.2013,0.208],[40.2013,0.208],[40.201,0.208],[40.201,0.2078],[40.2013,0.208]],[[40.201,0.218],[40.2013,0.2183],[40.201,0.2183],[40.201,0.218]],[[40.201,0.2344],[40.2007,0.2342],[40.201,0.2342],[40.201,0.2344]],[[40.2005,0.2077],[40.2006,0.2077],[40.2009,0.2077],[40.2005,0.2077]],[[40.2005,0.2331],[40.2002,0.2326],[40.2005,0.2326],[40.2005,0.2331]],[[40.2004,0.2075],[40.2002,0.2073],[40.2004,0.2074],[40.2004,0.2075]],[[40.2002,0.211],[40.1999,0.2107],[40.2002,0.2107],[40.2002,0.211]],[[40.1978,0.2118],[40.1986,0.2121],[40.198,0.2126],[40.1978,0.2118]],[[40.1991,0.2121],[40.1988,0.2112],[40.1991,0.2112],[40.1991,0.2121]],[[40.1986,0.208],[40.1988,0.2086],[40.1986,0.2086],[40.1986,0.208]],[[40.1985,0.2151],[40.1983,0.2143],[40.1988,0.215],[40.1985,0.2151]],[[40.1978,0.2291],[40.198,0.2293],[40.1978,0.2293],[40.1978,0.2291]],[[40.1972,0.2288],[40.1975,0.2291],[40.1972,0.2291],[40.1972,0.2288]],[[40.1972,0.2253],[40.197,0.225],[40.1972,0.225],[40.1972,0.2253]],[[40.1924,0.225],[40.1951,0.2274],[40.1951,0.2263],[40.197,0.2269],[40.1964,0.2291],[40.1962,0.2282],[40.1959,0.2291],[40.1945,0.2291],[40.1951,0.2309],[40.1943,0.2312],[40.194,0.2301],[40.1934,0.2312],[40.1926,0.2312],[40.1956,0.2336],[40.1929,0.2336],[40.189,0.2308],[40.1908,0.2304],[40.1897,0.2288],[40.1908,0.2274],[40.19,0.2258],[40.1908,0.2263],[40.191,0.2253],[40.1918,0.2258],[40.1924,0.225]],[[40.1926,0.225],[40.1924,0.2245],[40.1926,0.2245],[40.1926,0.225]],[[40.1926,0.2245],[40.1921,0.2234],[40.1926,0.2218],[40.1913,0.2199],[40.1943,0.221],[40.1959,0.2202],[40.1956,0.2218],[40.197,0.2224],[40.197,0.2242],[40.1962,0.2231],[40.194,0.2228],[40.1943,0.2239],[40.1926,0.2245]],[[40.1967,0.2357],[40.1967,0.2358],[40.1965,0.2358],[40.1967,0.2357]],[[40.1956,0.2326],[40.1959,0.2328],[40.1956,0.2328],[40.1956,0.2326]],[[40.1953,0.2366],[40.1953,0.2366],[40.1953,0.2364],[40.1953,0.2366]],[[40.1953,0.2202],[40.1948,0.2199],[40.1953,0.2199],[40.1953,0.2202]],[[40.1948,0.2367],[40.1951,0.2369],[40.1948,0.2369],[40.1948,0.2367]],[[40.1948,0.2236],[40.1945,0.2234],[40.1948,0.2234],[40.1948,0.2236]],[[40.1944,0.21],[40.1943,0.2099],[40.1944,0.2099],[40.1944,0.21]],[[40.1942,0.2342],[40.1943,0.2342],[40.1942,0.2342],[40.1942,0.2342]],[[40.1942,0.2099],[40.1942,0.2099],[40.1942,0.2099],[40.1942,0.2099]],[[40.194,0.2199],[40.1932,0.2193],[40.194,0.2193],[40.194,0.2199]],[[40.1937,0.2073],[40.1935,0.2071],[40.1936,0.2071],[40.1937,0.2073]],[[40.1933,0.2093],[40.193,0.2089],[40.1933,0.2089],[40.1933,0.2093]],[[40.193,0.2102],[40.1929,0.2101],[40.193,0.2101],[40.193,0.2102]],[[40.1926,0.2099],[40.1927,0.2099],[40.1926,0.2099],[40.1926,0.2099]],[[40.1918,0.2096],[40.1924,0.2099],[40.1918,0.2099],[40.1918,0.2096]],[[40.19,0.225],[40.1872,0.222],[40.1905,0.2223],[40.1918,0.2215],[40.1918,0.2236],[40.1905,0.2234],[40.19,0.225]],[[40.1913,0.2183],[40.1916,0.2185],[40.1913,0.2185],[40.1913,0.2183]],[[40.1918,0.2183],[40.1916,0.218],[40.1918,0.218],[40.1918,0.2183]],[[40.191,0.2158],[40.19,0.2161],[40.19,0.2145],[40.1913,0.2145],[40.191,0.2158]],[[40.1902,0.2131],[40.19,0.2129],[40.1902,0.2129],[40.1902,0.2131]],[[40.1883,0.2277],[40.1883,0.2299],[40.1875,0.2307],[40.1864,0.2288],[40.187,0.2263],[40.1886,0.2269],[40.1875,0.225],[40.1894,0.2269],[40.1883,0.2277]],[[40.1891,0.2327],[40.1885,0.2326],[40.1894,0.2323],[40.1891,0.2327]],[[40.1886,0.2312],[40.1872,0.2326],[40.1853,0.232],[40.1867,0.2309],[40.1886,0.2312]],[[40.1881,0.218],[40.1872,0.2166],[40.1883,0.2172],[40.1881,0.218]],[[40.1862,0.2239],[40.1864,0.2228],[40.1878,0.2234],[40.1878,0.2239],[40.1862,0.2239]],[[40.1872,0.2153],[40.1864,0.2161],[40.1867,0.215],[40.1872,0.2153]],[[40.187,0.2145],[40.1867,0.2142],[40.187,0.2142],[40.187,0.2145]],[[40.1867,0.2212],[40.187,0.2218],[40.1867,0.2218],[40.1867,0.2212]],[[40.1859,0.2269],[40.1862,0.2272],[40.1859,0.2272],[40.1859,0.2269]],[[40.1856,0.2247],[40.1859,0.2253],[40.1856,0.2253],[40.1856,0.2247]],[[40.1859,0.2242],[40.1852,0.2245],[40.1859,0.2234],[40.1859,0.2242]],[[40.1851,0.2242],[40.1852,0.2243],[40.1851,0.2243],[40.1851,0.2242]],[[40.1841,0.2257],[40.184,0.2258],[40.184,0.2256],[40.1841,0.2257]],[[40.1837,0.232],[40.184,0.2325],[40.1837,0.2326],[40.1837,0.232]],[[40.1813,0.2156],[40.1816,0.215],[40.1816,0.2156],[40.1813,0.2156]]],[[[40.1867,0.2123],[40.1862,0.2126],[40.1864,0.2134],[40.1867,0.2123]]],[[[40.187,0.2126],[40.1867,0.2129],[40.187,0.2129],[40.187,0.2126]]],[[[40.2366,0.2524],[40.2371,0.2524],[40.2366,0.2521],[40.2366,0.2524]]],[[[40.2431,0.2485],[40.2439,0.249],[40.2439,0.2487],[40.2431,0.2485]]],[[[40.2467,0.2538],[40.2465,0.2534],[40.2465,0.2538],[40.2467,0.2538]]],[[[40.2465,0.2542],[40.2462,0.254],[40.2462,0.2545],[40.2465,0.2542]]],[[[40.2617,0.232],[40.2613,0.2319],[40.2612,0.2326],[40.2617,0.232]]],[[[40.376,0.1802],[40.3765,0.1784],[40.3799,0.179],[40.3796,0.177],[40.3774,0.1784],[40.3763,0.177],[40.3763,0.1784],[40.3752,0.1789],[40.376,0.1802]],[[40.3795,0.1784],[40.3796,0.1785],[40.3795,0.1785],[40.3795,0.1784]]],[[[40.2776,0.2088],[40.2779,0.2091],[40.2779,0.2088],[40.2776,0.2088]]],[[[40.2779,0.2086],[40.2781,0.2088],[40.2781,0.2086],[40.2779,0.2086]]],[[[40.2733,0.2129],[40.2735,0.2131],[40.2735,0.2129],[40.2733,0.2129]]],[[[40.2735,0.2121],[40.2741,0.2126],[40.2738,0.2121],[40.2735,0.2121]]],[[[40.2735,0.2121],[40.2735,0.2107],[40.2727,0.2107],[40.2722,0.2121],[40.2735,0.2121]]],[[[40.2501,0.2094],[40.2498,0.2096],[40.2501,0.2096],[40.2501,0.2094]]],[[[40.235,0.2059],[40.2353,0.2056],[40.235,0.2056],[40.235,0.2059]]],[[[40.2247,0.2051],[40.225,0.2048],[40.2247,0.2048],[40.2247,0.2051]]],[[[40.2223,0.218],[40.2226,0.2188],[40.2236,0.2191],[40.2234,0.2177],[40.2223,0.218]]],[[[40.2185,0.211],[40.2191,0.2104],[40.2185,0.2104],[40.2185,0.211]]],[[[40.1978,0.2086],[40.1972,0.208],[40.1967,0.208],[40.197,0.2088],[40.1978,0.2086]]],[[[40.1972,0.2077],[40.1975,0.208],[40.1975,0.2077],[40.1972,0.2077]]],[[[40.2029,0.2094],[40.2015,0.2099],[40.2029,0.2096],[40.2029,0.2094]]],[[[40.2053,0.2164],[40.2056,0.2166],[40.2056,0.2164],[40.2053,0.2164]]],[[[40.205,0.2164],[40.2053,0.2158],[40.205,0.2158],[40.205,0.2164]]],[[[40.2056,0.2161],[40.2059,0.2164],[40.2059,0.2161],[40.2056,0.2161]]],[[[40.2059,0.2156],[40.2061,0.2161],[40.2061,0.2156],[40.2059,0.2156]]],[[[40.2064,0.2134],[40.2067,0.2137],[40.2067,0.2134],[40.2064,0.2134]]],[[[40.205,0.214],[40.2056,0.2134],[40.205,0.2137],[40.205,0.214]]],[[[40.205,0.2145],[40.2048,0.214],[40.2048,0.2145],[40.205,0.2145]]],[[[40.2032,0.2142],[40.2034,0.214],[40.2032,0.214],[40.2032,0.2142]]],[[[40.1967,0.2158],[40.1964,0.2161],[40.1967,0.2161],[40.1967,0.2158]]],[[[40.191,0.2091],[40.1913,0.2088],[40.191,0.2088],[40.191,0.2091]]],[[[40.2552,0.2158],[40.2549,0.2161],[40.2552,0.2161],[40.2552,0.2158]]],[[[40.2533,0.218],[40.2536,0.2177],[40.2533,0.2177],[40.2533,0.218]]],[[[40.2541,0.2177],[40.2544,0.2172],[40.2541,0.2172],[40.2541,0.2177]]],[[[40.4101,0.1945],[40.4102,0.1948],[40.4102,0.1945],[40.4101,0.1945]]],[[[40.4099,0.194],[40.411,0.1949],[40.4113,0.1933],[40.4099,0.194]]],[[[40.4089,0.1935],[40.4071,0.1937],[40.4074,0.1946],[40.4058,0.1936],[40.4059,0.1947],[40.404,0.1951],[40.4029,0.1945],[40.4023,0.1952],[40.4007,0.1926],[40.3989,0.1924],[40.3971,0.1905],[40.3966,0.1915],[40.3976,0.192],[40.3964,0.1926],[40.3978,0.1939],[40.397,0.1935],[40.3969,0.1948],[40.3954,0.1944],[40.3952,0.1951],[40.3985,0.1956],[40.3995,0.1974],[40.4038,0.1988],[40.4053,0.2013],[40.4065,0.2018],[40.4068,0.2011],[40.4075,0.2028],[40.4053,0.2039],[40.4064,0.2047],[40.4084,0.2041],[40.4081,0.2049],[40.4091,0.2049],[40.4087,0.206],[40.41,0.2071],[40.4097,0.2057],[40.4103,0.2069],[40.4101,0.2054],[40.4113,0.2051],[40.4113,0.2008],[40.4084,0.2005],[40.4081,0.1988],[40.4054,0.1973],[40.4063,0.196],[40.4084,0.1968],[40.4089,0.1989],[40.4113,0.1981],[40.4113,0.1962],[40.4101,0.1968],[40.409,0.1955],[40.4063,0.1953],[40.4059,0.195],[40.4089,0.1945],[40.4081,0.1943],[40.4089,0.1935]],[[40.4102,0.1981],[40.4101,0.1981],[40.4102,0.1981],[40.4102,0.1981]],[[40.4092,0.1979],[40.4094,0.1982],[40.4092,0.1982],[40.4092,0.1979]],[[40.4077,0.1957],[40.4081,0.1959],[40.4077,0.196],[40.4077,0.1957]],[[40.4072,0.2015],[40.4073,0.2016],[40.4072,0.2016],[40.4072,0.2015]],[[40.406,0.1955],[40.4062,0.1957],[40.406,0.1957],[40.406,0.1955]],[[40.4036,0.1951],[40.4035,0.1951],[40.4036,0.1951],[40.4036,0.1951]],[[40.4014,0.1949],[40.4017,0.1944],[40.4019,0.1949],[40.4014,0.1949]],[[40.4015,0.1943],[40.4014,0.1942],[40.4015,0.1942],[40.4015,0.1943]],[[40.4008,0.1939],[40.4011,0.1944],[40.4005,0.1943],[40.4008,0.1939]],[[40.4002,0.1967],[40.4003,0.1968],[40.4002,0.1968],[40.4002,0.1967]],[[40.4003,0.1935],[40.4002,0.1932],[40.4003,0.1932],[40.4003,0.1935]],[[40.3998,0.1968],[40.4001,0.1972],[40.3998,0.1972],[40.3998,0.1968]],[[40.3999,0.1941],[40.3997,0.1943],[40.3997,0.1939],[40.3999,0.1941]],[[40.3993,0.1932],[40.3994,0.1934],[40.3993,0.1934],[40.3993,0.1932]],[[40.3991,0.1928],[40.399,0.1927],[40.3991,0.1927],[40.3991,0.1928]],[[40.3988,0.1943],[40.3989,0.1941],[40.399,0.1943],[40.3988,0.1943]],[[40.3985,0.1952],[40.3987,0.1954],[40.3985,0.1955],[40.3985,0.1952]],[[40.3977,0.1921],[40.3975,0.1923],[40.3975,0.1921],[40.3977,0.1921]]],[[[40.4094,0.1935],[40.4094,0.1941],[40.4097,0.1935],[40.4094,0.1935]]],[[[40.4108,0.1957],[40.4111,0.1961],[40.4111,0.1957],[40.4108,0.1957]]],[[[40.4109,0.0035],[40.4106,0.0032],[40.4104,0.0035],[40.4109,0.0035]]],[[[40.4104,0.1988],[40.4108,0.199],[40.4108,0.1985],[40.4104,0.1988]]],[[[40.4038,0.206],[40.4027,0.2069],[40.4055,0.2087],[40.4056,0.2109],[40.4044,0.2102],[40.404,0.2122],[40.4033,0.2099],[40.4021,0.2111],[40.4015,0.2094],[40.4011,0.2117],[40.4046,0.2127],[40.4053,0.2124],[40.4058,0.2134],[40.4051,0.214],[40.406,0.2146],[40.4092,0.2136],[40.409,0.2141],[40.4103,0.215],[40.4088,0.2109],[40.4068,0.2101],[40.4064,0.2087],[40.4057,0.2089],[40.4064,0.208],[40.4056,0.2064],[40.4038,0.206]],[[40.4081,0.2135],[40.4085,0.2127],[40.4086,0.2136],[40.4081,0.2135]],[[40.4079,0.2138],[40.4064,0.2134],[40.4063,0.2127],[40.408,0.2129],[40.4079,0.2138]],[[40.4081,0.2109],[40.4079,0.2107],[40.4081,0.2107],[40.4081,0.2109]],[[40.4071,0.2108],[40.4074,0.2106],[40.4071,0.2111],[40.4071,0.2108]],[[40.4063,0.2115],[40.4065,0.2117],[40.4063,0.2117],[40.4063,0.2115]],[[40.4057,0.2113],[40.4064,0.2102],[40.4064,0.211],[40.4057,0.2113]],[[40.4062,0.2092],[40.4063,0.2093],[40.4062,0.2093],[40.4062,0.2092]],[[40.4054,0.2069],[40.4049,0.2072],[40.4048,0.2066],[40.4054,0.2069]],[[40.4051,0.2119],[40.4053,0.2122],[40.4051,0.2122],[40.4051,0.2119]],[[40.4042,0.207],[40.4044,0.2072],[40.4042,0.2072],[40.4042,0.207]]],[[[40.4056,0.2061],[40.406,0.2062],[40.4059,0.206],[40.4056,0.2061]]],[[[40.4096,0.1956],[40.4094,0.1954],[40.4094,0.1957],[40.4096,0.1956]]],[[[40.4089,0.1928],[40.409,0.1934],[40.4093,0.1928],[40.4089,0.1928]]],[[[40.4089,-0.0371],[40.4086,-0.0374],[40.4086,-0.0371],[40.4089,-0.0371]]],[[[40.4084,0.2079],[40.4075,0.2074],[40.4075,0.2082],[40.4084,0.2079]]],[[[40.4081,0.2059],[40.4078,0.2067],[40.408,0.2067],[40.4081,0.2059]]],[[[40.4078,-0.0363],[40.4076,-0.0365],[40.4076,-0.0363],[40.4078,-0.0363]]],[[[40.4078,-0.036],[40.407,-0.0355],[40.4078,-0.0357],[40.4078,-0.036]]],[[[40.4062,-0.0352],[40.4065,-0.0347],[40.4065,-0.0352],[40.4062,-0.0352]]],[[[40.4059,-0.0344],[40.4057,-0.0347],[40.4057,-0.0344],[40.4059,-0.0344]]],[[[40.4049,0.2043],[40.404,0.2039],[40.4042,0.2046],[40.4049,0.2043]]],[[[40.4049,-0.0285],[40.4046,-0.0287],[40.4046,-0.0285],[40.4049,-0.0285]]],[[[40.4035,-0.0352],[40.403,-0.0336],[40.4035,-0.0341],[40.404,-0.0333],[40.4049,-0.0352],[40.4035,-0.0352]]],[[[40.4032,-0.0352],[40.4035,-0.0355],[40.4032,-0.0355],[40.4032,-0.0352]]],[[[40.4042,0.2009],[40.4044,0.2007],[40.4042,0.2007],[40.4042,0.2009]]],[[[40.404,0.205],[40.4042,0.205],[40.4039,0.2049],[40.404,0.205]]],[[[40.4035,0.2046],[40.4037,0.2048],[40.4037,0.2046],[40.4035,0.2046]]],[[[40.4015,0.2047],[40.399,0.2042],[40.3991,0.205],[40.3981,0.2052],[40.4007,0.2069],[40.4005,0.2091],[40.4021,0.2075],[40.4003,0.2055],[40.403,0.2063],[40.401,0.2054],[40.4033,0.2041],[40.4015,0.2047]],[[40.4009,0.2074],[40.4013,0.208],[40.4009,0.2078],[40.4009,0.2074]],[[40.3995,0.2055],[40.3996,0.2057],[40.3995,0.2057],[40.3995,0.2055]]],[[[40.4027,0.1926],[40.4021,0.1932],[40.4027,0.1934],[40.4027,0.1926]]],[[[40.4027,-0.0344],[40.4024,-0.0349],[40.4024,-0.0344],[40.4027,-0.0344]]],[[[40.4023,0.2134],[40.4021,0.2131],[40.4021,0.2134],[40.4023,0.2134]]],[[[40.402,0.1928],[40.4019,0.1932],[40.4021,0.1932],[40.402,0.1928]]],[[[40.4014,0.2129],[40.4012,0.2132],[40.4015,0.2132],[40.4014,0.2129]]],[[[40.4013,0.1919],[40.4011,0.1917],[40.4011,0.1919],[40.4013,0.1919]]],[[[40.4007,0.2097],[40.3998,0.2118],[40.3999,0.2121],[40.401,0.2106],[40.4007,0.2097]]],[[[40.4004,0.2017],[40.4006,0.2017],[40.4007,0.2016],[40.4004,0.2017]]],[[[40.4007,0.1923],[40.4005,0.1921],[40.4005,0.1923],[40.4007,0.1923]]],[[[40.4001,0.2042],[40.3995,0.2041],[40.3995,0.2041],[40.4001,0.2042]]],[[[40.3994,0.212],[40.3989,0.2124],[40.3995,0.2123],[40.3994,0.212]]],[[[40.3987,0.2024],[40.3984,0.2022],[40.3984,0.2025],[40.3987,0.2024]]],[[[40.3984,0.2048],[40.3974,0.2037],[40.3974,0.2029],[40.3969,0.2026],[40.397,0.2039],[40.3984,0.2048]]],[[[40.3969,0.2066],[40.398,0.2053],[40.3917,0.206],[40.3929,0.2074],[40.3931,0.2065],[40.394,0.207],[40.3947,0.2064],[40.3957,0.2074],[40.3963,0.2063],[40.3969,0.2066]],[[40.3971,0.206],[40.397,0.2059],[40.3971,0.2059],[40.3971,0.206]],[[40.3938,0.2059],[40.3943,0.2063],[40.3939,0.2063],[40.3938,0.2059]]],[[[40.3978,0.1883],[40.3976,0.1881],[40.3976,0.1883],[40.3978,0.1883]]],[[[40.3966,0.1898],[40.397,0.1896],[40.3967,0.1896],[40.3966,0.1898]]],[[[40.3957,0.1928],[40.3954,0.1925],[40.3954,0.1928],[40.3957,0.1928]]],[[[40.3955,0.192],[40.3952,0.1921],[40.3956,0.1921],[40.3955,0.192]]],[[[40.3933,-0.002],[40.393,-0.0026],[40.393,-0.002],[40.3933,-0.002]]],[[[40.3927,0.1886],[40.3931,0.1888],[40.3931,0.1884],[40.3927,0.1886]]],[[[40.366,0.0125],[40.3676,0.0152],[40.3706,0.0149],[40.369,0.016],[40.3728,0.0163],[40.3725,0.0155],[40.3733,0.0155],[40.373,0.0168],[40.3747,0.0168],[40.3744,0.0176],[40.3755,0.0179],[40.3747,0.0155],[40.3687,0.0147],[40.3679,0.0136],[40.3733,0.0104],[40.3752,0.0106],[40.3747,0.012],[40.3763,0.0109],[40.3792,0.0123],[40.3792,0.0106],[40.3757,0.0085],[40.378,0.0007],[40.3796,-0.0014],[40.3844,-0.0031],[40.3895,-0.0026],[40.3922,-0.0012],[40.3908,-0.0042],[40.3906,-0.0088],[40.3892,-0.0042],[40.3833,-0.0047],[40.3825,-0.0037],[40.3822,-0.0039],[40.3809,-0.0037],[40.3798,-0.0016],[40.3776,-0.002],[40.3779,-0.001],[40.3733,0.0012],[40.3718,0.0028],[40.3718,0.0047],[40.3729,0.0056],[40.3755,0.0052],[40.3747,0.0079],[40.3714,0.0096],[40.3701,0.012],[40.3666,0.0117],[40.366,0.0125]],[[40.3666,0.0131],[40.3671,0.0125],[40.3671,0.0131],[40.3666,0.0131]],[[40.3782,-0.0001],[40.3785,-0.001],[40.3785,-0.0003],[40.3782,-0.0001]],[[40.3778,0.0],[40.3779,0.0001],[40.3778,0.0001],[40.3778,0.0]],[[40.3778,-0.0004],[40.3776,-0.0004],[40.3778,-0.0004],[40.3778,-0.0004]],[[40.3682,0.0123],[40.3687,0.0128],[40.3682,0.0128],[40.3682,0.0123]]],[[[40.3728,0.0166],[40.373,0.0163],[40.3728,0.0163],[40.3728,0.0166]]],[[[40.3674,0.0152],[40.3671,0.0149],[40.3671,0.0152],[40.3674,0.0152]]],[[[40.391,0.2065],[40.3902,0.206],[40.3892,0.2067],[40.3905,0.2071],[40.391,0.2065]]],[[[40.3909,0.2083],[40.3903,0.2077],[40.3903,0.2085],[40.3909,0.2083]]],[[[40.3911,0.1778],[40.3908,0.1776],[40.3908,0.1778],[40.3911,0.1778]]],[[[40.3911,0.194],[40.39,0.1935],[40.39,0.1943],[40.3911,0.194]]],[[[40.3905,0.2091],[40.3909,0.2095],[40.3907,0.209],[40.3905,0.2091]]],[[[40.3908,0.1921],[40.3906,0.1918],[40.3906,0.1921],[40.3908,0.1921]]],[[[40.3908,-0.0109],[40.3903,-0.0115],[40.3903,-0.0112],[40.3908,-0.0109]]],[[[40.3906,-0.0096],[40.39,-0.0099],[40.39,-0.0091],[40.3906,-0.0096]]],[[[40.3905,0.2115],[40.3903,0.2112],[40.3903,0.2115],[40.3905,0.2115]]],[[[40.3901,0.2097],[40.3889,0.2104],[40.3892,0.2113],[40.3898,0.2112],[40.3901,0.2097]]],[[[40.3901,0.2096],[40.3903,0.2097],[40.3903,0.2095],[40.3901,0.2096]]],[[[40.3895,0.1924],[40.3903,0.1918],[40.3895,0.1918],[40.3895,0.1924]]],[[[40.3881,-0.0144],[40.3897,-0.012],[40.3897,-0.0139],[40.3881,-0.0144]]],[[[40.3892,0.2125],[40.3894,0.213],[40.3895,0.2124],[40.3892,0.2125]]],[[[40.3885,0.2096],[40.3888,0.2099],[40.3888,0.2096],[40.3885,0.2096]]],[[[40.3888,0.2083],[40.3875,0.2069],[40.3882,0.2084],[40.3888,0.2083]]],[[[40.3887,0.1802],[40.3876,0.1805],[40.3887,0.1808],[40.3887,0.1802]]],[[[40.3873,0.2094],[40.3877,0.2092],[40.3875,0.209],[40.3873,0.2094]]],[[[40.3845,-0.0155],[40.3849,-0.015],[40.3871,-0.015],[40.3857,-0.0161],[40.3845,-0.0155]]],[[[40.3873,-0.015],[40.3871,-0.0147],[40.3873,-0.0147],[40.3873,-0.015]]],[[[40.3862,0.1773],[40.386,0.177],[40.386,0.1773],[40.3862,0.1773]]],[[[40.3838,0.1781],[40.3838,0.1767],[40.383,0.1776],[40.3825,0.1767],[40.3839,0.1765],[40.3841,0.1751],[40.3833,0.1762],[40.3801,0.1765],[40.3803,0.1773],[40.3817,0.1773],[40.3809,0.1781],[40.3825,0.1789],[40.3825,0.18],[40.3827,0.1784],[40.3838,0.1781]],[[40.3827,0.1781],[40.3825,0.1778],[40.3827,0.1778],[40.3827,0.1781]]],[[[40.3833,-0.0161],[40.3819,-0.0152],[40.3836,-0.0155],[40.3833,-0.0161]]],[[[40.383,0.1759],[40.3825,0.1754],[40.3825,0.1759],[40.383,0.1759]]],[[[40.3827,0.0581],[40.3825,0.0578],[40.3825,0.0581],[40.3827,0.0581]]],[[[40.3811,-0.0152],[40.3809,-0.0155],[40.3809,-0.0152],[40.3811,-0.0152]]],[[[40.3807,0.2065],[40.3796,0.2061],[40.3788,0.2072],[40.3798,0.2071],[40.3807,0.2065]]],[[[40.3777,-0.0138],[40.3793,-0.0143],[40.3808,-0.0154],[40.3768,-0.0153],[40.3757,-0.0139],[40.3757,-0.0115],[40.3771,-0.0115],[40.3777,-0.0138]],[[40.3764,-0.0133],[40.3763,-0.0134],[40.3764,-0.0134],[40.3764,-0.0133]]],[[[40.3787,0.186],[40.3783,0.185],[40.3782,0.1857],[40.3787,0.186]]],[[[40.3776,0.0136],[40.3771,0.0131],[40.3771,0.0141],[40.3776,0.0136]]],[[[40.3763,0.0516],[40.3765,0.0522],[40.3773,0.0519],[40.3765,0.0516],[40.3768,0.0508],[40.3763,0.0516]]],[[[40.3749,-0.0152],[40.3738,-0.015],[40.3755,-0.0147],[40.3749,-0.0152]]],[[[40.3736,-0.0152],[40.3738,-0.0155],[40.3736,-0.0155],[40.3736,-0.0152]]],[[[40.3747,0.0581],[40.3744,0.0573],[40.3741,0.0581],[40.3747,0.0581]]],[[[40.3685,-0.0144],[40.3698,-0.015],[40.3701,-0.0155],[40.3693,-0.0155],[40.3685,-0.0144]]],[[[40.3701,-0.0155],[40.3709,-0.0152],[40.3728,-0.0152],[40.3728,-0.0158],[40.3701,-0.0155]]],[[[40.3704,0.0067],[40.3706,0.0058],[40.37,0.006],[40.3684,0.0036],[40.3652,0.0066],[40.3673,0.0079],[40.3704,0.0067]]],[[[40.3674,0.0195],[40.3682,0.022],[40.369,0.0211],[40.3693,0.0222],[40.3706,0.0211],[40.3685,0.0203],[40.3674,0.0174],[40.366,0.0182],[40.3642,0.0177],[40.3647,0.0171],[40.3576,0.0176],[40.3565,0.022],[40.3547,0.0209],[40.3544,0.0195],[40.3531,0.0195],[40.3519,0.026],[40.3501,0.026],[40.3466,0.0238],[40.3436,0.0303],[40.3421,0.0309],[40.3407,0.0295],[40.3396,0.0298],[40.338,0.0365],[40.3355,0.0373],[40.335,0.0362],[40.3358,0.0368],[40.3358,0.0357],[40.3347,0.0354],[40.3334,0.0368],[40.3315,0.0368],[40.3315,0.0379],[40.335,0.0376],[40.3364,0.0387],[40.3358,0.0376],[40.3407,0.0365],[40.3404,0.0346],[40.3444,0.0353],[40.3454,0.0292],[40.3474,0.0289],[40.352,0.0307],[40.3515,0.0278],[40.3548,0.0276],[40.3569,0.0263],[40.3598,0.0225],[40.363,0.0228],[40.3624,0.0199],[40.3644,0.0185],[40.3666,0.0187],[40.3666,0.0198],[40.3674,0.0195]],[[40.3679,0.0206],[40.3682,0.0203],[40.3682,0.0206],[40.3679,0.0206]],[[40.3647,0.0182],[40.3646,0.0181],[40.3647,0.0181],[40.3647,0.0182]],[[40.3587,0.0225],[40.3593,0.0228],[40.3587,0.0228],[40.3587,0.0225]]],[[[40.3698,0.0445],[40.3703,0.045],[40.3704,0.0447],[40.3698,0.0445]]],[[[40.3703,0.0203],[40.3698,0.0198],[40.3698,0.0203],[40.3703,0.0203]]],[[[40.3693,0.0195],[40.369,0.0193],[40.369,0.0195],[40.3693,0.0195]]],[[[40.3687,0.0163],[40.3682,0.016],[40.3682,0.0163],[40.3687,0.0163]]],[[[40.3682,0.0225],[40.3679,0.0222],[40.3679,0.0225],[40.3682,0.0225]]],[[[40.3636,-0.0109],[40.365,-0.0128],[40.3679,-0.0142],[40.3639,-0.0128],[40.362,-0.0107],[40.3574,-0.0082],[40.3639,-0.0096],[40.3636,-0.0109]],[[40.3631,-0.0099],[40.362,-0.0101],[40.3623,-0.0107],[40.3631,-0.0107],[40.3631,-0.0099]]],[[[40.3674,0.0166],[40.3671,0.0163],[40.3671,0.0166],[40.3674,0.0166]]],[[[40.3668,0.0079],[40.3666,0.0077],[40.3666,0.0079],[40.3668,0.0079]]],[[[40.3663,0.0195],[40.3657,0.019],[40.3657,0.0193],[40.3663,0.0195]]],[[[40.3661,0.1548],[40.3652,0.1544],[40.3657,0.1536],[40.365,0.1535],[40.3646,0.155],[40.3661,0.1548]]],[[[40.3609,0.0508],[40.3639,0.0511],[40.3657,0.0495],[40.3623,0.05],[40.3614,0.0492],[40.3609,0.0508]]],[[[40.3609,0.0511],[40.3606,0.0508],[40.3606,0.0511],[40.3609,0.0511]]],[[[40.3655,0.1857],[40.3654,0.1839],[40.3649,0.1837],[40.3655,0.1857]]],[[[40.3655,0.0082],[40.365,0.0077],[40.365,0.0082],[40.3655,0.0082]]],[[[40.3648,0.1577],[40.3651,0.1575],[40.3648,0.1574],[40.3648,0.1577]]],[[[40.3633,0.0088],[40.3628,0.0098],[40.3631,0.0106],[40.3644,0.0093],[40.3633,0.0088]]],[[[40.3636,0.0538],[40.3639,0.0541],[40.3641,0.0538],[40.3636,0.0538]]],[[[40.3636,0.1527],[40.3638,0.1526],[40.3636,0.1525],[40.3636,0.1527]]],[[[40.3636,0.1563],[40.3635,0.1567],[40.3638,0.1567],[40.3636,0.1563]]],[[[40.3634,0.1963],[40.363,0.1961],[40.3634,0.1967],[40.3634,0.1963]]],[[[40.3631,0.0554],[40.3625,0.0549],[40.3628,0.0554],[40.3631,0.0554]]],[[[40.3626,0.146],[40.3623,0.1466],[40.3629,0.1467],[40.3626,0.146]]],[[[40.3628,0.0443],[40.3612,0.0449],[40.3609,0.0457],[40.3617,0.046],[40.3628,0.0443]]],[[[40.3622,0.1456],[40.3626,0.1454],[40.3622,0.1455],[40.3622,0.1456]]],[[[40.3621,0.1461],[40.3619,0.1459],[40.3619,0.1461],[40.3621,0.1461]]],[[[40.3593,0.0538],[40.3598,0.0551],[40.362,0.0549],[40.3614,0.0538],[40.3593,0.0538]]],[[[40.3614,0.0446],[40.3612,0.0443],[40.3612,0.0446],[40.3614,0.0446]]],[[[40.3608,0.1964],[40.3606,0.1966],[40.3609,0.1968],[40.3608,0.1964]]],[[[40.3606,0.1432],[40.3602,0.1438],[40.3608,0.1436],[40.3606,0.1432]]],[[[40.3585,0.0384],[40.3582,0.0381],[40.3582,0.0384],[40.3585,0.0384]]],[[[40.3566,0.0419],[40.3574,0.0425],[40.3582,0.0414],[40.3574,0.0411],[40.3566,0.0419]]],[[[40.3579,0.0389],[40.3577,0.0384],[40.3577,0.0389],[40.3579,0.0389]]],[[[40.3525,0.1837],[40.3571,0.1819],[40.3577,0.1808],[40.3563,0.1813],[40.3536,0.1802],[40.3517,0.1832],[40.3525,0.1837]]],[[[40.3571,-0.0077],[40.3563,-0.0082],[40.3563,-0.008],[40.3571,-0.0077]]],[[[40.3563,0.0505],[40.3566,0.051],[40.3566,0.0505],[40.3563,0.0505]]],[[[40.3562,0.1471],[40.3565,0.1465],[40.3562,0.1464],[40.3562,0.1471]]],[[[40.3558,0.0506],[40.3561,0.0503],[40.3558,0.0503],[40.3558,0.0506]]],[[[40.3554,0.0493],[40.3561,0.0487],[40.3555,0.0487],[40.3554,0.0493]]],[[[40.3561,0.047],[40.3547,0.0446],[40.3539,0.0469],[40.3561,0.047]],[[40.3544,0.0465],[40.3542,0.0462],[40.3544,0.0462],[40.3544,0.0465]]],[[[40.3551,0.1471],[40.3546,0.1479],[40.3554,0.1474],[40.3559,0.1482],[40.356,0.1474],[40.3551,0.1471]]],[[[40.3558,0.1456],[40.3551,0.1454],[40.3557,0.146],[40.3558,0.1456]]],[[[40.3548,0.1948],[40.354,0.1945],[40.3534,0.1945],[40.3537,0.1953],[40.3548,0.1948]]],[[[40.3533,-0.0066],[40.3528,-0.0053],[40.3542,-0.005],[40.3547,-0.0066],[40.3533,-0.0066]],[[40.3536,-0.0053],[40.3533,-0.0055],[40.3536,-0.0055],[40.3536,-0.0053]]],[[[40.3544,0.1527],[40.3545,0.1524],[40.3543,0.1524],[40.3544,0.1527]]],[[[40.354,0.1612],[40.3536,0.1616],[40.3539,0.1616],[40.354,0.1612]]],[[[40.3536,0.1516],[40.3534,0.1513],[40.3534,0.1516],[40.3536,0.1516]]],[[[40.353,0.1438],[40.3528,0.144],[40.353,0.1441],[40.353,0.1438]]],[[[40.3528,0.1528],[40.3526,0.1526],[40.3526,0.1529],[40.3528,0.1528]]],[[[40.3524,0.145],[40.3522,0.1447],[40.3522,0.145],[40.3524,0.145]]],[[[40.3518,0.1553],[40.352,0.1549],[40.3516,0.1552],[40.3518,0.1553]]],[[[40.352,0.1546],[40.3523,0.1548],[40.3523,0.1546],[40.352,0.1546]]],[[[40.3509,-0.0074],[40.3523,-0.0069],[40.3523,-0.0072],[40.3509,-0.0074]]],[[[40.3518,0.1556],[40.352,0.1558],[40.352,0.1556],[40.3518,0.1556]]],[[[40.3505,0.053],[40.3511,0.0531],[40.3512,0.0527],[40.3505,0.053]]],[[[40.3507,0.1542],[40.351,0.1539],[40.3508,0.1536],[40.3507,0.1542]]],[[[40.3509,0.1939],[40.3505,0.1944],[40.3508,0.1946],[40.3509,0.1939]]],[[[40.35,0.0543],[40.3501,0.0536],[40.3491,0.0544],[40.35,0.0543]]],[[[40.3504,0.1951],[40.3502,0.1949],[40.3502,0.1951],[40.3504,0.1951]]],[[[40.3471,-0.0074],[40.3488,-0.0068],[40.3501,-0.0074],[40.3471,-0.0074]]],[[[40.3471,-0.0069],[40.3469,-0.0072],[40.3469,-0.0069],[40.3471,-0.0069]]],[[[40.3499,0.1565],[40.3496,0.1562],[40.3496,0.1565],[40.3499,0.1565]]],[[[40.3494,0.1435],[40.3486,0.1429],[40.3486,0.1436],[40.3494,0.1435]]],[[[40.3494,0.1817],[40.3484,0.1818],[40.3482,0.1824],[40.349,0.1824],[40.3494,0.1817]]],[[[40.3481,0.1852],[40.349,0.1846],[40.3488,0.184],[40.3481,0.1852]]],[[[40.3481,0.0559],[40.3488,0.0549],[40.3488,0.0543],[40.3474,0.0549],[40.3475,0.0568],[40.3488,0.0565],[40.3481,0.0559]]],[[[40.3479,0.1543],[40.3484,0.1541],[40.348,0.154],[40.3479,0.1543]]],[[[40.3481,0.1858],[40.3479,0.186],[40.3482,0.186],[40.3481,0.1858]]],[[[40.3452,0.1566],[40.3475,0.1558],[40.3447,0.1554],[40.3452,0.1566]]],[[[40.3466,0.1829],[40.3458,0.1818],[40.3461,0.1829],[40.3466,0.1829]]],[[[40.3442,-0.0058],[40.3445,-0.0053],[40.3447,-0.0058],[40.3442,-0.0058]]],[[[40.3439,-0.0047],[40.3436,-0.0053],[40.3436,-0.0047],[40.3439,-0.0047]]],[[[40.3447,-0.0061],[40.3455,-0.0058],[40.3458,-0.0063],[40.3447,-0.0061]]],[[[40.3458,-0.0066],[40.3463,-0.0063],[40.3463,-0.0066],[40.3458,-0.0066]]],[[[40.3461,0.0443],[40.3455,0.0438],[40.3455,0.0443],[40.3461,0.0443]]],[[[40.3456,0.1845],[40.346,0.1843],[40.3458,0.1843],[40.3456,0.1845]]],[[[40.3455,0.1813],[40.3449,0.181],[40.3455,0.1816],[40.3455,0.1813]]],[[[40.345,0.1785],[40.3443,0.1781],[40.3439,0.1788],[40.3454,0.1794],[40.345,0.1785]],[[40.345,0.1787],[40.3449,0.1786],[40.345,0.1786],[40.345,0.1787]]],[[[40.3453,0.0497],[40.3445,0.0503],[40.3453,0.05],[40.3453,0.0497]]],[[[40.3447,0.1913],[40.3441,0.191],[40.3441,0.1913],[40.3447,0.1913]]],[[[40.3445,0.1859],[40.3441,0.1862],[40.3446,0.1862],[40.3445,0.1859]]],[[[40.344,0.1897],[40.3444,0.1896],[40.344,0.1894],[40.344,0.1897]]],[[[40.3442,0.0508],[40.3436,0.0505],[40.3436,0.0508],[40.3442,0.0508]]],[[[40.3442,-0.002],[40.3426,-0.0031],[40.3423,-0.0042],[40.3422,-0.0022],[40.3433,-0.0011],[40.3442,-0.002]]],[[[40.3407,0.1751],[40.3418,0.1762],[40.3418,0.1751],[40.3407,0.1751]]],[[[40.3412,0.1765],[40.3407,0.1767],[40.3415,0.1773],[40.3412,0.1786],[40.342,0.1786],[40.3412,0.1765]]],[[[40.342,0.1786],[40.3412,0.1802],[40.3439,0.1819],[40.3439,0.1805],[40.342,0.1786]]],[[[40.3438,0.1822],[40.3419,0.1822],[40.3436,0.183],[40.3438,0.1822]]],[[[40.3418,-0.0107],[40.3415,-0.0096],[40.3423,-0.0096],[40.3418,-0.0107]]],[[[40.3415,-0.0112],[40.3423,-0.0107],[40.3436,-0.0101],[40.3415,-0.0112]]],[[[40.3434,0.186],[40.3432,0.1859],[40.3432,0.1862],[40.3434,0.186]]],[[[40.3434,-0.0045],[40.3428,-0.0047],[40.3428,-0.0045],[40.3434,-0.0045]]],[[[40.3434,0.0513],[40.3426,0.0508],[40.3426,0.0513],[40.3434,0.0513]]],[[[40.3423,0.0438],[40.3431,0.0438],[40.3428,0.0427],[40.3423,0.0427],[40.3423,0.0438]]],[[[40.3423,0.0443],[40.342,0.0438],[40.342,0.0443],[40.3423,0.0443]]],[[[40.3401,-0.0066],[40.3415,-0.0053],[40.342,-0.0055],[40.3401,-0.0066]]],[[[40.3423,-0.0047],[40.342,-0.005],[40.3418,-0.0047],[40.3423,-0.0047]]],[[[40.3422,0.0937],[40.3419,0.0942],[40.3421,0.0942],[40.3422,0.0937]]],[[[40.3417,0.0961],[40.3415,0.0958],[40.3414,0.0961],[40.3417,0.0961]]],[[[40.3413,0.1935],[40.3416,0.1934],[40.3412,0.1933],[40.3413,0.1935]]],[[[40.3145,0.101],[40.3164,0.0993],[40.3167,0.0983],[40.3151,0.0991],[40.3159,0.0972],[40.314,0.0972],[40.3143,0.0988],[40.3134,0.1006],[40.3123,0.1008],[40.3126,0.1018],[40.3113,0.1043],[40.3139,0.1037],[40.3137,0.1066],[40.3167,0.1064],[40.3172,0.1076],[40.318,0.1047],[40.3167,0.1058],[40.3167,0.1031],[40.3159,0.1034],[40.3164,0.1023],[40.3153,0.1023],[40.3159,0.1015],[40.3145,0.101]],[[40.3145,0.101],[40.3143,0.1007],[40.3145,0.1007],[40.3145,0.101]],[[40.3156,0.1034],[40.3156,0.1039],[40.3153,0.1037],[40.3156,0.1034]]],[[[40.3167,0.0983],[40.3169,0.0996],[40.3183,0.1002],[40.3213,0.0993],[40.3205,0.1021],[40.3167,0.1012],[40.318,0.1031],[40.3183,0.1018],[40.3197,0.1026],[40.3183,0.1034],[40.3186,0.1056],[40.3215,0.1056],[40.3215,0.1039],[40.3202,0.1031],[40.3223,0.1004],[40.324,0.1004],[40.3245,0.1021],[40.3234,0.1028],[40.3267,0.1042],[40.3269,0.1053],[40.3277,0.1053],[40.3282,0.1031],[40.3308,0.1065],[40.3335,0.1074],[40.3367,0.105],[40.3353,0.1038],[40.3356,0.1021],[40.3332,0.101],[40.333,0.0994],[40.3354,0.0958],[40.341,0.094],[40.3407,0.0881],[40.3368,0.0899],[40.3353,0.094],[40.3334,0.0943],[40.3291,0.0923],[40.3253,0.096],[40.3199,0.095],[40.3218,0.0977],[40.3188,0.0977],[40.318,0.0969],[40.3178,0.0977],[40.3164,0.0975],[40.3167,0.0983]],[[40.3197,0.0991],[40.3188,0.0993],[40.3188,0.0988],[40.3197,0.0991]],[[40.3221,0.0969],[40.3219,0.0961],[40.322,0.0961],[40.3221,0.0969]],[[40.3261,0.1007],[40.324,0.0996],[40.3245,0.0983],[40.3265,0.0991],[40.328,0.1023],[40.3264,0.1028],[40.3261,0.1007]],[[40.328,0.1026],[40.328,0.1024],[40.328,0.1026],[40.328,0.1026]],[[40.3245,0.1004],[40.3248,0.1007],[40.3245,0.1007],[40.3245,0.1004]],[[40.3272,0.1004],[40.3272,0.1004],[40.3272,0.1004],[40.3272,0.1004]],[[40.3246,0.0979],[40.3247,0.098],[40.3246,0.098],[40.3246,0.0979]],[[40.3205,0.0983],[40.3207,0.0985],[40.3205,0.0985],[40.3205,0.0983]],[[40.3194,0.1034],[40.3199,0.1037],[40.3194,0.1037],[40.3194,0.1034]]],[[[40.3234,0.1037],[40.3229,0.1031],[40.3229,0.1037],[40.3234,0.1037]]],[[[40.3404,-0.0082],[40.3409,-0.0088],[40.3409,-0.0093],[40.3399,-0.0091],[40.3404,-0.0082]]],[[[40.3406,0.1601],[40.3403,0.1598],[40.3403,0.1602],[40.3406,0.1601]]],[[[40.3392,0.1872],[40.3397,0.1877],[40.3402,0.1876],[40.3398,0.1871],[40.3392,0.1872]]],[[[40.3398,0.1627],[40.34,0.1625],[40.3398,0.1625],[40.3398,0.1627]]],[[[40.3401,-0.0077],[40.3399,-0.008],[40.3399,-0.0077],[40.3401,-0.0077]]],[[[40.339,0.1778],[40.3395,0.1781],[40.3394,0.1777],[40.339,0.1778]]],[[[40.3383,0.1926],[40.3391,0.1921],[40.3388,0.1916],[40.338,0.1916],[40.3383,0.1926]]],[[[40.3386,0.1774],[40.3382,0.1772],[40.3382,0.1774],[40.3386,0.1774]]],[[[40.3377,-0.0072],[40.3385,-0.0069],[40.3385,-0.0072],[40.3377,-0.0072]]],[[[40.3377,-0.0066],[40.3366,-0.0069],[40.3366,-0.0066],[40.3377,-0.0066]]],[[[40.3385,0.1676],[40.3382,0.1678],[40.3385,0.1677],[40.3385,0.1676]]],[[[40.3372,0.1676],[40.3375,0.1676],[40.3379,0.1674],[40.3372,0.1676]]],[[[40.3375,0.0877],[40.3377,0.0873],[40.3374,0.0873],[40.3375,0.0877]]],[[[40.3368,0.1042],[40.3366,0.104],[40.3366,0.1042],[40.3368,0.1042]]],[[[40.3364,0.164],[40.3366,0.1636],[40.3365,0.1636],[40.3364,0.164]]],[[[40.3364,0.1617],[40.3361,0.1622],[40.3364,0.1622],[40.3364,0.1617]]],[[[40.3362,0.1999],[40.3355,0.2003],[40.3359,0.2004],[40.3362,0.1999]]],[[[40.3355,0.2013],[40.3358,0.2015],[40.3361,0.2013],[40.3355,0.2013]]],[[[40.3358,0.1648],[40.3358,0.1653],[40.336,0.1648],[40.3358,0.1648]]],[[[40.3356,0.1129],[40.335,0.1134],[40.3359,0.1132],[40.3356,0.1129]]],[[[40.3353,0.1618],[40.3356,0.1615],[40.3353,0.1616],[40.3353,0.1618]]],[[[40.3347,-0.0072],[40.3345,-0.0069],[40.3355,-0.0069],[40.3347,-0.0072]]],[[[40.3353,0.2021],[40.3318,0.2034],[40.3355,0.2029],[40.3353,0.2021]]],[[[40.334,0.1461],[40.3347,0.1465],[40.3342,0.1457],[40.334,0.1461]]],[[[40.3345,0.0034],[40.3331,0.0009],[40.3334,0.0028],[40.3321,0.0031],[40.3334,0.0042],[40.3345,0.0034]]],[[[40.334,0.113],[40.3341,0.1111],[40.334,0.1118],[40.3324,0.1112],[40.334,0.113]]],[[[40.3344,0.1614],[40.3338,0.1617],[40.3342,0.1618],[40.3344,0.1614]]],[[[40.3341,0.1574],[40.3338,0.1572],[40.3338,0.1574],[40.3341,0.1574]]],[[[40.334,0.1134],[40.3338,0.1132],[40.3338,0.1134],[40.334,0.1134]]],[[[40.334,0.1098],[40.3324,0.1087],[40.3333,0.1096],[40.3318,0.1101],[40.334,0.1098]]],[[[40.3339,-0.0077],[40.3337,-0.008],[40.3337,-0.0077],[40.3339,-0.0077]]],[[[40.3334,0.1461],[40.3338,0.1459],[40.3334,0.1458],[40.3334,0.1461]]],[[[40.3323,0.1298],[40.3331,0.1287],[40.3318,0.1287],[40.3323,0.1298]]],[[[40.3319,0.1542],[40.3324,0.1518],[40.3319,0.1518],[40.3319,0.1542]]],[[[40.3319,0.2019],[40.3317,0.2016],[40.3317,0.2019],[40.3319,0.2019]]],[[[40.3321,0.1312],[40.3315,0.1309],[40.3315,0.1312],[40.3321,0.1312]]],[[[40.3313,0.1573],[40.3305,0.1575],[40.3304,0.158],[40.3312,0.1583],[40.3313,0.1573]]],[[[40.3293,0.1306],[40.3291,0.1301],[40.3291,0.1306],[40.3293,0.1306]]],[[[40.3285,0.0058],[40.3293,0.005],[40.3285,0.0052],[40.3285,0.0058]]],[[[40.3227,0.0662],[40.3193,0.0665],[40.3174,0.0644],[40.3149,0.0638],[40.3126,0.0683],[40.3139,0.0694],[40.3208,0.0687],[40.3292,0.0727],[40.3275,0.0693],[40.3233,0.0673],[40.3227,0.0662]]],[[[40.3291,0.047],[40.3285,0.0465],[40.3285,0.047],[40.3291,0.047]]],[[[40.3285,0.1595],[40.3288,0.1593],[40.3285,0.1593],[40.3285,0.1595]]],[[[40.3288,0.1312],[40.3283,0.1309],[40.3283,0.1312],[40.3288,0.1312]]],[[[40.3231,0.0101],[40.3237,0.0109],[40.3277,0.0109],[40.3277,0.0079],[40.3256,0.0066],[40.3256,0.005],[40.3261,0.0044],[40.3283,0.0044],[40.3288,0.0039],[40.3285,0.002],[40.3272,0.0039],[40.3253,0.0036],[40.3245,0.0047],[40.324,0.0077],[40.325,0.0093],[40.324,0.0088],[40.3242,0.0098],[40.3231,0.0101]],[[40.3283,0.0039],[40.3277,0.0042],[40.3277,0.0039],[40.3283,0.0039]],[[40.3261,0.0079],[40.3264,0.0082],[40.3261,0.0082],[40.3261,0.0079]]],[[[40.3231,0.0101],[40.3229,0.0093],[40.3223,0.0093],[40.3231,0.0101]]],[[[40.324,0.0079],[40.3237,0.0077],[40.3237,0.0079],[40.324,0.0079]]],[[[40.3279,0.154],[40.3273,0.1573],[40.3284,0.1587],[40.3284,0.157],[40.328,0.1574],[40.3279,0.154]]],[[[40.3272,0.1023],[40.3267,0.1018],[40.3267,0.1023],[40.3272,0.1023]]],[[[40.324,0.132],[40.3259,0.1323],[40.3259,0.1312],[40.324,0.1312],[40.324,0.132]]],[[[40.2994,0.0861],[40.3037,0.0886],[40.3067,0.0867],[40.3056,0.0931],[40.3072,0.094],[40.3075,0.0953],[40.3075,0.091],[40.3083,0.0907],[40.3086,0.0915],[40.3095,0.0882],[40.3094,0.0864],[40.3091,0.0869],[40.3075,0.0861],[40.3075,0.0856],[40.3086,0.0856],[40.3094,0.08],[40.3104,0.0798],[40.311,0.0888],[40.3121,0.0891],[40.3116,0.0879],[40.3134,0.0883],[40.3132,0.0899],[40.314,0.0899],[40.3141,0.0886],[40.315,0.0896],[40.3143,0.0902],[40.3159,0.0915],[40.3186,0.0899],[40.3194,0.0902],[40.3194,0.0888],[40.3187,0.0891],[40.3175,0.0869],[40.3156,0.0861],[40.3154,0.0837],[40.3184,0.0829],[40.3234,0.084],[40.3252,0.0829],[40.3248,0.0799],[40.3218,0.0785],[40.3239,0.0752],[40.3209,0.0725],[40.3116,0.0755],[40.3098,0.073],[40.3112,0.0701],[40.3097,0.0684],[40.3043,0.0707],[40.3045,0.0712],[40.3031,0.0727],[40.2989,0.071],[40.2981,0.0728],[40.3007,0.0743],[40.2987,0.0742],[40.2968,0.0726],[40.2911,0.0752],[40.2899,0.0722],[40.2872,0.072],[40.2873,0.075],[40.2906,0.0763],[40.2918,0.0785],[40.2917,0.0819],[40.2959,0.0835],[40.2968,0.0826],[40.2987,0.0829],[40.2986,0.0818],[40.2994,0.0827],[40.2993,0.0834],[40.2999,0.0835],[40.2994,0.0861]],[[40.3096,0.0765],[40.3067,0.0774],[40.3063,0.0772],[40.3066,0.0755],[40.3086,0.0743],[40.3094,0.0749],[40.3096,0.0765]],[[40.3069,0.0843],[40.3081,0.0853],[40.3067,0.0848],[40.3069,0.0843]],[[40.2984,0.0817],[40.2983,0.0819],[40.2981,0.0819],[40.2981,0.0817],[40.2984,0.0817]],[[40.297,0.0822],[40.297,0.0823],[40.2969,0.0823],[40.297,0.0822]],[[40.2958,0.083],[40.2959,0.083],[40.2958,0.083],[40.2958,0.083]]],[[[40.3016,0.088],[40.3013,0.0877],[40.3013,0.088],[40.3016,0.088]]],[[[40.3072,0.0956],[40.307,0.0953],[40.307,0.0956],[40.3072,0.0956]]],[[[40.3062,0.094],[40.3056,0.0937],[40.3056,0.094],[40.3062,0.094]]],[[[40.3056,0.0942],[40.3051,0.094],[40.3051,0.0942],[40.3056,0.0942]]],[[[40.3056,0.0942],[40.3056,0.0945],[40.3059,0.0945],[40.3059,0.0942],[40.3056,0.0942]]],[[[40.3064,0.0945],[40.3059,0.095],[40.3064,0.0953],[40.3064,0.0945]]],[[[40.3252,0.0554],[40.3247,0.0559],[40.3251,0.0562],[40.3252,0.0554]]],[[[40.3245,0.1323],[40.3253,0.1331],[40.325,0.1323],[40.3245,0.1323]]],[[[40.324,-0.0029],[40.3234,-0.0042],[40.3231,-0.0031],[40.3248,-0.0007],[40.325,-0.0042],[40.324,-0.0029]]],[[[40.3242,0.1328],[40.324,0.1325],[40.324,0.1328],[40.3242,0.1328]]],[[[40.3237,0.0474],[40.3229,0.0478],[40.3229,0.0484],[40.3242,0.0484],[40.3237,0.0474]]],[[[40.3236,0.0521],[40.3226,0.0522],[40.3214,0.0536],[40.3238,0.0536],[40.3236,0.0521]],[[40.3235,0.0526],[40.3232,0.0526],[40.3234,0.0524],[40.3235,0.0526]],[[40.3229,0.0534],[40.3227,0.053],[40.3229,0.0531],[40.3229,0.0534]]],[[[40.3239,0.0464],[40.3237,0.0461],[40.3237,0.0464],[40.3239,0.0464]]],[[[40.3237,0.0088],[40.3234,0.0085],[40.3234,0.0088],[40.3237,0.0088]]],[[[40.3237,0.0851],[40.3234,0.0845],[40.3234,0.0851],[40.3237,0.0851]]],[[[40.3232,0.1079],[40.3231,0.1075],[40.323,0.1078],[40.3232,0.1079]]],[[[40.3222,0.0489],[40.322,0.0481],[40.3209,0.0493],[40.3211,0.0495],[40.3222,0.0489]]],[[[40.3188,0.0082],[40.3172,0.0088],[40.3194,0.0088],[40.3188,0.0082]]],[[[40.3194,0.0088],[40.3202,0.0093],[40.3221,0.0079],[40.3202,0.0077],[40.3194,0.0088]]],[[[40.3218,0.0088],[40.3215,0.0093],[40.3218,0.0093],[40.3218,0.0088]]],[[[40.3217,0.1045],[40.322,0.1043],[40.3217,0.1044],[40.3217,0.1045]]],[[[40.3214,0.0509],[40.3212,0.0511],[40.3214,0.0511],[40.3214,0.0509]]],[[[40.3194,0.1325],[40.3197,0.1331],[40.3197,0.1325],[40.3194,0.1325]]],[[[40.3194,0.1333],[40.3191,0.1331],[40.3191,0.1333],[40.3194,0.1333]]],[[[40.3194,0.1333],[40.3194,0.1341],[40.3197,0.1341],[40.3202,0.1333],[40.3194,0.1333]]],[[[40.3198,0.051],[40.3196,0.0508],[40.3196,0.051],[40.3198,0.051]]],[[[40.3192,0.0541],[40.3195,0.0537],[40.3192,0.0538],[40.3192,0.0541]]],[[[40.3194,0.0969],[40.3188,0.0964],[40.3188,0.0969],[40.3194,0.0969]]],[[[40.3192,0.2004],[40.3188,0.2009],[40.3192,0.2007],[40.3192,0.2004]]],[[[40.3188,0.0907],[40.3186,0.0905],[40.3186,0.0907],[40.3188,0.0907]]],[[[40.3188,0.2014],[40.3185,0.2011],[40.3185,0.2014],[40.3188,0.2014]]],[[[40.3188,0.0546],[40.3184,0.055],[40.3186,0.0551],[40.3188,0.0546]]],[[[40.3186,0.0915],[40.318,0.0913],[40.318,0.0915],[40.3186,0.0915]]],[[[40.3184,0.0523],[40.318,0.0524],[40.3184,0.0526],[40.3184,0.0523]]],[[[40.3183,0.094],[40.318,0.0934],[40.318,0.094],[40.3183,0.094]]],[[[40.3178,0.0497],[40.3183,0.0489],[40.3179,0.0488],[40.3178,0.0497]]],[[[40.3179,0.2029],[40.3182,0.2027],[40.3182,0.2026],[40.3179,0.2029]]],[[[40.314,0.1189],[40.312,0.1202],[40.314,0.1224],[40.3181,0.121],[40.3167,0.1192],[40.3167,0.1134],[40.3177,0.1106],[40.3149,0.1083],[40.316,0.1151],[40.314,0.1189]]],[[[40.3177,0.0541],[40.3172,0.0547],[40.3181,0.0541],[40.3177,0.0541]]],[[[40.318,0.0931],[40.3175,0.0926],[40.3175,0.0931],[40.318,0.0931]]],[[[40.3179,0.2006],[40.3173,0.2006],[40.3172,0.2009],[40.3179,0.2006]]],[[[40.3178,0.1387],[40.3175,0.1384],[40.3175,0.1387],[40.3178,0.1387]]],[[[40.3172,0.0497],[40.3175,0.0499],[40.3175,0.0495],[40.3172,0.0497]]],[[[40.3175,0.0937],[40.3156,0.0956],[40.3175,0.095],[40.3175,0.0937]]],[[[40.3153,0.0948],[40.3156,0.0945],[40.3153,0.0945],[40.3153,0.0948]]],[[[40.3164,0.0937],[40.3169,0.0931],[40.3164,0.0931],[40.3164,0.0937]]],[[[40.3173,0.0537],[40.3167,0.0537],[40.3168,0.054],[40.3173,0.0537]]],[[[40.3169,0.0044],[40.3164,0.0039],[40.3164,0.0042],[40.3169,0.0044]]],[[[40.3167,0.0505],[40.3165,0.0502],[40.3163,0.0505],[40.3167,0.0505]]],[[[40.3167,0.2001],[40.3164,0.2004],[40.3166,0.2004],[40.3167,0.2001]]],[[[40.3167,0.009],[40.3159,0.0096],[40.3167,0.0093],[40.3167,0.009]]],[[[40.3132,0.0101],[40.3097,0.0123],[40.307,0.0106],[40.3048,0.0123],[40.3056,0.0104],[40.3043,0.0088],[40.3021,0.0109],[40.3037,0.0115],[40.3037,0.0131],[40.2983,0.0179],[40.2986,0.0198],[40.3008,0.0211],[40.3034,0.0211],[40.3021,0.0155],[40.3059,0.012],[40.3081,0.0128],[40.3083,0.0144],[40.3111,0.0176],[40.3137,0.0171],[40.3143,0.0141],[40.314,0.0133],[40.3159,0.0131],[40.3161,0.0115],[40.3153,0.0115],[40.3153,0.0098],[40.3148,0.0112],[40.3137,0.0106],[40.3134,0.006],[40.3164,0.0044],[40.3113,0.005],[40.3051,0.0001],[40.3064,-0.001],[40.3045,-0.0012],[40.3037,-0.0004],[40.3008,-0.0023],[40.3005,-0.0034],[40.2991,-0.0029],[40.2943,-0.0045],[40.2865,-0.0045],[40.2862,-0.0034],[40.2841,-0.0034],[40.2811,-0.001],[40.2822,-0.0004],[40.2862,-0.0025],[40.2859,-0.0031],[40.2886,-0.0037],[40.2943,-0.0037],[40.2983,-0.0026],[40.2991,-0.002],[40.2986,-0.001],[40.3,-0.0012],[40.3,-0.0001],[40.3019,0.0001],[40.3013,-0.0004],[40.3016,-0.0012],[40.3064,0.0015],[40.3094,0.0052],[40.3124,0.0069],[40.3132,0.0101]],[[40.3132,0.0101],[40.3134,0.0101],[40.3134,0.0104],[40.3132,0.0104],[40.3132,0.0101]],[[40.3137,0.0136],[40.314,0.0139],[40.3137,0.0139],[40.3137,0.0136]],[[40.3145,0.0128],[40.314,0.0131],[40.314,0.0128],[40.3145,0.0128]],[[40.3048,0.0109],[40.3045,0.0106],[40.3048,0.0106],[40.3048,0.0109]],[[40.3008,-0.0007],[40.3002,-0.0015],[40.301,-0.0012],[40.3008,-0.0007]]],[[[40.3164,0.047],[40.3161,0.0468],[40.3161,0.047],[40.3164,0.047]]],[[[40.3164,0.1018],[40.3161,0.1012],[40.3161,0.1018],[40.3164,0.1018]]],[[[40.2199,0.0988],[40.2215,0.1002],[40.2201,0.101],[40.2261,0.1034],[40.2263,0.1021],[40.2247,0.1026],[40.225,0.1004],[40.2228,0.0983],[40.222,0.0985],[40.2223,0.0975],[40.221,0.0977],[40.2215,0.0991],[40.2204,0.0985],[40.2199,0.0988]],[[40.2234,0.0996],[40.2236,0.1002],[40.2234,0.1002],[40.2234,0.0996]],[[40.2236,0.1004],[40.2239,0.1002],[40.2239,0.1004],[40.2236,0.1004]],[[40.2239,0.1007],[40.2245,0.1004],[40.2245,0.1007],[40.2239,0.1007]],[[40.222,0.0977],[40.2218,0.098],[40.2218,0.0977],[40.222,0.0977]],[[40.2236,0.1015],[40.2242,0.101],[40.2242,0.1012],[40.2236,0.1015]],[[40.2218,0.0999],[40.222,0.0991],[40.2231,0.0993],[40.2231,0.1002],[40.2218,0.0999]],[[40.2231,0.1012],[40.2226,0.1004],[40.2231,0.1004],[40.2231,0.1012]]],[[[40.2261,0.1034],[40.2261,0.1042],[40.2255,0.1037],[40.225,0.1039],[40.2277,0.1053],[40.2277,0.1077],[40.229,0.108],[40.2283,0.1092],[40.2296,0.1082],[40.232,0.1123],[40.2366,0.1136],[40.2363,0.1147],[40.2331,0.1153],[40.2323,0.1161],[40.2326,0.1179],[40.2358,0.1177],[40.2358,0.1166],[40.2344,0.1172],[40.2344,0.1163],[40.235,0.115],[40.2361,0.1161],[40.2369,0.1136],[40.2388,0.1144],[40.2388,0.1158],[40.2396,0.1158],[40.2401,0.1139],[40.2415,0.1163],[40.2409,0.1155],[40.2379,0.1163],[40.2377,0.1155],[40.2371,0.1174],[40.2406,0.1166],[40.2439,0.1193],[40.2436,0.1204],[40.2444,0.1206],[40.2449,0.1196],[40.2453,0.1208],[40.2455,0.1185],[40.2468,0.1215],[40.246,0.122],[40.2452,0.1212],[40.2441,0.1231],[40.2485,0.1234],[40.2501,0.1223],[40.2501,0.1239],[40.2528,0.1235],[40.2525,0.1244],[40.2501,0.1244],[40.2505,0.1256],[40.2512,0.1247],[40.253,0.1255],[40.2525,0.1245],[40.254,0.125],[40.2547,0.1236],[40.2582,0.126],[40.2568,0.1247],[40.2568,0.1228],[40.2557,0.1236],[40.2549,0.1236],[40.2544,0.1217],[40.252,0.122],[40.2509,0.1193],[40.2495,0.1206],[40.2463,0.1177],[40.2471,0.1163],[40.2479,0.1177],[40.2493,0.1166],[40.2503,0.1174],[40.2514,0.1169],[40.252,0.1179],[40.2528,0.1177],[40.2525,0.1166],[40.2517,0.1166],[40.2517,0.1158],[40.2493,0.1153],[40.2501,0.1136],[40.249,0.1142],[40.2479,0.1136],[40.2498,0.1128],[40.2525,0.1134],[40.2536,0.1147],[40.2549,0.1142],[40.2549,0.1128],[40.2525,0.1115],[40.2528,0.1104],[40.2533,0.1115],[40.2584,0.1115],[40.26,0.1123],[40.2592,0.1139],[40.2579,0.1136],[40.2579,0.112],[40.2571,0.1131],[40.2549,0.112],[40.2552,0.1136],[40.2579,0.1145],[40.257,0.1155],[40.2576,0.1174],[40.2592,0.1169],[40.259,0.1161],[40.2582,0.1163],[40.2587,0.1153],[40.2598,0.1155],[40.2595,0.1173],[40.2584,0.1185],[40.2571,0.1182],[40.2579,0.1204],[40.2568,0.1196],[40.2565,0.1205],[40.2602,0.1217],[40.2609,0.1206],[40.2622,0.1215],[40.2634,0.1201],[40.2646,0.122],[40.2658,0.1209],[40.2668,0.1222],[40.2667,0.1236],[40.2681,0.1236],[40.2665,0.1236],[40.2665,0.1244],[40.2684,0.125],[40.266,0.1268],[40.2689,0.1277],[40.2698,0.1266],[40.2706,0.1285],[40.273,0.129],[40.2714,0.1274],[40.2733,0.1271],[40.2733,0.126],[40.2738,0.126],[40.2733,0.1277],[40.2741,0.1293],[40.2746,0.1277],[40.2754,0.1285],[40.2768,0.1274],[40.2762,0.1263],[40.2746,0.1263],[40.2743,0.1271],[40.2743,0.1258],[40.2795,0.125],[40.2789,0.1262],[40.2765,0.1258],[40.2782,0.1272],[40.2787,0.1264],[40.2808,0.126],[40.28,0.125],[40.2822,0.1252],[40.2824,0.1244],[40.2805,0.1231],[40.2811,0.1209],[40.2792,0.1223],[40.2792,0.1206],[40.2784,0.1206],[40.2779,0.1223],[40.2779,0.1206],[40.2765,0.1209],[40.276,0.1201],[40.2746,0.1217],[40.2749,0.1231],[40.2765,0.1215],[40.277,0.1225],[40.2751,0.1236],[40.2743,0.1255],[40.2727,0.1255],[40.2738,0.1242],[40.2722,0.1244],[40.2717,0.1223],[40.2711,0.1231],[40.2701,0.1228],[40.271,0.1217],[40.27,0.122],[40.2701,0.121],[40.2689,0.1209],[40.2695,0.119],[40.2719,0.1196],[40.2711,0.1179],[40.2719,0.1172],[40.2735,0.1177],[40.273,0.1166],[40.2738,0.1163],[40.2711,0.1163],[40.2703,0.1182],[40.2692,0.1179],[40.2703,0.1155],[40.2713,0.115],[40.2713,0.1145],[40.2715,0.1155],[40.273,0.1147],[40.272,0.1138],[40.2703,0.1142],[40.2684,0.1126],[40.27,0.1109],[40.2698,0.1118],[40.2733,0.1128],[40.2722,0.1123],[40.2727,0.1104],[40.2708,0.1101],[40.2717,0.1082],[40.2738,0.1096],[40.2733,0.1112],[40.2746,0.1118],[40.2749,0.1096],[40.2735,0.1091],[40.2743,0.1064],[40.2741,0.1085],[40.276,0.108],[40.2757,0.1107],[40.2768,0.1115],[40.276,0.1126],[40.2814,0.1118],[40.2805,0.1107],[40.2824,0.1096],[40.283,0.1104],[40.2822,0.1123],[40.2808,0.112],[40.2792,0.1134],[40.287,0.1123],[40.2867,0.1134],[40.2849,0.1131],[40.2846,0.115],[40.2841,0.1144],[40.2822,0.1155],[40.2816,0.1177],[40.2792,0.1174],[40.2803,0.119],[40.2819,0.119],[40.2832,0.1204],[40.2846,0.1185],[40.2873,0.1196],[40.2867,0.1179],[40.2876,0.1161],[40.2892,0.1158],[40.2886,0.1151],[40.2916,0.1172],[40.2911,0.119],[40.2919,0.119],[40.2921,0.1172],[40.2929,0.1179],[40.2942,0.1174],[40.2943,0.1198],[40.2954,0.1188],[40.297,0.1201],[40.297,0.1182],[40.2983,0.1174],[40.301,0.1201],[40.3005,0.1183],[40.3024,0.1182],[40.3027,0.1174],[40.3051,0.1179],[40.3039,0.121],[40.3061,0.1198],[40.31,0.1201],[40.3105,0.1195],[40.3062,0.1189],[40.3059,0.1175],[40.3074,0.1178],[40.3086,0.1161],[40.3112,0.1169],[40.3121,0.1144],[40.31,0.116],[40.3094,0.1149],[40.308,0.1148],[40.3072,0.1167],[40.3053,0.1136],[40.3053,0.115],[40.3024,0.1155],[40.301,0.1178],[40.3005,0.1161],[40.2996,0.1172],[40.2981,0.1169],[40.2983,0.1158],[40.2979,0.1154],[40.2993,0.1151],[40.2994,0.116],[40.3005,0.1153],[40.3,0.1131],[40.2986,0.1136],[40.2991,0.1123],[40.3,0.1128],[40.3002,0.1112],[40.2991,0.1109],[40.3002,0.1096],[40.2965,0.1099],[40.2954,0.1074],[40.2962,0.1058],[40.2973,0.1058],[40.3,0.1076],[40.3016,0.1076],[40.3016,0.1053],[40.3032,0.1058],[40.304,0.1028],[40.3067,0.1042],[40.3072,0.1015],[40.3095,0.1018],[40.3102,0.0977],[40.3124,0.0975],[40.3121,0.0985],[40.3132,0.0985],[40.3129,0.0961],[40.3151,0.0948],[40.3132,0.095],[40.314,0.0945],[40.3129,0.0937],[40.3134,0.0923],[40.3118,0.0921],[40.311,0.0923],[40.3116,0.0931],[40.3105,0.0929],[40.3113,0.0945],[40.3097,0.0964],[40.3081,0.0969],[40.3078,0.0953],[40.307,0.1012],[40.3059,0.1012],[40.3067,0.1018],[40.3062,0.1034],[40.3045,0.1028],[40.3056,0.1015],[40.3027,0.1021],[40.3013,0.1012],[40.3013,0.1002],[40.3027,0.101],[40.3043,0.0961],[40.3027,0.0983],[40.3016,0.098],[40.3019,0.0964],[40.3013,0.0977],[40.3,0.0975],[40.3008,0.0983],[40.2962,0.0966],[40.2975,0.0988],[40.2965,0.0993],[40.2932,0.0977],[40.2924,0.0985],[40.2948,0.0991],[40.2932,0.1015],[40.2919,0.1015],[40.2927,0.1004],[40.2911,0.0985],[40.2905,0.0996],[40.2911,0.1012],[40.2895,0.0999],[40.287,0.1037],[40.2895,0.1031],[40.29,0.1047],[40.2913,0.105],[40.2892,0.1053],[40.2897,0.1047],[40.2889,0.1042],[40.2878,0.1058],[40.2849,0.1045],[40.2835,0.105],[40.2832,0.1028],[40.2819,0.1023],[40.283,0.1021],[40.2827,0.101],[40.2814,0.1007],[40.2819,0.0983],[40.2784,0.0991],[40.2776,0.0983],[40.2784,0.098],[40.2781,0.0964],[40.277,0.0966],[40.277,0.0993],[40.2803,0.1004],[40.277,0.1023],[40.2751,0.1007],[40.2743,0.1007],[40.2749,0.0996],[40.2733,0.1002],[40.2706,0.1002],[40.2703,0.1023],[40.2676,0.1004],[40.2663,0.1012],[40.2668,0.1004],[40.266,0.0999],[40.2663,0.0988],[40.2655,0.0986],[40.2671,0.098],[40.2671,0.0991],[40.2679,0.0993],[40.2679,0.0966],[40.2687,0.0969],[40.2681,0.0985],[40.2698,0.0985],[40.2711,0.0972],[40.271,0.0979],[40.273,0.0988],[40.2738,0.0975],[40.2722,0.0972],[40.2719,0.0961],[40.2725,0.0956],[40.2708,0.0964],[40.27,0.0953],[40.2695,0.0961],[40.2684,0.0942],[40.2663,0.0953],[40.2668,0.0929],[40.2652,0.0931],[40.2646,0.0923],[40.2619,0.0937],[40.2627,0.094],[40.2618,0.0964],[40.2614,0.0951],[40.2603,0.0961],[40.2598,0.0956],[40.2617,0.0934],[40.2614,0.0921],[40.2595,0.0929],[40.2587,0.0966],[40.2563,0.0969],[40.2565,0.0977],[40.2576,0.0975],[40.2579,0.1004],[40.2563,0.0999],[40.2563,0.0991],[40.2547,0.0999],[40.2552,0.101],[40.2538,0.1004],[40.2544,0.0991],[40.2509,0.0996],[40.249,0.0975],[40.2495,0.0966],[40.2474,0.0972],[40.2477,0.0988],[40.2452,0.0985],[40.2447,0.095],[40.2439,0.0934],[40.2431,0.0937],[40.2423,0.0905],[40.242,0.0913],[40.2406,0.091],[40.2417,0.0918],[40.2409,0.0934],[40.242,0.0942],[40.2409,0.095],[40.2415,0.0966],[40.2428,0.0966],[40.2441,0.0983],[40.2428,0.0988],[40.2415,0.0972],[40.2401,0.0983],[40.2409,0.0996],[40.2396,0.0999],[40.2396,0.1012],[40.2388,0.1012],[40.239,0.0999],[40.2382,0.1002],[40.2379,0.0993],[40.2379,0.1004],[40.2369,0.0999],[40.2369,0.1015],[40.2361,0.1015],[40.2371,0.1031],[40.2358,0.1026],[40.2355,0.1037],[40.2344,0.1028],[40.2358,0.1047],[40.2374,0.1034],[40.2385,0.1037],[40.2382,0.1026],[40.2396,0.1034],[40.2393,0.1023],[40.2398,0.1034],[40.242,0.1039],[40.2396,0.1039],[40.2393,0.1047],[40.2371,0.105],[40.2377,0.1061],[40.2361,0.1061],[40.2351,0.1058],[40.2344,0.1038],[40.2323,0.1058],[40.2304,0.1058],[40.2298,0.1043],[40.2285,0.1045],[40.2288,0.1034],[40.2285,0.1037],[40.228,0.1031],[40.2261,0.1034]],[[40.2452,0.1182],[40.2447,0.1188],[40.2447,0.1179],[40.2452,0.1182]],[[40.2544,0.1236],[40.2533,0.1234],[40.2533,0.1231],[40.2541,0.1228],[40.2544,0.1236]],[[40.2466,0.1161],[40.246,0.1166],[40.246,0.1161],[40.2466,0.1161]],[[40.252,0.1172],[40.2525,0.1174],[40.252,0.1174],[40.252,0.1172]],[[40.2485,0.1142],[40.249,0.1144],[40.2485,0.1144],[40.2485,0.1142]],[[40.2589,0.1207],[40.2587,0.1209],[40.2587,0.1206],[40.2589,0.1207]],[[40.2638,0.1204],[40.2641,0.1196],[40.2649,0.1198],[40.2646,0.1204],[40.2638,0.1204]],[[40.2692,0.1267],[40.2689,0.1268],[40.2689,0.1266],[40.2692,0.1267]],[[40.2741,0.1271],[40.2743,0.1274],[40.2741,0.1274],[40.2741,0.1271]],[[40.28,0.1234],[40.2811,0.1239],[40.2803,0.1244],[40.28,0.1234]],[[40.2689,0.1209],[40.2688,0.122],[40.2682,0.1217],[40.2682,0.1212],[40.2689,0.1209]],[[40.2712,0.1146],[40.2711,0.1147],[40.2711,0.1146],[40.2712,0.1146]],[[40.2687,0.1112],[40.2679,0.1123],[40.2681,0.1112],[40.2687,0.1112]],[[40.2708,0.1112],[40.2692,0.1099],[40.2698,0.1091],[40.2708,0.1112]],[[40.2714,0.1118],[40.2711,0.1112],[40.2714,0.1112],[40.2714,0.1118]],[[40.297,0.1179],[40.2967,0.1182],[40.2967,0.1179],[40.297,0.1179]],[[40.2975,0.1058],[40.2973,0.1056],[40.2975,0.1056],[40.2975,0.1058]],[[40.297,0.105],[40.2967,0.1056],[40.2967,0.105],[40.297,0.105]],[[40.3089,0.1012],[40.3083,0.1015],[40.3083,0.1012],[40.3089,0.1012]],[[40.3129,0.0958],[40.3126,0.0961],[40.3126,0.0958],[40.3129,0.0958]],[[40.3126,0.0958],[40.3116,0.0958],[40.3121,0.0945],[40.3126,0.095],[40.3126,0.0958]],[[40.3124,0.0929],[40.3126,0.0942],[40.3118,0.0942],[40.3124,0.0929]],[[40.3105,0.0958],[40.3107,0.0956],[40.3107,0.0958],[40.3105,0.0958]],[[40.2754,0.1018],[40.2757,0.1023],[40.2754,0.1023],[40.2754,0.1018]],[[40.2751,0.101],[40.2751,0.1018],[40.2741,0.1018],[40.2741,0.1012],[40.2751,0.101]],[[40.2698,0.0972],[40.2692,0.0977],[40.2689,0.0972],[40.2698,0.0972]],[[40.2706,0.0964],[40.2708,0.0966],[40.2706,0.0966],[40.2706,0.0964]],[[40.2409,0.0996],[40.242,0.0999],[40.2423,0.1004],[40.2409,0.1004],[40.2409,0.0996]],[[40.2385,0.1004],[40.2388,0.1002],[40.2388,0.1004],[40.2385,0.1004]],[[40.2393,0.105],[40.2396,0.1047],[40.2396,0.105],[40.2393,0.105]],[[40.2282,0.1045],[40.2285,0.105],[40.2282,0.105],[40.2282,0.1045]],[[40.3116,0.0964],[40.3113,0.0966],[40.3107,0.0964],[40.3116,0.0964]],[[40.3081,0.1004],[40.3083,0.1002],[40.3083,0.1004],[40.3081,0.1004]],[[40.3086,0.0999],[40.3075,0.0996],[40.3086,0.0993],[40.3086,0.0999]],[[40.3081,0.0977],[40.3078,0.0975],[40.3081,0.0975],[40.3081,0.0977]],[[40.304,0.1174],[40.3032,0.1166],[40.3037,0.1163],[40.304,0.1174]],[[40.3027,0.1166],[40.3029,0.1163],[40.3029,0.1166],[40.3027,0.1166]],[[40.301,0.0988],[40.3013,0.0985],[40.3021,0.0991],[40.3013,0.0991],[40.301,0.0988]],[[40.3013,0.1018],[40.3019,0.1028],[40.3008,0.1039],[40.2991,0.1031],[40.2997,0.1018],[40.3013,0.1018]],[[40.301,0.1069],[40.3013,0.1072],[40.301,0.1072],[40.301,0.1069]],[[40.2994,0.0991],[40.3,0.0991],[40.3005,0.0993],[40.2994,0.0991]],[[40.2994,0.1058],[40.3002,0.1066],[40.2991,0.1064],[40.2994,0.1058]],[[40.3002,0.1053],[40.2997,0.1047],[40.3002,0.1047],[40.3002,0.1053]],[[40.3,0.0999],[40.2997,0.0996],[40.3,0.0996],[40.3,0.0999]],[[40.2976,0.1142],[40.2981,0.1139],[40.2981,0.1141],[40.2976,0.1142]],[[40.2975,0.1118],[40.2981,0.1109],[40.2981,0.1118],[40.2975,0.1118]],[[40.2981,0.1163],[40.2978,0.1162],[40.2981,0.1163],[40.2981,0.1163]],[[40.2966,0.1153],[40.2965,0.115],[40.2966,0.115],[40.2966,0.1153]],[[40.2962,0.1174],[40.2965,0.1177],[40.2962,0.1177],[40.2962,0.1174]],[[40.2959,0.1104],[40.2965,0.1109],[40.2957,0.1109],[40.2959,0.1104]],[[40.2961,0.1155],[40.2964,0.1158],[40.2961,0.1158],[40.2961,0.1155]],[[40.2962,0.1047],[40.2959,0.1045],[40.2962,0.1045],[40.2962,0.1047]],[[40.2957,0.1145],[40.2954,0.1147],[40.2951,0.1148],[40.2953,0.1146],[40.2957,0.1145]],[[40.2959,0.1015],[40.2957,0.1012],[40.2959,0.1012],[40.2959,0.1015]],[[40.2951,0.1037],[40.2954,0.1039],[40.2951,0.1039],[40.2951,0.1037]],[[40.2954,0.1064],[40.2951,0.1061],[40.2954,0.1061],[40.2954,0.1064]],[[40.2953,0.1133],[40.2951,0.1131],[40.2953,0.1131],[40.2953,0.1133]],[[40.2948,0.1018],[40.2951,0.1021],[40.2948,0.1021],[40.2948,0.1018]],[[40.2946,0.1128],[40.2948,0.1142],[40.2932,0.115],[40.2932,0.1131],[40.2946,0.1128]],[[40.2932,0.1091],[40.2929,0.1085],[40.2932,0.1085],[40.2932,0.1091]],[[40.2929,0.1156],[40.2924,0.1163],[40.2916,0.1163],[40.2921,0.1154],[40.2929,0.1156]],[[40.2876,0.1136],[40.2884,0.1107],[40.2903,0.1123],[40.2905,0.1101],[40.2927,0.1127],[40.2916,0.1126],[40.2915,0.1139],[40.2903,0.1128],[40.2876,0.1136]],[[40.287,0.1136],[40.2876,0.1139],[40.287,0.1139],[40.287,0.1136]],[[40.2916,0.1144],[40.2921,0.114],[40.2921,0.1142],[40.2916,0.1144]],[[40.2919,0.1026],[40.2911,0.1018],[40.2919,0.1023],[40.2919,0.1026]],[[40.2908,0.1158],[40.2911,0.1157],[40.2916,0.1161],[40.2908,0.1158]],[[40.2913,0.1042],[40.2911,0.1039],[40.2913,0.1039],[40.2913,0.1042]],[[40.2913,0.0999],[40.2911,0.0996],[40.2913,0.0996],[40.2913,0.0999]],[[40.2908,0.1088],[40.2911,0.1091],[40.2908,0.1091],[40.2908,0.1088]],[[40.29,0.1058],[40.2903,0.1066],[40.2897,0.1066],[40.29,0.1058]],[[40.2905,0.1158],[40.2905,0.1159],[40.2905,0.1159],[40.2905,0.1158]],[[40.2903,0.1074],[40.2889,0.1093],[40.2886,0.1072],[40.2903,0.1074]],[[40.2865,0.108],[40.2859,0.1064],[40.287,0.1056],[40.2884,0.1088],[40.2873,0.1091],[40.2865,0.108]],[[40.2878,0.1153],[40.2881,0.1152],[40.2881,0.1153],[40.2878,0.1153]],[[40.2867,0.1107],[40.2862,0.1096],[40.2867,0.1096],[40.2867,0.1107]],[[40.2843,0.1169],[40.2843,0.1161],[40.2859,0.1144],[40.2862,0.1158],[40.2843,0.1169]],[[40.2859,0.1091],[40.2851,0.1096],[40.2851,0.1091],[40.2859,0.1091]],[[40.2857,0.1177],[40.2854,0.1182],[40.2851,0.1177],[40.2857,0.1177]],[[40.2851,0.1056],[40.2849,0.1053],[40.2851,0.1053],[40.2851,0.1056]],[[40.2843,0.1174],[40.2849,0.1177],[40.2843,0.1177],[40.2843,0.1174]],[[40.2846,0.108],[40.2849,0.1091],[40.2841,0.1091],[40.2846,0.108]],[[40.2846,0.1061],[40.2843,0.1058],[40.2846,0.1058],[40.2846,0.1061]],[[40.2835,0.1064],[40.2832,0.1058],[40.2835,0.1058],[40.2835,0.1064]],[[40.2835,0.1064],[40.2843,0.1064],[40.2843,0.1072],[40.2838,0.1072],[40.2835,0.1064]],[[40.2838,0.1074],[40.2832,0.1088],[40.2827,0.1088],[40.2827,0.1077],[40.2838,0.1074]],[[40.2832,0.1177],[40.2838,0.1185],[40.2832,0.1185],[40.2832,0.1177]],[[40.2824,0.112],[40.283,0.1123],[40.2824,0.1123],[40.2824,0.112]],[[40.2824,0.1056],[40.2827,0.1058],[40.2824,0.1058],[40.2824,0.1056]],[[40.2797,0.1104],[40.2787,0.1101],[40.2795,0.1093],[40.277,0.1088],[40.277,0.108],[40.2781,0.1085],[40.2789,0.1072],[40.2792,0.1088],[40.2816,0.1091],[40.2797,0.1104]],[[40.2814,0.1028],[40.2811,0.1023],[40.2816,0.1023],[40.2814,0.1028]],[[40.2803,0.1074],[40.28,0.1069],[40.2803,0.1069],[40.2803,0.1074]],[[40.2797,0.1234],[40.2795,0.1231],[40.2797,0.1231],[40.2797,0.1234]],[[40.2784,0.1244],[40.2781,0.1242],[40.2784,0.1242],[40.2784,0.1244]],[[40.2776,0.1028],[40.2781,0.1034],[40.2776,0.1034],[40.2776,0.1028]],[[40.2765,0.1034],[40.2768,0.1028],[40.277,0.1034],[40.2765,0.1034]],[[40.277,0.105],[40.2773,0.1034],[40.2773,0.105],[40.277,0.105]],[[40.2765,0.1034],[40.2765,0.1042],[40.2757,0.1045],[40.2754,0.1032],[40.2765,0.1034]],[[40.276,0.1058],[40.2765,0.1056],[40.2765,0.1061],[40.276,0.1058]],[[40.2751,0.1047],[40.2757,0.1058],[40.2751,0.1058],[40.2751,0.1047]],[[40.276,0.1072],[40.2765,0.1077],[40.276,0.1074],[40.276,0.1072]],[[40.2754,0.1277],[40.276,0.1268],[40.2762,0.1274],[40.2754,0.1277]],[[40.2751,0.1045],[40.2743,0.1042],[40.2751,0.1039],[40.2751,0.1045]],[[40.2743,0.1023],[40.2749,0.1028],[40.2746,0.1028],[40.2743,0.1023]],[[40.2746,0.1053],[40.2741,0.1056],[40.2741,0.1053],[40.2746,0.1053]],[[40.2738,0.1058],[40.273,0.1056],[40.2738,0.1056],[40.2738,0.1058]],[[40.2738,0.1047],[40.2733,0.1042],[40.2738,0.1045],[40.2738,0.1047]],[[40.2738,0.1026],[40.273,0.1031],[40.2725,0.1023],[40.273,0.1021],[40.2738,0.1026]],[[40.2737,0.1105],[40.2738,0.1107],[40.2737,0.1107],[40.2737,0.1105]],[[40.273,0.1088],[40.2733,0.1091],[40.273,0.1091],[40.273,0.1088]],[[40.2725,0.126],[40.2722,0.1258],[40.2725,0.1258],[40.2725,0.126]],[[40.2722,0.1012],[40.2714,0.1004],[40.2722,0.1004],[40.2722,0.1012]],[[40.2714,0.1263],[40.2719,0.1268],[40.2714,0.1268],[40.2714,0.1263]],[[40.2719,0.1247],[40.2714,0.1242],[40.2719,0.1242],[40.2719,0.1247]],[[40.2711,0.1021],[40.2717,0.1023],[40.2711,0.1023],[40.2711,0.1021]],[[40.2711,0.1074],[40.2717,0.1066],[40.2717,0.1072],[40.2711,0.1074]],[[40.2714,0.1082],[40.2708,0.108],[40.2714,0.108],[40.2714,0.1082]],[[40.2703,0.1028],[40.2708,0.1031],[40.2703,0.1031],[40.2703,0.1028]],[[40.2706,0.1277],[40.2708,0.1279],[40.2706,0.1279],[40.2706,0.1277]],[[40.2698,0.1258],[40.2706,0.126],[40.2698,0.126],[40.2698,0.1258]],[[40.2703,0.1053],[40.2706,0.1058],[40.2703,0.1058],[40.2703,0.1053]],[[40.2695,0.1252],[40.2695,0.1239],[40.2698,0.1239],[40.2703,0.1252],[40.2695,0.1252]],[[40.2699,0.1229],[40.27,0.1231],[40.2698,0.1231],[40.2699,0.1229]],[[40.2695,0.1034],[40.2689,0.1026],[40.2695,0.1026],[40.2695,0.1034]],[[40.2692,0.1107],[40.2687,0.1104],[40.2692,0.1104],[40.2692,0.1107]],[[40.2687,0.1258],[40.2692,0.126],[40.2687,0.126],[40.2687,0.1258]],[[40.2687,0.1174],[40.2681,0.1169],[40.2684,0.1169],[40.2687,0.1174]],[[40.2687,0.1166],[40.2684,0.1161],[40.2687,0.1161],[40.2687,0.1166]],[[40.2685,0.1227],[40.2679,0.1231],[40.2679,0.1225],[40.2685,0.1227]],[[40.2681,0.1134],[40.2679,0.1129],[40.2684,0.1128],[40.2681,0.1134]],[[40.2684,0.1023],[40.2673,0.1018],[40.2684,0.1015],[40.2684,0.1023]],[[40.2684,0.0964],[40.2681,0.0961],[40.2684,0.0961],[40.2684,0.0964]],[[40.2679,0.126],[40.2684,0.1263],[40.2679,0.1263],[40.2679,0.126]],[[40.2676,0.1228],[40.2672,0.1225],[40.2676,0.1223],[40.2676,0.1228]],[[40.2671,0.1042],[40.2673,0.1045],[40.2671,0.1045],[40.2671,0.1042]],[[40.2673,0.1158],[40.2673,0.1157],[40.2673,0.1157],[40.2673,0.1158]],[[40.2673,0.0953],[40.2672,0.0956],[40.2671,0.0956],[40.2671,0.0953],[40.2673,0.0953]],[[40.2671,0.115],[40.2668,0.1155],[40.2668,0.115],[40.2671,0.115]],[[40.2668,0.1042],[40.2671,0.1061],[40.2655,0.1064],[40.2657,0.1045],[40.2668,0.1042]],[[40.2665,0.0975],[40.2671,0.0965],[40.2671,0.0975],[40.2665,0.0975]],[[40.2665,0.1158],[40.2668,0.1161],[40.2665,0.1161],[40.2665,0.1158]],[[40.2665,0.108],[40.2668,0.1077],[40.2668,0.108],[40.2665,0.108]],[[40.2665,0.1072],[40.2663,0.1077],[40.266,0.1072],[40.2665,0.1072]],[[40.2663,0.1104],[40.2657,0.1099],[40.2663,0.1096],[40.2663,0.1104]],[[40.2652,0.0975],[40.2657,0.0972],[40.2657,0.0975],[40.2652,0.0975]],[[40.2657,0.0977],[40.2659,0.0975],[40.266,0.0977],[40.2657,0.0977]],[[40.2659,0.1107],[40.2657,0.1105],[40.2659,0.1105],[40.2659,0.1107]],[[40.2649,0.1028],[40.2657,0.1034],[40.2649,0.1034],[40.2649,0.1028]],[[40.2657,0.1011],[40.2655,0.101],[40.2657,0.101],[40.2657,0.1011]],[[40.2657,0.0948],[40.2655,0.0945],[40.2657,0.0945],[40.2657,0.0948]],[[40.2652,0.1161],[40.2655,0.1172],[40.2652,0.1172],[40.2652,0.1161]],[[40.2649,0.1072],[40.2655,0.1074],[40.2649,0.1074],[40.2649,0.1072]],[[40.2652,0.0983],[40.2655,0.098],[40.2655,0.0983],[40.2652,0.0983]],[[40.2652,0.0966],[40.2649,0.0964],[40.2652,0.0964],[40.2652,0.0966]],[[40.2649,0.1039],[40.2652,0.1047],[40.2646,0.1047],[40.2649,0.1039]],[[40.2646,0.1023],[40.2649,0.1018],[40.2649,0.1023],[40.2646,0.1023]],[[40.2646,0.1123],[40.2644,0.1119],[40.2646,0.1119],[40.2646,0.1123]],[[40.2633,0.1131],[40.2646,0.1126],[40.2646,0.1134],[40.2633,0.1131]],[[40.2646,0.0998],[40.2638,0.0999],[40.2638,0.0993],[40.2646,0.0998]],[[40.2645,0.0964],[40.2646,0.0966],[40.2646,0.0966],[40.2645,0.0964]],[[40.2646,0.0969],[40.2646,0.0969],[40.2646,0.0969],[40.2646,0.0969]],[[40.2646,0.0985],[40.2644,0.0983],[40.2646,0.0983],[40.2646,0.0985]],[[40.2644,0.0966],[40.2641,0.0972],[40.2641,0.0966],[40.2644,0.0966]],[[40.2644,0.098],[40.2641,0.0977],[40.2644,0.0977],[40.2644,0.098]],[[40.2641,0.108],[40.2633,0.1085],[40.2627,0.1077],[40.2636,0.1058],[40.2641,0.108]],[[40.2641,0.1026],[40.2644,0.1028],[40.2641,0.1028],[40.2641,0.1026]],[[40.2627,0.1047],[40.2633,0.1042],[40.2619,0.1019],[40.2636,0.1021],[40.2641,0.1031],[40.2641,0.1056],[40.2627,0.1047]],[[40.2625,0.105],[40.2627,0.1053],[40.2625,0.1053],[40.2625,0.105]],[[40.2638,0.1021],[40.2641,0.1018],[40.2641,0.1021],[40.2638,0.1021]],[[40.2636,0.098],[40.2638,0.0983],[40.2636,0.0983],[40.2636,0.098]],[[40.2627,0.0969],[40.263,0.0971],[40.2627,0.0972],[40.2627,0.0969]],[[40.2619,0.1136],[40.2625,0.1144],[40.2622,0.1144],[40.2619,0.1136]],[[40.2625,0.1144],[40.2627,0.1166],[40.2623,0.1177],[40.2611,0.1144],[40.2595,0.1142],[40.2595,0.1137],[40.2614,0.1131],[40.2619,0.1153],[40.2625,0.1144]],[[40.2625,0.1082],[40.2627,0.1085],[40.2625,0.1085],[40.2625,0.1082]],[[40.2627,0.1115],[40.2625,0.1112],[40.2627,0.1113],[40.2627,0.1115]],[[40.2621,0.1194],[40.2624,0.1196],[40.2621,0.1196],[40.2621,0.1194]],[[40.2623,0.1201],[40.2622,0.1201],[40.2623,0.1201],[40.2623,0.1201]],[[40.2622,0.1058],[40.2617,0.105],[40.2622,0.105],[40.2622,0.1058]],[[40.2617,0.1185],[40.2621,0.119],[40.2615,0.1187],[40.2617,0.1185]],[[40.2621,0.1018],[40.2619,0.1016],[40.2621,0.1016],[40.2621,0.1018]],[[40.2619,0.1204],[40.2617,0.1202],[40.2619,0.1202],[40.2619,0.1204]],[[40.2609,0.1077],[40.26,0.1069],[40.2606,0.1061],[40.2611,0.1064],[40.2609,0.1077]],[[40.2609,0.1085],[40.2617,0.108],[40.2614,0.1085],[40.2609,0.1085]],[[40.2619,0.108],[40.2617,0.1077],[40.2619,0.1077],[40.2619,0.108]],[[40.2606,0.1085],[40.2609,0.1088],[40.2606,0.1088],[40.2606,0.1085]],[[40.2616,0.1192],[40.2614,0.1189],[40.2616,0.1189],[40.2616,0.1192]],[[40.2606,0.1026],[40.2611,0.1031],[40.2606,0.1034],[40.2606,0.1026]],[[40.2603,0.1047],[40.2609,0.1053],[40.2603,0.1053],[40.2603,0.1047]],[[40.2606,0.1204],[40.2602,0.1206],[40.2602,0.1204],[40.2606,0.1204]],[[40.26,0.1207],[40.2597,0.1203],[40.2601,0.1205],[40.26,0.1207]],[[40.2598,0.1163],[40.26,0.1167],[40.2598,0.1167],[40.2598,0.1163]],[[40.2584,0.1101],[40.2582,0.1077],[40.259,0.1072],[40.2587,0.1082],[40.26,0.1096],[40.2584,0.1101]],[[40.2595,0.1109],[40.2598,0.1115],[40.2595,0.1115],[40.2595,0.1109]],[[40.2574,0.1026],[40.2565,0.1012],[40.2595,0.1021],[40.2595,0.1028],[40.2574,0.1026]],[[40.2587,0.1004],[40.2587,0.0993],[40.2595,0.0993],[40.2587,0.1004]],[[40.2592,0.1074],[40.2595,0.1077],[40.2592,0.1077],[40.2592,0.1074]],[[40.259,0.1198],[40.2592,0.1204],[40.259,0.1204],[40.259,0.1198]],[[40.259,0.1186],[40.2591,0.1188],[40.259,0.1188],[40.259,0.1186]],[[40.2582,0.1194],[40.2584,0.1196],[40.2582,0.1196],[40.2582,0.1194]],[[40.2576,0.1082],[40.2574,0.108],[40.2576,0.108],[40.2576,0.1082]],[[40.2568,0.1203],[40.2567,0.1202],[40.2568,0.1202],[40.2568,0.1203]],[[40.2557,0.101],[40.256,0.1015],[40.2557,0.1015],[40.2557,0.101]],[[40.2533,0.1104],[40.2536,0.1107],[40.2533,0.1107],[40.2533,0.1104]],[[40.2517,0.1215],[40.2506,0.1215],[40.2503,0.1204],[40.2517,0.1215]],[[40.2514,0.1021],[40.2512,0.1018],[40.2514,0.1018],[40.2514,0.1021]],[[40.2512,0.1031],[40.2503,0.1023],[40.2512,0.1023],[40.2512,0.1031]],[[40.2506,0.1161],[40.2509,0.1163],[40.2506,0.1163],[40.2506,0.1161]],[[40.2487,0.1088],[40.2493,0.1082],[40.2493,0.1088],[40.2487,0.1088]],[[40.2487,0.108],[40.2485,0.1082],[40.2485,0.108],[40.2487,0.108]],[[40.249,0.1115],[40.2482,0.1109],[40.249,0.1109],[40.249,0.1115]],[[40.2474,0.1158],[40.2477,0.1146],[40.2485,0.1148],[40.2485,0.1155],[40.2474,0.1158]],[[40.2479,0.1072],[40.2477,0.1069],[40.2479,0.1069],[40.2479,0.1072]],[[40.2477,0.1225],[40.2479,0.1228],[40.2477,0.1228],[40.2477,0.1225]],[[40.2478,0.1198],[40.2477,0.1196],[40.2478,0.1196],[40.2478,0.1198]],[[40.2474,0.1144],[40.2463,0.1147],[40.2468,0.1134],[40.2474,0.1134],[40.2474,0.1144]],[[40.2477,0.1215],[40.2472,0.1212],[40.2477,0.1212],[40.2477,0.1215]],[[40.2474,0.1126],[40.2471,0.1118],[40.2477,0.112],[40.2474,0.1126]],[[40.2471,0.1196],[40.2472,0.1194],[40.2475,0.1196],[40.2471,0.1196]],[[40.2471,0.119],[40.246,0.119],[40.2458,0.1182],[40.2471,0.119]],[[40.2468,0.1069],[40.2466,0.1066],[40.2468,0.1066],[40.2468,0.1069]],[[40.2463,0.1196],[40.2468,0.1201],[40.2463,0.1198],[40.2463,0.1196]],[[40.2466,0.1031],[40.246,0.1026],[40.2466,0.1023],[40.2466,0.1031]],[[40.2302,0.1069],[40.2301,0.1074],[40.2298,0.1069],[40.2302,0.1069]],[[40.2307,0.1072],[40.2317,0.1066],[40.2336,0.108],[40.2339,0.1072],[40.239,0.1082],[40.2371,0.1091],[40.2374,0.1099],[40.2406,0.1101],[40.2441,0.1093],[40.2444,0.1109],[40.2458,0.1109],[40.2463,0.1104],[40.246,0.1134],[40.2449,0.113],[40.2447,0.1142],[40.2444,0.1128],[40.242,0.1115],[40.242,0.1104],[40.2409,0.1109],[40.2415,0.1131],[40.2371,0.1131],[40.232,0.1096],[40.2307,0.1072]],[[40.233,0.1071],[40.2328,0.1069],[40.2328,0.1069],[40.233,0.1071]],[[40.2455,0.1107],[40.2452,0.1101],[40.2455,0.1101],[40.2455,0.1107]],[[40.235,0.112],[40.2342,0.1123],[40.2334,0.1109],[40.2342,0.1112],[40.235,0.112]],[[40.2441,0.0988],[40.2444,0.0999],[40.2436,0.1004],[40.2431,0.0996],[40.2441,0.0988]],[[40.2444,0.0999],[40.2463,0.0996],[40.245,0.1002],[40.2455,0.101],[40.2447,0.1018],[40.2444,0.0999]],[[40.2441,0.115],[40.2423,0.115],[40.2444,0.1145],[40.2456,0.1148],[40.246,0.1155],[40.2452,0.1163],[40.2441,0.115]],[[40.2439,0.1172],[40.2458,0.1166],[40.246,0.1177],[40.2439,0.1172]],[[40.246,0.1099],[40.2458,0.1096],[40.246,0.1096],[40.246,0.1099]],[[40.246,0.1064],[40.2458,0.1058],[40.246,0.1058],[40.246,0.1064]],[[40.2455,0.1023],[40.245,0.1021],[40.2455,0.1018],[40.2455,0.1023]],[[40.2441,0.1069],[40.2441,0.1053],[40.2436,0.1045],[40.2452,0.1061],[40.2441,0.1069]],[[40.245,0.1101],[40.2447,0.1099],[40.245,0.1099],[40.245,0.1101]],[[40.2441,0.1018],[40.2439,0.1015],[40.2441,0.1015],[40.2441,0.1018]],[[40.2436,0.1177],[40.2439,0.1182],[40.2436,0.1182],[40.2436,0.1177]],[[40.2436,0.1163],[40.2431,0.1158],[40.2436,0.1158],[40.2436,0.1163]],[[40.2436,0.0948],[40.2431,0.0942],[40.2436,0.0942],[40.2436,0.0948]],[[40.2428,0.0961],[40.2425,0.0964],[40.2425,0.0958],[40.2428,0.0961]],[[40.2436,0.0961],[40.2433,0.0958],[40.2436,0.0958],[40.2436,0.0961]],[[40.2436,0.1069],[40.2433,0.1066],[40.2436,0.1066],[40.2436,0.1069]],[[40.2433,0.1138],[40.2436,0.1139],[40.2433,0.1139],[40.2433,0.1138]],[[40.2423,0.1069],[40.2425,0.1066],[40.2425,0.1069],[40.2423,0.1069]],[[40.2423,0.1066],[40.242,0.1058],[40.2428,0.1053],[40.2431,0.1061],[40.2423,0.1066]],[[40.2431,0.1053],[40.2428,0.1047],[40.2431,0.1047],[40.2431,0.1053]],[[40.2431,0.1045],[40.2417,0.1042],[40.2431,0.1039],[40.2431,0.1045]],[[40.2428,0.1174],[40.2431,0.1177],[40.2428,0.1177],[40.2428,0.1174]],[[40.2423,0.1007],[40.2428,0.1012],[40.2423,0.101],[40.2423,0.1007]],[[40.2425,0.1072],[40.2428,0.1074],[40.2425,0.1074],[40.2425,0.1072]],[[40.2423,0.0945],[40.2425,0.0948],[40.2423,0.0948],[40.2423,0.0945]],[[40.2425,0.0923],[40.242,0.0915],[40.2423,0.0915],[40.2425,0.0923]],[[40.2423,0.1123],[40.2417,0.112],[40.2423,0.112],[40.2423,0.1123]],[[40.2415,0.1147],[40.242,0.1153],[40.2415,0.1153],[40.2415,0.1147]],[[40.2417,0.1158],[40.242,0.1163],[40.2417,0.1163],[40.2417,0.1158]],[[40.2417,0.0931],[40.2415,0.0929],[40.2417,0.0929],[40.2417,0.0931]],[[40.2417,0.1053],[40.2412,0.105],[40.2417,0.105],[40.2417,0.1053]],[[40.2415,0.1069],[40.2412,0.1067],[40.2415,0.1066],[40.2415,0.1069]],[[40.2415,0.0983],[40.2412,0.098],[40.2415,0.098],[40.2415,0.0983]],[[40.2401,0.1045],[40.2406,0.1053],[40.2398,0.105],[40.2401,0.1045]],[[40.2409,0.1047],[40.2406,0.1045],[40.2409,0.1045],[40.2409,0.1047]],[[40.2404,0.1023],[40.2406,0.1026],[40.2404,0.1026],[40.2404,0.1023]],[[40.2401,0.1093],[40.2404,0.1099],[40.2401,0.1099],[40.2401,0.1093]],[[40.2393,0.1081],[40.2395,0.1085],[40.2393,0.1085],[40.2393,0.1081]],[[40.239,0.1144],[40.2393,0.1147],[40.239,0.1147],[40.239,0.1144]],[[40.2385,0.1018],[40.2388,0.1023],[40.2385,0.1023],[40.2385,0.1018]],[[40.239,0.1018],[40.2388,0.1015],[40.239,0.1015],[40.239,0.1018]],[[40.2388,0.1093],[40.2385,0.1091],[40.2388,0.1091],[40.2388,0.1093]],[[40.2377,0.1015],[40.2379,0.1021],[40.2377,0.1021],[40.2377,0.1015]],[[40.2341,0.1057],[40.2336,0.1061],[40.2328,0.1061],[40.2334,0.1054],[40.2341,0.1057]],[[40.2339,0.1163],[40.2339,0.1174],[40.2331,0.1174],[40.2331,0.1166],[40.2339,0.1163]],[[40.2334,0.1074],[40.2332,0.1072],[40.2334,0.1072],[40.2334,0.1074]],[[40.2317,0.1107],[40.2328,0.1115],[40.2317,0.1112],[40.2317,0.1107]],[[40.2301,0.1053],[40.23,0.1053],[40.2301,0.1053],[40.2301,0.1053]],[[40.229,0.1056],[40.2297,0.1053],[40.2298,0.1058],[40.229,0.1056]],[[40.2288,0.1066],[40.2293,0.1058],[40.2293,0.1066],[40.2288,0.1066]],[[40.2274,0.1034],[40.228,0.1039],[40.2272,0.1039],[40.2274,0.1034]]],[[[40.2196,0.0977],[40.2177,0.0991],[40.2199,0.1007],[40.2196,0.0988],[40.2188,0.0993],[40.2196,0.0977]]],[[[40.2196,0.0985],[40.2199,0.0988],[40.2199,0.0985],[40.2196,0.0985]]],[[[40.225,0.1015],[40.2253,0.1018],[40.2253,0.1015],[40.225,0.1015]]],[[[40.2353,0.1182],[40.235,0.1185],[40.2353,0.1185],[40.2353,0.1182]]],[[[40.245,0.1206],[40.2441,0.1215],[40.2452,0.1212],[40.245,0.1206]]],[[[40.253,0.1255],[40.2512,0.1268],[40.2525,0.1282],[40.256,0.1263],[40.2555,0.1247],[40.2544,0.1258],[40.253,0.1255]]],[[[40.2584,0.126],[40.2582,0.1266],[40.2584,0.1266],[40.2584,0.126]]],[[[40.2574,0.1244],[40.2576,0.125],[40.2576,0.1244],[40.2574,0.1244]]],[[[40.2557,0.1231],[40.256,0.1228],[40.2557,0.1228],[40.2557,0.1231]]],[[[40.2557,0.1234],[40.2555,0.1231],[40.2555,0.1234],[40.2557,0.1234]]],[[[40.2665,0.1236],[40.2665,0.1228],[40.266,0.1225],[40.2657,0.1234],[40.2665,0.1236]]],[[[40.2765,0.1277],[40.2768,0.1279],[40.2768,0.1277],[40.2765,0.1277]]],[[[40.2816,0.1236],[40.283,0.1236],[40.283,0.1217],[40.2819,0.122],[40.2816,0.1236]]],[[[40.283,0.1215],[40.2832,0.1218],[40.2832,0.1215],[40.283,0.1215]]],[[[40.273,0.1242],[40.2735,0.1236],[40.2735,0.1225],[40.2727,0.1228],[40.273,0.1242]]],[[[40.2714,0.1223],[40.2727,0.1209],[40.2711,0.1209],[40.2708,0.1201],[40.2714,0.1223]]],[[[40.2733,0.1115],[40.273,0.1112],[40.273,0.1115],[40.2733,0.1115]]],[[[40.2749,0.1101],[40.2751,0.1107],[40.2751,0.1101],[40.2749,0.1101]]],[[[40.2803,0.1169],[40.2805,0.1172],[40.2805,0.1169],[40.2803,0.1169]]],[[[40.2805,0.1166],[40.2814,0.1169],[40.2814,0.1166],[40.2805,0.1166]]],[[[40.2878,0.1193],[40.2876,0.1196],[40.2878,0.1196],[40.2878,0.1193]]],[[[40.2924,0.119],[40.2919,0.1193],[40.2924,0.1196],[40.2924,0.119]]],[[[40.2924,0.0991],[40.2921,0.0985],[40.2921,0.0991],[40.2924,0.0991]]],[[[40.287,0.1021],[40.2876,0.1018],[40.287,0.1015],[40.287,0.1021]]],[[[40.2859,0.1018],[40.287,0.1012],[40.2859,0.1012],[40.2859,0.1018]]],[[[40.2773,0.0964],[40.2776,0.0961],[40.2773,0.0961],[40.2773,0.0964]]],[[[40.2663,0.0996],[40.2665,0.0999],[40.2665,0.0996],[40.2663,0.0996]]],[[[40.27,0.0985],[40.2698,0.0988],[40.27,0.0988],[40.27,0.0985]]],[[[40.2727,0.0961],[40.2725,0.0966],[40.2733,0.0966],[40.2727,0.0961]]],[[[40.2482,0.0964],[40.249,0.0958],[40.2482,0.0956],[40.2482,0.0964]]],[[[40.2412,0.0921],[40.2409,0.0918],[40.2409,0.0921],[40.2412,0.0921]]],[[[40.2393,0.0999],[40.2396,0.0991],[40.2393,0.0991],[40.2393,0.0999]]],[[[40.239,0.1037],[40.2388,0.1034],[40.2388,0.1037],[40.239,0.1037]]],[[[40.2924,0.0991],[40.2932,0.0993],[40.2932,0.0988],[40.2929,0.0991],[40.2924,0.0991]]],[[[40.259,0.1266],[40.2587,0.1271],[40.2592,0.1271],[40.259,0.1266]]],[[[40.2584,0.1271],[40.2582,0.1268],[40.2582,0.1271],[40.2584,0.1271]]],[[[40.3129,0.0511],[40.3134,0.0511],[40.3151,0.0505],[40.3129,0.0511]]],[[[40.3144,0.2007],[40.314,0.2008],[40.3144,0.2009],[40.3144,0.2007]]],[[[40.311,0.1943],[40.3107,0.194],[40.3107,0.1943],[40.311,0.1943]]],[[[40.3129,0.0913],[40.3126,0.091],[40.3126,0.0913],[40.3129,0.0913]]],[[[40.3123,0.0583],[40.3128,0.0585],[40.3128,0.058],[40.3123,0.0583]]],[[[40.3121,0.0915],[40.3118,0.0913],[40.3118,0.0915],[40.3121,0.0915]]],[[[40.3118,0.0593],[40.3121,0.0597],[40.312,0.0593],[40.3118,0.0593]]],[[[40.3105,0.057],[40.3106,0.0559],[40.3102,0.0559],[40.3105,0.057]]],[[[40.3032,0.2069],[40.3035,0.2072],[40.3035,0.2069],[40.3032,0.2069]]],[[[40.3112,0.0996],[40.3109,0.0999],[40.3112,0.1001],[40.3112,0.0996]]],[[[40.31,0.0656],[40.3103,0.0664],[40.3103,0.0655],[40.31,0.0656]]],[[[40.3102,0.0611],[40.3097,0.0594],[40.3083,0.0597],[40.3089,0.0608],[40.3102,0.0611]]],[[[40.3102,0.0848],[40.3099,0.0845],[40.3099,0.0848],[40.3102,0.0848]]],[[[40.3102,0.081],[40.3099,0.0807],[40.3099,0.081],[40.3102,0.081]]],[[[40.3102,0.0931],[40.3097,0.0929],[40.3097,0.0931],[40.3102,0.0931]]],[[[40.3097,0.0853],[40.3094,0.0845],[40.3094,0.0853],[40.3097,0.0853]]],[[[40.3096,0.1052],[40.3094,0.1048],[40.3093,0.1052],[40.3096,0.1052]]],[[[40.3094,0.1057],[40.3075,0.1052],[40.3093,0.1072],[40.3094,0.1057]]],[[[40.3088,0.2104],[40.3084,0.2107],[40.3081,0.211],[40.3088,0.2104]]],[[[40.3085,0.2001],[40.3082,0.1999],[40.3082,0.2001],[40.3085,0.2001]]],[[[40.3083,0.0934],[40.3081,0.0929],[40.3081,0.0934],[40.3083,0.0934]]],[[[40.3073,0.2101],[40.3077,0.21],[40.3074,0.2099],[40.3073,0.2101]]],[[[40.307,-0.0015],[40.307,-0.0004],[40.3075,-0.0004],[40.307,-0.0015]]],[[[40.3019,0.1093],[40.3005,0.1126],[40.3024,0.1123],[40.3032,0.1091],[40.3019,0.1093]]],[[[40.3032,0.1085],[40.3035,0.1091],[40.3035,0.1085],[40.3032,0.1085]]],[[[40.3048,0.1053],[40.3029,0.1139],[40.3056,0.1126],[40.304,0.1104],[40.3056,0.1099],[40.3045,0.1085],[40.3048,0.1069],[40.3073,0.1076],[40.307,0.1058],[40.3062,0.1061],[40.3067,0.105],[40.3048,0.1053]],[[40.3062,0.1066],[40.3059,0.1064],[40.3062,0.1064],[40.3062,0.1066]]],[[[40.3069,0.2229],[40.3066,0.2228],[40.3066,0.223],[40.3069,0.2229]]],[[[40.3063,0.2073],[40.3069,0.207],[40.3063,0.2069],[40.3063,0.2073]]],[[[40.3062,0.2221],[40.3066,0.2225],[40.3065,0.2221],[40.3062,0.2221]]],[[[40.3057,0.2051],[40.3046,0.2055],[40.3056,0.2056],[40.3057,0.2051]]],[[[40.3052,0.2255],[40.3055,0.2251],[40.3052,0.2252],[40.3052,0.2255]]],[[[40.3053,0.105],[40.3051,0.1042],[40.3051,0.105],[40.3053,0.105]]],[[[40.3053,0.2239],[40.3051,0.2236],[40.3051,0.2239],[40.3053,0.2239]]],[[[40.3045,0.0956],[40.3051,0.095],[40.3051,0.0945],[40.3037,0.0948],[40.3045,0.0956]]],[[[40.3049,0.1821],[40.3046,0.1823],[40.3049,0.1823],[40.3049,0.1821]]],[[[40.3019,0.1347],[40.3029,0.136],[40.3043,0.1341],[40.3021,0.1333],[40.3019,0.1347]]],[[[40.3016,0.1347],[40.3019,0.1344],[40.3016,0.1344],[40.3016,0.1347]]],[[[40.3039,0.0714],[40.3041,0.071],[40.3037,0.071],[40.3039,0.0714]]],[[[40.3034,0.2047],[40.303,0.2053],[40.3039,0.2055],[40.3034,0.2047]]],[[[40.3035,0.1077],[40.3032,0.1072],[40.3032,0.1077],[40.3035,0.1077]]],[[[40.3027,0.1856],[40.3032,0.1848],[40.3024,0.1851],[40.3027,0.1856]]],[[[40.3032,0.0956],[40.3027,0.095],[40.3027,0.0958],[40.3032,0.0956]]],[[[40.303,0.115],[40.3028,0.1148],[40.3028,0.115],[40.303,0.115]]],[[[40.3029,0.0948],[40.3027,0.0945],[40.3027,0.0948],[40.3029,0.0948]]],[[[40.3027,0.204],[40.3024,0.2037],[40.3024,0.204],[40.3027,0.204]]],[[[40.3024,0.2069],[40.3024,0.2053],[40.3016,0.2051],[40.3013,0.2061],[40.3024,0.2069]]],[[[40.3024,0.2029],[40.3021,0.2026],[40.3021,0.2029],[40.3024,0.2029]]],[[[40.3021,0.2042],[40.3016,0.2037],[40.3016,0.2042],[40.3021,0.2042]]],[[[40.3017,0.2149],[40.3014,0.2153],[40.3018,0.2153],[40.3017,0.2149]]],[[[40.3008,0.1153],[40.3011,0.1161],[40.3017,0.1162],[40.3015,0.1153],[40.3008,0.1153]]],[[[40.3013,0.2155],[40.3011,0.216],[40.3014,0.2158],[40.3013,0.2155]]],[[[40.3007,0.2253],[40.3011,0.2249],[40.3009,0.2249],[40.3007,0.2253]]],[[[40.301,0.1862],[40.3,0.1867],[40.301,0.1864],[40.301,0.1862]]],[[[40.3003,0.2014],[40.3,0.2016],[40.3003,0.2016],[40.3003,0.2014]]],[[[40.3001,0.2169],[40.2997,0.2176],[40.3002,0.2174],[40.3001,0.2169]]],[[[40.3,0.2034],[40.2997,0.2032],[40.2997,0.2034],[40.3,0.2034]]],[[[40.2993,0.2269],[40.2994,0.2273],[40.2996,0.2266],[40.2993,0.2269]]],[[[40.2994,0.1891],[40.2991,0.1889],[40.2991,0.1891],[40.2994,0.1891]]],[[[40.2994,0.0975],[40.2991,0.0972],[40.2991,0.0975],[40.2994,0.0975]]],[[[40.2992,0.0826],[40.2988,0.0824],[40.2988,0.0827],[40.2992,0.0826]]],[[[40.2991,0.0869],[40.2989,0.0864],[40.2989,0.0869],[40.2991,0.0869]]],[[[40.2988,0.2173],[40.2983,0.2168],[40.2977,0.2179],[40.298,0.2181],[40.2988,0.2173]]],[[[40.297,0.0956],[40.2967,0.0958],[40.297,0.0958],[40.297,0.0956]]],[[[40.2965,0.0956],[40.2967,0.0953],[40.2965,0.0953],[40.2965,0.0956]]],[[[40.2978,0.0958],[40.297,0.0964],[40.2981,0.0964],[40.2978,0.0958]]],[[[40.2986,0.0966],[40.2981,0.0969],[40.2986,0.0972],[40.2986,0.0966]]],[[[40.297,0.1206],[40.2981,0.1217],[40.2986,0.1204],[40.297,0.1206]]],[[[40.2977,0.2185],[40.2981,0.2184],[40.2977,0.2183],[40.2977,0.2185]]],[[[40.2981,0.1891],[40.2978,0.1889],[40.2978,0.1891],[40.2981,0.1891]]],[[[40.297,0.1875],[40.2967,0.187],[40.2967,0.1875],[40.297,0.1875]]],[[[40.297,0.1864],[40.2967,0.1862],[40.2967,0.1864],[40.297,0.1864]]],[[[40.2956,0.2263],[40.2948,0.2258],[40.2946,0.2264],[40.2956,0.2263]]],[[[40.2956,0.225],[40.2956,0.2243],[40.2953,0.225],[40.2956,0.225]]],[[[40.2954,0.1978],[40.2951,0.1975],[40.2951,0.1978],[40.2954,0.1978]]],[[[40.2951,0.126],[40.2954,0.1252],[40.2948,0.125],[40.2946,0.1255],[40.2951,0.126]]],[[[40.2895,0.2172],[40.2897,0.2175],[40.2897,0.2172],[40.2895,0.2172]]],[[[40.2951,0.2248],[40.2947,0.2251],[40.295,0.2251],[40.2951,0.2248]]],[[[40.2948,0.1972],[40.2946,0.197],[40.2946,0.1972],[40.2948,0.1972]]],[[[40.2948,0.1606],[40.2946,0.1603],[40.2946,0.1606],[40.2948,0.1606]]],[[[40.2946,0.0977],[40.294,0.0975],[40.294,0.0977],[40.2946,0.0977]]],[[[40.2943,0.1403],[40.2935,0.1395],[40.2929,0.1398],[40.2935,0.1406],[40.2943,0.1403]]],[[[40.2943,0.0853],[40.2938,0.0848],[40.2938,0.0851],[40.2943,0.0853]]],[[[40.2924,0.1215],[40.2929,0.122],[40.294,0.1217],[40.2929,0.1204],[40.2924,0.1215]],[[40.2932,0.1215],[40.2929,0.1212],[40.2932,0.1212],[40.2932,0.1215]]],[[[40.2927,0.1223],[40.2919,0.1215],[40.2919,0.1223],[40.2927,0.1223]]],[[[40.2938,0.1708],[40.2935,0.1703],[40.2935,0.1708],[40.2938,0.1708]]],[[[40.2938,0.1179],[40.2934,0.1182],[40.2938,0.1182],[40.2938,0.1179]]],[[[40.2932,0.1673],[40.2927,0.1665],[40.2924,0.167],[40.2932,0.1673]]],[[[40.2932,0.0834],[40.2935,0.0832],[40.2932,0.0832],[40.2932,0.0834]]],[[[40.2928,0.2217],[40.2929,0.2214],[40.2927,0.2214],[40.2928,0.2217]]],[[[40.2929,0.2183],[40.2927,0.218],[40.2927,0.2183],[40.2929,0.2183]]],[[[40.2924,0.2196],[40.2929,0.2199],[40.2929,0.2193],[40.2924,0.2196]]],[[[40.2924,0.2204],[40.2921,0.2202],[40.2921,0.2204],[40.2924,0.2204]]],[[[40.2919,0.1681],[40.2924,0.1684],[40.2924,0.1678],[40.2919,0.1681]]],[[[40.2924,0.1676],[40.2927,0.1678],[40.2927,0.1676],[40.2924,0.1676]]],[[[40.2913,0.2169],[40.29,0.2177],[40.2919,0.218],[40.2913,0.2169]]],[[[40.2919,0.1697],[40.2908,0.1697],[40.2908,0.1703],[40.2919,0.1697]]],[[[40.2916,0.1215],[40.2913,0.1212],[40.2913,0.1215],[40.2916,0.1215]]],[[[40.2913,0.0907],[40.2911,0.0905],[40.2911,0.0907],[40.2913,0.0907]]],[[[40.287,0.088],[40.2849,0.0886],[40.2873,0.0888],[40.2886,0.0875],[40.2897,0.0894],[40.2913,0.0869],[40.2878,0.0864],[40.287,0.088]],[[40.2884,0.0872],[40.2881,0.0875],[40.2881,0.0872],[40.2884,0.0872]]],[[[40.2862,0.0872],[40.2857,0.088],[40.2859,0.088],[40.2862,0.0872]]],[[[40.2876,0.0864],[40.2878,0.0861],[40.2876,0.0861],[40.2876,0.0864]]],[[[40.2913,0.0883],[40.2905,0.0891],[40.2913,0.0888],[40.2913,0.0883]]],[[[40.2876,0.0888],[40.2873,0.0891],[40.2876,0.0891],[40.2876,0.0888]]],[[[40.2911,0.1204],[40.2905,0.119],[40.29,0.1204],[40.2911,0.1204]]],[[[40.2897,0.1179],[40.2903,0.1179],[40.2908,0.1174],[40.2897,0.1179]]],[[[40.2908,0.1662],[40.2903,0.1659],[40.2903,0.1662],[40.2908,0.1662]]],[[[40.2905,0.1724],[40.29,0.1719],[40.29,0.1721],[40.2905,0.1724]]],[[[40.2897,0.0996],[40.2903,0.0988],[40.2895,0.0985],[40.2897,0.0996]]],[[[40.2897,0.15],[40.2895,0.1498],[40.2895,0.15],[40.2897,0.15]]],[[[40.2895,0.1215],[40.2878,0.1231],[40.2897,0.1228],[40.2895,0.1215]]],[[[40.2895,0.2156],[40.2892,0.2153],[40.2892,0.2156],[40.2895,0.2156]]],[[[40.2895,0.0923],[40.2892,0.0921],[40.2892,0.0923],[40.2895,0.0923]]],[[[40.2867,0.1638],[40.2873,0.1643],[40.2889,0.1641],[40.2884,0.1633],[40.2867,0.1638]]],[[[40.2867,0.1641],[40.2865,0.1638],[40.2865,0.1641],[40.2867,0.1641]]],[[[40.2889,0.2158],[40.2886,0.2156],[40.2886,0.2158],[40.2889,0.2158]]],[[[40.2889,0.1465],[40.2886,0.1463],[40.2886,0.1465],[40.2889,0.1465]]],[[[40.2886,0.2153],[40.2884,0.215],[40.2884,0.2153],[40.2886,0.2153]]],[[[40.2884,0.132],[40.2881,0.1314],[40.2881,0.132],[40.2884,0.132]]],[[[40.2865,0.108],[40.287,0.1077],[40.2867,0.1064],[40.2865,0.1064],[40.2865,0.108]]],[[[40.2876,0.1209],[40.2859,0.1212],[40.2867,0.1216],[40.2876,0.1209]]],[[[40.2873,0.1204],[40.2881,0.1209],[40.2881,0.1204],[40.2873,0.1204]]],[[[40.2878,0.1323],[40.2873,0.1317],[40.2873,0.132],[40.2878,0.1323]]],[[[40.2878,0.0966],[40.2876,0.0964],[40.2876,0.0966],[40.2878,0.0966]]],[[[40.2873,0.2075],[40.2878,0.208],[40.2878,0.2075],[40.2873,0.2075]]],[[[40.2878,0.1719],[40.2859,0.1697],[40.2857,0.1716],[40.2878,0.1719]],[[40.2865,0.1711],[40.2867,0.1713],[40.2865,0.1713],[40.2865,0.1711]]],[[[40.2865,0.1724],[40.2862,0.1721],[40.2862,0.1724],[40.2865,0.1724]]],[[[40.2876,0.1352],[40.287,0.1347],[40.2865,0.1349],[40.2865,0.1355],[40.2876,0.1352]]],[[[40.2873,0.122],[40.2867,0.1231],[40.287,0.1231],[40.2873,0.122]]],[[[40.287,0.0902],[40.2865,0.0899],[40.2865,0.0905],[40.287,0.0902]]],[[[40.2867,0.1643],[40.2865,0.1646],[40.287,0.1651],[40.2867,0.1643]]],[[[40.2865,0.1037],[40.2854,0.1045],[40.2867,0.1047],[40.2865,0.1037]]],[[[40.2854,0.1042],[40.2854,0.1034],[40.2857,0.1028],[40.2849,0.1037],[40.2854,0.1042]]],[[[40.2867,0.094],[40.2865,0.0937],[40.2865,0.094],[40.2867,0.094]]],[[[40.2865,0.091],[40.2862,0.0907],[40.2862,0.091],[40.2865,0.091]]],[[[40.2843,0.0999],[40.2857,0.101],[40.2862,0.0999],[40.2843,0.0999]]],[[[40.2856,0.1224],[40.286,0.1221],[40.2855,0.1222],[40.2856,0.1224]]],[[[40.2859,0.1026],[40.2857,0.1023],[40.2857,0.1026],[40.2859,0.1026]]],[[[40.2859,0.1236],[40.2851,0.1234],[40.2851,0.1236],[40.2859,0.1236]]],[[[40.2859,0.0899],[40.2857,0.0896],[40.2857,0.0899],[40.2859,0.0899]]],[[[40.2859,0.1355],[40.2857,0.1352],[40.2857,0.1355],[40.2859,0.1355]]],[[[40.2843,0.1328],[40.2841,0.1331],[40.2843,0.1331],[40.2843,0.1328]]],[[[40.2841,0.1328],[40.2857,0.1323],[40.2846,0.132],[40.2846,0.1309],[40.2832,0.132],[40.2841,0.1328]]],[[[40.2857,0.0614],[40.2854,0.0616],[40.2857,0.0617],[40.2857,0.0614]]],[[[40.2854,0.0899],[40.2851,0.0896],[40.2851,0.0899],[40.2854,0.0899]]],[[[40.2854,0.163],[40.2849,0.1627],[40.2849,0.163],[40.2854,0.163]]],[[[40.2849,0.1209],[40.2846,0.1204],[40.2846,0.1209],[40.2849,0.1209]]],[[[40.28,0.0918],[40.28,0.0931],[40.2816,0.0923],[40.2814,0.0929],[40.2816,0.0937],[40.2827,0.091],[40.28,0.0918]],[[40.2803,0.0921],[40.2805,0.0923],[40.2803,0.0923],[40.2803,0.0921]]],[[[40.2814,0.094],[40.2811,0.0937],[40.2811,0.094],[40.2814,0.094]]],[[[40.2827,0.0913],[40.283,0.0921],[40.2841,0.0921],[40.2835,0.0913],[40.2827,0.0913]]],[[[40.2814,0.0905],[40.2816,0.091],[40.2816,0.0905],[40.2814,0.0905]]],[[[40.2841,0.0913],[40.2843,0.0918],[40.2843,0.0913],[40.2841,0.0913]]],[[[40.2843,0.0913],[40.2851,0.091],[40.2851,0.0902],[40.2846,0.0902],[40.2843,0.0913]]],[[[40.2835,0.091],[40.2838,0.0913],[40.2838,0.091],[40.2835,0.091]]],[[[40.2848,0.1213],[40.2841,0.1219],[40.2843,0.1228],[40.2849,0.1228],[40.2848,0.1213]]],[[[40.2838,0.1018],[40.2843,0.101],[40.2838,0.101],[40.2838,0.1018]]],[[[40.2849,0.1668],[40.2846,0.1665],[40.2846,0.1668],[40.2849,0.1668]]],[[[40.2849,0.146],[40.2846,0.1457],[40.2846,0.146],[40.2849,0.146]]],[[[40.2849,0.1562],[40.2846,0.156],[40.2846,0.1562],[40.2849,0.1562]]],[[[40.2849,0.2253],[40.2846,0.225],[40.2846,0.2253],[40.2849,0.2253]]],[[[40.2824,0.1525],[40.2838,0.1538],[40.2841,0.1527],[40.2824,0.1525]]],[[[40.2824,0.153],[40.2816,0.153],[40.2811,0.1538],[40.2816,0.1541],[40.2824,0.153]]],[[[40.2843,0.1541],[40.2832,0.1544],[40.2832,0.1549],[40.2843,0.1541]]],[[[40.2832,0.088],[40.2808,0.0902],[40.2827,0.0894],[40.2827,0.0902],[40.2843,0.0905],[40.2827,0.0891],[40.2832,0.088]]],[[[40.2843,0.1703],[40.2841,0.1697],[40.2841,0.1703],[40.2843,0.1703]]],[[[40.2843,0.1654],[40.2838,0.1646],[40.2841,0.1654],[40.2843,0.1654]]],[[[40.2841,0.1449],[40.2843,0.1452],[40.2843,0.1449],[40.2841,0.1449]]],[[[40.2841,0.1455],[40.2838,0.1452],[40.2838,0.1455],[40.2841,0.1455]]],[[[40.2841,0.1455],[40.2841,0.146],[40.2843,0.146],[40.2843,0.1455],[40.2841,0.1455]]],[[[40.2842,0.0574],[40.284,0.0572],[40.284,0.0574],[40.2842,0.0574]]],[[[40.2832,0.1242],[40.2832,0.1266],[40.2816,0.126],[40.2824,0.1266],[40.2816,0.1271],[40.2838,0.1268],[40.2841,0.125],[40.2832,0.1242]]],[[[40.2839,0.1213],[40.2836,0.1217],[40.2839,0.1217],[40.2839,0.1213]]],[[[40.2838,0.1444],[40.2835,0.1441],[40.2835,0.1444],[40.2838,0.1444]]],[[[40.2838,0.1638],[40.2832,0.1633],[40.2832,0.1635],[40.2838,0.1638]]],[[[40.2815,0.2121],[40.2817,0.2123],[40.2817,0.2121],[40.2815,0.2121]]],[[[40.2811,0.2099],[40.2808,0.2102],[40.2811,0.2102],[40.2811,0.2099]]],[[[40.2811,0.2102],[40.2819,0.2104],[40.2819,0.2096],[40.2816,0.2096],[40.2811,0.2102]]],[[[40.2827,0.0872],[40.2832,0.0861],[40.2824,0.0864],[40.2827,0.0872]]],[[[40.2819,0.1444],[40.2824,0.1438],[40.2824,0.143],[40.2811,0.1433],[40.2819,0.1444]]],[[[40.2832,0.1433],[40.2822,0.1447],[40.283,0.1447],[40.2832,0.1433]]],[[[40.283,0.1749],[40.2827,0.1746],[40.2827,0.1749],[40.283,0.1749]]],[[[40.283,0.1546],[40.2822,0.1544],[40.2822,0.1549],[40.283,0.1546]]],[[[40.283,0.1279],[40.2827,0.1277],[40.2827,0.1279],[40.283,0.1279]]],[[[40.2816,0.046],[40.2819,0.0476],[40.2824,0.0481],[40.2824,0.0462],[40.2816,0.046]]],[[[40.2822,0.098],[40.2822,0.0972],[40.2824,0.0966],[40.2814,0.0972],[40.2822,0.098]]],[[[40.2824,0.1144],[40.2819,0.1147],[40.2824,0.1147],[40.2824,0.1144]]],[[[40.2814,0.1598],[40.2816,0.16],[40.2822,0.1598],[40.2814,0.1598]]],[[[40.2822,0.1212],[40.2819,0.1215],[40.2822,0.1215],[40.2822,0.1212]]],[[[40.2814,0.1212],[40.2819,0.1206],[40.2814,0.1209],[40.2814,0.1212]]],[[[40.2805,0.1546],[40.2811,0.156],[40.2819,0.1562],[40.2816,0.1544],[40.2805,0.1546]]],[[[40.2819,0.1204],[40.2816,0.1201],[40.2816,0.1204],[40.2819,0.1204]]],[[[40.2819,0.078],[40.2816,0.0778],[40.2816,0.078],[40.2819,0.078]]],[[[40.2816,0.0001],[40.2811,-0.0001],[40.2811,0.0001],[40.2816,0.0001]]],[[[40.2814,0.2115],[40.2808,0.211],[40.2808,0.2112],[40.2814,0.2115]]],[[[40.28,0.1144],[40.2814,0.1153],[40.2805,0.1139],[40.28,0.1144]]],[[[40.2811,0.1619],[40.2808,0.1614],[40.2808,0.1619],[40.2811,0.1619]]],[[[40.2811,0.0888],[40.2803,0.0886],[40.2803,0.0888],[40.2811,0.0888]]],[[[40.2811,0.1509],[40.2808,0.1506],[40.2808,0.1509],[40.2811,0.1509]]],[[[40.2811,0.2067],[40.2808,0.2061],[40.2808,0.2067],[40.2811,0.2067]]],[[[40.2808,0.146],[40.2808,0.1447],[40.28,0.1447],[40.2797,0.146],[40.2808,0.146]]],[[[40.2784,0.1557],[40.2773,0.1552],[40.277,0.156],[40.2784,0.1557]]],[[[40.2784,0.1549],[40.2797,0.1552],[40.2808,0.1538],[40.2787,0.1541],[40.2784,0.1549]]],[[[40.2805,0.1398],[40.2803,0.1395],[40.2803,0.1398],[40.2805,0.1398]]],[[[40.28,0.0001],[40.2803,0.0004],[40.2803,0.0001],[40.28,0.0001]]],[[[40.28,0.0007],[40.2797,0.0004],[40.2797,0.0007],[40.28,0.0007]]],[[[40.2803,0.0948],[40.2797,0.0945],[40.2797,0.0948],[40.2803,0.0948]]],[[[40.2797,0.1279],[40.2792,0.1277],[40.2792,0.1279],[40.2797,0.1279]]],[[[40.2789,0.1266],[40.2792,0.1268],[40.2792,0.1266],[40.2789,0.1266]]],[[[40.2789,0.1271],[40.2787,0.1268],[40.2787,0.1271],[40.2789,0.1271]]],[[[40.2789,0.1271],[40.2789,0.1274],[40.2795,0.1274],[40.2795,0.1271],[40.2789,0.1271]]],[[[40.2787,0.208],[40.2795,0.2075],[40.2795,0.2069],[40.2787,0.2072],[40.2787,0.208]]],[[[40.2787,0.2083],[40.2781,0.208],[40.2781,0.2083],[40.2787,0.2083]]],[[[40.2795,0.0007],[40.2789,0.0004],[40.2789,0.0007],[40.2795,0.0007]]],[[[40.2795,0.0958],[40.2789,0.0956],[40.2789,0.0958],[40.2795,0.0958]]],[[[40.2792,0.0948],[40.2789,0.0945],[40.2789,0.0948],[40.2792,0.0948]]],[[[40.2792,0.1732],[40.2784,0.1738],[40.2792,0.1738],[40.2792,0.1732]]],[[[40.2781,0.1738],[40.2779,0.1735],[40.2779,0.1738],[40.2781,0.1738]]],[[[40.2792,0.1182],[40.2779,0.1201],[40.2789,0.1196],[40.2792,0.1182]]],[[[40.2792,0.0931],[40.2789,0.0929],[40.2789,0.0931],[40.2792,0.0931]]],[[[40.2792,0.1295],[40.2787,0.1293],[40.2787,0.1295],[40.2792,0.1295]]],[[[40.2787,0.0942],[40.2789,0.094],[40.2787,0.094],[40.2787,0.0942]]],[[[40.2789,0.1007],[40.2784,0.1004],[40.2784,0.1007],[40.2789,0.1007]]],[[[40.2787,0.1673],[40.2784,0.167],[40.2784,0.1673],[40.2787,0.1673]]],[[[40.2787,0.0012],[40.2784,0.0004],[40.2779,0.0007],[40.2779,0.0015],[40.2787,0.0012]]],[[[40.2787,0.0945],[40.2768,0.0958],[40.2781,0.0958],[40.2787,0.0945]]],[[[40.2787,0.0956],[40.2784,0.0961],[40.2787,0.0961],[40.2787,0.0956]]],[[[40.2773,0.1579],[40.2776,0.1581],[40.2776,0.1579],[40.2773,0.1579]]],[[[40.2773,0.1587],[40.2768,0.1581],[40.2765,0.1587],[40.2773,0.1587]]],[[[40.2773,0.1587],[40.2773,0.1592],[40.2768,0.1598],[40.2784,0.1589],[40.2781,0.1584],[40.2773,0.1587]]],[[[40.2776,0.167],[40.2784,0.1662],[40.2776,0.1662],[40.2776,0.167]]],[[[40.2781,0.1581],[40.2779,0.1579],[40.2779,0.1581],[40.2781,0.1581]]],[[[40.2781,0.1676],[40.2779,0.1673],[40.2779,0.1676],[40.2781,0.1676]]],[[[40.2765,0.1139],[40.2779,0.1131],[40.276,0.1134],[40.2765,0.1139]]],[[[40.2779,0.1128],[40.2781,0.1131],[40.2781,0.1128],[40.2779,0.1128]]],[[[40.2779,0.1004],[40.2776,0.1002],[40.2776,0.1004],[40.2779,0.1004]]],[[[40.2779,0.094],[40.2773,0.0937],[40.2773,0.094],[40.2779,0.094]]],[[[40.2779,0.1568],[40.2768,0.1573],[40.2779,0.1576],[40.2779,0.1568]]],[[[40.2779,0.1153],[40.2773,0.1147],[40.2773,0.1153],[40.2779,0.1153]]],[[[40.2776,0.0948],[40.2773,0.0945],[40.2773,0.0948],[40.2776,0.0948]]],[[[40.2776,0.1681],[40.277,0.1676],[40.277,0.1681],[40.2776,0.1681]]],[[[40.2773,0.208],[40.277,0.2077],[40.277,0.208],[40.2773,0.208]]],[[[40.2773,0.1673],[40.2768,0.1668],[40.2768,0.1673],[40.2773,0.1673]]],[[[40.2773,0.1411],[40.277,0.1406],[40.277,0.1411],[40.2773,0.1411]]],[[[40.2765,0.1196],[40.2773,0.119],[40.2765,0.1193],[40.2765,0.1196]]],[[[40.2768,0.002],[40.277,0.0023],[40.2773,0.002],[40.2768,0.002]]],[[[40.277,0.2091],[40.2768,0.2086],[40.2768,0.2091],[40.277,0.2091]]],[[[40.277,0.1603],[40.2765,0.16],[40.2765,0.1603],[40.277,0.1603]]],[[[40.2765,0.1465],[40.277,0.1463],[40.2765,0.1457],[40.2765,0.1465]]],[[[40.2754,0.1002],[40.2762,0.1012],[40.277,0.0999],[40.2754,0.1002]]],[[[40.2765,0.0969],[40.2754,0.098],[40.2765,0.098],[40.2765,0.0969]]],[[[40.2762,0.0961],[40.2768,0.0969],[40.2768,0.0961],[40.2762,0.0961]]],[[[40.2768,0.1447],[40.2765,0.1441],[40.2765,0.1447],[40.2768,0.1447]]],[[[40.2765,0.1681],[40.2751,0.1668],[40.2749,0.1678],[40.2765,0.1681]]],[[[40.2765,0.0956],[40.276,0.0953],[40.276,0.0956],[40.2765,0.0956]]],[[[40.2765,0.1659],[40.276,0.1657],[40.276,0.1659],[40.2765,0.1659]]],[[[40.2765,0.1627],[40.276,0.1625],[40.276,0.1627],[40.2765,0.1627]]],[[[40.2762,0.0934],[40.276,0.0931],[40.276,0.0934],[40.2762,0.0934]]],[[[40.2762,0.0945],[40.276,0.0942],[40.276,0.0945],[40.2762,0.0945]]],[[[40.2725,0.0047],[40.2711,0.0074],[40.273,0.0074],[40.2738,0.0042],[40.2725,0.0047]]],[[[40.2738,0.0042],[40.2762,0.0031],[40.2762,0.0026],[40.2757,0.0026],[40.2738,0.0042]]],[[[40.2757,0.1692],[40.2754,0.1686],[40.2754,0.1692],[40.2757,0.1692]]],[[[40.2757,0.0972],[40.2751,0.0969],[40.2751,0.0972],[40.2757,0.0972]]],[[[40.2746,0.174],[40.2757,0.1738],[40.2749,0.1735],[40.2746,0.174]]],[[[40.2757,0.1549],[40.2751,0.1557],[40.2757,0.156],[40.2757,0.1549]]],[[[40.2753,0.1124],[40.2756,0.1122],[40.2753,0.1122],[40.2753,0.1124]]],[[[40.2754,0.2277],[40.2751,0.2274],[40.2751,0.2277],[40.2754,0.2277]]],[[[40.2754,0.1662],[40.2751,0.1659],[40.2751,0.1662],[40.2754,0.1662]]],[[[40.273,0.2083],[40.273,0.2102],[40.2751,0.2091],[40.2749,0.208],[40.273,0.2083]]],[[[40.2754,0.2091],[40.2751,0.2096],[40.2754,0.2096],[40.2754,0.2091]]],[[[40.2752,0.1301],[40.275,0.1299],[40.275,0.1301],[40.2752,0.1301]]],[[[40.2751,0.2104],[40.2749,0.2102],[40.2749,0.2104],[40.2751,0.2104]]],[[[40.2751,0.1306],[40.2749,0.1304],[40.2749,0.1306],[40.2751,0.1306]]],[[[40.2749,0.149],[40.2743,0.1487],[40.2743,0.1495],[40.2749,0.149]]],[[[40.2743,0.1638],[40.2743,0.1633],[40.2741,0.1641],[40.2743,0.1638]]],[[[40.2749,0.119],[40.2746,0.1182],[40.2746,0.119],[40.2749,0.119]]],[[[40.2749,0.0934],[40.2746,0.0929],[40.2746,0.0934],[40.2749,0.0934]]],[[[40.2749,0.1622],[40.2743,0.1625],[40.2749,0.1625],[40.2749,0.1622]]],[[[40.2741,0.1422],[40.2749,0.1428],[40.2749,0.1422],[40.2741,0.1422]]],[[[40.2746,0.1765],[40.2741,0.1762],[40.2741,0.1765],[40.2746,0.1765]]],[[[40.2746,0.1554],[40.2743,0.1552],[40.2743,0.1554],[40.2746,0.1554]]],[[[40.2746,0.0867],[40.2741,0.0864],[40.2741,0.0869],[40.2746,0.0867]]],[[[40.274,0.1134],[40.2745,0.1139],[40.2745,0.1132],[40.274,0.1134]]],[[[40.2743,0.1123],[40.2735,0.112],[40.2734,0.1133],[40.2741,0.1131],[40.2743,0.1123]],[[40.2742,0.1126],[40.2741,0.1126],[40.2742,0.1126],[40.2742,0.1126]]],[[[40.2743,0.0969],[40.2738,0.0972],[40.2743,0.0972],[40.2743,0.0969]]],[[[40.2735,0.0969],[40.2738,0.0966],[40.2735,0.0966],[40.2735,0.0969]]],[[[40.2743,0.1482],[40.2741,0.1479],[40.2741,0.1482],[40.2743,0.1482]]],[[[40.2743,0.1705],[40.2741,0.1703],[40.2741,0.1705],[40.2743,0.1705]]],[[[40.2741,0.2061],[40.2735,0.2056],[40.2735,0.2061],[40.2741,0.2061]]],[[[40.2719,0.1487],[40.2735,0.1484],[40.2738,0.1476],[40.2725,0.1476],[40.2719,0.1487]]],[[[40.2725,0.1492],[40.2717,0.1487],[40.2717,0.15],[40.2725,0.1492]]],[[[40.2725,0.1492],[40.273,0.1495],[40.2733,0.149],[40.2727,0.149],[40.2725,0.1492]]],[[[40.2725,0.167],[40.2722,0.1676],[40.2727,0.1676],[40.2725,0.167]]],[[[40.2727,0.167],[40.273,0.1673],[40.273,0.167],[40.2727,0.167]]],[[[40.2738,0.167],[40.273,0.1676],[40.2738,0.1676],[40.2738,0.167]]],[[[40.2738,0.1616],[40.2733,0.1614],[40.2733,0.1619],[40.2738,0.1616]]],[[[40.2738,0.0961],[40.2733,0.0958],[40.2733,0.0961],[40.2738,0.0961]]],[[[40.2738,0.0085],[40.2735,0.0079],[40.2735,0.0085],[40.2738,0.0085]]],[[[40.2735,0.1142],[40.2733,0.1139],[40.2733,0.1142],[40.2735,0.1142]]],[[[40.2735,0.2075],[40.273,0.2069],[40.273,0.2075],[40.2735,0.2075]]],[[[40.2727,0.1608],[40.2735,0.1603],[40.2727,0.1606],[40.2727,0.1608]]],[[[40.2735,0.1686],[40.2733,0.1681],[40.2733,0.1686],[40.2735,0.1686]]],[[[40.2735,0.1549],[40.2733,0.1546],[40.2733,0.1549],[40.2735,0.1549]]],[[[40.2735,0.1295],[40.2733,0.1293],[40.2733,0.1295],[40.2735,0.1295]]],[[[40.2733,0.1765],[40.273,0.1759],[40.273,0.1765],[40.2733,0.1765]]],[[[40.2725,0.1573],[40.273,0.157],[40.2725,0.1568],[40.2725,0.1573]]],[[[40.273,0.2064],[40.2725,0.2061],[40.2725,0.2064],[40.273,0.2064]]],[[[40.2727,0.156],[40.2725,0.1554],[40.2725,0.156],[40.2727,0.156]]],[[[40.2725,0.1158],[40.2722,0.1155],[40.2722,0.1158],[40.2725,0.1158]]],[[[40.2725,0.0953],[40.2722,0.0948],[40.2722,0.0953],[40.2725,0.0953]]],[[[40.2722,0.1608],[40.2714,0.1616],[40.2725,0.1616],[40.2722,0.1608]]],[[[40.2717,0.1587],[40.2725,0.1584],[40.2717,0.1579],[40.2717,0.1587]]],[[[40.2714,0.0834],[40.2725,0.0834],[40.2725,0.0826],[40.2717,0.0824],[40.2714,0.0834]]],[[[40.2722,0.1436],[40.2719,0.143],[40.2719,0.1436],[40.2722,0.1436]]],[[[40.2717,0.2059],[40.2722,0.2051],[40.2719,0.2045],[40.2714,0.2048],[40.2717,0.2059]]],[[[40.2722,0.2091],[40.2719,0.2088],[40.2719,0.2091],[40.2722,0.2091]]],[[[40.2717,0.2104],[40.2722,0.2096],[40.2719,0.2096],[40.2717,0.2104]]],[[[40.2718,0.0986],[40.2708,0.0991],[40.2708,0.0999],[40.2717,0.1001],[40.2718,0.0986]]],[[[40.2711,0.2069],[40.2708,0.2067],[40.2708,0.2069],[40.2711,0.2069]]],[[[40.2708,0.1161],[40.2706,0.1158],[40.2706,0.1161],[40.2708,0.1161]]],[[[40.2706,0.2051],[40.2703,0.2048],[40.2703,0.2051],[40.2706,0.2051]]],[[[40.2706,0.1859],[40.27,0.1854],[40.27,0.1856],[40.2706,0.1859]]],[[[40.2706,0.1784],[40.2703,0.1781],[40.2703,0.1784],[40.2706,0.1784]]],[[[40.2698,0.157],[40.2692,0.1576],[40.27,0.1581],[40.2706,0.157],[40.2703,0.1568],[40.2698,0.157]],[[40.2698,0.157],[40.27,0.157],[40.27,0.1573],[40.2698,0.1573],[40.2698,0.157]]],[[[40.2703,0.15],[40.27,0.1495],[40.27,0.15],[40.2703,0.15]]],[[[40.2703,0.1012],[40.27,0.101],[40.27,0.1012],[40.2703,0.1012]]],[[[40.2698,0.2351],[40.2698,0.2357],[40.2701,0.2356],[40.2698,0.2351]]],[[[40.27,0.1436],[40.2698,0.1433],[40.2698,0.1436],[40.27,0.1436]]],[[[40.2665,0.0052],[40.2644,0.0069],[40.266,0.006],[40.2679,0.0074],[40.27,0.0077],[40.2684,0.0066],[40.2692,0.0055],[40.2665,0.0052]],[[40.2681,0.0066],[40.2684,0.0069],[40.2681,0.0069],[40.2681,0.0066]],[[40.2665,0.006],[40.2668,0.0055],[40.2668,0.006],[40.2665,0.006]],[[40.2676,0.0066],[40.2673,0.006],[40.2676,0.006],[40.2676,0.0066]]],[[[40.2698,0.101],[40.2692,0.1004],[40.2692,0.101],[40.2698,0.101]]],[[[40.2698,0.0953],[40.2692,0.095],[40.2692,0.0953],[40.2698,0.0953]]],[[[40.2698,0.1126],[40.2692,0.1123],[40.2692,0.1126],[40.2698,0.1126]]],[[[40.2689,0.0999],[40.2692,0.1002],[40.2695,0.0988],[40.2689,0.0999]]],[[[40.2687,0.0991],[40.2689,0.0988],[40.2687,0.0988],[40.2687,0.0991]]],[[[40.2687,0.1889],[40.2692,0.1878],[40.2681,0.1881],[40.2687,0.1889]]],[[[40.2695,0.1495],[40.2692,0.1492],[40.2692,0.1495],[40.2695,0.1495]]],[[[40.2695,0.2072],[40.2692,0.2069],[40.2692,0.2072],[40.2695,0.2072]]],[[[40.269,0.2233],[40.2692,0.2235],[40.2692,0.2233],[40.269,0.2233]]],[[[40.2692,0.1379],[40.2687,0.1374],[40.2687,0.1379],[40.2692,0.1379]]],[[[40.2692,0.1749],[40.2687,0.1746],[40.2687,0.1749],[40.2692,0.1749]]],[[[40.2689,0.1678],[40.2687,0.1676],[40.2687,0.1678],[40.2689,0.1678]]],[[[40.2676,0.153],[40.2684,0.1538],[40.2687,0.1525],[40.2676,0.153]]],[[[40.2676,0.1538],[40.2668,0.1533],[40.2668,0.1541],[40.2676,0.1538]]],[[[40.2676,0.1538],[40.2676,0.1541],[40.2679,0.1541],[40.2679,0.1538],[40.2676,0.1538]]],[[[40.2687,0.2072],[40.2684,0.2069],[40.2684,0.2072],[40.2687,0.2072]]],[[[40.2687,0.2088],[40.2684,0.2083],[40.2684,0.2088],[40.2687,0.2088]]],[[[40.2687,0.0449],[40.2684,0.0451],[40.2687,0.0452],[40.2687,0.0449]]],[[[40.2668,0.1546],[40.2665,0.1552],[40.2671,0.1552],[40.2668,0.1546]]],[[[40.2679,0.1549],[40.2671,0.156],[40.2681,0.1562],[40.2679,0.1549]]],[[[40.2681,0.1557],[40.2684,0.156],[40.2684,0.1557],[40.2681,0.1557]]],[[[40.2676,0.0853],[40.2663,0.0853],[40.2671,0.0877],[40.2684,0.0875],[40.2676,0.0853]]],[[[40.2684,0.2061],[40.2681,0.2059],[40.2681,0.2061],[40.2684,0.2061]]],[[[40.2684,0.1333],[40.2676,0.1328],[40.2674,0.1332],[40.2684,0.1333]]],[[[40.2676,0.0503],[40.2622,0.0489],[40.2625,0.0476],[40.2633,0.0489],[40.2633,0.0473],[40.2619,0.0473],[40.2611,0.05],[40.2663,0.0519],[40.2681,0.0513],[40.2676,0.0503]]],[[[40.2377,0.2307],[40.2379,0.2304],[40.2377,0.2304],[40.2377,0.2307]]],[[[40.2518,0.2363],[40.2535,0.2347],[40.2518,0.2352],[40.2518,0.2363]]],[[[40.2679,0.1708],[40.2676,0.1705],[40.2676,0.1708],[40.2679,0.1708]]],[[[40.2673,0.2075],[40.2676,0.2077],[40.2679,0.2075],[40.2673,0.2075]]],[[[40.2676,0.1479],[40.2671,0.1474],[40.2671,0.1476],[40.2676,0.1479]]],[[[40.2671,0.1665],[40.2676,0.1662],[40.2671,0.1659],[40.2671,0.1665]]],[[[40.2673,0.2091],[40.2671,0.2086],[40.2671,0.2091],[40.2673,0.2091]]],[[[40.2673,0.1002],[40.2671,0.0999],[40.2671,0.1002],[40.2673,0.1002]]],[[[40.2666,0.1252],[40.266,0.1252],[40.2655,0.1239],[40.2655,0.1255],[40.2666,0.1252]]],[[[40.2665,0.1336],[40.2663,0.1331],[40.2663,0.1336],[40.2665,0.1336]]],[[[40.2625,0.129],[40.264,0.1285],[40.2652,0.1293],[40.2665,0.1282],[40.2655,0.1282],[40.266,0.1274],[40.2649,0.1279],[40.2646,0.1266],[40.2641,0.1279],[40.2625,0.1279],[40.2625,0.129]]],[[[40.2646,0.126],[40.2652,0.1266],[40.2652,0.1258],[40.2646,0.126]]],[[[40.2641,0.129],[40.2638,0.1287],[40.2638,0.129],[40.2641,0.129]]],[[[40.2661,0.2209],[40.2654,0.2218],[40.2663,0.222],[40.2661,0.2209]]],[[[40.2658,0.1322],[40.2661,0.132],[40.2657,0.1319],[40.2658,0.1322]]],[[[40.2657,0.0926],[40.2655,0.0923],[40.2655,0.0926],[40.2657,0.0926]]],[[[40.2657,0.1716],[40.2652,0.1711],[40.2652,0.1716],[40.2657,0.1716]]],[[[40.2614,0.1263],[40.2625,0.126],[40.2625,0.1252],[40.2609,0.125],[40.2614,0.1263]]],[[[40.2625,0.125],[40.2627,0.1252],[40.2627,0.125],[40.2625,0.125]]],[[[40.2627,0.125],[40.2652,0.1244],[40.2644,0.1236],[40.2652,0.1223],[40.2641,0.1225],[40.2638,0.1242],[40.263,0.1239],[40.2627,0.125]]],[[[40.2652,0.2094],[40.2646,0.2091],[40.2646,0.2094],[40.2652,0.2094]]],[[[40.2649,0.0454],[40.2646,0.0452],[40.2646,0.0454],[40.2649,0.0454]]],[[[40.2644,0.0449],[40.2638,0.0443],[40.2638,0.0449],[40.2644,0.0449]]],[[[40.2644,0.1263],[40.2638,0.126],[40.2638,0.1263],[40.2644,0.1263]]],[[[40.2644,0.0074],[40.2641,0.0071],[40.2641,0.0074],[40.2644,0.0074]]],[[[40.2641,0.0079],[40.2638,0.0077],[40.2638,0.0079],[40.2641,0.0079]]],[[[40.2633,0.0907],[40.2622,0.0923],[40.2641,0.0915],[40.2633,0.0907]]],[[[40.2636,0.2264],[40.2638,0.226],[40.2636,0.226],[40.2636,0.2264]]],[[[40.2638,0.1312],[40.2636,0.1309],[40.2636,0.1312],[40.2638,0.1312]]],[[[40.2614,0.0066],[40.2619,0.0058],[40.2611,0.0058],[40.2609,0.0071],[40.2636,0.0069],[40.2638,0.0063],[40.2614,0.0066]]],[[[40.2638,0.009],[40.2633,0.009],[40.263,0.0093],[40.2638,0.009]]],[[[40.2638,0.1231],[40.2636,0.1228],[40.2636,0.1231],[40.2638,0.1231]]],[[[40.2638,0.0441],[40.2636,0.0438],[40.2636,0.0441],[40.2638,0.0441]]],[[[40.2636,0.2444],[40.2611,0.2452],[40.2614,0.2458],[40.2636,0.2444]]],[[[40.2636,0.1266],[40.2633,0.1263],[40.2633,0.1266],[40.2636,0.1266]]],[[[40.2633,0.1227],[40.2631,0.1225],[40.2631,0.1227],[40.2633,0.1227]]],[[[40.2287,0.0103],[40.2293,0.0103],[40.2294,0.01],[40.2287,0.0103]]],[[[40.2293,0.0103],[40.2308,0.0134],[40.2289,0.013],[40.2284,0.0118],[40.2266,0.0124],[40.23,0.0141],[40.2308,0.0136],[40.2332,0.0145],[40.2337,0.0138],[40.234,0.0154],[40.2347,0.0146],[40.2366,0.016],[40.2373,0.0155],[40.2364,0.0148],[40.2372,0.0146],[40.2382,0.016],[40.2404,0.0156],[40.2403,0.0168],[40.2412,0.0171],[40.2424,0.0166],[40.2416,0.0148],[40.2424,0.0151],[40.242,0.0135],[40.2443,0.0118],[40.2441,0.0104],[40.246,0.011],[40.2469,0.0128],[40.2492,0.0102],[40.2473,0.0075],[40.252,0.0092],[40.2544,0.007],[40.2576,0.0092],[40.26,0.009],[40.2604,0.0061],[40.259,0.0029],[40.2621,0.0022],[40.2633,0.0008],[40.2621,-0.0052],[40.2609,-0.0063],[40.2584,-0.0063],[40.2574,-0.0024],[40.2532,-0.0017],[40.2518,0.0021],[40.2502,0.0007],[40.2496,0.0019],[40.2441,0.0023],[40.2443,0.0037],[40.2422,0.0043],[40.243,0.0064],[40.2416,0.008],[40.2426,0.0102],[40.2406,0.0117],[40.239,0.0107],[40.2385,0.0088],[40.2382,0.0112],[40.2367,0.0111],[40.2354,0.0096],[40.2343,0.0109],[40.2328,0.0109],[40.2323,0.0102],[40.2331,0.0093],[40.2308,0.0092],[40.2293,0.0103]],[[40.2405,0.0154],[40.2401,0.015],[40.2405,0.015],[40.2405,0.0154]],[[40.2403,0.0143],[40.2401,0.0141],[40.2403,0.0142],[40.2403,0.0143]],[[40.2391,0.0145],[40.2388,0.0142],[40.2391,0.0142],[40.2391,0.0145]],[[40.2388,0.0107],[40.2387,0.0107],[40.2388,0.0107],[40.2388,0.0107]],[[40.2382,0.0145],[40.2384,0.015],[40.2381,0.015],[40.2382,0.0145]],[[40.2375,0.0143],[40.2373,0.0141],[40.2375,0.014],[40.2375,0.0143]],[[40.2369,0.0138],[40.2361,0.0139],[40.2363,0.0135],[40.2369,0.0138]],[[40.2354,0.0123],[40.2362,0.0128],[40.2355,0.0127],[40.2354,0.0123]],[[40.2358,0.0144],[40.2362,0.0146],[40.2358,0.0148],[40.2358,0.0144]],[[40.2352,0.0118],[40.2354,0.0116],[40.2354,0.0118],[40.2352,0.0118]],[[40.2349,0.0106],[40.2351,0.0107],[40.2349,0.0107],[40.2349,0.0106]],[[40.2348,0.014],[40.2351,0.0138],[40.2352,0.014],[40.2348,0.014]],[[40.2346,0.0127],[40.2343,0.013],[40.2342,0.0127],[40.2346,0.0127]],[[40.2337,0.0118],[40.2333,0.0113],[40.234,0.0118],[40.2337,0.0118]],[[40.2319,0.0115],[40.2328,0.0113],[40.2328,0.0116],[40.2319,0.0115]],[[40.2327,0.0136],[40.232,0.013],[40.2327,0.0134],[40.2327,0.0136]],[[40.231,0.0131],[40.2316,0.0135],[40.2311,0.0135],[40.231,0.0131]],[[40.2307,0.01],[40.2304,0.0099],[40.2307,0.0099],[40.2307,0.01]],[[40.2284,0.0127],[40.2281,0.0123],[40.2284,0.0123],[40.2284,0.0127]]],[[[40.2633,0.0233],[40.263,0.0228],[40.263,0.0233],[40.2633,0.0233]]],[[[40.2633,0.0303],[40.2627,0.0298],[40.2627,0.0303],[40.2633,0.0303]]],[[[40.2622,0.0096],[40.2619,0.0109],[40.2633,0.0098],[40.2622,0.0096]]],[[[40.263,0.235],[40.2627,0.2347],[40.2627,0.235],[40.263,0.235]]],[[[40.263,0.0427],[40.2627,0.043],[40.263,0.043],[40.263,0.0427]]],[[[40.2627,0.0427],[40.2627,0.0424],[40.2625,0.0424],[40.2627,0.0427]]],[[[40.2627,0.226],[40.2629,0.2264],[40.2629,0.226],[40.2627,0.226]]],[[[40.2598,0.1293],[40.2595,0.1285],[40.2584,0.129],[40.2587,0.1282],[40.2571,0.1285],[40.2565,0.1314],[40.2614,0.1295],[40.2609,0.1285],[40.2598,0.1293]]],[[[40.2614,0.1295],[40.2611,0.1312],[40.2622,0.1314],[40.2625,0.1298],[40.2614,0.1295]]],[[[40.2503,0.1366],[40.2482,0.1379],[40.2493,0.1387],[40.249,0.1406],[40.2509,0.1401],[40.2503,0.1384],[40.2509,0.1395],[40.2514,0.1395],[40.2512,0.1387],[40.2522,0.1379],[40.2517,0.1371],[40.2509,0.1379],[40.2503,0.1366]]],[[[40.252,0.1374],[40.2544,0.1382],[40.2538,0.139],[40.2528,0.1384],[40.2509,0.1403],[40.2503,0.1417],[40.2517,0.1422],[40.253,0.1419],[40.253,0.1409],[40.2549,0.1409],[40.2557,0.1379],[40.2595,0.1395],[40.259,0.1376],[40.2598,0.139],[40.2625,0.1376],[40.2617,0.1355],[40.2609,0.136],[40.2579,0.1339],[40.2576,0.1355],[40.2595,0.1366],[40.2592,0.1374],[40.2565,0.1376],[40.2549,0.1363],[40.253,0.1374],[40.2533,0.1363],[40.2514,0.1355],[40.2506,0.1363],[40.252,0.1363],[40.252,0.1374]],[[40.2606,0.1376],[40.2609,0.1379],[40.2606,0.1379],[40.2606,0.1376]],[[40.26,0.136],[40.2595,0.1358],[40.26,0.1358],[40.26,0.136]],[[40.2579,0.1379],[40.2584,0.1384],[40.2579,0.1382],[40.2579,0.1379]],[[40.2547,0.1393],[40.2549,0.1395],[40.2547,0.1395],[40.2547,0.1393]],[[40.2528,0.1368],[40.2525,0.1366],[40.2528,0.1366],[40.2528,0.1368]]],[[[40.2622,0.1846],[40.2617,0.1843],[40.2617,0.1846],[40.2622,0.1846]]],[[[40.2622,0.2358],[40.2614,0.235],[40.2614,0.2355],[40.2622,0.2358]]],[[[40.2617,0.2174],[40.262,0.2171],[40.2616,0.2172],[40.2617,0.2174]]],[[[40.2603,0.1848],[40.2595,0.1859],[40.2619,0.1851],[40.2619,0.1848],[40.2603,0.1848]]],[[[40.2617,0.242],[40.2611,0.2417],[40.2611,0.242],[40.2617,0.242]]],[[[40.2614,0.0096],[40.2606,0.0098],[40.2614,0.0101],[40.2614,0.0096]]],[[[40.2603,0.0096],[40.2606,0.0093],[40.2603,0.0093],[40.2603,0.0096]]],[[[40.2611,0.0106],[40.2609,0.0109],[40.2614,0.0115],[40.2611,0.0106]]],[[[40.2606,0.1279],[40.2614,0.1274],[40.2606,0.1271],[40.2606,0.1279]]],[[[40.2609,0.2463],[40.2614,0.2466],[40.2614,0.2463],[40.2609,0.2463]]],[[[40.2595,0.1268],[40.2603,0.1266],[40.2611,0.1263],[40.2598,0.126],[40.2595,0.1268]]],[[[40.2603,0.2045],[40.2611,0.2051],[40.2611,0.2048],[40.2603,0.2045]]],[[[40.2587,0.0147],[40.2584,0.0152],[40.2587,0.0152],[40.2587,0.0147]]],[[[40.2584,0.0147],[40.2584,0.0139],[40.2598,0.0139],[40.2609,0.0128],[40.2609,0.0117],[40.2598,0.0133],[40.2584,0.0136],[40.2579,0.0128],[40.2584,0.0147]]],[[[40.26,0.0139],[40.2598,0.0144],[40.26,0.0144],[40.26,0.0139]]],[[[40.2609,0.2428],[40.2611,0.2431],[40.2611,0.2428],[40.2609,0.2428]]],[[[40.2609,0.2436],[40.2606,0.2431],[40.2606,0.2436],[40.2609,0.2436]]],[[[40.26,0.2349],[40.2604,0.235],[40.2604,0.2347],[40.26,0.2349]]],[[[40.2603,0.2428],[40.2595,0.2425],[40.2595,0.2428],[40.2603,0.2428]]],[[[40.2603,0.2053],[40.2598,0.2051],[40.2598,0.2053],[40.2603,0.2053]]],[[[40.259,0.2258],[40.2595,0.2272],[40.2603,0.2272],[40.259,0.2258]]],[[[40.26,0.0896],[40.2598,0.0899],[40.26,0.0899],[40.26,0.0896]]],[[[40.2595,0.0896],[40.2598,0.0894],[40.2595,0.0894],[40.2595,0.0896]]],[[[40.2603,0.0899],[40.26,0.0902],[40.2603,0.0902],[40.2603,0.0899]]],[[[40.26,0.2334],[40.2598,0.2331],[40.2598,0.2334],[40.26,0.2334]]],[[[40.2563,0.0511],[40.2565,0.0513],[40.2565,0.0511],[40.2563,0.0511]]],[[[40.2563,0.0516],[40.256,0.0513],[40.256,0.0516],[40.2563,0.0516]]],[[[40.2565,0.0511],[40.2571,0.0505],[40.26,0.0497],[40.2576,0.0497],[40.2565,0.0511]]],[[[40.26,0.0349],[40.2598,0.0341],[40.2598,0.0349],[40.26,0.0349]]],[[[40.259,0.0336],[40.2598,0.0338],[40.2595,0.0319],[40.2592,0.0319],[40.259,0.0336]]],[[[40.2589,0.0338],[40.2585,0.0336],[40.2585,0.0339],[40.2589,0.0338]]],[[[40.2598,0.2191],[40.2595,0.2188],[40.2595,0.2191],[40.2598,0.2191]]],[[[40.2592,0.0273],[40.2595,0.0279],[40.2595,0.0273],[40.2592,0.0273]]],[[[40.2592,0.0284],[40.259,0.0279],[40.259,0.0284],[40.2592,0.0284]]],[[[40.259,0.0303],[40.2592,0.0306],[40.2595,0.0303],[40.259,0.0303]]],[[[40.2595,0.0915],[40.2587,0.0902],[40.2587,0.0915],[40.2595,0.0915]]],[[[40.2595,0.029],[40.2592,0.0287],[40.2592,0.029],[40.2595,0.029]]],[[[40.2595,0.0298],[40.2592,0.0295],[40.2592,0.0298],[40.2595,0.0298]]],[[[40.2595,0.0848],[40.2592,0.0845],[40.2592,0.0848],[40.2595,0.0848]]],[[[40.2595,0.2048],[40.259,0.2045],[40.259,0.2048],[40.2595,0.2048]]],[[[40.2595,0.2342],[40.2592,0.2339],[40.2592,0.2342],[40.2595,0.2342]]],[[[40.2592,0.1862],[40.2587,0.1859],[40.2587,0.1862],[40.2592,0.1862]]],[[[40.259,0.0236],[40.2584,0.0238],[40.259,0.0241],[40.259,0.0236]]],[[[40.2582,0.0233],[40.2584,0.0228],[40.2582,0.0228],[40.2582,0.0233]]],[[[40.2592,0.0241],[40.259,0.0244],[40.2592,0.0244],[40.2592,0.0241]]],[[[40.2592,0.0271],[40.259,0.0263],[40.259,0.0271],[40.2592,0.0271]]],[[[40.2592,0.0255],[40.259,0.0252],[40.259,0.0255],[40.2592,0.0255]]],[[[40.2591,0.1224],[40.2588,0.1227],[40.2591,0.1229],[40.2591,0.1224]]],[[[40.2582,0.2477],[40.259,0.2482],[40.259,0.2479],[40.2582,0.2477]]],[[[40.2587,0.2193],[40.2584,0.2196],[40.2587,0.2196],[40.2587,0.2193]]],[[[40.2579,0.2193],[40.2584,0.2188],[40.2579,0.2191],[40.2579,0.2193]]],[[[40.2587,0.2191],[40.259,0.2193],[40.259,0.2191],[40.2587,0.2191]]],[[[40.259,0.2059],[40.2587,0.2056],[40.2587,0.2059],[40.259,0.2059]]],[[[40.259,0.1371],[40.2587,0.1368],[40.2587,0.1371],[40.259,0.1371]]],[[[40.2584,0.0104],[40.2587,0.0106],[40.2587,0.0104],[40.2584,0.0104]]],[[[40.2584,0.0109],[40.2582,0.0106],[40.2582,0.0109],[40.2584,0.0109]]],[[[40.2549,0.1883],[40.2565,0.1902],[40.2568,0.1881],[40.2582,0.187],[40.2582,0.1864],[40.2555,0.1864],[40.2549,0.1881],[40.2528,0.1878],[40.2528,0.1886],[40.2549,0.1883]],[[40.2571,0.1875],[40.2568,0.1878],[40.2568,0.1875],[40.2571,0.1875]],[[40.2557,0.1878],[40.256,0.187],[40.2563,0.1878],[40.2557,0.1878]]],[[[40.2552,0.1897],[40.2544,0.1894],[40.2557,0.1902],[40.2552,0.1897]]],[[[40.2582,0.1859],[40.2584,0.1864],[40.2584,0.1859],[40.2582,0.1859]]],[[[40.2571,0.1902],[40.2565,0.1908],[40.2571,0.1905],[40.2571,0.1902]]],[[[40.2568,0.1918],[40.2557,0.1908],[40.2557,0.1918],[40.2568,0.1918]]],[[[40.2584,0.1986],[40.2582,0.1983],[40.2582,0.1986],[40.2584,0.1986]]],[[[40.2584,0.2204],[40.2582,0.2202],[40.2582,0.2204],[40.2584,0.2204]]],[[[40.2579,0.1225],[40.2582,0.1231],[40.2583,0.1224],[40.2579,0.1225]]],[[[40.2584,0.1231],[40.2582,0.1233],[40.2584,0.1233],[40.2584,0.1231]]],[[[40.2582,0.1371],[40.2579,0.1368],[40.2579,0.1371],[40.2582,0.1371]]],[[[40.2574,0.0185],[40.2549,0.0171],[40.2547,0.0185],[40.2533,0.0187],[40.2536,0.0198],[40.2582,0.022],[40.2574,0.0185]],[[40.2555,0.0185],[40.2571,0.0201],[40.2547,0.0195],[40.2555,0.0185]]],[[[40.2574,0.1414],[40.2582,0.1409],[40.2574,0.1411],[40.2574,0.1414]]],[[[40.2571,0.181],[40.2574,0.1805],[40.2563,0.1794],[40.2571,0.181]]],[[[40.2579,0.0923],[40.2576,0.0913],[40.2568,0.0915],[40.2568,0.0921],[40.2579,0.0923]]],[[[40.2576,0.0794],[40.2571,0.0786],[40.2571,0.0794],[40.2576,0.0794]]],[[[40.2574,0.1697],[40.2568,0.1695],[40.2568,0.1697],[40.2574,0.1697]]],[[[40.2571,0.1258],[40.2563,0.126],[40.2574,0.1263],[40.2571,0.1258]]],[[[40.2565,0.0541],[40.2574,0.0543],[40.2568,0.0527],[40.2565,0.0527],[40.2565,0.0541]]],[[[40.2572,0.1177],[40.2567,0.1177],[40.2572,0.118],[40.2572,0.1177]]],[[[40.2571,0.2059],[40.2568,0.2056],[40.2568,0.2059],[40.2571,0.2059]]],[[[40.2565,0.0988],[40.2571,0.0983],[40.2565,0.0985],[40.2565,0.0988]]],[[[40.2571,0.0171],[40.2568,0.0168],[40.2568,0.0171],[40.2571,0.0171]]],[[[40.256,0.1139],[40.2552,0.1147],[40.2564,0.1155],[40.2571,0.1144],[40.2563,0.1147],[40.256,0.1139]]],[[[40.2571,0.1819],[40.2544,0.1802],[40.2541,0.1816],[40.2571,0.1819]]],[[[40.2568,0.0106],[40.2563,0.009],[40.256,0.009],[40.2557,0.0101],[40.2568,0.0106]]],[[[40.2552,0.1162],[40.2548,0.1163],[40.2545,0.1166],[40.2547,0.117],[40.2552,0.1162]]],[[[40.2564,0.1161],[40.2552,0.1173],[40.2565,0.1179],[40.2564,0.1161]]],[[[40.2568,0.1323],[40.2563,0.132],[40.2563,0.1323],[40.2568,0.1323]]],[[[40.2567,0.1329],[40.2563,0.1328],[40.2563,0.1329],[40.2567,0.1329]]],[[[40.2557,0.2359],[40.2567,0.2342],[40.2564,0.2333],[40.2556,0.2355],[40.2547,0.2346],[40.2545,0.2356],[40.2557,0.2359]]],[[[40.2549,0.0783],[40.2547,0.0797],[40.2565,0.0794],[40.256,0.078],[40.2549,0.0783]]],[[[40.2547,0.0783],[40.2549,0.078],[40.2547,0.078],[40.2547,0.0783]]],[[[40.2565,0.0117],[40.2563,0.0115],[40.2563,0.0117],[40.2565,0.0117]]],[[[40.2565,0.1929],[40.2557,0.1924],[40.2557,0.1929],[40.2565,0.1929]]],[[[40.2565,0.1217],[40.2563,0.1215],[40.2563,0.1218],[40.2565,0.1217]]],[[[40.2564,0.1212],[40.2561,0.1209],[40.2561,0.1213],[40.2564,0.1212]]],[[[40.256,0.1328],[40.2557,0.1341],[40.256,0.1341],[40.256,0.1328]]],[[[40.2563,0.1341],[40.256,0.1344],[40.2563,0.1344],[40.2563,0.1341]]],[[[40.2563,0.0988],[40.256,0.0985],[40.256,0.0988],[40.2563,0.0988]]],[[[40.2561,0.1195],[40.2559,0.1193],[40.2559,0.1195],[40.2561,0.1195]]],[[[40.256,0.136],[40.2557,0.1358],[40.2557,0.136],[40.256,0.136]]],[[[40.2554,0.1209],[40.2559,0.1206],[40.2554,0.1208],[40.2554,0.1209]]],[[[40.2553,0.1188],[40.2557,0.1182],[40.2552,0.1182],[40.2553,0.1188]]],[[[40.2557,0.1198],[40.2552,0.1193],[40.2552,0.1196],[40.2557,0.1198]]],[[[40.2557,0.0115],[40.2555,0.0112],[40.2555,0.0115],[40.2557,0.0115]]],[[[40.2549,0.2325],[40.2552,0.2334],[40.2555,0.2325],[40.2549,0.2325]]],[[[40.2555,0.1165],[40.2553,0.1163],[40.2553,0.1165],[40.2555,0.1165]]],[[[40.2547,0.1358],[40.2555,0.1355],[40.2549,0.1352],[40.2547,0.1358]]],[[[40.2552,0.1935],[40.2547,0.1926],[40.2547,0.1935],[40.2552,0.1935]]],[[[40.2549,0.1916],[40.2552,0.1918],[40.2552,0.1916],[40.2549,0.1916]]],[[[40.2549,0.1921],[40.2544,0.1918],[40.2544,0.1921],[40.2549,0.1921]]],[[[40.2552,0.1225],[40.2549,0.1217],[40.2549,0.1225],[40.2552,0.1225]]],[[[40.2547,0.1188],[40.2541,0.1193],[40.255,0.1192],[40.2547,0.1188]]],[[[40.2544,0.0117],[40.2547,0.012],[40.2549,0.0117],[40.2544,0.0117]]],[[[40.2549,0.1544],[40.2522,0.1538],[40.2522,0.1546],[40.2549,0.1544]]],[[[40.2538,0.2118],[40.2544,0.2129],[40.2549,0.2126],[40.2547,0.211],[40.2538,0.2118]]],[[[40.2547,0.2331],[40.2545,0.2329],[40.2545,0.2331],[40.2547,0.2331]]],[[[40.2547,0.1123],[40.2544,0.1118],[40.2544,0.1123],[40.2547,0.1123]]],[[[40.2541,0.095],[40.2547,0.0945],[40.2541,0.0948],[40.2541,0.095]]],[[[40.2547,0.016],[40.2544,0.0158],[40.2544,0.016],[40.2547,0.016]]],[[[40.2538,0.0136],[40.2547,0.0128],[40.2541,0.0128],[40.2538,0.0136]]],[[[40.2544,0.0918],[40.2525,0.0929],[40.2528,0.094],[40.2544,0.0918]]],[[[40.2536,0.0179],[40.2544,0.0171],[40.2536,0.0174],[40.2536,0.0179]]],[[[40.2541,0.0147],[40.2544,0.0149],[40.2544,0.0147],[40.2541,0.0147]]],[[[40.2541,0.0152],[40.2538,0.0149],[40.2538,0.0152],[40.2541,0.0152]]],[[[40.254,0.2308],[40.2539,0.231],[40.2542,0.231],[40.254,0.2308]]],[[[40.2533,0.1422],[40.2541,0.1411],[40.2533,0.1411],[40.2533,0.1422]]],[[[40.2541,0.1872],[40.2538,0.187],[40.2538,0.1872],[40.2541,0.1872]]],[[[40.2541,0.1285],[40.2538,0.1282],[40.2538,0.1285],[40.2541,0.1285]]],[[[40.2541,0.1341],[40.2536,0.1339],[40.2536,0.1341],[40.2541,0.1341]]],[[[40.2535,0.1188],[40.2539,0.1187],[40.2535,0.1186],[40.2535,0.1188]]],[[[40.2538,0.242],[40.2536,0.2414],[40.2536,0.242],[40.2538,0.242]]],[[[40.2536,0.2263],[40.2538,0.2266],[40.2538,0.2263],[40.2536,0.2263]]],[[[40.2536,0.2269],[40.2533,0.2266],[40.2533,0.2269],[40.2536,0.2269]]],[[[40.2537,0.2348],[40.2537,0.2344],[40.2535,0.2348],[40.2537,0.2348]]],[[[40.2536,0.2102],[40.2525,0.2112],[40.2536,0.2112],[40.2536,0.2102]]],[[[40.2536,0.1832],[40.2533,0.1829],[40.2533,0.1832],[40.2536,0.1832]]],[[[40.2528,0.0948],[40.2536,0.0953],[40.2536,0.095],[40.2528,0.0948]]],[[[40.2536,0.1155],[40.2522,0.1153],[40.2522,0.1155],[40.2536,0.1155]]],[[[40.2536,0.1428],[40.2528,0.1425],[40.2512,0.1447],[40.252,0.1447],[40.2536,0.1428]]],[[[40.2536,0.1182],[40.2533,0.1179],[40.2533,0.1182],[40.2536,0.1182]]],[[[40.2536,0.2029],[40.2533,0.2026],[40.2533,0.2029],[40.2536,0.2029]]],[[[40.2536,0.1991],[40.2533,0.1988],[40.2533,0.1991],[40.2536,0.1991]]],[[[40.2536,0.1956],[40.2533,0.1953],[40.2533,0.1956],[40.2536,0.1956]]],[[[40.2536,0.1905],[40.2533,0.1902],[40.2533,0.1905],[40.2536,0.1905]]],[[[40.2534,0.2343],[40.2535,0.2339],[40.2535,0.2339],[40.2534,0.2343]]],[[[40.2531,0.231],[40.2535,0.2311],[40.2535,0.2308],[40.2531,0.231]]],[[[40.2528,0.0511],[40.253,0.0513],[40.253,0.0511],[40.2528,0.0511]]],[[[40.2528,0.0519],[40.2525,0.0513],[40.2525,0.0519],[40.2528,0.0519]]],[[[40.2528,0.0519],[40.2522,0.0522],[40.2525,0.053],[40.2533,0.0524],[40.2533,0.0522],[40.253,0.0522],[40.253,0.0519],[40.2528,0.0519]]],[[[40.2533,0.1967],[40.2528,0.1961],[40.2528,0.1967],[40.2533,0.1967]]],[[[40.2527,0.2364],[40.2531,0.2362],[40.2527,0.2363],[40.2527,0.2364]]],[[[40.2495,0.2169],[40.2498,0.2166],[40.2495,0.2166],[40.2495,0.2169]]],[[[40.2466,0.2161],[40.2468,0.2164],[40.2468,0.2161],[40.2466,0.2161]]],[[[40.2468,0.2158],[40.2474,0.2161],[40.2474,0.2158],[40.2468,0.2158]]],[[[40.2506,0.2177],[40.2509,0.2175],[40.2506,0.2175],[40.2506,0.2177]]],[[[40.2527,0.2317],[40.2528,0.2322],[40.253,0.2318],[40.2527,0.2317]]],[[[40.2528,0.2067],[40.2522,0.2069],[40.2528,0.2069],[40.2528,0.2067]]],[[[40.252,0.2067],[40.2522,0.2064],[40.252,0.2064],[40.252,0.2067]]],[[[40.2528,0.0201],[40.252,0.0198],[40.252,0.0201],[40.2528,0.0201]]],[[[40.2528,0.0958],[40.2522,0.0956],[40.2522,0.0958],[40.2528,0.0958]]],[[[40.2525,0.2096],[40.2522,0.2094],[40.2522,0.2096],[40.2525,0.2096]]],[[[40.2525,0.1349],[40.2522,0.1347],[40.2522,0.1349],[40.2525,0.1349]]],[[[40.2525,0.1139],[40.2514,0.1148],[40.2522,0.1152],[40.2525,0.1139]]],[[[40.2519,0.2332],[40.2524,0.2323],[40.2516,0.2314],[40.2496,0.2316],[40.2484,0.2328],[40.2509,0.2325],[40.2519,0.2332]],[[40.2501,0.2322],[40.25,0.2321],[40.2501,0.2321],[40.2501,0.2322]]],[[[40.2522,0.0562],[40.2517,0.0557],[40.2517,0.0562],[40.2522,0.0562]]],[[[40.2522,0.0543],[40.252,0.0541],[40.252,0.0543],[40.2522,0.0543]]],[[[40.252,0.1595],[40.252,0.1587],[40.2509,0.1592],[40.2509,0.1595],[40.252,0.1595]]],[[[40.2515,0.2345],[40.2518,0.2348],[40.2521,0.2345],[40.2515,0.2345]]],[[[40.2521,0.2313],[40.2518,0.2309],[40.2517,0.2313],[40.2521,0.2313]]],[[[40.252,0.098],[40.2517,0.0977],[40.2517,0.098],[40.252,0.098]]],[[[40.252,0.0513],[40.2517,0.0511],[40.2517,0.0513],[40.252,0.0513]]],[[[40.252,0.1959],[40.2517,0.1956],[40.2517,0.1959],[40.252,0.1959]]],[[[40.2517,0.0206],[40.2514,0.0201],[40.2514,0.0206],[40.2517,0.0206]]],[[[40.2517,0.0805],[40.2514,0.0802],[40.2514,0.0805],[40.2517,0.0805]]],[[[40.2517,0.1848],[40.2514,0.184],[40.2514,0.1848],[40.2517,0.1848]]],[[[40.2517,0.2239],[40.2514,0.2236],[40.2514,0.2239],[40.2517,0.2239]]],[[[40.2501,0.1794],[40.2506,0.18],[40.2506,0.1794],[40.2501,0.1794]]],[[[40.2498,0.1802],[40.2495,0.18],[40.2495,0.1802],[40.2498,0.1802]]],[[[40.2506,0.1789],[40.2514,0.1794],[40.2517,0.1784],[40.2506,0.1789]]],[[[40.2478,0.0871],[40.2488,0.0886],[40.25,0.088],[40.2488,0.0873],[40.2504,0.0875],[40.2478,0.0867],[40.2476,0.0857],[40.2482,0.0843],[40.2509,0.0827],[40.251,0.0807],[40.2472,0.0833],[40.2478,0.0842],[40.2453,0.0848],[40.2474,0.0877],[40.2458,0.0886],[40.2463,0.0896],[40.2463,0.0888],[40.2479,0.0886],[40.2478,0.0871]],[[40.2506,0.0822],[40.2505,0.082],[40.2506,0.082],[40.2506,0.0822]],[[40.2468,0.0851],[40.247,0.0852],[40.2469,0.0852],[40.2468,0.0851]],[[40.2466,0.0848],[40.2467,0.0852],[40.2465,0.0852],[40.2466,0.0848]]],[[[40.2482,0.0886],[40.2479,0.0888],[40.2482,0.0888],[40.2482,0.0886]]],[[[40.2506,0.2083],[40.2512,0.208],[40.2506,0.2075],[40.2506,0.2083]]],[[[40.2514,-0.0126],[40.2512,-0.0128],[40.2512,-0.0126],[40.2514,-0.0126]]],[[[40.2513,0.2346],[40.251,0.2347],[40.2513,0.2348],[40.2513,0.2346]]],[[[40.2512,0.1179],[40.2509,0.1172],[40.2509,0.1179],[40.2512,0.1179]]],[[[40.2512,0.05],[40.2509,0.0497],[40.2509,0.05],[40.2512,0.05]]],[[[40.2512,0.0206],[40.2509,0.0203],[40.2509,0.0206],[40.2512,0.0206]]],[[[40.2506,0.1514],[40.2509,0.1517],[40.2512,0.1514],[40.2506,0.1514]]],[[[40.2512,0.1603],[40.2506,0.1598],[40.2506,0.16],[40.2512,0.1603]]],[[[40.2511,0.1285],[40.2509,0.1283],[40.2509,0.1285],[40.2511,0.1285]]],[[[40.2509,0.1433],[40.2506,0.143],[40.2506,0.1433],[40.2509,0.1433]]],[[[40.2487,-0.0198],[40.2495,-0.0182],[40.2509,-0.0185],[40.2501,-0.0196],[40.2487,-0.0198]]],[[[40.2501,0.1287],[40.2509,0.1282],[40.2506,0.1277],[40.2498,0.1279],[40.2501,0.1287]]],[[[40.2509,0.1293],[40.2495,0.129],[40.2498,0.1295],[40.2509,0.1293]]],[[[40.249,-0.0417],[40.2501,-0.0446],[40.2471,-0.0454],[40.2471,-0.0438],[40.2479,-0.0446],[40.2474,-0.0436],[40.2479,-0.0406],[40.2509,-0.0409],[40.249,-0.0417]],[[40.2485,-0.0425],[40.2487,-0.0428],[40.2487,-0.0425],[40.2485,-0.0425]],[[40.2485,-0.0433],[40.2479,-0.0428],[40.2479,-0.0433],[40.2485,-0.0433]]],[[[40.2507,0.2333],[40.2508,0.233],[40.2507,0.233],[40.2507,0.2333]]],[[[40.2504,0.1957],[40.2507,0.1956],[40.2505,0.1954],[40.2504,0.1957]]],[[[40.2502,0.0882],[40.2507,0.0882],[40.2503,0.088],[40.2502,0.0882]]],[[[40.2501,-0.0498],[40.2506,-0.0508],[40.2487,-0.0506],[40.2487,-0.05],[40.2501,-0.0498]]],[[[40.2506,0.2104],[40.2503,0.2102],[40.2503,0.2104],[40.2506,0.2104]]],[[[40.2506,0.1902],[40.2503,0.19],[40.2503,0.1902],[40.2506,0.1902]]],[[[40.2493,-0.0535],[40.2503,-0.0535],[40.2503,-0.0541],[40.2493,-0.0535]]],[[[40.25,0.0885],[40.2498,0.0891],[40.2503,0.0891],[40.25,0.0885]]],[[[40.2482,0.1506],[40.2479,0.1498],[40.2477,0.1509],[40.2503,0.1514],[40.2503,0.1506],[40.2482,0.1506]]],[[[40.2485,0.2107],[40.2487,0.2112],[40.249,0.2107],[40.2485,0.2107]]],[[[40.249,0.211],[40.2493,0.2121],[40.2501,0.2126],[40.2503,0.2112],[40.249,0.211]]],[[[40.2487,0.2053],[40.249,0.2064],[40.2474,0.2059],[40.2477,0.2075],[40.2503,0.2064],[40.2501,0.2053],[40.2487,0.2053]]],[[[40.2503,0.1999],[40.2501,0.1997],[40.2501,0.1999],[40.2503,0.1999]]],[[[40.2501,0.1188],[40.2498,0.1185],[40.2498,0.1188],[40.2501,0.1188]]],[[[40.2501,0.1263],[40.2493,0.126],[40.2493,0.1263],[40.2501,0.1263]]],[[[40.2487,0.1417],[40.2493,0.1422],[40.2501,0.1422],[40.2498,0.1409],[40.249,0.1409],[40.2487,0.1417]],[[40.249,0.1414],[40.2493,0.1411],[40.2493,0.1414],[40.249,0.1414]]],[[[40.2501,-0.056],[40.2493,-0.0565],[40.2493,-0.056],[40.2501,-0.056]]],[[[40.2501,0.1433],[40.2498,0.1428],[40.2498,0.1433],[40.2501,0.1433]]],[[[40.2501,0.1522],[40.2498,0.1519],[40.2498,0.1522],[40.2501,0.1522]]],[[[40.2493,0.1595],[40.2497,0.1592],[40.2493,0.1592],[40.2493,0.1595]]],[[[40.2497,0.1971],[40.249,0.1972],[40.249,0.1975],[40.2497,0.1971]]],[[[40.2496,0.2336],[40.2493,0.2339],[40.2496,0.2339],[40.2496,0.2336]]],[[[40.2495,0.1179],[40.2493,0.1188],[40.2495,0.1188],[40.2495,0.1179]]],[[[40.2495,0.1913],[40.2493,0.191],[40.2493,0.1913],[40.2495,0.1913]]],[[[40.2495,0.1433],[40.2493,0.1425],[40.2493,0.1433],[40.2495,0.1433]]],[[[40.2495,0.0894],[40.2492,0.0889],[40.2493,0.0894],[40.2495,0.0894]]],[[[40.2493,0.2164],[40.2487,0.2161],[40.2487,0.2166],[40.2493,0.2164]]],[[[40.249,0.1285],[40.2485,0.1287],[40.249,0.1287],[40.249,0.1285]]],[[[40.249,0.1848],[40.2487,0.1846],[40.2487,0.1848],[40.249,0.1848]]],[[[40.248,0.2336],[40.2489,0.2341],[40.248,0.2333],[40.248,0.2336]]],[[[40.2487,0.2131],[40.2485,0.2126],[40.2485,0.2131],[40.2487,0.2131]]],[[[40.2482,0.1438],[40.2487,0.1433],[40.2482,0.1436],[40.2482,0.1438]]],[[[40.2487,0.2175],[40.2485,0.2172],[40.2485,0.2175],[40.2487,0.2175]]],[[[40.2485,0.2321],[40.2487,0.2317],[40.2486,0.2317],[40.2485,0.2321]]],[[[40.2485,0.2326],[40.2483,0.2323],[40.2484,0.2326],[40.2485,0.2326]]],[[[40.2452,0.1441],[40.2463,0.1452],[40.2482,0.1419],[40.2466,0.1422],[40.2463,0.1441],[40.2452,0.1441]],[[40.2471,0.1425],[40.2477,0.1428],[40.2471,0.143],[40.2471,0.1425]]],[[[40.245,0.1441],[40.2452,0.1438],[40.245,0.1438],[40.245,0.1441]]],[[[40.2485,0.1422],[40.2482,0.1425],[40.2485,0.1425],[40.2485,0.1422]]],[[[40.2468,0.1247],[40.2479,0.1247],[40.2485,0.1239],[40.2471,0.1239],[40.2468,0.1247]]],[[[40.2485,0.091],[40.2477,0.0899],[40.2471,0.0902],[40.2485,0.091]]],[[[40.2481,0.248],[40.2483,0.2479],[40.2481,0.2477],[40.2481,0.248]]],[[[40.2482,0.1605],[40.2478,0.1612],[40.2481,0.1613],[40.2482,0.1605]]],[[[40.2436,-0.0376],[40.2441,-0.0398],[40.2412,-0.0401],[40.2423,-0.0384],[40.2436,-0.0384],[40.2436,-0.0376]],[[40.2425,-0.0393],[40.2428,-0.0395],[40.2428,-0.0393],[40.2425,-0.0393]],[[40.2428,-0.039],[40.2431,-0.0387],[40.2428,-0.0387],[40.2428,-0.039]]],[[[40.2423,-0.036],[40.2415,-0.0371],[40.2423,-0.032],[40.2415,-0.0338],[40.2415,-0.0312],[40.2423,-0.0312],[40.2436,-0.0274],[40.2425,-0.026],[40.245,-0.0244],[40.2455,-0.0225],[40.2482,-0.0201],[40.2458,-0.0233],[40.2466,-0.0247],[40.2455,-0.0247],[40.2436,-0.0285],[40.2436,-0.0312],[40.2452,-0.0333],[40.2436,-0.0336],[40.2436,-0.0376],[40.2431,-0.0363],[40.2423,-0.036]],[[40.2431,-0.0333],[40.2436,-0.0325],[40.2431,-0.0325],[40.2431,-0.0333]],[[40.2425,-0.0352],[40.2428,-0.0357],[40.2431,-0.0352],[40.2425,-0.0352]],[[40.2423,-0.0352],[40.2425,-0.0349],[40.2423,-0.0349],[40.2423,-0.0352]]],[[[40.242,-0.0403],[40.2428,-0.0409],[40.242,-0.0406],[40.242,-0.0403]]],[[[40.2482,0.1908],[40.2479,0.1905],[40.2479,0.1908],[40.2482,0.1908]]],[[[40.2479,0.1972],[40.2477,0.197],[40.2477,0.1972],[40.2479,0.1972]]],[[[40.2468,-0.0406],[40.2479,-0.0398],[40.2479,-0.0403],[40.2468,-0.0406]]],[[[40.2479,-0.0498],[40.2477,-0.05],[40.2477,-0.0498],[40.2479,-0.0498]]],[[[40.2479,0.1274],[40.2474,0.1268],[40.2468,0.1268],[40.2471,0.1277],[40.2479,0.1274]]],[[[40.2478,0.244],[40.2476,0.2443],[40.2478,0.2443],[40.2478,0.244]]],[[[40.2477,0.2166],[40.2474,0.2164],[40.2474,0.2166],[40.2477,0.2166]]],[[[40.2472,0.1278],[40.2469,0.1276],[40.2469,0.1278],[40.2472,0.1278]]],[[[40.246,-0.0438],[40.246,-0.043],[40.2471,-0.043],[40.2471,-0.0436],[40.246,-0.0438]]],[[[40.2458,-0.0438],[40.246,-0.0441],[40.2458,-0.0441],[40.2458,-0.0438]]],[[[40.2423,-0.0533],[40.2409,-0.0517],[40.2439,-0.0522],[40.2447,-0.0519],[40.2441,-0.0508],[40.2425,-0.05],[40.2425,-0.049],[40.2406,-0.0492],[40.2401,-0.0479],[40.2388,-0.0481],[40.2379,-0.0471],[40.2398,-0.0468],[40.2406,-0.0481],[40.2428,-0.0484],[40.2439,-0.0465],[40.2447,-0.0479],[40.245,-0.0465],[40.2463,-0.0465],[40.2447,-0.05],[40.2463,-0.05],[40.2468,-0.0535],[40.246,-0.0546],[40.2447,-0.0535],[40.2444,-0.0546],[40.2428,-0.0527],[40.2423,-0.0533]],[[40.2444,-0.0492],[40.2447,-0.049],[40.2444,-0.049],[40.2444,-0.0492]],[[40.246,-0.0538],[40.2463,-0.0533],[40.246,-0.0533],[40.246,-0.0538]],[[40.2455,-0.0527],[40.2452,-0.053],[40.2455,-0.053],[40.2455,-0.0527]],[[40.245,-0.053],[40.2447,-0.0533],[40.245,-0.0533],[40.245,-0.053]]],[[[40.2423,-0.0538],[40.2425,-0.0533],[40.2425,-0.0538],[40.2423,-0.0538]]],[[[40.2471,-0.05],[40.2463,-0.0498],[40.2471,-0.0498],[40.2471,-0.05]]],[[[40.247,0.1312],[40.2466,0.1315],[40.247,0.1316],[40.247,0.1312]]],[[[40.2467,0.1403],[40.2469,0.1402],[40.2467,0.1401],[40.2467,0.1403]]],[[[40.2468,0.1408],[40.2456,0.1407],[40.245,0.1414],[40.2458,0.1414],[40.2468,0.1408]]],[[[40.2468,-0.0454],[40.2463,-0.046],[40.2463,-0.0454],[40.2468,-0.0454]]],[[[40.2468,-0.0463],[40.2466,-0.0465],[40.2466,-0.0463],[40.2468,-0.0463]]],[[[40.2468,0.1285],[40.2466,0.1282],[40.2466,0.1285],[40.2468,0.1285]]],[[[40.2466,0.1236],[40.2465,0.1246],[40.2468,0.1245],[40.2466,0.1236]]],[[[40.2454,0.1263],[40.2442,0.1259],[40.2455,0.125],[40.245,0.1236],[40.2423,0.1236],[40.2426,0.1246],[40.2416,0.1258],[40.2425,0.1261],[40.2428,0.1249],[40.2441,0.1254],[40.2426,0.1268],[40.2442,0.1263],[40.2449,0.1267],[40.2442,0.1272],[40.2442,0.1275],[40.2465,0.1277],[40.2466,0.1268],[40.2449,0.1273],[40.2454,0.1263]],[[40.2451,0.1263],[40.2452,0.1264],[40.2451,0.1264],[40.2451,0.1263]],[[40.2439,0.125],[40.2444,0.1244],[40.2444,0.125],[40.2439,0.125]],[[40.2434,0.1244],[40.2438,0.1245],[40.2434,0.1245],[40.2434,0.1244]]],[[[40.245,0.1234],[40.2452,0.1236],[40.2452,0.1234],[40.245,0.1234]]],[[[40.2466,0.242],[40.2463,0.2417],[40.2463,0.242],[40.2466,0.242]]],[[[40.2374,0.108],[40.2371,0.1085],[40.2374,0.1085],[40.2374,0.108]]],[[[40.2441,0.1099],[40.2436,0.1101],[40.2441,0.1101],[40.2441,0.1099]]],[[[40.246,0.2001],[40.2463,0.1997],[40.2461,0.1997],[40.246,0.2001]]],[[[40.2463,0.1263],[40.2458,0.126],[40.2458,0.1266],[40.2463,0.1263]]],[[[40.2458,0.1258],[40.246,0.1252],[40.2455,0.1252],[40.2458,0.1258]]],[[[40.2452,0.0964],[40.2463,0.0961],[40.245,0.0958],[40.2452,0.0964]]],[[[40.2457,0.1393],[40.2461,0.1391],[40.2458,0.1389],[40.2457,0.1393]]],[[[40.245,0.1155],[40.2458,0.1153],[40.245,0.1153],[40.245,0.1155]]],[[[40.2458,0.124],[40.2456,0.1239],[40.2456,0.1243],[40.2458,0.124]]],[[[40.2458,0.2007],[40.2454,0.2007],[40.245,0.2013],[40.2458,0.2007]]],[[[40.2456,0.0845],[40.2454,0.0842],[40.2454,0.0845],[40.2456,0.0845]]],[[[40.2455,0.1581],[40.2452,0.1576],[40.2452,0.1581],[40.2455,0.1581]]],[[[40.2358,0.1371],[40.2344,0.1379],[40.235,0.1393],[40.2361,0.1395],[40.2353,0.1398],[40.2339,0.139],[40.2336,0.1417],[40.2353,0.1436],[40.2361,0.1425],[40.2361,0.1436],[40.2377,0.1433],[40.2374,0.1414],[40.2385,0.1422],[40.2382,0.1433],[40.2398,0.1419],[40.2385,0.1401],[40.2401,0.1401],[40.2401,0.1409],[40.2415,0.1401],[40.2423,0.1417],[40.242,0.1395],[40.2433,0.1393],[40.2433,0.1384],[40.2455,0.1384],[40.2441,0.1371],[40.2448,0.1354],[40.2437,0.1358],[40.242,0.1323],[40.241,0.1323],[40.2406,0.1317],[40.2394,0.1322],[40.2374,0.1309],[40.2368,0.1328],[40.2358,0.1331],[40.2369,0.1341],[40.2355,0.1341],[40.2355,0.1349],[40.2393,0.1341],[40.239,0.1352],[40.2353,0.1358],[40.2358,0.1371]],[[40.235,0.1382],[40.2353,0.1379],[40.2353,0.1382],[40.235,0.1382]],[[40.242,0.1395],[40.2409,0.1395],[40.2412,0.1384],[40.2415,0.1384],[40.242,0.1395]],[[40.2393,0.1347],[40.2398,0.1341],[40.2401,0.1347],[40.2393,0.1347]],[[40.2355,0.1376],[40.2361,0.1376],[40.2361,0.1363],[40.2379,0.136],[40.2379,0.1395],[40.2363,0.139],[40.2355,0.1376]],[[40.2385,0.139],[40.2396,0.1387],[40.2396,0.1393],[40.2385,0.139]],[[40.2398,0.1398],[40.2401,0.139],[40.2401,0.1398],[40.2398,0.1398]],[[40.2436,0.1368],[40.2431,0.1363],[40.2436,0.1363],[40.2436,0.1368]],[[40.2417,0.1355],[40.2423,0.1349],[40.2431,0.1349],[40.2425,0.1358],[40.2417,0.1355]],[[40.2428,0.1379],[40.242,0.1376],[40.2425,0.1374],[40.2428,0.1379]],[[40.2423,0.1347],[40.2417,0.1344],[40.2423,0.1344],[40.2423,0.1347]],[[40.2418,0.1331],[40.2415,0.133],[40.2418,0.133],[40.2418,0.1331]],[[40.2415,0.1374],[40.2412,0.1366],[40.2415,0.1366],[40.2415,0.1374]],[[40.2404,0.1336],[40.2409,0.1341],[40.2404,0.1341],[40.2404,0.1336]],[[40.2412,0.1331],[40.2409,0.1331],[40.2401,0.1333],[40.2401,0.1328],[40.2401,0.133],[40.2409,0.1329],[40.2412,0.1331]],[[40.2409,0.1387],[40.2404,0.1384],[40.2409,0.1382],[40.2409,0.1387]],[[40.2404,0.1368],[40.2401,0.1366],[40.2404,0.1366],[40.2404,0.1368]],[[40.2404,0.1368],[40.2406,0.1368],[40.2406,0.1374],[40.2404,0.1374],[40.2404,0.1368]],[[40.2393,0.1384],[40.2393,0.1376],[40.239,0.1374],[40.2398,0.1379],[40.2393,0.1384]],[[40.2396,0.1328],[40.239,0.1326],[40.2396,0.1326],[40.2396,0.1328]],[[40.2393,0.136],[40.239,0.1358],[40.2393,0.1358],[40.2393,0.136]],[[40.2388,0.1368],[40.239,0.1371],[40.2388,0.1371],[40.2388,0.1368]],[[40.2385,0.1326],[40.2387,0.1328],[40.2385,0.1328],[40.2385,0.1326]],[[40.2377,0.1325],[40.2377,0.1331],[40.2374,0.1332],[40.2377,0.1325]],[[40.2375,0.132],[40.2374,0.1319],[40.2375,0.1319],[40.2375,0.132]],[[40.2371,0.1333],[40.2373,0.1335],[40.2371,0.1335],[40.2371,0.1333]],[[40.2371,0.1398],[40.2363,0.1403],[40.2363,0.1398],[40.2371,0.1398]],[[40.2369,0.1419],[40.2363,0.1409],[40.2369,0.1406],[40.2369,0.1419]],[[40.2347,0.1403],[40.2342,0.1398],[40.2347,0.1398],[40.2347,0.1403]],[[40.2347,0.1403],[40.2353,0.1401],[40.2361,0.1411],[40.2355,0.1425],[40.2347,0.1422],[40.2347,0.1403]]],[[[40.2353,0.1341],[40.2355,0.1339],[40.2353,0.1339],[40.2353,0.1341]]],[[[40.2415,0.1323],[40.2417,0.132],[40.2415,0.132],[40.2415,0.1323]]],[[[40.2406,0.1409],[40.2404,0.1411],[40.2406,0.1411],[40.2406,0.1409]]],[[[40.2361,0.1376],[40.2363,0.1379],[40.2363,0.1376],[40.2361,0.1376]]],[[[40.2453,0.1425],[40.245,0.1421],[40.245,0.1425],[40.2453,0.1425]]],[[[40.2452,0.2339],[40.245,0.2336],[40.245,0.2339],[40.2452,0.2339]]],[[[40.2452,0.1287],[40.245,0.1285],[40.245,0.1287],[40.2452,0.1287]]],[[[40.2452,0.0845],[40.2444,0.0856],[40.2452,0.0859],[40.2452,0.0845]]],[[[40.245,0.0845],[40.2452,0.0832],[40.2444,0.0832],[40.2441,0.084],[40.245,0.0845]]],[[[40.2441,0.1544],[40.245,0.1549],[40.245,0.1544],[40.2441,0.1544]]],[[[40.245,0.2242],[40.2447,0.2239],[40.2447,0.2242],[40.245,0.2242]]],[[[40.245,0.1611],[40.2447,0.1608],[40.2447,0.1611],[40.245,0.1611]]],[[[40.245,0.2061],[40.2441,0.2067],[40.245,0.2064],[40.245,0.2061]]],[[[40.245,0.0918],[40.2447,0.0915],[40.2447,0.0918],[40.245,0.0918]]],[[[40.2448,0.1411],[40.2446,0.1413],[40.2448,0.1413],[40.2448,0.1411]]],[[[40.2447,0.1999],[40.2443,0.2003],[40.2447,0.2002],[40.2447,0.1999]]],[[[40.2447,-0.0449],[40.2444,-0.0454],[40.2444,-0.0449],[40.2447,-0.0449]]],[[[40.2447,0.0826],[40.2444,0.0824],[40.2444,0.0826],[40.2447,0.0826]]],[[[40.2439,0.1986],[40.2444,0.198],[40.2441,0.198],[40.2439,0.1986]]],[[[40.2444,0.2485],[40.2439,0.2482],[40.2439,0.2485],[40.2444,0.2485]]],[[[40.2439,0.2307],[40.2444,0.2304],[40.2439,0.2301],[40.2439,0.2307]]],[[[40.2442,0.144],[40.2439,0.143],[40.2439,0.1441],[40.2442,0.144]]],[[[40.2444,0.2328],[40.2439,0.2323],[40.2439,0.2328],[40.2444,0.2328]]],[[[40.2443,0.2009],[40.2435,0.2012],[40.2435,0.2016],[40.2443,0.2009]]],[[[40.2437,0.2517],[40.244,0.2521],[40.2443,0.252],[40.2437,0.2517]]],[[[40.2443,0.2543],[40.2441,0.2541],[40.2441,0.2543],[40.2443,0.2543]]],[[[40.2441,0.1509],[40.2439,0.1503],[40.2439,0.1509],[40.2441,0.1509]]],[[[40.2439,0.0886],[40.2433,0.088],[40.2433,0.0886],[40.2439,0.0886]]],[[[40.2439,0.2551],[40.2437,0.2549],[40.2437,0.2551],[40.2439,0.2551]]],[[[40.2439,0.2007],[40.2436,0.2005],[40.2436,0.2007],[40.2439,0.2007]]],[[[40.2439,0.0824],[40.2436,0.0818],[40.2436,0.0824],[40.2439,0.0824]]],[[[40.2433,0.1206],[40.2439,0.1209],[40.2439,0.1206],[40.2433,0.1206]]],[[[40.2436,0.1212],[40.2431,0.1215],[40.2436,0.1217],[40.2436,0.1212]]],[[[40.2438,0.1319],[40.2426,0.1317],[40.2425,0.132],[40.2438,0.1319]]],[[[40.2436,0.245],[40.2423,0.245],[40.2436,0.2455],[40.2436,0.245]]],[[[40.2431,0.129],[40.2436,0.1287],[40.2431,0.1287],[40.2431,0.129]]],[[[40.2436,0.0899],[40.2433,0.0891],[40.2433,0.0899],[40.2436,0.0899]]],[[[40.2436,0.2479],[40.2433,0.2477],[40.2433,0.2479],[40.2436,0.2479]]],[[[40.2432,0.2461],[40.2423,0.2468],[40.2434,0.2466],[40.2432,0.2461]]],[[[40.243,0.1274],[40.241,0.1272],[40.2405,0.128],[40.2431,0.1283],[40.243,0.1274]]],[[[40.2433,-0.0406],[40.2431,-0.0409],[40.2431,-0.0406],[40.2433,-0.0406]]],[[[40.2433,0.1633],[40.2428,0.1627],[40.2428,0.1633],[40.2433,0.1633]]],[[[40.2433,-0.0438],[40.2428,-0.0441],[40.2428,-0.0438],[40.2433,-0.0438]]],[[[40.2425,0.2007],[40.2427,0.2016],[40.2431,0.2009],[40.2425,0.2007]]],[[[40.2431,0.0902],[40.2428,0.0899],[40.2428,0.0902],[40.2431,0.0902]]],[[[40.2429,0.2566],[40.2418,0.2563],[40.2416,0.2571],[40.2429,0.2566]]],[[[40.2428,-0.0371],[40.2425,-0.0374],[40.2425,-0.0371],[40.2428,-0.0371]]],[[[40.2428,0.242],[40.2425,0.2417],[40.2425,0.242],[40.2428,0.242]]],[[[40.2423,0.203],[40.2427,0.2034],[40.2426,0.2027],[40.2423,0.203]]],[[[40.2423,0.2474],[40.2426,0.2471],[40.2422,0.2472],[40.2423,0.2474]]],[[[40.2425,0.2291],[40.2417,0.2285],[40.2417,0.2288],[40.2425,0.2291]]],[[[40.2425,0.1511],[40.2423,0.1509],[40.2423,0.1511],[40.2425,0.1511]]],[[[40.242,0.1229],[40.2418,0.1234],[40.2423,0.123],[40.242,0.1229]]],[[[40.2423,-0.0371],[40.242,-0.0382],[40.242,-0.0371],[40.2423,-0.0371]]],[[[40.2423,0.1455],[40.2415,0.1455],[40.2417,0.1465],[40.2423,0.1465],[40.2423,0.1455]]],[[[40.2423,0.1471],[40.242,0.1468],[40.242,0.1471],[40.2423,0.1471]]],[[[40.2423,0.1878],[40.242,0.1875],[40.242,0.1878],[40.2423,0.1878]]],[[[40.2382,0.2137],[40.2382,0.214],[40.2388,0.214],[40.2388,0.2137],[40.2382,0.2137]]],[[[40.2404,0.2126],[40.2401,0.2129],[40.2404,0.2129],[40.2404,0.2126]]],[[[40.2417,0.0907],[40.2415,0.0905],[40.2415,0.0907],[40.2417,0.0907]]],[[[40.2417,0.2423],[40.2415,0.242],[40.2415,0.2423],[40.2417,0.2423]]],[[[40.2417,0.2501],[40.2412,0.2498],[40.2412,0.2501],[40.2417,0.2501]]],[[[40.2417,0.1972],[40.2415,0.1975],[40.2417,0.1975],[40.2417,0.1972]]],[[[40.2412,0.1972],[40.2415,0.197],[40.2412,0.197],[40.2412,0.1972]]],[[[40.2412,0.1228],[40.2415,0.1226],[40.2412,0.1227],[40.2412,0.1228]]],[[[40.2415,0.2044],[40.2413,0.2041],[40.2414,0.2044],[40.2415,0.2044]]],[[[40.2339,-0.0403],[40.2326,-0.0414],[40.2342,-0.0406],[40.2334,-0.0441],[40.2323,-0.0436],[40.2331,-0.0428],[40.2323,-0.0414],[40.232,-0.0428],[40.2309,-0.0425],[40.2323,-0.0409],[40.232,-0.0393],[40.2336,-0.039],[40.2339,-0.0403]],[[40.2326,-0.0403],[40.2331,-0.0401],[40.2326,-0.0401],[40.2326,-0.0403]]],[[[40.2342,-0.0419],[40.2353,-0.0414],[40.2355,-0.0425],[40.2366,-0.0409],[40.2366,-0.0401],[40.2344,-0.0401],[40.2344,-0.0384],[40.2369,-0.0379],[40.2358,-0.0384],[40.2371,-0.0387],[40.2369,-0.0401],[40.2377,-0.0393],[40.2382,-0.0403],[40.2404,-0.0401],[40.2409,-0.0433],[40.2401,-0.0438],[40.2415,-0.0441],[40.2401,-0.0444],[40.2385,-0.043],[40.239,-0.0422],[40.2371,-0.0422],[40.2374,-0.0414],[40.2366,-0.0417],[40.2374,-0.0436],[40.2363,-0.0438],[40.2355,-0.043],[40.2344,-0.0436],[40.2342,-0.0419]],[[40.2366,-0.0433],[40.2363,-0.043],[40.2363,-0.0433],[40.2366,-0.0433]],[[40.2388,-0.0409],[40.2385,-0.0411],[40.2388,-0.0411],[40.2388,-0.0409]],[[40.2385,-0.0417],[40.2379,-0.0419],[40.2385,-0.0419],[40.2385,-0.0417]],[[40.2377,-0.0403],[40.2371,-0.0409],[40.2377,-0.0411],[40.2377,-0.0403]]],[[[40.235,-0.0438],[40.2353,-0.0436],[40.2353,-0.0438],[40.235,-0.0438]]],[[[40.239,-0.0387],[40.2382,-0.0387],[40.2374,-0.0384],[40.239,-0.0387]]],[[[40.2339,-0.039],[40.2336,-0.0387],[40.2339,-0.0387],[40.2339,-0.039]]],[[[40.2407,0.258],[40.2409,0.2567],[40.2399,0.2575],[40.2407,0.258]]],[[[40.2406,0.2285],[40.2412,0.2291],[40.2412,0.2285],[40.2406,0.2285]]],[[[40.2406,0.2293],[40.2404,0.2291],[40.2404,0.2293],[40.2406,0.2293]]],[[[40.2412,0.1465],[40.2409,0.1474],[40.2412,0.1474],[40.2412,0.1465]]],[[[40.2412,-0.0376],[40.2409,-0.0374],[40.2412,-0.0374],[40.2412,-0.0376]]],[[[40.2406,-0.0376],[40.2409,-0.0379],[40.2406,-0.0379],[40.2406,-0.0376]]],[[[40.2412,0.1641],[40.2406,0.1635],[40.2406,0.1641],[40.2412,0.1641]]],[[[40.2412,0.0972],[40.2401,0.0966],[40.2401,0.0969],[40.2412,0.0972]]],[[[40.2412,0.1411],[40.2409,0.1409],[40.2409,0.1411],[40.2412,0.1411]]],[[[40.241,0.1267],[40.2402,0.1259],[40.2395,0.1265],[40.2387,0.1243],[40.2379,0.1243],[40.2376,0.1252],[40.2394,0.1276],[40.241,0.1267]]],[[[40.2404,0.2134],[40.2393,0.214],[40.2406,0.214],[40.2404,0.2134]]],[[[40.2409,0.214],[40.2406,0.2142],[40.2409,0.2142],[40.2409,0.214]]],[[[40.2406,0.1589],[40.2396,0.1595],[40.2409,0.1598],[40.2406,0.1589]]],[[[40.2366,0.0309],[40.2374,0.0311],[40.2377,0.0301],[40.2374,0.0301],[40.2366,0.0309]]],[[[40.2363,0.0309],[40.2366,0.0306],[40.2363,0.0306],[40.2363,0.0309]]],[[[40.2374,0.0311],[40.2379,0.0328],[40.2409,0.0317],[40.2409,0.0314],[40.2374,0.0311]]],[[[40.2409,-0.0527],[40.2404,-0.0546],[40.239,-0.0511],[40.2344,-0.0514],[40.2344,-0.0511],[40.235,-0.0498],[40.2361,-0.05],[40.2355,-0.0495],[40.239,-0.0506],[40.2388,-0.049],[40.2396,-0.0487],[40.2398,-0.0522],[40.2409,-0.0527]]],[[[40.2406,0.0306],[40.2404,0.0303],[40.2404,0.0306],[40.2406,0.0306]]],[[[40.1945,0.0797],[40.191,0.0802],[40.1941,0.0802],[40.1945,0.081],[40.1932,0.0815],[40.1937,0.0824],[40.194,0.0818],[40.1956,0.0818],[40.1975,0.0834],[40.2007,0.084],[40.2015,0.0853],[40.2053,0.088],[40.2059,0.0896],[40.2048,0.0896],[40.2048,0.0907],[40.2059,0.091],[40.2061,0.0902],[40.2067,0.0918],[40.2056,0.0921],[40.2077,0.0923],[40.208,0.0931],[40.2094,0.0921],[40.2094,0.0907],[40.211,0.0923],[40.2123,0.0921],[40.2126,0.0929],[40.2129,0.0921],[40.2099,0.0899],[40.2107,0.0894],[40.2115,0.0894],[40.2115,0.0886],[40.2122,0.0895],[40.2123,0.0891],[40.2137,0.0891],[40.2142,0.0886],[40.2148,0.0896],[40.2134,0.0899],[40.215,0.0926],[40.215,0.0905],[40.2166,0.0899],[40.2161,0.0907],[40.2172,0.0905],[40.2169,0.0921],[40.218,0.0915],[40.2183,0.0931],[40.2196,0.0929],[40.221,0.095],[40.2212,0.094],[40.2223,0.095],[40.2228,0.0934],[40.2234,0.095],[40.2247,0.094],[40.2263,0.094],[40.2272,0.095],[40.2282,0.0948],[40.228,0.094],[40.2297,0.0944],[40.2323,0.0938],[40.233,0.095],[40.2348,0.0947],[40.2361,0.0964],[40.2374,0.0953],[40.2379,0.0966],[40.2382,0.0956],[40.2366,0.0948],[40.2363,0.0945],[40.2366,0.0939],[40.2374,0.0948],[40.2379,0.094],[40.2393,0.0964],[40.2401,0.0964],[40.2401,0.0945],[40.239,0.0945],[40.2396,0.0926],[40.2382,0.0921],[40.2382,0.0907],[40.2401,0.0915],[40.2406,0.0905],[40.2396,0.0883],[40.2374,0.088],[40.2377,0.0899],[40.2361,0.0907],[40.2363,0.0918],[40.2344,0.0907],[40.2335,0.0918],[40.2348,0.0913],[40.2357,0.0926],[40.2342,0.0921],[40.2339,0.0929],[40.232,0.0911],[40.2319,0.0918],[40.2304,0.0918],[40.2309,0.0926],[40.2293,0.0923],[40.2261,0.0934],[40.2212,0.088],[40.2204,0.0883],[40.2199,0.0861],[40.2193,0.0869],[40.2188,0.0864],[40.2172,0.0869],[40.2166,0.0856],[40.2148,0.0853],[40.2139,0.0832],[40.2134,0.0843],[40.2112,0.0829],[40.2064,0.0832],[40.2048,0.0824],[40.2053,0.0806],[40.2005,0.0813],[40.1986,0.0802],[40.197,0.0807],[40.197,0.0791],[40.1953,0.0797],[40.1953,0.0791],[40.194,0.0789],[40.1945,0.0797]],[[40.2024,0.0853],[40.2021,0.0851],[40.2024,0.0851],[40.2024,0.0853]],[[40.2021,0.0848],[40.2018,0.0851],[40.2018,0.0848],[40.2021,0.0848]],[[40.2091,0.0918],[40.2088,0.0921],[40.2088,0.0918],[40.2091,0.0918]],[[40.2094,0.0905],[40.2088,0.0907],[40.2088,0.0905],[40.2094,0.0905]],[[40.2115,0.0886],[40.2112,0.0891],[40.2102,0.0886],[40.2096,0.0861],[40.2107,0.088],[40.212,0.088],[40.2115,0.0886]],[[40.211,0.0871],[40.2108,0.0878],[40.2108,0.0871],[40.211,0.0871]],[[40.2137,0.0883],[40.2134,0.0888],[40.2134,0.0883],[40.2137,0.0883]],[[40.2169,0.0902],[40.2172,0.0896],[40.2174,0.0902],[40.2169,0.0902]],[[40.2174,0.0896],[40.2172,0.0894],[40.2174,0.0894],[40.2174,0.0896]],[[40.2183,0.0894],[40.2174,0.0892],[40.2183,0.0891],[40.2183,0.0894]],[[40.2188,0.0915],[40.218,0.091],[40.2188,0.0913],[40.2188,0.0915]],[[40.2201,0.0934],[40.2207,0.0929],[40.2207,0.0934],[40.2201,0.0934]],[[40.222,0.094],[40.2218,0.0942],[40.2218,0.094],[40.222,0.094]],[[40.2236,0.0929],[40.2231,0.0931],[40.2226,0.0929],[40.2236,0.0929]],[[40.2223,0.0931],[40.2226,0.0937],[40.2223,0.0937],[40.2223,0.0931]],[[40.2276,0.0942],[40.228,0.0944],[40.2276,0.0943],[40.2276,0.0942]],[[40.2327,0.0942],[40.2328,0.0941],[40.2328,0.0942],[40.2327,0.0942]],[[40.2401,0.0905],[40.2379,0.0902],[40.2379,0.0894],[40.2393,0.0888],[40.2388,0.0896],[40.2401,0.0905]],[[40.2363,0.0918],[40.2364,0.0918],[40.2363,0.0918],[40.2363,0.0918]],[[40.2308,0.0921],[40.2309,0.0921],[40.2308,0.0921],[40.2308,0.0921]],[[40.2183,0.0872],[40.2187,0.0869],[40.2188,0.0872],[40.2183,0.0872]],[[40.2191,0.0877],[40.2193,0.0872],[40.2193,0.0877],[40.2191,0.0877]],[[40.2377,0.0907],[40.2379,0.0913],[40.2377,0.0913],[40.2377,0.0907]],[[40.2372,0.0918],[40.2374,0.0921],[40.2372,0.0921],[40.2372,0.0918]],[[40.2364,0.0954],[40.2366,0.0957],[40.2363,0.0957],[40.2364,0.0954]],[[40.2361,0.0925],[40.2365,0.0922],[40.2366,0.0926],[40.2361,0.0925]],[[40.2348,0.0935],[40.2347,0.0945],[40.2344,0.0937],[40.2348,0.0935]],[[40.2347,0.0926],[40.2351,0.0929],[40.2346,0.0929],[40.2347,0.0926]],[[40.235,0.0946],[40.2351,0.0948],[40.235,0.0948],[40.235,0.0946]],[[40.2333,0.0932],[40.2336,0.0934],[40.2333,0.0934],[40.2333,0.0932]],[[40.233,0.0942],[40.2332,0.0942],[40.233,0.0942],[40.233,0.0942]],[[40.2324,0.0929],[40.2328,0.0931],[40.2324,0.0931],[40.2324,0.0929]],[[40.2327,0.0938],[40.2325,0.0936],[40.2327,0.0935],[40.2327,0.0938]],[[40.2323,0.0923],[40.2316,0.0921],[40.2323,0.0921],[40.2323,0.0923]],[[40.2308,0.0935],[40.2312,0.0937],[40.2308,0.0938],[40.2308,0.0935]],[[40.23,0.0938],[40.2296,0.094],[40.2297,0.0937],[40.23,0.0938]],[[40.2296,0.0926],[40.2298,0.0929],[40.2296,0.0929],[40.2296,0.0926]],[[40.2236,0.094],[40.2239,0.0942],[40.2236,0.0942],[40.2236,0.094]],[[40.2218,0.0915],[40.2212,0.0913],[40.2218,0.0913],[40.2218,0.0915]],[[40.221,0.0929],[40.2215,0.0934],[40.221,0.0934],[40.221,0.0929]],[[40.2204,0.091],[40.2207,0.0915],[40.2204,0.0915],[40.2204,0.091]],[[40.2201,0.088],[40.2199,0.0877],[40.2201,0.0877],[40.2201,0.088]],[[40.2201,0.0918],[40.2196,0.0913],[40.2199,0.0913],[40.2201,0.0918]],[[40.2201,0.0926],[40.2199,0.0923],[40.2201,0.0923],[40.2201,0.0926]],[[40.2185,0.0888],[40.2196,0.0883],[40.2196,0.0886],[40.2185,0.0888]],[[40.2191,0.0891],[40.2193,0.0888],[40.2193,0.0891],[40.2191,0.0891]],[[40.2158,0.0888],[40.2153,0.0891],[40.2153,0.0886],[40.2158,0.0888]],[[40.2156,0.0867],[40.2158,0.0864],[40.2158,0.0867],[40.2156,0.0867]],[[40.2156,0.0859],[40.2153,0.0864],[40.2153,0.0859],[40.2156,0.0859]],[[40.2142,0.0877],[40.2139,0.0875],[40.2142,0.0875],[40.2142,0.0877]],[[40.2142,0.0883],[40.2139,0.088],[40.2142,0.088],[40.2142,0.0883]],[[40.2137,0.0851],[40.2137,0.0849],[40.2138,0.0851],[40.2137,0.0851]],[[40.2131,0.0875],[40.2129,0.0872],[40.2131,0.0872],[40.2131,0.0875]],[[40.2123,0.0884],[40.2126,0.0886],[40.2123,0.0886],[40.2123,0.0884]],[[40.2118,0.0859],[40.2118,0.0859],[40.2118,0.0859],[40.2118,0.0859]],[[40.2115,0.0853],[40.211,0.0859],[40.211,0.0852],[40.2115,0.0853]],[[40.2112,0.0918],[40.2115,0.0921],[40.2112,0.0921],[40.2112,0.0918]],[[40.211,0.0861],[40.2113,0.0864],[40.211,0.0864],[40.211,0.0861]],[[40.2107,0.0859],[40.2104,0.0856],[40.2107,0.0856],[40.2107,0.0859]],[[40.2094,0.0853],[40.2096,0.0859],[40.2094,0.0859],[40.2094,0.0853]],[[40.2104,0.0853],[40.2099,0.0851],[40.2104,0.0851],[40.2104,0.0853]],[[40.2077,0.088],[40.2075,0.0877],[40.2077,0.0877],[40.2077,0.088]],[[40.2077,0.088],[40.2083,0.088],[40.2094,0.0891],[40.208,0.0891],[40.2077,0.088]],[[40.2091,0.0896],[40.2096,0.0894],[40.2096,0.0896],[40.2091,0.0896]],[[40.2093,0.0846],[40.2096,0.0848],[40.2093,0.0848],[40.2093,0.0846]],[[40.2095,0.0843],[40.2096,0.0843],[40.2096,0.0844],[40.2095,0.0843]],[[40.2094,0.084],[40.2091,0.0843],[40.2091,0.084],[40.2094,0.084]],[[40.2088,0.0853],[40.2091,0.0856],[40.2088,0.0856],[40.2088,0.0853]],[[40.2086,0.0915],[40.2088,0.091],[40.2088,0.0915],[40.2086,0.0915]],[[40.2077,0.0875],[40.2056,0.0864],[40.2053,0.0854],[40.2059,0.0861],[40.208,0.0861],[40.2077,0.0875]],[[40.2069,0.0894],[40.2067,0.0888],[40.2069,0.0888],[40.2069,0.0894]],[[40.2069,0.0894],[40.2075,0.0894],[40.2077,0.0896],[40.2077,0.0902],[40.2069,0.0894]],[[40.2077,0.0907],[40.208,0.0902],[40.208,0.0907],[40.2077,0.0907]],[[40.2075,0.0848],[40.208,0.0851],[40.2075,0.0851],[40.2075,0.0848]],[[40.2075,0.0907],[40.2069,0.0907],[40.2067,0.0902],[40.2075,0.0907]],[[40.2075,0.0886],[40.2069,0.0883],[40.2075,0.0883],[40.2075,0.0886]],[[40.2062,0.0845],[40.2067,0.0851],[40.2061,0.0851],[40.2062,0.0845]],[[40.2064,0.0853],[40.2067,0.0859],[40.2064,0.0859],[40.2064,0.0853]],[[40.2061,0.0886],[40.2056,0.088],[40.2064,0.088],[40.2061,0.0886]],[[40.204,0.0853],[40.2048,0.0859],[40.2042,0.0861],[40.204,0.0853]],[[40.205,0.0851],[40.2048,0.0848],[40.205,0.0848],[40.205,0.0851]],[[40.2045,0.0848],[40.2042,0.0851],[40.2042,0.0848],[40.2045,0.0848]],[[40.2034,0.0815],[40.2043,0.0821],[40.2032,0.0818],[40.2034,0.0815]],[[40.2021,0.084],[40.2026,0.0835],[40.2029,0.0839],[40.2021,0.084]],[[40.2021,0.0835],[40.2018,0.0837],[40.2018,0.0834],[40.2021,0.0835]],[[40.201,0.0823],[40.2007,0.0821],[40.201,0.0821],[40.201,0.0823]],[[40.1986,0.0813],[40.1983,0.081],[40.1986,0.081],[40.1986,0.0813]],[[40.1983,0.0829],[40.1986,0.0832],[40.1983,0.0832],[40.1983,0.0829]],[[40.1964,0.0797],[40.1962,0.0794],[40.1964,0.0794],[40.1964,0.0797]],[[40.1953,0.081],[40.1951,0.0807],[40.1953,0.0807],[40.1953,0.081]],[[40.1945,0.0802],[40.1944,0.0802],[40.1945,0.0802],[40.1945,0.0802]]],[[[40.1932,0.0786],[40.1939,0.0794],[40.1937,0.0786],[40.1932,0.0786]]],[[[40.1948,0.0832],[40.1953,0.0826],[40.1945,0.0821],[40.1948,0.0832]]],[[[40.2123,0.0931],[40.2121,0.0929],[40.2121,0.0931],[40.2123,0.0931]]],[[[40.2115,0.091],[40.2129,0.091],[40.2123,0.0905],[40.2134,0.0902],[40.2121,0.0896],[40.2115,0.091]]],[[[40.2107,0.0896],[40.211,0.0905],[40.211,0.0896],[40.2107,0.0896]]],[[[40.2118,0.0894],[40.2114,0.0897],[40.2118,0.0899],[40.2118,0.0894]]],[[[40.2107,0.0886],[40.211,0.0883],[40.2107,0.0883],[40.2107,0.0886]]],[[[40.2218,0.0953],[40.2215,0.0961],[40.222,0.0961],[40.2218,0.0953]]],[[[40.2196,0.0861],[40.2194,0.0854],[40.2188,0.0853],[40.2189,0.0858],[40.2196,0.0861]]],[[[40.2172,0.0861],[40.2174,0.0867],[40.2174,0.0861],[40.2172,0.0861]]],[[[40.2406,0.2439],[40.2404,0.2436],[40.2404,0.2439],[40.2406,0.2439]]],[[[40.2406,0.2312],[40.2404,0.2307],[40.2404,0.2312],[40.2406,0.2312]]],[[[40.2405,0.2566],[40.2403,0.2569],[40.2406,0.2569],[40.2405,0.2566]]],[[[40.2404,0.1428],[40.2398,0.1425],[40.2398,0.1428],[40.2404,0.1428]]],[[[40.2398,0.1535],[40.2404,0.1527],[40.2401,0.1527],[40.2398,0.1535]]],[[[40.2404,-0.0384],[40.2401,-0.0382],[40.2404,-0.0382],[40.2404,-0.0384]]],[[[40.2398,-0.0384],[40.2401,-0.0387],[40.2398,-0.0387],[40.2398,-0.0384]]],[[[40.2404,0.1298],[40.2401,0.1293],[40.2401,0.1298],[40.2404,0.1298]]],[[[40.2401,0.1225],[40.2398,0.1223],[40.2398,0.1225],[40.2401,0.1225]]],[[[40.2401,0.1905],[40.2398,0.1902],[40.2398,0.1905],[40.2401,0.1905]]],[[[40.2401,0.0937],[40.2398,0.0934],[40.2398,0.0937],[40.2401,0.0937]]],[[[40.2398,0.2288],[40.2396,0.2285],[40.2396,0.2288],[40.2398,0.2288]]],[[[40.2396,0.1316],[40.2392,0.1311],[40.2388,0.1312],[40.2388,0.1314],[40.2396,0.1316]]],[[[40.2396,-0.039],[40.2393,-0.0393],[40.2393,-0.039],[40.2396,-0.039]]],[[[40.2396,0.2034],[40.2393,0.2032],[40.2393,0.2034],[40.2396,0.2034]]],[[[40.2393,0.2053],[40.2388,0.2048],[40.239,0.2053],[40.2393,0.2053]]],[[[40.239,0.2005],[40.2388,0.2007],[40.2393,0.2007],[40.239,0.2005]]],[[[40.2393,0.2042],[40.239,0.204],[40.239,0.2042],[40.2393,0.2042]]],[[[40.2393,0.0303],[40.239,0.0301],[40.239,0.0303],[40.2393,0.0303]]],[[[40.2393,0.1463],[40.239,0.1455],[40.239,0.1463],[40.2393,0.1463]]],[[[40.2393,0.1436],[40.239,0.1433],[40.239,0.1436],[40.2393,0.1436]]],[[[40.239,0.2595],[40.2388,0.259],[40.2388,0.2595],[40.239,0.2595]]],[[[40.2385,0.0991],[40.239,0.098],[40.2388,0.098],[40.2385,0.0991]]],[[[40.239,0.1579],[40.2382,0.1573],[40.2382,0.1576],[40.239,0.1579]]],[[[40.2388,0.128],[40.2386,0.1277],[40.2385,0.128],[40.2388,0.128]]],[[[40.2382,0.1444],[40.2385,0.1447],[40.2388,0.1444],[40.2382,0.1444]]],[[[40.2388,0.0964],[40.2385,0.0961],[40.2385,0.0964],[40.2388,0.0964]]],[[[40.2379,0.2563],[40.2388,0.2557],[40.2379,0.256],[40.2379,0.2563]]],[[[40.2374,0.1527],[40.2385,0.1538],[40.2388,0.153],[40.2374,0.1527]]],[[[40.2388,0.2015],[40.2379,0.2021],[40.2388,0.2018],[40.2388,0.2015]]],[[[40.2382,0.1881],[40.2379,0.1878],[40.2379,0.1881],[40.2382,0.1881]]],[[[40.2366,0.2609],[40.2382,0.2603],[40.2363,0.2605],[40.2366,0.2609]]],[[[40.2382,0.0306],[40.2379,0.0303],[40.2379,0.0306],[40.2382,0.0306]]],[[[40.2382,0.098],[40.2379,0.0975],[40.2379,0.098],[40.2382,0.098]]],[[[40.2379,0.1298],[40.2368,0.13],[40.2367,0.1305],[40.2373,0.1308],[40.2379,0.1298]]],[[[40.2353,0.1595],[40.2328,0.1616],[40.2363,0.1606],[40.2353,0.1595]]],[[[40.2366,0.1606],[40.2363,0.1608],[40.2366,0.1608],[40.2366,0.1606]]],[[[40.2366,0.1603],[40.2369,0.1606],[40.2369,0.1603],[40.2366,0.1603]]],[[[40.2369,0.1598],[40.2379,0.1595],[40.2379,0.1589],[40.2369,0.1598]]],[[[40.2379,-0.0481],[40.2371,-0.0484],[40.2371,-0.0479],[40.2379,-0.0481]]],[[[40.2366,-0.0465],[40.2377,-0.0465],[40.2377,-0.0471],[40.2371,-0.0473],[40.2366,-0.0465]]],[[[40.2366,-0.0463],[40.2363,-0.0465],[40.2363,-0.0463],[40.2366,-0.0463]]],[[[40.2377,0.1452],[40.2374,0.1444],[40.2374,0.1452],[40.2377,0.1452]]],[[[40.2377,0.2037],[40.2374,0.2034],[40.2374,0.2037],[40.2377,0.2037]]],[[[40.2377,0.1881],[40.2374,0.1878],[40.2374,0.1881],[40.2377,0.1881]]],[[[40.2372,0.1257],[40.2361,0.1256],[40.2371,0.1244],[40.2341,0.1243],[40.2337,0.1252],[40.2374,0.1275],[40.2372,0.1257]]],[[[40.2374,0.0171],[40.2356,0.0155],[40.235,0.0155],[40.2374,0.0171]]],[[[40.2366,0.1374],[40.2369,0.1382],[40.2369,0.1387],[40.2374,0.1374],[40.2366,0.1374]]],[[[40.2374,0.0972],[40.2371,0.0969],[40.2371,0.0972],[40.2374,0.0972]]],[[[40.2374,0.1441],[40.2369,0.1438],[40.2369,0.1441],[40.2374,0.1441]]],[[[40.2372,0.0968],[40.237,0.0965],[40.237,0.0968],[40.2372,0.0968]]],[[[40.2363,-0.0449],[40.2371,-0.0444],[40.2371,-0.0446],[40.2363,-0.0449]]],[[[40.2371,0.0891],[40.2369,0.0888],[40.2369,0.0891],[40.2371,0.0891]]],[[[40.2371,0.246],[40.2369,0.2458],[40.2369,0.246],[40.2371,0.246]]],[[[40.2371,-0.0457],[40.2369,-0.046],[40.2369,-0.0457],[40.2371,-0.0457]]],[[[40.2369,0.0886],[40.2366,0.0877],[40.2366,0.0886],[40.2369,0.0886]]],[[[40.2369,0.1174],[40.2366,0.1172],[40.2366,0.1174],[40.2369,0.1174]]],[[[40.2369,0.1465],[40.2366,0.1463],[40.2366,0.1465],[40.2369,0.1465]]],[[[40.2369,0.1643],[40.2366,0.1641],[40.2366,0.1643],[40.2369,0.1643]]],[[[40.2353,-0.0481],[40.2369,-0.0476],[40.2366,-0.0492],[40.2353,-0.0492],[40.2353,-0.0481]]],[[[40.2368,0.0381],[40.2364,0.0384],[40.2368,0.0386],[40.2368,0.0381]]],[[[40.2361,0.1312],[40.2362,0.1319],[40.2367,0.1316],[40.2361,0.1312]]],[[[40.2355,0.2458],[40.2367,0.2459],[40.2367,0.2455],[40.2358,0.2454],[40.2355,0.2458]]],[[[40.2366,0.1047],[40.2363,0.1045],[40.2363,0.1047],[40.2366,0.1047]]],[[[40.2366,0.0899],[40.2363,0.0896],[40.2363,0.0899],[40.2366,0.0899]]],[[[40.2358,0.1093],[40.2363,0.1088],[40.2358,0.1091],[40.2358,0.1093]]],[[[40.2362,0.1308],[40.235,0.1301],[40.234,0.1308],[40.2362,0.1308]]],[[[40.2358,0.1878],[40.2361,0.1881],[40.2363,0.1878],[40.2358,0.1878]]],[[[40.2363,0.0877],[40.2358,0.0872],[40.2358,0.0877],[40.2363,0.0877]]],[[[40.2363,0.101],[40.2358,0.1007],[40.2358,0.101],[40.2363,0.101]]],[[[40.2355,0.1562],[40.2331,0.1557],[40.232,0.1568],[40.2336,0.1565],[40.2363,0.1587],[40.2355,0.1562]]],[[[40.2363,0.0346],[40.2358,0.0349],[40.2355,0.0352],[40.2363,0.0346]]],[[[40.2354,0.0388],[40.2358,0.0394],[40.236,0.0394],[40.236,0.0389],[40.2354,0.0388]]],[[[40.2355,0.0972],[40.2361,0.0975],[40.2361,0.0972],[40.2355,0.0972]]],[[[40.2355,0.0977],[40.235,0.0975],[40.235,0.0977],[40.2355,0.0977]]],[[[40.2361,0.1705],[40.2355,0.1703],[40.2355,0.1705],[40.2361,0.1705]]],[[[40.2355,0.0362],[40.2342,0.0379],[40.2361,0.0379],[40.2355,0.0362]]],[[[40.2361,0.1268],[40.2355,0.1271],[40.2361,0.1271],[40.2361,0.1268]]],[[[40.2353,0.1268],[40.2355,0.1266],[40.2353,0.1266],[40.2353,0.1268]]],[[[40.2361,-0.0454],[40.2358,-0.0457],[40.2358,-0.0454],[40.2361,-0.0454]]],[[[40.2353,0.0905],[40.2361,0.0899],[40.2353,0.0902],[40.2353,0.0905]]],[[[40.2361,0.1441],[40.2358,0.1438],[40.2358,0.1441],[40.2361,0.1441]]],[[[40.2347,0.2571],[40.2361,0.2571],[40.2361,0.256],[40.2347,0.2571]]],[[[40.2358,0.0969],[40.2355,0.0966],[40.2355,0.0969],[40.2358,0.0969]]],[[[40.2358,0.0991],[40.2355,0.0985],[40.2355,0.0991],[40.2358,0.0991]]],[[[40.2353,0.0168],[40.2354,0.0171],[40.2357,0.0169],[40.2353,0.0168]]],[[[40.2356,0.1028],[40.2352,0.1027],[40.2352,0.1028],[40.2356,0.1028]]],[[[40.2355,0.1088],[40.2353,0.1085],[40.2353,0.1088],[40.2355,0.1088]]],[[[40.2337,0.099],[40.2344,0.0983],[40.2339,0.0983],[40.2337,0.099]]],[[[40.235,0.0985],[40.2344,0.0991],[40.2355,0.0996],[40.235,0.0985]]],[[[40.2355,0.1015],[40.2353,0.1012],[40.2353,0.1015],[40.2355,0.1015]]],[[[40.2353,0.1201],[40.2355,0.1204],[40.2355,0.1201],[40.2353,0.1201]]],[[[40.2353,0.1206],[40.235,0.1204],[40.235,0.1206],[40.2353,0.1206]]],[[[40.2355,0.2053],[40.2353,0.2051],[40.2353,0.2053],[40.2355,0.2053]]],[[[40.2353,0.1856],[40.235,0.1854],[40.235,0.1856],[40.2353,0.1856]]],[[[40.2353,0.0966],[40.235,0.0964],[40.235,0.0966],[40.2353,0.0966]]],[[[40.235,-0.0406],[40.2347,-0.0409],[40.2347,-0.0406],[40.235,-0.0406]]],[[[40.235,0.1088],[40.2347,0.1085],[40.2347,0.1088],[40.235,0.1088]]],[[[40.235,0.1851],[40.2347,0.1846],[40.2347,0.1851],[40.235,0.1851]]],[[[40.2347,-0.0463],[40.2342,-0.0471],[40.2344,-0.0463],[40.2347,-0.0463]]],[[[40.2347,0.0328],[40.2342,0.0322],[40.2342,0.033],[40.2347,0.0328]]],[[[40.2347,-0.0444],[40.2342,-0.0446],[40.2342,-0.0441],[40.2347,-0.0444]]],[[[40.2347,0.1008],[40.2345,0.1006],[40.2345,0.1008],[40.2347,0.1008]]],[[[40.2247,0.1465],[40.2266,0.1471],[40.2266,0.146],[40.2272,0.1468],[40.2285,0.1465],[40.2288,0.1455],[40.2277,0.1447],[40.2261,0.1457],[40.2253,0.1452],[40.2247,0.1465]],[[40.2258,0.1468],[40.2261,0.1465],[40.2261,0.1468],[40.2258,0.1468]]],[[[40.2277,0.1441],[40.2301,0.1465],[40.2307,0.1452],[40.2296,0.1457],[40.2296,0.1438],[40.2312,0.1441],[40.2317,0.1428],[40.2336,0.1433],[40.2336,0.1422],[40.2328,0.1422],[40.2334,0.1401],[40.2312,0.1393],[40.229,0.1401],[40.2293,0.1433],[40.2282,0.1438],[40.228,0.143],[40.2277,0.1441]],[[40.2328,0.1411],[40.2323,0.1406],[40.2328,0.1406],[40.2328,0.1411]],[[40.2323,0.1425],[40.2317,0.1419],[40.2323,0.1419],[40.2323,0.1425]],[[40.2301,0.1428],[40.2307,0.1433],[40.2301,0.1433],[40.2301,0.1428]]],[[[40.2339,0.143],[40.2344,0.1436],[40.2344,0.143],[40.2339,0.143]]],[[[40.2304,0.1465],[40.2301,0.1471],[40.2304,0.1471],[40.2304,0.1465]]],[[[40.2315,0.1541],[40.2301,0.1517],[40.2304,0.1538],[40.232,0.1554],[40.2339,0.1554],[40.2344,0.1544],[40.2336,0.1538],[40.2328,0.1541],[40.2326,0.153],[40.2315,0.1541]],[[40.2334,0.1541],[40.2336,0.1544],[40.2334,0.1544],[40.2334,0.1541]],[[40.2323,0.1541],[40.2326,0.1546],[40.2323,0.1546],[40.2323,0.1541]]],[[[40.2344,0.1492],[40.2342,0.1487],[40.2342,0.1492],[40.2344,0.1492]]],[[[40.2344,0.1872],[40.2342,0.187],[40.2342,0.1872],[40.2344,0.1872]]],[[[40.2344,-0.0487],[40.2342,-0.0492],[40.2342,-0.0487],[40.2344,-0.0487]]],[[[40.2344,-0.0481],[40.2342,-0.0484],[40.2342,-0.0481],[40.2344,-0.0481]]],[[[40.2284,0.0976],[40.2285,0.1009],[40.2294,0.1019],[40.2304,0.1016],[40.231,0.1031],[40.2301,0.1023],[40.2297,0.1027],[40.2306,0.1033],[40.2306,0.1043],[40.2313,0.1037],[40.2332,0.1039],[40.2328,0.1023],[40.2312,0.1013],[40.2326,0.1009],[40.2336,0.1018],[40.2343,0.1002],[40.232,0.0996],[40.2318,0.1007],[40.2313,0.1012],[40.2312,0.0999],[40.2305,0.1006],[40.2296,0.0996],[40.2301,0.0993],[40.2292,0.0989],[40.2302,0.0987],[40.2298,0.0976],[40.2284,0.0976]],[[40.2294,0.0992],[40.2295,0.0993],[40.2294,0.0993],[40.2294,0.0992]],[[40.2323,0.1037],[40.2323,0.1038],[40.2323,0.1038],[40.2323,0.1037]],[[40.2319,0.1028],[40.232,0.1035],[40.2315,0.1033],[40.2319,0.1028]],[[40.2317,0.1026],[40.2314,0.1022],[40.2317,0.1024],[40.2317,0.1026]],[[40.2313,0.1026],[40.2311,0.1022],[40.2313,0.1022],[40.2313,0.1026]],[[40.2304,0.1008],[40.2307,0.1012],[40.231,0.1017],[40.2304,0.1008]],[[40.231,0.102],[40.2308,0.1019],[40.231,0.1019],[40.231,0.102]],[[40.23,0.1011],[40.2298,0.101],[40.23,0.101],[40.23,0.1011]],[[40.2291,0.1004],[40.2296,0.1005],[40.2293,0.1011],[40.2291,0.1004]],[[40.2291,0.0981],[40.2295,0.0984],[40.2291,0.0985],[40.2291,0.0981]]],[[[40.2282,0.0975],[40.2284,0.0973],[40.2282,0.0973],[40.2282,0.0975]]],[[[40.2339,0.1323],[40.2334,0.1314],[40.2334,0.1325],[40.2339,0.1323]]],[[[40.2342,0.1991],[40.2339,0.1988],[40.2339,0.1991],[40.2342,0.1991]]],[[[40.2342,0.1649],[40.2334,0.1649],[40.2334,0.1654],[40.2342,0.1649]]],[[[40.2342,0.1374],[40.2339,0.1371],[40.2339,0.1374],[40.2342,0.1374]]],[[[40.2337,0.0163],[40.2318,0.0143],[40.2303,0.0139],[40.2337,0.0163]]],[[[40.2339,0.1242],[40.2336,0.1244],[40.2339,0.1244],[40.2339,0.1242]]],[[[40.2334,0.1242],[40.2336,0.1239],[40.2334,0.1239],[40.2334,0.1242]]],[[[40.2339,-0.0519],[40.2336,-0.0522],[40.2336,-0.0519],[40.2339,-0.0519]]],[[[40.2339,-0.0454],[40.2334,-0.0457],[40.2334,-0.0454],[40.2339,-0.0454]]],[[[40.2334,0.0955],[40.2337,0.0953],[40.2334,0.0954],[40.2334,0.0955]]],[[[40.2336,0.0991],[40.2334,0.0988],[40.2334,0.0991],[40.2336,0.0991]]],[[[40.2336,0.1209],[40.2334,0.1206],[40.2334,0.1209],[40.2336,0.1209]]],[[[40.2331,0.1026],[40.2334,0.1028],[40.2336,0.1026],[40.2331,0.1026]]],[[[40.2331,0.0379],[40.2336,0.0382],[40.2336,0.0379],[40.2331,0.0379]]],[[[40.2332,0.2014],[40.2336,0.2012],[40.2332,0.2013],[40.2332,0.2014]]],[[[40.2334,0.146],[40.2331,0.1455],[40.2331,0.146],[40.2334,0.146]]],[[[40.2328,-0.0471],[40.2334,-0.0465],[40.2334,-0.0473],[40.2328,-0.0471]]],[[[40.2326,-0.0463],[40.2323,-0.0465],[40.2323,-0.0463],[40.2326,-0.0463]]],[[[40.2334,0.1511],[40.2331,0.1506],[40.2331,0.1511],[40.2334,0.1511]]],[[[40.2332,0.1256],[40.2328,0.1206],[40.2315,0.1201],[40.2317,0.1217],[40.2283,0.1236],[40.2291,0.1233],[40.2296,0.1244],[40.2296,0.1234],[40.2315,0.1225],[40.232,0.125],[40.2332,0.1256]]],[[[40.2328,0.1309],[40.2331,0.1312],[40.2331,0.1309],[40.2328,0.1309]]],[[[40.2328,0.1314],[40.2326,0.1312],[40.2326,0.1314],[40.2328,0.1314]]],[[[40.2328,0.1304],[40.2315,0.1268],[40.2315,0.1295],[40.2326,0.1298],[40.2328,0.1304]]],[[[40.232,0.1304],[40.2317,0.1298],[40.2317,0.1304],[40.232,0.1304]]],[[[40.2326,0.1387],[40.2331,0.1382],[40.2328,0.1382],[40.2326,0.1387]]],[[[40.2317,0.1678],[40.2331,0.1676],[40.2331,0.1668],[40.2317,0.1678]]],[[[40.233,0.1046],[40.2328,0.1044],[40.2328,0.1046],[40.233,0.1046]]],[[[40.233,0.0991],[40.2327,0.0989],[40.2327,0.099],[40.233,0.0991]]],[[[40.2328,0.1366],[40.2326,0.1363],[40.2326,0.1366],[40.2328,0.1366]]],[[[40.2328,0.1452],[40.2323,0.1447],[40.2326,0.1452],[40.2328,0.1452]]],[[[40.2328,0.1622],[40.2323,0.1619],[40.2323,0.1622],[40.2328,0.1622]]],[[[40.2317,0.0168],[40.2325,0.0176],[40.2327,0.0176],[40.2317,0.0168]]],[[[40.2318,0.0944],[40.2321,0.0951],[40.2326,0.095],[40.2324,0.0945],[40.2318,0.0944]]],[[[40.2326,0.1951],[40.2326,0.1943],[40.2309,0.1945],[40.2309,0.1948],[40.2326,0.1951]]],[[[40.2326,0.1309],[40.2323,0.1306],[40.2323,0.1309],[40.2326,0.1309]]],[[[40.2326,-0.0479],[40.2317,-0.0473],[40.2326,-0.0473],[40.2326,-0.0479]]],[[[40.2309,-0.0476],[40.232,-0.0484],[40.2304,-0.049],[40.2309,-0.0476]]],[[[40.2326,-0.0446],[40.232,-0.0449],[40.232,-0.0446],[40.2326,-0.0446]]],[[[40.2326,0.1463],[40.2323,0.1457],[40.2323,0.1463],[40.2326,0.1463]]],[[[40.2323,0.1584],[40.232,0.1587],[40.2323,0.1587],[40.2323,0.1584]]],[[[40.2317,0.1584],[40.232,0.1581],[40.2317,0.1581],[40.2317,0.1584]]],[[[40.2323,0.1352],[40.2315,0.1347],[40.2312,0.1355],[40.2323,0.1352]]],[[[40.2323,0.1371],[40.232,0.1368],[40.232,0.1371],[40.2323,0.1371]]],[[[40.2307,0.1471],[40.2309,0.1474],[40.2309,0.1471],[40.2307,0.1471]]],[[[40.2307,0.1476],[40.2304,0.1484],[40.232,0.1487],[40.2307,0.1476]]],[[[40.2317,0.1449],[40.2315,0.1452],[40.232,0.146],[40.2317,0.1449]]],[[[40.2288,0.221],[40.2298,0.2207],[40.2298,0.2202],[40.2288,0.2202],[40.2288,0.221]]],[[[40.2317,0.1641],[40.2312,0.1638],[40.2312,0.1641],[40.2317,0.1641]]],[[[40.2311,0.0156],[40.2303,0.015],[40.2314,0.0163],[40.2311,0.0156]]],[[[40.2296,0.1368],[40.2315,0.1368],[40.2315,0.1358],[40.2296,0.1368]]],[[[40.2315,-0.0471],[40.2309,-0.0465],[40.2315,-0.0468],[40.2315,-0.0471]]],[[[40.2274,0.126],[40.2282,0.1252],[40.2266,0.1247],[40.2266,0.1252],[40.2274,0.126]]],[[[40.2282,0.1252],[40.2293,0.1268],[40.2298,0.1266],[40.229,0.125],[40.2282,0.1252]]],[[[40.2298,0.1263],[40.2309,0.1263],[40.2315,0.1242],[40.2304,0.1247],[40.2298,0.1263]]],[[[40.2307,0.1306],[40.2315,0.1304],[40.2315,0.1298],[40.2312,0.1298],[40.2307,0.1306]]],[[[40.2307,0.1309],[40.2304,0.1306],[40.2304,0.1309],[40.2307,0.1309]]],[[[40.2315,-0.046],[40.2312,-0.0463],[40.2312,-0.046],[40.2315,-0.046]]],[[[40.2315,-0.0441],[40.2309,-0.0444],[40.2309,-0.0441],[40.2315,-0.0441]]],[[[40.2315,0.105],[40.2312,0.1042],[40.2312,0.105],[40.2315,0.105]]],[[[40.2315,0.1382],[40.2307,0.1379],[40.2307,0.1382],[40.2315,0.1382]]],[[[40.2312,0.0989],[40.2314,0.0986],[40.2313,0.0986],[40.2312,0.0989]]],[[[40.2309,0.1589],[40.2298,0.1592],[40.2296,0.1598],[40.2309,0.1589]]],[[[40.2309,0.1587],[40.2312,0.1589],[40.2312,0.1587],[40.2309,0.1587]]],[[[40.2312,0.1333],[40.2309,0.1331],[40.2309,0.1333],[40.2312,0.1333]]],[[[40.2312,0.2091],[40.2307,0.2088],[40.2307,0.2091],[40.2312,0.2091]]],[[[40.2304,-0.0503],[40.2309,-0.0495],[40.2309,-0.0503],[40.2304,-0.0503]]],[[[40.2309,0.2069],[40.2307,0.2072],[40.2309,0.2072],[40.2309,0.2069]]],[[[40.2304,0.2069],[40.2307,0.2067],[40.2304,0.2067],[40.2304,0.2069]]],[[[40.2298,-0.0457],[40.2307,-0.0463],[40.2298,-0.046],[40.2298,-0.0457]]],[[[40.2301,0.1616],[40.2307,0.1619],[40.2307,0.1616],[40.2301,0.1616]]],[[[40.2301,0.1622],[40.2298,0.1619],[40.2298,0.1622],[40.2301,0.1622]]],[[[40.23,0.0161],[40.2303,0.0158],[40.23,0.0158],[40.23,0.0161]]],[[[40.2304,0.095],[40.2301,0.0945],[40.2301,0.095],[40.2304,0.095]]],[[[40.2304,0.1131],[40.2301,0.1128],[40.2301,0.1131],[40.2304,0.1131]]],[[[40.2304,0.1039],[40.2301,0.1037],[40.2301,0.1039],[40.2304,0.1039]]],[[[40.2301,0.1323],[40.2296,0.1317],[40.2296,0.1323],[40.2301,0.1323]]],[[[40.2301,0.2083],[40.2298,0.208],[40.2298,0.2083],[40.2301,0.2083]]],[[[40.2301,0.1449],[40.2298,0.1444],[40.2298,0.1449],[40.2301,0.1449]]],[[[40.23,0.0145],[40.2294,0.0149],[40.2298,0.0151],[40.23,0.0145]]],[[[40.2292,0.0141],[40.2295,0.014],[40.2292,0.0138],[40.2292,0.0141]]],[[[40.2282,0.1525],[40.229,0.1533],[40.229,0.1527],[40.2282,0.1525]]],[[[40.2288,0.1522],[40.2298,0.1522],[40.2288,0.1511],[40.2288,0.1522]]],[[[40.2298,0.1037],[40.2296,0.1034],[40.2296,0.1037],[40.2298,0.1037]]],[[[40.225,-0.0433],[40.2253,-0.0425],[40.229,-0.043],[40.2298,-0.0452],[40.228,-0.0463],[40.2285,-0.0476],[40.2269,-0.0479],[40.2261,-0.0465],[40.2258,-0.0476],[40.225,-0.0473],[40.2239,-0.0449],[40.225,-0.0446],[40.2255,-0.046],[40.2258,-0.0444],[40.2236,-0.0433],[40.2236,-0.0422],[40.225,-0.0433]],[[40.2255,-0.0433],[40.2253,-0.0436],[40.2258,-0.0441],[40.2255,-0.0433]],[[40.2263,-0.0457],[40.2261,-0.046],[40.2263,-0.046],[40.2263,-0.0457]]],[[[40.2282,0.1498],[40.2293,0.1509],[40.2298,0.1492],[40.2293,0.1487],[40.2274,0.15],[40.2263,0.1495],[40.2255,0.1509],[40.2269,0.1503],[40.228,0.1517],[40.2282,0.1498]],[[40.2277,0.1506],[40.2274,0.1503],[40.2277,0.1503],[40.2277,0.1506]]],[[[40.2297,0.2483],[40.2293,0.2489],[40.2297,0.249],[40.2297,0.2483]]],[[[40.2296,0.1349],[40.2288,0.1341],[40.229,0.1349],[40.2296,0.1349]]],[[[40.2296,0.095],[40.2293,0.0948],[40.2293,0.095],[40.2296,0.095]]],[[[40.2282,0.1471],[40.2266,0.1492],[40.2277,0.1492],[40.2282,0.1479],[40.2296,0.1484],[40.2296,0.1476],[40.2282,0.1471]]],[[[40.2263,0.1484],[40.2266,0.1479],[40.2263,0.1479],[40.2263,0.1484]]],[[[40.2276,0.0423],[40.2294,0.0427],[40.2294,0.0424],[40.2276,0.0423]]],[[[40.2289,0.1038],[40.229,0.1035],[40.2289,0.1035],[40.2289,0.1038]]],[[[40.2269,0.1511],[40.2272,0.1514],[40.2272,0.1511],[40.2269,0.1511]]],[[[40.2269,0.1522],[40.2261,0.1514],[40.2266,0.1522],[40.2269,0.1522]]],[[[40.2269,0.1522],[40.2266,0.1552],[40.2282,0.1552],[40.229,0.1541],[40.228,0.1544],[40.228,0.1522],[40.2269,0.1522]]],[[[40.2282,0.1541],[40.2285,0.1538],[40.2282,0.1538],[40.2282,0.1541]]],[[[40.2288,0.1323],[40.229,0.1325],[40.229,0.1323],[40.2288,0.1323]]],[[[40.2288,0.1331],[40.2282,0.1325],[40.228,0.1331],[40.2288,0.1331]]],[[[40.229,-0.0419],[40.2288,-0.0428],[40.2288,-0.0419],[40.229,-0.0419]]],[[[40.229,0.1115],[40.2288,0.1112],[40.2288,0.1115],[40.229,0.1115]]],[[[40.2277,0.1277],[40.229,0.1268],[40.2272,0.1271],[40.2277,0.1277]]],[[[40.2286,0.2534],[40.229,0.2531],[40.2286,0.2532],[40.2286,0.2534]]],[[[40.2278,0.0113],[40.2286,0.011],[40.2278,0.0111],[40.2278,0.0113]]],[[[40.2287,0.1015],[40.2282,0.1021],[40.2288,0.1025],[40.2287,0.1015]]],[[[40.2278,0.1123],[40.2288,0.1104],[40.2271,0.1118],[40.2278,0.1123]]],[[[40.2288,-0.0498],[40.2285,-0.05],[40.2285,-0.0498],[40.2288,-0.0498]]],[[[40.2288,0.1654],[40.2282,0.1649],[40.2282,0.1654],[40.2288,0.1654]]],[[[40.2285,0.136],[40.2282,0.1363],[40.2285,0.1363],[40.2285,0.136]]],[[[40.228,0.1352],[40.2288,0.1358],[40.2285,0.1349],[40.228,0.1352]]],[[[40.228,0.1225],[40.228,0.122],[40.2277,0.1228],[40.228,0.1225]]],[[[40.2285,0.0907],[40.2277,0.0902],[40.2277,0.0907],[40.2285,0.0907]]],[[[40.2282,0.0918],[40.2285,0.0923],[40.2285,0.0918],[40.2282,0.0918]]],[[[40.2282,0.0406],[40.2285,0.041],[40.2285,0.0408],[40.2282,0.0406]]],[[[40.2283,0.1029],[40.2259,0.0994],[40.2253,0.0994],[40.2263,0.1006],[40.2255,0.1018],[40.2268,0.1015],[40.2283,0.1029]]],[[[40.2282,0.1411],[40.228,0.1409],[40.228,0.1411],[40.2282,0.1411]]],[[[40.2277,-0.0503],[40.228,-0.05],[40.2282,-0.0503],[40.2277,-0.0503]]],[[[40.227,0.0996],[40.2274,0.1004],[40.2282,0.1007],[40.227,0.0996]]],[[[40.2277,0.101],[40.228,0.101],[40.2275,0.1008],[40.2277,0.101]]],[[[40.2277,0.0921],[40.228,0.0923],[40.228,0.0921],[40.2277,0.0921]]],[[[40.2277,0.0926],[40.2274,0.0923],[40.2274,0.0926],[40.2277,0.0926]]],[[[40.228,0.1401],[40.2277,0.1395],[40.2277,0.1401],[40.228,0.1401]]],[[[40.228,0.2037],[40.2274,0.2034],[40.2274,0.2037],[40.228,0.2037]]],[[[40.2274,0.0988],[40.2279,0.0985],[40.2275,0.0983],[40.2274,0.0988]]],[[[40.2278,0.0994],[40.2276,0.0996],[40.2279,0.0998],[40.2278,0.0994]]],[[[40.2272,0.0972],[40.2275,0.0978],[40.2276,0.0971],[40.2272,0.0972]]],[[[40.2277,0.0978],[40.2275,0.098],[40.2277,0.098],[40.2277,0.0978]]],[[[40.2274,0.0417],[40.2276,0.041],[40.2273,0.041],[40.2274,0.0417]]],[[[40.2277,0.122],[40.2272,0.1209],[40.2266,0.1216],[40.225,0.1212],[40.2253,0.1228],[40.2272,0.1233],[40.227,0.1221],[40.2277,0.122]]],[[[40.2277,0.1703],[40.2274,0.1697],[40.2274,0.1703],[40.2277,0.1703]]],[[[40.2277,0.1959],[40.2274,0.1953],[40.2274,0.1959],[40.2277,0.1959]]],[[[40.2274,0.0109],[40.227,0.0115],[40.2275,0.0112],[40.2274,0.0109]]],[[[40.2266,0.0109],[40.2268,0.0106],[40.2266,0.0106],[40.2266,0.0109]]],[[[40.2263,0.198],[40.2269,0.1983],[40.2269,0.198],[40.2263,0.198]]],[[[40.2263,0.1983],[40.225,0.198],[40.2247,0.1986],[40.2255,0.1986],[40.2263,0.1994],[40.2263,0.1983]]],[[[40.2274,0.198],[40.2269,0.1986],[40.2274,0.1986],[40.2274,0.198]]],[[[40.2274,0.1476],[40.2272,0.1474],[40.2272,0.1476],[40.2274,0.1476]]],[[[40.2274,0.2059],[40.2272,0.2056],[40.2272,0.2059],[40.2274,0.2059]]],[[[40.2274,0.1633],[40.2272,0.163],[40.2272,0.1633],[40.2274,0.1633]]],[[[40.2274,0.1064],[40.2272,0.1058],[40.2272,0.1064],[40.2274,0.1064]]],[[[40.2274,0.1072],[40.2272,0.1069],[40.2272,0.1072],[40.2274,0.1072]]],[[[40.2272,0.1422],[40.2266,0.1419],[40.2266,0.1422],[40.2272,0.1422]]],[[[40.2258,0.0975],[40.2263,0.0968],[40.227,0.0973],[40.2261,0.0961],[40.2258,0.0975]]],[[[40.2263,0.098],[40.2255,0.0979],[40.2262,0.0983],[40.2263,0.098]]],[[[40.2266,0.1058],[40.2269,0.1061],[40.2269,0.1058],[40.2266,0.1058]]],[[[40.2266,0.1064],[40.2263,0.1061],[40.2263,0.1064],[40.2266,0.1064]]],[[[40.2269,0.0856],[40.2266,0.0851],[40.2266,0.0856],[40.2269,0.0856]]],[[[40.2269,0.1975],[40.2261,0.1972],[40.2261,0.1975],[40.2269,0.1975]]],[[[40.2265,0.0983],[40.2268,0.098],[40.2264,0.098],[40.2265,0.0983]]],[[[40.2268,0.1001],[40.2266,0.0998],[40.2266,0.1001],[40.2268,0.1001]]],[[[40.2266,0.1738],[40.2261,0.174],[40.2266,0.174],[40.2266,0.1738]]],[[[40.2258,0.1738],[40.2261,0.1735],[40.2258,0.1735],[40.2258,0.1738]]],[[[40.2255,0.1433],[40.2266,0.1433],[40.2266,0.1428],[40.2255,0.1433]]],[[[40.2255,0.1398],[40.2266,0.1393],[40.2255,0.1395],[40.2255,0.1398]]],[[[40.2266,0.194],[40.2263,0.1937],[40.2263,0.194],[40.2266,0.194]]],[[[40.2261,0.0992],[40.2266,0.0994],[40.2266,0.099],[40.2261,0.0992]]],[[[40.2258,0.1127],[40.2265,0.1122],[40.2258,0.112],[40.2258,0.1127]]],[[[40.2259,0.0952],[40.2264,0.0955],[40.2263,0.095],[40.2259,0.0952]]],[[[40.2263,0.2493],[40.2261,0.249],[40.2261,0.2493],[40.2263,0.2493]]],[[[40.2263,0.1444],[40.2261,0.1441],[40.2261,0.1444],[40.2263,0.1444]]],[[[40.2258,0.1409],[40.2261,0.1414],[40.2261,0.1409],[40.2258,0.1409]]],[[[40.2258,0.1417],[40.2255,0.1414],[40.2255,0.1417],[40.2258,0.1417]]],[[[40.2255,0.0985],[40.2259,0.0992],[40.2261,0.0985],[40.2255,0.0985]]],[[[40.2253,0.149],[40.2255,0.1495],[40.2261,0.1498],[40.2253,0.149]]],[[[40.2255,0.1684],[40.2258,0.1692],[40.2261,0.1681],[40.2255,0.1684]]],[[[40.2255,0.1697],[40.2253,0.1692],[40.2253,0.1697],[40.2255,0.1697]]],[[[40.2261,0.1651],[40.2258,0.1649],[40.2258,0.1651],[40.2261,0.1651]]],[[[40.2253,0.1401],[40.2247,0.1406],[40.225,0.1406],[40.2253,0.1401]]],[[[40.2258,0.1403],[40.2253,0.1406],[40.2258,0.1406],[40.2258,0.1403]]],[[[40.2255,0.0948],[40.2258,0.095],[40.2258,0.0948],[40.2255,0.0948]]],[[[40.2255,0.0953],[40.2253,0.095],[40.2253,0.0953],[40.2255,0.0953]]],[[[40.2255,0.1554],[40.225,0.156],[40.2258,0.156],[40.2255,0.1554]]],[[[40.225,0.0845],[40.2226,0.0851],[40.2223,0.0861],[40.2247,0.0859],[40.2239,0.0864],[40.2247,0.0867],[40.2255,0.0843],[40.2247,0.084],[40.225,0.0845]]],[[[40.2255,0.1058],[40.2253,0.1056],[40.2253,0.1058],[40.2255,0.1058]]],[[[40.2018,0.1056],[40.2037,0.1069],[40.2026,0.1077],[40.2083,0.1085],[40.215,0.1123],[40.2164,0.112],[40.2177,0.1139],[40.2188,0.1123],[40.2235,0.113],[40.224,0.1172],[40.222,0.1179],[40.225,0.1209],[40.2243,0.1189],[40.2247,0.1135],[40.2255,0.1126],[40.2223,0.1124],[40.2196,0.1107],[40.2191,0.1118],[40.2164,0.1112],[40.2161,0.1101],[40.2137,0.1101],[40.2083,0.1074],[40.2048,0.1072],[40.2034,0.1047],[40.2018,0.1056]],[[40.2029,0.1061],[40.2032,0.1056],[40.2032,0.1061],[40.2029,0.1061]],[[40.2037,0.1072],[40.204,0.1069],[40.204,0.1072],[40.2037,0.1072]],[[40.2242,0.1156],[40.2244,0.1158],[40.2242,0.1158],[40.2242,0.1156]],[[40.2148,0.1112],[40.2153,0.1104],[40.2156,0.1115],[40.2148,0.1112]],[[40.2142,0.1109],[40.2145,0.1112],[40.2142,0.1112],[40.2142,0.1109]],[[40.2131,0.1101],[40.2134,0.1104],[40.2131,0.1104],[40.2131,0.1101]],[[40.2117,0.1094],[40.2118,0.1093],[40.2118,0.1096],[40.2117,0.1094]]],[[[40.2255,0.1746],[40.2253,0.174],[40.2253,0.1746],[40.2255,0.1746]]],[[[40.225,0.2153],[40.2246,0.2165],[40.225,0.2166],[40.225,0.2153]]],[[[40.2231,0.1414],[40.2236,0.1436],[40.2253,0.1438],[40.2242,0.143],[40.2245,0.1422],[40.2231,0.1414]]],[[[40.2226,0.1414],[40.2231,0.1411],[40.2226,0.1411],[40.2226,0.1414]]],[[[40.2253,0.0945],[40.225,0.0942],[40.225,0.0945],[40.2253,0.0945]]],[[[40.2253,0.0958],[40.225,0.0956],[40.225,0.0958],[40.2253,0.0958]]],[[[40.2253,0.1511],[40.2247,0.1495],[40.2236,0.1498],[40.2236,0.1503],[40.2253,0.1511]]],[[[40.2253,0.2086],[40.225,0.2088],[40.2253,0.2088],[40.2253,0.2086]]],[[[40.2247,0.2086],[40.225,0.2083],[40.2247,0.2083],[40.2247,0.2086]]],[[[40.2253,0.1263],[40.2247,0.1258],[40.2247,0.1263],[40.2253,0.1263]]],[[[40.2253,0.1991],[40.225,0.1988],[40.225,0.1991],[40.2253,0.1991]]],[[[40.2253,0.0991],[40.225,0.0988],[40.225,0.0991],[40.2253,0.0991]]],[[[40.2247,0.1053],[40.2253,0.1047],[40.2247,0.105],[40.2247,0.1053]]],[[[40.2239,0.1519],[40.225,0.1525],[40.225,0.1522],[40.2239,0.1519]]],[[[40.2249,0.2495],[40.2238,0.2485],[40.2232,0.2497],[40.2249,0.2495]]],[[[40.2247,0.1479],[40.2245,0.1476],[40.2245,0.1479],[40.2247,0.1479]]],[[[40.2247,0.1492],[40.2245,0.149],[40.2245,0.1492],[40.2247,0.1492]]],[[[40.2242,0.1568],[40.2247,0.1565],[40.2242,0.1565],[40.2242,0.1568]]],[[[40.2247,0.2512],[40.2242,0.2509],[40.2242,0.2512],[40.2247,0.2512]]],[[[40.2242,0.1447],[40.2231,0.1444],[40.2231,0.1455],[40.2242,0.1447]]],[[[40.2242,0.1441],[40.2245,0.1444],[40.2245,0.1441],[40.2242,0.1441]]],[[[40.2236,0.0969],[40.2244,0.0975],[40.2245,0.0969],[40.2236,0.0969]]],[[[40.2245,0.2485],[40.2242,0.2482],[40.2242,0.2485],[40.2245,0.2485]]],[[[40.2226,0.0964],[40.2245,0.0964],[40.2245,0.0956],[40.2234,0.0953],[40.2226,0.0964]]],[[[40.2226,0.0969],[40.222,0.0964],[40.222,0.0969],[40.2226,0.0969]]],[[[40.2235,0.2515],[40.2238,0.2513],[40.2235,0.2513],[40.2235,0.2515]]],[[[40.2234,0.1031],[40.2239,0.1028],[40.2234,0.1026],[40.2234,0.1031]]],[[[40.2239,0.2118],[40.2236,0.2115],[40.2236,0.2118],[40.2239,0.2118]]],[[[40.2239,0.1069],[40.2236,0.1066],[40.2236,0.1069],[40.2239,0.1069]]],[[[40.2233,0.2502],[40.2238,0.2506],[40.2237,0.2502],[40.2233,0.2502]]],[[[40.2236,0.1554],[40.2234,0.1552],[40.2234,0.1554],[40.2236,0.1554]]],[[[40.2236,0.098],[40.2234,0.0977],[40.2234,0.098],[40.2236,0.098]]],[[[40.223,0.1039],[40.2234,0.1045],[40.2236,0.1045],[40.2228,0.1034],[40.223,0.1039]],[[40.2231,0.104],[40.2231,0.1039],[40.2231,0.1039],[40.2231,0.104]]],[[[40.2223,0.2153],[40.2233,0.2161],[40.2223,0.2145],[40.2223,0.2153]]],[[[40.2228,0.1525],[40.2226,0.1522],[40.2226,0.1525],[40.2228,0.1525]]],[[[40.2228,0.2142],[40.2223,0.214],[40.2223,0.2142],[40.2228,0.2142]]],[[[40.2166,0.1393],[40.2153,0.1411],[40.2121,0.1422],[40.2134,0.1433],[40.2126,0.1433],[40.2134,0.1457],[40.2158,0.1433],[40.2172,0.1441],[40.218,0.1425],[40.2204,0.1422],[40.221,0.143],[40.2215,0.1422],[40.2228,0.1433],[40.2223,0.1414],[40.2172,0.1411],[40.2174,0.1398],[40.2166,0.1393]],[[40.2164,0.1433],[40.2161,0.143],[40.2164,0.143],[40.2164,0.1433]],[[40.2153,0.1438],[40.2148,0.143],[40.2153,0.1433],[40.2153,0.1438]]],[[[40.2158,0.1382],[40.2156,0.1393],[40.2169,0.139],[40.2158,0.1382]]],[[[40.2226,0.0956],[40.2223,0.0953],[40.2223,0.0956],[40.2226,0.0956]]],[[[40.2188,0.1517],[40.2196,0.1525],[40.2207,0.1519],[40.2212,0.153],[40.221,0.1541],[40.2199,0.153],[40.2191,0.1535],[40.2199,0.1552],[40.2226,0.1541],[40.221,0.1511],[40.2185,0.1514],[40.2183,0.1519],[40.2188,0.1517]],[[40.2201,0.1544],[40.2199,0.1541],[40.2201,0.1541],[40.2201,0.1544]]],[[[40.2207,0.15],[40.2215,0.1511],[40.2226,0.1492],[40.2207,0.15]]],[[[40.2223,0.1686],[40.222,0.1684],[40.222,0.1686],[40.2223,0.1686]]],[[[40.2091,0.094],[40.2099,0.0966],[40.2115,0.0983],[40.2121,0.0975],[40.2145,0.0999],[40.2139,0.1007],[40.2148,0.1015],[40.2129,0.1004],[40.2134,0.1015],[40.2121,0.1018],[40.2164,0.1026],[40.2153,0.101],[40.2177,0.1021],[40.2185,0.1018],[40.2183,0.101],[40.2153,0.1004],[40.2134,0.0983],[40.2137,0.0972],[40.2148,0.0972],[40.2142,0.0961],[40.2134,0.0969],[40.2131,0.0958],[40.2091,0.094]],[[40.2115,0.0972],[40.211,0.0964],[40.2112,0.0964],[40.2115,0.0972]],[[40.2183,0.1015],[40.218,0.1018],[40.218,0.1015],[40.2183,0.1015]],[[40.215,0.1004],[40.2153,0.1007],[40.215,0.1007],[40.215,0.1004]],[[40.2148,0.1007],[40.215,0.101],[40.2148,0.101],[40.2148,0.1007]],[[40.2129,0.0964],[40.2123,0.0969],[40.2121,0.0964],[40.2129,0.0964]],[[40.2131,0.0977],[40.2129,0.0975],[40.2131,0.0975],[40.2131,0.0977]],[[40.2112,0.0961],[40.211,0.0958],[40.2112,0.0958],[40.2112,0.0961]]],[[[40.2091,0.0934],[40.2083,0.0942],[40.2091,0.094],[40.2091,0.0934]]],[[[40.2137,0.1002],[40.2139,0.0999],[40.2137,0.0999],[40.2137,0.1002]]],[[[40.2131,0.1002],[40.2137,0.0996],[40.2131,0.0996],[40.2131,0.1002]]],[[[40.2123,0.0996],[40.2131,0.0991],[40.2121,0.0985],[40.2123,0.0996]]],[[[40.2164,0.1026],[40.2183,0.1034],[40.2207,0.1031],[40.2223,0.1039],[40.2207,0.1026],[40.2164,0.1026]]],[[[40.2191,0.1015],[40.2185,0.1021],[40.2191,0.1021],[40.2191,0.1015]]],[[[40.2145,0.0977],[40.2137,0.098],[40.2145,0.098],[40.2145,0.0977]]],[[[40.2148,0.0972],[40.2169,0.0988],[40.2183,0.098],[40.2174,0.0969],[40.2148,0.0972]]],[[[40.2217,0.2457],[40.2221,0.2454],[40.2219,0.2454],[40.2217,0.2457]]],[[[40.222,0.1026],[40.2218,0.1028],[40.222,0.1028],[40.222,0.1026]]],[[[40.2215,0.1026],[40.2218,0.1021],[40.2215,0.1021],[40.2215,0.1026]]],[[[40.2218,0.2083],[40.221,0.2077],[40.221,0.2086],[40.2218,0.2083]]],[[[40.2218,0.1579],[40.2215,0.1576],[40.2215,0.1579],[40.2218,0.1579]]],[[[40.2218,0.1457],[40.2212,0.1452],[40.2215,0.1457],[40.2218,0.1457]]],[[[40.2188,0.1142],[40.2191,0.1153],[40.2204,0.1163],[40.2204,0.1155],[40.2188,0.1142]]],[[[40.2207,0.1163],[40.2204,0.1166],[40.2207,0.1166],[40.2207,0.1163]]],[[[40.2212,0.1166],[40.2212,0.1174],[40.2218,0.1174],[40.2212,0.1166]]],[[[40.2214,0.2521],[40.2214,0.2526],[40.2216,0.2522],[40.2214,0.2521]]],[[[40.2215,0.0972],[40.2212,0.0969],[40.2212,0.0972],[40.2215,0.0972]]],[[[40.2215,0.2172],[40.2212,0.2169],[40.2212,0.2172],[40.2215,0.2172]]],[[[40.221,0.2133],[40.2212,0.213],[40.221,0.213],[40.221,0.2133]]],[[[40.2213,0.2566],[40.221,0.2564],[40.221,0.2567],[40.2213,0.2566]]],[[[40.2204,0.1708],[40.2212,0.17],[40.2212,0.1692],[40.2204,0.1708]]],[[[40.2196,0.1767],[40.2212,0.177],[40.2212,0.1765],[40.2196,0.1767]]],[[[40.2196,0.1773],[40.2193,0.177],[40.2193,0.1773],[40.2196,0.1773]]],[[[40.221,0.1743],[40.2201,0.174],[40.2201,0.1746],[40.221,0.1743]]],[[[40.221,0.1474],[40.2207,0.1471],[40.2207,0.1474],[40.221,0.1474]]],[[[40.2196,0.0956],[40.2204,0.0958],[40.2204,0.0956],[40.2196,0.0956]]],[[[40.2199,0.0966],[40.2196,0.0961],[40.2196,0.0966],[40.2199,0.0966]]],[[[40.2204,0.095],[40.2207,0.0956],[40.2207,0.095],[40.2204,0.095]]],[[[40.2199,0.0966],[40.2199,0.0969],[40.2201,0.0969],[40.2201,0.0966],[40.2199,0.0966]]],[[[40.2204,0.0969],[40.2201,0.0972],[40.2204,0.0972],[40.2204,0.0969]]],[[[40.2207,0.098],[40.2204,0.0977],[40.2204,0.098],[40.2207,0.098]]],[[[40.2206,0.2567],[40.2204,0.2564],[40.2204,0.2567],[40.2206,0.2567]]],[[[40.2204,0.1509],[40.2199,0.1503],[40.2201,0.1509],[40.2204,0.1509]]],[[[40.2164,0.1465],[40.2177,0.1479],[40.2204,0.1474],[40.2196,0.1465],[40.2188,0.1474],[40.2164,0.1465]]],[[[40.2156,0.1465],[40.2164,0.1463],[40.2156,0.1463],[40.2156,0.1465]]],[[[40.2204,0.1926],[40.2201,0.1921],[40.2201,0.1926],[40.2204,0.1926]]],[[[40.2203,0.0849],[40.2194,0.0848],[40.2197,0.0852],[40.2203,0.0849]]],[[[40.2201,0.2131],[40.2193,0.2137],[40.2201,0.214],[40.2201,0.2131]]],[[[40.2185,0.1449],[40.2201,0.1457],[40.2188,0.1433],[40.2185,0.1449]]],[[[40.2201,0.0953],[40.2199,0.095],[40.2199,0.0953],[40.2201,0.0953]]],[[[40.2199,0.1271],[40.2193,0.1263],[40.2193,0.1271],[40.2199,0.1271]]],[[[40.2199,0.1619],[40.2191,0.1614],[40.2191,0.1619],[40.2199,0.1619]]],[[[40.2193,0.1875],[40.2193,0.1867],[40.2199,0.1862],[40.2191,0.1862],[40.2193,0.1875]]],[[[40.2191,0.1568],[40.2177,0.1565],[40.2191,0.1554],[40.2169,0.1554],[40.2172,0.157],[40.2185,0.157],[40.2183,0.1587],[40.2199,0.1581],[40.2191,0.1568]]],[[[40.2193,0.1021],[40.2199,0.1015],[40.2193,0.1018],[40.2193,0.1021]]],[[[40.2169,0.0832],[40.2166,0.0834],[40.2169,0.0834],[40.2169,0.0832]]],[[[40.2164,0.0832],[40.2166,0.0829],[40.2164,0.0829],[40.2164,0.0832]]],[[[40.2169,0.0834],[40.2172,0.0848],[40.2183,0.0845],[40.218,0.0853],[40.2196,0.0843],[40.2193,0.0832],[40.2177,0.0843],[40.2169,0.0834]]],[[[40.2193,0.0956],[40.2188,0.095],[40.2188,0.0956],[40.2193,0.0956]]],[[[40.2191,0.0948],[40.2188,0.0937],[40.2172,0.0934],[40.2172,0.0942],[40.2191,0.0948]]],[[[40.2193,0.0942],[40.2196,0.0948],[40.2196,0.0942],[40.2193,0.0942]]],[[[40.2193,0.1525],[40.2191,0.1522],[40.2191,0.1525],[40.2193,0.1525]]],[[[40.2191,0.1549],[40.2188,0.1546],[40.2188,0.1549],[40.2191,0.1549]]],[[[40.2189,0.232],[40.2186,0.2318],[40.2186,0.232],[40.2189,0.232]]],[[[40.2183,0.2315],[40.2188,0.2309],[40.2184,0.2309],[40.2183,0.2315]]],[[[40.2123,0.191],[40.2131,0.1878],[40.2112,0.1891],[40.2107,0.1924],[40.2139,0.1926],[40.215,0.1937],[40.2156,0.191],[40.2172,0.1913],[40.2174,0.1924],[40.2177,0.1908],[40.2161,0.1902],[40.2172,0.1891],[40.2169,0.1878],[40.2156,0.1894],[40.2153,0.1875],[40.2148,0.1908],[40.2137,0.1894],[40.2134,0.1908],[40.2123,0.191]],[[40.2153,0.1905],[40.215,0.191],[40.215,0.1905],[40.2153,0.1905]],[[40.2137,0.1916],[40.2142,0.1921],[40.2139,0.1921],[40.2137,0.1916]]],[[[40.2129,0.1902],[40.2126,0.1908],[40.2129,0.1908],[40.2129,0.1902]]],[[[40.2177,0.1913],[40.2183,0.1918],[40.2188,0.1916],[40.2188,0.191],[40.2177,0.1913]]],[[[40.2186,0.2542],[40.2184,0.2541],[40.2184,0.2543],[40.2186,0.2542]]],[[[40.2185,0.1649],[40.2183,0.1654],[40.2185,0.1654],[40.2185,0.1649]]],[[[40.218,0.1649],[40.2183,0.1646],[40.218,0.1646],[40.218,0.1649]]],[[[40.2185,0.1007],[40.2183,0.1004],[40.2183,0.1007],[40.2185,0.1007]]],[[[40.2185,0.1864],[40.2183,0.1862],[40.2183,0.1864],[40.2185,0.1864]]],[[[40.2184,0.0831],[40.2174,0.0834],[40.218,0.0837],[40.2184,0.0831]]],[[[40.2183,0.1908],[40.218,0.1902],[40.218,0.1908],[40.2183,0.1908]]],[[[40.2161,0.1654],[40.2174,0.1662],[40.2177,0.1646],[40.2169,0.1643],[40.2161,0.1654]]],[[[40.218,0.1662],[40.2174,0.1665],[40.218,0.1665],[40.218,0.1662]]],[[[40.218,0.1581],[40.2174,0.1576],[40.2174,0.1581],[40.218,0.1581]]],[[[40.2177,0.153],[40.2174,0.1527],[40.2174,0.153],[40.2177,0.153]]],[[[40.2175,0.2306],[40.2174,0.2313],[40.2177,0.2313],[40.2175,0.2306]]],[[[40.2172,0.2072],[40.2174,0.2069],[40.2172,0.2069],[40.2172,0.2072]]],[[[40.2161,0.17],[40.2158,0.1705],[40.2161,0.1705],[40.2161,0.17]]],[[[40.215,0.17],[40.2156,0.1695],[40.215,0.1692],[40.215,0.17]]],[[[40.2161,0.17],[40.2169,0.1695],[40.2166,0.1686],[40.2161,0.1692],[40.2161,0.17]]],[[[40.2174,0.1695],[40.2169,0.1697],[40.2174,0.1697],[40.2174,0.1695]]],[[[40.2174,0.0853],[40.2172,0.0851],[40.2172,0.0853],[40.2174,0.0853]]],[[[40.2174,0.1619],[40.2158,0.1627],[40.2174,0.1625],[40.2174,0.1619]]],[[[40.2164,0.1746],[40.2174,0.1746],[40.2174,0.174],[40.2164,0.1746]]],[[[40.2161,0.0934],[40.2172,0.0929],[40.2158,0.0923],[40.2161,0.0934]]],[[[40.2172,0.1376],[40.2169,0.1371],[40.2169,0.1376],[40.2172,0.1376]]],[[[40.2169,0.1587],[40.2166,0.1584],[40.2166,0.1587],[40.2169,0.1587]]],[[[40.2169,0.1552],[40.2166,0.1541],[40.2166,0.1552],[40.2169,0.1552]]],[[[40.2169,0.0953],[40.2164,0.0948],[40.2164,0.095],[40.2169,0.0953]]],[[[40.2166,0.1921],[40.2161,0.1926],[40.2166,0.1926],[40.2166,0.1921]]],[[[40.2158,0.1921],[40.2161,0.1918],[40.2158,0.1918],[40.2158,0.1921]]],[[[40.2166,0.1835],[40.2161,0.1829],[40.2161,0.1835],[40.2166,0.1835]]],[[[40.2148,0.1592],[40.215,0.1579],[40.2156,0.1581],[40.2164,0.1573],[40.2158,0.156],[40.2142,0.1587],[40.2142,0.1598],[40.2158,0.1603],[40.2161,0.1589],[40.2148,0.1592]],[[40.2158,0.1576],[40.2153,0.1573],[40.2158,0.157],[40.2158,0.1576]]],[[[40.2164,0.1872],[40.2158,0.187],[40.2158,0.1872],[40.2164,0.1872]]],[[[40.2158,0.091],[40.2161,0.0913],[40.2161,0.091],[40.2158,0.091]]],[[[40.2158,0.0915],[40.2156,0.0913],[40.2156,0.0915],[40.2158,0.0915]]],[[[40.2161,0.1999],[40.2158,0.1994],[40.2158,0.1999],[40.2161,0.1999]]],[[[40.2158,0.1827],[40.2161,0.1813],[40.2148,0.1816],[40.2148,0.1821],[40.2158,0.1827]]],[[[40.2158,0.094],[40.2161,0.0942],[40.2161,0.094],[40.2158,0.094]]],[[[40.2158,0.0945],[40.2153,0.0942],[40.2153,0.0945],[40.2158,0.0945]]],[[[40.2158,0.0985],[40.2153,0.0983],[40.2153,0.0985],[40.2158,0.0985]]],[[[40.2142,0.0821],[40.2142,0.0832],[40.2158,0.0829],[40.2156,0.0818],[40.2142,0.0821]]],[[[40.2158,0.194],[40.2153,0.1943],[40.215,0.1945],[40.2158,0.194]]],[[[40.2153,0.1643],[40.2156,0.1633],[40.2148,0.163],[40.2145,0.1641],[40.2153,0.1643]]],[[[40.2129,0.1991],[40.2134,0.201],[40.2137,0.1999],[40.2148,0.2005],[40.2156,0.1997],[40.2137,0.1986],[40.2129,0.1991]],[[40.2134,0.1997],[40.2131,0.1994],[40.2134,0.1994],[40.2134,0.1997]]],[[[40.2129,0.2005],[40.2126,0.2002],[40.2126,0.2005],[40.2129,0.2005]]],[[[40.2156,0.2002],[40.2153,0.2005],[40.2156,0.2005],[40.2156,0.2002]]],[[[40.2156,0.1872],[40.2148,0.1867],[40.2148,0.1872],[40.2156,0.1872]]],[[[40.2156,0.1484],[40.2153,0.1474],[40.2153,0.1484],[40.2156,0.1484]]],[[[40.2154,0.205],[40.2153,0.2046],[40.215,0.2047],[40.2154,0.205]]],[[[40.2153,0.2052],[40.215,0.2059],[40.2154,0.2057],[40.2153,0.2052]]],[[[40.215,0.2346],[40.2153,0.2343],[40.215,0.2344],[40.215,0.2346]]],[[[40.2145,0.1538],[40.215,0.1522],[40.2148,0.1522],[40.2145,0.1538]]],[[[40.2131,0.0934],[40.2145,0.0929],[40.2131,0.0929],[40.2131,0.0934]]],[[[40.2148,0.0931],[40.2145,0.0934],[40.2148,0.0934],[40.2148,0.0931]]],[[[40.215,0.0934],[40.2148,0.0937],[40.215,0.0937],[40.215,0.0934]]],[[[40.2153,0.0937],[40.215,0.094],[40.2153,0.094],[40.2153,0.0937]]],[[[40.2145,0.1948],[40.2153,0.1956],[40.215,0.1948],[40.2145,0.1948]]],[[[40.2145,0.1697],[40.2145,0.1686],[40.215,0.1681],[40.2139,0.1684],[40.2145,0.1697]]],[[[40.1967,0.1411],[40.1983,0.1409],[40.1983,0.1425],[40.2013,0.1438],[40.2013,0.1428],[40.2029,0.1422],[40.2037,0.1433],[40.2059,0.1433],[40.2056,0.1419],[40.2032,0.1414],[40.2048,0.1398],[40.2094,0.143],[40.2096,0.1422],[40.2067,0.139],[40.2083,0.1393],[40.2096,0.1414],[40.2104,0.1411],[40.2059,0.1366],[40.2034,0.1304],[40.2029,0.132],[40.201,0.1323],[40.2042,0.1376],[40.2037,0.1395],[40.2007,0.1393],[40.2032,0.1398],[40.2024,0.1401],[40.2029,0.1419],[40.2002,0.1422],[40.1999,0.1417],[40.1986,0.1417],[40.1988,0.1406],[40.198,0.1403],[40.1967,0.1411]],[[40.2048,0.1425],[40.2042,0.143],[40.2042,0.1425],[40.2048,0.1425]],[[40.2053,0.136],[40.2056,0.1366],[40.2053,0.1366],[40.2053,0.136]],[[40.2048,0.1355],[40.2053,0.1358],[40.2048,0.1358],[40.2048,0.1355]],[[40.2042,0.1358],[40.2048,0.1366],[40.204,0.1363],[40.2042,0.1358]],[[40.2037,0.1344],[40.2048,0.1347],[40.2037,0.1347],[40.2037,0.1344]],[[40.2032,0.1352],[40.2029,0.1349],[40.2032,0.1349],[40.2032,0.1352]],[[40.1996,0.1419],[40.1999,0.1422],[40.1996,0.1422],[40.1996,0.1419]],[[40.2067,0.1403],[40.2064,0.1401],[40.2067,0.1401],[40.2067,0.1403]],[[40.2067,0.1403],[40.2072,0.1403],[40.2072,0.1406],[40.2067,0.1406],[40.2067,0.1403]],[[40.2072,0.1409],[40.2075,0.1406],[40.2075,0.1409],[40.2072,0.1409]],[[40.2075,0.1411],[40.2077,0.1409],[40.2077,0.1411],[40.2075,0.1411]],[[40.2059,0.1382],[40.2059,0.1395],[40.205,0.1393],[40.2059,0.1382]],[[40.2056,0.1382],[40.2053,0.1379],[40.2056,0.1379],[40.2056,0.1382]],[[40.2045,0.1371],[40.2042,0.1368],[40.2045,0.1368],[40.2045,0.1371]],[[40.2042,0.1355],[40.204,0.1352],[40.2042,0.1352],[40.2042,0.1355]],[[40.2026,0.1328],[40.2024,0.1323],[40.2026,0.1323],[40.2026,0.1328]],[[40.2021,0.1333],[40.2018,0.1331],[40.2021,0.1331],[40.2021,0.1333]]],[[[40.198,0.1414],[40.1972,0.1422],[40.198,0.1422],[40.198,0.1414]]],[[[40.2059,0.1433],[40.2061,0.1438],[40.2072,0.1438],[40.2072,0.1436],[40.2059,0.1433]]],[[[40.2096,0.1428],[40.2096,0.1436],[40.2075,0.1438],[40.2099,0.1438],[40.2121,0.1471],[40.2115,0.1487],[40.2139,0.149],[40.2131,0.1474],[40.2139,0.1474],[40.2142,0.1465],[40.2118,0.1457],[40.211,0.1436],[40.2096,0.1428]],[[40.2129,0.1476],[40.2126,0.1471],[40.2129,0.1471],[40.2129,0.1476]]],[[[40.201,0.1323],[40.201,0.1314],[40.2018,0.1317],[40.2015,0.1312],[40.2007,0.1312],[40.201,0.1323]]],[[[40.2018,0.1309],[40.2026,0.1314],[40.2026,0.1306],[40.2018,0.1309]]],[[[40.2148,0.1492],[40.2139,0.1495],[40.2148,0.15],[40.2148,0.1492]]],[[[40.2142,0.1463],[40.215,0.1465],[40.215,0.1463],[40.2142,0.1463]]],[[[40.2147,0.2052],[40.215,0.2046],[40.2146,0.2046],[40.2147,0.2052]]],[[[40.2148,0.0956],[40.2145,0.0953],[40.2145,0.0956],[40.2148,0.0956]]],[[[40.2148,0.1606],[40.2139,0.1603],[40.2139,0.1606],[40.2148,0.1606]]],[[[40.2148,0.0837],[40.2145,0.0834],[40.2145,0.0837],[40.2148,0.0837]]],[[[40.2147,0.1815],[40.2145,0.1813],[40.2145,0.1815],[40.2147,0.1815]]],[[[40.2145,0.0921],[40.2142,0.0918],[40.2142,0.0921],[40.2145,0.0921]]],[[[40.2139,0.1562],[40.2145,0.1565],[40.2145,0.1562],[40.2139,0.1562]]],[[[40.2145,0.1511],[40.2137,0.1509],[40.2137,0.1514],[40.2145,0.1511]]],[[[40.2137,0.1878],[40.2145,0.1867],[40.2142,0.1867],[40.2137,0.1878]]],[[[40.2143,0.2044],[40.214,0.2041],[40.2139,0.2044],[40.2143,0.2044]]],[[[40.2131,0.1646],[40.2137,0.1649],[40.2142,0.1635],[40.2131,0.1646]]],[[[40.2121,0.1646],[40.2126,0.1643],[40.2121,0.1643],[40.2121,0.1646]]],[[[40.2129,0.163],[40.2142,0.163],[40.2129,0.1625],[40.2129,0.163]]],[[[40.2142,0.1622],[40.2139,0.1619],[40.2139,0.1622],[40.2142,0.1622]]],[[[40.2142,0.1959],[40.2137,0.1953],[40.2137,0.1959],[40.2142,0.1959]]],[[[40.2142,0.1851],[40.2099,0.1846],[40.2091,0.1837],[40.2083,0.1843],[40.2096,0.1854],[40.2102,0.1848],[40.2102,0.1859],[40.2142,0.1851]],[[40.2123,0.1851],[40.2115,0.1854],[40.2115,0.1851],[40.2123,0.1851]]],[[[40.2134,0.2024],[40.2139,0.2015],[40.2131,0.2018],[40.2134,0.2024]]],[[[40.2123,0.0794],[40.2137,0.0802],[40.2129,0.078],[40.2123,0.0794]]],[[[40.2134,0.0915],[40.2129,0.0913],[40.2129,0.0915],[40.2134,0.0915]]],[[[40.2131,0.1616],[40.2129,0.1614],[40.2129,0.1616],[40.2131,0.1616]]],[[[40.2131,0.2015],[40.2129,0.2013],[40.2129,0.2015],[40.2131,0.2015]]],[[[40.2124,0.2584],[40.2128,0.2591],[40.213,0.2584],[40.2124,0.2584]]],[[[40.2112,0.1943],[40.2099,0.197],[40.2112,0.197],[40.2102,0.198],[40.2118,0.1988],[40.2126,0.1983],[40.2129,0.1948],[40.2112,0.1943]],[[40.2112,0.1956],[40.2115,0.1953],[40.2115,0.1956],[40.2112,0.1956]],[[40.2118,0.1975],[40.2123,0.1978],[40.2118,0.1978],[40.2118,0.1975]],[[40.2123,0.1967],[40.2121,0.1961],[40.2123,0.1961],[40.2123,0.1967]],[[40.211,0.1959],[40.2118,0.1967],[40.211,0.1967],[40.211,0.1959]]],[[[40.2129,0.2024],[40.2126,0.2018],[40.2126,0.2024],[40.2129,0.2024]]],[[[40.2129,0.0953],[40.2126,0.095],[40.2126,0.0953],[40.2129,0.0953]]],[[[40.2129,0.094],[40.2126,0.0937],[40.2126,0.094],[40.2129,0.094]]],[[[40.2126,0.1028],[40.2123,0.1026],[40.2123,0.1028],[40.2126,0.1028]]],[[[40.2126,0.0807],[40.2123,0.0805],[40.2123,0.0807],[40.2126,0.0807]]],[[[40.2122,0.2069],[40.2124,0.2073],[40.2123,0.2065],[40.2122,0.2069]]],[[[40.2123,0.1514],[40.2118,0.1511],[40.2118,0.1514],[40.2123,0.1514]]],[[[40.2115,0.1657],[40.2123,0.1654],[40.2115,0.1649],[40.2115,0.1657]]],[[[40.2118,0.1576],[40.2123,0.1573],[40.2118,0.157],[40.2118,0.1576]]],[[[40.1988,-0.0479],[40.2018,-0.0538],[40.205,-0.0535],[40.204,-0.053],[40.205,-0.053],[40.2053,-0.0517],[40.2061,-0.0522],[40.2067,-0.0508],[40.2077,-0.053],[40.2107,-0.0519],[40.2077,-0.0533],[40.2075,-0.0546],[40.2064,-0.0535],[40.2053,-0.0549],[40.2034,-0.0544],[40.2021,-0.0562],[40.2034,-0.0589],[40.2091,-0.0651],[40.2123,-0.0657],[40.2094,-0.0654],[40.2061,-0.0665],[40.2072,-0.0638],[40.2032,-0.0595],[40.201,-0.0589],[40.2015,-0.0568],[40.1975,-0.0508],[40.1934,-0.049],[40.1921,-0.0492],[40.1913,-0.0508],[40.1918,-0.0484],[40.1937,-0.0479],[40.1934,-0.0468],[40.1956,-0.0481],[40.1964,-0.0479],[40.1962,-0.0468],[40.1964,-0.0463],[40.1988,-0.0479]],[[40.2077,-0.0649],[40.2075,-0.0654],[40.2077,-0.0654],[40.2077,-0.0649]],[[40.2072,-0.0525],[40.2067,-0.0527],[40.2072,-0.053],[40.2072,-0.0525]],[[40.2059,-0.0533],[40.2061,-0.0525],[40.2056,-0.0525],[40.2059,-0.0533]],[[40.198,-0.0487],[40.1978,-0.049],[40.198,-0.049],[40.198,-0.0487]],[[40.1975,-0.0484],[40.197,-0.0487],[40.1975,-0.0487],[40.1975,-0.0484]],[[40.197,-0.0479],[40.1967,-0.0481],[40.197,-0.0481],[40.197,-0.0479]],[[40.197,-0.0471],[40.1967,-0.0473],[40.197,-0.0473],[40.197,-0.0471]],[[40.1962,-0.0492],[40.1959,-0.0495],[40.1962,-0.0495],[40.1962,-0.0492]],[[40.1951,-0.049],[40.1945,-0.0481],[40.1934,-0.0484],[40.1951,-0.049]]],[[[40.2112,0.1608],[40.2121,0.1614],[40.2123,0.1606],[40.2112,0.1608]]],[[[40.2112,0.1619],[40.211,0.1614],[40.211,0.1619],[40.2112,0.1619]]],[[[40.2121,0.1444],[40.2118,0.1438],[40.2118,0.1444],[40.2121,0.1444]]],[[[40.2118,0.1422],[40.2112,0.1417],[40.2112,0.1419],[40.2118,0.1422]]],[[[40.2118,0.0945],[40.2115,0.0948],[40.2118,0.0948],[40.2118,0.0945]]],[[[40.211,0.0945],[40.2115,0.094],[40.211,0.094],[40.211,0.0945]]],[[[40.211,0.1774],[40.2115,0.1778],[40.2116,0.1773],[40.211,0.1774]]],[[[40.2053,0.1484],[40.2056,0.15],[40.2069,0.1509],[40.2069,0.1498],[40.208,0.1495],[40.2075,0.1509],[40.2094,0.1509],[40.2104,0.1498],[40.2102,0.1511],[40.2115,0.1511],[40.2099,0.1484],[40.2075,0.149],[40.2069,0.1474],[40.2053,0.1484]],[[40.2094,0.15],[40.2088,0.1492],[40.2094,0.1492],[40.2094,0.15]],[[40.2061,0.1487],[40.2067,0.1492],[40.2061,0.1495],[40.2061,0.1487]]],[[[40.2053,0.1487],[40.205,0.1484],[40.205,0.1487],[40.2053,0.1487]]],[[[40.2099,0.1517],[40.2094,0.1511],[40.2094,0.1514],[40.2099,0.1517]]],[[[40.2115,0.1625],[40.2112,0.1622],[40.2112,0.1625],[40.2115,0.1625]]],[[[40.211,0.2075],[40.2104,0.2069],[40.2104,0.2075],[40.211,0.2075]]],[[[40.211,0.1419],[40.2107,0.1414],[40.2107,0.1419],[40.211,0.1419]]],[[[40.2104,0.1651],[40.2096,0.1659],[40.211,0.1659],[40.2104,0.1651]]],[[[40.2109,0.1781],[40.2106,0.1784],[40.2108,0.1785],[40.2109,0.1781]]],[[[40.2096,0.0918],[40.2099,0.0934],[40.2107,0.0923],[40.2096,0.0918]]],[[[40.2094,0.0931],[40.2091,0.0929],[40.2091,0.0931],[40.2094,0.0931]]],[[[40.2107,0.0942],[40.2104,0.0937],[40.2104,0.0942],[40.2107,0.0942]]],[[[40.2107,0.0985],[40.2104,0.0983],[40.2104,0.0985],[40.2107,0.0985]]],[[[40.2107,0.1595],[40.2102,0.1592],[40.2102,0.1595],[40.2107,0.1595]]],[[[40.2107,0.1606],[40.2104,0.16],[40.2104,0.1606],[40.2107,0.1606]]],[[[40.2107,0.2129],[40.2104,0.2126],[40.2104,0.2129],[40.2107,0.2129]]],[[[40.2088,0.1935],[40.2072,0.1956],[40.2088,0.1953],[40.2096,0.1964],[40.2104,0.1937],[40.2088,0.1935]],[[40.208,0.1948],[40.2083,0.1945],[40.2083,0.1948],[40.208,0.1948]],[[40.2086,0.1945],[40.2088,0.1943],[40.2088,0.1945],[40.2086,0.1945]],[[40.2088,0.1948],[40.2091,0.1945],[40.2091,0.1948],[40.2088,0.1948]],[[40.2091,0.1951],[40.2094,0.1953],[40.2091,0.1953],[40.2091,0.1951]],[[40.2094,0.1943],[40.2091,0.1937],[40.2094,0.1937],[40.2094,0.1943]]],[[[40.2103,0.177],[40.2092,0.1768],[40.2095,0.1776],[40.2103,0.177]]],[[[40.2086,0.2059],[40.2094,0.2059],[40.208,0.2053],[40.2086,0.2059]]],[[[40.2086,0.2067],[40.208,0.2064],[40.208,0.2067],[40.2086,0.2067]]],[[[40.209,0.205],[40.2096,0.2056],[40.2094,0.2051],[40.209,0.205]]],[[[40.2091,0.1881],[40.2094,0.1872],[40.2088,0.1872],[40.2091,0.1881]]],[[[40.2088,0.1643],[40.2094,0.1635],[40.2088,0.1635],[40.2088,0.1643]]],[[[40.2094,0.1864],[40.2088,0.1862],[40.2088,0.1864],[40.2094,0.1864]]],[[[40.2048,0.1905],[40.2069,0.1929],[40.2094,0.19],[40.2064,0.1889],[40.2059,0.1902],[40.2048,0.1905]],[[40.2075,0.1902],[40.2072,0.19],[40.2075,0.19],[40.2075,0.1902]],[[40.2067,0.1894],[40.2069,0.1902],[40.2067,0.1902],[40.2067,0.1894]]],[[[40.2072,0.1891],[40.2075,0.1889],[40.2072,0.1889],[40.2072,0.1891]]],[[[40.2053,0.1897],[40.2059,0.1891],[40.2053,0.1891],[40.2053,0.1897]]],[[[40.2094,0.1856],[40.2091,0.1854],[40.2091,0.1856],[40.2094,0.1856]]],[[[40.2077,0.1668],[40.2088,0.1665],[40.2086,0.1659],[40.2077,0.1668]]],[[[40.2088,0.1525],[40.2086,0.1522],[40.2086,0.1525],[40.2088,0.1525]]],[[[40.2067,0.1961],[40.2086,0.1972],[40.2086,0.1961],[40.2067,0.1961]]],[[[40.2083,0.194],[40.208,0.1937],[40.208,0.194],[40.2083,0.194]]],[[[40.2083,0.1627],[40.208,0.1622],[40.208,0.1627],[40.2083,0.1627]]],[[[40.2061,0.1557],[40.2075,0.1562],[40.208,0.1554],[40.2064,0.1541],[40.2061,0.1557]],[[40.2069,0.1557],[40.2067,0.1552],[40.2069,0.1552],[40.2069,0.1557]]],[[[40.2056,0.1557],[40.2059,0.157],[40.2061,0.1557],[40.2056,0.1557]]],[[[40.208,0.0945],[40.2077,0.0942],[40.2077,0.0945],[40.208,0.0945]]],[[[40.2079,0.106],[40.2074,0.105],[40.2073,0.1062],[40.2079,0.106]]],[[[40.2076,0.2204],[40.2075,0.2209],[40.208,0.2207],[40.2076,0.2204]]],[[[40.2024,0.2722],[40.2032,0.2705],[40.2042,0.2713],[40.2067,0.2683],[40.206,0.2676],[40.2079,0.2663],[40.207,0.2651],[40.2051,0.2663],[40.2035,0.2661],[40.2039,0.268],[40.203,0.2694],[40.1996,0.2713],[40.1996,0.2726],[40.2024,0.2722]],[[40.2062,0.2684],[40.206,0.2682],[40.2062,0.2682],[40.2062,0.2684]],[[40.2042,0.2705],[40.204,0.2703],[40.2042,0.2703],[40.2042,0.2705]]],[[[40.2077,0.157],[40.2072,0.1565],[40.2072,0.1568],[40.2077,0.157]]],[[[40.2077,0.0934],[40.2072,0.0931],[40.2072,0.0934],[40.2077,0.0934]]],[[[40.2072,0.1065],[40.2075,0.1063],[40.2072,0.1064],[40.2072,0.1065]]],[[[40.2075,0.1576],[40.2069,0.1573],[40.2069,0.1576],[40.2075,0.1576]]],[[[40.2075,0.0964],[40.2069,0.0958],[40.2069,0.0961],[40.2075,0.0964]]],[[[40.2068,0.2193],[40.2072,0.2196],[40.207,0.2192],[40.2068,0.2193]]],[[[40.2072,0.1867],[40.2067,0.1864],[40.2067,0.1867],[40.2072,0.1867]]],[[[40.2064,0.094],[40.2072,0.0937],[40.2061,0.0934],[40.2064,0.094]]],[[[40.2067,0.106],[40.2069,0.1063],[40.207,0.1057],[40.2067,0.106]]],[[[40.2069,0.0953],[40.2067,0.095],[40.2067,0.0953],[40.2069,0.0953]]],[[[40.2069,0.1956],[40.2064,0.1948],[40.2064,0.1956],[40.2069,0.1956]]],[[[40.2069,0.1886],[40.2067,0.1883],[40.2067,0.1886],[40.2069,0.1886]]],[[[40.2067,0.157],[40.2064,0.1568],[40.2064,0.157],[40.2067,0.157]]],[[[40.2059,0.1527],[40.2067,0.1522],[40.2059,0.1525],[40.2059,0.1527]]],[[[40.2061,0.1279],[40.2067,0.1282],[40.2067,0.1279],[40.2061,0.1279]]],[[[40.2066,0.2188],[40.2057,0.219],[40.2063,0.2193],[40.2066,0.2188]]],[[[40.2051,0.0285],[40.2059,0.0282],[40.2062,0.0269],[40.2049,0.0274],[40.2051,0.0285]],[[40.2055,0.0279],[40.2056,0.0278],[40.2056,0.0279],[40.2055,0.0279]]],[[[40.2061,0.1883],[40.2059,0.1878],[40.2059,0.1883],[40.2061,0.1883]]],[[[40.2059,0.1285],[40.2056,0.1282],[40.2056,0.1285],[40.2059,0.1285]]],[[[40.2059,0.198],[40.2056,0.1978],[40.2056,0.198],[40.2059,0.198]]],[[[40.2059,0.1716],[40.2056,0.1713],[40.2056,0.1716],[40.2059,0.1716]]],[[[40.2055,0.1057],[40.2056,0.1053],[40.2053,0.1054],[40.2055,0.1057]]],[[[40.2059,0.112],[40.2056,0.1118],[40.2056,0.112],[40.2059,0.112]]],[[[40.2059,0.0966],[40.2056,0.0964],[40.2056,0.0966],[40.2059,0.0966]]],[[[40.2048,0.1589],[40.2056,0.1595],[40.2056,0.1592],[40.2048,0.1589]]],[[[40.2056,0.1465],[40.2053,0.1463],[40.2053,0.1465],[40.2056,0.1465]]],[[[40.2042,0.1724],[40.2048,0.173],[40.2056,0.1719],[40.205,0.1719],[40.2042,0.1724]]],[[[40.204,0.1724],[40.2042,0.1719],[40.204,0.1719],[40.204,0.1724]]],[[[40.205,0.1527],[40.2056,0.1522],[40.205,0.1525],[40.205,0.1527]]],[[[40.2056,0.1535],[40.205,0.1533],[40.205,0.1535],[40.2056,0.1535]]],[[[40.2056,0.1878],[40.2053,0.1875],[40.2053,0.1878],[40.2056,0.1878]]],[[[40.2056,0.2632],[40.2056,0.2622],[40.2054,0.2622],[40.2053,0.2627],[40.2056,0.2632]]],[[[40.2048,0.1703],[40.205,0.1695],[40.2045,0.1695],[40.2048,0.1703]]],[[[40.2037,0.1673],[40.2034,0.1681],[40.2042,0.1673],[40.2037,0.1673]]],[[[40.2042,0.1668],[40.2048,0.1673],[40.2048,0.1668],[40.2042,0.1668]]],[[[40.2053,0.1676],[40.2048,0.1678],[40.2053,0.1681],[40.2053,0.1676]]],[[[40.2037,0.1681],[40.2037,0.1689],[40.2048,0.1686],[40.2048,0.1684],[40.2037,0.1681]]],[[[40.2042,0.0907],[40.2037,0.091],[40.2042,0.091],[40.2042,0.0907]]],[[[40.2032,0.0907],[40.2037,0.0902],[40.2032,0.0902],[40.2032,0.0907]]],[[[40.2053,0.0913],[40.2042,0.0915],[40.2053,0.0915],[40.2053,0.0913]]],[[[40.2053,0.1506],[40.205,0.1509],[40.2053,0.1509],[40.2053,0.1506]]],[[[40.2048,0.1506],[40.205,0.1498],[40.2048,0.1498],[40.2048,0.1506]]],[[[40.205,0.0926],[40.2048,0.0923],[40.2048,0.0926],[40.205,0.0926]]],[[[40.205,0.1064],[40.2048,0.1061],[40.2048,0.1064],[40.205,0.1064]]],[[[40.2045,0.1587],[40.205,0.1579],[40.204,0.1581],[40.2045,0.1587]]],[[[40.2047,0.2129],[40.205,0.2126],[40.2048,0.2126],[40.2047,0.2129]]],[[[40.2032,0.1479],[40.2037,0.1471],[40.205,0.1474],[40.205,0.1465],[40.2026,0.146],[40.2018,0.1482],[40.2026,0.1482],[40.2024,0.1474],[40.2032,0.1479]]],[[[40.2032,0.1482],[40.2029,0.1479],[40.2029,0.1482],[40.2032,0.1482]]],[[[40.2042,0.1557],[40.2048,0.1565],[40.2048,0.1557],[40.2042,0.1557]]],[[[40.2042,0.157],[40.204,0.1568],[40.204,0.157],[40.2042,0.157]]],[[[40.2047,0.1843],[40.204,0.1845],[40.2045,0.1847],[40.2047,0.1843]]],[[[40.1962,0.1492],[40.1972,0.1492],[40.1975,0.1509],[40.1967,0.1525],[40.1951,0.1525],[40.1948,0.1533],[40.1959,0.1533],[40.1967,0.1546],[40.1988,0.1549],[40.1978,0.15],[40.1988,0.149],[40.1983,0.1484],[40.1978,0.1484],[40.1975,0.1465],[40.1962,0.1492]],[[40.198,0.1487],[40.1983,0.1492],[40.198,0.1492],[40.198,0.1487]],[[40.1972,0.1479],[40.1975,0.1484],[40.1972,0.1484],[40.1972,0.1479]],[[40.197,0.153],[40.198,0.1535],[40.198,0.1541],[40.1967,0.1538],[40.197,0.153]],[[40.1972,0.1527],[40.1978,0.1525],[40.1978,0.153],[40.1972,0.1527]],[[40.1978,0.1519],[40.1975,0.1514],[40.1978,0.1514],[40.1978,0.1519]],[[40.1972,0.149],[40.197,0.1487],[40.1972,0.1487],[40.1972,0.149]]],[[[40.1972,0.1465],[40.1972,0.1455],[40.1983,0.1457],[40.198,0.1449],[40.1991,0.1444],[40.1991,0.143],[40.1975,0.143],[40.198,0.1441],[40.1962,0.1438],[40.1964,0.1455],[40.1956,0.1449],[40.1953,0.1457],[40.1962,0.1468],[40.1972,0.1465]],[[40.1959,0.1455],[40.1962,0.1457],[40.1959,0.1457],[40.1959,0.1455]],[[40.198,0.1447],[40.1975,0.1444],[40.198,0.1444],[40.198,0.1447]],[[40.197,0.1457],[40.1967,0.1452],[40.197,0.1452],[40.197,0.1457]]],[[[40.1959,0.1495],[40.1967,0.1506],[40.1953,0.1487],[40.1948,0.1498],[40.1959,0.1495]]],[[[40.1983,0.1452],[40.1988,0.1455],[40.1988,0.1452],[40.1983,0.1452]]],[[[40.1986,0.1533],[40.1991,0.1544],[40.2002,0.1541],[40.1994,0.1546],[40.1994,0.156],[40.2002,0.1562],[40.2026,0.1565],[40.2029,0.1546],[40.2037,0.1554],[40.2045,0.1546],[40.2029,0.1533],[40.2018,0.1535],[40.2032,0.1519],[40.2018,0.1506],[40.2021,0.1514],[40.2018,0.1525],[40.2015,0.1511],[40.2007,0.1509],[40.2015,0.1492],[40.2005,0.1503],[40.1994,0.1498],[40.2002,0.1511],[40.1999,0.1522],[40.1988,0.1519],[40.1996,0.153],[40.1986,0.1533]],[[40.2026,0.1522],[40.2024,0.1519],[40.2026,0.1519],[40.2026,0.1522]],[[40.2021,0.1554],[40.2015,0.1546],[40.2024,0.1549],[40.2021,0.1554]],[[40.2021,0.1544],[40.2018,0.1541],[40.2021,0.1541],[40.2021,0.1544]],[[40.2007,0.1522],[40.2015,0.1519],[40.2015,0.1525],[40.2007,0.1522]],[[40.2013,0.153],[40.201,0.1533],[40.2007,0.153],[40.2013,0.153]],[[40.201,0.1546],[40.2005,0.1541],[40.201,0.1544],[40.201,0.1546]],[[40.2005,0.153],[40.1999,0.1525],[40.2005,0.1525],[40.2005,0.153]],[[40.2002,0.1535],[40.2005,0.1533],[40.2005,0.1535],[40.2002,0.1535]]],[[[40.1991,0.1498],[40.1994,0.1495],[40.1991,0.1495],[40.1991,0.1498]]],[[[40.2034,0.156],[40.2032,0.1562],[40.2034,0.1562],[40.2034,0.156]]],[[[40.1964,0.1517],[40.1962,0.1511],[40.1959,0.1517],[40.1964,0.1517]]],[[[40.197,0.1506],[40.1967,0.1509],[40.197,0.1509],[40.197,0.1506]]],[[[40.197,0.1503],[40.1972,0.1506],[40.1972,0.1503],[40.197,0.1503]]],[[[40.2045,0.2296],[40.2042,0.2293],[40.2042,0.2296],[40.2045,0.2296]]],[[[40.2037,0.19],[40.204,0.1908],[40.2045,0.1905],[40.2045,0.19],[40.2037,0.19]]],[[[40.2045,0.0923],[40.204,0.0918],[40.204,0.0923],[40.2045,0.0923]]],[[[40.2042,0.028],[40.204,0.0284],[40.2043,0.0284],[40.2042,0.028]]],[[[40.2041,0.2619],[40.2043,0.2621],[40.2043,0.2619],[40.2041,0.2619]]],[[[40.2029,0.2013],[40.2037,0.2015],[40.2037,0.2013],[40.2029,0.2013]]],[[[40.2026,0.2021],[40.2024,0.2015],[40.2024,0.2021],[40.2026,0.2021]]],[[[40.2037,0.201],[40.2042,0.2013],[40.2042,0.201],[40.2037,0.201]]],[[[40.2042,0.0905],[40.204,0.0902],[40.204,0.0905],[40.2042,0.0905]]],[[[40.2035,0.2127],[40.2025,0.2126],[40.2027,0.2133],[40.2035,0.2127]]],[[[40.2037,0.213],[40.2036,0.2136],[40.204,0.2131],[40.2037,0.213]]],[[[40.2037,0.1835],[40.2034,0.1829],[40.2034,0.1835],[40.2037,0.1835]]],[[[40.2033,0.1821],[40.2035,0.1818],[40.2034,0.1818],[40.2033,0.1821]]],[[[40.2034,0.1713],[40.2026,0.1711],[40.2026,0.1713],[40.2034,0.1713]]],[[[40.2032,0.102],[40.2026,0.1025],[40.2033,0.1022],[40.2032,0.102]]],[[[40.2032,0.2655],[40.203,0.2659],[40.2032,0.266],[40.2032,0.2655]]],[[[40.2032,0.143],[40.2026,0.1428],[40.2026,0.143],[40.2032,0.143]]],[[[40.2032,0.0918],[40.2029,0.0915],[40.2029,0.0918],[40.2032,0.0918]]],[[[40.2032,0.2315],[40.2026,0.2309],[40.2026,0.2317],[40.2032,0.2315]]],[[[40.2024,0.267],[40.2032,0.2668],[40.2025,0.2666],[40.2024,0.267]]],[[[40.2028,0.1867],[40.203,0.1863],[40.2029,0.1863],[40.2028,0.1867]]],[[[40.2029,0.078],[40.2026,0.0784],[40.2029,0.0783],[40.2029,0.078]]],[[[40.2027,0.186],[40.2025,0.1859],[40.2025,0.186],[40.2027,0.186]]],[[[40.2023,0.261],[40.2027,0.2604],[40.2024,0.2602],[40.2023,0.261]]],[[[40.2024,0.1713],[40.2024,0.1703],[40.2026,0.1695],[40.2015,0.1705],[40.2024,0.1713]]],[[[40.2026,0.1576],[40.2024,0.1579],[40.2026,0.1579],[40.2026,0.1576]]],[[[40.2021,0.1576],[40.2024,0.1573],[40.2021,0.1573],[40.2021,0.1576]]],[[[40.2026,0.1452],[40.2024,0.1449],[40.2024,0.1452],[40.2026,0.1452]]],[[[40.2026,0.2104],[40.2024,0.2102],[40.2024,0.2104],[40.2026,0.2104]]],[[[40.2024,0.1887],[40.2014,0.1886],[40.2023,0.189],[40.2024,0.1887]]],[[[40.2024,0.149],[40.2021,0.1487],[40.2021,0.149],[40.2024,0.149]]],[[[40.1996,0.1595],[40.2024,0.16],[40.2007,0.1589],[40.1996,0.1595]]],[[[40.2013,0.1074],[40.2024,0.1077],[40.2024,0.1072],[40.2013,0.1074]]],[[[40.2019,0.2659],[40.2023,0.2658],[40.202,0.2656],[40.2019,0.2659]]],[[[40.2018,0.2134],[40.2023,0.213],[40.2018,0.2127],[40.2018,0.2134]]],[[[40.2022,0.1045],[40.2016,0.1051],[40.2023,0.1047],[40.2022,0.1045]]],[[[40.2019,0.207],[40.2021,0.2071],[40.2019,0.2069],[40.2019,0.207]]],[[[40.2021,0.2013],[40.2015,0.2007],[40.2015,0.201],[40.2021,0.2013]]],[[[40.2007,0.1452],[40.2002,0.146],[40.201,0.1457],[40.2007,0.1452]]],[[[40.2007,0.1449],[40.2013,0.1452],[40.2013,0.1449],[40.2007,0.1449]]],[[[40.2018,0.1452],[40.2021,0.1455],[40.2021,0.1449],[40.2018,0.1452]]],[[[40.2021,0.1465],[40.2018,0.1463],[40.2018,0.1465],[40.2021,0.1465]]],[[[40.2021,0.1447],[40.2018,0.1444],[40.2018,0.1447],[40.2021,0.1447]]],[[[40.2018,0.1805],[40.2015,0.1808],[40.2018,0.1808],[40.2018,0.1805]]],[[[40.2018,0.0891],[40.2015,0.0888],[40.2015,0.0891],[40.2018,0.0891]]],[[[40.2015,0.1002],[40.2013,0.0999],[40.2013,0.1002],[40.2015,0.1002]]],[[[40.2015,0.1622],[40.2013,0.1616],[40.2013,0.1622],[40.2015,0.1622]]],[[[40.1953,0.1546],[40.1953,0.156],[40.1959,0.1549],[40.1967,0.1554],[40.1956,0.1568],[40.1964,0.1581],[40.1964,0.1568],[40.198,0.1576],[40.1986,0.1587],[40.2015,0.1579],[40.201,0.1568],[40.198,0.1573],[40.1978,0.1552],[40.1953,0.1546]],[[40.1975,0.1568],[40.1978,0.157],[40.1975,0.157],[40.1975,0.1568]],[[40.197,0.156],[40.1975,0.1565],[40.197,0.1565],[40.197,0.156]]],[[[40.1948,0.1544],[40.1953,0.1541],[40.1948,0.1541],[40.1948,0.1544]]],[[[40.197,0.1581],[40.1967,0.1584],[40.197,0.1584],[40.197,0.1581]]],[[[40.198,0.1584],[40.1978,0.1581],[40.1978,0.1584],[40.198,0.1584]]],[[[40.197,0.1579],[40.1975,0.1581],[40.1975,0.1579],[40.197,0.1579]]],[[[40.1988,0.1743],[40.1996,0.1749],[40.2013,0.1746],[40.201,0.174],[40.1988,0.1743]]],[[[40.2013,0.0886],[40.201,0.0883],[40.201,0.0886],[40.2013,0.0886]]],[[[40.2013,0.1045],[40.201,0.1039],[40.201,0.1045],[40.2013,0.1045]]],[[[40.2007,0.1077],[40.201,0.108],[40.201,0.1077],[40.2007,0.1077]]],[[[40.2007,0.1082],[40.1999,0.108],[40.1999,0.1082],[40.2007,0.1082]]],[[[40.1994,0.1444],[40.201,0.1444],[40.1994,0.1441],[40.1994,0.1444]]],[[[40.2005,0.1908],[40.2009,0.1906],[40.2004,0.1904],[40.2005,0.1908]]],[[[40.2007,0.1468],[40.2005,0.1465],[40.2005,0.1468],[40.2007,0.1468]]],[[[40.2005,0.088],[40.1999,0.0875],[40.1999,0.0877],[40.2005,0.088]]],[[[40.2005,0.1393],[40.1996,0.1395],[40.2005,0.1395],[40.2005,0.1393]]],[[[40.1999,0.1314],[40.1996,0.1312],[40.1996,0.1314],[40.1999,0.1314]]],[[[40.1998,0.1883],[40.1992,0.1886],[40.1996,0.1889],[40.1998,0.1883]]],[[[40.1997,0.2029],[40.1995,0.2025],[40.1992,0.2025],[40.1997,0.2029]]],[[[40.1996,0.1851],[40.1994,0.1846],[40.1994,0.1851],[40.1996,0.1851]]],[[[40.1996,0.1463],[40.1994,0.1457],[40.1994,0.1463],[40.1996,0.1463]]],[[[40.1922,0.2761],[40.1963,0.2744],[40.1969,0.2725],[40.1979,0.2728],[40.1966,0.2737],[40.1985,0.2733],[40.198,0.2723],[40.1994,0.2722],[40.1992,0.2717],[40.1962,0.272],[40.1946,0.2741],[40.1918,0.2749],[40.1922,0.2761]],[[40.1979,0.273],[40.198,0.2732],[40.1979,0.2732],[40.1979,0.273]],[[40.1966,0.2725],[40.1963,0.2723],[40.1966,0.2723],[40.1966,0.2725]],[[40.1959,0.2738],[40.1954,0.2739],[40.1955,0.2737],[40.1959,0.2738]]],[[[40.1994,0.1398],[40.1991,0.1395],[40.1991,0.1398],[40.1994,0.1398]]],[[[40.1994,0.139],[40.1991,0.1387],[40.1991,0.139],[40.1994,0.139]]],[[[40.1994,0.1384],[40.1991,0.1382],[40.1991,0.1384],[40.1994,0.1384]]],[[[40.1991,0.1047],[40.1988,0.1045],[40.1988,0.1047],[40.1991,0.1047]]],[[[40.1986,0.1093],[40.1988,0.1096],[40.1988,0.1093],[40.1986,0.1093]]],[[[40.1986,0.1099],[40.1983,0.1096],[40.1983,0.1099],[40.1986,0.1099]]],[[[40.1988,0.1091],[40.1991,0.1093],[40.1991,0.1091],[40.1988,0.1091]]],[[[40.1991,0.1595],[40.1988,0.1592],[40.1988,0.1595],[40.1991,0.1595]]],[[[40.1991,0.2059],[40.1986,0.2061],[40.1991,0.2061],[40.1991,0.2059]]],[[[40.1986,0.1565],[40.1991,0.1554],[40.1983,0.1552],[40.1986,0.1565]]],[[[40.1985,0.2025],[40.1989,0.2031],[40.1988,0.2024],[40.1985,0.2025]]],[[[40.1988,0.1503],[40.1986,0.15],[40.1986,0.1503],[40.1988,0.1503]]],[[[40.1988,0.1735],[40.1978,0.1727],[40.1978,0.1735],[40.1988,0.1735]]],[[[40.1983,0.1819],[40.1986,0.1813],[40.1983,0.1813],[40.1983,0.1819]]],[[[40.1983,0.1908],[40.1979,0.1914],[40.1986,0.1912],[40.1983,0.1908]]],[[[40.1978,0.1023],[40.1986,0.1021],[40.1978,0.1015],[40.1978,0.1023]]],[[[40.1978,0.0875],[40.1986,0.0867],[40.198,0.0864],[40.1978,0.0875]]],[[[40.1986,0.1719],[40.1983,0.1716],[40.1983,0.1719],[40.1986,0.1719]]],[[[40.1985,0.0269],[40.1982,0.0267],[40.1982,0.0269],[40.1985,0.0269]]],[[[40.1983,0.1476],[40.198,0.1474],[40.198,0.1476],[40.1983,0.1476]]],[[[40.1983,0.1395],[40.1975,0.1398],[40.1983,0.1398],[40.1983,0.1395]]],[[[40.1983,0.17],[40.1975,0.1705],[40.1983,0.1703],[40.1983,0.17]]],[[[40.1976,0.1783],[40.198,0.1777],[40.1977,0.1777],[40.1976,0.1783]]],[[[40.1981,0.2024],[40.1978,0.2026],[40.1981,0.2027],[40.1981,0.2024]]],[[[40.1962,0.1131],[40.1948,0.1127],[40.1964,0.1125],[40.197,0.1117],[40.1963,0.1114],[40.198,0.1098],[40.1934,0.1117],[40.1959,0.1153],[40.1962,0.1131]],[[40.1957,0.1118],[40.1953,0.112],[40.1953,0.1118],[40.1957,0.1118]]],[[[40.198,0.2161],[40.1978,0.2158],[40.1978,0.2161],[40.198,0.2161]]],[[[40.198,0.136],[40.1978,0.1358],[40.1978,0.136],[40.198,0.136]]],[[[40.198,0.0275],[40.1966,0.0261],[40.1958,0.0265],[40.198,0.0275]]],[[[40.1975,0.2015],[40.1971,0.2021],[40.1976,0.2017],[40.1975,0.2015]]],[[[40.197,0.2043],[40.196,0.2053],[40.1974,0.2047],[40.197,0.2043]]],[[[40.1975,0.2051],[40.1972,0.2056],[40.1975,0.2056],[40.1975,0.2051]]],[[[40.1972,0.2028],[40.197,0.2027],[40.197,0.203],[40.1972,0.2028]]],[[[40.1968,0.1056],[40.1972,0.1058],[40.1971,0.1056],[40.1968,0.1056]]],[[[40.1967,0.1819],[40.1965,0.1825],[40.197,0.1824],[40.1967,0.1819]]],[[[40.1967,0.2009],[40.197,0.2008],[40.1967,0.2008],[40.1967,0.2009]]],[[[40.197,0.1007],[40.1967,0.1004],[40.1967,0.1007],[40.197,0.1007]]],[[[40.1967,0.1428],[40.1962,0.1425],[40.1962,0.1428],[40.1967,0.1428]]],[[[40.1967,0.2069],[40.1962,0.2072],[40.1967,0.2072],[40.1967,0.2069]]],[[[40.1959,0.2069],[40.1962,0.2064],[40.1956,0.2064],[40.1959,0.2069]]],[[[40.1939,0.1017],[40.1964,0.1002],[40.194,0.1004],[40.1939,0.1017]]],[[[40.1964,0.1827],[40.1954,0.1834],[40.1959,0.1843],[40.1964,0.1827]]],[[[40.1964,0.1382],[40.1962,0.1379],[40.1962,0.1382],[40.1964,0.1382]]],[[[40.1964,0.1433],[40.1962,0.143],[40.1962,0.1433],[40.1964,0.1433]]],[[[40.1957,0.2007],[40.196,0.2014],[40.1964,0.2014],[40.1964,0.2008],[40.1957,0.2007]]],[[[40.1956,0.0834],[40.1953,0.0843],[40.1962,0.0851],[40.1962,0.0845],[40.1956,0.0834]]],[[[40.1962,0.1414],[40.1959,0.1409],[40.1959,0.1414],[40.1962,0.1414]]],[[[40.1962,0.2277],[40.1956,0.2272],[40.1956,0.2274],[40.1962,0.2277]]],[[[40.1962,0.1172],[40.1959,0.1166],[40.1959,0.1172],[40.1962,0.1172]]],[[[40.1962,0.1393],[40.1959,0.139],[40.1959,0.1393],[40.1962,0.1393]]],[[[40.1958,0.2087],[40.1957,0.2091],[40.1961,0.2091],[40.1958,0.2087]]],[[[40.1959,0.1422],[40.1956,0.1419],[40.1956,0.1422],[40.1959,0.1422]]],[[[40.1959,0.1482],[40.1953,0.1479],[40.1953,0.1482],[40.1959,0.1482]]],[[[40.1948,0.187],[40.1953,0.1875],[40.1959,0.1872],[40.1959,0.187],[40.1948,0.187]]],[[[40.1955,0.1853],[40.1959,0.1856],[40.1959,0.1854],[40.1955,0.1853]]],[[[40.1959,0.1158],[40.1956,0.1155],[40.1956,0.1158],[40.1959,0.1158]]],[[[40.1953,0.1465],[40.1956,0.1468],[40.1959,0.1465],[40.1953,0.1465]]],[[[40.1959,0.2061],[40.1956,0.2059],[40.1956,0.2061],[40.1959,0.2061]]],[[[40.1955,0.2018],[40.195,0.2012],[40.1946,0.2019],[40.1955,0.2018]]],[[[40.1952,0.0262],[40.1957,0.0259],[40.1952,0.026],[40.1952,0.0262]]],[[[40.1951,0.1444],[40.1956,0.1441],[40.1951,0.1438],[40.1951,0.1444]]],[[[40.1956,0.1584],[40.1951,0.1579],[40.1951,0.1581],[40.1956,0.1584]]],[[[40.1952,0.1839],[40.1952,0.185],[40.1955,0.185],[40.1952,0.1839]]],[[[40.1943,0.1403],[40.194,0.1411],[40.1945,0.1409],[40.1943,0.1403]]],[[[40.1934,0.1403],[40.1937,0.1401],[40.1934,0.1401],[40.1934,0.1403]]],[[[40.194,0.1414],[40.1934,0.1411],[40.1934,0.1414],[40.194,0.1414]]],[[[40.1953,0.1406],[40.1945,0.1419],[40.1948,0.1419],[40.1953,0.1406]]],[[[40.1945,0.2226],[40.1953,0.2223],[40.1953,0.222],[40.1945,0.2218],[40.1945,0.2226]]],[[[40.1953,0.1279],[40.1951,0.1277],[40.1951,0.1279],[40.1953,0.1279]]],[[[40.1953,0.1395],[40.1951,0.139],[40.1951,0.1395],[40.1953,0.1395]]],[[[40.1953,0.1519],[40.1951,0.1517],[40.1951,0.1519],[40.1953,0.1519]]],[[[40.1951,0.0956],[40.1948,0.0953],[40.1948,0.0956],[40.1951,0.0956]]],[[[40.1951,0.0969],[40.1948,0.0964],[40.1948,0.0969],[40.1951,0.0969]]],[[[40.1951,0.1401],[40.1945,0.1395],[40.1945,0.1401],[40.1951,0.1401]]],[[[40.1948,0.1447],[40.1943,0.1449],[40.1948,0.1452],[40.1948,0.1447]]],[[[40.1951,0.1452],[40.1948,0.1457],[40.1951,0.1457],[40.1951,0.1452]]],[[[40.1948,0.146],[40.1945,0.1457],[40.1945,0.146],[40.1948,0.146]]],[[[40.1949,0.1023],[40.1947,0.1021],[40.1947,0.1023],[40.1949,0.1023]]],[[[40.1948,0.1428],[40.1945,0.1425],[40.1945,0.1428],[40.1948,0.1428]]],[[[40.1944,0.2767],[40.1947,0.2766],[40.1944,0.2765],[40.1944,0.2767]]],[[[40.1942,0.1878],[40.1941,0.1871],[40.1931,0.1878],[40.1942,0.1878]]],[[[40.1929,0.1535],[40.194,0.1549],[40.1945,0.1533],[40.1929,0.1535]]],[[[40.1942,0.1884],[40.1936,0.1884],[40.1937,0.1887],[40.1942,0.1884]]],[[[40.1943,0.1576],[40.194,0.157],[40.194,0.1576],[40.1943,0.1576]]],[[[40.1934,0.1268],[40.1943,0.1277],[40.194,0.1268],[40.1934,0.1268]]],[[[40.1936,0.2006],[40.194,0.2003],[40.1935,0.2004],[40.1936,0.2006]]],[[[40.1937,0.157],[40.1934,0.1568],[40.1934,0.157],[40.1937,0.157]]],[[[40.1937,0.1428],[40.1934,0.1425],[40.1934,0.1428],[40.1937,0.1428]]],[[[40.1937,0.222],[40.1934,0.2218],[40.1934,0.222],[40.1937,0.222]]],[[[40.1937,0.2231],[40.1934,0.2226],[40.1934,0.2231],[40.1937,0.2231]]],[[[40.1937,0.1158],[40.1934,0.1155],[40.1934,0.1158],[40.1937,0.1158]]],[[[40.1937,0.2288],[40.1932,0.2285],[40.1932,0.2288],[40.1937,0.2288]]],[[[40.1934,0.1441],[40.1932,0.143],[40.1924,0.143],[40.1924,0.1438],[40.1929,0.1433],[40.1934,0.1441]]],[[[40.1932,0.1374],[40.1929,0.1371],[40.1929,0.1374],[40.1932,0.1374]]],[[[40.1932,0.0783],[40.1929,0.078],[40.1929,0.0783],[40.1932,0.0783]]],[[[40.1932,0.1428],[40.1929,0.1425],[40.1929,0.1428],[40.1932,0.1428]]],[[[40.1926,0.2228],[40.1932,0.2223],[40.1926,0.2226],[40.1926,0.2228]]],[[[40.1932,0.2309],[40.1929,0.2307],[40.1929,0.2309],[40.1932,0.2309]]],[[[40.1924,0.1991],[40.193,0.1985],[40.1925,0.1983],[40.1924,0.1991]]],[[[40.1929,0.1581],[40.1926,0.1579],[40.1926,0.1581],[40.1929,0.1581]]],[[[40.1929,0.0789],[40.1926,0.0786],[40.1926,0.0789],[40.1929,0.0789]]],[[[40.1929,0.2011],[40.1927,0.2014],[40.1929,0.2014],[40.1929,0.2011]]],[[[40.1925,0.18],[40.1928,0.1797],[40.1924,0.1798],[40.1925,0.18]]],[[[40.1926,0.1514],[40.1924,0.1511],[40.1924,0.1514],[40.1926,0.1514]]],[[[40.19,0.1406],[40.1913,0.1409],[40.19,0.1401],[40.19,0.1406]]],[[[40.1921,0.1406],[40.1913,0.1414],[40.1921,0.1417],[40.1921,0.1406]]],[[[40.1926,0.1419],[40.1921,0.1425],[40.1924,0.1425],[40.1926,0.1419]]],[[[40.1926,0.0783],[40.1924,0.078],[40.1924,0.0783],[40.1926,0.0783]]],[[[40.1926,0.2307],[40.1921,0.2304],[40.1921,0.2307],[40.1926,0.2307]]],[[[40.1924,0.2112],[40.1921,0.211],[40.1921,0.2112],[40.1924,0.2112]]],[[[40.1924,0.1579],[40.1918,0.1573],[40.1918,0.1579],[40.1924,0.1579]]],[[[40.1924,0.1401],[40.1916,0.1398],[40.1916,0.1401],[40.1924,0.1401]]],[[[40.1921,0.2115],[40.1918,0.2118],[40.1921,0.2121],[40.1921,0.2115]]],[[[40.1916,0.2121],[40.1913,0.2118],[40.1913,0.2121],[40.1916,0.2121]]],[[[40.1924,0.2121],[40.1921,0.2123],[40.1924,0.2123],[40.1924,0.2121]]],[[[40.1921,0.1438],[40.1918,0.1436],[40.1918,0.1438],[40.1921,0.1438]]],[[[40.191,0.1112],[40.1921,0.1115],[40.1921,0.1112],[40.191,0.1112]]],[[[40.191,0.1118],[40.1905,0.1115],[40.1905,0.1118],[40.191,0.1118]]],[[[40.1921,0.0791],[40.1918,0.0794],[40.1921,0.0794],[40.1921,0.0791]]],[[[40.1916,0.0791],[40.1918,0.0789],[40.1916,0.0789],[40.1916,0.0791]]],[[[40.1921,0.0985],[40.1918,0.0983],[40.1918,0.0985],[40.1921,0.0985]]],[[[40.1913,0.1557],[40.1918,0.1546],[40.1916,0.1546],[40.1913,0.1557]]],[[[40.1902,0.2234],[40.1905,0.2231],[40.1902,0.2231],[40.1902,0.2234]]],[[[40.1918,0.2296],[40.1916,0.2288],[40.1916,0.2296],[40.1918,0.2296]]],[[[40.1916,0.2317],[40.191,0.2312],[40.191,0.2317],[40.1916,0.2317]]],[[[40.1908,0.1565],[40.1916,0.1573],[40.1916,0.1565],[40.1908,0.1565]]],[[[40.1916,0.1382],[40.1913,0.1384],[40.1916,0.1384],[40.1916,0.1382]]],[[[40.191,0.1382],[40.1913,0.1379],[40.191,0.1379],[40.191,0.1382]]],[[[40.1916,0.1447],[40.1913,0.1444],[40.1913,0.1447],[40.1916,0.1447]]],[[[40.1916,0.2304],[40.1913,0.2299],[40.1913,0.2304],[40.1916,0.2304]]],[[[40.1912,0.2768],[40.1901,0.2762],[40.1895,0.2765],[40.1904,0.2774],[40.1912,0.2768]]],[[[40.1913,0.1023],[40.191,0.1021],[40.191,0.1023],[40.1913,0.1023]]],[[[40.1913,0.1546],[40.1908,0.1541],[40.191,0.1546],[40.1913,0.1546]]],[[[40.19,0.2104],[40.1883,0.2091],[40.1891,0.2112],[40.1913,0.2104],[40.1908,0.2088],[40.19,0.2104]]],[[[40.1902,0.2088],[40.1905,0.2077],[40.1902,0.2077],[40.1902,0.2088]]],[[[40.191,0.1401],[40.1908,0.1398],[40.1908,0.1401],[40.191,0.1401]]],[[[40.191,0.1263],[40.1908,0.1255],[40.1908,0.1263],[40.191,0.1263]]],[[[40.191,0.0797],[40.1908,0.0791],[40.1908,0.0797],[40.191,0.0797]]],[[[40.1908,0.1428],[40.1905,0.1422],[40.1905,0.1428],[40.1908,0.1428]]],[[[40.1908,0.2112],[40.1905,0.211],[40.1905,0.2112],[40.1908,0.2112]]],[[[40.1908,0.2121],[40.1905,0.2118],[40.1905,0.2121],[40.1908,0.2121]]],[[[40.1905,0.1511],[40.1902,0.1509],[40.1902,0.1511],[40.1905,0.1511]]],[[[40.1905,0.2072],[40.1902,0.2069],[40.1902,0.2072],[40.1905,0.2072]]],[[[40.1902,0.1419],[40.1897,0.1414],[40.1897,0.1422],[40.1902,0.1419]]],[[[40.1894,0.1525],[40.1894,0.1538],[40.1902,0.1538],[40.1894,0.1525]]],[[[40.19,0.2398],[40.1891,0.2399],[40.1899,0.2403],[40.19,0.2398]]],[[[40.19,0.139],[40.1897,0.1387],[40.1897,0.139],[40.19,0.139]]],[[[40.1897,0.1398],[40.1894,0.1395],[40.1894,0.1398],[40.1897,0.1398]]],[[[40.1897,0.1374],[40.1894,0.1368],[40.1894,0.1374],[40.1897,0.1374]]],[[[40.1894,0.1403],[40.1891,0.1401],[40.1891,0.1403],[40.1894,0.1403]]],[[[40.1894,0.1411],[40.1891,0.1417],[40.1894,0.1417],[40.1894,0.1411]]],[[[40.1886,0.1409],[40.1891,0.1406],[40.1886,0.1406],[40.1886,0.1409]]],[[[40.1891,0.1606],[40.1889,0.1603],[40.1889,0.1606],[40.1891,0.1606]]],[[[40.1889,0.1587],[40.1891,0.1589],[40.1891,0.1587],[40.1889,0.1587]]],[[[40.1889,0.1595],[40.1883,0.1589],[40.1883,0.1595],[40.1889,0.1595]]],[[[40.1885,0.1732],[40.1888,0.1726],[40.1885,0.1726],[40.1885,0.1732]]],[[[40.1889,0.1775],[40.1887,0.1773],[40.1887,0.1775],[40.1889,0.1775]]],[[[40.1816,0.1355],[40.1832,0.136],[40.1835,0.1371],[40.1851,0.1363],[40.1851,0.1352],[40.184,0.136],[40.1837,0.1339],[40.1829,0.1331],[40.1816,0.1336],[40.1805,0.1323],[40.1805,0.1349],[40.1816,0.1355]],[[40.1816,0.1355],[40.1819,0.1349],[40.1819,0.1355],[40.1816,0.1355]],[[40.1832,0.1339],[40.1835,0.1341],[40.1832,0.1341],[40.1832,0.1339]],[[40.1843,0.1363],[40.1846,0.1366],[40.1843,0.1366],[40.1843,0.1363]],[[40.1816,0.1344],[40.1813,0.1341],[40.1816,0.1341],[40.1816,0.1344]]],[[[40.1816,0.1331],[40.1819,0.1328],[40.1816,0.1328],[40.1816,0.1331]]],[[[40.1843,0.1352],[40.184,0.1355],[40.1843,0.1355],[40.1843,0.1352]]],[[[40.1851,0.1374],[40.184,0.1376],[40.1851,0.1379],[40.1851,0.1374]]],[[[40.1851,0.1368],[40.1856,0.1371],[40.1856,0.1366],[40.1851,0.1368]]],[[[40.1856,0.1366],[40.187,0.1374],[40.1878,0.1398],[40.1889,0.1401],[40.1889,0.139],[40.1875,0.1387],[40.1881,0.1376],[40.187,0.1371],[40.1872,0.1358],[40.1859,0.1355],[40.1856,0.1366]],[[40.1867,0.1368],[40.1862,0.1363],[40.187,0.1363],[40.1867,0.1368]]],[[[40.1854,0.1363],[40.1856,0.1358],[40.1854,0.1358],[40.1854,0.1363]]],[[[40.1886,0.1384],[40.1883,0.1382],[40.1883,0.1384],[40.1886,0.1384]]],[[[40.1883,0.1771],[40.1875,0.1769],[40.1875,0.1771],[40.1883,0.1771]]],[[[40.1882,0.1784],[40.1882,0.1788],[40.1883,0.1788],[40.1882,0.1784]]],[[[40.188,0.1735],[40.1876,0.1742],[40.188,0.1744],[40.188,0.1735]]],[[[40.1875,0.2115],[40.1878,0.2107],[40.1872,0.2104],[40.1872,0.211],[40.1875,0.2115]]],[[[40.1878,0.2086],[40.1872,0.2088],[40.1878,0.2091],[40.1878,0.2086]]],[[[40.187,0.2086],[40.1872,0.208],[40.187,0.208],[40.187,0.2086]]],[[[40.1878,0.1603],[40.1875,0.16],[40.1875,0.1603],[40.1878,0.1603]]],[[[40.1862,0.1231],[40.1872,0.1242],[40.1878,0.1243],[40.1862,0.1231]]],[[[40.1875,0.1196],[40.1872,0.1193],[40.1872,0.1196],[40.1875,0.1196]]],[[[40.1875,0.2293],[40.1872,0.2291],[40.1872,0.2293],[40.1875,0.2293]]],[[[40.1874,0.1728],[40.187,0.173],[40.1875,0.1731],[40.1874,0.1728]]],[[[40.1872,0.1606],[40.187,0.1603],[40.187,0.1606],[40.1872,0.1606]]],[[[40.1872,0.1403],[40.187,0.1409],[40.1872,0.1409],[40.1872,0.1403]]],[[[40.1867,0.1403],[40.187,0.1401],[40.1867,0.1401],[40.1867,0.1403]]],[[[40.1859,-0.0689],[40.1872,-0.0689],[40.187,-0.0692],[40.1859,-0.0689]]],[[[40.1867,0.1763],[40.187,0.1765],[40.1869,0.1763],[40.1867,0.1763]]],[[[40.187,0.1803],[40.1867,0.1805],[40.187,0.1805],[40.187,0.1803]]],[[[40.187,0.1398],[40.1867,0.1395],[40.1867,0.1398],[40.187,0.1398]]],[[[40.1867,0.1411],[40.1864,0.1409],[40.1864,0.1411],[40.1867,0.1411]]],[[[40.1859,0.139],[40.1867,0.1382],[40.1859,0.1382],[40.1859,0.139]]],[[[40.186,0.1734],[40.1855,0.1747],[40.1859,0.1755],[40.1866,0.1747],[40.186,0.1734]]],[[[40.1862,0.181],[40.1865,0.1807],[40.1862,0.1808],[40.1862,0.181]]],[[[40.1864,0.1398],[40.1862,0.1393],[40.1862,0.1398],[40.1864,0.1398]]],[[[40.1864,0.0913],[40.1862,0.0907],[40.1862,0.0913],[40.1864,0.0913]]],[[[40.1864,0.1788],[40.1862,0.1786],[40.1862,0.1788],[40.1864,0.1788]]],[[[40.1818,0.259],[40.1835,0.2567],[40.1826,0.2558],[40.1844,0.2549],[40.1829,0.2537],[40.1851,0.2523],[40.1859,0.2506],[40.1823,0.2538],[40.1821,0.2564],[40.1829,0.2572],[40.1815,0.2571],[40.1818,0.259]]],[[[40.1854,0.1382],[40.1859,0.1376],[40.1854,0.1376],[40.1854,0.1382]]],[[[40.1854,-0.0676],[40.184,-0.0668],[40.1837,-0.0657],[40.1846,-0.0657],[40.1846,-0.0668],[40.1859,-0.0668],[40.1854,-0.0676]]],[[[40.1857,0.1221],[40.1853,0.1232],[40.1857,0.1232],[40.1857,0.1221]]],[[[40.1856,0.1398],[40.1854,0.1395],[40.1854,0.1398],[40.1856,0.1398]]],[[[40.1841,0.1789],[40.1827,0.1799],[40.1821,0.1789],[40.1812,0.1802],[40.184,0.1798],[40.1848,0.1805],[40.1851,0.1794],[40.1841,0.1789]]],[[[40.1851,-0.0659],[40.1848,-0.0662],[40.1848,-0.0659],[40.1851,-0.0659]]],[[[40.184,0.1242],[40.1824,0.1242],[40.1822,0.1255],[40.184,0.1255],[40.184,0.1242]]],[[[40.1832,0.1088],[40.184,0.1085],[40.1843,0.1077],[40.1832,0.1077],[40.1832,0.1088]],[[40.1835,0.108],[40.1837,0.1082],[40.1835,0.1082],[40.1835,0.108]]],[[[40.1843,0.1074],[40.1846,0.1077],[40.1846,0.1074],[40.1843,0.1074]]],[[[40.1846,0.1492],[40.1843,0.149],[40.1843,0.1492],[40.1846,0.1492]]],[[[40.1835,0.2099],[40.1835,0.211],[40.1829,0.2102],[40.1808,0.2102],[40.1808,0.2118],[40.1829,0.2112],[40.1835,0.2121],[40.1846,0.2096],[40.1835,0.2099]]],[[[40.1835,0.1581],[40.184,0.1573],[40.1835,0.157],[40.1835,0.1581]]],[[[40.1843,0.1174],[40.184,0.1169],[40.184,0.1174],[40.1843,0.1174]]],[[[40.183,0.1828],[40.184,0.1832],[40.184,0.1827],[40.183,0.1828]]],[[[40.1837,-0.0646],[40.1835,-0.0651],[40.1835,-0.0646],[40.1837,-0.0646]]],[[[40.1833,0.1212],[40.1829,0.1216],[40.1836,0.1217],[40.1833,0.1212]]],[[[40.1832,0.1774],[40.183,0.1779],[40.1835,0.1778],[40.1832,0.1774]]],[[[40.1835,0.1492],[40.1832,0.149],[40.1832,0.1492],[40.1835,0.1492]]],[[[40.1832,-0.0654],[40.1805,-0.0624],[40.1832,-0.0643],[40.1832,-0.0654]]],[[[40.1832,-0.0657],[40.1835,-0.0654],[40.1835,-0.0657],[40.1832,-0.0657]]],[[[40.1829,0.15],[40.1832,0.1503],[40.1832,0.15],[40.1829,0.15]]],[[[40.1829,0.1506],[40.1827,0.1503],[40.1827,0.1506],[40.1829,0.1506]]],[[[40.181,0.1611],[40.1808,0.1614],[40.181,0.1614],[40.181,0.1611]]],[[[40.1808,0.1611],[40.1813,0.16],[40.1821,0.1606],[40.1832,0.16],[40.1805,0.1595],[40.1808,0.1611]]],[[[40.1829,0.1792],[40.183,0.1785],[40.1828,0.1785],[40.1829,0.1792]]],[[[40.1829,0.1579],[40.1827,0.157],[40.1827,0.1579],[40.1829,0.1579]]],[[[40.1825,0.1686],[40.1823,0.1684],[40.1823,0.1686],[40.1825,0.1686]]],[[[40.1824,0.1584],[40.1819,0.1579],[40.1819,0.1584],[40.1824,0.1584]]],[[[40.1818,0.1692],[40.182,0.1688],[40.1818,0.1688],[40.1818,0.1692]]],[[[40.1819,0.0845],[40.1812,0.0848],[40.1819,0.0851],[40.1819,0.0845]]],[[[40.1818,0.0862],[40.1807,0.0859],[40.181,0.0867],[40.1818,0.0862]]],[[[40.1814,0.1793],[40.1804,0.1796],[40.1809,0.1803],[40.1814,0.1793]]],[[[40.1813,0.1693],[40.1807,0.1699],[40.1813,0.1701],[40.1813,0.1693]]],[[[40.1812,0.1729],[40.1807,0.1718],[40.1804,0.1731],[40.1812,0.1729]]],[[[40.1812,0.1808],[40.181,0.1808],[40.1809,0.1809],[40.1812,0.1808]]],[[[40.1808,0.1814],[40.1805,0.181],[40.1806,0.1814],[40.1808,0.1814]]],[[[40.1806,0.1736],[40.1805,0.174],[40.1807,0.1741],[40.1806,0.1736]]],[[[40.1806,0.1647],[40.1804,0.165],[40.1806,0.165],[40.1806,0.1647]]]]}}]}