{"type":"FeatureCollection","features":[{"type":"Feature","properties":{"layer":"flood_2024_tana","label":"UNOSAT Sentinel-2 29 Apr 2024 – Tana River","date":"2024-04-29","area_ha":8704,"pop_exposed_worldpop":10932},"geometry":{"type":"MultiPolygon","coordinates":[[[[40.1795,-2.005],[40.1785,-2.005],[40.1781,-2.0029],[40.1796,-2.0036],[40.1795,-2.005]]],[[[40.1758,-2.0585],[40.1774,-2.0569],[40.1763,-2.0566],[40.1759,-2.0578],[40.1753,-2.0571],[40.1762,-2.0558],[40.1782,-2.056],[40.1793,-2.0593],[40.1769,-2.0611],[40.1758,-2.06],[40.1758,-2.0585]],[[40.1783,-2.0585],[40.1777,-2.0579],[40.1779,-2.0585],[40.1783,-2.0585]]],[[[40.1784,-2.0072],[40.1784,-2.0059],[40.1789,-2.0055],[40.1789,-2.0067],[40.1784,-2.0072]]],[[[40.1776,-2.0151],[40.178,-2.0146],[40.1781,-2.015],[40.1776,-2.0151]]],[[[40.1779,-2.0047],[40.1766,-2.0059],[40.1765,-2.0034],[40.1774,-2.0028],[40.1779,-2.0047]]],[[[40.1777,-2.0144],[40.1769,-2.0149],[40.1772,-2.0139],[40.1777,-2.0144]]],[[[40.177,-2.0133],[40.1775,-2.0121],[40.1773,-2.0133],[40.177,-2.0133]]],[[[40.1771,-2.0068],[40.177,-2.0108],[40.1765,-2.0108],[40.1759,-2.007],[40.1771,-2.0068]]],[[[40.1759,-2.0206],[40.1749,-2.0196],[40.1724,-2.0196],[40.1746,-2.0182],[40.1771,-2.0196],[40.1759,-2.0206]]],[[[40.1745,-2.0172],[40.1719,-2.0177],[40.1715,-2.0192],[40.1702,-2.0193],[40.1694,-2.0181],[40.1705,-2.0186],[40.1704,-2.0176],[40.1689,-2.0175],[40.1719,-2.013],[40.1729,-2.0137],[40.1717,-2.0146],[40.1734,-2.0156],[40.1736,-2.0134],[40.1766,-2.0117],[40.1769,-2.0158],[40.1758,-2.018],[40.1745,-2.0172]],[[40.1761,-2.0158],[40.176,-2.0156],[40.1758,-2.0158],[40.1761,-2.0158]],[[40.1751,-2.0171],[40.1758,-2.0162],[40.1749,-2.0164],[40.1751,-2.0171]],[[40.175,-2.0151],[40.1748,-2.0151],[40.175,-2.0152],[40.175,-2.0151]],[[40.1743,-2.0156],[40.1743,-2.0153],[40.1739,-2.0155],[40.1743,-2.0156]],[[40.1717,-2.0168],[40.1714,-2.0168],[40.1717,-2.0169],[40.1717,-2.0168]],[[40.1698,-2.0162],[40.1699,-2.017],[40.171,-2.0168],[40.1698,-2.0162]]],[[[40.1764,-2.0313],[40.1767,-2.0313],[40.1766,-2.0315],[40.1764,-2.0313]]],[[[40.1757,-2.0115],[40.1757,-2.0114],[40.1761,-2.0113],[40.1757,-2.0115]]],[[[40.176,-2.0056],[40.176,-2.0058],[40.1757,-2.0057],[40.176,-2.0056]]],[[[40.1749,-2.0231],[40.1749,-2.0224],[40.1744,-2.0218],[40.1754,-2.0218],[40.1749,-2.0231]]],[[[40.1753,-2.0257],[40.1749,-2.0264],[40.1746,-2.0263],[40.1753,-2.0257]]],[[[40.1745,-2.0305],[40.1747,-2.0311],[40.1742,-2.0311],[40.1745,-2.0305]]],[[[40.1743,-2.0001],[40.1743,-2.0005],[40.1741,-2.0001],[40.1743,-2.0001]]],[[[40.1739,-2.0282],[40.1716,-2.0298],[40.1717,-2.0277],[40.1698,-2.027],[40.1715,-2.0268],[40.1727,-2.0282],[40.1726,-2.0264],[40.1736,-2.0262],[40.1739,-2.0282]]],[[[40.1736,-2.0313],[40.1729,-2.0305],[40.1731,-2.0292],[40.1738,-2.0302],[40.1736,-2.0313]]],[[[40.1731,-2.0402],[40.1731,-2.0399],[40.1735,-2.0404],[40.1731,-2.0402]]],[[[40.1725,-2.0124],[40.1724,-2.0121],[40.1728,-2.0123],[40.1725,-2.0124]]],[[[40.1714,-1.9268],[40.1703,-1.9254],[40.1702,-1.9248],[40.1724,-1.9268],[40.1714,-1.9268]]],[[[40.1709,-2.0315],[40.1717,-2.0306],[40.1714,-2.0316],[40.1709,-2.0315]]],[[[40.169,-2.0197],[40.1712,-2.0208],[40.1706,-2.0233],[40.1699,-2.0215],[40.1687,-2.0215],[40.169,-2.0197]]],[[[40.1701,-2.0198],[40.1703,-2.0195],[40.1703,-2.0198],[40.1701,-2.0198]]],[[[40.1705,-2.0261],[40.1707,-2.0261],[40.1707,-2.0263],[40.1705,-2.0261]]],[[[40.1689,-2.0251],[40.17,-2.0232],[40.1697,-2.0269],[40.1689,-2.0251]]],[[[40.1662,-1.927],[40.1636,-1.9269],[40.1633,-1.9253],[40.1642,-1.9245],[40.1675,-1.9251],[40.1679,-1.9257],[40.1662,-1.927]],[[40.1665,-1.926],[40.1665,-1.9258],[40.1662,-1.9258],[40.1665,-1.926]]],[[[40.1628,-1.997],[40.1639,-1.9967],[40.1636,-1.9972],[40.1628,-1.997]]],[[[40.1632,-2.0102],[40.1631,-2.0108],[40.162,-2.0109],[40.1618,-2.01],[40.1632,-2.0102]]],[[[40.1622,-1.9776],[40.1628,-1.9778],[40.162,-1.9781],[40.1622,-1.9776]]],[[[40.1605,-1.9786],[40.1595,-1.9785],[40.1599,-1.9783],[40.1605,-1.9786]]],[[[40.159,-1.9725],[40.1584,-1.9709],[40.1581,-1.9695],[40.1591,-1.9714],[40.159,-1.9725]]],[[[40.157,-1.9493],[40.1569,-1.9497],[40.1566,-1.9495],[40.157,-1.9493]]],[[[40.1558,-1.95],[40.1557,-1.9503],[40.1557,-1.95],[40.1558,-1.95]]],[[[40.1555,-1.9505],[40.1554,-1.9509],[40.1547,-1.9508],[40.1555,-1.9505]]],[[[40.1535,-1.9293],[40.1535,-1.9299],[40.1532,-1.9296],[40.1535,-1.9293]]],[[[40.1458,-1.9509],[40.1414,-1.9518],[40.1415,-1.9508],[40.1424,-1.9507],[40.1418,-1.9487],[40.1461,-1.9477],[40.1486,-1.9476],[40.1504,-1.9505],[40.1489,-1.9529],[40.1458,-1.9509]],[[40.1447,-1.9498],[40.1477,-1.9517],[40.1493,-1.9508],[40.1487,-1.9487],[40.1467,-1.9484],[40.1447,-1.9498]],[[40.1437,-1.9505],[40.1437,-1.9507],[40.144,-1.9507],[40.1437,-1.9505]],[[40.1427,-1.9495],[40.143,-1.9495],[40.143,-1.9492],[40.1427,-1.9495]],[[40.1418,-1.9515],[40.1418,-1.9512],[40.1415,-1.9512],[40.1418,-1.9515]]],[[[40.1435,-1.919],[40.1433,-1.9181],[40.1453,-1.9166],[40.1474,-1.9127],[40.1462,-1.9106],[40.1426,-1.9098],[40.1424,-1.9083],[40.147,-1.91],[40.1484,-1.9124],[40.1462,-1.9169],[40.1435,-1.919]]],[[[40.1422,-1.9457],[40.1451,-1.9441],[40.1464,-1.9421],[40.1464,-1.9367],[40.1456,-1.9356],[40.1444,-1.9357],[40.1444,-1.9347],[40.1463,-1.9346],[40.1474,-1.9359],[40.1466,-1.9437],[40.1421,-1.9469],[40.1422,-1.9457]],[[40.1463,-1.9358],[40.1463,-1.9355],[40.146,-1.9355],[40.1463,-1.9358]]],[[[40.142,-1.8936],[40.1451,-1.8928],[40.1454,-1.8912],[40.1422,-1.8886],[40.1423,-1.8867],[40.1464,-1.8901],[40.1463,-1.893],[40.1441,-1.8945],[40.1421,-1.8946],[40.142,-1.8936]],[[40.1457,-1.8905],[40.1455,-1.8905],[40.1457,-1.8907],[40.1457,-1.8905]],[[40.1455,-1.89],[40.1452,-1.89],[40.1455,-1.8902],[40.1455,-1.89]],[[40.145,-1.8895],[40.1448,-1.8895],[40.145,-1.8898],[40.145,-1.8895]],[[40.1445,-1.889],[40.1442,-1.889],[40.1445,-1.8893],[40.1445,-1.889]]],[[[40.1454,-1.9233],[40.1437,-1.9225],[40.1439,-1.921],[40.1462,-1.9226],[40.146,-1.9249],[40.1443,-1.927],[40.1443,-1.9295],[40.1439,-1.9258],[40.1454,-1.9233]]],[[[40.1421,-1.8967],[40.1444,-1.8983],[40.1449,-1.9006],[40.1421,-1.9037],[40.1438,-1.9004],[40.1421,-1.8967]]],[[[40.1426,-1.8744],[40.1394,-1.8644],[40.1373,-1.8612],[40.1295,-1.8584],[40.1288,-1.8571],[40.1356,-1.8592],[40.1392,-1.8617],[40.1427,-1.8707],[40.1426,-1.8744]]],[[[40.1413,-1.9558],[40.1424,-1.9583],[40.1413,-1.9599],[40.1413,-1.9558]]],[[[40.1405,-1.8083],[40.1404,-1.8085],[40.1403,-1.8083],[40.1405,-1.8083]]],[[[40.1376,-1.81],[40.1379,-1.8097],[40.1379,-1.8101],[40.1376,-1.81]]],[[[40.1254,-1.7322],[40.1292,-1.7284],[40.1286,-1.7276],[40.1256,-1.73],[40.1263,-1.7277],[40.1268,-1.7281],[40.1277,-1.7261],[40.1283,-1.7264],[40.1272,-1.7279],[40.1278,-1.7282],[40.1288,-1.7263],[40.1282,-1.7243],[40.132,-1.7224],[40.1316,-1.7194],[40.1302,-1.7191],[40.1252,-1.7148],[40.1236,-1.7147],[40.1207,-1.7166],[40.1197,-1.716],[40.1198,-1.7143],[40.1183,-1.7143],[40.1175,-1.7132],[40.1193,-1.713],[40.1204,-1.7146],[40.1221,-1.7151],[40.1221,-1.7142],[40.1206,-1.714],[40.1214,-1.7134],[40.1206,-1.7121],[40.1177,-1.712],[40.1158,-1.7131],[40.1156,-1.7125],[40.1155,-1.7115],[40.1203,-1.7103],[40.1192,-1.709],[40.1201,-1.7089],[40.1214,-1.7063],[40.1222,-1.7061],[40.1225,-1.7083],[40.1234,-1.7072],[40.1242,-1.708],[40.1264,-1.7073],[40.1266,-1.7057],[40.1258,-1.7064],[40.1226,-1.7045],[40.123,-1.703],[40.1246,-1.7041],[40.1251,-1.703],[40.1303,-1.7072],[40.1296,-1.7081],[40.1284,-1.7072],[40.1273,-1.7097],[40.1294,-1.7081],[40.1296,-1.7092],[40.1305,-1.7091],[40.1328,-1.7113],[40.133,-1.7123],[40.132,-1.7129],[40.1337,-1.7129],[40.1348,-1.714],[40.1344,-1.7147],[40.1368,-1.7176],[40.1364,-1.7195],[40.137,-1.7203],[40.1375,-1.7195],[40.1377,-1.7223],[40.1365,-1.7228],[40.1374,-1.7235],[40.1364,-1.7239],[40.1369,-1.7254],[40.135,-1.7331],[40.1339,-1.7334],[40.1335,-1.7304],[40.1306,-1.7302],[40.1305,-1.7315],[40.1313,-1.731],[40.1333,-1.7324],[40.1312,-1.7342],[40.132,-1.7366],[40.131,-1.7366],[40.1305,-1.7347],[40.1283,-1.7365],[40.1266,-1.7366],[40.1244,-1.7358],[40.1222,-1.7335],[40.1212,-1.7338],[40.1202,-1.7382],[40.1231,-1.7416],[40.1229,-1.7436],[40.1208,-1.7448],[40.1169,-1.7426],[40.1182,-1.7462],[40.118,-1.7492],[40.1154,-1.7527],[40.1152,-1.7573],[40.1131,-1.7583],[40.1142,-1.7567],[40.1135,-1.7552],[40.1144,-1.7529],[40.1173,-1.7489],[40.117,-1.7449],[40.1162,-1.7439],[40.117,-1.7414],[40.1184,-1.7416],[40.1199,-1.7433],[40.1222,-1.7423],[40.1195,-1.7383],[40.1207,-1.7329],[40.1227,-1.7326],[40.1262,-1.7357],[40.1287,-1.7353],[40.1299,-1.7337],[40.1294,-1.7328],[40.1269,-1.7337],[40.1244,-1.7332],[40.122,-1.7309],[40.1223,-1.7293],[40.1239,-1.7302],[40.1231,-1.7307],[40.124,-1.7319],[40.1254,-1.7322]],[[40.1353,-1.7279],[40.1349,-1.7282],[40.1356,-1.7281],[40.1353,-1.7279]],[[40.1351,-1.7161],[40.1341,-1.7162],[40.1341,-1.7166],[40.1351,-1.7161]],[[40.1347,-1.73],[40.1341,-1.7297],[40.1344,-1.7302],[40.1347,-1.73]],[[40.1345,-1.7205],[40.1345,-1.7206],[40.1346,-1.7206],[40.1345,-1.7205]],[[40.1323,-1.7278],[40.1331,-1.7282],[40.1344,-1.7281],[40.1329,-1.7273],[40.1323,-1.7278]],[[40.1344,-1.7244],[40.1342,-1.7243],[40.1343,-1.7246],[40.1344,-1.7244]],[[40.134,-1.7266],[40.1343,-1.7267],[40.1343,-1.7263],[40.134,-1.7266]],[[40.1343,-1.7238],[40.134,-1.7237],[40.1339,-1.7239],[40.1343,-1.7238]],[[40.1339,-1.73],[40.1339,-1.73],[40.1339,-1.73],[40.1339,-1.73]],[[40.1339,-1.73],[40.134,-1.7299],[40.1339,-1.7299],[40.1339,-1.73]],[[40.1337,-1.7216],[40.1337,-1.7217],[40.1338,-1.7217],[40.1337,-1.7216]],[[40.1333,-1.7218],[40.1333,-1.7219],[40.1335,-1.7219],[40.1333,-1.7218]],[[40.1331,-1.7194],[40.1331,-1.7195],[40.1332,-1.7195],[40.1331,-1.7194]],[[40.1331,-1.7183],[40.1318,-1.7167],[40.1309,-1.7188],[40.1331,-1.7183]],[[40.1325,-1.7255],[40.1322,-1.7255],[40.1322,-1.7259],[40.1325,-1.7255]],[[40.1318,-1.7155],[40.131,-1.7152],[40.1311,-1.7159],[40.1318,-1.7155]],[[40.1311,-1.7233],[40.1315,-1.7236],[40.1316,-1.7233],[40.1311,-1.7233]],[[40.1314,-1.7111],[40.1306,-1.7107],[40.1306,-1.711],[40.1314,-1.7111]],[[40.1309,-1.7337],[40.1309,-1.7337],[40.1308,-1.7337],[40.1309,-1.7337]],[[40.1307,-1.7319],[40.1304,-1.7317],[40.1304,-1.732],[40.1307,-1.7319]],[[40.1301,-1.7148],[40.1301,-1.7147],[40.1298,-1.7146],[40.1301,-1.7148]],[[40.128,-1.7099],[40.1292,-1.7108],[40.1295,-1.7093],[40.128,-1.7099]],[[40.1293,-1.73],[40.129,-1.7298],[40.1288,-1.7301],[40.1293,-1.73]],[[40.1287,-1.732],[40.1285,-1.7314],[40.1285,-1.732],[40.1287,-1.732]],[[40.1287,-1.7065],[40.1286,-1.7067],[40.1288,-1.7067],[40.1287,-1.7065]],[[40.1283,-1.7147],[40.1282,-1.7134],[40.1275,-1.7133],[40.1275,-1.7145],[40.1283,-1.7147]],[[40.127,-1.7315],[40.1281,-1.7309],[40.1272,-1.7307],[40.127,-1.7315]],[[40.1267,-1.712],[40.1277,-1.7114],[40.1264,-1.711],[40.1261,-1.7115],[40.1267,-1.712]],[[40.1275,-1.7069],[40.1275,-1.7071],[40.1277,-1.707],[40.1275,-1.7069]],[[40.1274,-1.7319],[40.1274,-1.732],[40.1276,-1.732],[40.1274,-1.7319]],[[40.1265,-1.7326],[40.127,-1.7325],[40.1269,-1.7323],[40.1265,-1.7326]],[[40.127,-1.7132],[40.127,-1.713],[40.1268,-1.713],[40.127,-1.7132]],[[40.1269,-1.7096],[40.1266,-1.7092],[40.1266,-1.7095],[40.1269,-1.7096]],[[40.1267,-1.7136],[40.1267,-1.7133],[40.1265,-1.7133],[40.1267,-1.7136]],[[40.1255,-1.7132],[40.1241,-1.7131],[40.1257,-1.7145],[40.1255,-1.7132]],[[40.1256,-1.7112],[40.1251,-1.711],[40.1251,-1.7113],[40.1256,-1.7112]],[[40.1251,-1.7043],[40.1254,-1.7047],[40.1255,-1.7043],[40.1251,-1.7043]],[[40.1253,-1.7049],[40.125,-1.7049],[40.125,-1.7053],[40.1253,-1.7049]],[[40.1248,-1.709],[40.1246,-1.708],[40.124,-1.7089],[40.1248,-1.709]],[[40.1247,-1.711],[40.1243,-1.7102],[40.1238,-1.7112],[40.1247,-1.711]],[[40.1246,-1.7053],[40.1247,-1.7053],[40.1246,-1.7053],[40.1246,-1.7053]],[[40.1246,-1.7053],[40.1245,-1.7053],[40.1245,-1.7054],[40.1246,-1.7053]],[[40.1234,-1.7091],[40.123,-1.7099],[40.1221,-1.7101],[40.1228,-1.7102],[40.1244,-1.7095],[40.1234,-1.7091]],[[40.1233,-1.7117],[40.1235,-1.7131],[40.124,-1.7133],[40.124,-1.7121],[40.1233,-1.7117]],[[40.1228,-1.7108],[40.1239,-1.7108],[40.1239,-1.7104],[40.1228,-1.7108]],[[40.1237,-1.7038],[40.1235,-1.7045],[40.1238,-1.7045],[40.1237,-1.7038]],[[40.1235,-1.7091],[40.1235,-1.7088],[40.1232,-1.7089],[40.1235,-1.7091]],[[40.123,-1.709],[40.123,-1.7091],[40.123,-1.7091],[40.123,-1.709]],[[40.1212,-1.7109],[40.1225,-1.7108],[40.1215,-1.7099],[40.1212,-1.7109]],[[40.1213,-1.7119],[40.1212,-1.7125],[40.1215,-1.7121],[40.1213,-1.7119]],[[40.1209,-1.7103],[40.121,-1.7105],[40.1213,-1.7103],[40.1209,-1.7103]],[[40.121,-1.7116],[40.121,-1.7115],[40.1208,-1.7114],[40.121,-1.7116]],[[40.1207,-1.7151],[40.1207,-1.7149],[40.1205,-1.715],[40.1207,-1.7151]],[[40.1202,-1.715],[40.1203,-1.7158],[40.1205,-1.7156],[40.1202,-1.715]],[[40.1204,-1.7116],[40.1197,-1.7114],[40.1198,-1.7118],[40.1204,-1.7116]],[[40.119,-1.7432],[40.1195,-1.7437],[40.1195,-1.7432],[40.119,-1.7432]],[[40.1172,-1.742],[40.1178,-1.7425],[40.1183,-1.7423],[40.118,-1.742],[40.1172,-1.742]],[[40.1165,-1.7125],[40.1165,-1.7124],[40.1164,-1.7124],[40.1165,-1.7125]]],[[[40.1341,-1.8477],[40.1357,-1.8495],[40.1324,-1.8485],[40.1341,-1.8477]]],[[[40.1292,-1.7461],[40.1283,-1.7473],[40.1278,-1.7466],[40.1248,-1.7523],[40.1241,-1.7523],[40.1264,-1.7552],[40.1252,-1.7559],[40.1247,-1.7589],[40.1262,-1.7594],[40.1232,-1.7608],[40.1231,-1.7623],[40.1254,-1.7631],[40.1245,-1.7654],[40.1233,-1.766],[40.1224,-1.765],[40.1211,-1.7668],[40.1174,-1.7656],[40.1188,-1.764],[40.1206,-1.7652],[40.1205,-1.7635],[40.1189,-1.7623],[40.1199,-1.7605],[40.1217,-1.7601],[40.1205,-1.7597],[40.12,-1.7575],[40.1229,-1.7565],[40.1234,-1.755],[40.1221,-1.7552],[40.1225,-1.7511],[40.1232,-1.7513],[40.1237,-1.7497],[40.1251,-1.7498],[40.1252,-1.7475],[40.1277,-1.7457],[40.127,-1.7435],[40.124,-1.7425],[40.1283,-1.7425],[40.1301,-1.7413],[40.1286,-1.7393],[40.1251,-1.7412],[40.1229,-1.7403],[40.1334,-1.7377],[40.1331,-1.7394],[40.1277,-1.7443],[40.1292,-1.7461]],[[40.1312,-1.7396],[40.131,-1.7395],[40.1312,-1.74],[40.1312,-1.7396]],[[40.1289,-1.7427],[40.1287,-1.7427],[40.1288,-1.7429],[40.1289,-1.7427]],[[40.1229,-1.7537],[40.1242,-1.7554],[40.1242,-1.7537],[40.1229,-1.7537]],[[40.1241,-1.7565],[40.1235,-1.7568],[40.124,-1.757],[40.1241,-1.7565]],[[40.123,-1.7586],[40.1236,-1.759],[40.1231,-1.7604],[40.1238,-1.7599],[40.124,-1.7579],[40.123,-1.7586]],[[40.1238,-1.7513],[40.1234,-1.7511],[40.1237,-1.7515],[40.1238,-1.7513]],[[40.1238,-1.7519],[40.1236,-1.7519],[40.1238,-1.7525],[40.1238,-1.7519]],[[40.1234,-1.7644],[40.1228,-1.7645],[40.1233,-1.7646],[40.1234,-1.7644]],[[40.1214,-1.7583],[40.122,-1.7586],[40.1217,-1.7579],[40.1214,-1.7583]],[[40.1219,-1.7649],[40.122,-1.7649],[40.1217,-1.7645],[40.1219,-1.7649]]],[[[40.1326,-1.8251],[40.1319,-1.8261],[40.1291,-1.8269],[40.1316,-1.8256],[40.1317,-1.8245],[40.1326,-1.8251]]],[[[40.1326,-1.8097],[40.1326,-1.81],[40.1323,-1.8098],[40.1326,-1.8097]]],[[[40.13,-1.8315],[40.1313,-1.8315],[40.1308,-1.8323],[40.13,-1.8315]]],[[[40.1301,-1.8329],[40.1303,-1.8329],[40.13,-1.8331],[40.1301,-1.8329]]],[[[40.1298,-1.8049],[40.1296,-1.8049],[40.1296,-1.8047],[40.1298,-1.8049]]],[[[40.1293,-1.734],[40.1293,-1.7343],[40.1291,-1.7341],[40.1293,-1.734]]],[[[40.1267,-1.8361],[40.1278,-1.8379],[40.1266,-1.8392],[40.1252,-1.8389],[40.1267,-1.8361]]],[[[40.1273,-1.8464],[40.1273,-1.8431],[40.1276,-1.846],[40.1273,-1.8464]]],[[[40.1273,-1.7877],[40.1274,-1.7881],[40.1271,-1.788],[40.1273,-1.7877]]],[[[40.1273,-1.8427],[40.127,-1.8421],[40.1273,-1.8423],[40.1273,-1.8427]]],[[[40.1268,-1.7189],[40.1265,-1.7207],[40.1234,-1.7206],[40.1239,-1.7197],[40.1254,-1.7202],[40.1255,-1.7192],[40.1268,-1.7189]]],[[[40.1269,-1.726],[40.1261,-1.7269],[40.1258,-1.7266],[40.1269,-1.726]]],[[[40.1269,-1.8355],[40.1269,-1.8357],[40.1267,-1.8355],[40.1269,-1.8355]]],[[[40.1268,-1.7462],[40.1261,-1.7456],[40.1266,-1.7455],[40.1268,-1.7462]]],[[[40.126,-1.7244],[40.1266,-1.7238],[40.1266,-1.7242],[40.126,-1.7244]]],[[[40.1258,-1.7257],[40.1258,-1.7262],[40.1256,-1.7262],[40.1258,-1.7257]]],[[[40.1254,-1.7221],[40.1255,-1.7218],[40.1257,-1.7221],[40.1254,-1.7221]]],[[[40.125,-1.7279],[40.1244,-1.7282],[40.125,-1.7309],[40.123,-1.7276],[40.125,-1.7279]]],[[[40.0999,-1.6051],[40.1017,-1.6044],[40.1014,-1.6036],[40.1012,-1.6044],[40.1001,-1.6047],[40.1003,-1.6028],[40.102,-1.6032],[40.1018,-1.6006],[40.0992,-1.5959],[40.0999,-1.5941],[40.0984,-1.5942],[40.0981,-1.5927],[40.0956,-1.5919],[40.093,-1.5887],[40.0935,-1.587],[40.0928,-1.5857],[40.0898,-1.5842],[40.09,-1.5816],[40.0867,-1.58],[40.0868,-1.5788],[40.088,-1.5799],[40.0876,-1.5787],[40.0885,-1.5779],[40.0879,-1.5772],[40.0844,-1.5768],[40.0843,-1.5736],[40.0858,-1.5727],[40.0835,-1.5716],[40.084,-1.5708],[40.0828,-1.5694],[40.0811,-1.57],[40.0796,-1.5676],[40.0775,-1.5674],[40.0778,-1.5656],[40.0795,-1.565],[40.0773,-1.5614],[40.0794,-1.5601],[40.0786,-1.5599],[40.0757,-1.5525],[40.0759,-1.5513],[40.0769,-1.5531],[40.0777,-1.5511],[40.0753,-1.551],[40.0765,-1.5493],[40.0753,-1.5498],[40.075,-1.5485],[40.0772,-1.5482],[40.0778,-1.5497],[40.0765,-1.5457],[40.0792,-1.5492],[40.0819,-1.5502],[40.0807,-1.551],[40.0819,-1.5538],[40.0816,-1.5512],[40.0826,-1.5514],[40.0831,-1.5539],[40.0841,-1.5544],[40.0833,-1.556],[40.0849,-1.5556],[40.0854,-1.5568],[40.0845,-1.5583],[40.0854,-1.5586],[40.0849,-1.5599],[40.0865,-1.5594],[40.0852,-1.5614],[40.0882,-1.5621],[40.0876,-1.5628],[40.0888,-1.5631],[40.0886,-1.5643],[40.0894,-1.5645],[40.0881,-1.5659],[40.087,-1.5654],[40.0868,-1.5665],[40.0885,-1.5672],[40.0886,-1.5663],[40.0905,-1.5663],[40.0902,-1.5683],[40.0919,-1.5697],[40.0919,-1.5732],[40.0939,-1.5729],[40.0935,-1.575],[40.0957,-1.5733],[40.0951,-1.5745],[40.0961,-1.5743],[40.0972,-1.5772],[40.0981,-1.5769],[40.1,-1.5788],[40.101,-1.5783],[40.1017,-1.58],[40.104,-1.5811],[40.1041,-1.5826],[40.1049,-1.5826],[40.1045,-1.5836],[40.1069,-1.5852],[40.1061,-1.5873],[40.1075,-1.5879],[40.1078,-1.5915],[40.1085,-1.5932],[40.1096,-1.5931],[40.1093,-1.5944],[40.1106,-1.5962],[40.1094,-1.5992],[40.1096,-1.6003],[40.1111,-1.6007],[40.1114,-1.5995],[40.1125,-1.6026],[40.1163,-1.6077],[40.1168,-1.6096],[40.1145,-1.613],[40.1159,-1.6151],[40.1156,-1.6168],[40.1163,-1.6164],[40.119,-1.6198],[40.1181,-1.6226],[40.1159,-1.622],[40.1163,-1.6244],[40.1155,-1.6247],[40.1169,-1.6248],[40.117,-1.6261],[40.1183,-1.6269],[40.1183,-1.6281],[40.1163,-1.6287],[40.1162,-1.6298],[40.1188,-1.6304],[40.1174,-1.6307],[40.1173,-1.6337],[40.1182,-1.6343],[40.1185,-1.6331],[40.1196,-1.6359],[40.1211,-1.6362],[40.1217,-1.639],[40.1251,-1.6417],[40.125,-1.6443],[40.1237,-1.6439],[40.124,-1.6458],[40.1226,-1.646],[40.1216,-1.6487],[40.1222,-1.6531],[40.1213,-1.6548],[40.1203,-1.6646],[40.1196,-1.6638],[40.1184,-1.6656],[40.1183,-1.6624],[40.1197,-1.6611],[40.12,-1.6562],[40.1189,-1.6562],[40.1185,-1.6605],[40.1147,-1.6626],[40.1182,-1.6589],[40.1173,-1.6566],[40.1149,-1.6566],[40.115,-1.6553],[40.1162,-1.6553],[40.1158,-1.6545],[40.1172,-1.6532],[40.1165,-1.6523],[40.115,-1.653],[40.115,-1.6501],[40.116,-1.6497],[40.1161,-1.6479],[40.1165,-1.6516],[40.1181,-1.6512],[40.1208,-1.644],[40.1178,-1.6414],[40.1185,-1.6381],[40.1191,-1.6385],[40.1183,-1.6365],[40.1143,-1.6327],[40.1158,-1.6258],[40.1148,-1.6242],[40.1144,-1.6264],[40.1126,-1.6282],[40.1139,-1.6245],[40.1127,-1.6232],[40.1113,-1.6233],[40.1117,-1.6207],[40.1101,-1.6193],[40.1111,-1.6174],[40.1089,-1.6164],[40.1076,-1.6145],[40.1083,-1.6145],[40.1077,-1.6126],[40.1048,-1.6117],[40.1,-1.6077],[40.0999,-1.6051]],[[40.1061,-1.5873],[40.106,-1.5874],[40.1061,-1.5874],[40.1061,-1.5873]],[[40.1217,-1.6409],[40.1219,-1.6409],[40.1219,-1.6406],[40.1217,-1.6409]],[[40.1194,-1.641],[40.1203,-1.6421],[40.1214,-1.6413],[40.1194,-1.641]],[[40.1203,-1.6535],[40.1187,-1.6533],[40.119,-1.6541],[40.1203,-1.6535]],[[40.1188,-1.6352],[40.1188,-1.635],[40.1184,-1.6348],[40.1188,-1.6352]],[[40.1183,-1.6526],[40.1175,-1.6532],[40.1176,-1.6555],[40.1187,-1.6551],[40.1183,-1.6526]],[[40.1182,-1.6519],[40.1185,-1.6518],[40.1183,-1.6515],[40.1182,-1.6519]],[[40.117,-1.627],[40.1168,-1.6267],[40.1167,-1.627],[40.117,-1.627]],[[40.1158,-1.6194],[40.1143,-1.6197],[40.1142,-1.6202],[40.115,-1.6204],[40.1158,-1.6194]],[[40.1136,-1.6188],[40.1142,-1.6187],[40.1142,-1.6186],[40.1136,-1.6188]],[[40.1142,-1.6186],[40.1146,-1.6184],[40.1142,-1.6185],[40.1142,-1.6186]],[[40.1131,-1.6159],[40.112,-1.6133],[40.111,-1.6134],[40.1105,-1.6142],[40.1128,-1.6187],[40.1128,-1.6172],[40.1143,-1.6161],[40.1131,-1.6159]],[[40.113,-1.6201],[40.112,-1.6188],[40.1117,-1.6194],[40.113,-1.6201]],[[40.112,-1.6037],[40.1119,-1.6031],[40.1117,-1.6034],[40.112,-1.6037]],[[40.1118,-1.6053],[40.1118,-1.6051],[40.1117,-1.6051],[40.1118,-1.6053]],[[40.1104,-1.605],[40.1113,-1.6048],[40.1107,-1.6033],[40.1104,-1.6033],[40.1104,-1.605]],[[40.1108,-1.6058],[40.1105,-1.6053],[40.1103,-1.6058],[40.1108,-1.6058]],[[40.1103,-1.6155],[40.1106,-1.6155],[40.1104,-1.6152],[40.1103,-1.6155]],[[40.1101,-1.6138],[40.1101,-1.6139],[40.1101,-1.6139],[40.1101,-1.6138]],[[40.1095,-1.6149],[40.1089,-1.6153],[40.1096,-1.6154],[40.1095,-1.6149]],[[40.109,-1.5994],[40.109,-1.5975],[40.1084,-1.5992],[40.109,-1.5994]],[[40.1086,-1.597],[40.1085,-1.5975],[40.1089,-1.5975],[40.1086,-1.597]],[[40.1063,-1.5918],[40.1065,-1.5929],[40.1081,-1.593],[40.1076,-1.5916],[40.1063,-1.5918]],[[40.1077,-1.603],[40.1077,-1.6034],[40.108,-1.6034],[40.1077,-1.603]],[[40.1075,-1.5962],[40.1076,-1.5965],[40.1078,-1.5965],[40.1075,-1.5962]],[[40.1071,-1.5956],[40.1065,-1.5958],[40.1069,-1.5962],[40.1071,-1.5956]],[[40.1069,-1.5938],[40.1057,-1.5938],[40.1057,-1.592],[40.105,-1.5933],[40.1057,-1.5947],[40.1069,-1.5938]],[[40.1062,-1.6097],[40.1065,-1.6099],[40.1065,-1.6096],[40.1062,-1.6097]],[[40.1064,-1.5892],[40.1061,-1.5888],[40.106,-1.5892],[40.1064,-1.5892]],[[40.1063,-1.5885],[40.1063,-1.5883],[40.1063,-1.5883],[40.1063,-1.5885]],[[40.1042,-1.6053],[40.1052,-1.6059],[40.1062,-1.6049],[40.1056,-1.6045],[40.1042,-1.6053]],[[40.106,-1.5959],[40.106,-1.5961],[40.1061,-1.5961],[40.106,-1.5959]],[[40.1059,-1.6089],[40.1058,-1.6092],[40.1061,-1.6092],[40.1059,-1.6089]],[[40.1055,-1.5876],[40.1058,-1.5882],[40.1059,-1.5874],[40.1055,-1.5876]],[[40.1055,-1.6071],[40.1051,-1.6068],[40.105,-1.6071],[40.1055,-1.6071]],[[40.1055,-1.6013],[40.1051,-1.6013],[40.1051,-1.6015],[40.1055,-1.6013]],[[40.1047,-1.5911],[40.1046,-1.591],[40.1046,-1.5918],[40.1047,-1.5911]],[[40.1041,-1.5895],[40.1042,-1.5902],[40.1045,-1.5895],[40.1041,-1.5895]],[[40.1043,-1.5844],[40.1043,-1.5846],[40.1045,-1.5846],[40.1043,-1.5844]],[[40.104,-1.5877],[40.1035,-1.5887],[40.1032,-1.5894],[40.1045,-1.589],[40.104,-1.5877]],[[40.1038,-1.5866],[40.1035,-1.5866],[40.1037,-1.587],[40.1038,-1.5866]],[[40.103,-1.5979],[40.1028,-1.5988],[40.1033,-1.5987],[40.103,-1.5979]],[[40.1028,-1.5878],[40.1027,-1.5882],[40.1033,-1.588],[40.1028,-1.5878]],[[40.103,-1.5831],[40.103,-1.5829],[40.1028,-1.583],[40.103,-1.5831]],[[40.102,-1.5853],[40.1022,-1.5861],[40.1025,-1.5857],[40.102,-1.5853]],[[40.102,-1.6051],[40.102,-1.6051],[40.1022,-1.6051],[40.102,-1.6051]],[[40.1012,-1.607],[40.1007,-1.6079],[40.1007,-1.6082],[40.102,-1.6079],[40.1012,-1.607]],[[40.102,-1.606],[40.1012,-1.6063],[40.1016,-1.6068],[40.102,-1.606]],[[40.1014,-1.5804],[40.1016,-1.5801],[40.1012,-1.5803],[40.1014,-1.5804]],[[40.1014,-1.5838],[40.1007,-1.5823],[40.1011,-1.5816],[40.1005,-1.5826],[40.1014,-1.5838]],[[40.1008,-1.6052],[40.1009,-1.6057],[40.1011,-1.6057],[40.1008,-1.6052]],[[40.1008,-1.6043],[40.1008,-1.6041],[40.1005,-1.6041],[40.1008,-1.6043]],[[40.1005,-1.5893],[40.1004,-1.5895],[40.1007,-1.5895],[40.1005,-1.5893]],[[40.1003,-1.607],[40.1003,-1.607],[40.1005,-1.607],[40.1003,-1.607]],[[40.0997,-1.5823],[40.0997,-1.5826],[40.1001,-1.5826],[40.0997,-1.5823]],[[40.1,-1.5796],[40.1,-1.5795],[40.0996,-1.5795],[40.1,-1.5796]],[[40.099,-1.582],[40.099,-1.5821],[40.0992,-1.5821],[40.099,-1.582]],[[40.0958,-1.5798],[40.0953,-1.5775],[40.0939,-1.5777],[40.093,-1.5767],[40.0913,-1.5774],[40.0948,-1.5791],[40.094,-1.5804],[40.0956,-1.5801],[40.0947,-1.5814],[40.0956,-1.5813],[40.0953,-1.5822],[40.0966,-1.5838],[40.0975,-1.5836],[40.0964,-1.5812],[40.0973,-1.5807],[40.0958,-1.5798]],[[40.0964,-1.5771],[40.0966,-1.5767],[40.0965,-1.5767],[40.0964,-1.5771]],[[40.0966,-1.5766],[40.0965,-1.5757],[40.0962,-1.5752],[40.0956,-1.5764],[40.0966,-1.5766]],[[40.0944,-1.5768],[40.0951,-1.5771],[40.095,-1.5766],[40.0944,-1.5768]],[[40.0939,-1.5842],[40.0939,-1.5845],[40.0942,-1.5845],[40.0939,-1.5842]],[[40.0927,-1.5758],[40.093,-1.5758],[40.0922,-1.5748],[40.0927,-1.5758]],[[40.0924,-1.5806],[40.0921,-1.5815],[40.0927,-1.5813],[40.0924,-1.5806]],[[40.0922,-1.5788],[40.0918,-1.5785],[40.0912,-1.579],[40.0922,-1.5788]],[[40.0899,-1.5726],[40.0919,-1.5738],[40.0902,-1.5716],[40.0899,-1.5726]],[[40.0911,-1.5701],[40.0912,-1.5707],[40.0915,-1.5706],[40.0911,-1.5701]],[[40.0904,-1.5752],[40.0894,-1.5755],[40.09,-1.5764],[40.0908,-1.5762],[40.0904,-1.5752]],[[40.0897,-1.574],[40.0897,-1.5739],[40.0896,-1.5739],[40.0897,-1.574]],[[40.0894,-1.5704],[40.0894,-1.5705],[40.0894,-1.5705],[40.0894,-1.5704]],[[40.0889,-1.5722],[40.0887,-1.5729],[40.0892,-1.573],[40.0889,-1.5722]],[[40.0889,-1.5701],[40.0886,-1.5701],[40.0887,-1.5704],[40.0889,-1.5701]],[[40.0877,-1.5715],[40.0883,-1.5719],[40.0882,-1.5715],[40.0877,-1.5715]],[[40.0881,-1.5763],[40.0877,-1.5768],[40.0882,-1.5768],[40.0881,-1.5763]],[[40.0874,-1.5751],[40.0872,-1.5755],[40.0877,-1.5756],[40.0874,-1.5751]],[[40.0872,-1.57],[40.0875,-1.5702],[40.0876,-1.57],[40.0872,-1.57]],[[40.0868,-1.5645],[40.0865,-1.5648],[40.0871,-1.5649],[40.0868,-1.5645]],[[40.0853,-1.5753],[40.087,-1.5755],[40.0863,-1.5725],[40.0856,-1.5734],[40.0853,-1.5753]],[[40.0837,-1.5594],[40.0838,-1.5597],[40.0839,-1.5597],[40.0837,-1.5594]],[[40.0835,-1.5589],[40.0826,-1.5591],[40.0829,-1.5595],[40.0835,-1.5589]],[[40.0827,-1.5542],[40.0827,-1.554],[40.0826,-1.554],[40.0827,-1.5542]],[[40.0817,-1.555],[40.0805,-1.5565],[40.0812,-1.5576],[40.0826,-1.557],[40.0817,-1.555]],[[40.0818,-1.5644],[40.0819,-1.5648],[40.082,-1.5648],[40.0818,-1.5644]],[[40.0819,-1.5651],[40.0818,-1.5649],[40.0814,-1.565],[40.0819,-1.5651]],[[40.0808,-1.5638],[40.0808,-1.5641],[40.0811,-1.5642],[40.0808,-1.5638]],[[40.0807,-1.5615],[40.0807,-1.5611],[40.0804,-1.5616],[40.0807,-1.5615]],[[40.0806,-1.5551],[40.0803,-1.5551],[40.0805,-1.5558],[40.0806,-1.5551]],[[40.0802,-1.5667],[40.0797,-1.5668],[40.0797,-1.5674],[40.0802,-1.5667]],[[40.08,-1.5558],[40.0799,-1.5558],[40.0799,-1.5559],[40.08,-1.5558]],[[40.0787,-1.5625],[40.0787,-1.5626],[40.0791,-1.5627],[40.0787,-1.5625]],[[40.0787,-1.5533],[40.0777,-1.5535],[40.0786,-1.5541],[40.0787,-1.5533]],[[40.0787,-1.5546],[40.0787,-1.5549],[40.0788,-1.5549],[40.0787,-1.5546]],[[40.0782,-1.556],[40.0787,-1.5562],[40.0787,-1.5559],[40.0782,-1.556]],[[40.0777,-1.5523],[40.0777,-1.5525],[40.0778,-1.5525],[40.0777,-1.5523]]],[[[40.125,-1.7448],[40.1245,-1.7441],[40.1251,-1.7442],[40.125,-1.7448]]],[[[40.125,-1.7212],[40.1246,-1.7212],[40.1249,-1.7209],[40.125,-1.7212]]],[[[40.1243,-1.7193],[40.124,-1.7189],[40.125,-1.7191],[40.1243,-1.7193]]],[[[40.1247,-1.7235],[40.1249,-1.7235],[40.1249,-1.7238],[40.1247,-1.7235]]],[[[40.124,-1.7252],[40.1242,-1.724],[40.1246,-1.725],[40.124,-1.7252]]],[[[40.1237,-1.7216],[40.1242,-1.721],[40.1244,-1.7217],[40.1237,-1.7216]]],[[[40.1238,-1.7259],[40.1238,-1.7261],[40.1233,-1.726],[40.1238,-1.7259]]],[[[40.1234,-1.7457],[40.1233,-1.7453],[40.1237,-1.7456],[40.1234,-1.7457]]],[[[40.1231,-1.7253],[40.123,-1.7272],[40.1227,-1.7273],[40.1222,-1.7253],[40.1231,-1.7253]]],[[[40.1222,-1.8242],[40.121,-1.8212],[40.1177,-1.8207],[40.1177,-1.8197],[40.122,-1.8211],[40.123,-1.8236],[40.1221,-1.8256],[40.1181,-1.826],[40.1183,-1.8253],[40.1208,-1.8254],[40.1222,-1.8242]]],[[[40.1225,-1.729],[40.1228,-1.729],[40.1227,-1.7295],[40.1225,-1.729]]],[[[40.1194,-1.722],[40.1216,-1.7212],[40.1214,-1.7197],[40.1199,-1.7182],[40.1175,-1.7184],[40.1171,-1.7172],[40.1202,-1.717],[40.122,-1.7187],[40.1225,-1.7206],[40.1218,-1.7223],[40.1193,-1.7228],[40.1194,-1.722]]],[[[40.1224,-1.7795],[40.1224,-1.7802],[40.1222,-1.7795],[40.1224,-1.7795]]],[[[40.1216,-1.7027],[40.1222,-1.7025],[40.1223,-1.7029],[40.1216,-1.7027]]],[[[40.1222,-1.7559],[40.1215,-1.7556],[40.1222,-1.7556],[40.1222,-1.7559]]],[[[40.121,-1.8106],[40.1203,-1.8076],[40.1175,-1.8066],[40.1176,-1.8057],[40.1219,-1.8085],[40.1218,-1.8106],[40.12,-1.8125],[40.1173,-1.812],[40.121,-1.8106]]],[[[40.1218,-1.7495],[40.1215,-1.7497],[40.1215,-1.7488],[40.1218,-1.7495]]],[[[40.1216,-1.7267],[40.1216,-1.7276],[40.1207,-1.7258],[40.1216,-1.7267]]],[[[40.1184,-1.7011],[40.1213,-1.7028],[40.1215,-1.7037],[40.1189,-1.7024],[40.1184,-1.7011]]],[[[40.1215,-1.8397],[40.1212,-1.8397],[40.1212,-1.8394],[40.1215,-1.8397]]],[[[40.1213,-1.7056],[40.1211,-1.7056],[40.1211,-1.7054],[40.1213,-1.7056]]],[[[40.1212,-1.7209],[40.1208,-1.7213],[40.1208,-1.721],[40.1212,-1.7209]]],[[[40.1207,-1.7415],[40.1206,-1.7413],[40.121,-1.7413],[40.1207,-1.7415]]],[[[40.1164,-1.6665],[40.1145,-1.666],[40.1151,-1.665],[40.1181,-1.6658],[40.119,-1.667],[40.1186,-1.6701],[40.1205,-1.6702],[40.1207,-1.672],[40.1191,-1.6734],[40.1184,-1.6758],[40.1191,-1.6796],[40.1171,-1.6814],[40.113,-1.6806],[40.1131,-1.6798],[40.1166,-1.6805],[40.1185,-1.6788],[40.1176,-1.6766],[40.1181,-1.6724],[40.1139,-1.6713],[40.114,-1.6704],[40.1191,-1.6716],[40.1175,-1.6695],[40.1176,-1.6675],[40.1162,-1.6693],[40.1164,-1.6665]]],[[[40.1206,-1.7408],[40.1206,-1.7412],[40.1201,-1.7408],[40.1206,-1.7408]]],[[[40.1193,-1.716],[40.1195,-1.716],[40.1193,-1.7162],[40.1193,-1.716]]],[[[40.1195,-1.759],[40.1191,-1.7588],[40.1195,-1.7587],[40.1195,-1.759]]],[[[40.1195,-1.7153],[40.1193,-1.7159],[40.1191,-1.7151],[40.1195,-1.7153]]],[[[40.1188,-1.6999],[40.1192,-1.7002],[40.1187,-1.7002],[40.1188,-1.6999]]],[[[40.1191,-1.6264],[40.1183,-1.6263],[40.1188,-1.626],[40.1191,-1.6264]]],[[[40.1189,-1.7462],[40.1188,-1.7459],[40.1191,-1.7462],[40.1189,-1.7462]]],[[[40.1184,-1.7816],[40.1172,-1.7804],[40.1188,-1.7812],[40.1191,-1.7825],[40.1179,-1.7838],[40.1141,-1.7837],[40.1141,-1.7829],[40.1176,-1.7834],[40.1184,-1.7816]]],[[[40.1128,-1.6916],[40.1175,-1.6908],[40.1177,-1.6884],[40.1128,-1.6866],[40.1127,-1.6857],[40.1188,-1.6882],[40.1182,-1.6913],[40.1127,-1.6926],[40.1128,-1.6916]]],[[[40.1182,-1.7412],[40.1189,-1.7408],[40.1189,-1.7413],[40.1182,-1.7412]]],[[[40.1187,-1.6257],[40.1183,-1.6248],[40.1187,-1.6252],[40.1187,-1.6257]]],[[[40.1166,-1.7048],[40.1175,-1.7023],[40.1163,-1.7007],[40.1134,-1.7011],[40.1133,-1.7003],[40.1164,-1.6998],[40.1182,-1.7014],[40.1182,-1.7048],[40.1156,-1.7067],[40.1142,-1.7065],[40.114,-1.7052],[40.1166,-1.7048]]],[[[40.1179,-1.7161],[40.1178,-1.7154],[40.1166,-1.7149],[40.1184,-1.7152],[40.1179,-1.7161]]],[[[40.1149,-1.7912],[40.1182,-1.7959],[40.1167,-1.8017],[40.1174,-1.7957],[40.1149,-1.7912]]],[[[40.1168,-1.6241],[40.1171,-1.6231],[40.118,-1.6237],[40.1177,-1.6247],[40.1168,-1.6241]]],[[[40.1176,-1.6983],[40.1171,-1.6978],[40.1175,-1.6977],[40.1176,-1.6983]]],[[[40.1173,-1.7693],[40.117,-1.7685],[40.1175,-1.769],[40.1173,-1.7693]]],[[[40.1171,-1.716],[40.1171,-1.7162],[40.1169,-1.716],[40.1171,-1.716]]],[[[40.1147,-1.6433],[40.1162,-1.6385],[40.1137,-1.6346],[40.1171,-1.6377],[40.1164,-1.6416],[40.1147,-1.6433]]],[[[40.116,-1.6703],[40.1165,-1.6702],[40.1166,-1.6706],[40.116,-1.6703]]],[[[40.1161,-1.7143],[40.116,-1.7137],[40.1166,-1.7141],[40.1161,-1.7143]]],[[[40.1133,-1.7711],[40.1164,-1.7753],[40.1161,-1.7774],[40.1139,-1.7793],[40.1154,-1.7754],[40.1133,-1.7711]]],[[[40.1162,-1.7044],[40.1161,-1.7047],[40.1159,-1.7046],[40.1162,-1.7044]]],[[[40.116,-1.7652],[40.1157,-1.7654],[40.1156,-1.7651],[40.116,-1.7652]]],[[[40.1144,-1.6674],[40.1155,-1.6703],[40.1148,-1.6699],[40.1144,-1.6674]]],[[[40.114,-1.7048],[40.114,-1.7038],[40.115,-1.7038],[40.1151,-1.7047],[40.114,-1.7048]]],[[[40.1137,-1.7766],[40.1137,-1.7772],[40.1137,-1.7772],[40.1137,-1.7766]]],[[[40.1129,-1.6956],[40.1128,-1.6953],[40.1131,-1.6954],[40.1129,-1.6956]]],[[[40.111,-1.5978],[40.1111,-1.5978],[40.111,-1.5983],[40.111,-1.5978]]],[[[40.1108,-1.5971],[40.1103,-1.5973],[40.1104,-1.5969],[40.1108,-1.5971]]],[[[40.108,-1.5864],[40.1077,-1.5864],[40.1077,-1.5861],[40.108,-1.5864]]],[[[40.1009,-1.6023],[40.1009,-1.602],[40.1011,-1.6022],[40.1009,-1.6023]]],[[[40.1005,-1.5661],[40.1001,-1.5663],[40.1002,-1.566],[40.1005,-1.5661]]],[[[40.1002,-1.5594],[40.1002,-1.5597],[40.1001,-1.5595],[40.1002,-1.5594]]],[[[40.0991,-1.5988],[40.0968,-1.5991],[40.097,-1.6023],[40.096,-1.6038],[40.0953,-1.6031],[40.0963,-1.5982],[40.099,-1.5977],[40.1002,-1.6012],[40.0992,-1.6069],[40.0983,-1.6061],[40.0991,-1.5988]]],[[[40.1,-1.5672],[40.0998,-1.5667],[40.1001,-1.5671],[40.1,-1.5672]]],[[[40.0998,-1.5679],[40.0997,-1.5683],[40.0994,-1.5679],[40.0998,-1.5679]]],[[[40.0985,-1.6019],[40.0982,-1.602],[40.0982,-1.6016],[40.0985,-1.6019]]],[[[40.0947,-1.567],[40.0965,-1.5663],[40.0968,-1.5687],[40.0947,-1.567]]],[[[40.0967,-1.572],[40.0965,-1.5729],[40.0951,-1.5724],[40.0948,-1.5697],[40.0934,-1.5678],[40.095,-1.568],[40.0964,-1.5696],[40.0949,-1.5698],[40.0955,-1.5717],[40.0967,-1.572]]],[[[40.0942,-1.5729],[40.0941,-1.5727],[40.0946,-1.5729],[40.0942,-1.5729]]],[[[40.093,-1.5654],[40.0944,-1.5649],[40.0945,-1.5654],[40.0939,-1.566],[40.093,-1.5654]]],[[[40.0939,-1.5983],[40.0938,-1.5979],[40.0942,-1.5982],[40.0939,-1.5983]]],[[[40.0939,-1.5686],[40.0935,-1.5687],[40.0935,-1.5684],[40.0939,-1.5686]]],[[[40.0933,-1.5904],[40.0937,-1.5908],[40.0932,-1.5907],[40.0933,-1.5904]]],[[[40.0933,-1.5682],[40.0933,-1.5679],[40.0935,-1.5681],[40.0933,-1.5682]]],[[[40.0892,-1.5962],[40.0887,-1.5955],[40.0895,-1.5938],[40.0924,-1.5929],[40.093,-1.5938],[40.0916,-1.5991],[40.091,-1.598],[40.0921,-1.5941],[40.0909,-1.5938],[40.0892,-1.5962]]],[[[40.0924,-1.5711],[40.0921,-1.5713],[40.0921,-1.5711],[40.0924,-1.5711]]],[[[40.0907,-1.5503],[40.0907,-1.5506],[40.0904,-1.5506],[40.0907,-1.5503]]],[[[40.0893,-1.5823],[40.089,-1.5821],[40.0892,-1.5821],[40.0893,-1.5823]]],[[[40.0885,-1.5815],[40.0885,-1.5813],[40.0887,-1.5815],[40.0885,-1.5815]]],[[[40.0881,-1.5826],[40.0885,-1.5818],[40.0887,-1.5824],[40.0881,-1.5826]]],[[[40.0865,-1.5403],[40.0861,-1.5402],[40.0864,-1.5401],[40.0865,-1.5403]]],[[[40.0832,-1.5803],[40.0844,-1.5805],[40.084,-1.5796],[40.0847,-1.5795],[40.0864,-1.5802],[40.0856,-1.5808],[40.0813,-1.5806],[40.0806,-1.579],[40.0815,-1.5777],[40.0792,-1.5761],[40.0787,-1.5775],[40.0782,-1.5765],[40.0789,-1.5745],[40.0803,-1.5768],[40.0832,-1.5783],[40.0832,-1.5803]]],[[[40.0843,-1.5512],[40.0838,-1.5502],[40.0855,-1.5501],[40.0857,-1.5512],[40.0843,-1.5512]]],[[[40.0851,-1.5792],[40.0853,-1.5792],[40.0853,-1.5794],[40.0851,-1.5792]]],[[[40.0842,-1.5811],[40.0851,-1.5815],[40.084,-1.5821],[40.0842,-1.5811]]],[[[40.0822,-1.53],[40.0815,-1.5319],[40.0807,-1.5315],[40.0804,-1.5305],[40.0805,-1.5287],[40.0812,-1.5281],[40.0802,-1.5262],[40.0786,-1.5257],[40.0791,-1.524],[40.0812,-1.5249],[40.0822,-1.53]],[[40.0815,-1.5298],[40.0806,-1.5303],[40.0811,-1.5305],[40.0815,-1.5298]],[[40.0811,-1.5291],[40.0809,-1.5291],[40.0811,-1.5293],[40.0811,-1.5291]]],[[[40.0809,-1.5835],[40.0807,-1.5833],[40.0814,-1.5834],[40.0809,-1.5835]]],[[[40.0806,-1.5364],[40.0795,-1.536],[40.0795,-1.5353],[40.0806,-1.5358],[40.0806,-1.5364]]],[[[40.0803,-1.5385],[40.0795,-1.5369],[40.0804,-1.537],[40.0803,-1.5385]]],[[[40.0795,-1.5275],[40.0802,-1.5275],[40.0804,-1.5287],[40.0795,-1.5275]]],[[[40.0796,-1.5266],[40.0795,-1.5271],[40.0789,-1.5264],[40.0796,-1.5266]]],[[[40.0791,-1.5351],[40.0794,-1.5351],[40.0792,-1.5354],[40.0791,-1.5351]]],[[[40.0791,-1.5341],[40.0792,-1.5345],[40.0788,-1.5343],[40.0791,-1.5341]]],[[[40.0787,-1.5741],[40.0779,-1.574],[40.0786,-1.5739],[40.0787,-1.5741]]],[[[40.0779,-1.5726],[40.0783,-1.5719],[40.0776,-1.5721],[40.0769,-1.571],[40.0778,-1.5708],[40.0786,-1.5718],[40.0778,-1.5739],[40.0747,-1.572],[40.0779,-1.5726]]],[[[40.0784,-1.5775],[40.0781,-1.5774],[40.0781,-1.5772],[40.0784,-1.5775]]],[[[40.0783,-1.5323],[40.0776,-1.5326],[40.0779,-1.532],[40.0783,-1.5323]]],[[[40.0783,-1.5327],[40.0783,-1.533],[40.0779,-1.5329],[40.0783,-1.5327]]],[[[40.0777,-1.5316],[40.0777,-1.5313],[40.078,-1.5316],[40.0777,-1.5316]]],[[[40.0777,-1.5597],[40.0773,-1.5603],[40.0772,-1.5593],[40.0777,-1.5597]]],[[[40.0768,-1.5734],[40.0772,-1.5743],[40.0777,-1.5763],[40.0763,-1.5758],[40.0754,-1.5737],[40.0768,-1.5734]],[[40.0773,-1.5758],[40.0771,-1.5758],[40.0773,-1.5759],[40.0773,-1.5758]]],[[[40.0769,-1.568],[40.0772,-1.568],[40.077,-1.5683],[40.0769,-1.568]]],[[[40.077,-1.5609],[40.0766,-1.5604],[40.0771,-1.5606],[40.077,-1.5609]]],[[[40.0759,-1.5266],[40.0758,-1.5258],[40.076,-1.5246],[40.0769,-1.525],[40.0759,-1.5266]]],[[[40.0762,-1.5442],[40.0762,-1.5439],[40.0764,-1.5442],[40.0762,-1.5442]]],[[[40.074,-1.5706],[40.0734,-1.5691],[40.076,-1.5705],[40.074,-1.5706]]],[[[40.0755,-1.5253],[40.0749,-1.5253],[40.0749,-1.5249],[40.0755,-1.5253]]],[[[40.0755,-1.5256],[40.0748,-1.5263],[40.0751,-1.5256],[40.0755,-1.5256]]],[[[40.0744,-1.5233],[40.0745,-1.5239],[40.0742,-1.5238],[40.0744,-1.5233]]],[[[40.0743,-1.5247],[40.0743,-1.5244],[40.0745,-1.5247],[40.0743,-1.5247]]],[[[40.0742,-1.5253],[40.0737,-1.5255],[40.0742,-1.5252],[40.0742,-1.5253]]],[[[40.0738,-1.5472],[40.0702,-1.5475],[40.0672,-1.5506],[40.0692,-1.5466],[40.0661,-1.5436],[40.0645,-1.5396],[40.0662,-1.5408],[40.0667,-1.5431],[40.0702,-1.5474],[40.0738,-1.5472]]],[[[40.0735,-1.5598],[40.0733,-1.5603],[40.0718,-1.559],[40.0735,-1.5598]]],[[[40.0731,-1.5683],[40.0717,-1.5647],[40.0732,-1.5665],[40.0731,-1.5683]]],[[[40.0725,-1.5646],[40.0726,-1.5642],[40.0729,-1.5645],[40.0725,-1.5646]]],[[[40.058,-1.491],[40.0596,-1.4935],[40.0611,-1.4933],[40.0601,-1.4945],[40.0624,-1.4949],[40.0624,-1.4979],[40.0648,-1.5005],[40.0625,-1.5032],[40.065,-1.504],[40.066,-1.5025],[40.0669,-1.5047],[40.0657,-1.5068],[40.0665,-1.508],[40.0658,-1.5085],[40.0667,-1.5089],[40.0657,-1.5101],[40.0664,-1.5113],[40.0658,-1.5123],[40.0673,-1.5127],[40.066,-1.5148],[40.0673,-1.5156],[40.0658,-1.516],[40.0673,-1.5166],[40.066,-1.5171],[40.0668,-1.5179],[40.066,-1.521],[40.0666,-1.5215],[40.066,-1.5222],[40.0647,-1.5188],[40.0631,-1.5185],[40.0637,-1.522],[40.0658,-1.5251],[40.0656,-1.5231],[40.0664,-1.5248],[40.0707,-1.5242],[40.0723,-1.5285],[40.0717,-1.5298],[40.0683,-1.5265],[40.0675,-1.5273],[40.069,-1.5273],[40.0696,-1.5283],[40.0687,-1.528],[40.0695,-1.5291],[40.069,-1.5302],[40.0684,-1.5284],[40.0649,-1.5269],[40.065,-1.5244],[40.0627,-1.524],[40.0618,-1.5181],[40.0627,-1.5174],[40.0643,-1.518],[40.0649,-1.5161],[40.0643,-1.5109],[40.0618,-1.511],[40.062,-1.508],[40.0607,-1.5055],[40.0614,-1.4996],[40.0597,-1.4974],[40.06,-1.4953],[40.057,-1.4942],[40.0571,-1.4962],[40.0559,-1.4958],[40.0548,-1.4968],[40.0534,-1.494],[40.0506,-1.4945],[40.0512,-1.492],[40.0523,-1.4925],[40.0523,-1.4939],[40.0539,-1.4918],[40.0537,-1.4931],[40.0562,-1.4916],[40.0565,-1.4934],[40.0577,-1.4927],[40.0562,-1.4902],[40.0562,-1.4877],[40.0581,-1.4894],[40.058,-1.491]],[[40.0706,-1.5249],[40.0697,-1.5251],[40.0705,-1.5252],[40.0706,-1.5249]],[[40.0693,-1.5249],[40.069,-1.525],[40.0693,-1.5252],[40.0693,-1.5249]],[[40.0665,-1.5251],[40.0665,-1.5259],[40.0678,-1.5265],[40.0681,-1.5256],[40.0665,-1.5251]],[[40.0674,-1.5276],[40.0674,-1.5274],[40.0671,-1.5275],[40.0674,-1.5276]],[[40.0647,-1.5046],[40.0638,-1.5047],[40.0643,-1.505],[40.0647,-1.5046]],[[40.0642,-1.5064],[40.063,-1.5062],[40.063,-1.5065],[40.0642,-1.5064]],[[40.0641,-1.5079],[40.0638,-1.5076],[40.0637,-1.5079],[40.0641,-1.5079]],[[40.0639,-1.5236],[40.0638,-1.5236],[40.0639,-1.5237],[40.0639,-1.5236]],[[40.0631,-1.5206],[40.0631,-1.5204],[40.063,-1.5205],[40.0631,-1.5206]],[[40.0624,-1.5047],[40.0628,-1.5047],[40.0624,-1.5045],[40.0624,-1.5047]],[[40.0626,-1.5056],[40.0623,-1.5057],[40.0624,-1.5061],[40.0626,-1.5056]],[[40.0536,-1.4936],[40.0538,-1.4936],[40.0535,-1.4934],[40.0536,-1.4936]]],[[[40.0719,-1.5584],[40.0706,-1.5578],[40.0716,-1.5578],[40.0719,-1.5584]]],[[[40.0711,-1.5589],[40.0715,-1.5589],[40.0712,-1.5591],[40.0711,-1.5589]]],[[[40.0712,-1.5597],[40.0715,-1.5597],[40.0715,-1.5598],[40.0712,-1.5597]]],[[[40.0664,-1.5366],[40.0647,-1.5352],[40.0643,-1.5332],[40.0681,-1.5319],[40.0662,-1.5316],[40.0681,-1.5313],[40.0668,-1.5298],[40.0697,-1.532],[40.0694,-1.5344],[40.0664,-1.5366]],[[40.069,-1.5327],[40.069,-1.5333],[40.0694,-1.533],[40.069,-1.5327]],[[40.0691,-1.5334],[40.069,-1.5334],[40.0691,-1.5335],[40.0691,-1.5334]],[[40.0679,-1.5333],[40.0681,-1.5333],[40.0679,-1.5332],[40.0679,-1.5333]]],[[[40.0686,-1.492],[40.0687,-1.4914],[40.069,-1.4917],[40.0686,-1.492]]],[[[40.0687,-1.5135],[40.0681,-1.5128],[40.0685,-1.5128],[40.0687,-1.5135]]],[[[40.0681,-1.4603],[40.0682,-1.4597],[40.0684,-1.4603],[40.0681,-1.4603]]],[[[40.0677,-1.5108],[40.0674,-1.5107],[40.0677,-1.5105],[40.0677,-1.5108]]],[[[40.0676,-1.4794],[40.0677,-1.4794],[40.0677,-1.4797],[40.0676,-1.4794]]],[[[40.0672,-1.4598],[40.0674,-1.4598],[40.0674,-1.4601],[40.0672,-1.4598]]],[[[40.0635,-1.5285],[40.0649,-1.5274],[40.065,-1.5289],[40.0664,-1.5295],[40.066,-1.5309],[40.0652,-1.5309],[40.0651,-1.5301],[40.0653,-1.5295],[40.0635,-1.5285]],[[40.066,-1.5298],[40.0658,-1.5304],[40.066,-1.5304],[40.066,-1.5298]],[[40.0652,-1.5304],[40.0654,-1.5304],[40.0652,-1.5302],[40.0652,-1.5304]]],[[[40.0652,-1.5379],[40.0656,-1.5385],[40.0651,-1.5384],[40.0652,-1.5379]]],[[[40.0652,-1.5422],[40.0654,-1.5422],[40.0652,-1.5424],[40.0652,-1.5422]]],[[[40.0645,-1.4834],[40.0645,-1.4827],[40.0652,-1.4839],[40.0645,-1.4834]]],[[[40.0645,-1.5381],[40.0643,-1.5388],[40.0642,-1.5381],[40.0645,-1.5381]]],[[[40.0639,-1.5152],[40.0634,-1.5151],[40.0637,-1.5148],[40.0639,-1.5152]]],[[[40.0618,-1.5171],[40.0616,-1.5164],[40.0624,-1.5164],[40.0624,-1.5167],[40.0618,-1.5171]]],[[[40.062,-1.491],[40.0616,-1.491],[40.0618,-1.4908],[40.062,-1.491]]],[[[40.0613,-1.4832],[40.0612,-1.4826],[40.0616,-1.4831],[40.0613,-1.4832]]],[[[40.0589,-1.4904],[40.0603,-1.4902],[40.0614,-1.4912],[40.0598,-1.4917],[40.0589,-1.4904]]],[[[40.0607,-1.4834],[40.0602,-1.4826],[40.0589,-1.4822],[40.0612,-1.4821],[40.0607,-1.4834]]],[[[40.0606,-1.4839],[40.0609,-1.4837],[40.0611,-1.4843],[40.0606,-1.4839]]],[[[40.0589,-1.4483],[40.0592,-1.447],[40.0605,-1.4478],[40.0605,-1.448],[40.0589,-1.4483]]],[[[40.0596,-1.4881],[40.0599,-1.4878],[40.0601,-1.4883],[40.0596,-1.4881]]],[[[40.0594,-1.4862],[40.0592,-1.4859],[40.0594,-1.486],[40.0594,-1.4862]]],[[[40.0574,-1.4773],[40.0553,-1.4773],[40.0543,-1.4784],[40.0548,-1.4793],[40.0532,-1.4802],[40.0522,-1.4822],[40.0542,-1.4851],[40.0525,-1.4848],[40.0524,-1.4855],[40.0509,-1.4827],[40.0513,-1.4797],[40.0492,-1.4799],[40.0498,-1.4788],[40.0484,-1.4794],[40.0486,-1.4787],[40.0509,-1.4786],[40.0501,-1.4769],[40.0517,-1.4765],[40.0498,-1.4754],[40.0508,-1.4744],[40.0522,-1.4753],[40.0543,-1.4747],[40.0545,-1.4758],[40.0534,-1.4771],[40.0543,-1.4776],[40.0558,-1.4767],[40.0567,-1.4748],[40.0556,-1.4731],[40.0543,-1.4731],[40.0552,-1.4716],[40.0539,-1.4696],[40.0545,-1.4687],[40.0561,-1.469],[40.0587,-1.4744],[40.0592,-1.4761],[40.0574,-1.4773]],[[40.0553,-1.4694],[40.0551,-1.4694],[40.0553,-1.4696],[40.0553,-1.4694]],[[40.0538,-1.4784],[40.0537,-1.4781],[40.0533,-1.4784],[40.0538,-1.4784]]],[[[40.0579,-1.4887],[40.0588,-1.4863],[40.0591,-1.4863],[40.0588,-1.4878],[40.0579,-1.4887]]],[[[40.0588,-1.4773],[40.0584,-1.4773],[40.0584,-1.477],[40.0588,-1.4773]]],[[[40.0586,-1.4835],[40.0588,-1.4835],[40.0588,-1.4837],[40.0586,-1.4835]]],[[[40.0586,-1.5127],[40.0586,-1.5134],[40.0584,-1.5137],[40.0584,-1.5135],[40.0586,-1.5127]]],[[[40.0581,-1.498],[40.057,-1.4983],[40.0568,-1.4974],[40.0581,-1.498]]],[[[40.0578,-1.4658],[40.0569,-1.4666],[40.0565,-1.4665],[40.0566,-1.4661],[40.0578,-1.4658]]],[[[40.0575,-1.4227],[40.0578,-1.4221],[40.0578,-1.4224],[40.0575,-1.4227]]],[[[40.0573,-1.4961],[40.0576,-1.4961],[40.0573,-1.4963],[40.0573,-1.4961]]],[[[40.0572,-1.5105],[40.0572,-1.5104],[40.0575,-1.5105],[40.0572,-1.5105]]],[[[40.0573,-1.4234],[40.0575,-1.4234],[40.0574,-1.4239],[40.0573,-1.4234]]],[[[40.0572,-1.4242],[40.0574,-1.4241],[40.0574,-1.4244],[40.0572,-1.4242]]],[[[40.0571,-1.4451],[40.0571,-1.4453],[40.0569,-1.4451],[40.0571,-1.4451]]],[[[40.0565,-1.4965],[40.056,-1.4979],[40.0552,-1.4974],[40.0565,-1.4965]]],[[[40.0545,-1.4676],[40.0545,-1.4667],[40.055,-1.4674],[40.0545,-1.4676]]],[[[40.0546,-1.4184],[40.0546,-1.4185],[40.0542,-1.4184],[40.0546,-1.4184]]],[[[40.0534,-1.4457],[40.0544,-1.4457],[40.0533,-1.4461],[40.0534,-1.4457]]],[[[40.05,-1.4903],[40.0499,-1.4913],[40.0513,-1.4916],[40.0491,-1.4945],[40.0492,-1.4931],[40.048,-1.4929],[40.0481,-1.4946],[40.0471,-1.4956],[40.0488,-1.4951],[40.0479,-1.4965],[40.0541,-1.5034],[40.0543,-1.5056],[40.0528,-1.5093],[40.0521,-1.5025],[40.0481,-1.4989],[40.0457,-1.4925],[40.0471,-1.4892],[40.0479,-1.4897],[40.0474,-1.4918],[40.0491,-1.4916],[40.0486,-1.4903],[40.05,-1.4903]],[[40.0535,-1.505],[40.053,-1.5043],[40.0534,-1.5058],[40.0535,-1.505]],[[40.0462,-1.4925],[40.0463,-1.4925],[40.0462,-1.4924],[40.0462,-1.4925]]],[[[40.0539,-1.4236],[40.0539,-1.4232],[40.054,-1.4232],[40.0539,-1.4236]]],[[[40.0534,-1.4947],[40.0533,-1.4948],[40.0532,-1.4945],[40.0534,-1.4947]]],[[[40.0529,-1.4741],[40.0534,-1.474],[40.053,-1.4745],[40.0529,-1.4741]]],[[[40.0528,-1.4238],[40.0528,-1.4241],[40.0526,-1.4238],[40.0528,-1.4238]]],[[[40.0505,-1.4478],[40.0484,-1.4463],[40.0492,-1.4459],[40.049,-1.445],[40.0508,-1.4435],[40.0516,-1.4436],[40.0515,-1.4452],[40.0526,-1.4438],[40.0526,-1.4462],[40.0505,-1.4478]],[[40.0517,-1.4453],[40.0515,-1.4454],[40.0518,-1.4457],[40.0517,-1.4453]]],[[[40.0522,-1.4916],[40.0522,-1.492],[40.052,-1.4916],[40.0522,-1.4916]]],[[[40.0514,-1.467],[40.0513,-1.4668],[40.0515,-1.4667],[40.0514,-1.467]]],[[[40.0501,-1.4225],[40.0503,-1.4225],[40.0503,-1.4227],[40.0501,-1.4225]]],[[[40.0494,-1.4437],[40.0495,-1.4434],[40.0497,-1.4437],[40.0494,-1.4437]]],[[[40.0495,-1.4755],[40.0495,-1.4757],[40.049,-1.4754],[40.0495,-1.4755]]],[[[40.0476,-1.476],[40.0487,-1.4755],[40.049,-1.4759],[40.0476,-1.476]]],[[[40.0489,-1.4455],[40.0489,-1.4457],[40.0487,-1.4455],[40.0489,-1.4455]]],[[[40.0469,-1.4453],[40.0468,-1.4448],[40.0484,-1.445],[40.0469,-1.4453]]],[[[40.0472,-1.4443],[40.0465,-1.4436],[40.0481,-1.4438],[40.0472,-1.4443]]],[[[40.048,-1.4238],[40.0478,-1.4239],[40.048,-1.4237],[40.048,-1.4238]]],[[[40.0472,-1.4734],[40.0466,-1.4734],[40.0466,-1.4731],[40.0472,-1.4734]]],[[[40.0462,-1.4473],[40.0462,-1.4475],[40.046,-1.4475],[40.0462,-1.4473]]],[[[40.0458,-1.4792],[40.0455,-1.4794],[40.0455,-1.4792],[40.0458,-1.4792]]],[[[40.0456,-1.4885],[40.0452,-1.4886],[40.0451,-1.4877],[40.0456,-1.4885]]],[[[40.0424,-1.4792],[40.0427,-1.4758],[40.0416,-1.4721],[40.0428,-1.4731],[40.0437,-1.4763],[40.0455,-1.4769],[40.0452,-1.4782],[40.0435,-1.4781],[40.0424,-1.4792]],[[40.0442,-1.4766],[40.0439,-1.4772],[40.0445,-1.4771],[40.0442,-1.4766]]],[[[40.045,-1.481],[40.0453,-1.4809],[40.0453,-1.4812],[40.045,-1.481]]],[[[40.0448,-1.4797],[40.0448,-1.4794],[40.0451,-1.4797],[40.0448,-1.4797]]],[[[40.0447,-1.4833],[40.0451,-1.4852],[40.0442,-1.4871],[40.0427,-1.481],[40.0447,-1.4833]]],[[[40.0446,-1.4804],[40.0447,-1.4809],[40.0445,-1.4808],[40.0446,-1.4804]]],[[[40.0444,-1.4801],[40.0443,-1.4794],[40.0446,-1.4797],[40.0444,-1.4801]]],[[[40.0445,-1.4283],[40.044,-1.4286],[40.0438,-1.4281],[40.0445,-1.4283]]],[[[40.0425,-1.4525],[40.0407,-1.4544],[40.0424,-1.454],[40.0431,-1.4525],[40.0418,-1.4502],[40.0388,-1.4494],[40.0386,-1.4481],[40.0421,-1.4489],[40.0442,-1.4528],[40.0432,-1.4551],[40.0425,-1.4555],[40.04,-1.4553],[40.0392,-1.4512],[40.0425,-1.4525]],[[40.041,-1.455],[40.0408,-1.455],[40.041,-1.4552],[40.041,-1.455]]],[[[40.0441,-1.4791],[40.0436,-1.4792],[40.0437,-1.4789],[40.0441,-1.4791]]],[[[40.0429,-1.4441],[40.0432,-1.4441],[40.0431,-1.4444],[40.0429,-1.4441]]],[[[40.0427,-1.4798],[40.0425,-1.4799],[40.0424,-1.4795],[40.0427,-1.4798]]],[[[40.0423,-1.4768],[40.0423,-1.477],[40.042,-1.4768],[40.0423,-1.4768]]],[[[40.042,-1.4624],[40.0409,-1.4631],[40.0407,-1.4586],[40.0418,-1.4598],[40.042,-1.4624]]],[[[40.0386,-1.4207],[40.0382,-1.4235],[40.0341,-1.4292],[40.0337,-1.427],[40.037,-1.4231],[40.0372,-1.4208],[40.0359,-1.4199],[40.0324,-1.4216],[40.0322,-1.42],[40.0353,-1.4184],[40.0374,-1.4186],[40.0377,-1.4195],[40.039,-1.419],[40.0399,-1.4198],[40.0386,-1.4207]]],[[[40.0354,-1.4348],[40.0352,-1.4331],[40.0381,-1.435],[40.0389,-1.4367],[40.0386,-1.4391],[40.0373,-1.4403],[40.0365,-1.4392],[40.0379,-1.4379],[40.0377,-1.4366],[40.0354,-1.4348]]],[[[40.037,-1.4296],[40.0371,-1.4291],[40.0377,-1.4296],[40.037,-1.4296]]],[[[40.0364,-1.4371],[40.0361,-1.4377],[40.0361,-1.4373],[40.0364,-1.4371]]],[[[40.0346,-1.4173],[40.0344,-1.417],[40.0347,-1.4171],[40.0346,-1.4173]]],[[[40.0313,-1.2774],[40.0317,-1.2766],[40.032,-1.2766],[40.0322,-1.2777],[40.0313,-1.2774]]],[[[40.0317,-1.2594],[40.0312,-1.2579],[40.0318,-1.2578],[40.0317,-1.2594]]],[[[40.0311,-1.2758],[40.0304,-1.2754],[40.0305,-1.2747],[40.0312,-1.2751],[40.0311,-1.2758]]],[[[40.0285,-1.3982],[40.03,-1.3987],[40.0302,-1.3996],[40.0288,-1.401],[40.0298,-1.399],[40.0278,-1.3991],[40.0285,-1.3982]]],[[[40.0295,-1.2784],[40.0298,-1.2784],[40.0298,-1.2785],[40.0295,-1.2784]]],[[[40.0289,-1.277],[40.0294,-1.2769],[40.0292,-1.278],[40.0289,-1.277]]],[[[40.0292,-1.4057],[40.0292,-1.4055],[40.0294,-1.4055],[40.0292,-1.4057]]],[[[40.0286,-1.2756],[40.0288,-1.2752],[40.0287,-1.2761],[40.0286,-1.2756]]],[[[40.0262,-1.3922],[40.0264,-1.3913],[40.0265,-1.3919],[40.0262,-1.3922]]],[[[40.0259,-1.3925],[40.0261,-1.3925],[40.026,-1.3928],[40.0259,-1.3925]]],[[[40.0259,-1.2755],[40.0257,-1.2755],[40.0258,-1.2753],[40.0259,-1.2755]]],[[[40.0231,-1.3808],[40.0237,-1.3794],[40.0245,-1.3805],[40.0244,-1.3812],[40.0231,-1.3808]],[[40.0239,-1.38],[40.0237,-1.3802],[40.0241,-1.3805],[40.0239,-1.38]]],[[[40.0241,-1.245],[40.0229,-1.2456],[40.0217,-1.2448],[40.0226,-1.2444],[40.0223,-1.2435],[40.0241,-1.245]]],[[[40.0225,-1.378],[40.023,-1.3771],[40.0231,-1.3788],[40.0225,-1.378]]],[[[40.0218,-1.2464],[40.0227,-1.2462],[40.0226,-1.2471],[40.0218,-1.2464]]],[[[40.0195,-1.3639],[40.0194,-1.3635],[40.0197,-1.3638],[40.0195,-1.3639]]],[[[40.0193,-1.3656],[40.0192,-1.3648],[40.0197,-1.3644],[40.0193,-1.3656]]],[[[40.0128,-1.2697],[40.0095,-1.2731],[40.012,-1.2654],[40.0125,-1.2667],[40.0187,-1.2686],[40.0191,-1.2711],[40.018,-1.273],[40.0147,-1.2733],[40.0128,-1.2697]],[[40.0173,-1.2709],[40.0172,-1.2697],[40.0144,-1.2685],[40.0162,-1.2686],[40.0156,-1.2679],[40.0126,-1.2678],[40.0153,-1.2718],[40.0172,-1.2719],[40.0173,-1.2709]],[[40.017,-1.2683],[40.0166,-1.2683],[40.0171,-1.269],[40.017,-1.2683]]],[[[40.0074,-1.3303],[40.017,-1.3323],[40.0185,-1.335],[40.0171,-1.3386],[40.0138,-1.3392],[40.0114,-1.3373],[40.0096,-1.3373],[40.009,-1.3357],[40.0136,-1.3362],[40.0137,-1.3375],[40.0153,-1.3379],[40.0164,-1.3378],[40.0172,-1.336],[40.0149,-1.333],[40.0074,-1.3312],[40.0064,-1.3278],[40.0098,-1.325],[40.0105,-1.3219],[40.0085,-1.3197],[40.0047,-1.3187],[40.0046,-1.3174],[40.0092,-1.3188],[40.0114,-1.3207],[40.0112,-1.3245],[40.0074,-1.3303]],[[40.0133,-1.3316],[40.0124,-1.3322],[40.0139,-1.3323],[40.0133,-1.3316]],[[40.0089,-1.326],[40.0085,-1.3261],[40.0088,-1.3263],[40.0089,-1.326]],[[40.008,-1.3269],[40.0076,-1.3276],[40.0086,-1.3268],[40.008,-1.3269]]],[[[40.0179,-1.3456],[40.0181,-1.345],[40.0181,-1.3458],[40.0179,-1.3456]]],[[[40.0172,-1.271],[40.0172,-1.2713],[40.0168,-1.2712],[40.0172,-1.271]]],[[[40.014,-1.2623],[40.0151,-1.2589],[40.0124,-1.2584],[40.0112,-1.2593],[40.0108,-1.2583],[40.0127,-1.2569],[40.0158,-1.2576],[40.017,-1.2598],[40.0164,-1.2623],[40.0122,-1.2636],[40.0123,-1.2627],[40.014,-1.2623]]],[[[40.015,-1.3368],[40.015,-1.3371],[40.0147,-1.3368],[40.015,-1.3368]]],[[[40.0136,-1.3143],[40.0132,-1.3146],[40.0134,-1.3135],[40.0136,-1.3143]]],[[[40.0134,-1.286],[40.0121,-1.2863],[40.0136,-1.2854],[40.0134,-1.286]]],[[[40.0107,-1.2954],[40.0124,-1.295],[40.0127,-1.2937],[40.0124,-1.2953],[40.0107,-1.2954]]],[[[40.0108,-1.2845],[40.0105,-1.2813],[40.0081,-1.2786],[40.0084,-1.2773],[40.0117,-1.2815],[40.0121,-1.2838],[40.0109,-1.2863],[40.006,-1.2879],[40.0062,-1.2871],[40.0089,-1.2863],[40.0108,-1.2845]]],[[[40.0104,-1.3005],[40.0106,-1.3003],[40.0108,-1.3005],[40.0104,-1.3005]]],[[[40.006,-1.2437],[40.01,-1.2485],[40.0101,-1.2514],[40.0089,-1.253],[40.008,-1.2507],[40.0081,-1.2476],[40.006,-1.2437]],[[40.0088,-1.2515],[40.0089,-1.2504],[40.0085,-1.2506],[40.0088,-1.2515]]],[[[40.0042,-1.3016],[40.0043,-1.3003],[40.0065,-1.3008],[40.0087,-1.2988],[40.0071,-1.2952],[40.0055,-1.2951],[40.0055,-1.296],[40.0049,-1.2953],[40.0053,-1.2929],[40.0082,-1.2947],[40.0097,-1.2967],[40.0102,-1.3005],[40.0079,-1.3024],[40.0042,-1.3016]]],[[[40.0097,-1.2828],[40.0092,-1.2829],[40.0092,-1.2823],[40.0097,-1.2828]]],[[[40.0096,-1.2784],[40.0094,-1.2784],[40.0096,-1.2782],[40.0096,-1.2784]]],[[[40.0091,-1.2833],[40.0081,-1.285],[40.0064,-1.2862],[40.0077,-1.2832],[40.0091,-1.2833]]],[[[40.0077,-1.3174],[40.0077,-1.3176],[40.0075,-1.3174],[40.0077,-1.3174]]],[[[40.0072,-1.3262],[40.0069,-1.3269],[40.0065,-1.3265],[40.0072,-1.3262]]],[[[40.0063,-1.3268],[40.0063,-1.327],[40.0061,-1.3267],[40.0063,-1.3268]]],[[[40.0053,-1.299],[40.0049,-1.2991],[40.005,-1.2987],[40.0053,-1.299]]],[[[40.005,-1.3059],[40.0048,-1.3115],[40.0041,-1.3128],[40.0041,-1.3046],[40.005,-1.3059]]],[[[40.0047,-1.2985],[40.0046,-1.298],[40.0049,-1.2985],[40.0047,-1.2985]]],[[[39.9992,-1.2239],[39.9989,-1.2228],[40.0019,-1.2208],[40.0026,-1.2193],[40.0024,-1.2176],[40.0008,-1.2163],[40.0022,-1.2172],[40.0024,-1.2165],[40.0,-1.2145],[39.9956,-1.2159],[39.9951,-1.2151],[40.0003,-1.2133],[40.0034,-1.2158],[40.0038,-1.2188],[40.0027,-1.2213],[39.9992,-1.2239]]],[[[40.0008,-1.2161],[40.0006,-1.2163],[40.0002,-1.2158],[40.0008,-1.2161]]],[[[39.9906,-1.203],[39.9917,-1.2024],[39.9914,-1.2014],[39.9927,-1.2011],[39.9957,-1.2038],[39.9956,-1.2081],[39.9942,-1.2105],[39.992,-1.2112],[39.9915,-1.2105],[39.9945,-1.208],[39.9943,-1.2062],[39.992,-1.2051],[39.9887,-1.2069],[39.9879,-1.2057],[39.9906,-1.2041],[39.9949,-1.2049],[39.9948,-1.2041],[39.9906,-1.203]]],[[[39.994,-1.2008],[39.993,-1.2001],[39.9925,-1.2001],[39.9937,-1.1993],[39.994,-1.2008]]],[[[39.9925,-1.1963],[39.9921,-1.1966],[39.992,-1.1956],[39.9925,-1.1963]]],[[[39.9922,-1.1976],[39.9918,-1.1971],[39.9922,-1.1969],[39.9922,-1.1976]]],[[[39.9906,-1.195],[39.9917,-1.1948],[39.992,-1.1953],[39.9906,-1.195]]],[[[39.9898,-1.2037],[39.9895,-1.2035],[39.9903,-1.2034],[39.9898,-1.2037]]],[[[39.9796,-1.1908],[39.9836,-1.1922],[39.9856,-1.1938],[39.9858,-1.1962],[39.9837,-1.2006],[39.9824,-1.1986],[39.9841,-1.1968],[39.9834,-1.1936],[39.9809,-1.1932],[39.979,-1.1943],[39.9782,-1.1929],[39.9811,-1.1922],[39.9794,-1.1912],[39.9796,-1.1908]],[[39.9842,-1.1953],[39.9848,-1.1956],[39.9847,-1.1951],[39.9842,-1.1953]],[[39.9838,-1.1945],[39.9843,-1.1947],[39.9843,-1.1942],[39.9838,-1.1945]]],[[[39.9824,-1.1968],[39.983,-1.1975],[39.9823,-1.1979],[39.9824,-1.1968]]],[[[39.9815,-1.181],[39.9821,-1.1845],[39.9811,-1.1857],[39.9799,-1.1854],[39.9809,-1.1853],[39.9815,-1.1836],[39.9798,-1.1801],[39.9815,-1.181]]],[[[39.9806,-1.1726],[39.9801,-1.173],[39.9807,-1.1723],[39.9806,-1.1726]]],[[[39.9793,-1.1631],[39.9776,-1.1621],[39.9802,-1.161],[39.9803,-1.1613],[39.9793,-1.1631]]],[[[39.9795,-1.1732],[39.9795,-1.1733],[39.9792,-1.1733],[39.9795,-1.1732]]],[[[39.9785,-1.1905],[39.9791,-1.1908],[39.9783,-1.1911],[39.9785,-1.1905]]],[[[39.9777,-1.1919],[39.9779,-1.1923],[39.9776,-1.1921],[39.9777,-1.1919]]],[[[39.9746,-1.18],[39.9741,-1.1869],[39.9731,-1.1853],[39.9736,-1.1805],[39.9722,-1.1792],[39.9696,-1.1791],[39.9688,-1.1773],[39.9698,-1.1769],[39.9685,-1.1767],[39.9687,-1.1759],[39.9728,-1.1774],[39.9746,-1.18]]],[[[39.9734,-1.1712],[39.973,-1.1712],[39.9731,-1.1707],[39.9734,-1.1712]]],[[[39.9726,-1.1707],[39.9706,-1.1718],[39.9709,-1.1696],[39.9726,-1.1707]]],[[[39.9694,-1.1744],[39.9704,-1.1753],[39.9705,-1.1761],[39.9694,-1.1756],[39.9694,-1.1744]]],[[[39.9678,-1.1653],[39.9682,-1.1653],[39.9678,-1.1655],[39.9678,-1.1653]]],[[[39.9676,-1.1633],[39.9666,-1.1629],[39.9678,-1.1629],[39.9676,-1.1633]]],[[[39.9627,-1.1611],[39.962,-1.1583],[39.9662,-1.163],[39.9667,-1.1673],[39.9653,-1.1689],[39.9648,-1.1633],[39.9627,-1.1611]]],[[[39.9625,-1.1546],[39.9625,-1.155],[39.9623,-1.1547],[39.9625,-1.1546]]],[[[39.9585,-1.1477],[39.9576,-1.1453],[39.9583,-1.1465],[39.9585,-1.1477]]],[[[39.9526,-1.1336],[39.9526,-1.1342],[39.9524,-1.1334],[39.9526,-1.1336]]],[[[39.9406,-1.1114],[39.9454,-1.1136],[39.9453,-1.1164],[39.9438,-1.1171],[39.9433,-1.1134],[39.9414,-1.1128],[39.9406,-1.1114]],[[39.945,-1.1152],[39.945,-1.1157],[39.9453,-1.1156],[39.945,-1.1152]]],[[[39.935,-1.0993],[39.9328,-1.0976],[39.9387,-1.0986],[39.9374,-1.1053],[39.937,-1.103],[39.9365,-1.1037],[39.9361,-1.1031],[39.9378,-1.0994],[39.935,-1.0993]]],[[[39.9364,-1.0968],[39.9357,-1.0963],[39.9363,-1.0961],[39.9364,-1.0968]]],[[[39.9297,-1.0919],[39.931,-1.0915],[39.9315,-1.0925],[39.9303,-1.0932],[39.9297,-1.0919]]],[[[39.9288,-1.0825],[39.9254,-1.0831],[39.925,-1.0821],[39.927,-1.081],[39.9293,-1.082],[39.9292,-1.0851],[39.9274,-1.0874],[39.9269,-1.0863],[39.9288,-1.0837],[39.9288,-1.0825]]],[[[39.9241,-1.073],[39.9248,-1.0726],[39.9247,-1.0732],[39.9241,-1.073]]],[[[39.9228,-1.0663],[39.9226,-1.0655],[39.923,-1.0655],[39.9228,-1.0663]]],[[[39.9225,-1.0656],[39.9222,-1.0656],[39.9222,-1.0653],[39.9225,-1.0656]]],[[[39.9219,-1.0696],[39.9221,-1.0696],[39.9219,-1.0698],[39.9219,-1.0696]]],[[[39.9208,-1.0733],[39.9211,-1.0745],[39.9198,-1.0721],[39.9208,-1.0733]]],[[[39.9195,-1.0584],[39.9191,-1.0571],[39.9199,-1.0586],[39.9195,-1.0584]]],[[[39.917,-1.0599],[39.9143,-1.0584],[39.9135,-1.0568],[39.918,-1.0591],[39.9193,-1.0608],[39.9196,-1.065],[39.9178,-1.0675],[39.9171,-1.0662],[39.9185,-1.0621],[39.917,-1.0599]]],[[[39.9164,-1.0555],[39.9155,-1.0551],[39.916,-1.0549],[39.9164,-1.0555]]],[[[39.9151,-1.0535],[39.915,-1.0535],[39.9151,-1.0533],[39.9151,-1.0535]]],[[[39.915,-1.0541],[39.915,-1.0539],[39.9151,-1.0539],[39.915,-1.0541]]],[[[39.9146,-1.0502],[39.9149,-1.0501],[39.9148,-1.0505],[39.9146,-1.0502]]],[[[39.9143,-1.0537],[39.9143,-1.0539],[39.9141,-1.0537],[39.9143,-1.0537]]],[[[39.9002,-1.0096],[39.9004,-1.0123],[39.8977,-1.014],[39.8964,-1.0174],[39.8963,-1.0209],[39.9,-1.0258],[39.9013,-1.0336],[39.905,-1.036],[39.9085,-1.0366],[39.913,-1.0443],[39.913,-1.0476],[39.9102,-1.0512],[39.9096,-1.0501],[39.9122,-1.0472],[39.9112,-1.0436],[39.9058,-1.0373],[39.9005,-1.0346],[39.8992,-1.0323],[39.8995,-1.0273],[39.8955,-1.0215],[39.896,-1.0152],[39.8994,-1.0105],[39.8975,-1.0098],[39.892,-1.0108],[39.89,-1.0096],[39.8896,-1.0062],[39.8915,-1.0094],[39.8957,-1.0097],[39.8983,-1.0081],[39.9002,-1.0096]],[[39.9082,-1.0374],[39.9075,-1.0372],[39.9089,-1.0384],[39.9082,-1.0374]],[[39.9085,-1.0369],[39.9083,-1.0369],[39.9085,-1.0371],[39.9085,-1.0369]],[[39.9008,-1.0337],[39.9005,-1.0337],[39.9008,-1.034],[39.9008,-1.0337]],[[39.9002,-1.0335],[39.9,-1.0335],[39.9002,-1.0337],[39.9002,-1.0335]],[[39.8922,-1.0103],[39.892,-1.0103],[39.8922,-1.0105],[39.8922,-1.0103]],[[39.8907,-1.0095],[39.8905,-1.0095],[39.8907,-1.0097],[39.8907,-1.0095]]],[[[39.907,-1.0351],[39.9075,-1.0347],[39.9075,-1.0351],[39.907,-1.0351]]],[[[39.9072,-1.0343],[39.9072,-1.0345],[39.9069,-1.0344],[39.9072,-1.0343]]],[[[39.9063,-1.0333],[39.9063,-1.0336],[39.9061,-1.0333],[39.9063,-1.0333]]],[[[39.9061,-1.0429],[39.9059,-1.0426],[39.9063,-1.0422],[39.9061,-1.0429]]],[[[39.9057,-1.0201],[39.9055,-1.0196],[39.9057,-1.0199],[39.9057,-1.0201]]],[[[39.9051,-1.0329],[39.9053,-1.0329],[39.9051,-1.0331],[39.9051,-1.0329]]],[[[39.9049,-1.0325],[39.9051,-1.0324],[39.9051,-1.0327],[39.9049,-1.0325]]],[[[39.8946,-1.0091],[39.8953,-1.0083],[39.897,-1.0083],[39.8946,-1.0091]]],[[[39.8907,-0.9969],[39.89,-0.9935],[39.8918,-0.9936],[39.8953,-0.9916],[39.8963,-0.9926],[39.8963,-0.9951],[39.8962,-0.9954],[39.8957,-0.9952],[39.895,-0.996],[39.8942,-0.996],[39.895,-0.9963],[39.8937,-0.9965],[39.8926,-0.9962],[39.8914,-0.9978],[39.8895,-0.9978],[39.8897,-0.9959],[39.8907,-0.9969]],[[39.8957,-0.9928],[39.8963,-0.9952],[39.8963,-0.9928],[39.8957,-0.9928]],[[39.894,-0.9928],[39.8942,-0.9928],[39.8942,-0.9925],[39.894,-0.9928]],[[39.8942,-0.9925],[39.8955,-0.9925],[39.8952,-0.992],[39.8942,-0.9925]],[[39.8918,-0.9944],[39.8932,-0.9953],[39.8952,-0.9949],[39.8954,-0.9935],[39.8942,-0.9928],[39.8918,-0.9944]],[[39.8933,-0.996],[39.893,-0.996],[39.8933,-0.9962],[39.8933,-0.996]]],[[[39.8906,-0.9702],[39.8935,-0.9723],[39.8932,-0.9745],[39.8906,-0.9702]],[[39.893,-0.973],[39.893,-0.9725],[39.8927,-0.9725],[39.893,-0.973]]],[[[39.8904,-0.9912],[39.8921,-0.9871],[39.8918,-0.9858],[39.8934,-0.9878],[39.8919,-0.9904],[39.8904,-0.9912]]],[[[39.8837,-0.9458],[39.8838,-0.9425],[39.8828,-0.9422],[39.8801,-0.9434],[39.8799,-0.9423],[39.8811,-0.9408],[39.8843,-0.9414],[39.886,-0.9431],[39.8849,-0.9468],[39.8811,-0.9473],[39.8807,-0.946],[39.8837,-0.9458]]],[[[39.8857,-0.9408],[39.8852,-0.941],[39.8851,-0.9405],[39.8857,-0.9408]]],[[[39.8835,-0.9545],[39.8853,-0.956],[39.885,-0.9588],[39.8835,-0.9545]]],[[[39.8833,-0.9347],[39.8842,-0.9349],[39.8837,-0.9366],[39.8838,-0.9356],[39.8833,-0.9347]]],[[[39.882,-0.9364],[39.8825,-0.9377],[39.8795,-0.9367],[39.882,-0.9364]]],[[[39.8777,-0.9353],[39.8754,-0.9326],[39.8738,-0.9318],[39.8767,-0.932],[39.8777,-0.9353]]],[[[39.8709,-0.8879],[39.8699,-0.8888],[39.8703,-0.8854],[39.8667,-0.8873],[39.8676,-0.8866],[39.8675,-0.8856],[39.865,-0.8863],[39.8643,-0.8856],[39.865,-0.8847],[39.8639,-0.8847],[39.8713,-0.8814],[39.8711,-0.883],[39.8729,-0.8817],[39.8723,-0.8863],[39.8704,-0.8865],[39.8709,-0.8879]],[[39.8713,-0.8847],[39.8708,-0.8844],[39.8707,-0.8849],[39.8713,-0.8847]],[[39.8708,-0.8823],[39.8705,-0.8827],[39.8709,-0.8827],[39.8708,-0.8823]],[[39.8695,-0.8844],[39.8694,-0.8829],[39.8677,-0.8835],[39.8695,-0.8844]],[[39.8662,-0.8848],[39.8665,-0.8849],[39.8668,-0.8842],[39.8662,-0.8848]]],[[[39.8726,-0.8818],[39.8722,-0.8813],[39.873,-0.8815],[39.8726,-0.8818]]],[[[39.8713,-0.9024],[39.8713,-0.9018],[39.8716,-0.903],[39.8713,-0.9024]]],[[[39.8698,-0.8907],[39.8707,-0.89],[39.8709,-0.8906],[39.8698,-0.8907]]],[[[39.8697,-0.9105],[39.8695,-0.911],[39.8695,-0.9092],[39.8697,-0.9105]]],[[[39.8689,-0.8991],[39.8692,-0.8991],[39.869,-0.8994],[39.8689,-0.8991]]],[[[39.8686,-0.8986],[39.8686,-0.8984],[39.8688,-0.8984],[39.8686,-0.8986]]],[[[39.8687,-0.899],[39.8687,-0.8993],[39.8685,-0.8991],[39.8687,-0.899]]],[[[39.8674,-0.8892],[39.8682,-0.888],[39.8686,-0.8884],[39.8674,-0.8892]]],[[[39.8681,-0.9006],[39.8674,-0.8999],[39.8676,-0.8991],[39.8684,-0.8995],[39.8681,-0.9006]]],[[[39.8682,-0.8987],[39.8668,-0.8978],[39.8667,-0.8969],[39.8682,-0.8975],[39.8682,-0.8987]]],[[[39.8671,-0.893],[39.8678,-0.8928],[39.8679,-0.8934],[39.8671,-0.893]]],[[[39.8664,-0.888],[39.8673,-0.8879],[39.8673,-0.8884],[39.8668,-0.8886],[39.8664,-0.888]]],[[[39.8671,-0.8864],[39.8671,-0.8863],[39.8673,-0.8863],[39.8671,-0.8864]]],[[[39.8652,-0.8935],[39.8641,-0.8937],[39.8641,-0.8929],[39.8647,-0.8933],[39.8662,-0.8905],[39.8668,-0.8913],[39.8662,-0.894],[39.8649,-0.8941],[39.8652,-0.8935]]],[[[39.8642,-0.8967],[39.8648,-0.896],[39.8667,-0.8978],[39.8654,-0.8981],[39.8642,-0.8967]]],[[[39.8659,-0.8871],[39.8657,-0.8866],[39.866,-0.8867],[39.8659,-0.8871]]],[[[39.8624,-0.8909],[39.8654,-0.8872],[39.8647,-0.889],[39.8656,-0.8891],[39.8656,-0.8906],[39.8649,-0.8911],[39.865,-0.8902],[39.8638,-0.8901],[39.863,-0.8918],[39.8624,-0.8909]]],[[[39.8642,-0.918],[39.8624,-0.9138],[39.8642,-0.9157],[39.8642,-0.918]]],[[[39.8641,-0.8871],[39.8626,-0.8884],[39.8611,-0.8884],[39.8581,-0.8907],[39.8606,-0.8867],[39.8623,-0.8858],[39.8613,-0.8882],[39.863,-0.8872],[39.8628,-0.8863],[39.8641,-0.8871]]],[[[39.8611,-0.8908],[39.861,-0.8912],[39.8603,-0.8911],[39.8611,-0.8908]]],[[[39.8609,-0.8599],[39.8598,-0.8603],[39.8601,-0.8598],[39.8609,-0.8599]]],[[[39.8607,-0.9087],[39.8598,-0.9052],[39.8606,-0.9064],[39.8607,-0.9087]]],[[[39.8588,-0.9004],[39.8584,-0.8959],[39.8607,-0.8991],[39.8596,-0.9022],[39.8588,-0.9004]]],[[[39.8606,-0.8822],[39.8601,-0.8831],[39.8601,-0.8822],[39.8606,-0.8822]]],[[[39.8592,-0.8618],[39.8594,-0.8608],[39.8596,-0.8618],[39.8592,-0.8618]]],[[[39.8588,-0.8681],[39.8585,-0.8659],[39.8594,-0.8657],[39.8594,-0.8677],[39.8588,-0.8681]]],[[[39.8469,-0.8289],[39.8465,-0.8295],[39.8462,-0.8289],[39.8469,-0.8289]]],[[[39.7817,-0.6187],[39.7811,-0.6178],[39.7817,-0.618],[39.7817,-0.6187]]],[[[39.7801,-0.6157],[39.7798,-0.6163],[39.7796,-0.616],[39.7801,-0.6157]]],[[[39.7794,-0.6149],[39.7795,-0.6144],[39.7798,-0.6149],[39.7794,-0.6149]]],[[[39.7795,-0.6371],[39.7797,-0.6371],[39.7795,-0.6374],[39.7795,-0.6371]]],[[[39.7794,-0.6385],[39.7792,-0.6385],[39.7794,-0.6383],[39.7794,-0.6385]]],[[[39.7792,-0.6381],[39.7785,-0.6381],[39.7771,-0.637],[39.7794,-0.6371],[39.7792,-0.6381]],[[39.779,-0.6374],[39.779,-0.638],[39.7792,-0.638],[39.779,-0.6374]]],[[[39.779,-0.6175],[39.7784,-0.6176],[39.7784,-0.6171],[39.779,-0.6175]]],[[[39.7686,-0.6074],[39.7688,-0.6074],[39.7688,-0.6076],[39.7686,-0.6074]]],[[[39.7687,-0.6045],[39.7687,-0.6048],[39.7686,-0.6045],[39.7687,-0.6045]]],[[[39.7679,-0.6029],[39.7679,-0.6027],[39.7685,-0.6031],[39.7679,-0.6029]]],[[[39.7677,-0.6035],[39.7672,-0.6035],[39.7674,-0.6032],[39.7677,-0.6035]]],[[[39.767,-0.602],[39.767,-0.6012],[39.7675,-0.6018],[39.767,-0.602]]],[[[39.7661,-0.602],[39.7673,-0.6027],[39.7668,-0.6032],[39.7661,-0.602]]],[[[39.7665,-0.6051],[39.767,-0.6039],[39.7667,-0.6058],[39.7665,-0.6051]]],[[[39.7655,-0.6028],[39.7664,-0.6042],[39.7654,-0.6046],[39.7655,-0.6028]]],[[[39.7653,-0.6018],[39.7656,-0.6012],[39.7658,-0.6013],[39.7653,-0.6018]]],[[[39.7651,-0.6054],[39.7646,-0.6058],[39.7643,-0.606],[39.7644,-0.6056],[39.7651,-0.6054]]],[[[39.7634,-0.6043],[39.763,-0.6046],[39.7636,-0.6038],[39.7634,-0.6043]]],[[[39.7637,-0.6018],[39.7634,-0.6024],[39.7634,-0.6028],[39.7631,-0.6021],[39.7637,-0.6018]]],[[[39.7634,-0.6068],[39.7628,-0.6066],[39.7628,-0.6057],[39.7634,-0.6058],[39.7634,-0.6068]]],[[[39.7623,-0.6038],[39.763,-0.6036],[39.7619,-0.6045],[39.7623,-0.6038]]],[[[39.7489,-0.5942],[39.751,-0.595],[39.7498,-0.5962],[39.7489,-0.5942]]],[[[39.7482,-0.5889],[39.7501,-0.5934],[39.7483,-0.5924],[39.7487,-0.5912],[39.7471,-0.5895],[39.7456,-0.5906],[39.744,-0.5893],[39.7433,-0.5869],[39.7448,-0.5868],[39.7466,-0.5892],[39.7482,-0.5889]],[[39.7461,-0.5894],[39.7456,-0.5887],[39.7456,-0.5891],[39.7461,-0.5894]]],[[[39.7471,-0.5939],[39.7471,-0.5936],[39.7476,-0.5941],[39.7471,-0.5939]]],[[[39.7466,-0.5951],[39.7461,-0.5946],[39.7465,-0.5946],[39.7466,-0.5951]]],[[[39.6094,-0.422],[39.6125,-0.42],[39.614,-0.42],[39.6155,-0.4173],[39.6164,-0.4171],[39.6173,-0.4181],[39.6178,-0.4164],[39.6167,-0.4167],[39.616,-0.4158],[39.6177,-0.4154],[39.6189,-0.4174],[39.6182,-0.4187],[39.6193,-0.4184],[39.6195,-0.4192],[39.618,-0.4224],[39.6174,-0.4209],[39.6156,-0.4219],[39.6162,-0.4231],[39.6168,-0.4218],[39.6173,-0.4224],[39.6146,-0.426],[39.6149,-0.4273],[39.6169,-0.4284],[39.6164,-0.4304],[39.6153,-0.4304],[39.6187,-0.4317],[39.6194,-0.433],[39.6196,-0.4317],[39.6207,-0.4314],[39.6244,-0.4321],[39.6244,-0.4335],[39.6259,-0.4335],[39.6249,-0.432],[39.6265,-0.4316],[39.6294,-0.4324],[39.6297,-0.4315],[39.634,-0.433],[39.6324,-0.4335],[39.6324,-0.4342],[39.6339,-0.4341],[39.6332,-0.4351],[39.6302,-0.436],[39.6343,-0.4367],[39.6336,-0.4383],[39.635,-0.4399],[39.6347,-0.442],[39.6357,-0.4418],[39.6361,-0.443],[39.6351,-0.4427],[39.6352,-0.445],[39.6345,-0.4452],[39.6356,-0.4467],[39.6348,-0.4475],[39.6337,-0.4457],[39.6328,-0.4468],[39.635,-0.4478],[39.6346,-0.45],[39.6356,-0.4498],[39.6357,-0.4507],[39.634,-0.4512],[39.6345,-0.4502],[39.633,-0.4502],[39.6328,-0.4509],[39.632,-0.4512],[39.6318,-0.4518],[39.6321,-0.4528],[39.632,-0.4514],[39.633,-0.451],[39.6339,-0.4522],[39.6347,-0.4512],[39.636,-0.4519],[39.6349,-0.4516],[39.6357,-0.4552],[39.6345,-0.4565],[39.6361,-0.4569],[39.6357,-0.4581],[39.635,-0.4575],[39.6348,-0.4592],[39.6364,-0.4599],[39.6354,-0.4612],[39.6338,-0.4593],[39.6336,-0.4612],[39.6359,-0.4618],[39.6371,-0.4658],[39.6373,-0.4641],[39.6389,-0.4645],[39.6409,-0.4682],[39.6399,-0.4696],[39.6409,-0.4695],[39.6402,-0.4705],[39.6409,-0.4709],[39.6408,-0.4714],[39.6413,-0.4721],[39.6413,-0.473],[39.6393,-0.4746],[39.6394,-0.4764],[39.6414,-0.4771],[39.6418,-0.4783],[39.6428,-0.4778],[39.6446,-0.4807],[39.6463,-0.4803],[39.6474,-0.4814],[39.646,-0.4824],[39.6471,-0.4835],[39.6467,-0.4858],[39.648,-0.4862],[39.6487,-0.4845],[39.649,-0.4845],[39.6489,-0.4858],[39.6506,-0.4864],[39.649,-0.4874],[39.6498,-0.488],[39.6502,-0.4874],[39.6524,-0.4914],[39.6553,-0.4915],[39.6559,-0.49],[39.6567,-0.49],[39.6566,-0.4918],[39.6588,-0.4905],[39.6615,-0.4909],[39.6621,-0.493],[39.6614,-0.494],[39.6629,-0.4945],[39.6616,-0.4965],[39.6626,-0.4965],[39.6634,-0.4981],[39.6628,-0.5002],[39.6648,-0.501],[39.6653,-0.4997],[39.6674,-0.4996],[39.6725,-0.5056],[39.681,-0.511],[39.6804,-0.512],[39.6816,-0.5141],[39.6825,-0.514],[39.6819,-0.5149],[39.6836,-0.5179],[39.6796,-0.5115],[39.6809,-0.5162],[39.6818,-0.5163],[39.6814,-0.5173],[39.6822,-0.5172],[39.6832,-0.5189],[39.6792,-0.5223],[39.6827,-0.5205],[39.6838,-0.5185],[39.6845,-0.5198],[39.6836,-0.5204],[39.6842,-0.5216],[39.6851,-0.5207],[39.6853,-0.5223],[39.6846,-0.5227],[39.6856,-0.5245],[39.6869,-0.5247],[39.687,-0.5239],[39.6864,-0.5242],[39.6867,-0.5231],[39.6855,-0.5222],[39.687,-0.5229],[39.6895,-0.5227],[39.6876,-0.5252],[39.6909,-0.5252],[39.6907,-0.5282],[39.6922,-0.5281],[39.6932,-0.5293],[39.6941,-0.5334],[39.6963,-0.5347],[39.6956,-0.5349],[39.696,-0.5358],[39.6968,-0.5353],[39.6964,-0.5369],[39.6982,-0.5374],[39.6969,-0.5394],[39.6987,-0.5385],[39.7034,-0.5433],[39.7074,-0.5514],[39.7075,-0.5532],[39.7063,-0.5542],[39.7071,-0.5545],[39.7078,-0.5576],[39.7067,-0.5569],[39.7067,-0.5584],[39.7085,-0.5584],[39.7073,-0.5594],[39.7087,-0.5597],[39.7079,-0.5604],[39.7082,-0.562],[39.7067,-0.5623],[39.7072,-0.5643],[39.7098,-0.5651],[39.7103,-0.5642],[39.7109,-0.5661],[39.7109,-0.5653],[39.7128,-0.5656],[39.7155,-0.5676],[39.7178,-0.5674],[39.7182,-0.5686],[39.7201,-0.5682],[39.7202,-0.5698],[39.7207,-0.5683],[39.7227,-0.568],[39.7231,-0.569],[39.7242,-0.5684],[39.7245,-0.5705],[39.7259,-0.5702],[39.7266,-0.5688],[39.726,-0.568],[39.7308,-0.571],[39.7349,-0.5767],[39.7356,-0.582],[39.7346,-0.5844],[39.7369,-0.5851],[39.7367,-0.5869],[39.7377,-0.5874],[39.7389,-0.5869],[39.7385,-0.5852],[39.7402,-0.5867],[39.7427,-0.5865],[39.7425,-0.5874],[39.7455,-0.5911],[39.7434,-0.5935],[39.7438,-0.5907],[39.7416,-0.5888],[39.7399,-0.5891],[39.7394,-0.5903],[39.7313,-0.591],[39.7272,-0.591],[39.7218,-0.5905],[39.7197,-0.5901],[39.7185,-0.5887],[39.7157,-0.5891],[39.7127,-0.5882],[39.7132,-0.5848],[39.7126,-0.5843],[39.7114,-0.5853],[39.7118,-0.5868],[39.7114,-0.5877],[39.7108,-0.5875],[39.7109,-0.5849],[39.7085,-0.5848],[39.7078,-0.5841],[39.7092,-0.5843],[39.7082,-0.5832],[39.7087,-0.5817],[39.708,-0.581],[39.7097,-0.581],[39.7106,-0.5798],[39.7082,-0.5779],[39.7075,-0.5786],[39.7076,-0.5772],[39.7067,-0.5773],[39.7072,-0.5764],[39.706,-0.5766],[39.707,-0.5799],[39.7048,-0.5808],[39.7057,-0.5787],[39.7049,-0.5799],[39.704,-0.5771],[39.701,-0.5821],[39.6972,-0.5793],[39.6985,-0.579],[39.6964,-0.5785],[39.6968,-0.577],[39.6958,-0.5776],[39.6958,-0.5765],[39.6943,-0.5766],[39.6901,-0.5716],[39.6909,-0.5711],[39.6911,-0.5688],[39.6901,-0.5685],[39.69,-0.5644],[39.6905,-0.5636],[39.6936,-0.5632],[39.6911,-0.5627],[39.6906,-0.5613],[39.6963,-0.5618],[39.6976,-0.5613],[39.6977,-0.5607],[39.696,-0.5614],[39.6929,-0.5598],[39.6903,-0.5599],[39.6927,-0.5592],[39.6906,-0.5593],[39.6907,-0.5571],[39.6917,-0.5565],[39.6902,-0.5565],[39.6887,-0.5623],[39.6897,-0.571],[39.6891,-0.5695],[39.6889,-0.57],[39.6878,-0.5683],[39.6865,-0.566],[39.6875,-0.5659],[39.6879,-0.5642],[39.6855,-0.5643],[39.6847,-0.5625],[39.6874,-0.5623],[39.6869,-0.5637],[39.6878,-0.564],[39.6899,-0.5527],[39.6887,-0.5513],[39.6861,-0.5519],[39.6849,-0.5534],[39.6843,-0.5572],[39.6831,-0.5581],[39.6835,-0.5535],[39.6846,-0.551],[39.6837,-0.5519],[39.683,-0.5507],[39.6825,-0.5521],[39.6816,-0.5522],[39.6805,-0.5494],[39.6812,-0.5489],[39.6801,-0.5487],[39.6816,-0.548],[39.6802,-0.5479],[39.6803,-0.5461],[39.6817,-0.544],[39.6814,-0.5423],[39.6826,-0.5414],[39.6799,-0.5386],[39.6821,-0.5352],[39.6804,-0.5351],[39.6792,-0.5381],[39.6759,-0.5412],[39.6756,-0.5403],[39.6769,-0.5398],[39.6754,-0.5394],[39.6757,-0.5376],[39.6734,-0.5385],[39.6743,-0.5367],[39.6723,-0.5373],[39.6725,-0.5357],[39.6711,-0.5352],[39.6716,-0.5381],[39.6714,-0.5394],[39.6697,-0.5376],[39.6699,-0.5349],[39.6688,-0.532],[39.6634,-0.528],[39.6625,-0.5268],[39.6632,-0.5262],[39.6609,-0.5246],[39.659,-0.5249],[39.6579,-0.5267],[39.6575,-0.5291],[39.6591,-0.5291],[39.658,-0.5297],[39.6584,-0.532],[39.6596,-0.531],[39.6599,-0.5316],[39.6586,-0.5327],[39.6593,-0.5337],[39.6576,-0.5348],[39.6564,-0.5323],[39.6573,-0.5321],[39.6575,-0.53],[39.6539,-0.5295],[39.6526,-0.5274],[39.6526,-0.5267],[39.6537,-0.5271],[39.653,-0.5254],[39.6479,-0.5214],[39.6501,-0.5205],[39.6506,-0.5221],[39.6516,-0.522],[39.6517,-0.521],[39.6514,-0.5179],[39.6515,-0.5175],[39.6506,-0.5158],[39.6474,-0.5157],[39.647,-0.5169],[39.6486,-0.5176],[39.6485,-0.5186],[39.6472,-0.5179],[39.6472,-0.5196],[39.646,-0.5209],[39.6435,-0.52],[39.6423,-0.5214],[39.642,-0.52],[39.6418,-0.5208],[39.6405,-0.5198],[39.64,-0.5202],[39.6391,-0.5201],[39.639,-0.519],[39.6362,-0.5176],[39.6362,-0.5165],[39.6359,-0.5174],[39.6365,-0.5109],[39.6379,-0.5092],[39.6362,-0.5081],[39.6374,-0.5063],[39.6349,-0.5062],[39.6366,-0.505],[39.6399,-0.505],[39.6392,-0.5026],[39.6405,-0.5032],[39.6402,-0.5015],[39.6413,-0.5017],[39.6404,-0.5007],[39.6412,-0.5001],[39.635,-0.5008],[39.634,-0.499],[39.6317,-0.4985],[39.63,-0.4955],[39.6305,-0.4918],[39.6298,-0.4918],[39.6295,-0.4958],[39.6307,-0.4985],[39.6302,-0.4988],[39.629,-0.495],[39.6294,-0.4888],[39.6268,-0.4861],[39.6268,-0.4847],[39.6254,-0.4858],[39.6212,-0.4832],[39.6194,-0.4835],[39.6167,-0.4823],[39.617,-0.4761],[39.6178,-0.475],[39.619,-0.4753],[39.6197,-0.4732],[39.6189,-0.4724],[39.6178,-0.4729],[39.6176,-0.4711],[39.6139,-0.469],[39.6147,-0.4679],[39.6161,-0.468],[39.6183,-0.467],[39.6128,-0.4672],[39.6116,-0.4637],[39.6122,-0.4601],[39.6135,-0.4594],[39.613,-0.4578],[39.6086,-0.4576],[39.6077,-0.4555],[39.6047,-0.4541],[39.6017,-0.4505],[39.6009,-0.4471],[39.6017,-0.4466],[39.6018,-0.4478],[39.6027,-0.4483],[39.6023,-0.4456],[39.6035,-0.4447],[39.6018,-0.4447],[39.5999,-0.4382],[39.6025,-0.4381],[39.6001,-0.4375],[39.6008,-0.4363],[39.5999,-0.4364],[39.5995,-0.4352],[39.5975,-0.4349],[39.5965,-0.4308],[39.5947,-0.4285],[39.5953,-0.4277],[39.5967,-0.4293],[39.5978,-0.4285],[39.5979,-0.4304],[39.597,-0.4309],[39.5999,-0.4308],[39.6002,-0.4295],[39.601,-0.4308],[39.6022,-0.4299],[39.5983,-0.4285],[39.5979,-0.4269],[39.596,-0.4265],[39.5947,-0.4273],[39.5944,-0.4258],[39.593,-0.4254],[39.5937,-0.4243],[39.593,-0.4234],[39.5926,-0.4246],[39.5929,-0.4223],[39.5946,-0.4245],[39.5952,-0.4241],[39.5944,-0.4217],[39.5932,-0.4216],[39.5938,-0.4175],[39.5929,-0.4161],[39.5937,-0.4125],[39.5955,-0.4114],[39.5953,-0.4088],[39.5973,-0.4077],[39.5977,-0.4086],[39.5963,-0.4092],[39.5983,-0.4109],[39.5967,-0.411],[39.5968,-0.4116],[39.5993,-0.4124],[39.5995,-0.4139],[39.6011,-0.4143],[39.6004,-0.415],[39.6009,-0.4172],[39.5988,-0.4162],[39.5981,-0.4168],[39.5989,-0.4203],[39.5999,-0.419],[39.5998,-0.4209],[39.602,-0.4204],[39.5999,-0.4215],[39.5993,-0.4233],[39.6034,-0.4229],[39.6029,-0.421],[39.6061,-0.419],[39.6076,-0.4198],[39.6059,-0.4201],[39.606,-0.4212],[39.6094,-0.422]],[[39.6814,-0.5173],[39.6811,-0.5176],[39.6813,-0.5177],[39.6814,-0.5173]],[[39.6392,-0.5195],[39.6395,-0.52],[39.6395,-0.5195],[39.6392,-0.5195]],[[39.6183,-0.467],[39.619,-0.4667],[39.6183,-0.4669],[39.6183,-0.467]],[[39.7445,-0.5917],[39.7448,-0.591],[39.744,-0.5915],[39.7445,-0.5917]],[[39.7437,-0.5903],[39.7437,-0.5905],[39.744,-0.5905],[39.7437,-0.5903]],[[39.7445,-0.5907],[39.744,-0.591],[39.7445,-0.591],[39.7445,-0.5907]],[[39.741,-0.588],[39.7407,-0.588],[39.741,-0.5883],[39.741,-0.588]],[[39.74,-0.5883],[39.7403,-0.5883],[39.7403,-0.588],[39.74,-0.5883]],[[39.7403,-0.588],[39.7405,-0.5877],[39.7403,-0.5877],[39.7403,-0.588]],[[39.7388,-0.5885],[39.7392,-0.5885],[39.7388,-0.5883],[39.7388,-0.5885]],[[39.7385,-0.5882],[39.7387,-0.5875],[39.7382,-0.5881],[39.7385,-0.5882]],[[39.7379,-0.5895],[39.7378,-0.5888],[39.7376,-0.5898],[39.7379,-0.5895]],[[39.7377,-0.588],[39.7377,-0.588],[39.7378,-0.5886],[39.7377,-0.588]],[[39.7373,-0.5887],[39.7369,-0.588],[39.7371,-0.5887],[39.7373,-0.5887]],[[39.7358,-0.5853],[39.7356,-0.5849],[39.7355,-0.5854],[39.7358,-0.5853]],[[39.7358,-0.5858],[39.7348,-0.5856],[39.735,-0.5862],[39.7358,-0.5858]],[[39.7344,-0.5856],[39.7346,-0.5855],[39.7344,-0.5851],[39.7344,-0.5856]],[[39.7338,-0.5855],[39.7339,-0.5855],[39.7337,-0.5851],[39.7338,-0.5855]],[[39.7338,-0.5843],[39.7337,-0.5843],[39.7338,-0.5844],[39.7338,-0.5843]],[[39.7332,-0.5851],[39.7333,-0.5851],[39.7332,-0.585],[39.7332,-0.5851]],[[39.7305,-0.5714],[39.7302,-0.573],[39.733,-0.5741],[39.7305,-0.5714]],[[39.7315,-0.5859],[39.7317,-0.5859],[39.7315,-0.5858],[39.7315,-0.5859]],[[39.7315,-0.5857],[39.7315,-0.5857],[39.7315,-0.5856],[39.7315,-0.5857]],[[39.7296,-0.5709],[39.7296,-0.5715],[39.7299,-0.5714],[39.7296,-0.5709]],[[39.7295,-0.5707],[39.729,-0.5708],[39.7294,-0.5708],[39.7295,-0.5707]],[[39.7285,-0.5786],[39.7281,-0.5787],[39.7287,-0.579],[39.7285,-0.5786]],[[39.7277,-0.5838],[39.7276,-0.5834],[39.7271,-0.5841],[39.7277,-0.5838]],[[39.7271,-0.5909],[39.7272,-0.5909],[39.7271,-0.5907],[39.7271,-0.5909]],[[39.727,-0.5843],[39.7266,-0.5842],[39.7268,-0.5847],[39.727,-0.5843]],[[39.7261,-0.579],[39.7267,-0.5787],[39.7261,-0.5788],[39.7261,-0.579]],[[39.7266,-0.5763],[39.726,-0.5766],[39.7263,-0.5767],[39.7266,-0.5763]],[[39.7261,-0.586],[39.7253,-0.5869],[39.7255,-0.5879],[39.7264,-0.5876],[39.7261,-0.586]],[[39.7228,-0.5735],[39.7235,-0.574],[39.7231,-0.5734],[39.7228,-0.5735]],[[39.7226,-0.5746],[39.7213,-0.5758],[39.7219,-0.5774],[39.7228,-0.5774],[39.7226,-0.5746]],[[39.7231,-0.5751],[39.723,-0.5751],[39.7231,-0.5752],[39.7231,-0.5751]],[[39.7227,-0.5733],[39.723,-0.5725],[39.7221,-0.5727],[39.7227,-0.5733]],[[39.7219,-0.5741],[39.7224,-0.5746],[39.7224,-0.574],[39.7219,-0.5741]],[[39.7219,-0.5713],[39.7215,-0.5712],[39.7217,-0.5719],[39.7219,-0.5713]],[[39.7216,-0.5723],[39.7207,-0.5725],[39.721,-0.5729],[39.7216,-0.5723]],[[39.7212,-0.5793],[39.721,-0.5793],[39.7213,-0.5795],[39.7212,-0.5793]],[[39.7212,-0.5747],[39.7209,-0.5747],[39.7209,-0.5755],[39.7212,-0.5747]],[[39.7211,-0.5761],[39.721,-0.5759],[39.7209,-0.5762],[39.7211,-0.5761]],[[39.718,-0.5746],[39.7198,-0.5757],[39.7208,-0.5739],[39.7198,-0.5742],[39.7192,-0.5733],[39.7191,-0.5743],[39.718,-0.5746]],[[39.7207,-0.5735],[39.7206,-0.5735],[39.7207,-0.5736],[39.7207,-0.5735]],[[39.7207,-0.5762],[39.7203,-0.5763],[39.7206,-0.5765],[39.7207,-0.5762]],[[39.7205,-0.572],[39.7202,-0.5725],[39.7206,-0.5724],[39.7205,-0.572]],[[39.7204,-0.5783],[39.7206,-0.578],[39.7203,-0.5781],[39.7204,-0.5783]],[[39.7202,-0.5729],[39.7203,-0.5729],[39.7202,-0.5728],[39.7202,-0.5729]],[[39.7201,-0.581],[39.7199,-0.5811],[39.7202,-0.5814],[39.7201,-0.581]],[[39.7193,-0.5719],[39.7193,-0.573],[39.7199,-0.5727],[39.7193,-0.5719]],[[39.7192,-0.5723],[39.7184,-0.5725],[39.7191,-0.5726],[39.7192,-0.5723]],[[39.7181,-0.5785],[39.7181,-0.5787],[39.7182,-0.5786],[39.7181,-0.5785]],[[39.7181,-0.571],[39.7169,-0.5712],[39.718,-0.5713],[39.7181,-0.571]],[[39.7172,-0.5876],[39.7171,-0.588],[39.718,-0.5878],[39.7172,-0.5876]],[[39.7177,-0.5678],[39.7172,-0.5682],[39.7175,-0.5683],[39.7177,-0.5678]],[[39.7171,-0.5801],[39.7176,-0.5794],[39.7172,-0.5793],[39.7171,-0.5801]],[[39.7172,-0.579],[39.7172,-0.5792],[39.7172,-0.5791],[39.7172,-0.579]],[[39.716,-0.5886],[39.7168,-0.588],[39.7154,-0.5882],[39.716,-0.5886]],[[39.7155,-0.5717],[39.7155,-0.572],[39.7158,-0.5717],[39.7155,-0.5717]],[[39.715,-0.5759],[39.7154,-0.5755],[39.715,-0.5756],[39.715,-0.5759]],[[39.7153,-0.577],[39.7151,-0.577],[39.7153,-0.5771],[39.7153,-0.577]],[[39.7151,-0.5726],[39.7152,-0.5726],[39.7151,-0.5726],[39.7151,-0.5726]],[[39.715,-0.5764],[39.7148,-0.5765],[39.715,-0.5766],[39.715,-0.5764]],[[39.7145,-0.5774],[39.7148,-0.5768],[39.7145,-0.5771],[39.7145,-0.5774]],[[39.7139,-0.5727],[39.7144,-0.5725],[39.7138,-0.5723],[39.7139,-0.5727]],[[39.7135,-0.5731],[39.7139,-0.5732],[39.7136,-0.5727],[39.7135,-0.5731]],[[39.7139,-0.5732],[39.7144,-0.5733],[39.7144,-0.5731],[39.7139,-0.5732]],[[39.7133,-0.584],[39.7139,-0.5836],[39.7133,-0.5835],[39.7133,-0.584]],[[39.7136,-0.5774],[39.7136,-0.5779],[39.7138,-0.5778],[39.7136,-0.5774]],[[39.713,-0.5763],[39.7137,-0.5761],[39.7133,-0.576],[39.713,-0.5763]],[[39.7129,-0.5813],[39.7134,-0.5821],[39.713,-0.5811],[39.7129,-0.5813]],[[39.7129,-0.5768],[39.7131,-0.5773],[39.7132,-0.5768],[39.7129,-0.5768]],[[39.713,-0.5845],[39.7129,-0.5845],[39.713,-0.5846],[39.713,-0.5845]],[[39.7127,-0.5784],[39.7111,-0.5785],[39.711,-0.5791],[39.712,-0.5797],[39.7127,-0.5784]],[[39.7125,-0.5807],[39.7123,-0.5808],[39.7126,-0.5812],[39.7125,-0.5807]],[[39.7119,-0.5723],[39.712,-0.5723],[39.7118,-0.572],[39.7119,-0.5723]],[[39.7105,-0.5837],[39.7119,-0.5825],[39.709,-0.5821],[39.7105,-0.5837]],[[39.7118,-0.5758],[39.7117,-0.5758],[39.7118,-0.576],[39.7118,-0.5758]],[[39.7111,-0.5857],[39.7115,-0.5865],[39.7114,-0.5858],[39.7111,-0.5857]],[[39.7108,-0.5809],[39.7104,-0.5805],[39.7102,-0.5821],[39.7108,-0.5809]],[[39.7109,-0.5772],[39.7111,-0.5772],[39.7109,-0.5768],[39.7109,-0.5772]],[[39.7108,-0.5784],[39.7107,-0.5783],[39.7105,-0.5785],[39.7108,-0.5784]],[[39.7107,-0.5801],[39.7108,-0.5801],[39.7107,-0.5799],[39.7107,-0.5801]],[[39.7106,-0.5788],[39.7102,-0.579],[39.7106,-0.5791],[39.7106,-0.5788]],[[39.7101,-0.5777],[39.7105,-0.5764],[39.709,-0.5763],[39.7101,-0.5777]],[[39.7095,-0.571],[39.7098,-0.571],[39.7096,-0.5707],[39.7095,-0.571]],[[39.7086,-0.5729],[39.7088,-0.573],[39.7086,-0.5728],[39.7086,-0.5729]],[[39.7078,-0.5747],[39.7077,-0.5762],[39.7085,-0.5756],[39.7078,-0.5747]],[[39.708,-0.572],[39.708,-0.5722],[39.7081,-0.572],[39.708,-0.572]],[[39.7078,-0.5615],[39.7074,-0.5616],[39.7077,-0.5618],[39.7078,-0.5615]],[[39.7067,-0.5759],[39.7075,-0.5756],[39.7068,-0.5756],[39.7067,-0.5759]],[[39.7073,-0.5521],[39.7071,-0.5517],[39.7068,-0.5522],[39.7073,-0.5521]],[[39.7066,-0.5719],[39.7072,-0.5714],[39.7067,-0.5714],[39.7066,-0.5719]],[[39.7008,-0.5635],[39.6995,-0.5642],[39.7008,-0.5624],[39.7001,-0.5623],[39.6993,-0.5643],[39.6955,-0.5679],[39.6954,-0.5707],[39.6966,-0.5683],[39.6981,-0.5682],[39.7004,-0.57],[39.7015,-0.569],[39.7022,-0.5699],[39.703,-0.5689],[39.7038,-0.57],[39.7057,-0.5702],[39.7047,-0.5685],[39.702,-0.5681],[39.7023,-0.5656],[39.7008,-0.5635]],[[39.7058,-0.58],[39.7056,-0.5801],[39.7058,-0.5803],[39.7058,-0.58]],[[39.7053,-0.5765],[39.7053,-0.577],[39.7057,-0.5768],[39.7053,-0.5765]],[[39.7053,-0.5712],[39.7053,-0.571],[39.7051,-0.5712],[39.7053,-0.5712]],[[39.704,-0.5652],[39.7033,-0.5644],[39.7023,-0.5649],[39.7031,-0.566],[39.704,-0.5652]],[[39.7035,-0.5444],[39.7031,-0.5443],[39.7034,-0.5447],[39.7035,-0.5444]],[[39.7034,-0.5705],[39.7025,-0.5698],[39.7006,-0.5711],[39.7019,-0.5717],[39.7034,-0.5705]],[[39.7023,-0.5425],[39.702,-0.5443],[39.7033,-0.544],[39.7023,-0.5425]],[[39.7028,-0.5663],[39.7023,-0.5666],[39.7027,-0.5666],[39.7028,-0.5663]],[[39.7025,-0.5451],[39.7026,-0.5445],[39.7022,-0.5444],[39.7025,-0.5451]],[[39.7017,-0.5695],[39.7019,-0.5695],[39.7017,-0.5694],[39.7017,-0.5695]],[[39.7016,-0.5491],[39.7014,-0.5491],[39.7016,-0.5492],[39.7016,-0.5491]],[[39.6994,-0.5423],[39.7016,-0.5424],[39.7014,-0.5413],[39.6994,-0.5423]],[[39.7015,-0.5584],[39.7011,-0.5582],[39.7013,-0.5584],[39.7015,-0.5584]],[[39.7008,-0.562],[39.701,-0.5617],[39.7007,-0.5617],[39.7008,-0.562]],[[39.6975,-0.5721],[39.7003,-0.5725],[39.6987,-0.5692],[39.6966,-0.5698],[39.6938,-0.5748],[39.6975,-0.5721]],[[39.7002,-0.5621],[39.7001,-0.5621],[39.7002,-0.5622],[39.7002,-0.5621]],[[39.6993,-0.579],[39.6991,-0.5789],[39.6993,-0.5791],[39.6993,-0.579]],[[39.6983,-0.5391],[39.6984,-0.5391],[39.6983,-0.539],[39.6983,-0.5391]],[[39.6979,-0.5599],[39.6979,-0.5597],[39.6977,-0.5599],[39.6979,-0.5599]],[[39.6978,-0.5772],[39.6978,-0.5765],[39.6974,-0.5779],[39.6978,-0.5772]],[[39.6978,-0.5784],[39.6977,-0.5784],[39.6978,-0.5784],[39.6978,-0.5784]],[[39.6977,-0.5404],[39.6974,-0.5407],[39.6977,-0.5409],[39.6977,-0.5404]],[[39.6942,-0.5682],[39.6951,-0.5688],[39.6951,-0.5682],[39.6942,-0.5682]],[[39.6948,-0.5606],[39.6947,-0.5606],[39.6948,-0.5607],[39.6948,-0.5606]],[[39.6942,-0.566],[39.6944,-0.5659],[39.6941,-0.5655],[39.6942,-0.566]],[[39.6941,-0.5335],[39.6939,-0.5335],[39.6941,-0.5337],[39.6941,-0.5335]],[[39.6936,-0.5694],[39.6917,-0.5706],[39.6933,-0.5701],[39.6936,-0.5694]],[[39.691,-0.5561],[39.6933,-0.5547],[39.6918,-0.5536],[39.6915,-0.5556],[39.691,-0.5561]],[[39.6926,-0.5528],[39.6915,-0.551],[39.6922,-0.5533],[39.6926,-0.5528]],[[39.6925,-0.5581],[39.6921,-0.5579],[39.6922,-0.5582],[39.6925,-0.5581]],[[39.6924,-0.5481],[39.6918,-0.5486],[39.6922,-0.5489],[39.6924,-0.5481]],[[39.6915,-0.5588],[39.6922,-0.5583],[39.6917,-0.5583],[39.6915,-0.5588]],[[39.6921,-0.5571],[39.692,-0.5571],[39.6921,-0.5572],[39.6921,-0.5571]],[[39.6917,-0.5648],[39.692,-0.5649],[39.6918,-0.5646],[39.6917,-0.5648]],[[39.6914,-0.5692],[39.692,-0.5692],[39.6915,-0.569],[39.6914,-0.5692]],[[39.6918,-0.5479],[39.6909,-0.5479],[39.6911,-0.5485],[39.6918,-0.5479]],[[39.6916,-0.5443],[39.6918,-0.5443],[39.6916,-0.5441],[39.6916,-0.5443]],[[39.6914,-0.5504],[39.6909,-0.5503],[39.6914,-0.5507],[39.6914,-0.5504]],[[39.6912,-0.5557],[39.6912,-0.5555],[39.691,-0.5557],[39.6912,-0.5557]],[[39.6898,-0.5492],[39.6911,-0.5495],[39.6906,-0.5488],[39.6898,-0.5492]],[[39.6901,-0.5469],[39.6907,-0.5461],[39.6901,-0.5466],[39.6901,-0.5469]],[[39.6905,-0.5653],[39.6906,-0.5653],[39.6904,-0.5651],[39.6905,-0.5653]],[[39.6897,-0.5573],[39.6897,-0.557],[39.6895,-0.5573],[39.6897,-0.5573]],[[39.6891,-0.5494],[39.6897,-0.5488],[39.6893,-0.5486],[39.6891,-0.5494]],[[39.6896,-0.548],[39.6896,-0.5474],[39.6893,-0.5475],[39.6896,-0.548]],[[39.6895,-0.559],[39.6895,-0.5587],[39.6893,-0.559],[39.6895,-0.559]],[[39.6894,-0.5274],[39.689,-0.5274],[39.6894,-0.5275],[39.6894,-0.5274]],[[39.6888,-0.5487],[39.6891,-0.5481],[39.6889,-0.5481],[39.6888,-0.5487]],[[39.689,-0.5667],[39.6887,-0.5667],[39.689,-0.567],[39.689,-0.5667]],[[39.6889,-0.5263],[39.6881,-0.526],[39.6883,-0.5267],[39.6889,-0.5263]],[[39.6889,-0.5681],[39.6888,-0.5681],[39.6889,-0.5684],[39.6889,-0.5681]],[[39.6887,-0.5503],[39.6885,-0.5503],[39.6887,-0.5505],[39.6887,-0.5503]],[[39.6885,-0.5657],[39.6885,-0.566],[39.6887,-0.5657],[39.6885,-0.5657]],[[39.6881,-0.5653],[39.6872,-0.5672],[39.6887,-0.5681],[39.6881,-0.5653]],[[39.6882,-0.5645],[39.6885,-0.5653],[39.6885,-0.5645],[39.6882,-0.5645]],[[39.688,-0.5508],[39.6885,-0.5506],[39.688,-0.5506],[39.688,-0.5508]],[[39.6882,-0.55],[39.688,-0.55],[39.6882,-0.5503],[39.6882,-0.55]],[[39.6871,-0.5454],[39.6877,-0.5443],[39.6866,-0.545],[39.6871,-0.5454]],[[39.6847,-0.5471],[39.686,-0.5481],[39.687,-0.5465],[39.6855,-0.5462],[39.6847,-0.5471]],[[39.6868,-0.5455],[39.6866,-0.5456],[39.6868,-0.5458],[39.6868,-0.5455]],[[39.6862,-0.549],[39.6864,-0.549],[39.6862,-0.549],[39.6862,-0.549]],[[39.6856,-0.55],[39.6856,-0.5497],[39.6854,-0.5501],[39.6856,-0.55]],[[39.6853,-0.5443],[39.6854,-0.5444],[39.6853,-0.5443],[39.6853,-0.5443]],[[39.6845,-0.5527],[39.6845,-0.553],[39.6848,-0.5527],[39.6845,-0.5527]],[[39.6843,-0.5222],[39.6846,-0.5222],[39.6844,-0.5219],[39.6843,-0.5222]],[[39.6845,-0.554],[39.6842,-0.554],[39.6845,-0.5543],[39.6845,-0.554]],[[39.6838,-0.5425],[39.6841,-0.543],[39.6844,-0.5426],[39.6838,-0.5425]],[[39.6844,-0.5358],[39.6842,-0.5358],[39.6844,-0.5359],[39.6844,-0.5358]],[[39.6836,-0.5492],[39.684,-0.5492],[39.6836,-0.549],[39.6836,-0.5492]],[[39.6835,-0.5339],[39.6835,-0.5324],[39.6829,-0.532],[39.6828,-0.5338],[39.6835,-0.5339]],[[39.6761,-0.5314],[39.6781,-0.532],[39.676,-0.5327],[39.6767,-0.5333],[39.6753,-0.5347],[39.676,-0.5358],[39.6779,-0.5352],[39.6767,-0.5336],[39.6786,-0.5338],[39.6794,-0.5327],[39.6815,-0.5325],[39.6813,-0.531],[39.6824,-0.5315],[39.6833,-0.5301],[39.6823,-0.5305],[39.6818,-0.5297],[39.6801,-0.531],[39.6773,-0.53],[39.6761,-0.5314]],[[39.6832,-0.5317],[39.683,-0.5317],[39.6832,-0.5318],[39.6832,-0.5317]],[[39.6831,-0.5433],[39.6831,-0.5435],[39.6832,-0.5433],[39.6831,-0.5433]],[[39.6828,-0.5346],[39.6827,-0.5346],[39.6828,-0.5347],[39.6828,-0.5346]],[[39.6826,-0.548],[39.6816,-0.5483],[39.6825,-0.5482],[39.6826,-0.548]],[[39.6807,-0.5334],[39.6814,-0.5347],[39.6821,-0.5345],[39.6822,-0.5324],[39.6807,-0.5334]],[[39.6819,-0.5218],[39.682,-0.5218],[39.6818,-0.5215],[39.6819,-0.5218]],[[39.6819,-0.543],[39.682,-0.543],[39.6819,-0.5429],[39.6819,-0.543]],[[39.6812,-0.546],[39.6816,-0.5457],[39.6812,-0.5457],[39.6812,-0.546]],[[39.6804,-0.5192],[39.6808,-0.5186],[39.6806,-0.5187],[39.6804,-0.5192]],[[39.6799,-0.5151],[39.6793,-0.5163],[39.6807,-0.516],[39.6799,-0.5151]],[[39.6781,-0.537],[39.6791,-0.5365],[39.6782,-0.5366],[39.6781,-0.537]],[[39.679,-0.5231],[39.6789,-0.5231],[39.679,-0.5232],[39.679,-0.5231]],[[39.6788,-0.5376],[39.6777,-0.538],[39.6777,-0.5386],[39.6788,-0.5376]],[[39.6787,-0.5097],[39.6785,-0.5097],[39.6787,-0.5098],[39.6787,-0.5097]],[[39.6783,-0.5182],[39.6787,-0.5172],[39.6782,-0.5177],[39.6783,-0.5182]],[[39.678,-0.5117],[39.6782,-0.5106],[39.6746,-0.5133],[39.6734,-0.513],[39.6743,-0.5139],[39.6732,-0.5153],[39.678,-0.5117]],[[39.6773,-0.5233],[39.6778,-0.5236],[39.6783,-0.523],[39.6773,-0.5233]],[[39.6778,-0.5165],[39.6781,-0.5163],[39.6778,-0.516],[39.6778,-0.5165]],[[39.6776,-0.5192],[39.6781,-0.519],[39.6778,-0.5186],[39.6776,-0.5192]],[[39.6779,-0.5358],[39.6776,-0.5365],[39.678,-0.5363],[39.6779,-0.5358]],[[39.6776,-0.538],[39.6773,-0.537],[39.6771,-0.538],[39.6776,-0.538]],[[39.6695,-0.5153],[39.6692,-0.5195],[39.671,-0.5177],[39.6717,-0.5203],[39.6733,-0.5192],[39.6747,-0.5201],[39.6745,-0.5191],[39.6771,-0.5233],[39.6757,-0.519],[39.6771,-0.5194],[39.6773,-0.5174],[39.676,-0.5186],[39.6753,-0.5184],[39.6756,-0.5176],[39.6746,-0.5184],[39.6728,-0.5158],[39.6728,-0.5172],[39.6717,-0.5159],[39.6701,-0.5166],[39.6697,-0.5158],[39.6705,-0.5151],[39.6695,-0.5153]],[[39.6771,-0.5233],[39.6772,-0.5233],[39.6772,-0.5233],[39.6771,-0.5233]],[[39.6772,-0.5233],[39.6773,-0.5234],[39.6773,-0.5233],[39.6772,-0.5233]],[[39.6765,-0.537],[39.6767,-0.5371],[39.6766,-0.5368],[39.6765,-0.537]],[[39.6766,-0.5095],[39.6764,-0.5095],[39.6766,-0.5097],[39.6766,-0.5095]],[[39.6758,-0.5173],[39.6759,-0.5173],[39.6758,-0.5172],[39.6758,-0.5173]],[[39.6755,-0.5085],[39.6753,-0.5085],[39.6755,-0.5088],[39.6755,-0.5085]],[[39.6752,-0.5168],[39.6753,-0.5164],[39.6749,-0.5166],[39.6752,-0.5168]],[[39.6751,-0.5091],[39.675,-0.5091],[39.6751,-0.5091],[39.6751,-0.5091]],[[39.6751,-0.521],[39.6749,-0.5204],[39.6748,-0.5207],[39.6751,-0.521]],[[39.6744,-0.511],[39.6747,-0.5107],[39.6733,-0.511],[39.6744,-0.511]],[[39.6742,-0.512],[39.6746,-0.5129],[39.6747,-0.512],[39.6742,-0.512]],[[39.6739,-0.5348],[39.6734,-0.5361],[39.6746,-0.5358],[39.6739,-0.5348]],[[39.6743,-0.5278],[39.6739,-0.5277],[39.6743,-0.5281],[39.6743,-0.5278]],[[39.6739,-0.53],[39.6717,-0.5311],[39.6722,-0.532],[39.6739,-0.53]],[[39.6736,-0.5211],[39.6739,-0.5211],[39.6736,-0.5209],[39.6736,-0.5211]],[[39.6739,-0.5272],[39.6735,-0.5274],[39.6738,-0.5275],[39.6739,-0.5272]],[[39.6736,-0.5213],[39.6732,-0.5217],[39.6736,-0.5217],[39.6736,-0.5213]],[[39.6713,-0.5325],[39.6687,-0.5296],[39.6706,-0.5339],[39.6719,-0.5343],[39.6715,-0.5329],[39.6726,-0.5343],[39.6728,-0.5326],[39.6713,-0.5325]],[[39.6724,-0.5123],[39.6723,-0.5115],[39.6728,-0.5128],[39.6724,-0.5123]],[[39.6724,-0.5114],[39.6724,-0.5115],[39.6725,-0.5114],[39.6724,-0.5114]],[[39.6717,-0.5098],[39.6722,-0.5097],[39.6718,-0.5095],[39.6717,-0.5098]],[[39.6716,-0.512],[39.6716,-0.5116],[39.6714,-0.5118],[39.6716,-0.512]],[[39.6711,-0.509],[39.6696,-0.5088],[39.6692,-0.5101],[39.671,-0.512],[39.6711,-0.509]],[[39.6715,-0.5062],[39.6706,-0.5058],[39.6702,-0.5076],[39.671,-0.5077],[39.6715,-0.5062]],[[39.6715,-0.53],[39.6712,-0.53],[39.6714,-0.5301],[39.6715,-0.53]],[[39.6713,-0.5386],[39.6713,-0.5379],[39.6711,-0.5387],[39.6713,-0.5386]],[[39.6709,-0.5349],[39.671,-0.5349],[39.6709,-0.5348],[39.6709,-0.5349]],[[39.6707,-0.5383],[39.6707,-0.538],[39.6705,-0.5383],[39.6707,-0.5383]],[[39.6701,-0.5057],[39.6705,-0.5056],[39.6701,-0.5054],[39.6701,-0.5057]],[[39.6693,-0.5081],[39.6699,-0.5073],[39.6696,-0.5072],[39.6693,-0.5081]],[[39.6697,-0.5053],[39.6697,-0.5049],[39.6694,-0.5053],[39.6697,-0.5053]],[[39.6686,-0.5168],[39.6658,-0.5174],[39.6649,-0.5201],[39.6658,-0.5205],[39.6652,-0.5195],[39.6685,-0.5188],[39.669,-0.5176],[39.6686,-0.5168]],[[39.6686,-0.5038],[39.6682,-0.5039],[39.6685,-0.504],[39.6686,-0.5038]],[[39.6634,-0.5254],[39.6654,-0.5282],[39.6685,-0.5301],[39.6675,-0.5291],[39.6683,-0.5278],[39.6675,-0.528],[39.6675,-0.5261],[39.6666,-0.526],[39.6669,-0.5246],[39.6644,-0.5268],[39.664,-0.5256],[39.6646,-0.526],[39.6652,-0.5245],[39.6637,-0.5245],[39.6634,-0.5254]],[[39.6683,-0.5203],[39.6682,-0.5205],[39.6684,-0.5205],[39.6683,-0.5203]],[[39.668,-0.5168],[39.668,-0.5168],[39.6679,-0.5168],[39.668,-0.5168]],[[39.668,-0.5165],[39.6681,-0.5168],[39.6683,-0.5165],[39.668,-0.5165]],[[39.6679,-0.5267],[39.6681,-0.526],[39.6678,-0.526],[39.6679,-0.5267]],[[39.668,-0.503],[39.6678,-0.503],[39.668,-0.5033],[39.668,-0.503]],[[39.6678,-0.5029],[39.6676,-0.5024],[39.6672,-0.5028],[39.6678,-0.5029]],[[39.6677,-0.503],[39.6675,-0.503],[39.6677,-0.5031],[39.6677,-0.503]],[[39.6675,-0.525],[39.6675,-0.5246],[39.6672,-0.525],[39.6675,-0.525]],[[39.6675,-0.5007],[39.6666,-0.5003],[39.6659,-0.5006],[39.6662,-0.501],[39.6675,-0.5007]],[[39.6625,-0.5134],[39.6639,-0.5149],[39.6664,-0.5124],[39.665,-0.515],[39.6659,-0.5152],[39.6673,-0.5135],[39.6669,-0.5109],[39.6652,-0.5101],[39.6657,-0.5091],[39.6649,-0.5092],[39.6646,-0.512],[39.6636,-0.5126],[39.6641,-0.5112],[39.6625,-0.5134]],[[39.6668,-0.5016],[39.6667,-0.5016],[39.6668,-0.5017],[39.6668,-0.5016]],[[39.6666,-0.5089],[39.6666,-0.5089],[39.6666,-0.509],[39.6666,-0.5089]],[[39.6664,-0.5024],[39.6663,-0.5024],[39.6664,-0.5026],[39.6664,-0.5024]],[[39.6652,-0.5016],[39.6653,-0.5013],[39.6645,-0.5017],[39.6652,-0.5016]],[[39.665,-0.5022],[39.665,-0.5021],[39.6649,-0.5022],[39.665,-0.5022]],[[39.665,-0.5021],[39.6653,-0.5019],[39.665,-0.5018],[39.665,-0.5021]],[[39.6649,-0.509],[39.665,-0.509],[39.6648,-0.5086],[39.6649,-0.509]],[[39.6649,-0.5172],[39.6646,-0.516],[39.6633,-0.5177],[39.6649,-0.5172]],[[39.6644,-0.511],[39.6646,-0.5109],[39.6644,-0.5107],[39.6644,-0.511]],[[39.6645,-0.5026],[39.6646,-0.5026],[39.6645,-0.5025],[39.6645,-0.5026]],[[39.664,-0.5219],[39.6641,-0.5211],[39.6637,-0.5211],[39.664,-0.5219]],[[39.6639,-0.506],[39.6639,-0.5062],[39.6644,-0.5062],[39.6639,-0.506]],[[39.6643,-0.5177],[39.6639,-0.5178],[39.664,-0.518],[39.6643,-0.5177]],[[39.6634,-0.5089],[39.6631,-0.5119],[39.6641,-0.5091],[39.6634,-0.5089]],[[39.664,-0.5022],[39.6638,-0.5024],[39.6639,-0.503],[39.664,-0.5022]],[[39.6633,-0.5157],[39.6628,-0.5158],[39.663,-0.5161],[39.6633,-0.5157]],[[39.6629,-0.5226],[39.663,-0.5218],[39.6627,-0.522],[39.6629,-0.5226]],[[39.663,-0.5071],[39.6629,-0.5071],[39.663,-0.5072],[39.663,-0.5071]],[[39.6627,-0.5121],[39.6625,-0.5122],[39.6627,-0.5124],[39.6627,-0.5121]],[[39.6621,-0.4983],[39.6622,-0.4968],[39.6615,-0.4981],[39.6621,-0.4983]],[[39.6625,-0.5003],[39.6624,-0.5003],[39.6625,-0.5005],[39.6625,-0.5003]],[[39.6619,-0.5133],[39.6624,-0.5125],[39.6614,-0.5126],[39.6619,-0.5133]],[[39.6622,-0.5222],[39.6623,-0.5222],[39.6622,-0.522],[39.6622,-0.5222]],[[39.6614,-0.511],[39.6599,-0.5102],[39.6596,-0.5121],[39.6607,-0.5139],[39.6604,-0.5128],[39.6614,-0.511]],[[39.6606,-0.4994],[39.6608,-0.5],[39.6613,-0.4995],[39.6606,-0.4994]],[[39.6612,-0.5135],[39.6611,-0.5135],[39.6613,-0.5138],[39.6612,-0.5135]],[[39.6608,-0.5049],[39.6613,-0.5043],[39.6604,-0.5048],[39.6608,-0.5049]],[[39.6613,-0.4962],[39.6608,-0.4964],[39.6611,-0.4969],[39.6613,-0.4962]],[[39.661,-0.5201],[39.6589,-0.5214],[39.6607,-0.5211],[39.661,-0.5201]],[[39.6606,-0.516],[39.6607,-0.516],[39.6605,-0.5158],[39.6606,-0.516]],[[39.6606,-0.5096],[39.6603,-0.5095],[39.6606,-0.5098],[39.6606,-0.5096]],[[39.6606,-0.509],[39.6604,-0.5091],[39.6606,-0.5091],[39.6606,-0.509]],[[39.6605,-0.5077],[39.6602,-0.5077],[39.6605,-0.5079],[39.6605,-0.5077]],[[39.6604,-0.4938],[39.6593,-0.4941],[39.6595,-0.4954],[39.6602,-0.4952],[39.6604,-0.4938]],[[39.6597,-0.5091],[39.66,-0.5094],[39.6602,-0.5087],[39.6597,-0.5091]],[[39.6601,-0.499],[39.6593,-0.4996],[39.6599,-0.5002],[39.6601,-0.499]],[[39.66,-0.4973],[39.6598,-0.4973],[39.66,-0.4977],[39.66,-0.4973]],[[39.6596,-0.5196],[39.66,-0.5196],[39.6597,-0.5193],[39.6596,-0.5196]],[[39.6596,-0.5181],[39.6596,-0.5186],[39.6598,-0.5185],[39.6596,-0.5181]],[[39.6596,-0.4927],[39.6594,-0.4931],[39.6598,-0.4933],[39.6596,-0.4927]],[[39.6587,-0.4989],[39.6596,-0.4986],[39.6587,-0.4974],[39.6572,-0.4974],[39.6587,-0.4989]],[[39.6584,-0.524],[39.6595,-0.523],[39.6583,-0.5227],[39.6584,-0.524]],[[39.6591,-0.4959],[39.6589,-0.4959],[39.6591,-0.496],[39.6591,-0.4959]],[[39.658,-0.5121],[39.6589,-0.5126],[39.6584,-0.5104],[39.658,-0.5121]],[[39.6588,-0.4946],[39.6575,-0.4958],[39.657,-0.4946],[39.6567,-0.4956],[39.6578,-0.4961],[39.6588,-0.4946]],[[39.6586,-0.5335],[39.6579,-0.533],[39.6584,-0.5336],[39.6586,-0.5335]],[[39.6585,-0.5133],[39.6583,-0.5133],[39.6585,-0.5136],[39.6585,-0.5133]],[[39.6585,-0.4939],[39.6585,-0.4932],[39.658,-0.4936],[39.6585,-0.4939]],[[39.6584,-0.5086],[39.6582,-0.5086],[39.6584,-0.509],[39.6584,-0.5086]],[[39.6584,-0.5143],[39.6582,-0.5143],[39.6584,-0.5145],[39.6584,-0.5143]],[[39.6581,-0.5099],[39.6582,-0.5099],[39.658,-0.5095],[39.6581,-0.5099]],[[39.6582,-0.5099],[39.6584,-0.5102],[39.6583,-0.5099],[39.6582,-0.5099]],[[39.6578,-0.5151],[39.6573,-0.5166],[39.6582,-0.5149],[39.6578,-0.5151]],[[39.6582,-0.5317],[39.6576,-0.532],[39.6582,-0.532],[39.6582,-0.5317]],[[39.6577,-0.5224],[39.6578,-0.5228],[39.6581,-0.5224],[39.6577,-0.5224]],[[39.6564,-0.5176],[39.6548,-0.5186],[39.6561,-0.5185],[39.6564,-0.5192],[39.658,-0.5194],[39.6564,-0.5176]],[[39.6578,-0.5258],[39.6578,-0.526],[39.658,-0.5258],[39.6578,-0.5258]],[[39.6578,-0.494],[39.6579,-0.494],[39.6578,-0.4939],[39.6578,-0.494]],[[39.6577,-0.5002],[39.6578,-0.5001],[39.6577,-0.4999],[39.6577,-0.5002]],[[39.6574,-0.5205],[39.6577,-0.5205],[39.6575,-0.5204],[39.6574,-0.5205]],[[39.6569,-0.5227],[39.6564,-0.5236],[39.6577,-0.5235],[39.6562,-0.5219],[39.6569,-0.5227]],[[39.6575,-0.5265],[39.6572,-0.5272],[39.6575,-0.5272],[39.6575,-0.5265]],[[39.6575,-0.5175],[39.6571,-0.5174],[39.6574,-0.5178],[39.6575,-0.5175]],[[39.6574,-0.5214],[39.6569,-0.5216],[39.6575,-0.5217],[39.6574,-0.5214]],[[39.6573,-0.4999],[39.6575,-0.4999],[39.6573,-0.4998],[39.6573,-0.4999]],[[39.6574,-0.5294],[39.6573,-0.5294],[39.6574,-0.5296],[39.6574,-0.5294]],[[39.6569,-0.499],[39.6573,-0.4989],[39.6571,-0.4986],[39.6569,-0.499]],[[39.6541,-0.5172],[39.6535,-0.518],[39.6525,-0.5174],[39.6527,-0.5205],[39.6532,-0.5207],[39.6526,-0.5243],[39.6536,-0.5233],[39.6532,-0.5248],[39.6541,-0.5244],[39.654,-0.5252],[39.6561,-0.5265],[39.6573,-0.5252],[39.6561,-0.5244],[39.6546,-0.5252],[39.6549,-0.5232],[39.6535,-0.5226],[39.6548,-0.5191],[39.6528,-0.5192],[39.6541,-0.5172]],[[39.657,-0.5026],[39.6572,-0.5025],[39.657,-0.5024],[39.657,-0.5026]],[[39.6568,-0.5034],[39.6571,-0.5028],[39.6568,-0.5029],[39.6568,-0.5034]],[[39.6323,-0.4971],[39.6449,-0.4997],[39.6449,-0.5021],[39.646,-0.5026],[39.6453,-0.5043],[39.6469,-0.5033],[39.6467,-0.5062],[39.6475,-0.5071],[39.6475,-0.5048],[39.6506,-0.5038],[39.6514,-0.5057],[39.6533,-0.5041],[39.6542,-0.5062],[39.6554,-0.5061],[39.655,-0.5055],[39.6564,-0.5044],[39.6568,-0.5017],[39.6555,-0.5007],[39.6553,-0.4985],[39.6568,-0.4981],[39.6544,-0.4984],[39.6549,-0.5008],[39.6521,-0.5002],[39.6526,-0.4977],[39.652,-0.4975],[39.6534,-0.4971],[39.6539,-0.4951],[39.653,-0.4958],[39.6534,-0.4949],[39.6516,-0.4936],[39.6521,-0.495],[39.6512,-0.4954],[39.6506,-0.4943],[39.6503,-0.4959],[39.6514,-0.4966],[39.651,-0.499],[39.6485,-0.5013],[39.6482,-0.4982],[39.6453,-0.499],[39.646,-0.4973],[39.6439,-0.4959],[39.6438,-0.4943],[39.6424,-0.4937],[39.641,-0.4969],[39.6411,-0.495],[39.6384,-0.4935],[39.638,-0.494],[39.6392,-0.4943],[39.6394,-0.4957],[39.6405,-0.4954],[39.6401,-0.4968],[39.6386,-0.4967],[39.6392,-0.4957],[39.6378,-0.4964],[39.638,-0.4952],[39.6364,-0.4946],[39.6347,-0.4958],[39.633,-0.495],[39.634,-0.4959],[39.6335,-0.4968],[39.6325,-0.4961],[39.6323,-0.4971]],[[39.6559,-0.495],[39.6558,-0.496],[39.6566,-0.4958],[39.6568,-0.4946],[39.6546,-0.495],[39.6535,-0.4978],[39.6559,-0.495]],[[39.6559,-0.5095],[39.6559,-0.5097],[39.656,-0.5095],[39.6559,-0.5095]],[[39.6554,-0.5101],[39.6559,-0.5098],[39.6554,-0.5099],[39.6554,-0.5101]],[[39.6552,-0.5089],[39.655,-0.5092],[39.6554,-0.5092],[39.6552,-0.5089]],[[39.655,-0.5224],[39.6553,-0.5225],[39.6553,-0.5222],[39.655,-0.5224]],[[39.6549,-0.5272],[39.6552,-0.5269],[39.6545,-0.5267],[39.6549,-0.5272]],[[39.6549,-0.5064],[39.6542,-0.5069],[39.6547,-0.507],[39.6549,-0.5064]],[[39.6544,-0.5163],[39.6547,-0.5157],[39.6542,-0.5155],[39.6544,-0.5163]],[[39.6547,-0.5073],[39.6544,-0.5073],[39.6547,-0.5076],[39.6547,-0.5073]],[[39.6546,-0.4935],[39.6543,-0.4931],[39.6534,-0.4938],[39.6546,-0.4935]],[[39.6527,-0.5096],[39.6534,-0.5109],[39.6544,-0.5086],[39.6531,-0.5084],[39.6525,-0.5072],[39.6512,-0.5106],[39.6527,-0.5096]],[[39.6542,-0.5114],[39.6539,-0.5114],[39.6542,-0.5118],[39.6542,-0.5114]],[[39.6537,-0.5149],[39.6535,-0.5149],[39.6537,-0.5151],[39.6537,-0.5149]],[[39.6535,-0.525],[39.6537,-0.525],[39.6535,-0.5249],[39.6535,-0.525]],[[39.6536,-0.517],[39.6537,-0.517],[39.6536,-0.5169],[39.6536,-0.517]],[[39.6521,-0.5146],[39.6534,-0.5147],[39.6534,-0.5131],[39.6521,-0.5146]],[[39.6529,-0.5165],[39.6533,-0.5166],[39.6529,-0.5164],[39.6529,-0.5165]],[[39.6528,-0.512],[39.6533,-0.5119],[39.6529,-0.5118],[39.6528,-0.512]],[[39.6531,-0.5063],[39.6531,-0.506],[39.6528,-0.5062],[39.6531,-0.5063]],[[39.653,-0.5171],[39.6531,-0.5171],[39.653,-0.517],[39.653,-0.5171]],[[39.6527,-0.5156],[39.653,-0.5155],[39.6527,-0.5152],[39.6527,-0.5156]],[[39.6528,-0.4981],[39.6527,-0.4981],[39.6528,-0.4982],[39.6528,-0.4981]],[[39.6523,-0.5101],[39.6518,-0.5108],[39.6521,-0.5118],[39.6527,-0.5112],[39.6523,-0.5101]],[[39.6524,-0.5132],[39.6526,-0.5122],[39.6518,-0.5124],[39.6524,-0.5132]],[[39.652,-0.5205],[39.652,-0.52],[39.6517,-0.5205],[39.652,-0.5205]],[[39.652,-0.523],[39.6517,-0.522],[39.6517,-0.523],[39.652,-0.523]],[[39.6518,-0.5079],[39.6511,-0.5078],[39.6516,-0.5081],[39.6518,-0.5079]],[[39.6515,-0.5182],[39.6517,-0.5182],[39.6515,-0.518],[39.6515,-0.5182]],[[39.6516,-0.5145],[39.6517,-0.5145],[39.6516,-0.5142],[39.6516,-0.5145]],[[39.6516,-0.5063],[39.6514,-0.5063],[39.6516,-0.5067],[39.6516,-0.5063]],[[39.6511,-0.5227],[39.6514,-0.5228],[39.6512,-0.5224],[39.6511,-0.5227]],[[39.651,-0.4936],[39.6501,-0.493],[39.6505,-0.4936],[39.651,-0.4936]],[[39.6505,-0.513],[39.6506,-0.513],[39.6505,-0.5129],[39.6505,-0.513]],[[39.65,-0.5113],[39.6504,-0.5112],[39.6501,-0.5111],[39.65,-0.5113]],[[39.6503,-0.5127],[39.6504,-0.5127],[39.6503,-0.5125],[39.6503,-0.5127]],[[39.6502,-0.5139],[39.6503,-0.5136],[39.6489,-0.5137],[39.6502,-0.5139]],[[39.6501,-0.4988],[39.6501,-0.4984],[39.6497,-0.4986],[39.6501,-0.4988]],[[39.6498,-0.4939],[39.6461,-0.4939],[39.6458,-0.4947],[39.6485,-0.4958],[39.6496,-0.4955],[39.6498,-0.4939]],[[39.6494,-0.493],[39.6495,-0.4934],[39.6497,-0.493],[39.6494,-0.493]],[[39.6496,-0.4862],[39.649,-0.4865],[39.6496,-0.4865],[39.6496,-0.4862]],[[39.6495,-0.4918],[39.6493,-0.4918],[39.6495,-0.4919],[39.6495,-0.4918]],[[39.6495,-0.4959],[39.6492,-0.4959],[39.6494,-0.4961],[39.6495,-0.4959]],[[39.6493,-0.499],[39.6489,-0.4984],[39.6485,-0.4995],[39.6493,-0.499]],[[39.649,-0.497],[39.6489,-0.497],[39.649,-0.4974],[39.649,-0.497]],[[39.6482,-0.5137],[39.6485,-0.5137],[39.6482,-0.5135],[39.6482,-0.5137]],[[39.6367,-0.514],[39.637,-0.514],[39.637,-0.5138],[39.6367,-0.514]],[[39.637,-0.5138],[39.6397,-0.512],[39.6387,-0.514],[39.6391,-0.5162],[39.6413,-0.5194],[39.646,-0.516],[39.6463,-0.5151],[39.6442,-0.5151],[39.6438,-0.5142],[39.6455,-0.5143],[39.6485,-0.5091],[39.6465,-0.5084],[39.6465,-0.5062],[39.6451,-0.5063],[39.6444,-0.5095],[39.6424,-0.5118],[39.6418,-0.5109],[39.6427,-0.5103],[39.6411,-0.511],[39.6408,-0.5121],[39.6392,-0.5115],[39.638,-0.512],[39.637,-0.5138]],[[39.6483,-0.4892],[39.6476,-0.4898],[39.6485,-0.4897],[39.6483,-0.4892]],[[39.648,-0.5067],[39.648,-0.5072],[39.6483,-0.5067],[39.648,-0.5067]],[[39.6479,-0.4902],[39.6478,-0.4902],[39.6479,-0.4904],[39.6479,-0.4902]],[[39.647,-0.516],[39.647,-0.5158],[39.6467,-0.516],[39.647,-0.516]],[[39.647,-0.5155],[39.6472,-0.5158],[39.6472,-0.5155],[39.647,-0.5155]],[[39.6465,-0.5182],[39.6463,-0.5182],[39.6465,-0.5185],[39.6465,-0.5182]],[[39.6463,-0.517],[39.6463,-0.5172],[39.6465,-0.517],[39.6463,-0.517]],[[39.6463,-0.5178],[39.6463,-0.518],[39.6465,-0.5178],[39.6463,-0.5178]],[[39.646,-0.5198],[39.6463,-0.5195],[39.646,-0.5195],[39.646,-0.5198]],[[39.646,-0.52],[39.6452,-0.5198],[39.6452,-0.52],[39.646,-0.52]],[[39.646,-0.4811],[39.6457,-0.4813],[39.6462,-0.4815],[39.646,-0.4811]],[[39.6457,-0.4956],[39.6457,-0.4954],[39.6456,-0.4955],[39.6457,-0.4956]],[[39.6453,-0.4835],[39.6449,-0.4829],[39.645,-0.4836],[39.6453,-0.4835]],[[39.6445,-0.4944],[39.6447,-0.4944],[39.6445,-0.4942],[39.6445,-0.4944]],[[39.6443,-0.4947],[39.6442,-0.4956],[39.6447,-0.4952],[39.6443,-0.4947]],[[39.6444,-0.4879],[39.6446,-0.4877],[39.6443,-0.4877],[39.6444,-0.4879]],[[39.6442,-0.5193],[39.6446,-0.5185],[39.6438,-0.5186],[39.6442,-0.5193]],[[39.644,-0.5072],[39.644,-0.5068],[39.6437,-0.5072],[39.644,-0.5072]],[[39.644,-0.506],[39.6445,-0.5068],[39.6442,-0.506],[39.644,-0.506]],[[39.6441,-0.4839],[39.6438,-0.4838],[39.6441,-0.4841],[39.6441,-0.4839]],[[39.6435,-0.5055],[39.6429,-0.5047],[39.6418,-0.5049],[39.6438,-0.5058],[39.6441,-0.5046],[39.6435,-0.5055]],[[39.6438,-0.5026],[39.6436,-0.5026],[39.6439,-0.5029],[39.6438,-0.5026]],[[39.6414,-0.502],[39.6436,-0.5019],[39.6418,-0.5002],[39.6428,-0.5014],[39.6414,-0.502]],[[39.6435,-0.4885],[39.6435,-0.4885],[39.6435,-0.4887],[39.6435,-0.4885]],[[39.6406,-0.506],[39.6395,-0.5084],[39.6412,-0.507],[39.6404,-0.5084],[39.6414,-0.509],[39.6434,-0.5067],[39.6406,-0.506]],[[39.6427,-0.489],[39.6426,-0.4891],[39.6428,-0.4893],[39.6427,-0.489]],[[39.6418,-0.5095],[39.6422,-0.5088],[39.6414,-0.5095],[39.6418,-0.5095]],[[39.642,-0.5195],[39.6419,-0.5195],[39.642,-0.5195],[39.642,-0.5195]],[[39.642,-0.5102],[39.6418,-0.5102],[39.642,-0.5105],[39.642,-0.5102]],[[39.6399,-0.493],[39.6403,-0.4934],[39.6416,-0.493],[39.6399,-0.493]],[[39.6407,-0.505],[39.6415,-0.5048],[39.6407,-0.5048],[39.6407,-0.505]],[[39.6413,-0.5004],[39.6414,-0.5004],[39.6413,-0.5002],[39.6413,-0.5004]],[[39.6411,-0.5096],[39.6411,-0.5092],[39.6409,-0.5098],[39.6411,-0.5096]],[[39.6409,-0.5034],[39.6411,-0.5027],[39.6408,-0.5027],[39.6409,-0.5034]],[[39.6411,-0.4721],[39.6407,-0.4723],[39.6411,-0.4723],[39.6411,-0.4721]],[[39.641,-0.4809],[39.6396,-0.4787],[39.6392,-0.4795],[39.6404,-0.4806],[39.6403,-0.4817],[39.641,-0.4809]],[[39.6407,-0.511],[39.64,-0.5115],[39.6407,-0.5112],[39.6407,-0.511]],[[39.6407,-0.511],[39.641,-0.5108],[39.6407,-0.5108],[39.6407,-0.511]],[[39.6402,-0.5049],[39.6405,-0.5049],[39.6402,-0.5048],[39.6402,-0.5049]],[[39.6404,-0.4683],[39.6402,-0.4683],[39.6404,-0.4685],[39.6404,-0.4683]],[[39.6403,-0.4817],[39.6401,-0.4818],[39.6403,-0.482],[39.6403,-0.4817]],[[39.639,-0.4884],[39.6402,-0.4887],[39.6391,-0.4882],[39.639,-0.4884]],[[39.6397,-0.52],[39.64,-0.52],[39.6397,-0.5198],[39.6397,-0.52]],[[39.6399,-0.4925],[39.639,-0.4927],[39.6395,-0.493],[39.6399,-0.4925]],[[39.6364,-0.4799],[39.6352,-0.4811],[39.6341,-0.4809],[39.6341,-0.4835],[39.6325,-0.4811],[39.6329,-0.4839],[39.6316,-0.4825],[39.631,-0.4831],[39.6329,-0.4856],[39.6355,-0.4837],[39.6351,-0.4824],[39.64,-0.4817],[39.64,-0.4804],[39.6392,-0.4816],[39.6384,-0.4813],[39.6391,-0.4798],[39.6376,-0.4798],[39.6377,-0.4806],[39.6364,-0.4799]],[[39.6399,-0.4686],[39.6396,-0.4686],[39.6397,-0.4691],[39.6399,-0.4686]],[[39.6395,-0.5112],[39.6395,-0.5115],[39.6397,-0.5112],[39.6395,-0.5112]],[[39.6393,-0.4933],[39.6394,-0.4933],[39.6393,-0.4932],[39.6393,-0.4933]],[[39.6388,-0.5104],[39.6394,-0.5097],[39.6388,-0.5099],[39.6388,-0.5104]],[[39.6393,-0.5083],[39.6375,-0.5106],[39.6392,-0.5093],[39.6393,-0.5083]],[[39.639,-0.5066],[39.6393,-0.5061],[39.6388,-0.5061],[39.639,-0.5066]],[[39.639,-0.5],[39.6382,-0.4998],[39.6382,-0.5],[39.639,-0.5]],[[39.6389,-0.5183],[39.6379,-0.515],[39.6374,-0.5168],[39.6389,-0.5183]],[[39.6376,-0.484],[39.6388,-0.4838],[39.6377,-0.4836],[39.6382,-0.4828],[39.6373,-0.4827],[39.6376,-0.484]],[[39.638,-0.5069],[39.6378,-0.5072],[39.6387,-0.5072],[39.638,-0.5069]],[[39.6386,-0.4893],[39.6383,-0.4893],[39.6386,-0.4895],[39.6386,-0.4893]],[[39.6382,-0.5081],[39.6384,-0.5081],[39.6382,-0.5079],[39.6382,-0.5081]],[[39.6378,-0.5114],[39.6375,-0.512],[39.6382,-0.5113],[39.6378,-0.5114]],[[39.6381,-0.4768],[39.6378,-0.4768],[39.6381,-0.4771],[39.6381,-0.4768]],[[39.638,-0.4775],[39.6377,-0.4777],[39.6381,-0.4779],[39.638,-0.4775]],[[39.6378,-0.474],[39.6377,-0.474],[39.6378,-0.4741],[39.6378,-0.474]],[[39.6372,-0.4723],[39.6374,-0.4717],[39.6372,-0.4719],[39.6372,-0.4723]],[[39.6377,-0.4764],[39.6373,-0.476],[39.637,-0.4766],[39.6377,-0.4764]],[[39.6376,-0.4755],[39.6375,-0.4755],[39.6376,-0.4757],[39.6376,-0.4755]],[[39.6373,-0.4726],[39.6372,-0.4729],[39.6375,-0.4728],[39.6373,-0.4726]],[[39.6375,-0.4783],[39.6371,-0.478],[39.6374,-0.4786],[39.6375,-0.4783]],[[39.6366,-0.4782],[39.6374,-0.4773],[39.636,-0.478],[39.6366,-0.4782]],[[39.637,-0.5124],[39.6373,-0.5124],[39.6371,-0.5122],[39.637,-0.5124]],[[39.6373,-0.4674],[39.6372,-0.4668],[39.6369,-0.4676],[39.6373,-0.4674]],[[39.6372,-0.4682],[39.6371,-0.4682],[39.6373,-0.4684],[39.6372,-0.4682]],[[39.6372,-0.4659],[39.6371,-0.4659],[39.6372,-0.4662],[39.6372,-0.4659]],[[39.6369,-0.4709],[39.6366,-0.4704],[39.6366,-0.471],[39.6369,-0.4709]],[[39.6368,-0.4749],[39.6366,-0.4748],[39.6368,-0.4749],[39.6368,-0.4749]],[[39.6365,-0.517],[39.6367,-0.5162],[39.6365,-0.5162],[39.6365,-0.517]],[[39.6367,-0.4721],[39.6358,-0.4717],[39.6365,-0.4726],[39.6367,-0.4721]],[[39.636,-0.4898],[39.6365,-0.4897],[39.6356,-0.4893],[39.636,-0.4898]],[[39.6362,-0.5152],[39.6365,-0.5152],[39.6362,-0.5148],[39.6362,-0.5152]],[[39.6363,-0.471],[39.6361,-0.4701],[39.6359,-0.4709],[39.6363,-0.471]],[[39.636,-0.4901],[39.636,-0.4902],[39.6361,-0.4902],[39.636,-0.4901]],[[39.6361,-0.4902],[39.6361,-0.4903],[39.6362,-0.4903],[39.6361,-0.4902]],[[39.6362,-0.4903],[39.6363,-0.4904],[39.6363,-0.4903],[39.6362,-0.4903]],[[39.6362,-0.4688],[39.6362,-0.4677],[39.6358,-0.469],[39.6362,-0.4688]],[[39.6362,-0.467],[39.636,-0.467],[39.6362,-0.4672],[39.6362,-0.467]],[[39.6362,-0.4744],[39.6361,-0.4732],[39.635,-0.4736],[39.6353,-0.4746],[39.6362,-0.4744]],[[39.636,-0.4835],[39.6361,-0.4835],[39.636,-0.4834],[39.636,-0.4835]],[[39.6358,-0.4756],[39.6361,-0.475],[39.6354,-0.4755],[39.6358,-0.4756]],[[39.636,-0.4656],[39.6361,-0.4645],[39.6352,-0.4653],[39.636,-0.4656]],[[39.6347,-0.4655],[39.6359,-0.4639],[39.6347,-0.4627],[39.6291,-0.4616],[39.6317,-0.4627],[39.6323,-0.4644],[39.6347,-0.4655]],[[39.6359,-0.4853],[39.6343,-0.4854],[39.6326,-0.4884],[39.6344,-0.4878],[39.6335,-0.4871],[39.6359,-0.4853]],[[39.6315,-0.4743],[39.6268,-0.477],[39.6262,-0.4793],[39.6293,-0.4763],[39.6283,-0.4804],[39.6308,-0.483],[39.633,-0.4797],[39.6328,-0.4785],[39.6337,-0.4785],[39.6339,-0.4772],[39.6348,-0.4778],[39.6345,-0.4766],[39.6356,-0.4762],[39.6333,-0.4739],[39.632,-0.4751],[39.6302,-0.4753],[39.6315,-0.4743]],[[39.6356,-0.4669],[39.6352,-0.4667],[39.6355,-0.4672],[39.6356,-0.4669]],[[39.6353,-0.4785],[39.6354,-0.4785],[39.6354,-0.4783],[39.6353,-0.4785]],[[39.6354,-0.4783],[39.6355,-0.4782],[39.6354,-0.4782],[39.6354,-0.4783]],[[39.6352,-0.4678],[39.6354,-0.4677],[39.6352,-0.4675],[39.6352,-0.4678]],[[39.6342,-0.4909],[39.6353,-0.4898],[39.6347,-0.4896],[39.6342,-0.4909]],[[39.635,-0.4936],[39.6353,-0.4937],[39.635,-0.4934],[39.635,-0.4936]],[[39.6332,-0.4706],[39.6325,-0.4723],[39.6341,-0.4709],[39.6337,-0.47],[39.6349,-0.4695],[39.6353,-0.4679],[39.6338,-0.4668],[39.6336,-0.4681],[39.6332,-0.4674],[39.6327,-0.4684],[39.632,-0.4677],[39.6313,-0.468],[39.6332,-0.4706]],[[39.6348,-0.4929],[39.635,-0.4929],[39.6348,-0.4927],[39.6348,-0.4929]],[[39.6349,-0.4807],[39.635,-0.4807],[39.6349,-0.4807],[39.6349,-0.4807]],[[39.6348,-0.4784],[39.635,-0.4784],[39.6348,-0.4783],[39.6348,-0.4784]],[[39.6347,-0.4789],[39.6348,-0.4789],[39.6347,-0.4787],[39.6347,-0.4789]],[[39.6346,-0.4738],[39.6343,-0.4742],[39.6347,-0.4741],[39.6346,-0.4738]],[[39.6347,-0.4436],[39.6346,-0.4431],[39.6345,-0.4434],[39.6347,-0.4436]],[[39.6346,-0.4411],[39.6345,-0.4405],[39.6341,-0.4409],[39.6346,-0.4411]],[[39.634,-0.4528],[39.6345,-0.4524],[39.634,-0.4525],[39.634,-0.4528]],[[39.6337,-0.4739],[39.6345,-0.4731],[39.6336,-0.4733],[39.6337,-0.4739]],[[39.6342,-0.4783],[39.6343,-0.4783],[39.6341,-0.4781],[39.6342,-0.4783]],[[39.634,-0.4715],[39.634,-0.472],[39.6343,-0.4715],[39.634,-0.4715]],[[39.6337,-0.4559],[39.6342,-0.4558],[39.6339,-0.4552],[39.6337,-0.4559]],[[39.6338,-0.4565],[39.6334,-0.4564],[39.6341,-0.4581],[39.6338,-0.4565]],[[39.634,-0.4703],[39.6341,-0.4703],[39.634,-0.4701],[39.634,-0.4703]],[[39.6329,-0.4886],[39.6335,-0.489],[39.6339,-0.4883],[39.6329,-0.4886]],[[39.6339,-0.4586],[39.6335,-0.4588],[39.6338,-0.4588],[39.6339,-0.4586]],[[39.6337,-0.4917],[39.6333,-0.4917],[39.6336,-0.492],[39.6337,-0.4917]],[[39.6332,-0.4658],[39.6334,-0.4655],[39.6331,-0.4656],[39.6332,-0.4658]],[[39.6246,-0.4455],[39.624,-0.4468],[39.6264,-0.4466],[39.6261,-0.4482],[39.6297,-0.4485],[39.6302,-0.4475],[39.6306,-0.4485],[39.632,-0.4479],[39.6311,-0.4466],[39.6335,-0.4446],[39.6318,-0.4434],[39.6318,-0.445],[39.6307,-0.4456],[39.6246,-0.4455]],[[39.6334,-0.4948],[39.6332,-0.4949],[39.6334,-0.495],[39.6334,-0.4948]],[[39.6333,-0.4901],[39.632,-0.4899],[39.632,-0.4907],[39.633,-0.4909],[39.6333,-0.4901]],[[39.6333,-0.4375],[39.6331,-0.4375],[39.6333,-0.4377],[39.6333,-0.4375]],[[39.6328,-0.4663],[39.633,-0.4656],[39.6327,-0.4657],[39.6328,-0.4663]],[[39.6328,-0.4602],[39.6325,-0.461],[39.6328,-0.461],[39.6328,-0.4602]],[[39.632,-0.4962],[39.6322,-0.4954],[39.6317,-0.4959],[39.632,-0.4962]],[[39.6325,-0.4588],[39.6316,-0.4578],[39.6293,-0.4588],[39.6293,-0.4598],[39.6325,-0.4588]],[[39.6325,-0.4328],[39.6321,-0.4328],[39.6324,-0.4332],[39.6325,-0.4328]],[[39.6315,-0.4947],[39.6323,-0.4934],[39.6315,-0.4914],[39.6309,-0.4924],[39.6315,-0.4947]],[[39.6317,-0.474],[39.6317,-0.4738],[39.6315,-0.474],[39.6317,-0.474]],[[39.6317,-0.4735],[39.6322,-0.4738],[39.6322,-0.4735],[39.6317,-0.4735]],[[39.6317,-0.4858],[39.6317,-0.486],[39.6322,-0.4858],[39.6317,-0.4858]],[[39.6322,-0.4875],[39.6317,-0.487],[39.6315,-0.4875],[39.6322,-0.4875]],[[39.6322,-0.4611],[39.6321,-0.4611],[39.6322,-0.4614],[39.6322,-0.4611]],[[39.6317,-0.4974],[39.6321,-0.4971],[39.6318,-0.4971],[39.6317,-0.4974]],[[39.6321,-0.4913],[39.632,-0.491],[39.6316,-0.4913],[39.6321,-0.4913]],[[39.632,-0.4482],[39.6319,-0.4482],[39.6319,-0.4486],[39.632,-0.4482]],[[39.6308,-0.4435],[39.6281,-0.4419],[39.6273,-0.4425],[39.6272,-0.4432],[39.6313,-0.4439],[39.631,-0.4427],[39.6318,-0.4427],[39.6309,-0.4408],[39.632,-0.4415],[39.632,-0.4406],[39.6308,-0.4392],[39.6294,-0.4402],[39.6265,-0.4384],[39.6249,-0.4384],[39.6257,-0.4409],[39.6301,-0.4419],[39.6308,-0.4435]],[[39.6316,-0.464],[39.6314,-0.4645],[39.632,-0.4646],[39.6316,-0.464]],[[39.6308,-0.4533],[39.6299,-0.4531],[39.6305,-0.4541],[39.6318,-0.4525],[39.6313,-0.4518],[39.6302,-0.4529],[39.6308,-0.4533]],[[39.6313,-0.4554],[39.6318,-0.4555],[39.6313,-0.4553],[39.6313,-0.4554]],[[39.631,-0.485],[39.6302,-0.4859],[39.6302,-0.4864],[39.6317,-0.4858],[39.631,-0.485]],[[39.6311,-0.4448],[39.6316,-0.4441],[39.6311,-0.4446],[39.6311,-0.4448]],[[39.6314,-0.4601],[39.6311,-0.4601],[39.6314,-0.4603],[39.6314,-0.4601]],[[39.6311,-0.4722],[39.6312,-0.4719],[39.6309,-0.4719],[39.6311,-0.4722]],[[39.6312,-0.4689],[39.6308,-0.4675],[39.6301,-0.4676],[39.6312,-0.4689]],[[39.6311,-0.4709],[39.6309,-0.4709],[39.6311,-0.4712],[39.6311,-0.4709]],[[39.6309,-0.4699],[39.6305,-0.4688],[39.63,-0.4693],[39.6309,-0.4699]],[[39.6311,-0.4734],[39.6307,-0.4723],[39.6297,-0.4724],[39.6304,-0.4736],[39.6311,-0.4734]],[[39.6308,-0.4644],[39.6307,-0.4635],[39.6307,-0.464],[39.6308,-0.4644]],[[39.6307,-0.4572],[39.6298,-0.4567],[39.629,-0.4577],[39.6307,-0.4572]],[[39.6302,-0.4565],[39.6302,-0.4567],[39.6307,-0.4565],[39.6302,-0.4565]],[[39.6307,-0.4444],[39.6305,-0.4444],[39.6307,-0.4446],[39.6307,-0.4444]],[[39.627,-0.4644],[39.6269,-0.4657],[39.6291,-0.4649],[39.6287,-0.4656],[39.6307,-0.4671],[39.6294,-0.464],[39.6276,-0.4627],[39.6252,-0.4631],[39.6253,-0.4656],[39.6261,-0.4653],[39.6256,-0.4651],[39.6258,-0.4641],[39.627,-0.4644]],[[39.6307,-0.4545],[39.6304,-0.4544],[39.6307,-0.4546],[39.6307,-0.4545]],[[39.6306,-0.4844],[39.6277,-0.4818],[39.6268,-0.4826],[39.6296,-0.485],[39.6305,-0.4854],[39.6306,-0.4844]],[[39.6305,-0.4913],[39.6305,-0.491],[39.6302,-0.4913],[39.6305,-0.4913]],[[39.6292,-0.4563],[39.6286,-0.457],[39.6302,-0.456],[39.6292,-0.4563]],[[39.6288,-0.4337],[39.6285,-0.433],[39.6281,-0.4339],[39.63,-0.4345],[39.6299,-0.4328],[39.6288,-0.4337]],[[39.6295,-0.4677],[39.6295,-0.4679],[39.6298,-0.4677],[39.6295,-0.4677]],[[39.6294,-0.4527],[39.6296,-0.4527],[39.6294,-0.4524],[39.6294,-0.4527]],[[39.6271,-0.4502],[39.6267,-0.4487],[39.6247,-0.4492],[39.6244,-0.4483],[39.6232,-0.4513],[39.6232,-0.4551],[39.6258,-0.4572],[39.6281,-0.4572],[39.6294,-0.4554],[39.6289,-0.4541],[39.6275,-0.4543],[39.6243,-0.4526],[39.6266,-0.4523],[39.6269,-0.4513],[39.628,-0.4518],[39.6295,-0.4503],[39.6285,-0.4493],[39.6271,-0.4502]],[[39.6293,-0.4733],[39.6283,-0.4746],[39.6284,-0.475],[39.6294,-0.4744],[39.6293,-0.4733]],[[39.6294,-0.4395],[39.6292,-0.4394],[39.6294,-0.4399],[39.6294,-0.4395]],[[39.6291,-0.4715],[39.6293,-0.4716],[39.6292,-0.4713],[39.6291,-0.4715]],[[39.629,-0.4394],[39.6292,-0.4389],[39.6284,-0.4387],[39.629,-0.4394]],[[39.6292,-0.437],[39.6287,-0.4368],[39.629,-0.4378],[39.6292,-0.437]],[[39.6291,-0.4687],[39.6287,-0.4681],[39.6284,-0.4692],[39.6291,-0.4687]],[[39.629,-0.4675],[39.6286,-0.4677],[39.6289,-0.4679],[39.629,-0.4675]],[[39.6272,-0.4585],[39.6272,-0.4582],[39.627,-0.4585],[39.6272,-0.4585]],[[39.6272,-0.4577],[39.6287,-0.4582],[39.6287,-0.4577],[39.6272,-0.4577]],[[39.6285,-0.4867],[39.6285,-0.4867],[39.6284,-0.4864],[39.6285,-0.4867]],[[39.6271,-0.468],[39.6275,-0.4692],[39.6282,-0.4689],[39.6271,-0.468]],[[39.628,-0.4712],[39.6281,-0.4712],[39.628,-0.471],[39.628,-0.4712]],[[39.628,-0.4678],[39.6279,-0.4678],[39.628,-0.4679],[39.628,-0.4678]],[[39.6279,-0.4661],[39.6278,-0.4661],[39.628,-0.4663],[39.6279,-0.4661]],[[39.6278,-0.4588],[39.6276,-0.4588],[39.6279,-0.459],[39.6278,-0.4588]],[[39.6275,-0.4519],[39.6273,-0.4524],[39.6278,-0.452],[39.6275,-0.4519]],[[39.6277,-0.481],[39.6275,-0.481],[39.6277,-0.4813],[39.6277,-0.481]],[[39.6264,-0.4342],[39.6276,-0.4348],[39.6276,-0.4332],[39.6269,-0.4332],[39.6264,-0.4342]],[[39.6275,-0.4708],[39.6269,-0.4706],[39.6273,-0.471],[39.6275,-0.4708]],[[39.6272,-0.4808],[39.6275,-0.4808],[39.6272,-0.4805],[39.6272,-0.4808]],[[39.6269,-0.4824],[39.6266,-0.4817],[39.6263,-0.4822],[39.6269,-0.4824]],[[39.6271,-0.4388],[39.6273,-0.4388],[39.6272,-0.4386],[39.6271,-0.4388]],[[39.627,-0.4678],[39.6268,-0.4674],[39.6265,-0.4676],[39.627,-0.4678]],[[39.627,-0.438],[39.6257,-0.437],[39.6255,-0.438],[39.627,-0.438]],[[39.6268,-0.48],[39.627,-0.48],[39.6268,-0.4798],[39.6268,-0.48]],[[39.6251,-0.4686],[39.626,-0.4707],[39.6266,-0.4705],[39.6251,-0.4686]],[[39.6265,-0.445],[39.6264,-0.445],[39.6265,-0.4452],[39.6265,-0.445]],[[39.6258,-0.4671],[39.6263,-0.4671],[39.6253,-0.4662],[39.6258,-0.4671]],[[39.6259,-0.4648],[39.6263,-0.4646],[39.6259,-0.4646],[39.6259,-0.4648]],[[39.6263,-0.4434],[39.6262,-0.4434],[39.6263,-0.4435],[39.6263,-0.4434]],[[39.6258,-0.4837],[39.6261,-0.4838],[39.6258,-0.4835],[39.6258,-0.4837]],[[39.626,-0.4361],[39.6258,-0.4355],[39.6254,-0.4361],[39.626,-0.4361]],[[39.6243,-0.4577],[39.6253,-0.4575],[39.6232,-0.4565],[39.6243,-0.4577]],[[39.626,-0.4577],[39.6253,-0.4582],[39.626,-0.4582],[39.626,-0.4577]],[[39.6258,-0.4755],[39.6257,-0.4755],[39.6259,-0.4758],[39.6258,-0.4755]],[[39.6259,-0.4432],[39.6238,-0.4428],[39.6237,-0.4432],[39.6259,-0.4432]],[[39.6258,-0.4828],[39.6252,-0.4809],[39.6244,-0.4811],[39.624,-0.4833],[39.6258,-0.4828]],[[39.6249,-0.4732],[39.6258,-0.4728],[39.6249,-0.4727],[39.6249,-0.4732]],[[39.6252,-0.4446],[39.6258,-0.4446],[39.6253,-0.4445],[39.6252,-0.4446]],[[39.6249,-0.4744],[39.6254,-0.475],[39.6258,-0.4737],[39.6249,-0.4744]],[[39.6243,-0.4368],[39.6243,-0.4357],[39.6236,-0.437],[39.6257,-0.4368],[39.6243,-0.4368]],[[39.6252,-0.4467],[39.6252,-0.4469],[39.6257,-0.4467],[39.6252,-0.4467]],[[39.6253,-0.434],[39.6255,-0.4336],[39.6251,-0.4337],[39.6253,-0.434]],[[39.6245,-0.4441],[39.624,-0.4448],[39.6251,-0.4444],[39.6245,-0.4441]],[[39.6251,-0.4343],[39.6247,-0.4343],[39.6251,-0.4346],[39.6251,-0.4343]],[[39.6242,-0.468],[39.6248,-0.4683],[39.6247,-0.4679],[39.6242,-0.468]],[[39.6248,-0.4478],[39.6246,-0.4478],[39.6248,-0.448],[39.6248,-0.4478]],[[39.6244,-0.4338],[39.6246,-0.4338],[39.6244,-0.4337],[39.6244,-0.4338]],[[39.6244,-0.4404],[39.6243,-0.4404],[39.6244,-0.4405],[39.6244,-0.4404]],[[39.624,-0.4392],[39.624,-0.4392],[39.624,-0.439],[39.624,-0.4392]],[[39.624,-0.4392],[39.6241,-0.4393],[39.6241,-0.4392],[39.624,-0.4392]],[[39.624,-0.4457],[39.6237,-0.4449],[39.6235,-0.4459],[39.624,-0.4457]],[[39.6236,-0.4444],[39.624,-0.4445],[39.6238,-0.444],[39.6236,-0.4444]],[[39.62,-0.4763],[39.6219,-0.4788],[39.6237,-0.4775],[39.6232,-0.4739],[39.6213,-0.4737],[39.62,-0.4763]],[[39.6236,-0.4797],[39.6237,-0.4797],[39.6236,-0.4796],[39.6236,-0.4797]],[[39.6234,-0.4589],[39.6235,-0.4584],[39.6231,-0.4588],[39.6234,-0.4589]],[[39.6235,-0.447],[39.6232,-0.447],[39.6235,-0.4472],[39.6235,-0.447]],[[39.6232,-0.4725],[39.6233,-0.4725],[39.6232,-0.4724],[39.6232,-0.4725]],[[39.6233,-0.4725],[39.6234,-0.4726],[39.6234,-0.4725],[39.6233,-0.4725]],[[39.6202,-0.45],[39.622,-0.4494],[39.6222,-0.4485],[39.6233,-0.4492],[39.6224,-0.4471],[39.6207,-0.4466],[39.6187,-0.4473],[39.6191,-0.4488],[39.6184,-0.449],[39.6181,-0.4503],[39.6192,-0.4503],[39.6193,-0.4487],[39.6213,-0.449],[39.6202,-0.45]],[[39.6231,-0.4674],[39.623,-0.4674],[39.6232,-0.4679],[39.6231,-0.4674]],[[39.6159,-0.4483],[39.6194,-0.4454],[39.6227,-0.4451],[39.6232,-0.4441],[39.6221,-0.4443],[39.6219,-0.4433],[39.6179,-0.4459],[39.6158,-0.4456],[39.6168,-0.4414],[39.6147,-0.4422],[39.6154,-0.4406],[39.6144,-0.4397],[39.616,-0.4401],[39.6161,-0.4393],[39.6143,-0.4382],[39.6142,-0.4371],[39.6129,-0.4381],[39.6118,-0.4409],[39.6118,-0.4415],[39.6129,-0.441],[39.6131,-0.4426],[39.6116,-0.4419],[39.6113,-0.4466],[39.6128,-0.4482],[39.6159,-0.4483]],[[39.6231,-0.4436],[39.623,-0.4436],[39.6231,-0.4436],[39.6231,-0.4436]],[[39.6228,-0.4507],[39.6228,-0.4512],[39.623,-0.4507],[39.6228,-0.4507]],[[39.621,-0.4685],[39.6223,-0.4682],[39.6228,-0.4665],[39.6203,-0.4672],[39.621,-0.4685]],[[39.6217,-0.4375],[39.6228,-0.4371],[39.6223,-0.4369],[39.6217,-0.4375]],[[39.6225,-0.4462],[39.6225,-0.4465],[39.6228,-0.4462],[39.6225,-0.4462]],[[39.6225,-0.4515],[39.6225,-0.452],[39.6228,-0.4515],[39.6225,-0.4515]],[[39.6225,-0.4565],[39.6227,-0.4565],[39.6224,-0.4561],[39.6225,-0.4565]],[[39.6225,-0.4637],[39.6226,-0.4637],[39.6225,-0.4635],[39.6225,-0.4637]],[[39.6224,-0.4794],[39.6225,-0.4794],[39.6224,-0.4792],[39.6224,-0.4794]],[[39.6223,-0.4507],[39.6212,-0.4501],[39.6221,-0.4514],[39.6223,-0.4507]],[[39.6213,-0.4604],[39.622,-0.4606],[39.6223,-0.4598],[39.6219,-0.4597],[39.6213,-0.4604]],[[39.6222,-0.455],[39.6213,-0.4547],[39.6221,-0.4561],[39.6222,-0.455]],[[39.6219,-0.4564],[39.622,-0.4564],[39.6219,-0.4563],[39.6219,-0.4564]],[[39.6216,-0.4576],[39.6211,-0.4587],[39.6219,-0.4588],[39.6216,-0.4576]],[[39.6219,-0.4524],[39.6216,-0.4528],[39.6219,-0.4528],[39.6219,-0.4524]],[[39.6217,-0.4651],[39.6207,-0.4659],[39.6217,-0.4654],[39.6217,-0.4651]],[[39.6213,-0.4511],[39.6205,-0.4514],[39.6199,-0.4522],[39.6215,-0.452],[39.6213,-0.4511]],[[39.6215,-0.4522],[39.621,-0.4523],[39.6213,-0.4526],[39.6215,-0.4522]],[[39.616,-0.4513],[39.6182,-0.4546],[39.6189,-0.4538],[39.6213,-0.4545],[39.621,-0.4532],[39.6183,-0.4531],[39.617,-0.4507],[39.616,-0.4513]],[[39.6204,-0.4556],[39.6212,-0.4559],[39.6213,-0.4555],[39.6204,-0.4556]],[[39.6208,-0.4407],[39.6205,-0.4414],[39.6209,-0.4414],[39.6208,-0.4407]],[[39.6206,-0.442],[39.6204,-0.442],[39.6206,-0.4422],[39.6206,-0.442]],[[39.6204,-0.4595],[39.6206,-0.4595],[39.6204,-0.4593],[39.6204,-0.4595]],[[39.6202,-0.4439],[39.6205,-0.4436],[39.6199,-0.4432],[39.6202,-0.4439]],[[39.6201,-0.4556],[39.6204,-0.4556],[39.6202,-0.4554],[39.6201,-0.4556]],[[39.6201,-0.4572],[39.6184,-0.4577],[39.6187,-0.458],[39.6201,-0.4572]],[[39.6199,-0.4494],[39.6201,-0.4494],[39.6199,-0.449],[39.6199,-0.4494]],[[39.62,-0.4663],[39.619,-0.4666],[39.62,-0.4664],[39.62,-0.4663]],[[39.6185,-0.4416],[39.6195,-0.4409],[39.6186,-0.4409],[39.6174,-0.4415],[39.6171,-0.4443],[39.6185,-0.4416]],[[39.616,-0.4365],[39.6185,-0.4363],[39.6197,-0.437],[39.6168,-0.4348],[39.616,-0.4365]],[[39.6191,-0.4399],[39.6196,-0.4389],[39.6174,-0.4376],[39.6176,-0.4396],[39.6191,-0.4399]],[[39.6195,-0.4522],[39.6196,-0.4522],[39.6195,-0.452],[39.6195,-0.4522]],[[39.6195,-0.4566],[39.6196,-0.4566],[39.6195,-0.4565],[39.6195,-0.4566]],[[39.619,-0.4467],[39.619,-0.4465],[39.6187,-0.4467],[39.619,-0.4467]],[[39.619,-0.4462],[39.6193,-0.4465],[39.6193,-0.4462],[39.619,-0.4462]],[[39.6193,-0.4465],[39.6195,-0.4467],[39.6195,-0.4465],[39.6193,-0.4465]],[[39.619,-0.4426],[39.6193,-0.4425],[39.619,-0.4421],[39.619,-0.4426]],[[39.617,-0.4332],[39.6193,-0.4334],[39.6175,-0.4316],[39.617,-0.4332]],[[39.6191,-0.4417],[39.619,-0.4417],[39.6191,-0.4418],[39.6191,-0.4417]],[[39.619,-0.419],[39.6187,-0.4198],[39.619,-0.4198],[39.619,-0.419]],[[39.6185,-0.4582],[39.6187,-0.4582],[39.6185,-0.4581],[39.6185,-0.4582]],[[39.6185,-0.4475],[39.6187,-0.4475],[39.6186,-0.4473],[39.6185,-0.4475]],[[39.6186,-0.4401],[39.6177,-0.44],[39.6172,-0.4411],[39.6178,-0.441],[39.6186,-0.4401]],[[39.6118,-0.4257],[39.6109,-0.4251],[39.613,-0.423],[39.6123,-0.422],[39.616,-0.4213],[39.6185,-0.4195],[39.611,-0.4218],[39.6108,-0.4228],[39.6118,-0.4225],[39.6102,-0.4251],[39.6111,-0.4266],[39.6118,-0.4257]],[[39.6182,-0.4447],[39.6178,-0.445],[39.6181,-0.4452],[39.6182,-0.4447]],[[39.6163,-0.4492],[39.6163,-0.449],[39.616,-0.4492],[39.6163,-0.4492]],[[39.6163,-0.4492],[39.6147,-0.4505],[39.6135,-0.4505],[39.6161,-0.4507],[39.6178,-0.4484],[39.6176,-0.4483],[39.6168,-0.4491],[39.6163,-0.4492]],[[39.6168,-0.4189],[39.6177,-0.419],[39.6173,-0.4185],[39.6168,-0.4189]],[[39.6172,-0.4344],[39.6174,-0.4344],[39.6172,-0.4341],[39.6172,-0.4344]],[[39.6166,-0.4195],[39.6168,-0.4194],[39.6166,-0.4193],[39.6166,-0.4195]],[[39.6168,-0.4487],[39.6165,-0.4487],[39.6168,-0.449],[39.6168,-0.4487]],[[39.614,-0.4308],[39.6093,-0.4278],[39.6105,-0.4297],[39.6097,-0.4301],[39.61,-0.433],[39.6091,-0.4327],[39.6087,-0.4353],[39.6097,-0.4359],[39.6103,-0.4333],[39.6121,-0.4333],[39.6119,-0.4363],[39.6138,-0.4361],[39.6151,-0.4343],[39.615,-0.4328],[39.6127,-0.4305],[39.614,-0.4308]],[[39.614,-0.4308],[39.6155,-0.4328],[39.6165,-0.433],[39.6148,-0.4308],[39.614,-0.4308]],[[39.6161,-0.454],[39.6164,-0.4539],[39.6161,-0.4533],[39.6161,-0.454]],[[39.6159,-0.4549],[39.6164,-0.4546],[39.6155,-0.454],[39.6159,-0.4549]],[[39.6156,-0.4684],[39.6161,-0.4682],[39.6158,-0.4682],[39.6156,-0.4684]],[[39.6133,-0.437],[39.6127,-0.4377],[39.6135,-0.4375],[39.6133,-0.437]],[[39.6135,-0.4365],[39.615,-0.4365],[39.615,-0.4363],[39.6135,-0.4365]],[[39.615,-0.4363],[39.6153,-0.436],[39.615,-0.436],[39.615,-0.4363]],[[39.6153,-0.436],[39.6157,-0.4358],[39.6153,-0.4358],[39.6153,-0.436]],[[39.6157,-0.4532],[39.6156,-0.4515],[39.6146,-0.4519],[39.6151,-0.4532],[39.6157,-0.4532]],[[39.6155,-0.423],[39.6147,-0.4229],[39.6151,-0.4236],[39.6155,-0.423]],[[39.6135,-0.4587],[39.6136,-0.4587],[39.6135,-0.4586],[39.6135,-0.4587]],[[39.6125,-0.4497],[39.6125,-0.4505],[39.6135,-0.4502],[39.6125,-0.4497]],[[39.6133,-0.4514],[39.6126,-0.4512],[39.6123,-0.4518],[39.6133,-0.4514]],[[39.6128,-0.461],[39.6126,-0.461],[39.6128,-0.4612],[39.6128,-0.461]],[[39.6118,-0.4392],[39.6123,-0.4392],[39.6123,-0.4385],[39.6118,-0.4392]],[[39.6123,-0.4385],[39.6125,-0.4385],[39.6125,-0.4382],[39.6123,-0.4385]],[[39.6125,-0.438],[39.6127,-0.4382],[39.6127,-0.438],[39.6125,-0.438]],[[39.6116,-0.4531],[39.6116,-0.4533],[39.612,-0.453],[39.6116,-0.4531]],[[39.6114,-0.4498],[39.6116,-0.4504],[39.6119,-0.4502],[39.6114,-0.4498]],[[39.6115,-0.4395],[39.6115,-0.4397],[39.6118,-0.4395],[39.6115,-0.4395]],[[39.611,-0.4492],[39.6115,-0.4492],[39.611,-0.449],[39.611,-0.4492]],[[39.6115,-0.4492],[39.6118,-0.4495],[39.6118,-0.4492],[39.6115,-0.4492]],[[39.6093,-0.44],[39.61,-0.4423],[39.6115,-0.4375],[39.6107,-0.4395],[39.6093,-0.44]],[[39.6113,-0.4514],[39.6113,-0.4516],[39.6115,-0.4514],[39.6113,-0.4514]],[[39.6108,-0.4527],[39.6114,-0.4525],[39.611,-0.4523],[39.6108,-0.4527]],[[39.6101,-0.4354],[39.6112,-0.4356],[39.6105,-0.4349],[39.6101,-0.4354]],[[39.6109,-0.4511],[39.6099,-0.452],[39.611,-0.4519],[39.6109,-0.4511]],[[39.611,-0.4274],[39.6109,-0.4274],[39.611,-0.4276],[39.611,-0.4274]],[[39.6106,-0.4503],[39.6108,-0.4503],[39.6107,-0.45],[39.6106,-0.4503]],[[39.6088,-0.4485],[39.6088,-0.4494],[39.6108,-0.4493],[39.6107,-0.4482],[39.6088,-0.4485]],[[39.6099,-0.4384],[39.6106,-0.438],[39.6101,-0.438],[39.6099,-0.4384]],[[39.6102,-0.4272],[39.6106,-0.4265],[39.61,-0.4265],[39.6102,-0.4272]],[[39.6105,-0.4228],[39.61,-0.4225],[39.61,-0.423],[39.6105,-0.4228]],[[39.609,-0.4465],[39.6104,-0.4475],[39.61,-0.443],[39.6093,-0.4443],[39.6099,-0.4465],[39.609,-0.4465]],[[39.6101,-0.4509],[39.6103,-0.4509],[39.6101,-0.4506],[39.6101,-0.4509]],[[39.6088,-0.424],[39.6097,-0.4228],[39.609,-0.423],[39.6088,-0.424]],[[39.6093,-0.4289],[39.6093,-0.429],[39.6095,-0.429],[39.6093,-0.4289]],[[39.6095,-0.429],[39.6097,-0.4294],[39.6096,-0.429],[39.6095,-0.429]],[[39.609,-0.4506],[39.6092,-0.4515],[39.6096,-0.4503],[39.609,-0.4506]],[[39.6096,-0.4391],[39.6093,-0.439],[39.6096,-0.4392],[39.6096,-0.4391]],[[39.6085,-0.426],[39.6082,-0.427],[39.609,-0.4278],[39.6085,-0.426]],[[39.6087,-0.444],[39.6089,-0.444],[39.6087,-0.4438],[39.6087,-0.444]],[[39.608,-0.4248],[39.6085,-0.4255],[39.6088,-0.4245],[39.608,-0.4248]],[[39.6087,-0.4433],[39.6086,-0.4433],[39.6087,-0.4434],[39.6087,-0.4433]],[[39.6084,-0.443],[39.6085,-0.443],[39.6082,-0.4427],[39.6084,-0.443]],[[39.608,-0.4391],[39.6081,-0.4395],[39.6084,-0.4391],[39.608,-0.4391]],[[39.6079,-0.4238],[39.6071,-0.4229],[39.6073,-0.424],[39.6079,-0.4238]],[[39.6077,-0.4375],[39.6077,-0.4377],[39.6078,-0.4375],[39.6077,-0.4375]],[[39.6075,-0.443],[39.6073,-0.443],[39.6075,-0.4432],[39.6075,-0.443]],[[39.6073,-0.4257],[39.6064,-0.4262],[39.6072,-0.4265],[39.6073,-0.4257]],[[39.6063,-0.424],[39.6066,-0.424],[39.6063,-0.4239],[39.6063,-0.424]],[[39.6058,-0.4419],[39.6057,-0.4424],[39.6064,-0.442],[39.6058,-0.4419]],[[39.6011,-0.4343],[39.6011,-0.4359],[39.6018,-0.4348],[39.6028,-0.4353],[39.6019,-0.4352],[39.6028,-0.437],[39.6038,-0.4356],[39.6057,-0.4358],[39.6053,-0.4346],[39.6061,-0.4334],[39.6011,-0.4343]],[[39.6054,-0.429],[39.6046,-0.4288],[39.6049,-0.4292],[39.6054,-0.429]],[[39.6047,-0.4227],[39.6053,-0.4227],[39.605,-0.4224],[39.6047,-0.4227]],[[39.6051,-0.4294],[39.6052,-0.4294],[39.6051,-0.4294],[39.6051,-0.4294]],[[39.6041,-0.4436],[39.6039,-0.4431],[39.6037,-0.4439],[39.6041,-0.4436]],[[39.6043,-0.4229],[39.6046,-0.4226],[39.6037,-0.4228],[39.6043,-0.4229]],[[39.6046,-0.4257],[39.6045,-0.4257],[39.6046,-0.4259],[39.6046,-0.4257]],[[39.6026,-0.4292],[39.6014,-0.4284],[39.6027,-0.4303],[39.6026,-0.4292]],[[39.6024,-0.4249],[39.6025,-0.4249],[39.6024,-0.4248],[39.6024,-0.4249]],[[39.6009,-0.4285],[39.6,-0.4277],[39.5996,-0.428],[39.6009,-0.4285]],[[39.6001,-0.416],[39.5998,-0.4152],[39.5992,-0.4151],[39.599,-0.416],[39.6001,-0.416]],[[39.5989,-0.4266],[39.5968,-0.4258],[39.5993,-0.4279],[39.5989,-0.4266]],[[39.5978,-0.4193],[39.5982,-0.4191],[39.5978,-0.419],[39.5978,-0.4193]],[[39.5977,-0.4245],[39.5978,-0.4245],[39.5977,-0.4244],[39.5977,-0.4245]],[[39.5974,-0.4184],[39.5972,-0.4184],[39.5974,-0.4187],[39.5974,-0.4184]],[[39.597,-0.4224],[39.5953,-0.4231],[39.5965,-0.4237],[39.597,-0.4224]],[[39.5958,-0.4104],[39.5962,-0.4109],[39.5962,-0.4104],[39.5958,-0.4104]],[[39.5958,-0.429],[39.5956,-0.4291],[39.5959,-0.4292],[39.5958,-0.429]],[[39.5948,-0.4128],[39.5953,-0.414],[39.5956,-0.4136],[39.5948,-0.4128]],[[39.5953,-0.4123],[39.5953,-0.4124],[39.5955,-0.4123],[39.5953,-0.4123]],[[39.5945,-0.4181],[39.5942,-0.4189],[39.5945,-0.4185],[39.5945,-0.4181]],[[39.5943,-0.4176],[39.5945,-0.4176],[39.5943,-0.4175],[39.5943,-0.4176]]],[[[39.6871,-0.5647],[39.6875,-0.5649],[39.6871,-0.5649],[39.6871,-0.5647]]],[[[39.7448,-0.5949],[39.7442,-0.5945],[39.7448,-0.5945],[39.7448,-0.5949]]],[[[39.7248,-0.5677],[39.7244,-0.5675],[39.7247,-0.5675],[39.7248,-0.5677]]],[[[39.722,-0.5762],[39.7222,-0.5762],[39.7223,-0.5769],[39.722,-0.5762]]],[[[39.7177,-0.5897],[39.7164,-0.5893],[39.7188,-0.5899],[39.7177,-0.5897]]],[[[39.7139,-0.5661],[39.7138,-0.5651],[39.7148,-0.5652],[39.7149,-0.566],[39.7139,-0.5661]]],[[[39.7126,-0.5649],[39.7118,-0.5651],[39.7114,-0.5646],[39.712,-0.5646],[39.7126,-0.5649]]],[[[39.7101,-0.5591],[39.7101,-0.5604],[39.7091,-0.5606],[39.7101,-0.5591]]],[[[39.7083,-0.5793],[39.7086,-0.5793],[39.7084,-0.5795],[39.7083,-0.5793]]],[[[39.7078,-0.581],[39.7075,-0.5801],[39.7082,-0.5801],[39.7083,-0.5803],[39.7078,-0.581]]],[[[39.7079,-0.5795],[39.7078,-0.5799],[39.7075,-0.5796],[39.7079,-0.5795]]],[[[39.7075,-0.584],[39.7077,-0.5841],[39.7074,-0.5842],[39.7075,-0.584]]],[[[39.7075,-0.579],[39.7076,-0.579],[39.7076,-0.5793],[39.7075,-0.579]]],[[[39.7062,-0.5854],[39.7032,-0.5836],[39.7048,-0.5833],[39.7062,-0.5854]]],[[[39.7057,-0.5833],[39.7052,-0.583],[39.7057,-0.5829],[39.7057,-0.5833]]],[[[39.7027,-0.5833],[39.7027,-0.5831],[39.7033,-0.5834],[39.7027,-0.5833]]],[[[39.7021,-0.567],[39.7019,-0.567],[39.7019,-0.5669],[39.7021,-0.567]]],[[[39.7017,-0.5672],[39.7019,-0.5672],[39.7019,-0.5674],[39.7017,-0.5672]]],[[[39.7009,-0.5652],[39.7009,-0.5645],[39.7013,-0.5651],[39.7009,-0.5652]]],[[[39.6995,-0.5668],[39.7,-0.5661],[39.7007,-0.5667],[39.6995,-0.5668]]],[[[39.7,-0.5655],[39.6994,-0.566],[39.6994,-0.5655],[39.7,-0.5655]]],[[[39.6988,-0.5655],[39.6987,-0.5666],[39.6981,-0.5663],[39.6988,-0.5655]]],[[[39.6981,-0.57],[39.6987,-0.5701],[39.6979,-0.5704],[39.6981,-0.57]]],[[[39.6967,-0.5679],[39.696,-0.5682],[39.6969,-0.5676],[39.6967,-0.5679]]],[[[39.696,-0.5725],[39.6965,-0.5726],[39.6963,-0.5728],[39.696,-0.5725]]],[[[39.6961,-0.5783],[39.6964,-0.5783],[39.6964,-0.5785],[39.6961,-0.5783]]],[[[39.6951,-0.533],[39.6955,-0.5327],[39.6954,-0.5332],[39.6951,-0.533]]],[[[39.6943,-0.5309],[39.6943,-0.5306],[39.6945,-0.531],[39.6943,-0.5309]]],[[[39.6894,-0.5247],[39.6894,-0.5245],[39.6897,-0.5245],[39.6894,-0.5247]]],[[[39.6889,-0.5555],[39.688,-0.5541],[39.6892,-0.5536],[39.6894,-0.5547],[39.6889,-0.5555]]],[[[39.689,-0.5623],[39.6893,-0.5623],[39.6891,-0.5625],[39.689,-0.5623]]],[[[39.6883,-0.5224],[39.6888,-0.5227],[39.6883,-0.5226],[39.6883,-0.5224]]],[[[39.6872,-0.5598],[39.6878,-0.5597],[39.6878,-0.56],[39.6872,-0.5598]]],[[[39.6865,-0.5556],[39.687,-0.5552],[39.6875,-0.5555],[39.6865,-0.5556]]],[[[39.6833,-0.552],[39.6833,-0.5523],[39.6831,-0.552],[39.6833,-0.552]]],[[[39.6827,-0.5548],[39.6827,-0.5566],[39.6816,-0.5524],[39.6827,-0.5548]]],[[[39.6819,-0.5334],[39.6819,-0.5337],[39.6818,-0.5334],[39.6819,-0.5334]]],[[[39.6816,-0.542],[39.6811,-0.5419],[39.6813,-0.5415],[39.6816,-0.542]]],[[[39.6805,-0.5425],[39.6809,-0.5423],[39.6808,-0.5426],[39.6805,-0.5425]]],[[[39.6773,-0.5448],[39.6756,-0.5445],[39.6747,-0.5434],[39.6764,-0.5428],[39.6767,-0.5411],[39.6808,-0.5413],[39.6786,-0.5422],[39.6773,-0.5448]]],[[[39.6802,-0.5444],[39.6806,-0.5438],[39.6807,-0.5443],[39.6802,-0.5444]]],[[[39.6794,-0.5431],[39.6796,-0.5426],[39.6804,-0.5429],[39.6794,-0.5431]]],[[[39.678,-0.5463],[39.6763,-0.5453],[39.6797,-0.545],[39.6795,-0.5485],[39.6773,-0.5463],[39.678,-0.5463]]],[[[39.679,-0.5446],[39.679,-0.5443],[39.6795,-0.5446],[39.679,-0.5446]]],[[[39.6791,-0.5391],[39.679,-0.5388],[39.6794,-0.5389],[39.6791,-0.5391]]],[[[39.6792,-0.5433],[39.6792,-0.5435],[39.679,-0.5434],[39.6792,-0.5433]]],[[[39.6785,-0.5319],[39.6787,-0.5316],[39.6791,-0.5319],[39.6785,-0.5319]]],[[[39.679,-0.5311],[39.679,-0.5314],[39.6787,-0.5309],[39.679,-0.5311]]],[[[39.6742,-0.5186],[39.6739,-0.5187],[39.6739,-0.5184],[39.6742,-0.5186]]],[[[39.6729,-0.5184],[39.6731,-0.5184],[39.6728,-0.5187],[39.6729,-0.5184]]],[[[39.6728,-0.5377],[39.673,-0.5385],[39.6725,-0.5386],[39.6728,-0.5377]]],[[[39.6719,-0.5394],[39.6722,-0.5394],[39.6721,-0.5396],[39.6719,-0.5394]]],[[[39.672,-0.5361],[39.6715,-0.5363],[39.6715,-0.5356],[39.672,-0.5361]]],[[[39.6672,-0.5188],[39.6672,-0.5185],[39.6675,-0.5188],[39.6672,-0.5188]]],[[[39.6661,-0.5364],[39.6653,-0.5378],[39.6641,-0.5382],[39.6639,-0.5352],[39.6653,-0.5342],[39.6661,-0.5364]],[[39.6649,-0.5365],[39.6653,-0.5365],[39.6649,-0.5363],[39.6649,-0.5365]]],[[[39.6649,-0.534],[39.6651,-0.5332],[39.6655,-0.5332],[39.6657,-0.5338],[39.6649,-0.534]]],[[[39.6645,-0.5254],[39.6645,-0.5252],[39.6647,-0.5252],[39.6645,-0.5254]]],[[[39.6633,-0.5342],[39.6622,-0.5346],[39.662,-0.5337],[39.6642,-0.5343],[39.6633,-0.5348],[39.6633,-0.5342]]],[[[39.6628,-0.5378],[39.6636,-0.5382],[39.6628,-0.5382],[39.6628,-0.5378]]],[[[39.6616,-0.5365],[39.6618,-0.5355],[39.6597,-0.5353],[39.66,-0.5334],[39.6618,-0.5338],[39.6604,-0.5347],[39.6633,-0.5353],[39.6616,-0.5365]]],[[[39.6632,-0.5359],[39.6632,-0.5363],[39.6629,-0.5359],[39.6632,-0.5359]]],[[[39.6628,-0.5368],[39.6628,-0.5366],[39.6632,-0.5369],[39.6628,-0.5368]]],[[[39.6613,-0.538],[39.6609,-0.5373],[39.6628,-0.5375],[39.6619,-0.5375],[39.6613,-0.538]]],[[[39.6627,-0.5366],[39.6623,-0.5366],[39.6623,-0.5363],[39.6627,-0.5366]]],[[[39.6623,-0.527],[39.6619,-0.5282],[39.6611,-0.5281],[39.6614,-0.5273],[39.6623,-0.527]]],[[[39.6621,-0.4934],[39.6621,-0.4932],[39.6622,-0.4932],[39.6621,-0.4934]]],[[[39.6616,-0.5299],[39.6616,-0.5302],[39.6613,-0.5301],[39.6616,-0.5299]]],[[[39.6609,-0.5332],[39.6609,-0.5329],[39.6611,-0.5332],[39.6609,-0.5332]]],[[[39.6604,-0.5327],[39.6604,-0.5322],[39.6607,-0.5328],[39.6604,-0.5327]]],[[[39.6606,-0.5365],[39.6605,-0.5382],[39.6592,-0.5376],[39.66,-0.5368],[39.658,-0.5367],[39.6587,-0.5355],[39.6606,-0.5365]]],[[[39.6606,-0.5272],[39.6602,-0.5272],[39.6603,-0.5269],[39.6606,-0.5272]]],[[[39.6596,-0.5333],[39.6595,-0.5329],[39.66,-0.5331],[39.6596,-0.5333]]],[[[39.6596,-0.5353],[39.6593,-0.5352],[39.6593,-0.535],[39.6596,-0.5353]]],[[[39.6595,-0.5298],[39.6596,-0.5298],[39.6594,-0.53],[39.6595,-0.5298]]],[[[39.6593,-0.5273],[39.6596,-0.5273],[39.6593,-0.5275],[39.6593,-0.5273]]],[[[39.6584,-0.5233],[39.6587,-0.5234],[39.6584,-0.5234],[39.6584,-0.5233]]],[[[39.659,-0.5382],[39.6589,-0.5379],[39.6592,-0.5379],[39.659,-0.5382]]],[[[39.6587,-0.5347],[39.6587,-0.5343],[39.6591,-0.5347],[39.6587,-0.5347]]],[[[39.6585,-0.5376],[39.6585,-0.5371],[39.6589,-0.5375],[39.6585,-0.5376]]],[[[39.6566,-0.5255],[39.6566,-0.5257],[39.6564,-0.5255],[39.6566,-0.5255]]],[[[39.6561,-0.5307],[39.6561,-0.5303],[39.6562,-0.5303],[39.6561,-0.5307]]],[[[39.6557,-0.4897],[39.6557,-0.49],[39.6555,-0.4897],[39.6557,-0.4897]]],[[[39.6547,-0.4956],[39.6546,-0.4954],[39.655,-0.4953],[39.6547,-0.4956]]],[[[39.6532,-0.5263],[39.6532,-0.5267],[39.653,-0.5263],[39.6532,-0.5263]]],[[[39.6523,-0.5047],[39.6519,-0.5044],[39.6523,-0.5044],[39.6523,-0.5047]]],[[[39.6516,-0.4959],[39.6516,-0.4957],[39.6518,-0.4959],[39.6516,-0.4959]]],[[[39.6499,-0.5184],[39.6511,-0.5187],[39.6509,-0.5191],[39.6499,-0.5184]]],[[[39.6508,-0.5239],[39.6508,-0.5245],[39.6506,-0.5244],[39.6508,-0.5239]]],[[[39.6506,-0.5036],[39.6502,-0.5029],[39.6507,-0.5034],[39.6506,-0.5036]]],[[[39.6505,-0.5193],[39.6505,-0.5195],[39.6502,-0.5194],[39.6505,-0.5193]]],[[[39.6495,-0.5195],[39.6497,-0.5189],[39.6497,-0.5195],[39.6495,-0.5195]]],[[[39.6479,-0.504],[39.649,-0.5032],[39.6492,-0.5038],[39.6479,-0.504]]],[[[39.6489,-0.4842],[39.6484,-0.4838],[39.6488,-0.4837],[39.6489,-0.4842]]],[[[39.6475,-0.4836],[39.6481,-0.4828],[39.648,-0.4835],[39.6475,-0.4836]]],[[[39.6476,-0.5021],[39.6479,-0.5026],[39.6475,-0.5025],[39.6476,-0.5021]]],[[[39.6478,-0.5043],[39.6478,-0.5044],[39.6476,-0.5043],[39.6478,-0.5043]]],[[[39.6472,-0.5013],[39.6473,-0.501],[39.6477,-0.5013],[39.6472,-0.5013]]],[[[39.6474,-0.4822],[39.6473,-0.4827],[39.6469,-0.4825],[39.6474,-0.4822]]],[[[39.6472,-0.5216],[39.6461,-0.5213],[39.6472,-0.5213],[39.6472,-0.5216]]],[[[39.6469,-0.5112],[39.6468,-0.5111],[39.6471,-0.5111],[39.6469,-0.5112]]],[[[39.6463,-0.5122],[39.6465,-0.5122],[39.6463,-0.5125],[39.6463,-0.5122]]],[[[39.6448,-0.5124],[39.6451,-0.5129],[39.6448,-0.5128],[39.6448,-0.5124]]],[[[39.6446,-0.4971],[39.6443,-0.4972],[39.6442,-0.4966],[39.6446,-0.4971]]],[[[39.6418,-0.5148],[39.6429,-0.5149],[39.6428,-0.5161],[39.6434,-0.5153],[39.6446,-0.5158],[39.6423,-0.5168],[39.6418,-0.5148]]],[[[39.6432,-0.5149],[39.6429,-0.5144],[39.6433,-0.5142],[39.6432,-0.5149]]],[[[39.6433,-0.514],[39.6431,-0.514],[39.6433,-0.5139],[39.6433,-0.514]]],[[[39.6418,-0.5171],[39.6424,-0.5174],[39.6418,-0.5173],[39.6418,-0.5171]]],[[[39.6425,-0.5074],[39.6418,-0.5072],[39.6421,-0.5069],[39.6425,-0.5074]]],[[[39.6413,-0.5151],[39.6409,-0.5149],[39.6411,-0.5146],[39.6413,-0.5151]]],[[[39.6408,-0.5173],[39.6409,-0.5176],[39.6404,-0.5176],[39.6408,-0.5173]]],[[[39.6406,-0.5139],[39.64,-0.5137],[39.6399,-0.5131],[39.6401,-0.5131],[39.6406,-0.5139]]],[[[39.639,-0.4969],[39.6392,-0.4969],[39.6392,-0.497],[39.639,-0.4969]]],[[[39.6384,-0.5197],[39.6382,-0.5195],[39.6385,-0.5195],[39.6384,-0.5197]]],[[[39.6385,-0.5195],[39.6385,-0.5192],[39.639,-0.5192],[39.6385,-0.5195]]],[[[39.6383,-0.5016],[39.6383,-0.5013],[39.6386,-0.5017],[39.6383,-0.5016]]],[[[39.6379,-0.4814],[39.6379,-0.481],[39.6382,-0.4813],[39.6379,-0.4814]]],[[[39.6374,-0.4629],[39.6369,-0.4632],[39.6366,-0.4627],[39.6374,-0.4629]]],[[[39.6373,-0.4811],[39.6367,-0.4815],[39.6366,-0.482],[39.6365,-0.4808],[39.6373,-0.4811]]],[[[39.6366,-0.4613],[39.6368,-0.46],[39.6369,-0.4613],[39.6366,-0.4613]]],[[[39.6359,-0.4541],[39.6368,-0.4551],[39.6361,-0.4553],[39.6359,-0.4541]]],[[[39.6363,-0.4387],[39.6361,-0.4397],[39.6356,-0.4384],[39.6363,-0.4387]]],[[[39.6359,-0.461],[39.6363,-0.4612],[39.6361,-0.4615],[39.6359,-0.461]]],[[[39.6362,-0.4585],[39.6358,-0.4585],[39.6362,-0.458],[39.6362,-0.4585]]],[[[39.6362,-0.5073],[39.6356,-0.5071],[39.636,-0.507],[39.6362,-0.5073]]],[[[39.6358,-0.456],[39.6361,-0.456],[39.636,-0.4561],[39.6358,-0.456]]],[[[39.6359,-0.4818],[39.6359,-0.482],[39.6357,-0.4818],[39.6359,-0.4818]]],[[[39.6352,-0.4456],[39.6356,-0.4455],[39.6358,-0.4462],[39.6352,-0.4456]]],[[[39.6356,-0.4812],[39.6359,-0.4811],[39.6359,-0.4815],[39.6356,-0.4812]]],[[[39.6356,-0.4476],[39.6359,-0.4476],[39.6358,-0.4478],[39.6356,-0.4476]]],[[[39.6357,-0.4467],[39.6357,-0.4465],[39.6359,-0.4466],[39.6357,-0.4467]]],[[[39.6357,-0.4399],[39.6357,-0.4403],[39.6356,-0.4399],[39.6357,-0.4399]]],[[[39.6355,-0.4485],[39.6354,-0.4482],[39.6356,-0.4485],[39.6355,-0.4485]]],[[[39.6356,-0.4416],[39.6354,-0.4417],[39.6354,-0.4413],[39.6356,-0.4416]]],[[[39.6347,-0.4393],[39.6352,-0.4389],[39.6356,-0.4397],[39.6347,-0.4393]]],[[[39.6351,-0.4325],[39.6344,-0.4315],[39.6342,-0.4303],[39.6351,-0.4325]]],[[[39.635,-0.4681],[39.635,-0.4683],[39.6347,-0.4681],[39.635,-0.4681]]],[[[39.6345,-0.5008],[39.6347,-0.5021],[39.6338,-0.5025],[39.6333,-0.5021],[39.6335,-0.5008],[39.6345,-0.5008]],[[39.6339,-0.5015],[39.6339,-0.5014],[39.6338,-0.5014],[39.6339,-0.5015]]],[[[39.6339,-0.476],[39.6339,-0.4753],[39.6343,-0.4759],[39.6339,-0.476]]],[[[39.6341,-0.4767],[39.6337,-0.4768],[39.6337,-0.4764],[39.6341,-0.4767]]],[[[39.6332,-0.5005],[39.6337,-0.5],[39.6337,-0.5005],[39.6332,-0.5005]]],[[[39.6334,-0.484],[39.6334,-0.4841],[39.633,-0.484],[39.6334,-0.484]]],[[[39.6334,-0.4321],[39.6331,-0.4322],[39.6334,-0.4317],[39.6334,-0.4321]]],[[[39.6326,-0.4759],[39.6333,-0.4757],[39.6329,-0.4768],[39.6326,-0.4759]]],[[[39.6329,-0.4827],[39.6329,-0.4823],[39.6332,-0.4826],[39.6329,-0.4827]]],[[[39.6322,-0.4778],[39.633,-0.4773],[39.6332,-0.478],[39.6322,-0.4778]]],[[[39.6328,-0.4692],[39.633,-0.4692],[39.633,-0.4694],[39.6328,-0.4692]]],[[[39.633,-0.4634],[39.6328,-0.4632],[39.6329,-0.4632],[39.633,-0.4634]]],[[[39.6324,-0.4284],[39.6329,-0.4284],[39.6326,-0.4285],[39.6324,-0.4284]]],[[[39.6329,-0.4967],[39.6329,-0.497],[39.6325,-0.4968],[39.6329,-0.4967]]],[[[39.6327,-0.4641],[39.6327,-0.4643],[39.6325,-0.4641],[39.6327,-0.4641]]],[[[39.632,-0.4297],[39.6325,-0.4293],[39.6326,-0.4296],[39.632,-0.4297]]],[[[39.6323,-0.4302],[39.6322,-0.4299],[39.6324,-0.4299],[39.6323,-0.4302]]],[[[39.6315,-0.4773],[39.632,-0.4767],[39.6318,-0.4773],[39.6315,-0.4773]]],[[[39.6317,-0.4588],[39.6319,-0.4583],[39.632,-0.4588],[39.6317,-0.4588]]],[[[39.6308,-0.4247],[39.631,-0.4233],[39.6319,-0.4234],[39.632,-0.4246],[39.6296,-0.4263],[39.6309,-0.4272],[39.6305,-0.4279],[39.6294,-0.4275],[39.6304,-0.4295],[39.6298,-0.4308],[39.6286,-0.4295],[39.6287,-0.4278],[39.6269,-0.428],[39.6253,-0.4266],[39.6276,-0.4238],[39.6268,-0.422],[39.6282,-0.4236],[39.6302,-0.4237],[39.6299,-0.4248],[39.6308,-0.4247]],[[39.6287,-0.4243],[39.6287,-0.4237],[39.6281,-0.4242],[39.6287,-0.4243]]],[[[39.6315,-0.427],[39.6317,-0.427],[39.6314,-0.4272],[39.6315,-0.427]]],[[[39.6314,-0.4476],[39.6309,-0.4477],[39.631,-0.4472],[39.6314,-0.4476]]],[[[39.6311,-0.427],[39.6311,-0.4266],[39.6314,-0.427],[39.6311,-0.427]]],[[[39.6311,-0.4259],[39.6312,-0.4263],[39.631,-0.4262],[39.6311,-0.4259]]],[[[39.6307,-0.4978],[39.6307,-0.4975],[39.631,-0.4975],[39.6307,-0.4978]]],[[[39.6308,-0.4767],[39.6307,-0.4764],[39.631,-0.4764],[39.6308,-0.4767]]],[[[39.6309,-0.4292],[39.6302,-0.4291],[39.6304,-0.4288],[39.6309,-0.4292]]],[[[39.6309,-0.4281],[39.6309,-0.4283],[39.6305,-0.4281],[39.6309,-0.4281]]],[[[39.6302,-0.4785],[39.6302,-0.4778],[39.6305,-0.4785],[39.6302,-0.4785]]],[[[39.6295,-0.4761],[39.6298,-0.4755],[39.6303,-0.4761],[39.6295,-0.4761]]],[[[39.6303,-0.4821],[39.63,-0.4817],[39.6303,-0.4819],[39.6303,-0.4821]]],[[[39.6295,-0.4792],[39.6297,-0.4794],[39.6297,-0.4797],[39.6295,-0.4792]]],[[[39.6295,-0.4467],[39.6298,-0.4469],[39.6294,-0.447],[39.6295,-0.4467]]],[[[39.6296,-0.4807],[39.6296,-0.4814],[39.6291,-0.4801],[39.6296,-0.4807]]],[[[39.6266,-0.3941],[39.6259,-0.3933],[39.6259,-0.3913],[39.6268,-0.3924],[39.6271,-0.3913],[39.6285,-0.3921],[39.6285,-0.3931],[39.6272,-0.3931],[39.6265,-0.3945],[39.625,-0.3947],[39.6251,-0.3931],[39.6266,-0.3941]]],[[[39.6275,-0.4297],[39.6275,-0.4294],[39.6281,-0.4298],[39.6275,-0.4297]]],[[[39.6281,-0.4507],[39.628,-0.451],[39.6278,-0.4507],[39.6281,-0.4507]]],[[[39.6266,-0.4211],[39.6276,-0.4209],[39.6279,-0.4213],[39.6266,-0.4211]]],[[[39.6266,-0.4227],[39.6268,-0.4227],[39.6266,-0.4233],[39.6266,-0.4227]]],[[[39.6266,-0.4284],[39.6264,-0.4284],[39.6264,-0.4282],[39.6266,-0.4284]]],[[[39.6264,-0.4185],[39.6261,-0.4187],[39.6261,-0.4184],[39.6264,-0.4185]]],[[[39.6258,-0.4512],[39.6247,-0.4498],[39.6249,-0.4494],[39.6257,-0.4494],[39.6258,-0.4512]]],[[[39.626,-0.3906],[39.626,-0.3909],[39.6257,-0.3907],[39.626,-0.3906]]],[[[39.6259,-0.4302],[39.6257,-0.4296],[39.626,-0.4295],[39.6259,-0.4302]]],[[[39.6257,-0.4288],[39.6257,-0.4291],[39.6256,-0.4288],[39.6257,-0.4288]]],[[[39.6248,-0.4288],[39.6253,-0.4284],[39.6249,-0.4292],[39.6248,-0.4288]]],[[[39.6249,-0.3957],[39.6238,-0.3951],[39.6253,-0.3952],[39.6249,-0.3957]]],[[[39.6252,-0.4185],[39.6248,-0.4195],[39.6235,-0.4185],[39.6238,-0.4179],[39.6252,-0.4185]]],[[[39.6239,-0.4121],[39.6251,-0.4122],[39.6244,-0.4143],[39.6229,-0.414],[39.6239,-0.4121]],[[39.6241,-0.4129],[39.624,-0.4129],[39.6241,-0.413],[39.6241,-0.4129]]],[[[39.6239,-0.4267],[39.6237,-0.4254],[39.624,-0.4246],[39.6246,-0.4263],[39.6239,-0.4267]]],[[[39.6239,-0.4522],[39.6242,-0.4517],[39.6244,-0.4522],[39.6239,-0.4522]]],[[[39.6215,-0.4094],[39.6201,-0.4088],[39.6218,-0.4072],[39.6214,-0.4066],[39.624,-0.4071],[39.6215,-0.4094]],[[39.6228,-0.4073],[39.6226,-0.4073],[39.6228,-0.4076],[39.6228,-0.4073]],[[39.6226,-0.4082],[39.622,-0.4084],[39.6225,-0.4085],[39.6226,-0.4082]],[[39.6217,-0.4077],[39.6216,-0.4077],[39.6217,-0.4077],[39.6217,-0.4077]]],[[[39.6238,-0.4282],[39.6229,-0.4273],[39.624,-0.4268],[39.6238,-0.4282]]],[[[39.6229,-0.426],[39.6228,-0.4256],[39.6235,-0.4259],[39.6229,-0.426]]],[[[39.6163,-0.4471],[39.6163,-0.446],[39.617,-0.4462],[39.6174,-0.4467],[39.6163,-0.4471]]],[[[39.6209,-0.4038],[39.6228,-0.4061],[39.62,-0.4048],[39.619,-0.4055],[39.6179,-0.4037],[39.6188,-0.4012],[39.6196,-0.4011],[39.6197,-0.402],[39.6216,-0.4014],[39.6204,-0.4028],[39.6217,-0.4028],[39.6209,-0.4038]],[[39.6206,-0.4037],[39.6204,-0.4029],[39.6199,-0.4036],[39.6206,-0.4037]],[[39.619,-0.4024],[39.6188,-0.4024],[39.619,-0.4027],[39.619,-0.4024]]],[[[39.6226,-0.448],[39.6227,-0.448],[39.6226,-0.4484],[39.6226,-0.448]]],[[[39.6226,-0.4143],[39.6223,-0.4143],[39.6223,-0.4138],[39.6226,-0.4143]]],[[[39.6213,-0.4133],[39.6219,-0.413],[39.6221,-0.4135],[39.6213,-0.4133]]],[[[39.6193,-0.4136],[39.6208,-0.4125],[39.6183,-0.412],[39.6139,-0.4133],[39.6163,-0.4117],[39.6144,-0.4109],[39.6151,-0.4101],[39.6168,-0.4101],[39.6163,-0.4111],[39.617,-0.4116],[39.621,-0.4123],[39.621,-0.4135],[39.6217,-0.4135],[39.6203,-0.4152],[39.6193,-0.4136]],[[39.6205,-0.4131],[39.6202,-0.4133],[39.6204,-0.4135],[39.6205,-0.4131]]],[[[39.6198,-0.4128],[39.6195,-0.4125],[39.6198,-0.4125],[39.6198,-0.4128]]],[[[39.6204,-0.4482],[39.6212,-0.4472],[39.6216,-0.4478],[39.6204,-0.4482]]],[[[39.6215,-0.4111],[39.6212,-0.411],[39.6212,-0.4108],[39.6215,-0.4111]]],[[[39.6207,-0.4539],[39.6208,-0.4539],[39.6206,-0.4541],[39.6207,-0.4539]]],[[[39.6204,-0.3976],[39.6205,-0.3972],[39.6207,-0.3976],[39.6204,-0.3976]]],[[[39.6203,-0.428],[39.6203,-0.4277],[39.6205,-0.428],[39.6203,-0.428]]],[[[39.6195,-0.41],[39.6201,-0.4096],[39.6205,-0.4104],[39.6195,-0.41]]],[[[39.6195,-0.4114],[39.6191,-0.4112],[39.6195,-0.4111],[39.6195,-0.4114]]],[[[39.6189,-0.4103],[39.6189,-0.41],[39.6192,-0.4103],[39.6189,-0.4103]]],[[[39.6185,-0.45],[39.6183,-0.45],[39.6183,-0.4497],[39.6185,-0.45]]],[[[39.6176,-0.4294],[39.6181,-0.4301],[39.6179,-0.4309],[39.6169,-0.4306],[39.6176,-0.4294]]],[[[39.617,-0.4128],[39.6178,-0.4132],[39.617,-0.4131],[39.617,-0.4128]]],[[[39.6176,-0.436],[39.6171,-0.4361],[39.6171,-0.4354],[39.6176,-0.436]]],[[[39.617,-0.472],[39.6169,-0.472],[39.6169,-0.4715],[39.617,-0.472]]],[[[39.6169,-0.4761],[39.6167,-0.4759],[39.6169,-0.4758],[39.6169,-0.4761]]],[[[39.6166,-0.4751],[39.6168,-0.475],[39.6168,-0.4752],[39.6166,-0.4751]]],[[[39.6163,-0.4128],[39.6165,-0.4128],[39.6165,-0.4131],[39.6163,-0.4128]]],[[[39.6165,-0.4081],[39.6165,-0.4083],[39.6162,-0.4082],[39.6165,-0.4081]]],[[[39.616,-0.4208],[39.6153,-0.4205],[39.616,-0.4205],[39.616,-0.4208]]],[[[39.6154,-0.4169],[39.6152,-0.4163],[39.6155,-0.4162],[39.6154,-0.4169]]],[[[39.6144,-0.4096],[39.6151,-0.4093],[39.6151,-0.4097],[39.6144,-0.4096]]],[[[39.6151,-0.4076],[39.6145,-0.4071],[39.6151,-0.4071],[39.6151,-0.4076]]],[[[39.615,-0.4117],[39.615,-0.4121],[39.6148,-0.4118],[39.615,-0.4117]]],[[[39.615,-0.4475],[39.6146,-0.4475],[39.6148,-0.4472],[39.615,-0.4475]]],[[[39.6144,-0.4118],[39.6127,-0.4131],[39.6113,-0.4126],[39.613,-0.4118],[39.6144,-0.4118]]],[[[39.6142,-0.4392],[39.6144,-0.4386],[39.6143,-0.4392],[39.6142,-0.4392]]],[[[39.6126,-0.4352],[39.6136,-0.4348],[39.6138,-0.4355],[39.6129,-0.4361],[39.6126,-0.4352]]],[[[39.6133,-0.4135],[39.613,-0.4138],[39.6138,-0.4135],[39.6133,-0.4135]]],[[[39.6137,-0.4425],[39.6136,-0.4427],[39.6134,-0.4425],[39.6137,-0.4425]]],[[[39.6134,-0.4381],[39.6134,-0.4386],[39.6132,-0.4382],[39.6134,-0.4381]]],[[[39.613,-0.4404],[39.6127,-0.44],[39.6131,-0.4401],[39.613,-0.4404]]],[[[39.6127,-0.4594],[39.6121,-0.4588],[39.6125,-0.4588],[39.6127,-0.4594]]],[[[39.6121,-0.418],[39.6121,-0.4179],[39.6124,-0.4179],[39.6121,-0.418]]],[[[39.6114,-0.4302],[39.6123,-0.43],[39.6123,-0.4304],[39.6114,-0.4302]]],[[[39.6115,-0.4321],[39.6121,-0.4318],[39.612,-0.4326],[39.6115,-0.4321]]],[[[39.6121,-0.3841],[39.6119,-0.3845],[39.6117,-0.3842],[39.6121,-0.3841]]],[[[39.6108,-0.4133],[39.612,-0.4139],[39.6093,-0.4144],[39.6108,-0.4133]]],[[[39.6102,-0.3688],[39.6102,-0.3686],[39.6105,-0.3688],[39.6102,-0.3688]]],[[[39.6097,-0.3936],[39.61,-0.3933],[39.6099,-0.3937],[39.6097,-0.3936]]],[[[39.609,-0.383],[39.6097,-0.383],[39.6097,-0.3835],[39.609,-0.383]]],[[[39.6097,-0.3667],[39.6092,-0.3665],[39.6092,-0.3663],[39.6097,-0.3667]]],[[[39.6081,-0.3637],[39.6095,-0.3643],[39.608,-0.364],[39.6081,-0.3637]]],[[[39.6087,-0.3684],[39.6094,-0.3697],[39.6088,-0.3698],[39.6087,-0.3684]]],[[[39.6071,-0.4132],[39.6075,-0.4146],[39.6093,-0.4145],[39.609,-0.4152],[39.6075,-0.4155],[39.605,-0.4141],[39.6071,-0.4132]]],[[[39.609,-0.4131],[39.6089,-0.4126],[39.6091,-0.4126],[39.609,-0.4131]]],[[[39.6082,-0.4207],[39.609,-0.4204],[39.6091,-0.4209],[39.6082,-0.4207]]],[[[39.5975,-0.388],[39.5947,-0.3888],[39.5913,-0.3864],[39.5913,-0.3855],[39.5893,-0.3855],[39.5868,-0.3839],[39.5873,-0.3812],[39.5858,-0.3801],[39.5814,-0.3808],[39.5822,-0.3798],[39.5837,-0.3799],[39.5839,-0.3776],[39.5844,-0.3784],[39.5856,-0.3776],[39.585,-0.3766],[39.5812,-0.3764],[39.5812,-0.3711],[39.5818,-0.3707],[39.5814,-0.3715],[39.5825,-0.3726],[39.5835,-0.3718],[39.5834,-0.3703],[39.5848,-0.3695],[39.5867,-0.371],[39.5861,-0.3722],[39.5885,-0.3725],[39.5893,-0.3702],[39.5921,-0.3695],[39.5939,-0.3678],[39.5936,-0.367],[39.5961,-0.3668],[39.5971,-0.3653],[39.5966,-0.3669],[39.5981,-0.3666],[39.5988,-0.3647],[39.5982,-0.3651],[39.5974,-0.3648],[39.5998,-0.3627],[39.5995,-0.365],[39.5975,-0.3675],[39.5977,-0.3683],[39.5995,-0.3668],[39.6003,-0.3624],[39.6014,-0.3622],[39.6003,-0.3643],[39.6002,-0.3658],[39.6015,-0.3657],[39.6004,-0.3681],[39.6022,-0.3683],[39.602,-0.3692],[39.6058,-0.3679],[39.6055,-0.3688],[39.6078,-0.3696],[39.6063,-0.3712],[39.609,-0.3707],[39.6077,-0.3711],[39.6076,-0.3728],[39.6043,-0.3729],[39.6036,-0.3718],[39.605,-0.372],[39.606,-0.3696],[39.6053,-0.3689],[39.6053,-0.3701],[39.6021,-0.3715],[39.5997,-0.3745],[39.5972,-0.3739],[39.5961,-0.3746],[39.597,-0.3718],[39.5948,-0.3725],[39.5946,-0.3746],[39.597,-0.3777],[39.597,-0.3793],[39.5995,-0.3799],[39.6001,-0.3832],[39.6013,-0.3832],[39.6002,-0.3834],[39.601,-0.3842],[39.6003,-0.385],[39.5975,-0.3842],[39.5959,-0.3855],[39.596,-0.3847],[39.5935,-0.3855],[39.5952,-0.3857],[39.5955,-0.3876],[39.5973,-0.3866],[39.5975,-0.388]],[[39.6034,-0.3704],[39.6034,-0.3702],[39.6032,-0.3702],[39.6034,-0.3704]],[[39.6009,-0.3715],[39.6005,-0.3706],[39.6002,-0.3711],[39.6009,-0.3715]],[[39.6011,-0.3721],[39.6011,-0.372],[39.601,-0.372],[39.6011,-0.3721]],[[39.5969,-0.3825],[39.5975,-0.3809],[39.5931,-0.3821],[39.5937,-0.3838],[39.5999,-0.384],[39.5969,-0.3825]],[[39.5995,-0.3822],[39.5998,-0.3823],[39.5998,-0.3821],[39.5995,-0.3822]],[[39.5993,-0.3703],[39.599,-0.3689],[39.5983,-0.3688],[39.5983,-0.3699],[39.5993,-0.3703]],[[39.5992,-0.3824],[39.5985,-0.3819],[39.5985,-0.3827],[39.5992,-0.3824]],[[39.5983,-0.3725],[39.5983,-0.3723],[39.5981,-0.3724],[39.5983,-0.3725]],[[39.5975,-0.3725],[39.5973,-0.3722],[39.5972,-0.3726],[39.5975,-0.3725]],[[39.597,-0.3678],[39.5968,-0.3685],[39.597,-0.3685],[39.597,-0.3678]],[[39.597,-0.38],[39.597,-0.3798],[39.5967,-0.3798],[39.597,-0.38]],[[39.593,-0.38],[39.5925,-0.3805],[39.593,-0.3802],[39.593,-0.38]],[[39.593,-0.38],[39.5958,-0.38],[39.5962,-0.3795],[39.5958,-0.3765],[39.5953,-0.3795],[39.593,-0.38]],[[39.5953,-0.3765],[39.5953,-0.3762],[39.595,-0.3762],[39.5953,-0.3765]],[[39.595,-0.3762],[39.595,-0.376],[39.5947,-0.376],[39.595,-0.3762]],[[39.5947,-0.376],[39.5938,-0.3752],[39.593,-0.374],[39.5938,-0.376],[39.5947,-0.376]],[[39.5928,-0.374],[39.593,-0.3725],[39.5945,-0.3695],[39.593,-0.3708],[39.5928,-0.374]],[[39.595,-0.3699],[39.5946,-0.3711],[39.5961,-0.3699],[39.595,-0.3699]],[[39.596,-0.3685],[39.5947,-0.3693],[39.5958,-0.3693],[39.596,-0.3685]],[[39.5953,-0.3779],[39.5937,-0.3762],[39.5924,-0.3766],[39.5943,-0.3774],[39.5899,-0.3786],[39.5901,-0.3806],[39.5937,-0.3794],[39.5953,-0.3779]],[[39.595,-0.3695],[39.5947,-0.3695],[39.5947,-0.3698],[39.595,-0.3695]],[[39.5947,-0.3869],[39.5947,-0.3867],[39.5947,-0.3867],[39.5947,-0.3869]],[[39.592,-0.385],[39.592,-0.3857],[39.593,-0.386],[39.5932,-0.3855],[39.592,-0.385]],[[39.5926,-0.3746],[39.5924,-0.3746],[39.5925,-0.375],[39.5926,-0.3746]],[[39.5915,-0.3734],[39.5924,-0.374],[39.5923,-0.3732],[39.5915,-0.3734]],[[39.592,-0.3807],[39.5922,-0.3807],[39.5922,-0.3805],[39.592,-0.3807]],[[39.5922,-0.3847],[39.5913,-0.3837],[39.5907,-0.3837],[39.591,-0.3845],[39.5922,-0.3847]],[[39.592,-0.3714],[39.5918,-0.3714],[39.5918,-0.3715],[39.592,-0.3714]],[[39.591,-0.3817],[39.5913,-0.3835],[39.5917,-0.381],[39.591,-0.3817]],[[39.591,-0.3847],[39.591,-0.385],[39.5913,-0.385],[39.591,-0.3847]],[[39.5901,-0.3809],[39.5901,-0.3808],[39.5899,-0.3808],[39.5901,-0.3809]],[[39.5878,-0.3787],[39.5876,-0.3805],[39.5894,-0.38],[39.5895,-0.3773],[39.5868,-0.3778],[39.5878,-0.3787]],[[39.5893,-0.3817],[39.5894,-0.3803],[39.5887,-0.381],[39.5893,-0.3817]],[[39.5882,-0.373],[39.5882,-0.3737],[39.5887,-0.3738],[39.5882,-0.373]],[[39.5881,-0.3807],[39.5885,-0.3809],[39.5885,-0.3806],[39.5881,-0.3807]],[[39.5879,-0.3772],[39.5875,-0.376],[39.5869,-0.3762],[39.5879,-0.3772]],[[39.587,-0.3803],[39.587,-0.3805],[39.5871,-0.3805],[39.587,-0.3803]],[[39.5856,-0.3756],[39.5864,-0.3765],[39.587,-0.3741],[39.586,-0.3731],[39.5842,-0.3756],[39.5856,-0.3756]],[[39.586,-0.379],[39.5865,-0.3791],[39.5866,-0.3787],[39.586,-0.379]],[[39.5856,-0.3787],[39.5858,-0.379],[39.5859,-0.3788],[39.5856,-0.3787]],[[39.5851,-0.376],[39.5851,-0.3761],[39.5852,-0.3761],[39.5851,-0.376]],[[39.5845,-0.3727],[39.5845,-0.3729],[39.5847,-0.3729],[39.5845,-0.3727]],[[39.583,-0.3732],[39.583,-0.3733],[39.5831,-0.3733],[39.583,-0.3732]],[[39.5831,-0.3733],[39.5832,-0.3734],[39.5832,-0.3733],[39.5831,-0.3733]],[[39.5826,-0.3733],[39.582,-0.3742],[39.5823,-0.3752],[39.5826,-0.3733]],[[39.5813,-0.3735],[39.5816,-0.3736],[39.5816,-0.3733],[39.5813,-0.3735]]],[[[39.6085,-0.4198],[39.6087,-0.4198],[39.6084,-0.42],[39.6085,-0.4198]]],[[[39.608,-0.4122],[39.608,-0.4119],[39.6085,-0.4122],[39.608,-0.4122]]],[[[39.608,-0.3651],[39.6065,-0.3659],[39.6054,-0.3648],[39.6067,-0.363],[39.608,-0.3651]]],[[[39.6072,-0.3666],[39.6066,-0.3664],[39.6072,-0.3661],[39.6072,-0.3666]]],[[[39.6071,-0.3916],[39.6068,-0.3917],[39.6072,-0.3913],[39.6071,-0.3916]]],[[[39.6071,-0.3622],[39.6059,-0.362],[39.6071,-0.362],[39.6071,-0.3622]]],[[[39.605,-0.3831],[39.6066,-0.3834],[39.6071,-0.3848],[39.6054,-0.3855],[39.6054,-0.3844],[39.6043,-0.3841],[39.605,-0.3831]]],[[[39.6064,-0.3745],[39.6064,-0.3744],[39.607,-0.3745],[39.6064,-0.3745]]],[[[39.605,-0.4093],[39.6054,-0.4119],[39.6069,-0.4119],[39.606,-0.4128],[39.6028,-0.4108],[39.605,-0.4093]]],[[[39.6066,-0.4083],[39.6045,-0.409],[39.6063,-0.4077],[39.6066,-0.4083]]],[[[39.6059,-0.4106],[39.6059,-0.4109],[39.6057,-0.4107],[39.6059,-0.4106]]],[[[39.6058,-0.4009],[39.6058,-0.401],[39.6055,-0.401],[39.6058,-0.4009]]],[[[39.605,-0.4183],[39.6058,-0.419],[39.6048,-0.419],[39.605,-0.4183]]],[[[39.6039,-0.3667],[39.6027,-0.3647],[39.6017,-0.3641],[39.605,-0.365],[39.6057,-0.3664],[39.6039,-0.3667]],[[39.6045,-0.3655],[39.6044,-0.3655],[39.6045,-0.3657],[39.6045,-0.3655]]],[[[39.6055,-0.3996],[39.6044,-0.3992],[39.6055,-0.3992],[39.6055,-0.3996]]],[[[39.6054,-0.3624],[39.6047,-0.3619],[39.6054,-0.362],[39.6054,-0.3624]]],[[[39.6051,-0.3741],[39.6052,-0.3745],[39.6035,-0.3736],[39.6051,-0.3741]]],[[[39.605,-0.3913],[39.6037,-0.3922],[39.6051,-0.3904],[39.605,-0.3913]]],[[[39.6048,-0.388],[39.6046,-0.3876],[39.6051,-0.3879],[39.6048,-0.388]]],[[[39.6049,-0.4007],[39.6018,-0.4002],[39.6028,-0.4],[39.6049,-0.4007]]],[[[39.6037,-0.3886],[39.6048,-0.3905],[39.6033,-0.3915],[39.6037,-0.3886]]],[[[39.6044,-0.4192],[39.6044,-0.419],[39.6047,-0.419],[39.6044,-0.4192]]],[[[39.6044,-0.435],[39.6043,-0.4349],[39.6043,-0.4346],[39.6044,-0.435]]],[[[39.6043,-0.4123],[39.6044,-0.4123],[39.6044,-0.4126],[39.6043,-0.4123]]],[[[39.6044,-0.4181],[39.6042,-0.4182],[39.6041,-0.4179],[39.6044,-0.4181]]],[[[39.604,-0.3735],[39.604,-0.3732],[39.6043,-0.3734],[39.604,-0.3735]]],[[[39.6033,-0.3895],[39.6035,-0.3889],[39.6035,-0.3889],[39.6033,-0.3895]]],[[[39.6019,-0.3731],[39.6022,-0.3728],[39.6034,-0.3718],[39.6019,-0.3731]]],[[[39.6018,-0.392],[39.5978,-0.3914],[39.5967,-0.3886],[39.598,-0.3882],[39.5978,-0.3898],[39.5985,-0.3892],[39.6033,-0.3902],[39.6018,-0.392]]],[[[39.6032,-0.3979],[39.6031,-0.3981],[39.6029,-0.3979],[39.6032,-0.3979]]],[[[39.601,-0.3968],[39.6013,-0.396],[39.603,-0.3959],[39.6031,-0.3962],[39.601,-0.3968]]],[[[39.6026,-0.3992],[39.603,-0.3985],[39.603,-0.3991],[39.6026,-0.3992]]],[[[39.6027,-0.3948],[39.6025,-0.3944],[39.6026,-0.3944],[39.6027,-0.3948]]],[[[39.6025,-0.3796],[39.6027,-0.3796],[39.6027,-0.3798],[39.6025,-0.3796]]],[[[39.6025,-0.3741],[39.6026,-0.3741],[39.6026,-0.3744],[39.6025,-0.3741]]],[[[39.6016,-0.4013],[39.6008,-0.4012],[39.6026,-0.4015],[39.6016,-0.4013]]],[[[39.6017,-0.4138],[39.6019,-0.4138],[39.6019,-0.414],[39.6017,-0.4138]]],[[[39.6017,-0.3776],[39.6012,-0.3778],[39.6018,-0.3772],[39.6017,-0.3776]]],[[[39.6007,-0.3653],[39.6007,-0.3645],[39.6018,-0.365],[39.6018,-0.3653],[39.6007,-0.3653]]],[[[39.6015,-0.3944],[39.6014,-0.3942],[39.6017,-0.3944],[39.6015,-0.3944]]],[[[39.6017,-0.3634],[39.6015,-0.3635],[39.6014,-0.3632],[39.6017,-0.3634]]],[[[39.6016,-0.4029],[39.5991,-0.4045],[39.5999,-0.4024],[39.5987,-0.4017],[39.5986,-0.4046],[39.5972,-0.4064],[39.5965,-0.4058],[39.5956,-0.4066],[39.5956,-0.4044],[39.5977,-0.4037],[39.5956,-0.4002],[39.5973,-0.4002],[39.5977,-0.3992],[39.6003,-0.3997],[39.6005,-0.4002],[39.6011,-0.4003],[39.5999,-0.4008],[39.6016,-0.4029]],[[39.5978,-0.402],[39.5979,-0.4016],[39.5975,-0.402],[39.5978,-0.402]]],[[[39.6011,-0.3639],[39.6011,-0.364],[39.6009,-0.3639],[39.6011,-0.3639]]],[[[39.6006,-0.3974],[39.601,-0.3973],[39.6008,-0.3977],[39.6006,-0.3974]]],[[[39.601,-0.4],[39.6005,-0.4],[39.601,-0.3998],[39.601,-0.4]]],[[[39.6006,-0.3987],[39.6006,-0.399],[39.6003,-0.3989],[39.6006,-0.3987]]],[[[39.5976,-0.396],[39.5986,-0.3936],[39.6005,-0.3937],[39.5997,-0.3953],[39.6,-0.3994],[39.5983,-0.398],[39.5976,-0.396]],[[39.5985,-0.3952],[39.5988,-0.3952],[39.5988,-0.395],[39.5985,-0.3952]],[[39.5988,-0.395],[39.599,-0.395],[39.599,-0.3947],[39.5988,-0.395]],[[39.599,-0.3947],[39.5998,-0.3947],[39.5995,-0.3942],[39.599,-0.3947]],[[39.599,-0.3975],[39.5985,-0.3972],[39.599,-0.398],[39.599,-0.3975]],[[39.5983,-0.3967],[39.5985,-0.3967],[39.5985,-0.3965],[39.5983,-0.3967]],[[39.5985,-0.396],[39.5988,-0.3965],[39.5988,-0.396],[39.5985,-0.396]]],[[[39.5998,-0.4187],[39.5995,-0.4178],[39.6004,-0.4178],[39.5998,-0.4187]]],[[[39.6,-0.4123],[39.5999,-0.4124],[39.5997,-0.4123],[39.6,-0.4123]]],[[[39.5997,-0.4372],[39.5993,-0.4373],[39.5994,-0.437],[39.5997,-0.4372]]],[[[39.5994,-0.4178],[39.5991,-0.4174],[39.5994,-0.4175],[39.5994,-0.4178]]],[[[39.5989,-0.4112],[39.5988,-0.4101],[39.5994,-0.4109],[39.5989,-0.4112]]],[[[39.5993,-0.3779],[39.5991,-0.3772],[39.5993,-0.3772],[39.5993,-0.3779]]],[[[39.5985,-0.4358],[39.5987,-0.4358],[39.5987,-0.436],[39.5985,-0.4358]]],[[[39.5982,-0.3981],[39.5983,-0.3981],[39.5983,-0.3982],[39.5982,-0.3981]]],[[[39.5965,-0.3974],[39.5966,-0.3968],[39.5973,-0.3972],[39.5965,-0.3974]]],[[[39.5964,-0.396],[39.5964,-0.3953],[39.5973,-0.396],[39.5964,-0.396]]],[[[39.5972,-0.3991],[39.5971,-0.3988],[39.5973,-0.3988],[39.5972,-0.3991]]],[[[39.5964,-0.407],[39.5964,-0.4073],[39.5962,-0.407],[39.5964,-0.407]]],[[[39.5959,-0.3944],[39.596,-0.3943],[39.5964,-0.3945],[39.5959,-0.3944]]],[[[39.5961,-0.3861],[39.5963,-0.3861],[39.5962,-0.3864],[39.5961,-0.3861]]],[[[39.596,-0.3651],[39.5962,-0.3655],[39.5959,-0.3655],[39.596,-0.3651]]],[[[39.596,-0.398],[39.596,-0.3976],[39.5963,-0.398],[39.596,-0.398]]],[[[39.5956,-0.3978],[39.5952,-0.3974],[39.5956,-0.3973],[39.5956,-0.3978]]],[[[39.5956,-0.3659],[39.5956,-0.366],[39.5955,-0.3659],[39.5956,-0.3659]]],[[[39.5946,-0.3782],[39.5946,-0.3779],[39.5947,-0.3781],[39.5946,-0.3782]]],[[[39.5923,-0.3686],[39.5926,-0.3686],[39.5926,-0.3688],[39.5923,-0.3686]]],[[[39.5921,-0.3686],[39.5917,-0.3686],[39.5917,-0.3683],[39.5921,-0.3686]]],[[[39.5885,-0.3785],[39.5881,-0.3779],[39.5886,-0.3783],[39.5885,-0.3785]]],[[[39.5868,-0.371],[39.5878,-0.3706],[39.5878,-0.3709],[39.5868,-0.371]]],[[[39.5871,-0.3721],[39.5869,-0.3722],[39.5868,-0.3718],[39.5871,-0.3721]]],[[[39.5834,-0.3768],[39.5838,-0.3769],[39.5835,-0.3772],[39.5834,-0.3768]]],[[[39.5812,-0.3808],[39.5812,-0.3803],[39.5813,-0.3808],[39.5812,-0.3808]]]]}}]}