{"type":"FeatureCollection","features":[{"type":"Feature","properties":{"camp":"Hagadera","block":"M5","population":null,"type":"residential"},"geometry":{"type":"Polygon","coordinates":[[[40.37698,-0.00852],[40.37773,-0.00761],[40.37929,-0.0089],[40.37858,-0.00983],[40.37698,-0.00852]]]}},{"type":"Feature","properties":{"camp":"Hagadera","block":"K7","population":null,"type":"residential"},"geometry":{"type":"Polygon","coordinates":[[[40.35828,0.0024],[40.35755,0.00136],[40.35565,0.00247],[40.35581,0.00292],[40.35635,0.00319],[40.35699,0.00305],[40.35828,0.0024]]]}},{"type":"Feature","properties":{"camp":"Hagadera","block":"C1","population":null,"type":"residential"},"geometry":{"type":"Polygon","coordinates":[[[40.37031,0.00085],[40.36844,0.00209],[40.3691,0.00309],[40.37096,0.0018],[40.37031,0.00085]]]}},{"type":"Feature","properties":{"camp":"Hagadera","block":"K5","population":null,"type":"residential"},"geometry":{"type":"Polygon","coordinates":[[[40.35938,0.00405],[40.35872,0.00308],[40.35857,0.00304],[40.35715,0.00374],[40.35681,0.00445],[40.35712,0.00514],[40.3581,0.00477],[40.35938,0.00405]]]}},{"type":"Feature","properties":{"camp":"Hagadera","block":"G4","population":null,"type":"residential"},"geometry":{"type":"Polygon","coordinates":[[[40.38094,0.00773],[40.38005,0.00973],[40.38105,0.01015],[40.38193,0.00817],[40.38178,0.00801],[40.38094,0.00773]]]}},{"type":"Feature","properties":{"camp":"Hagadera","block":"E8","population":null,"type":"residential"},"geometry":{"type":"Polygon","coordinates":[[[40.36218,-0.00151],[40.36155,-0.00241],[40.35972,-0.00123],[40.36039,-0.00028],[40.36218,-0.00151]]]}},{"type":"Feature","properties":{"camp":"Hagadera","block":"A7","population":null,"type":"residential"},"geometry":{"type":"Polygon","coordinates":[[[40.37112,-0.00762],[40.36931,-0.00633],[40.37021,-0.00514],[40.37114,-0.00555],[40.37092,-0.00582],[40.37101,-0.00606],[40.37176,-0.0067],[40.37112,-0.00762]]]}},{"type":"Feature","properties":{"camp":"Hagadera","block":"Gex","population":null,"type":"residential"},"geometry":{"type":"Polygon","coordinates":[[[40.38799,0.01094],[40.38711,0.0129],[40.38867,0.01337],[40.38943,0.01395],[40.38964,0.01386],[40.39,0.01242],[40.39127,0.0128],[40.3916,0.01267],[40.39152,0.01216],[40.39073,0.0117],[40.38799,0.01094]]]}},{"type":"Feature","properties":{"camp":"Hagadera","block":"C8","population":null,"type":"residential"},"geometry":{"type":"Polygon","coordinates":[[[40.36663,-0.00453],[40.36603,-0.00544],[40.36421,-0.00418],[40.36483,-0.00326],[40.36663,-0.00453]]]}},{"type":"Feature","properties":{"camp":"Hagadera","block":"D1","population":null,"type":"residential"},"geometry":{"type":"Polygon","coordinates":[[[40.36764,0.00266],[40.36586,0.00391],[40.36643,0.00477],[40.36692,0.00465],[40.36831,0.00362],[40.36764,0.00266]]]}},{"type":"Feature","properties":{"camp":"Hagadera","block":"H2","population":null,"type":"residential"},"geometry":{"type":"Polygon","coordinates":[[[40.38028,0.00383],[40.37939,0.00585],[40.38043,0.00631],[40.3813,0.00429],[40.38028,0.00383]]]}},{"type":"Feature","properties":{"camp":"Hagadera","block":"Iex","population":null,"type":"residential"},"geometry":{"type":"Polygon","coordinates":[[[40.39007,0.00585],[40.39099,0.0061],[40.39247,0.00628],[40.39261,0.00559],[40.39102,0.0054],[40.3908,0.0052],[40.39007,0.0051],[40.38907,0.00517],[40.38907,0.0053],[40.38943,0.0055],[40.39009,0.00571],[40.39007,0.00585]]]}},{"type":"Feature","properties":{"camp":"Hagadera","block":"Blocks","population":null,"type":"residential"},"geometry":{"type":"Polygon","coordinates":[[[40.37423,-0.00779],[40.37617,-0.00948],[40.37677,-0.01064],[40.37643,-0.01082],[40.37629,-0.01061],[40.37612,-0.01074],[40.3759,-0.01053],[40.37549,-0.01102],[40.37505,-0.01128],[40.37463,-0.01136],[40.37493,-0.01231],[40.37479,-0.01282],[40.37435,-0.01359],[40.37444,-0.01398],[40.37405,-0.01419],[40.37397,-0.01465],[40.37325,-0.01465],[40.37324,-0.0145],[40.37176,-0.01448],[40.37057,-0.01385],[40.37015,-0.01311],[40.37017,-0.01282],[40.37089,-0.01142],[40.37183,-0.01212],[40.37228,-0.01088],[40.37254,-0.01094],[40.37259,-0.00949],[40.37423,-0.00779]]]}},{"type":"Feature","properties":{"camp":"Hagadera","block":"J4","population":null,"type":"residential"},"geometry":{"type":"Polygon","coordinates":[[[40.37461,-0.0062],[40.37293,-0.00494],[40.37355,-0.00405],[40.37527,-0.00522],[40.37461,-0.0062]]]}},{"type":"Feature","properties":{"camp":"Hagadera","block":"H11","population":null,"type":"residential"},"geometry":{"type":"Polygon","coordinates":[[[40.39317,0.0093],[40.39124,0.00837],[40.38917,0.00783],[40.38831,0.00978],[40.38944,0.01035],[40.39132,0.01104],[40.3922,0.01084],[40.3923,0.01042],[40.39259,0.01043],[40.3931,0.00991],[40.39317,0.0093]]]}},{"type":"Feature","properties":{"camp":"Hagadera","block":"N2","population":null,"type":"residential"},"geometry":{"type":"Polygon","coordinates":[[[40.38353,-0.00836],[40.38253,-0.00795],[40.38167,-0.00733],[40.38135,-0.00695],[40.38095,-0.00699],[40.38151,-0.0061],[40.38413,-0.0071],[40.38353,-0.00836]]]}},{"type":"Feature","properties":{"camp":"Hagadera","block":"F10","population":null,"type":"residential"},"geometry":{"type":"Polygon","coordinates":[[[40.35565,-0.0013],[40.35631,-0.00042],[40.35824,-0.0016],[40.3576,-0.0025],[40.35565,-0.0013]]]}},{"type":"Feature","properties":{"camp":"Hagadera","block":"F9","population":null,"type":"residential"},"geometry":{"type":"Polygon","coordinates":[[[40.35631,-0.00042],[40.35694,0.00048],[40.35888,-0.00069],[40.35824,-0.0016],[40.35631,-0.00042]]]}},{"type":"Feature","properties":{"camp":"Hagadera","block":"F8","population":null,"type":"residential"},"geometry":{"type":"Polygon","coordinates":[[[40.35694,0.00048],[40.35755,0.00136],[40.35949,0.00023],[40.35888,-0.00069],[40.35694,0.00048]]]}},{"type":"Feature","properties":{"camp":"Hagadera","block":"F7","population":null,"type":"residential"},"geometry":{"type":"Polygon","coordinates":[[[40.35755,0.00136],[40.35828,0.0024],[40.35929,0.00159],[40.36004,0.00119],[40.35949,0.00023],[40.35755,0.00136]]]}},{"type":"Feature","properties":{"camp":"Hagadera","block":"K10","population":null,"type":"residential"},"geometry":{"type":"Polygon","coordinates":[[[40.35631,-0.00042],[40.35565,-0.0013],[40.35406,-0.00033],[40.35399,-0.00016],[40.35458,0.00077],[40.35631,-0.00042]]]}},{"type":"Feature","properties":{"camp":"Hagadera","block":"K9","population":null,"type":"residential"},"geometry":{"type":"Polygon","coordinates":[[[40.35694,0.00048],[40.35631,-0.00042],[40.35458,0.00077],[40.35533,0.00184],[40.35694,0.00048]]]}},{"type":"Feature","properties":{"camp":"Hagadera","block":"K8","population":null,"type":"residential"},"geometry":{"type":"Polygon","coordinates":[[[40.35755,0.00136],[40.35694,0.00048],[40.35533,0.00184],[40.35565,0.00247],[40.35755,0.00136]]]}},{"type":"Feature","properties":{"camp":"Hagadera","block":"F5","population":null,"type":"residential"},"geometry":{"type":"Polygon","coordinates":[[[40.3613,0.00293],[40.36064,0.00201],[40.35869,0.00303],[40.35938,0.00405],[40.3613,0.00293]]]}},{"type":"Feature","properties":{"camp":"Hagadera","block":"K1","population":null,"type":"residential"},"geometry":{"type":"Polygon","coordinates":[[[40.36179,0.00756],[40.36119,0.00671],[40.35892,0.00804],[40.35946,0.00889],[40.36179,0.00756]]]}},{"type":"Feature","properties":{"camp":"Hagadera","block":"F1","population":null,"type":"residential"},"geometry":{"type":"Polygon","coordinates":[[[40.36119,0.00671],[40.36179,0.00756],[40.36241,0.00762],[40.36264,0.00755],[40.36379,0.00651],[40.36313,0.00557],[40.36119,0.00671]]]}},{"type":"Feature","properties":{"camp":"Hagadera","block":"F2","population":null,"type":"residential"},"geometry":{"type":"Polygon","coordinates":[[[40.36255,0.00467],[40.36061,0.00582],[40.36119,0.00671],[40.36316,0.00555],[40.36255,0.00467]]]}},{"type":"Feature","properties":{"camp":"Hagadera","block":"K3","population":null,"type":"residential"},"geometry":{"type":"Polygon","coordinates":[[[40.36,0.00494],[40.35774,0.00622],[40.35844,0.00728],[40.35899,0.00673],[40.36061,0.00582],[40.36,0.00494]]]}},{"type":"Feature","properties":{"camp":"Hagadera","block":"F3","population":null,"type":"residential"},"geometry":{"type":"Polygon","coordinates":[[[40.36192,0.0038],[40.36,0.00494],[40.36061,0.00582],[40.36255,0.00467],[40.36192,0.0038]]]}},{"type":"Feature","properties":{"camp":"Hagadera","block":"K4","population":null,"type":"residential"},"geometry":{"type":"Polygon","coordinates":[[[40.35938,0.00405],[40.3581,0.00477],[40.35712,0.00514],[40.35745,0.00555],[40.35774,0.00622],[40.36,0.00494],[40.35938,0.00405]]]}},{"type":"Feature","properties":{"camp":"Hagadera","block":"F4","population":null,"type":"residential"},"geometry":{"type":"Polygon","coordinates":[[[40.3613,0.00293],[40.35938,0.00405],[40.36,0.00494],[40.36192,0.0038],[40.3613,0.00293]]]}},{"type":"Feature","properties":{"camp":"Hagadera","block":"Kex","population":null,"type":"residential"},"geometry":{"type":"Polygon","coordinates":[[[40.35946,0.00888],[40.35711,0.00512],[40.35681,0.00445],[40.35691,0.00414],[40.35679,0.00394],[40.35601,0.00409],[40.35589,0.00378],[40.35633,0.00318],[40.35581,0.00292],[40.35529,0.00175],[40.35399,-0.00016],[40.35405,-0.0003],[40.3535,-0.00033],[40.35075,0.00085],[40.3509,0.00132],[40.35671,0.00915],[40.35804,0.00969],[40.35874,0.00941],[40.35946,0.00888]]]}},{"type":"Feature","properties":{"camp":"Hagadera","block":"E1","population":null,"type":"residential"},"geometry":{"type":"Polygon","coordinates":[[[40.36586,0.00391],[40.36402,0.00504],[40.36467,0.0059],[40.36503,0.00597],[40.36641,0.00498],[40.36646,0.00481],[40.36586,0.00391]]]}},{"type":"Feature","properties":{"camp":"Hagadera","block":"D5","population":null,"type":"residential"},"geometry":{"type":"Polygon","coordinates":[[[40.36581,2e-05],[40.36512,-0.00087],[40.36384,-0.00022],[40.36339,0.00025],[40.36403,0.0012],[40.36581,2e-05]]]}},{"type":"Feature","properties":{"camp":"Hagadera","block":"E5","population":null,"type":"residential"},"geometry":{"type":"Polygon","coordinates":[[[40.36403,0.0012],[40.36339,0.00025],[40.36205,0.00108],[40.36171,0.00114],[40.36152,0.00149],[40.36215,0.00236],[40.36403,0.0012]]]}},{"type":"Feature","properties":{"camp":"Hagadera","block":"D4","population":null,"type":"residential"},"geometry":{"type":"Polygon","coordinates":[[[40.36642,0.00086],[40.36581,2e-05],[40.36403,0.0012],[40.36464,0.00211],[40.36642,0.00086]]]}},{"type":"Feature","properties":{"camp":"Hagadera","block":"E4","population":null,"type":"residential"},"geometry":{"type":"Polygon","coordinates":[[[40.36464,0.00211],[40.36403,0.0012],[40.36215,0.00236],[40.3628,0.00316],[40.36464,0.00211]]]}},{"type":"Feature","properties":{"camp":"Hagadera","block":"D3","population":null,"type":"residential"},"geometry":{"type":"Polygon","coordinates":[[[40.36704,0.0018],[40.36642,0.00086],[40.36464,0.00211],[40.36524,0.00302],[40.36704,0.0018]]]}},{"type":"Feature","properties":{"camp":"Hagadera","block":"E3","population":null,"type":"residential"},"geometry":{"type":"Polygon","coordinates":[[[40.36524,0.00302],[40.36464,0.00211],[40.3628,0.00316],[40.36291,0.00354],[40.36339,0.00417],[40.36524,0.00302]]]}},{"type":"Feature","properties":{"camp":"Hagadera","block":"D2","population":null,"type":"residential"},"geometry":{"type":"Polygon","coordinates":[[[40.36764,0.00266],[40.36704,0.0018],[40.36524,0.00302],[40.36586,0.00391],[40.36764,0.00266]]]}},{"type":"Feature","properties":{"camp":"Hagadera","block":"E2","population":null,"type":"residential"},"geometry":{"type":"Polygon","coordinates":[[[40.36586,0.00391],[40.36524,0.00302],[40.36339,0.00417],[40.36402,0.00504],[40.36586,0.00391]]]}},{"type":"Feature","properties":{"camp":"Hagadera","block":"D7","population":null,"type":"residential"},"geometry":{"type":"Polygon","coordinates":[[[40.36392,-0.0027],[40.36218,-0.00151],[40.36278,-0.00065],[40.36449,-0.00177],[40.36439,-0.00211],[40.36392,-0.0027]]]}},{"type":"Feature","properties":{"camp":"Hagadera","block":"E10","population":null,"type":"residential"},"geometry":{"type":"Polygon","coordinates":[[[40.36093,-0.0033],[40.36029,-0.00422],[40.3585,-0.00304],[40.35911,-0.00213],[40.36093,-0.0033]]]}},{"type":"Feature","properties":{"camp":"Hagadera","block":"D10","population":null,"type":"residential"},"geometry":{"type":"Polygon","coordinates":[[[40.36274,-0.00447],[40.36216,-0.00536],[40.36202,-0.00536],[40.36029,-0.00422],[40.36093,-0.0033],[40.36274,-0.00447]]]}},{"type":"Feature","properties":{"camp":"Hagadera","block":"E9","population":null,"type":"residential"},"geometry":{"type":"Polygon","coordinates":[[[40.36155,-0.00241],[40.36093,-0.0033],[40.35911,-0.00213],[40.35972,-0.00123],[40.36155,-0.00241]]]}},{"type":"Feature","properties":{"camp":"Hagadera","block":"D9","population":null,"type":"residential"},"geometry":{"type":"Polygon","coordinates":[[[40.36333,-0.00356],[40.36274,-0.00447],[40.36093,-0.0033],[40.36155,-0.00241],[40.36333,-0.00356]]]}},{"type":"Feature","properties":{"camp":"Hagadera","block":"E7","population":null,"type":"residential"},"geometry":{"type":"Polygon","coordinates":[[[40.36218,-0.00151],[40.36039,-0.00028],[40.36085,0.00061],[40.36278,-0.00065],[40.36218,-0.00151]]]}},{"type":"Feature","properties":{"camp":"Hagadera","block":"D8","population":null,"type":"residential"},"geometry":{"type":"Polygon","coordinates":[[[40.36392,-0.0027],[40.36333,-0.00356],[40.36155,-0.00241],[40.36218,-0.00151],[40.36392,-0.0027]]]}},{"type":"Feature","properties":{"camp":"Hagadera","block":"B8","population":null,"type":"residential"},"geometry":{"type":"Polygon","coordinates":[[[40.36835,-0.00574],[40.36812,-0.00626],[40.36773,-0.00663],[40.36603,-0.00544],[40.36663,-0.00453],[40.36835,-0.00574]]]}},{"type":"Feature","properties":{"camp":"Hagadera","block":"C10","population":null,"type":"residential"},"geometry":{"type":"Polygon","coordinates":[[[40.36544,-0.00634],[40.36482,-0.00727],[40.36287,-0.00597],[40.36362,-0.00507],[40.36544,-0.00634]]]}},{"type":"Feature","properties":{"camp":"Hagadera","block":"B10","population":null,"type":"residential"},"geometry":{"type":"Polygon","coordinates":[[[40.36712,-0.00753],[40.36655,-0.00842],[40.36482,-0.00727],[40.36544,-0.00634],[40.36712,-0.00753]]]}},{"type":"Feature","properties":{"camp":"Hagadera","block":"C9","population":null,"type":"residential"},"geometry":{"type":"Polygon","coordinates":[[[40.36603,-0.00544],[40.36544,-0.00634],[40.36362,-0.00507],[40.36421,-0.00418],[40.36603,-0.00544]]]}},{"type":"Feature","properties":{"camp":"Hagadera","block":"B9","population":null,"type":"residential"},"geometry":{"type":"Polygon","coordinates":[[[40.36773,-0.00663],[40.36712,-0.00753],[40.36544,-0.00634],[40.36603,-0.00544],[40.36773,-0.00663]]]}},{"type":"Feature","properties":{"camp":"Hagadera","block":"C7","population":null,"type":"residential"},"geometry":{"type":"Polygon","coordinates":[[[40.36663,-0.00453],[40.36483,-0.00326],[40.36542,-0.00237],[40.36722,-0.00364],[40.36663,-0.00453]]]}},{"type":"Feature","properties":{"camp":"Hagadera","block":"B7","population":null,"type":"residential"},"geometry":{"type":"Polygon","coordinates":[[[40.36835,-0.00574],[40.36663,-0.00453],[40.36722,-0.00364],[40.3689,-0.00482],[40.36875,-0.00531],[40.36835,-0.00574]]]}},{"type":"Feature","properties":{"camp":"Hagadera","block":"B2","population":null,"type":"residential"},"geometry":{"type":"Polygon","coordinates":[[[40.37234,-0.0005],[40.37164,-0.00142],[40.36968,-7e-05],[40.37031,0.00085],[40.37234,-0.0005]]]}},{"type":"Feature","properties":{"camp":"Hagadera","block":"C5","population":null,"type":"residential"},"geometry":{"type":"Polygon","coordinates":[[[40.36847,-0.00182],[40.36762,-0.00291],[40.36629,-0.00205],[40.366,-0.0016],[40.36675,-0.00062],[40.36847,-0.00182]]]}},{"type":"Feature","properties":{"camp":"Hagadera","block":"B5","population":null,"type":"residential"},"geometry":{"type":"Polygon","coordinates":[[[40.37029,-0.0031],[40.3697,-0.00394],[40.36777,-0.00284],[40.36847,-0.00182],[40.37029,-0.0031]]]}},{"type":"Feature","properties":{"camp":"Hagadera","block":"C4","population":null,"type":"residential"},"geometry":{"type":"Polygon","coordinates":[[[40.36907,-0.00095],[40.36847,-0.00182],[40.36675,-0.00062],[40.36731,0.00027],[40.36907,-0.00095]]]}},{"type":"Feature","properties":{"camp":"Hagadera","block":"B4","population":null,"type":"residential"},"geometry":{"type":"Polygon","coordinates":[[[40.37099,-0.00227],[40.37029,-0.0031],[40.36847,-0.00182],[40.36907,-0.00095],[40.37099,-0.00227]]]}},{"type":"Feature","properties":{"camp":"Hagadera","block":"C3","population":null,"type":"residential"},"geometry":{"type":"Polygon","coordinates":[[[40.36968,-7e-05],[40.36907,-0.00095],[40.36731,0.00027],[40.36785,0.00119],[40.36968,-7e-05]]]}},{"type":"Feature","properties":{"camp":"Hagadera","block":"B3","population":null,"type":"residential"},"geometry":{"type":"Polygon","coordinates":[[[40.37164,-0.00142],[40.37099,-0.00227],[40.36907,-0.00095],[40.36968,-7e-05],[40.37164,-0.00142]]]}},{"type":"Feature","properties":{"camp":"Hagadera","block":"C2","population":null,"type":"residential"},"geometry":{"type":"Polygon","coordinates":[[[40.37031,0.00085],[40.36968,-7e-05],[40.36785,0.00119],[40.36844,0.00209],[40.37031,0.00085]]]}},{"type":"Feature","properties":{"camp":"Hagadera","block":"B1","population":null,"type":"residential"},"geometry":{"type":"Polygon","coordinates":[[[40.37234,-0.0005],[40.37031,0.00085],[40.37096,0.0018],[40.37126,0.00148],[40.37171,0.00137],[40.37262,0.00053],[40.37234,-0.0005]]]}},{"type":"Feature","properties":{"camp":"Hagadera","block":"A5","population":null,"type":"residential"},"geometry":{"type":"Polygon","coordinates":[[[40.37053,-0.00456],[40.37112,-0.00366],[40.37293,-0.00494],[40.37224,-0.00596],[40.37154,-0.00552],[40.37157,-0.00537],[40.37138,-0.00543],[40.37117,-0.00503],[40.37053,-0.00456]]]}},{"type":"Feature","properties":{"camp":"Hagadera","block":"J1","population":null,"type":"residential"},"geometry":{"type":"Polygon","coordinates":[[[40.37613,-0.00338],[40.3748,-0.00229],[40.37528,-0.00154],[40.37549,-0.00142],[40.37757,-0.00272],[40.37782,-0.0034],[40.37751,-0.00425],[40.37715,-0.00461],[40.37656,-0.00389],[40.37634,-0.00384],[40.37613,-0.00338]]]}},{"type":"Feature","properties":{"camp":"Hagadera","block":"A1","population":null,"type":"residential"},"geometry":{"type":"Polygon","coordinates":[[[40.37351,-5e-05],[40.37501,-0.00089],[40.37535,-0.00128],[40.37472,-0.00223],[40.3729,-0.00098],[40.37351,-5e-05]]]}},{"type":"Feature","properties":{"camp":"Hagadera","block":"J2","population":null,"type":"residential"},"geometry":{"type":"Polygon","coordinates":[[[40.37589,-0.00446],[40.37417,-0.00314],[40.37476,-0.00226],[40.37516,-0.00267],[40.37572,-0.00295],[40.37613,-0.00338],[40.37637,-0.00389],[40.37589,-0.00446]]]}},{"type":"Feature","properties":{"camp":"Hagadera","block":"A2","population":null,"type":"residential"},"geometry":{"type":"Polygon","coordinates":[[[40.37417,-0.00314],[40.37235,-0.00188],[40.3729,-0.00098],[40.37476,-0.00226],[40.37417,-0.00314]]]}},{"type":"Feature","properties":{"camp":"Hagadera","block":"J3","population":null,"type":"residential"},"geometry":{"type":"Polygon","coordinates":[[[40.37527,-0.00522],[40.37355,-0.00405],[40.37417,-0.00314],[40.37586,-0.00443],[40.37527,-0.00522]]]}},{"type":"Feature","properties":{"camp":"Hagadera","block":"A3","population":null,"type":"residential"},"geometry":{"type":"Polygon","coordinates":[[[40.37355,-0.00405],[40.37171,-0.00278],[40.37235,-0.00188],[40.37417,-0.00314],[40.37355,-0.00405]]]}},{"type":"Feature","properties":{"camp":"Hagadera","block":"J5","population":null,"type":"residential"},"geometry":{"type":"Polygon","coordinates":[[[40.37461,-0.0062],[40.37405,-0.00701],[40.37232,-0.00595],[40.37293,-0.00494],[40.37461,-0.0062]]]}},{"type":"Feature","properties":{"camp":"Hagadera","block":"A4","population":null,"type":"residential"},"geometry":{"type":"Polygon","coordinates":[[[40.37293,-0.00494],[40.3711,-0.00365],[40.37171,-0.00278],[40.37355,-0.00405],[40.37293,-0.00494]]]}},{"type":"Feature","properties":{"camp":"Hagadera","block":"J7","population":null,"type":"residential"},"geometry":{"type":"Polygon","coordinates":[[[40.37292,-0.0089],[40.37112,-0.00762],[40.37186,-0.00659],[40.37351,-0.00792],[40.37292,-0.0089]]]}},{"type":"Feature","properties":{"camp":"Hagadera","block":"A10","population":null,"type":"residential"},"geometry":{"type":"Polygon","coordinates":[[[40.36985,-0.00944],[40.36931,-0.01022],[40.36752,-0.00907],[40.36752,-0.00893],[40.36813,-0.00809],[40.36834,-0.00841],[40.36985,-0.00944]]]}},{"type":"Feature","properties":{"camp":"Hagadera","block":"J10","population":null,"type":"residential"},"geometry":{"type":"Polygon","coordinates":[[[40.37168,-0.01068],[40.37118,-0.01147],[40.36931,-0.01022],[40.36985,-0.00944],[40.37168,-0.01068]]]}},{"type":"Feature","properties":{"camp":"Hagadera","block":"A9","population":null,"type":"residential"},"geometry":{"type":"Polygon","coordinates":[[[40.37049,-0.00852],[40.36985,-0.00944],[40.36834,-0.00841],[40.36813,-0.00809],[40.36869,-0.00726],[40.37049,-0.00852]]]}},{"type":"Feature","properties":{"camp":"Hagadera","block":"J9","population":null,"type":"residential"},"geometry":{"type":"Polygon","coordinates":[[[40.37227,-0.00976],[40.37168,-0.01068],[40.36985,-0.00944],[40.37049,-0.00852],[40.37227,-0.00976]]]}},{"type":"Feature","properties":{"camp":"Hagadera","block":"A8","population":null,"type":"residential"},"geometry":{"type":"Polygon","coordinates":[[[40.37112,-0.00762],[40.37049,-0.00852],[40.36869,-0.00726],[40.36931,-0.00633],[40.37112,-0.00762]]]}},{"type":"Feature","properties":{"camp":"Hagadera","block":"J8","population":null,"type":"residential"},"geometry":{"type":"Polygon","coordinates":[[[40.37292,-0.0089],[40.37227,-0.00976],[40.37049,-0.00852],[40.37112,-0.00762],[40.37292,-0.0089]]]}},{"type":"Feature","properties":{"camp":"Hagadera","block":"M1","population":null,"type":"residential"},"geometry":{"type":"Polygon","coordinates":[[[40.37976,-0.00481],[40.38043,-0.00382],[40.38163,-0.00434],[40.38215,-0.00491],[40.38137,-0.00605],[40.37976,-0.00481]]]}},{"type":"Feature","properties":{"camp":"Hagadera","block":"M2","population":null,"type":"residential"},"geometry":{"type":"Polygon","coordinates":[[[40.37906,-0.00573],[40.37976,-0.00481],[40.38137,-0.00605],[40.3807,-0.00697],[40.37906,-0.00573]]]}},{"type":"Feature","properties":{"camp":"Hagadera","block":"L3","population":null,"type":"residential"},"geometry":{"type":"Polygon","coordinates":[[[40.37906,-0.00573],[40.3784,-0.00669],[40.37672,-0.00536],[40.37704,-0.00493],[40.37724,-0.00487],[40.37754,-0.00436],[40.37906,-0.00573]]]}},{"type":"Feature","properties":{"camp":"Hagadera","block":"L4","population":null,"type":"residential"},"geometry":{"type":"Polygon","coordinates":[[[40.3784,-0.00669],[40.37773,-0.00761],[40.37605,-0.00634],[40.37672,-0.00536],[40.3784,-0.00669]]]}},{"type":"Feature","properties":{"camp":"Hagadera","block":"M6","population":null,"type":"residential"},"geometry":{"type":"Polygon","coordinates":[[[40.37858,-0.00983],[40.37824,-0.0103],[40.37806,-0.01019],[40.37774,-0.01065],[40.37626,-0.0095],[40.37694,-0.00858],[40.37858,-0.00983]]]}},{"type":"Feature","properties":{"camp":"Hagadera","block":"L5","population":null,"type":"residential"},"geometry":{"type":"Polygon","coordinates":[[[40.37773,-0.00761],[40.37698,-0.00852],[40.37538,-0.00726],[40.37605,-0.00634],[40.37773,-0.00761]]]}},{"type":"Feature","properties":{"camp":"Hagadera","block":"L1","population":null,"type":"residential"},"geometry":{"type":"Polygon","coordinates":[[[40.38043,-0.00382],[40.37976,-0.00481],[40.37798,-0.00362],[40.37776,-0.003],[40.37787,-0.00294],[40.37792,-0.00309],[40.37864,-0.00337],[40.38043,-0.00382]]]}},{"type":"Feature","properties":{"camp":"Hagadera","block":"L2","population":null,"type":"residential"},"geometry":{"type":"Polygon","coordinates":[[[40.37976,-0.00481],[40.37906,-0.00573],[40.37754,-0.00436],[40.37798,-0.00362],[40.37976,-0.00481]]]}},{"type":"Feature","properties":{"camp":"Hagadera","block":"M3","population":null,"type":"residential"},"geometry":{"type":"Polygon","coordinates":[[[40.3784,-0.00669],[40.37906,-0.00573],[40.3807,-0.00697],[40.37998,-0.00793],[40.3784,-0.00669]]]}},{"type":"Feature","properties":{"camp":"Hagadera","block":"M4","population":null,"type":"residential"},"geometry":{"type":"Polygon","coordinates":[[[40.37773,-0.00761],[40.3784,-0.00669],[40.37998,-0.00793],[40.37929,-0.0089],[40.37773,-0.00761]]]}},{"type":"Feature","properties":{"camp":"Hagadera","block":"P6","population":null,"type":"residential"},"geometry":{"type":"Polygon","coordinates":[[[40.38414,-0.01399],[40.3818,-0.01263],[40.38191,-0.01244],[40.38184,-0.0121],[40.38208,-0.01142],[40.38487,-0.01265],[40.38445,-0.01314],[40.38414,-0.01399]]]}},{"type":"Feature","properties":{"camp":"Hagadera","block":"Blocks","population":null,"type":"residential"},"geometry":{"type":"Polygon","coordinates":[[[40.38439,-0.00659],[40.38338,-0.00624],[40.38273,-0.00577],[40.38273,-0.00561],[40.38244,-0.00536],[40.38227,-0.00498],[40.38252,-0.00494],[40.38275,-0.0046],[40.38386,-0.00512],[40.38492,-0.00594],[40.38478,-0.00638],[40.38444,-0.00638],[40.38439,-0.00659]]]}},{"type":"Feature","properties":{"camp":"Hagadera","block":"N1","population":null,"type":"residential"},"geometry":{"type":"Polygon","coordinates":[[[40.38413,-0.0071],[40.38194,-0.00634],[40.38151,-0.0061],[40.38226,-0.00503],[40.38273,-0.00561],[40.38273,-0.00577],[40.38338,-0.00624],[40.38439,-0.00659],[40.38413,-0.0071]]]}},{"type":"Feature","properties":{"camp":"Hagadera","block":"N7","population":null,"type":"residential"},"geometry":{"type":"Polygon","coordinates":[[[40.37791,-0.0109],[40.37822,-0.01039],[40.37842,-0.01049],[40.3785,-0.01067],[40.38009,-0.01194],[40.37993,-0.01219],[40.37882,-0.01296],[40.37867,-0.01294],[40.37728,-0.01139],[40.37791,-0.0109]]]}},{"type":"Feature","properties":{"camp":"Hagadera","block":"N7","population":null,"type":"residential"},"geometry":{"type":"Polygon","coordinates":[[[40.37882,-0.01296],[40.37993,-0.01219],[40.38009,-0.01194],[40.38133,-0.01304],[40.3797,-0.01419],[40.37882,-0.01296]]]}},{"type":"Feature","properties":{"camp":"Hagadera","block":"N6","population":null,"type":"residential"},"geometry":{"type":"Polygon","coordinates":[[[40.38187,-0.01196],[40.38191,-0.01243],[40.38156,-0.01292],[40.38111,-0.0125],[40.38098,-0.01262],[40.38084,-0.01254],[40.37934,-0.01124],[40.37891,-0.01083],[40.37925,-0.01039],[40.37913,-0.01026],[40.37945,-0.00977],[40.38023,-0.01037],[40.38187,-0.01196]]]}},{"type":"Feature","properties":{"camp":"Hagadera","block":"N5","population":null,"type":"residential"},"geometry":{"type":"Polygon","coordinates":[[[40.38262,-0.01027],[40.38187,-0.01196],[40.38023,-0.01037],[40.379,-0.00943],[40.37972,-0.00848],[40.38066,-0.00927],[40.38262,-0.01027]]]}},{"type":"Feature","properties":{"camp":"Hagadera","block":"N4","population":null,"type":"residential"},"geometry":{"type":"Polygon","coordinates":[[[40.38088,-0.00796],[40.38198,-0.00881],[40.38305,-0.00937],[40.38262,-0.01027],[40.38066,-0.00927],[40.37972,-0.00848],[40.38047,-0.00793],[40.38069,-0.00837],[40.38088,-0.00796]]]}},{"type":"Feature","properties":{"camp":"Hagadera","block":"N3","population":null,"type":"residential"},"geometry":{"type":"Polygon","coordinates":[[[40.38353,-0.00836],[40.38305,-0.00937],[40.38198,-0.00881],[40.38087,-0.00795],[40.38095,-0.0078],[40.3811,-0.00789],[40.3814,-0.00758],[40.3816,-0.00762],[40.38167,-0.00733],[40.38253,-0.00795],[40.38353,-0.00836]]]}},{"type":"Feature","properties":{"camp":"Hagadera","block":"P1","population":null,"type":"residential"},"geometry":{"type":"Polygon","coordinates":[[[40.38648,-0.00773],[40.38506,-0.00744],[40.38413,-0.00709],[40.38444,-0.00638],[40.38478,-0.00638],[40.38492,-0.00594],[40.38551,-0.00648],[40.38648,-0.00773]]]}},{"type":"Feature","properties":{"camp":"Hagadera","block":"P2","population":null,"type":"residential"},"geometry":{"type":"Polygon","coordinates":[[[40.38591,-0.00947],[40.38354,-0.00836],[40.38413,-0.00709],[40.38506,-0.00744],[40.38651,-0.00777],[40.38591,-0.00947]]]}},{"type":"Feature","properties":{"camp":"Hagadera","block":"P3","population":null,"type":"residential"},"geometry":{"type":"Polygon","coordinates":[[[40.38552,-0.01052],[40.38305,-0.00939],[40.38354,-0.00836],[40.38591,-0.00947],[40.38552,-0.01052]]]}},{"type":"Feature","properties":{"camp":"Hagadera","block":"P4","population":null,"type":"residential"},"geometry":{"type":"Polygon","coordinates":[[[40.38414,-0.01099],[40.38262,-0.01027],[40.38305,-0.00939],[40.38552,-0.01052],[40.38544,-0.01072],[40.38457,-0.01071],[40.38414,-0.01099]]]}},{"type":"Feature","properties":{"camp":"Hagadera","block":"P5","population":null,"type":"residential"},"geometry":{"type":"Polygon","coordinates":[[[40.38487,-0.01265],[40.38208,-0.01142],[40.38262,-0.01027],[40.38414,-0.01099],[40.38487,-0.01265]]]}},{"type":"Feature","properties":{"camp":"Hagadera","block":"P7","population":null,"type":"residential"},"geometry":{"type":"Polygon","coordinates":[[[40.38414,-0.01399],[40.38396,-0.01447],[40.38318,-0.01405],[40.38302,-0.01415],[40.38136,-0.01303],[40.3818,-0.01263],[40.38414,-0.01399]]]}},{"type":"Feature","properties":{"camp":"Hagadera","block":"I2","population":null,"type":"residential"},"geometry":{"type":"Polygon","coordinates":[[[40.38114,0.00185],[40.38028,0.00383],[40.3813,0.00429],[40.38215,0.00229],[40.38114,0.00185]]]}},{"type":"Feature","properties":{"camp":"Hagadera","block":"H5","population":null,"type":"residential"},"geometry":{"type":"Polygon","coordinates":[[[40.38326,0.00516],[40.38239,0.00717],[40.38327,0.00755],[40.38356,0.00719],[40.38423,0.00559],[40.38326,0.00516]]]}},{"type":"Feature","properties":{"camp":"Hagadera","block":"I5","population":null,"type":"residential"},"geometry":{"type":"Polygon","coordinates":[[[40.3841,0.0032],[40.38326,0.00516],[40.38423,0.00559],[40.38504,0.00363],[40.3841,0.0032]]]}},{"type":"Feature","properties":{"camp":"Hagadera","block":"H4","population":null,"type":"residential"},"geometry":{"type":"Polygon","coordinates":[[[40.38229,0.00473],[40.38143,0.00675],[40.38239,0.00717],[40.38326,0.00516],[40.38229,0.00473]]]}},{"type":"Feature","properties":{"camp":"Hagadera","block":"I4","population":null,"type":"residential"},"geometry":{"type":"Polygon","coordinates":[[[40.38312,0.00274],[40.38229,0.00473],[40.38326,0.00516],[40.3841,0.0032],[40.38312,0.00274]]]}},{"type":"Feature","properties":{"camp":"Hagadera","block":"H3","population":null,"type":"residential"},"geometry":{"type":"Polygon","coordinates":[[[40.3813,0.00429],[40.38043,0.00631],[40.38143,0.00675],[40.38229,0.00473],[40.3813,0.00429]]]}},{"type":"Feature","properties":{"camp":"Hagadera","block":"I3","population":null,"type":"residential"},"geometry":{"type":"Polygon","coordinates":[[[40.38215,0.00229],[40.3813,0.00429],[40.38229,0.00473],[40.38312,0.00274],[40.38215,0.00229]]]}},{"type":"Feature","properties":{"camp":"Hagadera","block":"H1","population":null,"type":"residential"},"geometry":{"type":"Polygon","coordinates":[[[40.38028,0.00383],[40.3793,0.0034],[40.37839,0.00511],[40.37838,0.0054],[40.37939,0.00585],[40.38028,0.00383]]]}},{"type":"Feature","properties":{"camp":"Hagadera","block":"I1","population":null,"type":"residential"},"geometry":{"type":"Polygon","coordinates":[[[40.38114,0.00185],[40.38011,0.00153],[40.3793,0.0034],[40.38028,0.00383],[40.38114,0.00185]]]}},{"type":"Feature","properties":{"camp":"Hagadera","block":"G1","population":null,"type":"residential"},"geometry":{"type":"Polygon","coordinates":[[[40.37894,0.00684],[40.37797,0.00641],[40.37729,0.00772],[40.37719,0.00766],[40.37703,0.00791],[40.37703,0.00846],[40.37809,0.00884],[40.37894,0.00684]]]}},{"type":"Feature","properties":{"camp":"Hagadera","block":"G2","population":null,"type":"residential"},"geometry":{"type":"Polygon","coordinates":[[[40.37997,0.0073],[40.37894,0.00684],[40.37809,0.00884],[40.37904,0.00926],[40.37997,0.0073]]]}},{"type":"Feature","properties":{"camp":"Hagadera","block":"G3","population":null,"type":"residential"},"geometry":{"type":"Polygon","coordinates":[[[40.38094,0.00773],[40.37997,0.0073],[40.37904,0.00926],[40.38005,0.00973],[40.38094,0.00773]]]}},{"type":"Feature","properties":{"camp":"Hagadera","block":"G5","population":null,"type":"residential"},"geometry":{"type":"Polygon","coordinates":[[[40.38193,0.00817],[40.38105,0.01015],[40.38204,0.01056],[40.38288,0.00859],[40.38193,0.00817]]]}},{"type":"Feature","properties":{"camp":"Hagadera","block":"G7","population":null,"type":"residential"},"geometry":{"type":"Polygon","coordinates":[[[40.38489,0.0095],[40.38392,0.00906],[40.38308,0.01103],[40.384,0.01147],[40.38489,0.0095]]]}},{"type":"Feature","properties":{"camp":"Hagadera","block":"G8","population":null,"type":"residential"},"geometry":{"type":"Polygon","coordinates":[[[40.38584,0.00994],[40.38489,0.0095],[40.384,0.01147],[40.38491,0.0119],[40.38584,0.00994]]]}},{"type":"Feature","properties":{"camp":"Hagadera","block":"G9","population":null,"type":"residential"},"geometry":{"type":"Polygon","coordinates":[[[40.38682,0.01038],[40.38584,0.00994],[40.38491,0.0119],[40.38599,0.01236],[40.38682,0.01038]]]}},{"type":"Feature","properties":{"camp":"Hagadera","block":"H7","population":null,"type":"residential"},"geometry":{"type":"Polygon","coordinates":[[[40.38619,0.00648],[40.38518,0.00602],[40.38432,0.00809],[40.38532,0.00848],[40.38619,0.00648]]]}},{"type":"Feature","properties":{"camp":"Hagadera","block":"I8","population":null,"type":"residential"},"geometry":{"type":"Polygon","coordinates":[[[40.38619,0.00648],[40.38721,0.00693],[40.38816,0.00476],[40.38756,0.00465],[40.38749,0.00477],[40.38702,0.00457],[40.38619,0.00648]]]}},{"type":"Feature","properties":{"camp":"Hagadera","block":"H9","population":null,"type":"residential"},"geometry":{"type":"Polygon","coordinates":[[[40.38813,0.00735],[40.38721,0.00693],[40.38633,0.00893],[40.38727,0.00935],[40.38813,0.00735]]]}},{"type":"Feature","properties":{"camp":"Hagadera","block":"I7","population":null,"type":"residential"},"geometry":{"type":"Polygon","coordinates":[[[40.38658,0.00438],[40.3865,0.00481],[40.38572,0.00475],[40.38518,0.00602],[40.38619,0.00648],[40.38702,0.00457],[40.38658,0.00438]]]}},{"type":"Feature","properties":{"camp":"Hagadera","block":"H8","population":null,"type":"residential"},"geometry":{"type":"Polygon","coordinates":[[[40.38721,0.00693],[40.38619,0.00648],[40.38532,0.00848],[40.38633,0.00893],[40.38721,0.00693]]]}},{"type":"Feature","properties":{"camp":"Hagadera","block":"I9","population":null,"type":"residential"},"geometry":{"type":"Polygon","coordinates":[[[40.38721,0.00693],[40.38813,0.00735],[40.38902,0.00538],[40.38891,0.00496],[40.38836,0.00484],[40.38832,0.00503],[40.38804,0.00504],[40.38721,0.00693]]]}},{"type":"Feature","properties":{"camp":"Hagadera","block":"h10","population":null,"type":"residential"},"geometry":{"type":"Polygon","coordinates":[[[40.3891,0.00784],[40.38818,0.00743],[40.38742,0.0093],[40.38812,0.00968],[40.3883,0.00966],[40.3891,0.00784]]]}},{"type":"Feature","properties":{"camp":"Hagadera","block":"I10","population":null,"type":"residential"},"geometry":{"type":"Polygon","coordinates":[[[40.38916,0.0077],[40.38999,0.00584],[40.38906,0.00542],[40.38825,0.0073],[40.38916,0.0077]]]}},{"type":"Feature","properties":{"camp":"Hagadera","block":"G10","population":null,"type":"residential"},"geometry":{"type":"Polygon","coordinates":[[[40.38799,0.01094],[40.38682,0.01038],[40.38599,0.01236],[40.3871,0.01289],[40.38799,0.01094]]]}},{"type":"Feature","properties":{"camp":"Hagadera","block":"I11","population":null,"type":"residential"},"geometry":{"type":"Polygon","coordinates":[[[40.39099,0.0061],[40.39007,0.00585],[40.38972,0.00661],[40.39052,0.00697],[40.39027,0.008],[40.39074,0.00815],[40.39077,0.0079],[40.39049,0.00785],[40.39099,0.0061]]]}},{"type":"Feature","properties":{"camp":"Ifo","block":"IFO-B14","population":469.0,"type":"camp block"},"geometry":{"type":"MultiPolygon","coordinates":[[[[647849.5036,12841.9827],[647737.7541,12830.4792],[647715.8204,12971.5526],[647827.0129,12993.5593],[647849.5036,12841.9827]]],[[[647708.2527,12949.3297],[647716.936,12918.4839],[647722.6134,12899.4679],[647722.0576,12883.7684],[647720.0549,12868.2899],[647719.276,12862.209],[647727.9591,12834.1272],[647725.7334,12826.609],[647706.3663,12826.8293],[647690.895,12825.5018],[647674.9786,12820.6364],[647655.9457,12816.7659],[647638.805,12811.4583],[647618.1026,12805.8187],[647589.8315,12799.6261],[647579.7026,12809.791],[647580.593,12804.3797],[647579.7035,12782.5994],[647580.0386,12758.4973],[647577.1453,12744.4561],[647557.5566,12723.7805],[647533.1815,12711.6178],[647514.1485,12708.8529],[647489.439,12704.9822],[647464.8408,12702.4381],[647463.9499,12712.0568],[647448.8084,12798.735],[647448.1393,12826.1538],[647448.5832,12855.6733],[647444.1291,12896.138],[647440.7891,12913.4957],[647437.894,12939.3666],[647442.3461,12940.4724],[647467.0555,12946.3332],[647494.1024,12949.4302],[647527.0484,12952.0851],[647544.746,12950.6487],[647559.4386,12942.2469],[647560.831,12933.0794],[647560.329,12942.2469],[647564.3356,12950.9813],[647586.9303,12952.9725],[647613.8658,12958.5017],[647639.9108,12965.026],[647665.956,12968.344],[647689.7751,12971.1092],[647708.2527,12949.3297]]],[[[647473.1661,13180.2781],[647448.2338,13179.8346],[647436.8806,13182.9298],[647422.2997,13183.703],[647416.0662,13192.1052],[647414.6186,13205.8146],[647412.2805,13220.6295],[647407.3818,13246.7213],[647402.5947,13267.7275],[647398.8095,13284.5324],[647412.4996,13291.6089],[647425.6333,13296.9164],[647441.327,13303.5507],[647487.2955,13308.7493],[647502.4329,13311.1823],[647517.9044,13306.5396],[647526.8111,13260.6577],[647529.2609,13237.7719],[647526.813,13220.5244],[647513.2348,13200.4019],[647498.6544,13189.2346],[647473.1661,13180.2781]]],[[[647398.9489,12691.7108],[647375.575,12689.6091],[647354.2044,12691.4876],[647340.4026,12692.3714],[647335.393,12713.0459],[647327.5994,12761.4707],[647323.5916,12778.7178],[647320.6962,12810.3378],[647316.9096,12858.5417],[647316.0175,12892.9257],[647315.4597,12920.4551],[647317.1289,12927.9732],[647340.1688,12933.06],[647369.3304,12937.2627],[647400.1617,12938.1486],[647421.8661,12939.4764],[647432.2175,12938.4818],[647436.0021,12932.5118],[647442.6828,12881.4334],[647444.7984,12863.9651],[647445.5782,12850.3663],[647444.132,12832.8978],[647445.2459,12815.6505],[647447.1394,12786.7945],[647450.5913,12756.8329],[647454.7109,12727.6453],[647457.8281,12714.1572],[647460.0547,12701.8851],[647446.9209,12698.7888],[647398.9489,12691.7108]]],[[[647379.9997,13271.2643],[647395.4718,13255.7867],[647406.2711,13198.4067],[647415.8438,13186.9089],[647422.4113,13176.0744],[647420.0747,13160.2642],[647419.0737,13143.9013],[647422.4138,13124.2218],[647430.0949,13102.5525],[647429.7616,13089.0641],[647433.5465,13078.2295],[647435.1058,13056.3387],[647425.5341,13045.5034],[647417.7432,13035.8843],[647401.6044,13029.6922],[647385.02,13028.9175],[647353.8549,13025.4886],[647337.2707,13020.8443],[647321.1316,13019.1852],[647305.5489,13019.1844],[647302.6541,13037.8689],[647299.5366,13059.4279],[647298.4228,13075.5696],[647297.6427,13095.0281],[647295.3047,13108.7374],[647293.7457,13124.1051],[647292.9658,13138.6989],[647289.514,13167.5549],[647287.6205,13194.1997],[647288.3992,13204.4818],[647287.3966,13222.3924],[647288.3972,13246.0522],[647293.7391,13261.3097],[647304.9803,13271.924],[647311.1018,13276.4573],[647322.4554,13266.0652],[647332.4727,13268.2769],[647349.2787,13289.284],[647368.0893,13286.9632],[647379.9997,13271.2643]]],[[[647273.1748,12688.3882],[647249.3558,12684.1858],[647232.3258,12693.1403],[647222.5304,12706.4071],[647220.7483,12731.8357],[647207.0536,12822.0518],[647205.3834,12836.8667],[647206.2731,12853.119],[647205.0479,12871.3613],[647206.8279,12888.4982],[647210.389,12903.645],[647215.5087,12908.6205],[647235.098,12915.6972],[647267.042,12924.654],[647296.9829,12925.2083],[647308.2247,12925.4299],[647312.4563,12883.3068],[647314.0148,12878.3317],[647313.015,12835.7662],[647314.1294,12807.5735],[647314.1301,12792.9796],[647333.9463,12705.5277],[647326.9348,12691.4863],[647309.9053,12689.4955],[647273.1748,12688.3882]]],[[[647277.0427,13275.6817],[647281.7183,13257.6607],[647283.166,13242.8457],[647283.1668,13227.3674],[647284.3924,13199.8381],[647285.2833,13189.9983],[647286.2855,13181.043],[647289.4037,13146.3274],[647289.7381,13135.4925],[647292.9674,13105.3099],[647295.0838,13071.8104],[647295.8643,13043.6177],[647297.2005,13032.5618],[647297.4237,13020.1791],[647239.1002,13017.5229],[647184.2271,13016.1936],[647181.1104,13019.8419],[647181.2208,13038.5265],[647181.6652,13054.9999],[647179.2156,13074.6794],[647174.2058,13098.0073],[647172.424,13116.139],[647170.976,13138.8037],[647167.6356,13164.2322],[647165.2975,13180.3738],[647162.2914,13196.626],[647160.1761,13207.5713],[647158.84,13218.5166],[647155.723,13227.8035],[647153.3852,13236.427],[647152.383,13245.714],[647152.0486,13254.8904],[647154.163,13263.9564],[647157.3905,13269.9268],[647165.5154,13276.4502],[647174.5309,13279.7674],[647185.3276,13277.8884],[647192.4514,13270.9235],[647200.5767,13269.155],[647214.8235,13273.578],[647265.8005,13282.8675],[647277.0427,13275.6817]]],[[[647128.5531,13465.1738],[647150.4803,13461.7475],[647180.1986,13462.5229],[647195.8924,13464.8454],[647235.1829,13465.6213],[647242.5291,13464.0738],[647234.8501,13443.2882],[647233.7377,13429.0259],[647237.523,13409.7887],[647229.8444,13380.8217],[647219.4938,13367.0012],[647191.6691,13336.1537],[647185.2141,13322.3334],[647163.1772,13293.0341],[647147.8181,13273.4642],[647125.8917,13262.6283],[647108.5283,13259.5318],[647093.9475,13258.7572],[647065.7877,13253.7807],[647058.8871,13246.0412],[647048.4245,13246.0406],[647038.8521,13251.7893],[647031.0606,13254.5529],[647020.7092,13256.8742],[646999.8952,13257.9787],[646983.7561,13256.0985],[646969.5093,13252.5599],[646947.9163,13251.7849],[646925.5441,13251.7838],[646905.9546,13250.235],[646904.396,13256.4263],[646901.7226,13300.3183],[646897.0457,13342.773],[646899.3826,13354.2713],[646902.4986,13364.3324],[646900.94,13371.6292],[646894.0371,13413.531],[646893.5911,13428.5671],[646889.3611,13437.0799],[646885.1312,13445.1506],[646886.244,13450.1258],[646906.724,13450.5691],[646932.5466,13451.6759],[646955.2529,13447.4758],[646976.4005,13451.3464],[646990.3132,13459.0862],[647039.6209,13462.8477],[647064.9983,13464.0651],[647085.367,13463.6238],[647100.059,13467.4942],[647128.5531,13465.1738]]],[[[647135.6032,12668.8127],[647117.4607,12666.8218],[647105.4396,12669.5853],[647099.7628,12675.5552],[647096.6455,12694.0185],[647096.4217,12718.2311],[647097.0889,12732.1617],[647094.9732,12752.1729],[647093.9704,12774.1742],[647090.5186,12803.1407],[647087.0668,12832.3282],[647086.0642,12850.46],[647085.1728,12871.5768],[647082.0551,12896.0104],[647096.4133,12898.8856],[647123.0149,12902.2036],[647140.3783,12906.074],[647198.1454,12904.9712],[647201.7079,12889.6035],[647202.0423,12877.5525],[647201.7099,12845.6008],[647203.7147,12818.1821],[647207.9455,12790.9846],[647210.9517,12771.084],[647212.9562,12748.9721],[647217.4096,12723.433],[647219.0804,12695.1298],[647219.4151,12678.6564],[647202.6083,12673.9016],[647156.6398,12668.8137],[647135.6032,12668.8127]]],[[[647180.887,13035.2097],[647162.0774,13017.5192],[647069.6944,13022.1584],[647065.7982,13034.4303],[647061.5674,13059.0849],[647058.4497,13083.2973],[647054.2185,13117.5706],[647046.8704,13159.2512],[647043.9751,13187.9966],[647056.886,13198.5004],[647074.5826,13215.4169],[647096.6199,13236.2032],[647116.9878,13252.7881],[647145.9265,13262.4082],[647148.5982,13254.3375],[647155.167,13215.863],[647158.1732,13195.8518],[647166.3008,13147.3165],[647168.1947,13109.9474],[647170.9784,13087.9462],[647176.322,13067.1612],[647180.887,13035.2097]]],[[[647086.0346,13468.5991],[647072.9007,13467.3823],[647058.2085,13468.5977],[647040.5111,13467.8229],[647017.0259,13466.2739],[646991.2033,13465.8304],[646990.4226,13497.4504],[646986.6363,13536.6989],[646982.7385,13581.8071],[646980.0655,13615.6382],[646975.8343,13649.1375],[646973.1613,13681.9736],[647016.2357,13690.3783],[647053.6338,13696.1292],[647068.6598,13697.6778],[647072.6668,13696.2407],[647077.8984,13689.9391],[647085.2481,13619.1813],[647091.7056,13582.0336],[647101.3908,13546.7655],[647105.176,13528.7445],[647108.7387,13510.7234],[647114.6385,13496.3509],[647096.3855,13476.6704],[647086.0346,13468.5991]]],[[[646993.5795,12649.4583],[646982.1152,12648.9049],[646977.9953,12683.6205],[646977.994,12712.366],[646974.7652,12733.2616],[646974.7642,12755.2629],[646970.3112,12772.2889],[646968.6407,12791.1945],[646966.413,12826.0207],[646962.5163,12848.1324],[646961.2911,12866.5958],[646961.0677,12884.5065],[647007.8153,12889.2628],[647037.8674,12892.3598],[647076.49,12894.9045],[647079.8296,12883.6276],[647081.5011,12843.3839],[647083.2831,12820.1665],[647088.0712,12775.0584],[647088.2945,12761.0173],[647090.0766,12734.1514],[647091.8588,12705.1849],[647092.6393,12677.3239],[647092.751,12668.4791],[647080.0624,12665.2723],[647051.5688,12656.7579],[647031.9793,12654.5458],[647013.5029,12652.2232],[646993.5795,12649.4583]]],[[[647002.5782,13012.8682],[646944.1437,13005.9002],[646942.5846,13022.1523],[646941.0253,13045.2592],[646940.2451,13066.8183],[646939.1313,13083.2916],[646934.1219,13097.5536],[646934.789,13114.1376],[646934.7878,13138.7924],[646931.3362,13163.1153],[646927.1059,13178.4829],[646926.3259,13195.0668],[646921.315,13242.3861],[646937.1199,13247.8042],[646962.6086,13249.3533],[646986.0937,13252.0079],[647004.9041,13253.5566],[647014.5877,13250.9036],[647034.1776,13245.4872],[647045.7533,13244.3821],[647044.9748,13230.1199],[647048.4263,13208.8926],[647043.0843,13195.4041],[647040.7477,13179.5939],[647044.6451,13144.215],[647050.7682,13115.6909],[647051.8828,13082.1914],[647066.1327,13021.716],[647002.5782,13012.8682]]],[[[646973.9516,13456.6531],[646956.1431,13452.0088],[646941.2281,13455.1037],[646927.315,13456.2086],[646892.2541,13456.2069],[646882.6819,13457.7543],[646871.8852,13460.8494],[646866.0972,13463.9448],[646859.5297,13474.3371],[646854.5202,13490.1468],[646849.5109,13503.6349],[646843.3883,13520.2185],[646841.8293,13535.9179],[646842.1629,13542.1092],[646856.4091,13557.146],[646863.7539,13582.9068],[646868.7619,13598.717],[646871.0988,13608.7781],[646868.427,13618.3966],[646868.76,13636.8601],[646872.6553,13642.6094],[646886.4563,13658.4201],[646914.6154,13676.5533],[646933.4255,13684.625],[646954.2391,13691.1491],[646964.2568,13684.9583],[646966.1495,13673.7918],[646971.9393,13634.9857],[646978.1754,13572.5198],[646986.9715,13510.9385],[646988.5321,13464.2825],[646973.9516,13456.6531]]],[[[646872.4809,12634.306],[646865.58,12634.3057],[646863.4635,12672.117],[646860.2344,12699.3145],[646856.8936,12736.5729],[646855.0006,12753.2673],[646856.8918,12775.2688],[646854.5534,12796.1644],[646849.4323,12820.045],[646840.3044,12839.1714],[646825.1658,12865.705],[646841.1932,12876.0983],[646857.6661,12878.642],[646889.3878,12880.8547],[646911.2033,12883.1774],[646937.2485,12884.2843],[646957.3946,12884.5063],[646958.8421,12874.4455],[646958.5094,12847.1372],[646961.2929,12829.1161],[646963.2976,12802.4714],[646965.5246,12783.1235],[646968.3081,12764.6602],[646972.3168,12726.1856],[646977.5507,12670.7955],[646977.5517,12648.573],[646971.6526,12647.7988],[646872.4809,12634.306]]],[[[646847.4207,12993.9551],[646824.7148,12988.4261],[646820.8191,12990.5265],[646822.0429,13001.2509],[646820.0383,13025.9056],[646817.8103,13064.4907],[646814.6925,13091.0249],[646812.0198,13122.2026],[646806.5645,13149.9527],[646801.2205,13178.4768],[646798.103,13199.2619],[646798.547,13225.4645],[646800.7728,13231.656],[646803.5552,13234.3095],[646821.2525,13237.4061],[646837.8368,13239.7286],[646844.7376,13239.7289],[646890.1496,13245.4802],[646912.8556,13246.2552],[646915.5272,13240.5063],[646917.5314,13225.8019],[646920.2039,13201.5895],[646923.6555,13176.9349],[646927.1068,13158.4716],[646928.3321,13138.792],[646929.1119,13125.746],[646930.5596,13109.4939],[646932.8979,13090.6988],[646934.1232,13071.351],[646935.2373,13048.6863],[646938.6895,13010.9856],[646934.4602,13005.8997],[646914.4255,13002.8031],[646890.9404,13000.3697],[646873.2431,12998.3787],[646847.4207,12993.9551]]],[[[646815.0193,13240.2803],[646797.7672,13239.0633],[646785.7458,13249.5659],[646782.2945,13268.3608],[646782.2939,13279.1957],[646784.2969,13290.694],[646784.2965,13299.2071],[646784.63,13307.7202],[646780.4002,13311.9212],[646773.4992,13315.0165],[646764.2607,13318.8857],[646756.1351,13327.2878],[646751.905,13338.4541],[646754.2417,13352.7164],[646763.0338,13372.7281],[646773.0506,13383.8951],[646773.05,13397.0517],[646772.7151,13416.6207],[646776.4986,13433.2048],[646780.3934,13450.5629],[646791.1897,13455.9808],[646816.5671,13457.0877],[646838.1599,13460.5161],[646865.0956,13461.2913],[646878.5638,13453.2211],[646882.4603,13435.5318],[646888.2489,13421.2699],[646893.2591,13389.7606],[646897.4898,13367.3172],[646891.7032,13341.9988],[646895.1544,13324.9728],[646900.1655,13274.8896],[646898.2746,13250.2347],[646889.3703,13248.797],[646853.9756,13245.2574],[646815.0193,13240.2803]]],[[[646764.2875,12753.9265],[646784.0999,12747.9572],[646795.3415,12751.385],[646822.2773,12749.7279],[646852.7752,12739.005],[646856.4496,12709.5963],[646859.2334,12684.9417],[646859.4571,12659.513],[646860.6826,12634.3055],[646847.5487,12634.8577],[646825.0654,12629.7709],[646781.9909,12623.9093],[646757.8378,12624.461],[646749.8239,12623.355],[646745.8168,12627.3349],[646744.1464,12646.0194],[646739.693,12671.669],[646737.0208,12690.464],[646735.9064,12719.7623],[646733.6793,12743.2008],[646734.2354,12750.8294],[646744.03,12754.6994],[646764.2875,12753.9265]]],[[[646724.2088,12949.5044],[646706.5118,12940.2166],[646695.2699,12942.98],[646692.9318,12959.4533],[646696.8269,12969.9566],[646703.3935,12977.2539],[646702.2793,13002.6825],[646698.3823,13031.0961],[646695.7098,13056.193],[646692.258,13085.8228],[646691.4782,13099.6427],[646685.6883,13141.655],[646680.6785,13165.5356],[646678.3398,13192.0698],[646675.6678,13206.3318],[646676.7804,13215.9506],[646679.1173,13227.5594],[646685.6834,13244.4753],[646707.2763,13247.572],[646728.424,13249.8948],[646747.2345,13249.564],[646762.7059,13248.0169],[646776.9531,13242.158],[646794.6509,13233.3141],[646794.6515,13221.3736],[646793.8733,13202.5785],[646796.9911,13176.7077],[646807.3452,13118.2222],[646813.1352,13072.7825],[646815.4742,13036.9613],[646816.5887,13007.9947],[646811.5808,12991.0789],[646794.663,12979.5799],[646774.2947,12971.8398],[646756.1524,12964.0998],[646737.6763,12955.2541],[646724.2088,12949.5044]]],[[[646621.6018,12612.2932],[646584.6488,12610.412],[646571.1808,12615.1654],[646553.5944,12620.2503],[646559.3809,12650.765],[646587.2013,12772.9345],[646586.0868,12804.0016],[646590.2032,12845.2405],[646591.8718,12864.8096],[646597.7704,12875.7553],[646618.8064,12887.365],[646637.9505,12892.3411],[646659.2095,12895.9905],[646675.4598,12898.9764],[646701.9502,12899.641],[646711.1887,12895.3296],[646718.5351,12888.5858],[646724.9921,12859.6195],[646730.003,12811.6369],[646732.8988,12771.504],[646730.3397,12751.9348],[646733.1238,12720.536],[646734.5722,12688.3633],[646738.8034,12654.2006],[646740.363,12625.2341],[646732.0152,12623.2436],[646719.7718,12622.5797],[646696.8432,12618.4879],[646670.5755,12616.6072],[646649.7617,12614.5056],[646627.8348,12612.5146],[646621.6018,12612.2932]]],[[[646640.9392,13241.3775],[646645.9481,13236.4026],[646655.6316,13236.8453],[646664.8698,13237.9513],[646677.5585,13237.9519],[646670.6591,13206.7738],[646673.6649,13194.3913],[646675.6696,13169.7366],[646679.1213,13143.2025],[646686.8036,13095.4412],[646694.9322,13022.6934],[646699.1638,12980.3493],[646688.3679,12968.4084],[646669.8923,12947.5118],[646657.5382,12932.9173],[646645.6286,12933.359],[646622.9222,12940.6549],[646597.4329,12952.9258],[646570.9418,12967.6289],[646545.1184,12984.5433],[646542.4456,13015.721],[646538.8817,13061.603],[646536.2086,13099.3036],[646536.6515,13147.8392],[646535.8715,13165.5287],[646542.7717,13180.8968],[646558.1309,13197.1498],[646571.7098,13201.02],[646582.8397,13213.7349],[646602.8735,13232.9732],[646627.9157,13259.177],[646640.9392,13241.3775]]]]}},{"type":"Feature","properties":{"camp":"Ifo","block":"IFO-N27","population":336.0,"type":"camp block"},"geometry":{"type":"MultiPolygon","coordinates":[[[[647700.3056,13857.2474],[647686.0587,13853.9298],[647666.9143,13854.3711],[647638.198,13848.1783],[647603.6936,13846.7393],[647601.5778,13866.6399],[647600.7976,13886.9829],[647600.797,13900.029],[647601.5756,13909.5372],[647601.2411,13922.141],[647600.1276,13930.8752],[647598.6802,13938.172],[647595.34,13960.2838],[647593.5582,13977.7522],[647589.9957,13991.9037],[647586.9896,14009.5931],[647586.6546,14029.6044],[647583.6488,14042.6503],[647582.0898,14056.1386],[647605.0185,14057.3559],[647639.6341,14061.2273],[647690.1663,14063.1094],[647716.2117,14062.3368],[647727.4614,13907.1113],[647725.6827,13864.1034],[647715.4429,13860.1227],[647700.3056,13857.2474]]],[[[647509.7407,14076.8095],[647523.5426,14073.4935],[647535.1183,14073.494],[647550.0333,14071.2836],[647563.5014,14066.6408],[647577.9717,14053.1532],[647579.7532,14040.4389],[647580.2006,13997.984],[647584.0969,13985.712],[647588.8838,13969.3494],[647590.3314,13957.0773],[647592.8927,13932.7543],[647597.2344,13916.3917],[647595.343,13901.1343],[647595.3435,13889.8572],[647593.8976,13869.1824],[647593.2306,13853.9251],[647586.33,13848.5074],[647569.9684,13843.4208],[647555.8329,13839.4399],[647540.5842,13839.4391],[647516.6538,13836.2317],[647470.9078,13833.2443],[647468.3473,13842.31],[647468.3462,13863.7586],[647464.0038,13894.2729],[647462.2219,13914.6158],[647458.2136,13941.3711],[647457.0995,13961.3824],[647454.2044,13984.5998],[647453.2012,14012.9031],[647451.7525,14046.9554],[647454.2004,14062.2128],[647457.8723,14084.3249],[647474.2342,14082.8885],[647490.1509,14079.2408],[647509.7407,14076.8095]]],[[[647474.3629,13739.9319],[647475.1422,13736.2835],[647493.1734,13740.8174],[647503.4129,13751.3211],[647507.7534,13758.5077],[647521.6664,13759.5034],[647531.2391,13749.6641],[647527.4556,13733.301],[647523.4491,13722.7976],[647519.3316,13707.8718],[647513.8783,13694.6044],[647500.2998,13682.7738],[647482.2686,13678.0188],[647444.3144,13665.8554],[647428.5098,13652.3663],[647405.2476,13641.3091],[647358.9465,13609.3551],[647330.8982,13599.5138],[647312.7551,13609.6844],[647297.7284,13621.6242],[647287.4882,13624.7193],[647279.5878,13578.505],[647257.1044,13576.956],[647227.8317,13568.2203],[647210.4673,13586.4618],[647206.1254,13606.1412],[647204.12,13645.2793],[647207.4575,13678.1157],[647207.6791,13699.4537],[647199.7728,13772.5333],[647224.2595,13778.0625],[647260.6558,13784.8085],[647288.7039,13796.1975],[647328.5504,13807.6978],[647359.827,13807.6993],[647406.7974,13812.0135],[647428.9469,13812.7886],[647436.4045,13809.6933],[647446.6456,13788.6874],[647446.6463,13774.0935],[647462.4517,13771.3303],[647475.1416,13748.0028],[647474.3629,13739.9319]]],[[[647396.8907,13822.7373],[647352.2577,13818.7549],[647341.0159,13820.9656],[647331.5515,13889.8438],[647325.7601,13959.4962],[647319.3021,14005.2676],[647318.5209,14045.5113],[647330.5413,14056.0151],[647343.5637,14059.6642],[647358.8123,14063.6452],[647369.3862,14063.6457],[647382.0748,14066.1892],[647390.4225,14069.8381],[647401.2187,14075.2561],[647411.7925,14078.9051],[647420.474,14082.8857],[647429.9348,14085.8713],[647444.8496,14085.8721],[647453.1976,14082.2241],[647449.8597,14059.338],[647447.3006,14040.4321],[647450.6412,14012.9029],[647451.3107,13980.6195],[647454.206,13952.3163],[647457.1017,13917.8218],[647462.2234,13885.2069],[647465.1189,13853.9187],[647464.7858,13836.5607],[647460.0,13831.1431],[647416.4802,13824.9495],[647396.8907,13822.7373]]],[[[647228.5994,13798.4057],[647202.4428,13797.741],[647197.3215,13823.1695],[647195.8727,13859.7647],[647190.8614,13911.2853],[647187.9658,13944.3425],[647186.8513,13974.083],[647185.0687,14007.4719],[647182.8412,14034.6695],[647188.9626,14041.5245],[647216.8997,14048.4912],[647237.9362,14048.824],[647272.4402,14057.1177],[647293.8106,14058.9983],[647309.5047,14056.7879],[647315.2953,14002.3928],[647319.6385,13957.3952],[647325.0951,13904.4374],[647329.4382,13859.4398],[647331.5545,13829.6993],[647326.5463,13820.1909],[647304.3971,13813.0034],[647272.4529,13808.2477],[647247.7436,13802.0551],[647228.5994,13798.4057]]],[[[647195.766,13768.9952],[647196.8802,13746.6622],[647201.1118,13705.8659],[647201.1142,13656.5562],[647200.0025,13629.5796],[647196.9989,13596.6327],[647118.3114,13500.1102],[647111.4099,13512.4925],[647105.9543,13546.3235],[647095.8235,13587.7829],[647086.3596,13650.3592],[647084.0212,13670.3704],[647082.4624,13680.4312],[647079.0112,13695.7988],[647076.0058,13698.4521],[647068.6598,13697.6778],[647053.6338,13696.1292],[647016.2357,13690.3783],[646973.1613,13681.9736],[646971.9362,13696.8991],[646972.3798,13729.7353],[646973.4918,13750.8523],[646980.3925,13755.0539],[647029.3662,13759.6998],[647076.7819,13759.3705],[647116.4061,13763.2421],[647147.5713,13766.2288],[647178.0686,13769.326],[647195.766,13768.9952]]],[[[647033.3587,14045.4967],[647048.6077,14040.0801],[647097.5816,14041.5198],[647117.5052,14039.7519],[647120.3996,14029.5806],[647119.2887,13987.4573],[647117.1764,13939.5848],[647117.1782,13903.6529],[647115.7331,13867.721],[647115.7343,13842.7345],[647115.4011,13828.1406],[647112.8424,13802.0484],[647097.5939,13799.173],[647079.1172,13802.0467],[647055.8545,13802.8194],[647034.4842,13799.8332],[647021.0164,13798.8375],[646987.2911,13799.8309],[646985.0648,13804.2531],[646986.4997,14041.1825],[646990.1723,14050.2486],[647009.4279,14051.6868],[647033.3587,14045.4967]]],[[[646982.9379,14042.2879],[646981.5031,13803.479],[646978.6093,13800.8255],[646910.7135,13802.0382],[646848.7169,13803.4724],[646850.8199,14035.3159],[646868.6284,14039.2969],[646889.9989,14038.9664],[646917.9361,14042.9479],[646979.2646,14048.479],[646982.9379,14042.2879]]],[[[646767.7866,14039.2918],[646779.3624,14036.4178],[646838.1312,14036.4208],[646845.8114,14031.0038],[646842.4838,13803.9143],[646770.2476,13797.2771],[646709.0301,13797.7163],[646709.3632,13815.0741],[646710.0239,13957.0326],[646705.349,13958.8013],[646698.7815,13970.078],[646701.3404,13989.9789],[646694.1055,13993.9586],[646682.0839,14008.1096],[646707.5717,14024.1421],[646711.1332,14029.5597],[646760.1066,14039.7336],[646767.7866,14039.2918]]],[[[646597.9483,13799.148],[646494.2129,13796.5999],[646476.0701,13799.8052],[646472.397,13801.3529],[646472.0511,14037.8395],[646487.9676,14038.6142],[646524.253,14035.2992],[646582.6879,14031.7643],[646601.1646,14028.1168],[646605.5086,13966.0932],[646604.5148,13808.2142],[646597.9483,13799.148]]],[[[646405.2811,13789.7408],[646345.3994,13789.7378],[646337.8304,13796.2604],[646335.6037,13809.9697],[646329.4725,13996.9252],[646335.9263,14032.4151],[646363.8617,14071.6651],[646371.5417,14072.3289],[646386.4567,14067.2439],[646407.8272,14064.7021],[646464.037,14041.8192],[646468.0445,14032.4218],[646465.1512,14019.044],[646467.7223,13800.5787],[646435.7782,13794.3858],[646405.2811,13789.7408]]],[[[646194.4514,14176.0245],[646210.0344,14167.4016],[646235.0775,14174.2576],[646253.8879,14174.7008],[646284.7194,14168.9533],[646296.4068,14161.657],[646310.8769,14149.7173],[646311.6586,14099.634],[646311.6596,14079.9544],[646318.1166,14053.8627],[646318.897,14029.208],[646088.1641,14016.8137],[646081.2569,14140.9714],[646097.9515,14160.8729],[646107.3004,14174.5827],[646132.7889,14175.6896],[646149.0394,14174.5849],[646177.4217,14180.446],[646194.4514,14176.0245]]],[[[645855.5394,14002.2081],[645846.0786,14000.6598],[645842.0652,14127.0287],[645849.411,14132.4465],[645870.4472,14137.5333],[645899.0521,14141.5149],[645933.5563,14143.7278],[646001.7853,14151.2493],[646013.0268,14155.3406],[646066.6748,14165.0725],[646075.0239,14141.1922],[646081.2634,14014.1599],[645926.6626,14003.6489],[645855.5394,14002.2081]]],[[[645640.0553,13993.1313],[645612.7859,13992.0244],[645609.8856,14118.6144],[645628.8072,14120.4948],[645653.8505,14122.5967],[645674.553,14122.5978],[645697.9267,14124.2574],[645730.7612,14127.6864],[645774.2811,14127.6886],[645796.0966,14128.1319],[645820.0269,14129.5704],[645833.8288,14126.2544],[645839.6228,14004.7501],[645814.5796,13999.9948],[645785.1954,13998.5561],[645752.1382,13997.891],[645721.3071,13995.3466],[645673.7804,13993.7964],[645640.0553,13993.1313]]],[[[645683.8117,13714.6352],[645682.3652,13704.7953],[645625.4893,13698.159],[645612.0212,13704.7919],[645611.6868,13713.7471],[645570.3932,13711.2022],[645516.2997,13706.7772],[645492.9258,13709.4295],[645483.3533,13715.5097],[645473.8913,13740.1639],[645465.8756,13777.2008],[645460.0875,13781.6229],[645454.9664,13804.84],[645452.1835,13810.9206],[645450.4022,13819.1019],[645446.1715,13843.2035],[645449.9558,13843.9776],[645710.4063,13857.0366],[645718.4271,13717.7325],[645683.8117,13714.6352]]],[[[645606.553,13990.5868],[645395.744,13979.6308],[645384.5021,13983.2787],[645377.9341,14006.1641],[645375.3722,14044.1962],[645373.257,14051.8247],[645360.5663,14093.2837],[645361.6787,14105.2241],[645602.8737,14114.9656],[645606.553,13990.5868]]],[[[645418.3252,14245.858],[645496.0154,14242.2136],[645597.6357,14245.5356],[645604.8737,14183.0701],[645604.8764,14128.3433],[645602.3168,14121.378],[645357.7827,14111.6363],[645352.6614,14137.728],[645350.0976,14213.2396],[645370.7987,14240.4382],[645398.4017,14247.2943],[645418.3252,14245.858]]],[[[645344.3284,13845.8519],[645115.8224,13833.1262],[645114.7056,13906.7584],[645112.9221,13960.4899],[645118.7097,13964.1387],[645249.714,13969.2309],[645335.6403,13972.1098],[645346.7712,13961.4967],[645348.78,13856.2447],[645344.3284,13845.8519]]],[[[645239.1397,13976.1956],[645114.2572,13971.8775],[645107.7954,14093.3814],[645109.9101,14096.2561],[645337.7484,14105.444],[645343.0913,14098.9213],[645343.7618,14045.9636],[645345.4347,13979.5177],[645239.1397,13976.1956]]],[[[645330.8473,14109.9766],[645108.0176,14101.6734],[645100.1086,14228.9262],[645104.4493,14232.2432],[645156.3167,14234.0148],[645190.3754,14238.4389],[645212.9697,14244.6314],[645258.2702,14248.9455],[645280.7533,14252.5951],[645317.039,14239.8826],[645331.6204,14228.6064],[645338.081,14131.4254],[645338.4158,14112.8515],[645330.8473,14109.9766]]],[[[645141.8743,13694.7078],[644911.81,13685.6307],[644910.0289,13689.9424],[644903.1224,13806.0288],[644909.6889,13814.7632],[645125.9515,13823.1764],[645134.6361,13764.3595],[645137.1965,13755.6255],[645141.8743,13694.7078]]],[[[645137.8741,13557.2829],[644914.3767,13547.5429],[644906.8018,13675.9012],[644911.8102,13680.9872],[645136.8658,13690.5063],[645140.0943,13675.9127],[645137.8702,13636.0008],[645136.4255,13589.566],[645137.8741,13557.2829]]],[[[645098.6815,13835.226],[644876.965,13826.1492],[644879.5185,13957.4931],[644935.8379,13960.481],[645057.7153,13964.4673],[645100.901,13966.2384],[645105.9098,13964.0275],[645108.1417,13846.8352],[645098.6815,13835.226]]],[[[645100.9007,13972.098],[644882.0782,13963.3529],[644879.518,13967.6645],[644875.171,14088.5051],[645007.6221,14094.3714],[645100.5605,14097.5823],[645105.5753,13974.5305],[645100.9007,13972.098]]],[[[645032.6586,14228.1489],[645053.0273,14225.2754],[645095.434,14225.2775],[645102.3411,14101.8942],[644987.6985,14097.5766],[644877.3969,14092.4853],[644874.1652,14170.0974],[644875.9433,14223.8291],[644957.9737,14230.0245],[644988.8046,14235.1118],[645027.2044,14233.566],[645032.6586,14228.1489]]],[[[644878.0922,13538.2542],[644834.6842,13529.739],[644822.2165,13565.2278],[644800.6184,13671.2526],[644787.0352,13754.7238],[644781.9127,13807.6811],[644898.4472,13814.7627],[644909.0337,13556.3873],[644878.0922,13538.2542]]],[[[644768.2133,13988.7757],[644755.5249,13984.021],[644745.2849,13985.4578],[644743.1606,14174.8448],[644741.2668,14207.1278],[644747.8334,14212.2139],[644866.1487,14221.2857],[644869.0428,14216.6424],[644866.8176,14200.9429],[644866.1507,14181.0423],[644870.1589,14156.3879],[644870.494,14133.1706],[644869.0497,14081.6501],[644873.0599,14017.084],[644875.1755,13999.9475],[644869.388,13994.5298],[644806.6129,13990.5465],[644785.9105,13990.5455],[644768.2133,13988.7757]]],[[[644873.0694,13826.9229],[644777.905,13821.8325],[644771.1154,13824.7067],[644747.5114,13977.8293],[644768.8812,13987.2279],[644805.8339,13989.1092],[644854.1396,13990.5489],[644872.2821,13990.2182],[644873.069,13834.1092],[644873.0694,13826.9229]]]]}},{"type":"Feature","properties":{"camp":"Ifo","block":"IFO-C19","population":1214.0,"type":"camp block"},"geometry":{"type":"MultiPolygon","coordinates":[[[[647759.6129,11878.6697],[647716.7607,11874.356],[647688.2666,11874.797],[647675.6891,11877.7816],[647670.791,11892.0436],[647665.3351,11936.7096],[647662.7736,11972.3098],[647661.1024,12009.4578],[647657.8731,12041.1884],[647656.2027,12060.868],[647655.7563,12086.6284],[647653.1951,12114.8211],[647643.7316,12173.8596],[647703.7245,12182.5965],[647757.4837,12205.1531],[647764.7201,12170.3271],[647766.5026,12133.2896],[647763.0529,12114.8259],[647771.1787,12102.7752],[647773.517,12083.5379],[647777.6366,12053.0236],[647778.862,12028.9215],[647785.987,11996.4172],[647785.5427,11975.6319],[647783.2061,11957.5],[647789.4411,11912.5024],[647792.4475,11885.1942],[647759.6129,11878.6697]]],[[[647776.7165,12707.6489],[647780.8369,12662.209],[647777.8371,12543.6886],[647779.1742,12513.7269],[647745.3383,12495.5935],[647723.4115,12491.0596],[647673.8812,12483.2076],[647611.996,12476.7923],[647600.1938,12563.3601],[647596.8527,12605.041],[647593.4005,12643.5157],[647590.9489,12704.8763],[647674.6502,12703.9957],[647721.5093,12707.8675],[647776.7165,12707.6489]]],[[[647690.0314,12239.4237],[647637.273,12237.4313],[647630.8173,12238.2049],[647634.156,12249.1505],[647631.5952,12266.1766],[647626.9188,12302.8822],[647625.5821,12325.6575],[647622.7982,12352.634],[647622.2409,12370.4341],[647622.5734,12401.1698],[647618.3428,12423.5027],[647611.8868,12432.3472],[647611.8858,12453.5747],[647611.5513,12467.3947],[647678.1111,12476.9058],[647704.8242,12478.1232],[647722.7443,12477.129],[647731.5375,12475.2499],[647738.9953,12465.2998],[647752.4641,12445.5102],[647763.9299,12415.4384],[647767.3833,12351.2033],[647761.2631,12315.0499],[647762.2664,12280.9975],[647748.7998,12252.2513],[647732.2158,12242.079],[647690.0314,12239.4237]]],[[[647647.1847,12114.1574],[647649.9683,12090.4977],[647651.0827,12060.4255],[647654.8683,12032.3434],[647655.7602,11998.0699],[647658.767,11963.2437],[647661.7735,11933.3926],[647665.2249,11912.2759],[647668.5654,11880.1031],[647664.5586,11876.1227],[647652.204,11872.8054],[647578.8544,11864.8419],[647562.2702,11860.861],[647552.4752,11863.9563],[647551.4726,11884.2993],[647547.6874,11903.5365],[647545.0151,11926.8645],[647543.3446,11947.318],[647541.3403,11966.9976],[647538.5568,11986.2349],[647537.1089,12007.5729],[647534.9931,12031.8959],[647533.8791,12052.2389],[647531.0954,12077.557],[647529.4252,12091.9297],[647529.4246,12104.8652],[647544.3393,12107.851],[647590.6419,12113.4916],[647621.0281,12112.2767],[647647.1847,12114.1574]]],[[[647532.3133,12223.7171],[647523.5202,12223.7168],[647516.5079,12224.7115],[647514.9489,12242.6221],[647508.8258,12272.3624],[647505.0395,12314.0433],[647501.2535,12351.6335],[647497.4674,12389.3342],[647497.244,12407.2449],[647495.9076,12424.0499],[647495.4616,12440.9656],[647492.3444,12455.6699],[647506.8139,12457.9923],[647563.2452,12463.4123],[647596.4138,12467.0623],[647605.8747,12467.8366],[647605.8763,12433.0103],[647615.3378,12420.1858],[647617.342,12402.9385],[647617.3446,12347.2163],[647621.3527,12320.1293],[647622.8009,12294.4795],[647623.3585,12270.7092],[647625.808,12251.9141],[647625.697,12244.9488],[647623.4712,12237.8729],[647614.4558,12231.9022],[647538.3236,12225.7075],[647532.3133,12223.7171]]],[[[647604.4273,12476.7919],[647489.3387,12465.0673],[647488.1132,12491.7122],[647483.8815,12536.7098],[647477.7579,12578.2801],[647474.6394,12620.8454],[647471.8558,12642.4045],[647468.1816,12665.6219],[647466.5109,12691.7139],[647481.982,12696.137],[647539.4148,12706.7534],[647569.0218,12706.5337],[647583.3802,12706.2027],[647588.3911,12658.3305],[647593.403,12589.4519],[647596.8549,12557.1686],[647603.2024,12489.3957],[647604.4273,12476.7919]]],[[[647478.013,11849.4697],[647443.9538,11848.8049],[647435.1606,11851.5685],[647426.3654,11900.2144],[647420.7979,11952.8407],[647411.7791,12024.483],[647410.3315,12037.8607],[647406.2122,12062.1837],[647403.4288,12078.8781],[647402.4265,12091.1502],[647443.0526,12095.1321],[647485.4595,12099.5564],[647510.169,12101.5475],[647524.8612,12103.5383],[647527.4223,12077.9991],[647530.8743,12042.2884],[647532.768,12008.4571],[647537.556,11964.2334],[647539.8949,11930.1811],[647544.5708,11906.0792],[647546.3526,11884.0779],[647548.2459,11858.0964],[647533.8877,11855.5529],[647515.8565,11851.1298],[647478.013,11849.4697]]],[[[647435.9239,12212.3252],[647410.8805,12207.6806],[647397.0787,12207.7905],[647392.5142,12230.5656],[647389.9534,12249.3607],[647388.6169,12268.4874],[647386.6123,12291.3732],[647383.6059,12317.4652],[647382.603,12344.7734],[647380.1529,12376.0617],[647377.7034,12393.8617],[647376.3667,12415.642],[647373.806,12430.8991],[647370.355,12444.4978],[647403.1896,12448.8111],[647441.7009,12452.5719],[647467.6347,12456.0004],[647488.3374,12456.3331],[647490.0074,12446.4933],[647493.682,12413.7678],[647495.353,12381.5949],[647497.8035,12342.1252],[647501.4782,12304.9772],[647507.2678,12265.7288],[647510.2742,12239.7473],[647513.9478,12227.2542],[647507.2698,12220.5098],[647479.2212,12216.7495],[647453.3986,12213.9844],[647435.9239,12212.3252]]],[[[647435.5788,12459.9791],[647371.8016,12451.242],[647369.3523,12464.2879],[647365.1213,12496.2395],[647361.0013,12533.2769],[647355.435,12557.2681],[647353.2086,12564.1227],[647350.202,12593.5314],[647348.1969,12628.1366],[647347.8621,12647.9267],[647347.3039,12683.1953],[647360.7718,12683.8593],[647375.3526,12684.9655],[647391.0466,12685.1874],[647413.9753,12686.6257],[647436.3474,12688.6168],[647454.9352,12690.4972],[647462.2813,12690.6081],[647465.7335,12653.3496],[647471.6345,12612.9956],[647472.7492,12577.1742],[647478.3163,12536.8201],[647481.6568,12507.6325],[647484.7746,12480.2138],[647486.2223,12464.0721],[647435.5788,12459.9791]]],[[[647365.373,11839.9567],[647337.3245,11833.3219],[647318.625,11840.7286],[647308.8282,11886.8316],[647301.9253,11932.9347],[647300.032,11959.469],[647295.6885,12018.5077],[647292.6819,12049.796],[647291.4567,12070.2495],[647291.9015,12079.5365],[647329.9674,12086.1718],[647350.3358,12093.5802],[647361.0212,12089.9322],[647398.7536,12088.6071],[647399.4217,12082.1947],[647407.1042,12026.3623],[647411.7798,12006.4618],[647418.4606,11950.1871],[647424.1395,11896.6764],[647429.3719,11870.1423],[647431.265,11849.0255],[647412.4546,11846.924],[647391.8634,11843.4958],[647365.373,11839.9567]]],[[[647297.7954,12197.504],[647276.5363,12196.3975],[647272.7517,12202.257],[647270.0794,12223.0421],[647263.7331,12266.6023],[647263.1755,12290.2621],[647259.7241,12311.0472],[647257.1631,12333.6012],[647256.6055,12357.3716],[647250.3712,12384.9007],[647250.9267,12407.676],[647248.1432,12428.5716],[647299.343,12434.8759],[647333.2907,12440.0737],[647350.5428,12442.3963],[647367.0159,12442.0653],[647370.3558,12426.2554],[647371.3583,12408.0131],[647375.8125,12364.7844],[647377.4834,12334.3806],[647381.8258,12300.2178],[647382.6061,12275.2313],[647388.2843,12238.7468],[647389.6209,12216.7455],[647390.2892,12206.574],[647380.6058,12204.2519],[647338.6441,12199.8276],[647297.7954,12197.504]]],[[[647262.835,12437.6382],[647249.1445,12436.4214],[647246.918,12446.2611],[647243.2434,12480.0923],[647240.6814,12524.7583],[647237.007,12553.8353],[647232.6648,12582.249],[647231.1058,12598.6117],[647228.6564,12614.7533],[647226.4296,12629.3471],[647225.0931,12647.7],[647224.5356,12668.9274],[647233.7737,12671.5813],[647264.6049,12675.6734],[647295.9927,12678.3283],[647317.3631,12679.7666],[647334.2814,12680.9835],[647342.2953,12681.7578],[647342.8525,12668.0484],[647342.5198,12640.4084],[647345.1931,12597.843],[647347.4208,12562.1323],[647352.0963,12546.7648],[647356.5492,12531.8394],[647358.5537,12510.2803],[647361.8941,12482.1983],[647365.1229,12461.5238],[647366.7929,12450.0256],[647341.3043,12446.9288],[647326.2783,12444.0536],[647314.1461,12443.5002],[647282.5358,12439.7397],[647262.835,12437.6382]]],[[[647286.1137,12078.5412],[647293.3528,11980.0328],[647300.2562,11922.2104],[647303.4853,11894.0178],[647307.0478,11877.2128],[647313.0596,11844.7085],[647318.6253,11833.4317],[647316.2881,11830.1148],[647291.2447,11826.2441],[647274.3264,11825.4695],[647246.7231,11819.9403],[647218.897,11819.0546],[647198.3056,11820.8227],[647196.9697,11825.6872],[647191.8486,11851.2263],[647191.4018,11886.4948],[647187.8387,11917.2303],[647186.0561,11957.8056],[647178.3743,11999.044],[647175.5905,12025.6888],[647175.3674,12037.8504],[647171.2481,12060.0727],[647172.4723,12063.6107],[647190.392,12070.9084],[647221.2235,12069.8041],[647234.1348,12070.7997],[647244.152,12074.6698],[647263.6303,12076.2185],[647276.8754,12077.6563],[647286.1137,12078.5412]]],[[[647174.8045,12182.2413],[647154.2131,12181.9087],[647151.2073,12196.7236],[647150.5376,12237.6306],[647146.0833,12284.2866],[647141.0723,12335.9178],[647137.9537,12381.9105],[647135.2815,12402.1428],[647133.9452,12416.9577],[647187.7051,12421.3825],[647217.6458,12425.5852],[647232.6719,12426.802],[647242.578,12426.913],[647245.9181,12406.2385],[647249.2587,12373.6235],[647251.5973,12346.8682],[647254.9379,12315.3588],[647258.2785,12280.8643],[647264.4023,12235.314],[647267.7433,12194.7387],[647232.5711,12192.0837],[647206.6374,12186.0018],[647174.8045,12182.2413]]],[[[647179.4682,12428.458],[647133.1658,12422.7068],[647129.6022,12462.9503],[647125.2593,12507.9479],[647116.0184,12564.8857],[647108.7818,12603.0285],[647110.4505,12623.3716],[647109.5595,12635.312],[647122.6923,12659.9674],[647153.8575,12661.2955],[647189.3636,12663.9506],[647206.0592,12665.8309],[647219.8609,12666.716],[647223.0908,12622.2711],[647225.6523,12589.9878],[647227.768,12568.9816],[647229.2156,12556.4884],[647231.8877,12538.6884],[647237.8992,12514.6972],[647240.0155,12482.0822],[647241.5748,12459.0858],[647244.0242,12443.3865],[647245.3602,12436.0896],[647221.8751,12433.214],[647179.4682,12428.458]]],[[[647106.5796,12073.1159],[647136.6323,12062.7246],[647160.3401,12063.6101],[647166.128,12063.6104],[647168.9114,12044.3731],[647171.695,12022.593],[647179.4885,11971.6253],[647183.6088,11925.4115],[647186.5044,11887.0474],[647186.7285,11853.4373],[647193.6306,11824.6921],[647158.6815,11812.1973],[647144.7687,11804.7892],[647132.0801,11802.688],[647112.6015,11809.4313],[647095.0154,11808.6567],[647078.3197,11809.4299],[647075.9816,11825.1292],[647073.1981,11846.6882],[647070.8597,11868.0262],[647068.5212,11893.5653],[647067.0728,11927.0648],[647058.9455,11975.1579],[647054.6033,12005.6722],[647050.9293,12026.5678],[647050.2607,12043.9257],[647033.5643,12061.5039],[647071.0738,12064.8224],[647106.5796,12073.1159]]],[[[647056.9335,12169.4112],[647036.6762,12167.0885],[647030.2187,12206.8897],[647027.3239,12226.5692],[647024.5406,12243.3741],[647023.649,12267.9183],[647021.4223,12281.9593],[647018.9729,12298.4326],[647017.0804,12305.3977],[647012.9618,12313.0262],[647005.9493,12319.4383],[647002.1646,12328.1724],[647002.8317,12342.7663],[647003.1651,12354.5962],[647006.7267,12359.2398],[647010.7333,12367.3109],[647010.9552,12382.0153],[647010.2865,12400.6998],[647060.5958,12408.2202],[647104.8949,12412.534],[647128.8253,12414.6357],[647130.3843,12398.0518],[647136.3972,12341.8878],[647140.5181,12284.7286],[647146.8647,12234.4242],[647145.4201,12182.24],[647106.2411,12175.4941],[647056.9335,12169.4112]]],[[[647025.2009,12410.3192],[647009.841,12408.3284],[647006.7232,12436.2999],[647000.711,12473.5582],[646995.9235,12506.0625],[646990.467,12561.121],[646988.3498,12614.7423],[646986.5677,12640.7237],[647053.0161,12650.6771],[647086.1846,12656.3172],[647095.9793,12657.9761],[647099.4306,12638.7388],[647103.6613,12615.7426],[647109.5623,12574.8358],[647118.2468,12513.9178],[647120.8084,12478.8705],[647122.5905,12451.7835],[647125.5971,12422.2642],[647104.4493,12421.0471],[647079.072,12417.2869],[647051.246,12414.0794],[647025.2009,12410.3192]]],[[[646992.5045,11795.0534],[646966.348,11792.7305],[646956.8864,11809.6458],[646947.7578,11847.899],[646947.0892,11864.8146],[646944.3057,11885.5997],[646944.3053,11895.7711],[646941.0762,11925.2904],[646938.7374,11957.4632],[646936.1764,11979.0222],[646934.6171,12003.7875],[646932.7242,12020.4819],[646932.9462,12034.4124],[646937.6207,12039.4983],[646948.5285,12041.4889],[646960.9945,12045.0273],[646973.5717,12048.1236],[646996.5002,12054.7581],[647014.5313,12059.1813],[647023.1017,12060.619],[647039.6866,12048.0159],[647045.586,12042.0459],[647047.9244,12020.9292],[647051.3757,12000.3652],[647056.9425,11963.2174],[647063.1769,11934.2511],[647065.5167,11877.7552],[647069.7478,11842.0446],[647071.0844,11819.601],[647071.9753,11809.4296],[647054.8345,11807.1071],[647034.0208,11800.5832],[646992.5045,11795.0534]]],[[[646964.3285,12159.5673],[646937.9495,12156.581],[646920.4746,12157.9069],[646914.3507,12206.8845],[646911.3441,12237.2883],[646906.5567,12266.6969],[646904.2184,12288.4771],[646902.214,12308.5988],[646895.7565,12349.1739],[646888.6312,12389.6384],[646954.5231,12398.1545],[647004.276,12401.6946],[647005.9469,12372.0647],[647002.8308,12363.2198],[647000.8277,12354.5961],[646999.1593,12328.1722],[647000.8293,12319.4381],[647007.9531,12312.3626],[647013.9639,12304.1815],[647018.862,12288.5928],[647019.8645,12272.8933],[647019.7538,12259.0734],[647022.5373,12239.3939],[647022.4265,12226.569],[647025.3212,12208.8796],[647028.2159,12192.9591],[647028.2169,12170.4049],[647025.5458,12165.3191],[647004.5093,12163.6597],[646981.9145,12162.0003],[646964.3285,12159.5673]]],[[[646901.8761,12397.8204],[646886.4048,12396.493],[646884.7345,12412.4135],[646884.1768,12438.5055],[646883.0632,12452.2149],[646881.9493,12469.3516],[646879.1654,12498.2075],[646877.4946,12524.7417],[646875.1559,12553.5976],[646872.8172,12581.9008],[646871.0354,12603.7915],[646869.5874,12626.4562],[646905.9837,12631.2119],[646950.0601,12636.2997],[646981.1139,12639.3968],[646983.8982,12602.9122],[646988.3528,12548.9593],[646990.3571,12531.491],[646992.9184,12502.9667],[646996.8155,12470.6835],[647002.1599,12431.6562],[647003.9418,12408.7704],[646990.5854,12406.1164],[646967.9907,12403.2408],[646901.8761,12397.8204]]],[[[646961.0054,11793.5042],[646944.5325,11788.86],[646928.0594,11789.5227],[646896.3376,11789.0791],[646863.9481,11786.3137],[646846.2508,11783.5489],[646834.6752,11782.3323],[646831.6682,11825.0082],[646830.5542,11847.4517],[646828.2161,11861.8243],[646822.8727,11880.8403],[646819.4214,11901.0726],[646817.5282,11924.4006],[646815.9691,11942.9745],[646813.4085,11958.4527],[646809.7344,11982.5546],[646806.6169,12003.8924],[646809.7329,12015.7224],[646818.3032,12020.5874],[646845.1272,12028.2172],[646877.6279,12032.1988],[646904.4521,12036.1801],[646927.3809,12036.1811],[646928.8282,12027.3364],[646929.9423,12002.6817],[646932.2809,11976.9214],[646935.8443,11937.5623],[646939.0737,11901.4095],[646943.1935,11865.2566],[646947.0905,11835.4057],[646954.1038,11808.7612],[646959.8921,11798.5899],[646961.0054,11793.5042]]],[[[646913.685,12158.9017],[646907.8974,12153.484],[646900.6626,12153.5942],[646866.0472,12147.0697],[646830.5413,12141.6507],[646801.8248,12140.9861],[646798.1515,12146.0716],[646795.5907,12164.8666],[646786.2382,12231.4231],[646783.3426,12269.7871],[646781.5604,12298.422],[646777.552,12330.9263],[646772.4306,12362.325],[646771.3171,12371.5013],[646775.3238,12377.5823],[646860.4713,12385.8781],[646881.2852,12387.9797],[646888.967,12347.4047],[646896.4263,12305.5029],[646902.8836,12268.6868],[646908.2282,12224.7949],[646912.0143,12185.9887],[646913.685,12158.9017]]],[[[646865.7023,12393.8386],[646771.2054,12381.7834],[646762.4122,12383.6625],[646761.4103,12387.532],[646761.5205,12412.0763],[646757.7345,12449.4452],[646757.9557,12479.8491],[646757.1753,12508.2629],[646756.2839,12528.8269],[646753.389,12550.1647],[646752.1637,12570.2865],[646751.4951,12589.0816],[646749.9362,12602.1276],[646749.9355,12618.0481],[646787.2223,12620.9244],[646821.504,12622.8055],[646831.5214,12622.8059],[646840.7596,12624.7964],[646866.4709,12624.7976],[646865.9148,12614.9578],[646870.147,12559.0148],[646875.1587,12491.6843],[646876.0503,12467.0295],[646876.2742,12437.3996],[646878.6135,12395.6082],[646865.7023,12393.8386]]],[[[646731.1625,11772.8197],[646714.4669,11771.2712],[646713.4639,11800.2377],[646708.4539,11829.4252],[646705.8933,11845.4563],[646700.5486,11892.0016],[646695.4276,11916.5456],[646687.5234,11951.7031],[646685.185,11974.81],[646687.9666,11998.9121],[646689.4131,12009.9681],[646803.3885,12017.4911],[646801.608,12007.7618],[646803.3896,11992.5047],[646808.0653,11971.2774],[646810.4033,11957.7893],[646812.1848,11943.8588],[646814.0776,11928.3806],[646815.9705,11911.6862],[646817.7522,11891.3433],[646818.9771,11878.9607],[646824.7657,11860.9397],[646825.2116,11845.4614],[646828.2179,11821.3595],[646829.8884,11800.2427],[646830.3344,11781.4476],[646750.0842,11774.0367],[646731.1625,11772.8197]]],[[[646772.1067,12137.668],[646698.8685,12135.2324],[646680.6144,12137.9956],[646664.03,12139.9849],[646656.237,12177.1326],[646658.5739,12187.6358],[646664.6941,12223.4574],[646653.5618,12266.354],[646639.9811,12299.4107],[646621.0584,12321.4112],[646621.0575,12341.9752],[646630.5177,12356.9012],[646646.2113,12364.4199],[646712.771,12372.2726],[646740.3744,12373.49],[646764.9725,12376.8079],[646771.764,12335.2378],[646779.8926,12258.6204],[646786.0169,12201.1298],[646792.6976,12146.0714],[646788.357,12139.6588],[646772.1067,12137.668]]],[[[646619.6095,12364.6398],[646591.0046,12358.3367],[646585.8844,12362.6483],[646576.8678,12384.2069],[646556.1623,12447.0038],[646541.8017,12498.9661],[646537.5706,12533.1288],[646541.2426,12555.4619],[646545.4709,12583.4337],[646554.931,12600.3497],[646666.1236,12610.084],[646692.5026,12613.2914],[646715.4313,12614.8403],[646730.5686,12615.1727],[646741.5877,12617.3844],[646747.6013,12548.3955],[646752.0557,12498.4228],[646753.7272,12456.1892],[646756.5119,12409.0909],[646755.5111,12389.5218],[646754.3983,12383.6621],[646747.4976,12380.5662],[646710.656,12376.0316],[646690.6213,12374.8145],[646668.917,12372.6023],[646658.0092,12371.4963],[646647.8807,12368.5107],[646635.3034,12366.1884],[646619.6095,12364.6398]]]]}},{"type":"Feature","properties":{"camp":"Ifo","block":"IFO-F2","population":801.0,"type":"camp block"},"geometry":{"type":"MultiPolygon","coordinates":[[[[648060.8419,13457.591],[648116.3832,13455.9354],[648169.0304,13455.938],[648168.4772,13389.823],[648152.7865,13322.0489],[648156.6833,13299.6054],[648113.0535,13262.1234],[648101.8123,13250.2929],[648080.5539,13233.4868],[648067.0866,13220.7717],[648040.7079,13209.2722],[648000.0821,13198.8776],[647971.4771,13191.5792],[647931.4081,13176.2094],[647909.5929,13164.1573],[647892.2299,13153.2111],[647871.5274,13147.5715],[647846.2618,13135.2981],[647835.0204,13127.4478],[647827.1181,13120.5927],[647814.0955,13118.7126],[647795.7306,13110.4197],[647752.4278,13218.9875],[647793.6092,13247.2928],[647819.9878,13260.3402],[647863.3949,13297.4905],[647884.9867,13326.3477],[647912.3661,13357.8586],[647946.5347,13398.2147],[647991.9448,13445.3155],[648009.3077,13458.8047],[648060.8419,13457.591]]],[[[647847.3542,13559.1851],[647858.041,13528.3394],[647869.2827,13528.8928],[647895.5533,13475.1619],[647861.3835,13459.4607],[647866.394,13423.529],[647886.0949,13423.5299],[647885.5394,13402.8552],[647822.7648,13375.986],[647808.1843,13367.5828],[647802.5078,13366.3663],[647790.2644,13364.1545],[647775.6843,13347.9015],[647761.66,13344.584],[647780.1406,13263.3234],[647779.0281,13250.9406],[647757.7699,13230.8177],[647715.5867,13203.1756],[647687.6504,13178.1878],[647655.707,13156.8482],[647645.688,13187.6939],[647598.0494,13191.0084],[647599.1618,13204.4967],[647576.2315,13237.553],[647563.8757,13256.0159],[647555.1937,13262.7597],[647554.3023,13282.3287],[647561.5363,13297.4758],[647547.6231,13300.7919],[647506.1058,13314.2782],[647476.944,13313.724],[647437.4311,13307.7518],[647404.708,13298.021],[647378.3291,13291.2755],[647371.2052,13300.4516],[647365.4172,13303.547],[647345.0486,13300.1187],[647341.152,13318.582],[647333.0265,13324.7729],[647338.8139,13333.9497],[647358.5141,13347.8812],[647365.7482,13362.1437],[647376.2102,13377.0698],[647388.8982,13390.227],[647376.9881,13400.9508],[647371.5337,13411.0114],[647370.7537,13429.1432],[647389.2299,13436.7727],[647421.2856,13437.9905],[647450.1133,13441.4192],[647454.3426,13446.8369],[647486.2867,13454.5776],[647514.0013,13459.9964],[647529.1387,13459.4444],[647607.4973,13459.4482],[647668.602,13490.8502],[647703.8842,13519.3764],[647740.947,13554.6469],[647822.1985,13575.4362],[647847.3542,13559.1851]]]]}},{"type":"Feature","properties":{"camp":"Ifo","block":"IFO-A5","population":2555.0,"type":"camp block"},"geometry":{"type":"MultiPolygon","coordinates":[[[[646892.4289,12089.801],[646953.5354,12082.3962],[646977.6884,12083.2817],[646989.7096,12076.8698],[646990.7119,12064.8188],[646968.8967,12054.0936],[646928.605,12041.5986],[646875.7355,12038.8323],[646843.7913,12032.7501],[646830.3237,12029.101],[646813.8508,12024.8991],[646789.03,12023.0185],[646684.7382,12011.4052],[646682.9578,12001.6758],[646649.5668,11993.3824],[646599.4799,11991.0585],[646576.7735,11998.9072],[646557.7404,11999.3486],[646505.8729,11993.3762],[646463.2433,11992.9321],[646416.8296,11990.1661],[646391.3399,12011.3924],[646429.8506,12025.3245],[646408.4784,12066.12],[646435.413,12090.6654],[646474.8146,12092.9889],[646555.9544,12118.0894],[646580.4412,12120.8545],[646691.7452,12130.5886],[646747.2861,12129.596],[646763.537,12118.983],[646792.8107,12106.4911],[646845.5694,12097.6486],[646892.4289,12089.801]]],[[[646576.3288,11986.3034],[646587.9052,11971.0467],[646601.374,11948.2721],[646606.4955,11912.1193],[646609.7246,11882.9318],[646612.5085,11852.8597],[646615.7372,11832.8486],[646616.4054,11824.7778],[646629.3171,11815.3808],[646651.1337,11794.9282],[646681.9658,11775.1394],[646705.4513,11769.1702],[646711.6845,11766.8487],[646716.5826,11749.3805],[646719.3658,11735.4501],[646678.4058,11734.1217],[646677.4065,11676.9624],[646673.3996,11675.1932],[646660.0433,11671.4336],[646638.2278,11666.347],[646619.1951,11658.4965],[646599.7175,11643.2384],[646586.8063,11639.4789],[646561.3175,11642.2418],[646519.1323,11661.6984],[646513.5666,11672.8647],[646486.6308,11677.7282],[646480.8415,11711.2274],[646476.6099,11760.4262],[646482.173,11809.8465],[646481.7273,11820.7919],[646469.2613,11817.5851],[646447.8912,11811.0612],[646417.8391,11809.7332],[646402.4789,11813.8232],[646363.6338,11811.0576],[646282.9389,11794.3597],[646267.1337,11794.9118],[646250.5495,11792.0365],[646225.5061,11790.7088],[646190.2225,11793.4712],[646185.6576,11826.8599],[646185.0984,11889.8787],[646197.2284,11940.4048],[646203.1272,11947.8126],[646218.0418,11952.0145],[646242.6398,11956.659],[646259.3356,11953.8958],[646271.8012,11965.3945],[646301.5195,11961.7473],[646329.7907,11963.628],[646355.0563,11975.0168],[646389.5607,11973.8021],[646422.395,11985.4123],[646441.428,11986.187],[646477.4906,11986.6308],[646518.0052,11988.8438],[646549.9494,11993.7098],[646567.9808,11991.3888],[646576.3288,11986.3034]]],[[[646709.5684,11797.4736],[646712.1295,11771.6028],[646696.8806,11775.0295],[646683.8579,11777.5718],[646675.955,11783.21],[646664.3791,11788.7374],[646651.3561,11799.6823],[646630.0962,11817.0392],[646619.8558,11826.1046],[646619.1877,11832.0748],[646626.8676,11834.1758],[646679.4031,11837.8265],[646675.0617,11850.8723],[646671.6107,11863.1443],[646670.6086,11873.3157],[646668.6043,11890.2312],[646664.5965,11909.6895],[646663.0377,11923.3989],[646658.8068,11953.0286],[646670.6051,11953.0291],[646680.8452,11951.924],[646684.4072,11944.2955],[646689.9732,11926.164],[646693.4242,11913.7815],[646694.7604,11902.1728],[646697.0982,11893.107],[646700.3269,11871.4375],[646700.9954,11857.0648],[646705.6715,11826.6611],[646709.5684,11797.4736]]],[[[646304.3868,12561.6425],[646309.0631,12529.3594],[646311.9574,12519.6303],[646320.5279,12517.3089],[646321.1972,12485.5784],[646322.3113,12461.9187],[646313.0738,12446.3295],[646318.3057,12431.957],[646324.0945,12409.9559],[646318.8638,12397.3519],[646329.2161,12374.7983],[646322.8726,12356.3346],[646305.6226,12308.4616],[646303.2862,12285.4652],[646262.3264,12280.8198],[646215.5788,12277.9432],[646154.4731,12269.8697],[646125.0888,12270.4212],[646111.287,12272.7423],[646056.9709,12265.2219],[646001.5416,12260.4654],[645943.9978,12250.8442],[645907.6017,12244.9829],[645890.3496,12242.771],[645881.1112,12247.9668],[645871.8692,12332.102],[645867.3035,12381.7428],[645863.8524,12396.1154],[645864.9639,12431.9366],[645851.16,12480.3609],[645853.3856,12490.0902],[645877.4266,12505.3484],[645889.2245,12512.6459],[645896.5703,12519.3903],[645915.1576,12529.2309],[645928.291,12541.0614],[645930.5169,12545.0416],[645928.2906,12549.2427],[645940.5341,12549.0222],[646028.7977,12560.5243],[646140.7691,12573.686],[646205.7704,12580.1014],[646250.7372,12583.6413],[646283.1267,12583.6428],[646295.8156,12577.7837],[646304.3868,12561.6425]]],[[[646309.631,12275.0729],[646316.5325,12260.0371],[646313.0848,12198.8976],[646315.9812,12143.5075],[646326.8911,12095.6358],[646325.2235,12050.0853],[646325.7811,12024.7672],[646318.3248,11999.891],[646277.9221,11982.642],[646259.4459,11976.2288],[646236.4061,11971.6948],[646213.3662,11971.6938],[646186.7647,11965.2802],[646154.4865,11965.2788],[646078.3549,11954.883],[646039.9551,11952.1173],[646012.0179,11949.131],[645981.5208,11942.275],[645911.0657,11932.4322],[645882.9059,11929.667],[645855.7477,11930.1081],[645857.528,11943.3753],[645872.9984,11962.9449],[645884.0165,11986.0523],[645892.0293,12012.5868],[645889.2455,12039.1209],[645891.4702,12070.8515],[645891.4688,12103.1348],[645892.0241,12130.8851],[645893.2472,12159.6306],[645893.8028,12180.4157],[645886.9009,12204.0751],[645883.4492,12232.9309],[645911.7203,12235.8067],[645943.9982,12242.7733],[645987.184,12247.3082],[646018.9056,12249.0785],[646046.6201,12253.7232],[646074.8911,12258.9208],[646098.5989,12260.0274],[646130.877,12262.9034],[646188.5325,12262.906],[646211.0158,12266.3343],[646240.9564,12272.1953],[646263.4397,12275.0708],[646288.2606,12273.6346],[646309.631,12275.0729]]],[[[646317.7377,12683.9217],[646308.5014,12641.9087],[646306.165,12621.1235],[646275.5565,12617.5842],[646258.305,12603.2107],[646239.8289,12594.5862],[646201.2065,12589.3882],[646092.7969,12574.9],[646010.8775,12565.7198],[645958.3423,12557.0938],[645849.9318,12564.4964],[645844.811,12582.9595],[645839.0218,12613.5841],[645835.5686,12673.507],[645833.2289,12725.4697],[645860.2749,12743.3816],[645877.6391,12726.5774],[645896.1169,12698.9384],[645915.1503,12689.6523],[645947.9855,12679.3718],[645964.6805,12691.9763],[645998.738,12727.2463],[646046.5972,12759.5318],[646011.4243,12777.9936],[645991.2769,12807.9542],[645978.0305,12832.7188],[645964.6725,12866.3282],[646036.7971,12875.9502],[646088.1081,12880.0433],[646134.2991,12885.7945],[646173.478,12889.2237],[646213.2135,12891.3262],[646234.0271,12896.1918],[646251.3912,12883.4783],[646255.9574,12825.2137],[646285.3446,12761.2012],[646288.2393,12745.0597],[646303.2659,12733.5622],[646309.6111,12715.6519],[646317.7372,12694.3143],[646317.7377,12683.9217]]],[[[646277.8745,13033.0663],[646270.533,12937.7638],[646234.8058,12905.5894],[646171.4741,12897.405],[646066.9599,12889.1082],[645997.0614,12878.1596],[645976.8032,12896.4009],[645994.2762,12933.9918],[645984.2579,12953.3392],[645967.7843,12966.1633],[645937.51,12957.87],[645924.7103,12952.3414],[645905.4543,12960.6325],[645874.1784,12948.6906],[645848.5775,12969.8062],[645837.5574,12989.9275],[645810.2879,12990.9212],[645809.396,13021.9883],[645807.5013,13075.1672],[645794.6995,13114.6362],[645795.5888,13138.517],[645822.1892,13165.0524],[645882.7368,13202.6454],[645990.7014,13210.9425],[646023.647,13220.1205],[646142.1866,13205.4218],[646220.9922,13156.7795],[646259.506,13103.6023],[646277.8745,13033.0663]]]]}},{"type":"Feature","properties":{"camp":"Ifo","block":"IFO-D5","population":4027.0,"type":"camp block"},"geometry":{"type":"MultiPolygon","coordinates":[[[[646208.9275,11654.7201],[646201.4705,11647.4229],[646177.8739,11648.1958],[646156.5035,11648.1949],[646133.3523,11646.7566],[646112.2048,11640.5644],[646072.5807,11635.3665],[646031.1757,11632.048],[645996.115,11629.1719],[645962.3899,11627.4016],[645937.4579,11625.8527],[645913.1937,11622.2032],[645892.1574,11618.8856],[645869.0061,11620.6535],[645854.0915,11615.5672],[645844.2969,11611.9183],[645829.6048,11611.9177],[645813.1317,11612.4698],[645796.1022,11612.9113],[645779.963,11614.4585],[645764.2691,11616.7796],[645751.1351,11619.6536],[645741.3402,11623.3016],[645727.5383,11627.3917],[645724.8653,11667.3034],[645721.7472,11706.1096],[645718.6289,11746.5741],[645720.7429,11766.6959],[645722.3,11792.8985],[645722.2991,11813.573],[645724.8584,11830.4887],[645735.6541,11850.0581],[645743.8901,11860.3405],[645752.1261,11872.7235],[645765.8158,11887.7601],[645784.0693,11897.9323],[645810.7818,11908.2155],[645838.6075,11916.5086],[645865.3203,11920.6004],[645878.7879,11923.2544],[645908.0609,11924.5824],[645981.1873,11933.0986],[646000.2201,11938.2957],[646052.4216,11941.6147],[646102.9534,11947.8082],[646147.9202,11949.358],[646169.2905,11953.2285],[646183.9826,11953.4503],[646192.2195,11944.2742],[646188.3249,11921.2777],[646184.7638,11905.9098],[646180.4237,11888.8835],[646181.2042,11856.9319],[646180.871,11838.8001],[646180.8721,11815.0299],[646183.9894,11795.2399],[646185.548,11787.5008],[646189.6666,11781.0886],[646197.9037,11765.6106],[646206.9202,11746.2631],[646218.2738,11731.6698],[646223.9508,11720.0613],[646223.1723,11707.1258],[646223.6181,11692.9742],[646226.958,11674.511],[646223.1738,11670.0884],[646208.9275,11654.7201]]],[[[646205.1446,11622.5472],[646202.4738,11609.1694],[646191.5665,11596.1229],[646191.2336,11574.1216],[646191.5678,11566.493],[646198.3583,11544.7131],[646203.1449,11530.5617],[646192.7951,11496.2879],[646185.5613,11471.0801],[646182.4456,11452.3955],[646176.8814,11427.1877],[646168.3116,11413.6991],[646152.73,11389.8177],[646140.8211,11373.8966],[646130.9155,11361.0714],[646122.3451,11360.5182],[646108.8774,11359.0804],[646100.8635,11358.7484],[646094.2965,11359.4115],[646083.6113,11360.0744],[646067.027,11359.4103],[646056.6757,11359.4099],[646048.6619,11355.9822],[646038.9785,11354.5446],[646023.0621,11353.5489],[646010.2621,11353.2167],[645997.1282,11352.5528],[645982.9926,11351.7783],[645969.1909,11351.7777],[645947.0415,11349.6762],[645937.0242,11347.9068],[645925.8939,11344.8107],[645916.322,11338.9507],[645894.8405,11334.7486],[645876.1414,11334.7478],[645857.8876,11330.988],[645839.1886,11330.6556],[645814.2565,11329.6596],[645792.107,11328.5531],[645765.8392,11330.9843],[645738.5685,11360.7236],[645736.4532,11373.2167],[645734.7821,11408.8166],[645733.7792,11437.1197],[645731.9974,11461.3321],[645732.3305,11480.3483],[645732.9975,11501.0229],[645729.8794,11538.3917],[645730.9911,11570.5645],[645729.432,11591.3495],[645729.9874,11617.5521],[645749.7995,11618.6585],[645760.4848,11614.2366],[645769.1666,11612.7997],[645782.5232,11609.7046],[645797.6606,11609.1524],[645809.1249,11609.5951],[645820.144,11609.5956],[645845.744,11609.0439],[645860.5472,11613.3563],[645864.888,11616.4521],[645876.6862,11616.3421],[645891.0445,11615.5687],[645908.1853,11616.4539],[645916.6443,11619.4394],[645933.0059,11620.214],[645946.6962,11623.5313],[645970.1814,11623.864],[646005.576,11626.8506],[646038.4105,11630.611],[646075.586,11633.7082],[646108.3093,11636.1419],[646123.8918,11639.2382],[646137.6933,11642.7767],[646153.2759,11643.4407],[646179.9889,11644.3263],[646195.9054,11643.9953],[646202.8063,11643.6639],[646205.1446,11622.5472]]],[[[645856.1158,11108.6535],[645825.7298,11107.9889],[645796.0112,11117.7169],[645773.193,11138.7222],[645747.9262,11158.5113],[645741.0244,11181.2862],[645742.6931,11203.0664],[645744.8063,11243.1995],[645738.2377,11282.8899],[645739.9058,11318.1584],[645780.7543,11321.6979],[645836.4063,11323.6903],[645862.0061,11325.4603],[645884.1555,11328.2251],[645911.7587,11333.4226],[645917.324,11331.9855],[645912.5394,11297.1592],[645915.5454,11277.3692],[645921.1112,11263.2178],[645921.1119,11244.865],[645922.5594,11231.2663],[645918.8869,11218.773],[645914.5466,11204.0684],[645904.5297,11192.6804],[645910.0965,11154.206],[645904.8662,11128.4455],[645887.6145,11118.0523],[645856.1158,11108.6535]]],[[[645876.1032,12232.2672],[645887.1251,12167.5906],[645884.7898,12120.8239],[645884.7913,12085.9978],[645882.1221,12038.3467],[645878.8962,11993.9017],[645872.8866,11974.222],[645857.305,11951.7778],[645833.4866,11935.6351],[645816.5688,11927.453],[645793.6404,11921.4818],[645781.1746,11915.9533],[645770.2669,11913.6311],[645759.2476,11919.1586],[645748.6735,11922.8066],[645739.5466,11923.2484],[645700.1454,11912.7436],[645674.4344,11907.7674],[645659.2972,11904.0077],[645631.8053,11900.3581],[645615.3323,11898.5884],[645590.0665,11895.3811],[645553.8929,11890.7361],[645535.973,11890.5142],[645509.0376,11886.754],[645481.1003,11885.0945],[645478.2059,11896.703],[645473.864,11922.3525],[645467.7408,11957.51],[645459.6135,12006.4873],[645456.2738,12018.6487],[645455.4943,12026.9406],[645438.7983,12037.0007],[645436.5714,12056.6801],[645436.0137,12083.7671],[645433.3413,12109.4166],[645426.8846,12132.3021],[645437.0119,12163.4801],[645437.9014,12185.0392],[645439.6816,12199.7436],[645460.8295,12197.865],[645510.3597,12197.8672],[645553.8792,12206.6033],[645591.9448,12213.9019],[645632.2366,12219.4316],[645694.1213,12227.1735],[645749.5507,12226.7337],[645787.6166,12229.0571],[645830.691,12234.5869],[645861.4109,12235.0305],[645876.1032,12232.2672]]],[[[645482.743,12497.1493],[645506.2279,12502.6783],[645527.7093,12508.2072],[645552.975,12514.6208],[645564.8844,12518.2698],[645590.4841,12522.8038],[645612.5221,12527.0061],[645637.6768,12527.0072],[645666.6157,12528.3352],[645706.4623,12533.865],[645734.9561,12535.193],[645782.1485,12546.6933],[645811.8664,12552.2226],[645838.9132,12554.9878],[645841.0282,12549.681],[645842.1426,12520.1618],[645846.7081,12473.3955],[645857.2839,12431.6046],[645858.1763,12388.5971],[645864.1881,12356.4246],[645875.6568,12257.4747],[645875.6575,12241.8858],[645857.2924,12241.0006],[645836.7012,12240.5574],[645754.2252,12233.5885],[645717.0497,12231.818],[645675.7561,12228.6099],[645640.918,12225.4022],[645606.9705,12221.5311],[645581.816,12216.2232],[645546.9782,12209.8092],[645503.4586,12204.2793],[645446.471,12203.9452],[645433.3359,12232.2477],[645430.5522,12257.8972],[645424.54,12296.3715],[645424.539,12320.6945],[645416.746,12359.6109],[645414.5185,12391.7835],[645415.408,12410.5785],[645423.1983,12433.4646],[645430.9885,12458.2302],[645445.2344,12479.3476],[645469.4982,12489.8518],[645482.743,12497.1493]]],[[[645482.743,12497.1493],[645461.7066,12496.7061],[645446.1244,12489.4085],[645428.8734,12464.4214],[645417.7437,12448.6109],[645403.9426,12435.3432],[645395.7066,12424.287],[645380.1248,12408.4764],[645364.8767,12396.4247],[645350.0741,12377.7396],[645336.0506,12361.0446],[645322.1384,12344.239],[645315.2382,12329.6449],[645306.779,12330.7501],[645304.9977,12340.9215],[645300.3223,12356.3995],[645295.7578,12378.4005],[645288.4106,12404.1605],[645284.7364,12430.6944],[645284.735,12461.8721],[645282.062,12500.3465],[645286.6235,12543.4646],[645293.0773,12584.7034],[645301.3117,12629.7013],[645304.9831,12666.2965],[645312.3279,12693.826],[645324.2367,12707.5358],[645340.7086,12732.3018],[645357.1805,12756.1833],[645376.4349,12779.9544],[645382.8901,12790.1261],[645394.7989,12804.7204],[645411.2719,12805.7162],[645423.1809,12816.6621],[645431.4175,12813.014],[645441.5464,12808.371],[645488.294,12808.3732],[645501.0941,12804.7253],[645530.4788,12796.5453],[645583.6818,12801.0807],[645594.5896,12801.0812],[645612.9553,12790.1367],[645622.0824,12786.3781],[645641.338,12786.379],[645648.6836,12795.5557],[645660.5927,12805.7277],[645668.9404,12806.6126],[645674.3946,12801.0849],[645686.3044,12793.7885],[645699.1045,12791.9096],[645722.9235,12791.9107],[645731.2715,12787.3782],[645740.3987,12782.7351],[645750.5279,12769.9107],[645751.4187,12761.7294],[645767.892,12755.3177],[645787.1478,12750.6751],[645803.6211,12745.1479],[645813.7503,12734.203],[645819.2063,12687.4367],[645823.9934,12665.7674],[645826.5544,12643.4345],[645826.5556,12617.7848],[645837.5762,12583.8437],[645835.7963,12563.6112],[645815.5392,12558.1929],[645799.0663,12556.3127],[645784.3742,12554.5431],[645769.7936,12549.8989],[645744.9731,12542.6009],[645712.9178,12537.956],[645679.8606,12535.1905],[645646.0242,12534.3045],[645613.8574,12534.303],[645579.0191,12537.0654],[645568.0,12537.0649],[645559.7638,12531.5366],[645546.0735,12529.767],[645532.94,12521.1428],[645514.9092,12511.4128],[645495.6538,12506.7685],[645482.743,12497.1493]]],[[[645785.5717,13132.9886],[645788.245,13091.7501],[645800.1564,13051.3966],[645800.1595,12986.2773],[645749.7398,12964.2736],[645733.2672,12955.9809],[645706.6661,12944.1498],[645671.8289,12923.9159],[645643.4469,12912.9692],[645611.3911,12917.5007],[645604.0448,12923.0283],[645603.1542,12926.6767],[645597.5887,12932.2044],[645587.571,12939.5008],[645585.6787,12943.1492],[645581.1147,12954.2049],[645575.5493,12959.7326],[645573.7682,12964.2654],[645570.9854,12968.9087],[645559.9662,12971.5616],[645555.4026,12973.4409],[645543.4932,12971.5609],[645538.93,12966.1433],[645534.3666,12965.148],[645517.8936,12965.1473],[645507.7648,12967.9108],[645497.636,12971.5587],[645488.5088,12976.2018],[645486.7278,12980.7346],[645483.0541,12993.5593],[645482.0519,13004.6152],[645483.9435,13017.4401],[645483.9427,13033.0289],[645484.8323,13051.3817],[645492.1775,13069.7349],[645506.8694,13074.2685],[645531.5789,13073.3852],[645548.0519,13072.5015],[645555.398,13072.5018],[645564.6359,13077.9197],[645565.5258,13089.8601],[645569.1984,13099.0367],[645580.2169,13110.9776],[645593.9072,13113.7422],[645606.7071,13113.7428],[645615.9453,13114.6277],[645625.9631,13105.4518],[645639.7653,13095.3916],[645641.5452,13115.5134],[645654.4555,13135.7463],[645675.4916,13142.1597],[645682.8377,13142.1601],[645692.9665,13138.5121],[645705.7668,13132.9848],[645713.1127,13134.7541],[645714.8931,13144.9256],[645713.1114,13162.2833],[645712.2204,13174.2236],[645727.5803,13175.1088],[645751.8444,13180.1957],[645775.4405,13186.167],[645778.2241,13165.9348],[645785.5717,13132.9886]]],[[[645332.5007,12092.3862],[645302.226,12092.3848],[645286.198,12099.7916],[645268.2775,12112.1734],[645261.3761,12125.8824],[645264.1579,12142.3558],[645268.721,12151.9746],[645276.5118,12161.5936],[645280.184,12181.8261],[645283.8565,12192.3293],[645283.411,12200.179],[645276.0645,12209.3551],[645276.0642,12216.6519],[645280.1816,12236.3316],[645285.3006,12257.8908],[645293.5362,12277.5707],[645306.3356,12289.9539],[645313.681,12305.9852],[645323.2525,12318.9211],[645329.7073,12337.6058],[645342.0614,12351.4262],[645355.8623,12368.7846],[645371.4443,12382.1629],[645384.5773,12400.5163],[645395.7077,12399.5218],[645409.5097,12393.11],[645412.627,12376.1946],[645414.0753,12345.017],[645417.7496,12316.1613],[645424.0957,12277.5765],[645422.3159,12252.3689],[645429.2178,12228.1568],[645431.4449,12204.7184],[645432.3358,12193.7731],[645433.7833,12181.3906],[645432.8937,12163.9222],[645428.7763,12142.8052],[645423.212,12123.1255],[645406.2939,12122.2403],[645400.7294,12104.7717],[645371.4568,12097.4736],[645332.5007,12092.3862]]]]}},{"type":"Feature","properties":{"camp":"Ifo","block":"IFO-E1","population":526.0,"type":"camp block"},"geometry":{"type":"MultiPolygon","coordinates":[[[[645634.1487,11758.2897],[645635.262,11752.5407],[645643.1645,11753.6466],[645649.1751,11749.7773],[645655.4086,11739.2745],[645665.3152,11726.0078],[645665.3153,11722.9122],[645662.533,11715.8363],[645655.8553,11704.6695],[645641.1636,11694.3869],[645625.1364,11678.7974],[645608.664,11666.193],[645593.5271,11656.242],[645580.7272,11652.593],[645570.8214,11648.723],[645555.0163,11646.8429],[645541.1034,11643.1938],[645517.6183,11643.8562],[645499.1419,11641.6443],[645475.7682,11637.9948],[645466.7524,11643.1907],[645461.0751,11661.5433],[645448.9424,11676.6894],[645450.3885,11694.8211],[645451.1674,11701.6758],[645468.9751,11722.5722],[645478.4354,11735.3974],[645488.7861,11750.2128],[645496.3543,11759.6106],[645513.4943,11779.8436],[645531.8586,11800.1873],[645547.4404,11817.214],[645541.9856,11837.9989],[645564.4674,11876.8061],[645568.0288,11883.2187],[645574.7071,11882.9978],[645601.087,11861.44],[645613.4425,11844.4144],[645621.2343,11832.806],[645626.3545,11827.2783],[645630.2517,11791.2362],[645631.5883,11768.1294],[645634.1487,11758.2897]]],[[[645561.6848,11876.0321],[645544.4339,11846.9543],[645539.203,11837.7777],[645543.5445,11822.6313],[645543.5448,11815.3344],[645532.7488,11804.8308],[645517.9461,11787.3618],[645498.6913,11768.7871],[645482.1079,11747.4485],[645470.8671,11728.2108],[645451.6124,11707.2037],[645447.7171,11699.3539],[645446.6043,11693.3837],[645446.3823,11677.7948],[645441.3741,11667.5126],[645420.6722,11652.3652],[645404.6443,11655.3496],[645385.4997,11663.7513],[645381.0465,11686.9685],[645375.3687,11719.362],[645364.1252,11762.369],[645363.6793,11777.5156],[645365.6822,11791.0038],[645377.2577,11794.3211],[645384.0471,11796.422],[645385.9392,11798.3016],[645384.7145,11806.2618],[645383.8238,11812.7847],[645381.4861,11821.5188],[645381.4857,11829.0368],[645380.5949,11839.2082],[645379.7039,11850.8168],[645377.3663,11856.7869],[645377.366,11864.8577],[645381.7065,11871.4914],[645388.8298,11876.0247],[645394.6175,11879.01],[645400.9617,11881.1109],[645409.5321,11881.5535],[645415.8764,11882.2171],[645426.4502,11882.4387],[645434.9093,11884.0974],[645448.0432,11883.2135],[645456.5023,11883.2139],[645462.4014,11881.3347],[645466.7427,11873.0429],[645473.866,11876.36],[645497.2396,11880.2306],[645503.4725,11882.9948],[645532.3001,11885.9811],[645541.0931,11886.866],[645565.1349,11882.7763],[645561.6848,11876.0321]]]]}},{"type":"Feature","properties":{"camp":"Ifo","block":"IFO-S4","population":43.0,"type":"camp block"},"geometry":{"type":"MultiPolygon","coordinates":[[[[646033.7532,11208.1639],[646029.3047,11117.7263],[645930.9113,11130.5472],[645933.1362,11159.6244],[645935.138,11201.4158],[645933.8012,11229.94],[645929.7901,11332.3177],[645931.1253,11341.1625],[645986.1094,11346.2505],[646052.7805,11349.0172],[646136.1471,11354.2169],[646142.8255,11349.3526],[646146.0544,11323.8135],[646146.057,11261.1264],[646144.3895,11209.274],[646033.7532,11208.1639]]],[[[646083.9561,11090.4204],[646081.3999,10995.5604],[645928.2452,11000.4189],[645928.0181,11112.8576],[646083.9561,11090.4204]]]]}},{"type":"Feature","properties":{"camp":"Ifo","block":"IFO-G1","population":584.0,"type":"camp block"},"geometry":{"type":"MultiPolygon","coordinates":[[[[646208.6195,11024.3109],[646194.9322,10947.1399],[645934.0349,10953.0998],[645928.2452,11000.4189],[646081.3999,10995.5604],[646083.5108,11092.4104],[646148.5128,11084.7844],[646212.1788,11084.3447],[646208.6195,11024.3109]]],[[[646003.8266,10852.0514],[645993.1414,10850.061],[645984.792,10891.5203],[645968.8752,10899.3694],[645926.8019,10907.4386],[645928.8037,10950.2251],[646196.7132,10942.7176],[646187.9214,10910.6551],[646183.9148,10902.2524],[646169.7794,10897.7189],[646144.1794,10896.7229],[646090.9762,10892.8512],[646059.8112,10887.6537],[646030.0935,10874.6066],[646003.8266,10852.0514]]],[[[645854.2337,10853.3723],[645850.2269,10850.1659],[645812.271,10881.5632],[645788.3403,10889.5225],[645780.1012,10955.1943],[645767.966,11032.6958],[645759.7268,11098.6993],[645793.5632,11100.8013],[645852.9995,11103.1254],[645867.9144,11099.6987],[645874.1478,11089.638],[645873.7044,11045.0827],[645867.9194,10973.8823],[645863.3561,10970.4548],[645854.2337,10853.3723]]]]}},{"type":"Feature","properties":{"camp":"Dagahaley","block":"A","population":null,"type":"camp block"},"geometry":{"type":"MultiPolygon","coordinates":[[[[644469.7946,21269.7095],[644434.7347,21262.5205],[644428.7241,21264.8418],[644432.3957,21282.8631],[644445.635,21359.7024],[644450.4195,21378.8294],[644468.5585,21423.2753],[644490.26,21457.9924],[644510.8486,21489.1715],[644530.1022,21513.1642],[644541.008,21538.3725],[644547.0166,21561.148],[644580.8521,21569.5531],[644606.2286,21577.9575],[644632.8296,21582.8241],[644653.3094,21582.8257],[644672.6756,21590.0135],[644694.3791,21598.4177],[644712.5209,21606.8215],[644749.9174,21623.6294],[644760.8257,21616.4439],[644771.7347,21599.6398],[644770.5125,21572.0],[644771.739,21544.471],[644772.8559,21494.0563],[644768.0719,21467.6324],[644754.8292,21436.4538],[644751.158,21413.6784],[644734.2412,21396.8722],[644708.8653,21380.0653],[644683.6007,21364.4746],[644665.4591,21353.6385],[644620.7171,21328.5382],[644589.3309,21312.8365],[644555.4955,21302.1097],[644521.7717,21288.8401],[644469.7946,21269.7095]]],[[[644445.6481,21186.8993],[644416.7098,21180.9269],[644413.0357,21195.2992],[644417.8208,21207.3505],[644423.9409,21227.6937],[644427.5013,21244.4989],[644434.7354,21252.9019],[644483.0403,21261.3081],[644535.0176,21278.1169],[644605.0251,21305.6514],[644664.2363,21333.2956],[644727.0086,21369.2319],[644751.1608,21376.5307],[644758.3963,21365.6965],[644769.3071,21326.1173],[644771.757,21309.3125],[644764.4133,21279.3506],[644763.3011,21268.5157],[644746.3842,21252.9256],[644627.9603,21218.0906],[644570.0838,21202.4975],[644527.7892,21195.3079],[644445.6481,21186.8993]]],[[[644609.9005,21592.441],[644555.474,21582.8182],[644557.922,21591.2208],[644563.9309,21610.3479],[644572.388,21635.5559],[644574.8348,21659.5474],[644594.1998,21681.2184],[644632.823,21669.1705],[644654.5283,21653.5834],[644694.3776,21617.5443],[644650.9709,21598.4143],[644609.9005,21592.441]]],[[[644368.3643,21701.5436],[644408.2113,21695.5766],[644439.5987,21695.579],[644502.3738,21693.1516],[644532.5371,21691.9378],[644554.2412,21691.9395],[644573.6085,21684.7547],[644554.3557,21651.1433],[644550.684,21634.3381],[644539.779,21598.4057],[644528.9844,21575.6298],[644520.5266,21558.8242],[644518.0793,21542.0191],[644507.1733,21519.2432],[644487.9205,21485.6319],[644479.4623,21474.7965],[644469.7805,21454.453],[644322.404,21599.6051],[644300.6987,21616.4083],[644257.1753,21666.7091],[644234.2457,21682.296],[644202.857,21697.8824],[644224.5592,21723.0914],[644246.3716,21761.4569],[644262.0635,21784.3437],[644292.2265,21785.4517],[644305.4719,21781.9148],[644310.3711,21757.924],[644322.394,21729.1797],[644339.3129,21718.3463],[644368.3643,21701.5436]]],[[[644410.574,21366.2227],[644396.106,21348.3111],[644375.6295,21305.0811],[644337.569,21248.9151],[644304.6203,21204.2569],[644263.0019,21143.2192],[644161.1759,21020.154],[643842.9382,21235.6056],[643765.7012,21287.4536],[643801.9695,21364.9601],[643850.2698,21432.1833],[643920.2728,21517.3186],[644035.0128,21690.1303],[644079.6428,21722.5274],[644165.4596,21692.5727],[644234.2469,21666.1545],[644304.2623,21591.754],[644402.1046,21500.6613],[644440.8413,21458.652],[644440.8422,21447.8172],[644454.089,21425.0432],[644427.4912,21377.0587],[644410.574,21366.2227]],[[644235.163,21331.5119],[644250.7424,21326.3021],[644233.6779,21332.6595],[644178.2852,21361.8907],[644235.163,21331.5119]]],[[[644077.4791,20915.0081],[644070.7994,20914.6681],[644060.8898,20922.5178],[644057.4399,20928.4876],[644050.4302,20932.7074],[644040.1906,20939.8771],[643991.3225,20974.6958],[643960.2737,20993.0551],[643939.1245,21004.9946],[643927.8849,21013.3943],[643908.2857,21021.464],[643892.5963,21032.6335],[643889.4764,21039.2533],[643889.3664,21048.6529],[643891.4864,21062.9224],[643911.7256,21087.8014],[643937.2246,21112.0104],[643951.244,21118.6502],[643966.8234,21123.07],[643991.8724,21114.1304],[644019.9214,21100.6309],[644036.8407,21088.9213],[644069.1194,21068.7921],[644089.7186,21052.5428],[644102.0682,21044.6931],[644102.9581,21041.4832],[644110.9678,21035.4034],[644140.4667,21021.924],[644144.9165,21017.5041],[644144.3665,21010.4244],[644132.017,20989.5252],[644124.1073,20973.5058],[644121.4374,20965.6461],[644111.7578,20954.8166],[644101.8482,20938.8872],[644094.5085,20928.0576],[644084.1589,20918.648],[644077.4791,20915.0081]]],[[[644010.3717,20818.5919],[644003.912,20818.4819],[643995.5623,20823.9017],[643981.2029,20834.4013],[643975.3131,20841.371],[643965.1735,20850.3306],[643936.9146,20865.91],[643921.2052,20872.5398],[643909.7456,20877.2896],[643898.1661,20882.7094],[643891.4864,20886.5792],[643878.1369,20896.5288],[643865.5574,20904.0485],[643847.968,20918.198],[643821.8191,20936.4373],[643811.3495,20944.617],[643810.7995,20945.7269],[643816.7893,20956.6665],[643827.5988,20976.0157],[643850.308,21009.4044],[643861.6375,21034.2935],[643864.3174,21039.4733],[643875.127,21039.4733],[643882.7967,21032.8535],[643903.1659,21018.7041],[643930.8848,20999.4648],[643965.2735,20982.7655],[644001.2321,20958.6764],[644031.0609,20938.8872],[644039.7406,20930.4775],[644049.6602,20921.7479],[644060.3298,20915.4481],[644064.3396,20912.4682],[644066.7895,20908.2684],[644066.9095,20900.7487],[644063.0197,20890.4691],[644056.6599,20882.8294],[644049.7702,20873.0997],[644038.8606,20851.6606],[644028.621,20834.6312],[644023.3912,20826.4516],[644018.3814,20822.5817],[644013.7116,20820.3618],[644010.3717,20818.5919]]],[[[643968.0734,20756.1243],[643962.8536,20754.2444],[643939.5845,20754.4644],[643921.7852,20756.6743],[643908.0857,20762.4241],[643898.7361,20766.6239],[643889.9464,20767.8438],[643874.357,20774.6936],[643860.4476,20780.0034],[643854.8778,20784.8632],[643848.428,20789.073],[643828.2788,20797.3527],[643818.7092,20803.4325],[643824.719,20810.1822],[643870.6772,20855.2904],[643777.9608,20906.3685],[643786.5304,20917.198],[643791.5402,20931.4575],[643796.1001,20935.4373],[643801.6698,20937.3172],[643812.0194,20934.3374],[643819.6991,20927.6976],[643832.0587,20920.0679],[643840.9583,20916.3081],[643853.9778,20905.1585],[643879.4668,20889.5691],[643887.8265,20881.0494],[643900.066,20873.6397],[643922.4352,20863.3601],[643947.3642,20854.7405],[643959.7237,20847.5607],[643969.7433,20839.1611],[643974.5231,20832.6313],[643981.8728,20825.0116],[643992.5624,20821.1418],[644004.9119,20810.3022],[644002.362,20801.9025],[643996.5723,20792.7229],[643986.7726,20782.1133],[643973.3032,20762.0941],[643968.0734,20756.1243]]],[[[643924.0051,20750.7045],[643934.0247,20748.3846],[643944.8143,20748.3846],[643950.1641,20749.3946],[643955.1639,20745.9547],[643958.5037,20743.6348],[643960.0637,20740.3149],[643956.6138,20727.2754],[643941.3744,20711.906],[643938.1345,20702.1764],[643922.6651,20687.787],[643914.1055,20676.2874],[643911.2056,20670.5476],[643909.0957,20660.828],[643889.1764,20626.8793],[643882.4967,20620.9096],[643875.817,20619.9096],[643871.1371,20621.3495],[643864.6874,20626.7693],[643851.2179,20634.059],[643806.0297,20663.1379],[643708.6335,20727.1454],[643678.2447,20747.4846],[643674.4648,20754.6644],[643678.4646,20761.0841],[643685.5944,20775.9035],[643696.6139,20792.2529],[643717.6331,20820.1218],[643733.4425,20841.681],[643736.2324,20844.4509],[643741.9022,20845.3308],[643749.6919,20843.2309],[643767.2812,20829.1915],[643802.8998,20806.6423],[643823.829,20790.723],[643854.2078,20775.2436],[643899.956,20756.1243],[643913.2055,20751.2545],[643924.0051,20750.7045]]],[[[643876.5669,21053.4127],[643871.3271,21050.3128],[643865.8774,21050.8628],[643858.4276,21052.9727],[643830.0387,21074.9719],[643793.1902,21098.951],[643773.161,21112.9904],[643759.0215,21125.0499],[643738.9923,21138.6494],[643718.7331,21149.149],[643698.6939,21163.5084],[643688.1243,21176.6679],[643690.0142,21185.1876],[643712.0433,21218.8963],[643740.2022,21257.0548],[643748.1019,21264.0145],[643751.3418,21266.2344],[643763.9113,21268.3344],[643779.9407,21261.2546],[643805.2097,21243.1153],[643813.1094,21235.9356],[643855.6277,21210.7366],[643874.997,21197.9171],[643890.1264,21185.5276],[643898.7061,21181.9877],[643924.8651,21167.2883],[643935.9946,21151.9289],[643944.3543,21141.9793],[643944.9043,21136.7795],[643933.7647,21120.7501],[643903.1659,21084.5915],[643889.5864,21068.0122],[643884.6866,21062.4824],[643876.5669,21053.4127]]],[[[643812.5294,21541.8537],[643805.5197,21541.5237],[643795.9501,21544.8336],[643775.9109,21560.423],[643755.6516,21580.8822],[643727.5927,21600.1115],[643686.0843,21626.5304],[643649.1258,21651.9594],[643625.1967,21667.6588],[643625.0867,21671.2987],[643634.4364,21686.7881],[643645.0059,21710.3272],[643653.6856,21726.1466],[643666.4851,21743.0559],[643678.1747,21756.1054],[643680.9445,21762.7451],[643689.5242,21772.7947],[643698.9838,21768.5949],[643710.5634,21761.7552],[643723.8029,21748.4857],[643741.5022,21734.3262],[643767.5512,21712.6571],[643786.4704,21696.5377],[643814.8593,21676.4085],[643855.7077,21650.3095],[643877.5269,21637.39],[643880.5268,21631.6402],[643882.5367,21623.7805],[643871.6271,21603.7713],[643842.5783,21570.7126],[643826.2189,21551.2534],[643819.8791,21544.2836],[643812.5294,21541.8537]]],[[[643820.1691,20529.3631],[643816.6093,20526.1532],[643808.0396,20526.2632],[643793.9102,20531.0231],[643780.7707,20537.5428],[643764.7413,20549.2523],[643748.0519,20563.5118],[643738.2523,20572.6914],[643726.2428,20579.1012],[643701.1838,20592.8107],[643690.5042,20599.6704],[643684.3844,20607.6301],[643652.9856,20623.6495],[643629.6165,20638.1389],[643615.0371,20651.0684],[643609.9173,20659.808],[643612.5872,20669.5377],[643621.2669,20681.0272],[643638.6262,20695.0667],[643651.7557,20708.0162],[643661.3353,20725.0455],[643668.895,20730.7953],[643672.8049,20734.4351],[643683.2645,20736.0951],[643697.7239,20729.3553],[643752.7118,20692.5368],[643795.9001,20663.1379],[643824.169,20645.9986],[643877.0469,20612.9399],[643874.707,20605.9901],[643870.4772,20595.8105],[643865.2474,20589.2908],[643860.6876,20586.6309],[643854.6778,20579.8912],[643841.0983,20559.6519],[643825.3989,20536.0029],[643820.1691,20529.3631]]],[[[643814.0194,20961.5363],[643805.4597,20947.8268],[643786.1905,20957.9964],[643746.352,20987.7253],[643736.3324,20994.915],[643719.633,21006.9645],[643710.3934,21012.7143],[643687.6843,21021.674],[643682.5645,21025.3238],[643670.215,21029.5337],[643656.6455,21037.4733],[643646.8359,21043.8831],[643637.0463,21048.3029],[643626.7967,21057.0526],[643617.227,21064.8923],[643614.7771,21070.8621],[643614.9871,21079.6017],[643617.677,21086.9014],[643634.2564,21112.4304],[643641.8261,21126.3599],[643654.2856,21141.5093],[643670.8649,21166.3983],[643675.9847,21170.0382],[643679.7746,21169.6982],[643691.4641,21163.5084],[643698.4739,21155.6688],[643711.3734,21147.5991],[643739.6623,21131.8997],[643761.8114,21116.9703],[643769.6011,21108.7906],[643787.1904,21097.731],[643820.9191,21074.9719],[643843.3982,21059.0425],[643860.6476,21044.2231],[643859.4276,21039.9233],[643846.6281,21013.0543],[643832.3887,20991.4951],[643825.4889,20977.8957],[643818.1392,20967.9461],[643814.0194,20961.5363]]],[[[643754.4017,20432.6169],[643750.4118,20430.407],[643743.3821,20431.0669],[643733.8125,20433.6068],[643693.844,20457.0459],[643648.0958,20481.925],[643623.5068,20500.5942],[643610.4873,20513.5337],[643601.9076,20520.7235],[643596.5678,20528.2432],[643590.1181,20534.3229],[643579.9785,20538.4028],[643562.3892,20546.9224],[643563.0591,20554.9921],[643568.6289,20567.7016],[643588.3282,20595.2406],[643602.7976,20620.7696],[643616.4871,20641.1188],[643637.0763,20627.1893],[643663.5652,20613.1499],[643682.6045,20602.1003],[643694.844,20591.6007],[643728.1327,20573.9114],[643737.0324,20569.0416],[643747.482,20559.202],[643766.5212,20541.0827],[643802.3598,20520.9534],[643810.8195,20513.7737],[643807.4896,20509.9039],[643785.4505,20478.6151],[643770.4311,20454.726],[643754.4017,20432.6169]]],[[[643762.6014,20886.2392],[643741.7922,20857.2704],[643733.4425,20859.2603],[643717.0831,20871.8598],[643692.5941,20883.5793],[643665.5451,20900.3887],[643658.4254,20901.8186],[643654.1956,20904.9185],[643631.5865,20920.1679],[643623.1368,20923.3878],[643617.477,20926.6877],[643607.6674,20933.8774],[643592.308,20944.717],[643573.8287,20953.4466],[643559.3593,20965.1762],[643548.3397,20972.5759],[643543.4399,20977.9757],[643543.3299,20985.2754],[643551.1196,20996.225],[643570.1389,21025.6438],[643581.7284,21040.4532],[643593.408,21056.9226],[643600.7577,21064.7823],[643608.1074,21061.5724],[643627.2466,21048.9729],[643660.6453,21030.9536],[643683.7944,21018.0141],[643712.2833,21004.5346],[643722.1929,20993.3651],[643733.5425,20985.6254],[643743.6721,20982.0855],[643756.5916,20973.5858],[643783.1906,20954.6766],[643788.4204,20952.0267],[643789.3103,20947.4869],[643786.9804,20938.0972],[643779.4107,20916.1981],[643774.0609,20911.1183],[643764.3913,20893.539],[643762.6014,20886.2392]]],[[[643730.6126,21454.3871],[643727.0528,21452.2972],[643713.1433,21460.0269],[643676.1847,21488.8858],[643666.0551,21495.8555],[643652.8156,21501.4853],[643632.8864,21516.5247],[643602.7176,21536.3039],[643588.8081,21541.7237],[643570.7788,21553.9933],[643547.6197,21570.2526],[643542.7299,21575.3324],[643565.769,21602.6414],[643573.7787,21618.1208],[643582.5684,21630.1803],[643587.8082,21638.47],[643607.1674,21662.679],[643611.7272,21666.3289],[643615.0671,21666.9889],[643659.0354,21638.8099],[643677.1847,21625.2105],[643702.7737,21609.6211],[643745.182,21582.0822],[643759.3315,21570.2626],[643771.791,21557.9931],[643780.3607,21545.2736],[643784.8105,21534.554],[643784.9305,21516.8747],[643784.0305,21507.915],[643757.1116,21475.4063],[643730.6126,21454.3871]]],[[[643702.5437,21795.0239],[643691.6341,21783.4143],[643669.715,21796.6838],[643644.436,21813.6031],[643613.9472,21830.6125],[643595.4679,21841.5621],[643560.0693,21864.1112],[643517.4309,21887.3203],[643474.2526,21909.7694],[643479.3724,21927.2387],[643540.91,22005.2957],[643550.0396,22003.1958],[643556.8294,21996.346],[643580.8684,21984.8465],[643637.9762,21946.808],[643649.1058,21937.4183],[643670.025,21914.7592],[643692.5241,21896.0699],[643745.392,21862.4712],[643753.1817,21859.4814],[643755.6316,21857.0515],[643755.4116,21850.0817],[643752.6218,21845.4419],[643739.2723,21831.0625],[643727.0328,21822.3428],[643714.4532,21805.8634],[643702.5437,21795.0239]]],[[[643691.6341,20333.9907],[643683.2745,20332.1108],[643679.2746,20333.4407],[643659.3554,20345.3803],[643632.3064,20362.1896],[643581.0984,20396.1183],[643543.5899,20420.1174],[643532.2403,20429.727],[643514.761,20440.8866],[643511.3311,20447.7463],[643511.0912,20460.4658],[643514.101,20470.0854],[643519.2208,20483.1349],[643539.81,20513.7537],[643554.9395,20535.3129],[643557.3894,20536.2029],[643560.4992,20536.5328],[643572.4088,20529.0131],[643588.9981,20518.2936],[643645.9859,20476.5052],[643700.9738,20445.8764],[643717.1131,20437.0367],[643728.4727,20423.9972],[643742.3822,20407.0679],[643728.8027,20380.0989],[643720.113,20365.2795],[643706.9935,20354.0099],[643701.6437,20347.0402],[643695.754,20338.3106],[643691.6341,20333.9907]]],[[[643664.6252,21343.5014],[643659.7254,21340.7315],[643651.8257,21342.1715],[643643.146,21348.9112],[643632.0165,21361.1908],[643620.6569,21370.8104],[643587.7082,21390.5996],[643564.3391,21403.1891],[643540.73,21413.0287],[643529.3704,21419.3285],[643517.3609,21425.9682],[643500.6616,21436.6878],[643495.2118,21443.3376],[643483.5322,21451.5072],[643474.2826,21456.597],[643456.4733,21468.5266],[643461.4831,21477.7062],[643467.7228,21482.126],[643490.202,21494.7356],[643494.4418,21496.5055],[643506.4513,21512.0949],[643512.5711,21522.0345],[643517.6909,21530.7742],[643525.6006,21543.2637],[643534.2703,21560.293],[643566.099,21544.3836],[643596.9478,21530.8941],[643614.5271,21520.0546],[643624.6567,21511.9949],[643632.9964,21510.225],[643650.8057,21497.2855],[643659.2754,21492.7556],[643666.0551,21490.9857],[643679.0746,21480.4861],[643702.1237,21461.2469],[643713.8133,21454.0671],[643725.2728,21448.0974],[643729.8426,21443.5675],[643732.6225,21437.1478],[643731.5026,21430.5081],[643718.4831,21409.6189],[643708.8035,21395.4694],[643698.7839,21383.5299],[643686.3243,21370.2604],[643679.7646,21360.1808],[643670.075,21351.0111],[643668.185,21349.8012],[643664.6252,21343.5014]]],[[[643675.1348,20768.2638],[643668.225,20755.3343],[643654.0956,20762.844],[643642.506,20770.2537],[643628.9366,20782.6433],[643606.4474,20800.1026],[643589.4181,20808.4923],[643565.479,20822.8717],[643559.5893,20829.1715],[643535.5502,20845.1008],[643506.7213,20863.1101],[643492.8019,20871.0698],[643486.0221,20880.1295],[643479.7824,20890.7491],[643473.6626,20905.5685],[643474.7726,20913.4082],[643481.0023,20925.2377],[643484.9022,20949.6768],[643497.9217,20956.3165],[643521.4008,20964.3862],[643527.5305,20965.9361],[643542.0,20964.8362],[643565.259,20951.8967],[643585.9582,20943.497],[643597.3178,20934.8673],[643619.027,20922.4878],[643651.9657,20900.9387],[643675.3448,20888.0092],[643698.3839,20875.3997],[643712.6333,20868.2099],[643728.5427,20857.7203],[643730.7726,20852.3006],[643730.9026,20846.6608],[643725.3228,20838.7011],[643702.9537,20809.8422],[643686.9143,20787.5131],[643679.3546,20778.3334],[643675.1348,20768.2638]]],[[[643623.9768,20230.2848],[643620.9569,20228.8648],[643611.6072,20231.5047],[643574.4387,20254.0538],[643509.1012,20300.602],[643473.8126,20321.5912],[643470.6927,20326.351],[643465.8029,20331.4308],[643454.1134,20338.9505],[643448.2136,20345.9303],[643443.5338,20353.11],[643442.3138,20358.8598],[643443.7738,20366.3795],[643457.8932,20388.9286],[643477.8125,20424.3072],[643491.0619,20448.2963],[643494.5018,20450.3962],[643506.7513,20442.8765],[643515.431,20434.4768],[643532.2403,20423.4272],[643558.3993,20405.7379],[643615.3871,20365.7295],[643637.8762,20352.24],[643670.145,20332.4408],[643674.7148,20329.1309],[643679.3946,20324.3811],[643681.9445,20319.4013],[643682.2845,20313.0915],[643663.2552,20281.9228],[643659.3654,20270.0932],[643651.9057,20258.3637],[643635.0963,20243.9942],[643627.6366,20233.9346],[643623.9768,20230.2848]]],[[[643613.9572,21675.7285],[643609.9473,21675.3985],[643594.3579,21687.778],[643557.7393,21717.2869],[643521.5707,21739.846],[643480.7123,21767.155],[643457.3432,21784.5043],[643446.5437,21793.4539],[643433.1842,21801.8636],[643417.1548,21810.1533],[643412.595,21813.9131],[643412.155,21817.343],[643424.0645,21837.0122],[643430.1743,21857.2514],[643451.2135,21876.4907],[643461.6831,21891.9601],[643488.832,21888.2002],[643534.4802,21871.6309],[643543.0399,21864.4412],[643601.5876,21831.4925],[643637.0963,21813.1532],[643655.5655,21797.2338],[643673.3748,21783.7543],[643682.2845,21774.7847],[643678.5046,21763.5151],[643671.4949,21755.4454],[643663.0352,21745.7158],[643653.2456,21733.1063],[643640.7761,21712.5371],[643635.8763,21699.6076],[643619.8569,21679.9383],[643613.9572,21675.7285]]],[[[643593.9979,20673.9475],[643589.0981,20673.0675],[643582.9784,20674.5075],[643575.5186,20677.4874],[643570.6188,20678.3673],[643555.0394,20687.437],[643541.79,20702.0364],[643523.5407,20715.6359],[643488.592,20733.6452],[643477.2325,20739.285],[643464.543,20745.9147],[643439.9539,20758.4042],[643427.3644,20765.3739],[643425.4745,20769.0238],[643423.3546,20772.3437],[643415.9049,20778.0934],[643413.455,20781.8633],[643413.115,20785.5032],[643416.4548,20792.2329],[643423.1346,20801.3025],[643436.2741,20823.4217],[643457.4132,20860.0103],[643465.3229,20871.6198],[643470.2127,20874.6097],[643475.3325,20874.7197],[643498.4916,20861.2302],[643531.5404,20841.121],[643557.8193,20824.6416],[643574.3987,20812.3721],[643576.9586,20807.0623],[643584.6383,20804.1924],[643590.4281,20800.8726],[643601.5576,20797.6627],[643614.1371,20786.5231],[643619.9269,20781.9733],[643630.4965,20775.6735],[643637.6162,20768.3738],[643652.1957,20759.7542],[643660.1054,20750.3545],[643664.6652,20742.6148],[643664.7952,20736.855],[643655.8755,20725.9255],[643641.6461,20710.4461],[643616.917,20684.5671],[643609.0173,20677.5974],[643600.6777,20674.9475],[643593.9979,20673.9475]]],[[[643586.1582,21252.175],[643582.4884,21250.0751],[643575.1387,21250.6251],[643562.4492,21264.1145],[643544.6499,21273.1842],[643496.8917,21303.133],[643435.7841,21341.8215],[643419.5347,21349.8912],[643416.0849,21358.9608],[643408.0752,21363.1607],[643406.1752,21363.8207],[643390.7058,21376.9801],[643391.3758,21381.8499],[643407.7352,21404.9491],[643424.8645,21428.4981],[643440.0039,21455.1571],[643443.7938,21466.3067],[643446.9137,21466.4267],[643457.3632,21463.1068],[643464.493,21457.037],[643474.9526,21446.3074],[643495.8817,21433.3779],[643530.9404,21412.1488],[643540.41,21408.4989],[643550.5296,21405.509],[643577.9186,21390.8196],[643594.4979,21381.2],[643621.2169,21364.5006],[643634.5664,21352.6711],[643643.916,21338.8516],[643647.1559,21332.8919],[643647.9258,21331.0119],[643641.9361,21316.1925],[643624.8867,21292.5234],[643612.2072,21281.0239],[643603.0776,21270.0943],[643599.5177,21263.3446],[643586.1582,21252.175]]],[[[643555.4894,20554.6521],[643551.8196,20553.1222],[643543.8099,20556.7621],[643524.4406,20569.6916],[643510.0812,20577.7612],[643491.0519,20589.3608],[643485.6921,20595.4505],[643460.2231,20612.7999],[643436.1741,20630.0492],[643417.6948,20641.3288],[643390.8658,20662.3379],[643353.6873,20691.2968],[643347.1275,20697.5966],[643344.6776,20700.0365],[643344.5576,20704.7863],[643347.8975,20710.8661],[643363.4869,20730.8853],[643376.5064,20746.0247],[643386.186,20750.9945],[643420.3547,20750.2245],[643432.7142,20748.7846],[643452.8634,20746.6847],[643459.6532,20741.9348],[643474.7926,20733.7552],[643491.7119,20728.4554],[643517.4209,20715.6359],[643535.6802,20699.9365],[643543.3499,20692.1968],[643556.2694,20680.4672],[643571.6288,20672.9575],[643587.3182,20664.0079],[643599.5677,20654.9382],[643608.5774,20648.0885],[643608.2474,20643.4387],[643605.3575,20635.589],[643602.2376,20631.3892],[643597.4578,20626.5193],[643592.658,20614.9098],[643583.6483,20598.3404],[643578.1985,20591.0407],[643573.2987,20584.071],[643570.8488,20578.6512],[643565.1791,20571.8915],[643562.1692,20564.3918],[643555.4894,20554.6521]]],[[[643564.6491,20153.5577],[643558.1993,20150.8978],[643547.3997,20154.4377],[643508.3313,20176.5469],[643499.1016,20184.1766],[643486.6221,20190.1363],[643466.5929,20196.9961],[643447.8936,20211.4755],[643420.7247,20234.2546],[643411.495,20243.3243],[643407.7052,20251.3839],[643405.3653,20272.1731],[643405.2553,20284.6626],[643410.3751,20297.0522],[643433.6342,20341.3804],[643435.9641,20341.3804],[643445.3137,20335.9706],[643459.4632,20325.691],[643466.8029,20319.0513],[643475.7125,20312.1916],[643496.9717,20302.362],[643531.1404,20280.0328],[643545.9398,20267.7633],[643578.8785,20243.9942],[643602.1576,20232.7247],[643607.7074,20228.4048],[643606.2775,20222.7651],[643595.4879,20204.1958],[643585.5683,20178.4368],[643577.1186,20162.0674],[643573.6687,20157.8676],[643564.6491,20153.5577]]],[[[643486.5021,21754.3255],[643539.71,21718.9468],[643596.9278,21680.9183],[643605.3775,21673.5086],[643599.8177,21664.8889],[643584.1183,21640.3499],[643571.5488,21625.6405],[643560.5292,21604.9613],[643540.17,21584.3921],[643505.4414,21601.9714],[643476.2825,21626.3004],[643428.3044,21660.8991],[643402.4854,21675.0485],[643380.4362,21686.5481],[643358.1871,21698.5976],[643345.0376,21707.5373],[643340.6978,21714.947],[643340.6978,21720.8068],[643343.7077,21726.4465],[643345.4776,21728.8864],[643346.2676,21728.8864],[643349.0475,21727.8865],[643352.2773,21726.1166],[643354.7272,21726.1166],[643359.957,21729.9864],[643399.3655,21796.7738],[643404.1353,21805.9534],[643444.2138,21785.1643],[643486.5021,21754.3255]]],[[[643497.7917,21296.7233],[643516.5909,21283.2338],[643547.3197,21263.7845],[643559.3393,21254.3849],[643569.0189,21242.6654],[643573.5887,21233.5957],[643571.4688,21226.956],[643558.0093,21205.9668],[643547.9897,21193.5773],[643541.54,21186.3876],[643530.0704,21172.6781],[643516.161,21152.4489],[643511.3711,21148.469],[643504.2514,21148.689],[643492.5619,21154.1088],[643425.1045,21208.1667],[643406.2952,21220.4262],[643374.5765,21242.4254],[643345.0776,21264.3245],[643331.1582,21274.8241],[643327.8183,21278.684],[643328.0483,21285.9837],[643321.7085,21284.8737],[643297.2095,21301.9031],[643268.5006,21320.1424],[643258.931,21328.772],[643241.2217,21344.4714],[643210.1729,21362.8007],[643189.6937,21375.9702],[643160.5348,21394.3195],[643146.3953,21408.1389],[643134.9258,21420.4084],[643149.8452,21449.7073],[643166.6446,21475.2463],[643185.1238,21496.2555],[643198.3633,21509.525],[643211.9428,21499.9054],[643236.4318,21480.7761],[643250.5713,21473.1564],[643265.4807,21464.5267],[643276.5003,21456.587],[643289.9698,21447.9574],[643309.559,21428.1581],[643330.2682,21414.2287],[643386.246,21373.1103],[643399.3855,21361.9307],[643408.1752,21356.5209],[643421.2047,21343.9214],[643433.5542,21334.8618],[643462.0531,21319.6024],[643484.3122,21303.353],[643497.7917,21296.7233]]],[[[643499.4016,20456.476],[643497.0717,20455.276],[643492.1719,20456.476],[643481.9323,20464.3257],[643471.4627,20471.1854],[643460.4531,20476.6052],[643443.4238,20492.1846],[643411.135,20516.8336],[643389.5459,20532.423],[643377.2964,20539.9427],[643359.1571,20548.3524],[643341.2378,20560.9419],[643324.6484,20572.3414],[643315.4088,20577.0813],[643298.2694,20591.5707],[643292.0397,20593.6706],[643282.1301,20603.8402],[643280.0101,20609.04],[643282.2401,20625.3994],[643296.1495,20652.0483],[643309.619,20679.0173],[643312.1789,20679.6773],[643353.0173,20682.4472],[643355.9172,20681.8972],[643363.5969,20677.9173],[643381.0762,20665.0978],[643411.575,20638.8989],[643423.5946,20628.7193],[643435.8341,20622.0895],[643453.2034,20612.2499],[643471.3527,20598.1104],[643476.8025,20590.2508],[643489.822,20580.6411],[643502.9515,20575.0013],[643515.651,20570.1315],[643551.5996,20547.0324],[643552.5995,20543.3826],[643547.3697,20534.9829],[643535.0202,20516.1836],[643527.2205,20503.7941],[643520.2008,20493.1845],[643513.5311,20482.7949],[643506.4213,20467.7555],[643501.8515,20460.1258],[643499.4016,20456.476]]],[[[643488.762,20035.1424],[643482.5123,20033.2624],[643475.5125,20033.4824],[643464.493,20040.4421],[643444.7937,20055.3716],[643428.4244,20068.851],[643422.4146,20078.9206],[643412.065,20086.4304],[643404.2653,20090.1902],[643390.1259,20100.9198],[643372.9965,20115.8492],[643350.7174,20134.7385],[643320.2286,20155.5277],[643292.2897,20174.1169],[643362.4069,20272.2831],[643386.676,20251.9339],[643398.8055,20241.1143],[643414.7149,20229.6148],[643422.7346,20220.9851],[643432.9742,20211.0355],[643462.803,20192.1262],[643489.512,20177.9868],[643510.7812,20165.7173],[643534.4902,20152.8878],[643542.8299,20144.1581],[643548.9597,20137.8484],[643551.1896,20130.5586],[643546.9598,20117.8491],[643532.2603,20095.4],[643511.1212,20060.2414],[643500.1016,20044.762],[643492.8719,20037.1323],[643488.762,20035.1424]]],[[[643459.4832,21482.456],[643447.5736,21474.0564],[643444.7937,21475.4863],[643434.7741,21485.2159],[643425.5345,21493.5156],[643389.6959,21518.8346],[643375.5564,21530.5542],[643367.5467,21538.1739],[643345.2776,21553.5333],[643325.6884,21567.6927],[643295.8595,21591.8918],[643276.6003,21609.9211],[643266.0307,21618.9807],[643265.9107,21623.9605],[643283.39,21654.6893],[643296.5195,21671.8287],[643305.3092,21684.4382],[643320.3386,21712.7371],[643330.5782,21704.0974],[643370.9766,21677.3684],[643393.7957,21658.6692],[643414.2849,21647.8496],[643427.1944,21638.57],[643453.6834,21623.4205],[643470.3727,21613.6909],[643477.3925,21610.591],[643489.202,21596.0016],[643519.1308,21567.8127],[643524.5806,21560.633],[643521.0308,21555.6532],[643514.011,21541.7237],[643511.0112,21530.8841],[643498.7716,21513.0848],[643480.2924,21498.2654],[643459.4832,21482.456]]],[[[643444.8237,21053.8227],[643433.8042,21053.8227],[643426.1245,21056.1426],[643408.5351,21071.512],[643399.2955,21076.5918],[643380.2662,21091.3013],[643364.4569,21104.4507],[643351.5474,21110.2005],[643335.628,21119.4802],[643328.7283,21128.2198],[643305.6891,21144.6892],[643265.7307,21171.4381],[643261.3809,21177.5179],[643262.6108,21180.8378],[643270.9605,21190.8974],[643281.9801,21208.1567],[643293.1096,21228.7159],[643296.6595,21238.1055],[643305.1192,21247.1752],[643323.0385,21262.6646],[643328.6083,21263.9845],[643330.9482,21264.5445],[643340.2878,21259.1247],[643362.4469,21242.3154],[643390.4958,21221.5262],[643406.0752,21213.7965],[643424.8845,21199.427],[643453.4934,21177.4279],[643487.3321,21151.0089],[643496.9017,21146.2591],[643500.9116,21141.4993],[643502.4715,21136.5295],[643494.0118,21119.9501],[643481.4323,21098.931],[643469.7528,21080.9117],[643454.2834,21054.1527],[643444.8237,21053.8227]]],[[[643430.8443,20356.7598],[643427.8444,20356.7498],[643406.2452,20367.4794],[643374.5265,20385.8087],[643344.8076,20401.4081],[643319.2086,20416.6675],[643294.3896,20436.7867],[643262.8908,20469.5155],[643233.272,20496.9244],[643249.8613,20520.0335],[643251.8512,20531.413],[643267.3306,20556.4021],[643289.3598,20588.8008],[643298.3894,20583.391],[643310.629,20573.4314],[643333.998,20559.7219],[643368.3967,20532.643],[643413.365,20505.4441],[643424.1545,20495.0545],[643440.7539,20486.1148],[643456.4433,20475.0552],[643473.3626,20463.8857],[643478.9324,20460.6758],[643485.0422,20455.596],[643485.4922,20450.0662],[643483.3822,20444.6464],[643476.7025,20431.9269],[643467.0229,20418.0075],[643461.0131,20407.6079],[643452.2234,20393.6884],[643444.3138,20380.0789],[643438.414,20369.1294],[643435.7441,20360.7397],[643433.8542,20359.4097],[643430.8443,20356.7598]]],[[[643421.0847,19919.0569],[643417.7448,19916.287],[643411.625,19917.1669],[643362.7569,19947.6758],[643319.0186,19975.6447],[643306.6591,19987.3742],[643297.4195,19998.5338],[643269.7105,20020.7529],[643260.1309,20029.1526],[643255.0911,20033.1524],[643224.4023,20057.4615],[643184.3339,20087.5203],[643160.7348,20105.4396],[643146.8253,20116.9392],[643124.0062,20133.9485],[643103.627,20148.7679],[643087.2776,20163.1374],[643081.4879,20170.1071],[643081.8179,20174.0869],[643102.967,20201.9459],[643131.6759,20242.5243],[643144.7054,20259.5436],[643164.3946,20246.0541],[643182.7639,20232.8047],[643194.5635,20221.6351],[643234.8619,20189.3464],[643271.9205,20160.0575],[643287.2899,20147.458],[643304.2092,20138.4983],[643320.5686,20127.1088],[643322.2785,20126.2988],[643349.7274,20113.2993],[643365.9768,20100.9198],[643397.4756,20075.1508],[643413.8449,20061.3413],[643434.6541,20049.6118],[643452.5734,20036.4623],[643462.0431,20031.9325],[643470.0528,20026.2927],[643483.9622,20016.5631],[643480.2924,20007.4934],[643466.4929,19987.4942],[643453.4734,19967.255],[643441.0039,19950.5556],[643421.0847,19919.0569]]],[[[643389.0359,21384.9498],[643385.916,21382.8399],[643359.647,21400.4092],[643292.0897,21448.6174],[643284.29,21457.007],[643276.1703,21463.5368],[643263.3708,21471.1665],[643252.3512,21478.0162],[643227.7522,21498.5854],[643218.2826,21502.6752],[643207.153,21511.4049],[643199.7033,21519.3646],[643250.5613,21600.7414],[643258.231,21609.2511],[643263.5808,21611.361],[643287.6199,21591.8918],[643308.999,21575.9824],[643316.8987,21568.0227],[643327.1283,21560.723],[643339.3878,21548.2335],[643358.1871,21534.744],[643381.1262,21520.5846],[643392.7958,21512.6449],[643410.7251,21500.0353],[643427.6444,21484.7759],[643437.664,21472.6164],[643438.114,21467.0866],[643435.7741,21457.697],[643429.0943,21445.0875],[643422.1946,21433.4779],[643414.5149,21422.3084],[643409.9551,21418.1085],[643405.3953,21412.4688],[643389.0359,21384.9498]]],[[[643387.626,20946.9069],[643383.0661,20946.5769],[643374.0365,20949.4368],[643370.2566,20958.5164],[643358.8971,20967.2561],[643357.0172,20971.5659],[643355.4572,20974.7658],[643326.0684,20989.6852],[643320.1686,20991.5651],[643314.7088,20996.7749],[643306.0191,21006.9345],[643290.5597,21014.6842],[643281.1001,21020.754],[643268.0706,21032.3635],[643259.8309,21038.7633],[643247.4814,21048.2729],[643251.2713,21064.0923],[643255.8311,21074.9219],[643257.401,21081.0117],[643264.2908,21090.9613],[643269.9605,21103.7908],[643271.6305,21108.8606],[643277.5302,21117.7102],[643288.4398,21127.1099],[643300.8993,21136.2895],[643333.7381,21113.0704],[643344.8676,21108.3206],[643356.5572,21101.4609],[643361.017,21094.5111],[643378.1463,21084.8915],[643392.2858,21076.5918],[643397.8556,21068.6321],[643428.9044,21049.8429],[643434.4741,21041.6532],[643437.364,21033.4835],[643436.2541,21025.9638],[643423.4546,21000.7548],[643405.7553,20973.5558],[643402.4254,20970.7959],[643397.3056,20961.1763],[643391.7358,20953.2166],[643387.626,20946.9069]]],[[[643375.9764,21973.0169],[643371.1166,21970.637],[643313.9988,22019.9951],[643222.0024,22084.9926],[643179.0241,22105.9018],[643176.0142,22110.0916],[643253.0312,22213.9876],[643258.041,22216.5575],[643433.9142,22092.8723],[643436.904,22087.7525],[643389.9959,21991.9962],[643375.9764,21973.0169]]],[[[643400.8054,20290.4124],[643386.116,20264.6534],[643359.5071,20284.2227],[643325.3384,20308.9817],[643291.4997,20340.3805],[643258.771,20367.6794],[643226.7222,20390.7885],[643201.8932,20410.9077],[643185.8738,20419.0874],[643166.1646,20430.137],[643179.2941,20459.8858],[643183.9739,20469.5055],[643194.7635,20490.7246],[643204.7831,20501.0142],[643210.4629,20504.4341],[643234.5019,20487.5347],[643247.4214,20478.5751],[643266.3307,20460.0058],[643278.3502,20443.9664],[643298.7294,20424.9572],[643334.348,20400.4181],[643361.387,20384.1588],[643385.776,20371.3393],[643401.7954,20363.1696],[643429.4043,20346.8002],[643422.5146,20332.5408],[643418.2748,20322.1412],[643408.3652,20306.4418],[643400.8054,20290.4124]]],[[[643321.7385,20859.7803],[643315.9488,20858.8903],[643311.3889,20860.9902],[643283.34,20881.6694],[643236.2519,20911.6382],[643213.7627,20928.7576],[643198.4033,20937.7172],[643172.5843,20953.6366],[643145.7554,20973.5358],[643124.8362,20986.4653],[643120.6064,20989.1152],[643118.1564,20992.4351],[643088.7676,21011.2344],[643039.7995,21043.8431],[643003.5009,21067.7222],[642970.7822,21091.1613],[642969.8822,21099.9909],[642969.4422,21111.1605],[642966.5523,21122.77],[642962.4325,21137.1495],[642958.3127,21148.979],[642956.8627,21159.0286],[642958.0827,21172.6381],[642961.7525,21183.1277],[642963.3125,21190.8774],[642972.1121,21199.397],[642983.3517,21211.8866],[642990.5814,21218.6263],[642993.5813,21221.0562],[643000.491,21222.4862],[643001.151,21222.6061],[643005.3808,21223.0461],[643009.6107,21223.0461],[643014.5105,21221.7262],[643023.5301,21216.8664],[643031.3198,21209.6866],[643037.3296,21202.5069],[643045.1193,21189.4474],[643056.0189,21177.5079],[643066.3885,21166.1183],[643077.518,21158.1587],[643097.7672,21143.0192],[643110.0168,21136.4995],[643116.5865,21129.0898],[643135.2858,21115.7103],[643159.6648,21100.8909],[643167.6745,21095.4911],[643185.4838,21086.8614],[643193.8335,21081.6716],[643209.1929,21074.7019],[643215.9826,21068.1822],[643218.4325,21062.3224],[643223.6623,21058.8925],[643240.9217,21044.6231],[643270.4105,21024.6238],[643276.0903,21018.5441],[643297.9095,21005.6046],[643308.369,20994.555],[643316.7187,20986.0354],[643325.1784,20982.6055],[643344.0977,20970.7859],[643357.6771,20961.2863],[643369.3567,20950.1167],[643374.2665,20939.2772],[643373.8165,20929.8775],[643366.5868,20912.9682],[643358.1271,20903.1286],[643344.2177,20881.6794],[643335.098,20875.2597],[643330.3082,20866.19],[643321.7385,20859.7803]]],[[[643360.287,20274.383],[643289.1698,20175.2069],[643270.3605,20193.9962],[643244.7615,20218.6552],[643228.4022,20235.6745],[643207.033,20257.4537],[643190.6636,20276.133],[643180.424,20291.8424],[643169.4045,20302.6719],[643162.5047,20311.6216],[643143.3555,20332.7408],[643128.656,20346.8902],[643125.2162,20352.97],[643123.8662,20359.2797],[643116.1965,20371.2093],[643148.0253,20408.0278],[643160.7048,20417.4275],[643165.9446,20417.7675],[643177.2941,20413.3276],[643193.6635,20403.948],[643210.4629,20392.3385],[643223.6023,20376.8591],[643231.172,20375.4191],[643243.7516,20370.6593],[643269.2406,20353.54],[643280.4801,20340.9305],[643287.1599,20336.7306],[643295.5095,20330.1009],[643328.7883,20302.132],[643333.1281,20297.0422],[643360.287,20274.383]]],[[[643354.4873,21955.4176],[643311.3089,21902.8997],[643291.2697,21906.9895],[643238.4018,21926.1088],[643113.7366,22023.505],[643111.1667,22027.9148],[643112.3967,22032.2346],[643119.0764,22045.8241],[643163.1447,22092.1723],[643228.3722,22069.6132],[643301.3993,22014.3353],[643331.5581,21992.1262],[643352.2673,21970.457],[643354.4873,21955.4176]]],[[[643292.9896,19729.2143],[643289.9798,19728.2143],[643279.5302,19735.734],[643233.552,19769.6727],[643205.2831,19790.3419],[643133.2659,19846.0597],[643124.5762,19853.5794],[643137.5957,19871.8287],[643182.3439,19927.8765],[643192.4636,19935.5162],[643200.9232,19928.8765],[643212.1728,19922.0268],[643225.3023,19917.4869],[643256.4711,19885.2082],[643281.4101,19867.8589],[643306.3391,19848.9496],[643340.1778,19825.8405],[643347.6375,19820.4207],[643352.8673,19812.571],[643349.3075,19806.7212],[643329.6182,19777.7524],[643311.4589,19757.0832],[643292.9896,19729.2143]]],[[[643285.8999,20794.6528],[643274.7704,20779.4034],[643267.9806,20780.0734],[643260.4109,20782.5033],[643252.6212,20780.9533],[643243.4916,20784.1632],[643218.8925,20794.3228],[643209.8829,20798.7526],[643192.7535,20808.0323],[643192.5936,20808.1123],[643174.0343,20818.5319],[643154.895,20832.1313],[643146.5453,20839.5411],[643114.9366,20859.4303],[643102.917,20870.9298],[643084.2178,20882.2094],[643062.9586,20893.379],[643064.3985,20899.1287],[643069.8483,20899.4587],[643073.5282,20907.6384],[643078.308,20913.7082],[643076.4281,20918.468],[643080.9879,20925.4377],[643097.0173,20947.6568],[643103.687,20957.9464],[643107.2469,20970.9859],[643110.2568,20980.9355],[643116.9265,20986.6853],[643136.2957,20976.1857],[643146.4353,20967.2361],[643164.0147,20955.1866],[643183.0539,20942.2471],[643208.3129,20926.3277],[643227.0122,20914.3881],[643240.2617,20904.1185],[643249.6113,20897.1488],[643272.5304,20883.4393],[643292.2397,20868.9599],[643304.2592,20861.7702],[643308.929,20856.6804],[643310.159,20850.9406],[643310.049,20840.331],[643301.9293,20818.3219],[643290.7997,20801.2925],[643285.8999,20794.6528]]],[[[643259.051,21184.0476],[643257.051,21182.7177],[643247.7014,21187.5875],[643222.8924,21203.3969],[643218.0726,21207.8167],[643209.6229,21212.6765],[643204.0631,21215.7764],[643174.1243,21238.2155],[643157.5349,21250.2651],[643147.9653,21260.6547],[643114.9066,21285.6337],[643094.3074,21302.1131],[643073.9282,21321.7923],[643083.0678,21337.2717],[643115.4466,21386.5798],[643128.806,21410.0089],[643129.136,21411.3388],[643140.1656,21404.8191],[643156.525,21390.7896],[643183.0139,21372.9803],[643216.4026,21353.0811],[643235.3319,21340.1516],[643256.8011,21323.1322],[643282.0801,21304.7729],[643301.5593,21289.1836],[643307.6791,21281.9938],[643309.909,21277.684],[643308.569,21270.2843],[643299.8894,21253.035],[643286.5399,21226.826],[643272.8504,21201.517],[643264.5008,21192.0073],[643259.051,21184.0476]]],[[[643269.0606,19700.0154],[643221.3224,19648.7174],[643202.1732,19661.8869],[643156.535,19699.7954],[643121.4663,19725.1144],[643053.799,19771.3126],[643083.6178,19801.0615],[643099.2072,19821.4007],[643104.777,19835.3301],[643116.0065,19851.6995],[643188.3637,19797.5316],[643243.4616,19755.8632],[643285.6499,19723.0245],[643279.9702,19716.3848],[643269.0606,19700.0154]]],[[[643260.0009,21838.2122],[643234.7319,21823.6228],[643230.5021,21823.8527],[643198.4533,21844.5119],[643171.7344,21861.4313],[643154.145,21873.0408],[643146.1354,21880.8905],[643138.4557,21887.1803],[643121.7563,21895.69],[643103.727,21901.2197],[643068.4384,21916.2592],[643054.8689,21919.799],[643046.0693,21923.4389],[643043.2794,21928.5287],[643041.7294,21933.9485],[643044.6193,21943.0181],[643056.1989,21957.2676],[643062.8786,21960.9174],[643076.1081,21977.9468],[643084.9077,21995.1961],[643107.9468,22024.055],[643126.0861,22007.7956],[643144.5654,21991.5562],[643178.1941,21966.0172],[643202.4432,21948.5479],[643219.1425,21935.0684],[643225.9323,21927.2187],[643244.8615,21888.3002],[643252.7612,21871.3909],[643258.551,21860.3413],[643261.7809,21849.7117],[643260.0009,21838.2122]]],[[[643188.5737,19946.3358],[643184.8938,19945.6758],[643175.1042,19952.5256],[643144.2654,19976.8546],[643083.0578,20023.5028],[643045.2093,20052.3617],[643027.29,20066.1711],[643017.1604,20074.3508],[643014.0405,20076.3407],[643014.0405,20080.3206],[643025.1701,20095.47],[643044.1993,20122.9989],[643049.9891,20132.5086],[643065.3485,20155.1877],[643074.2482,20164.3473],[643095.5173,20146.228],[643148.1653,20105.9896],[643160.8448,20094.0501],[643194.3535,20070.611],[643211.4928,20057.5715],[643228.5222,20044.742],[643244.1115,20033.0124],[643248.5514,20029.3726],[643250.4513,20027.9426],[643250.4513,20024.2928],[643238.3118,20009.1334],[643209.4829,19971.8848],[643195.9234,19954.1855],[643188.5737,19946.3358]]],[[[643192.0536,21096.3511],[643188.1537,21096.2511],[643181.144,21098.241],[643172.9043,21106.9806],[643160.5448,21111.8405],[643148.0853,21120.1301],[643132.1659,21129.4198],[643121.8163,21133.9496],[643107.5769,21144.0192],[643093.4374,21157.9387],[643070.7383,21179.8278],[643036.4396,21218.1863],[643029.4299,21227.9159],[643015.5104,21238.3055],[642999.4911,21251.355],[642991.4714,21256.0048],[642987.1315,21260.9747],[642976.332,21267.2744],[642980.1218,21279.1039],[642994.8012,21291.9234],[643015.8304,21309.2928],[643025.97,21316.2525],[643048.2292,21331.6319],[643050.5691,21331.0619],[643063.0286,21318.4724],[643083.4078,21303.323],[643089.4176,21299.4532],[643103.557,21288.2836],[643120.2464,21275.4741],[643129.486,21267.9544],[643159.7648,21240.5354],[643167.5645,21235.3357],[643179.2441,21230.8058],[643183.8039,21224.1661],[643226.5422,21193.7773],[643228.0022,21190.5674],[643221.4224,21166.2383],[643218.7525,21159.6086],[643214.5327,21150.109],[643207.963,21125.3399],[643203.1831,21112.4004],[643199.0633,21104.3207],[643195.1635,21100.7909],[643192.0536,21096.3511]]],[[[643181.654,21695.4877],[643172.1943,21692.8278],[643164.6246,21692.9378],[643148.8253,21708.4072],[643124.7762,21731.8463],[643077.358,21765.675],[643048.5292,21781.0444],[643029.1699,21791.214],[643007.9007,21810.1233],[642998.7711,21822.5028],[642988.5315,21849.3618],[642987.8615,21856.2215],[643023.9201,21905.7496],[643048.4092,21909.5094],[643061.2087,21910.7294],[643066.9984,21910.5094],[643074.0082,21909.2894],[643088.1376,21902.1097],[643116.0865,21893.1501],[643124.0962,21888.4002],[643138.7856,21876.9107],[643156.375,21865.3011],[643217.3726,21823.8427],[643221.3724,21811.4632],[643227.9522,21788.5741],[643226.5022,21778.7345],[643217.3826,21747.6657],[643207.363,21727.3265],[643192.1136,21701.8975],[643181.654,21695.4877]]],[[[643187.5937,19604.1691],[643153.5351,19564.0407],[643117.9265,19588.1297],[643074.1782,19621.5184],[643032.0998,19652.6872],[643003.7209,19674.6864],[642999.0411,19678.8862],[642987.3615,19682.0961],[643004.0509,19704.5352],[643041.8894,19752.7533],[643051.789,19765.9028],[643085.7377,19742.4637],[643159.8748,19689.9558],[643219.0925,19643.2976],[643187.5937,19604.1691]]],[[[643152.4851,22142.1004],[643148.0353,22139.3005],[643080.2279,22192.5684],[642909.9645,22324.2333],[642910.9445,22329.7831],[642939.0034,22368.0016],[643049.6391,22406.1801],[643055.5789,22403.5102],[643209.2129,22253.746],[643208.6829,22247.5663],[643165.0046,22163.9995],[643152.4851,22142.1004]]],[[[643125.9061,19866.6289],[643119.4564,19858.9992],[643113.8966,19861.6391],[643104.987,19867.3989],[643101.3171,19871.8187],[643090.1875,19877.2385],[643063.4686,19896.4677],[643039.9895,19914.827],[643012.6006,19936.4962],[642971.3022,19967.115],[642956.5027,19977.9446],[642954.5028,19979.9345],[642953.1629,19983.3644],[642953.3829,19989.6641],[642984.2217,20033.5624],[643012.1506,20070.701],[643027.73,20058.6614],[643065.0185,20028.8126],[643094.9573,20005.3735],[643104.207,19998.3038],[643119.3464,19987.1342],[643134.3658,19974.8647],[643145.1654,19967.235],[643169.2045,19948.4357],[643184.5639,19937.6161],[643174.2143,19926.3366],[643156.9649,19903.2175],[643145.2854,19889.288],[643125.9061,19866.6289]]],[[[642875.7959,21018.8341],[642875.3959,21019.2841],[642868.4962,21025.9238],[642868.4962,21033.5535],[642866.1663,21038.0733],[642863.2664,21040.9532],[642858.9265,21048.6929],[642854.9167,21058.6525],[642854.7967,21069.8121],[642861.5964,21072.792],[642874.2859,21078.3218],[642887.1954,21078.5518],[642912.0145,21075.1219],[642941.0633,21070.7021],[642950.973,21073.132],[642971.1122,21086.7414],[642994.1513,21068.9321],[643040.1295,21037.4234],[643065.2785,21020.514],[643104.247,20996.6349],[643105.5769,20995.425],[643105.3569,20987.3453],[643102.3471,20969.336],[643097.8972,20958.1664],[643086.7677,20938.7072],[643077.978,20929.3076],[643072.7482,20921.8978],[643060.9587,20905.6485],[643054.4989,20897.7988],[643026.04,20914.4681],[642875.7959,21018.8341]]],[[[642875.7959,21018.8341],[642881.7456,21012.1043],[642937.8435,20970.9759],[643009.9707,20923.8778],[643026.04,20914.4681],[643042.0394,20903.3486],[643183.2739,20805.2324],[643183.7839,20802.4425],[643170.7144,20783.6532],[643075.5181,20747.3346],[643071.8882,20747.5946],[643030.6099,20770.5337],[642973.2221,20812.0821],[642738.9912,20981.6755],[642738.5512,20984.4654],[642800.1188,21068.9621],[642802.9387,21069.4421],[642875.7959,21018.8341]]],[[[643110.6467,21603.0613],[643108.0868,21601.1714],[643103.527,21602.0514],[643077.478,21616.0908],[643066.0185,21626.9404],[643055.8889,21633.5602],[643029.6199,21656.1093],[643004.1309,21674.1286],[642963.5025,21702.1075],[642919.4242,21734.1562],[642917.8642,21738.1361],[642929.5438,21767.7649],[642950.693,21803.2636],[642962.1525,21818.7429],[642969.2722,21822.3928],[642973.0621,21822.7228],[642977.5119,21821.8428],[642997.2112,21808.0134],[643026.72,21785.4642],[643048.8691,21772.3048],[643069.7983,21760.0452],[643087.2676,21747.8857],[643100.2971,21734.0562],[643127.3361,21715.157],[643140.0256,21706.8573],[643159.0649,21688.408],[643165.0746,21680.8883],[643165.0746,21676.6885],[643162.6247,21667.9488],[643147.6153,21646.3897],[643124.5662,21619.4107],[643110.6467,21603.0613]]],[[[643092.7974,22042.8842],[643088.0776,22040.1743],[643027.68,22084.8826],[642992.1314,22097.6421],[642947.1231,22128.6609],[642860.3265,22186.6886],[642826.2378,22210.1977],[642827.1478,22215.6475],[642904.1348,22320.5134],[642909.5746,22319.4735],[643077.768,22189.4185],[643146.0254,22135.7906],[643145.5054,22129.9108],[643117.9965,22082.0027],[643092.7974,22042.8842]]],[[[643078.718,21501.0053],[643074.1582,21491.0557],[643069.5883,21492.8256],[643025.4001,21519.2446],[643003.8009,21530.8442],[642959.1626,21556.0532],[642915.2043,21585.782],[642859.7765,21632.6602],[642855.4367,21635.6501],[642853.2068,21645.3697],[642865.1163,21672.9086],[642904.9547,21719.8868],[642922.0941,21710.9371],[642970.4022,21681.7583],[642997.1112,21665.3989],[643019.9403,21649.4695],[643035.0697,21636.77],[643051.649,21621.3906],[643064.2385,21613.3309],[643078.368,21604.7013],[643105.197,21583.9221],[643114.7766,21571.6526],[643114.2166,21564.5828],[643107.7569,21542.2437],[643101.5271,21528.8642],[643093.8474,21518.9146],[643085.6177,21509.745],[643078.718,21501.0053]]],[[[643028.5799,21934.3484],[643023.8401,21931.5986],[642922.1341,22004.6457],[642849.3769,22052.4939],[642824.6679,22084.1326],[642797.4589,22130.7508],[642798.8589,22137.1506],[642835.6774,22195.8083],[642841.1672,22195.1483],[642858.8965,22183.3588],[642944.8832,22125.341],[642989.8614,22094.3522],[643026.33,22081.1227],[643082.0179,22039.7043],[643081.8079,22033.7246],[643046.5192,21962.2174],[643028.5799,21934.3484]]],[[[643079.6279,19607.809],[642953.8428,19427.316],[642855.4167,19495.9633],[642981.2018,19676.4563],[643079.6279,19607.809]]],[[[642948.593,21550.5234],[642980.2118,21529.1842],[643020.4902,21503.6552],[643063.6886,21470.0365],[643058.9088,21459.1069],[643046.5692,21435.8778],[643043.2194,21430.1281],[643027.97,21417.9685],[643012.2706,21399.7193],[643002.9309,21390.3196],[643000.361,21386.0198],[642997.3611,21379.0501],[642995.0112,21379.0501],[642993.1313,21386.3498],[642988.7815,21390.2196],[642958.8426,21415.1987],[642931.1337,21444.6075],[642889.2754,21475.6663],[642881.2657,21484.6259],[642878.3758,21487.6058],[642879.4757,21498.2154],[642896.0651,21532.8241],[642900.6349,21540.8938],[642902.7448,21543.4437],[642908.5346,21542.7837],[642916.2043,21551.4034],[642928.3438,21558.0431],[642948.593,21550.5234]]],[[[643047.4692,20212.2955],[642921.5841,20031.8625],[642823.4779,20100.9698],[642949.363,20281.4028],[643047.4692,20212.2955]]],[[[642995.6812,20745.9747],[642892.0652,20729.2653],[642888.4254,20730.0553],[642772.1499,20807.5723],[642771.4399,20811.6521],[642836.9474,20900.2587],[642842.4872,20899.3387],[643027.24,20765.5739],[643045.5293,20755.3843],[643045.2993,20754.0944],[642995.6812,20745.9747]]],[[[643021.0102,21922.5689],[642963.5325,21833.0924],[642899.8449,21866.8111],[642836.1574,21896.6299],[642829.1477,21901.6297],[642718.512,21978.2267],[642719.132,21983.8765],[642799.2789,22110.8916],[642803.2087,22112.9615],[642821.338,22081.8727],[642846.627,22049.514],[642919.8642,22001.3558],[643021.6802,21928.2287],[643021.0102,21922.5689]]],[[[643019.4103,20633.7391],[642904.9047,20587.0709],[642899.625,20587.5809],[642696.8028,20719.1157],[642761.3303,20806.3823],[642764.1802,20806.8823],[643019.6903,20636.539],[643019.4103,20633.7391]]],[[[642930.1438,21302.313],[642921.9041,21301.3231],[642902.8748,21305.1929],[642861.7964,21316.4625],[642799.9188,21359.1308],[642745.151,21400.9192],[642734.0114,21417.0586],[642726.4417,21432.868],[642721.1019,21447.0274],[642722.8918,21454.8771],[642750.6907,21503.9652],[642767.9501,21524.9644],[642771.6299,21524.6344],[642798.1189,21507.825],[642834.9575,21484.7259],[642842.3072,21478.0962],[642879.5957,21458.867],[642888.8354,21452.0172],[642897.965,21443.2776],[642922.6741,21431.338],[642943.3732,21414.4187],[642950.723,21404.2491],[642976.552,21382.2599],[642980.3318,21378.1701],[642982.7817,21375.6302],[642983.1117,21370.8704],[642983.1117,21366.1106],[642974.542,21359.5908],[642957.9627,21339.9016],[642930.1438,21302.313]]],[[[642973.0021,19682.1761],[642847.217,19501.6831],[642748.7908,19570.3304],[642874.5759,19750.8234],[642973.0021,19682.1761]]],[[[642880.7557,21709.4172],[642876.4059,21707.2273],[642831.4876,21765.335],[642803.9787,21795.7438],[642750.7507,21825.8527],[642676.8936,21855.7915],[642625.4956,21881.4905],[642625.0856,21887.2603],[642633.9953,21909.9994],[642709.9623,21973.4269],[642715.8521,21975.2069],[642826.8378,21898.3599],[642833.8275,21893.37],[642898.065,21863.2312],[642898.155,21863.1912],[642959.1526,21830.8925],[642958.6627,21825.5127],[642951.5229,21814.3931],[642880.7557,21709.4172]]],[[[642898.675,19874.2286],[642841.5172,19792.1718],[642648.0147,19927.1366],[642705.1925,20009.1834],[642773.7998,20107.6295],[642933.0337,19996.5739],[642948.0031,19978.9945],[642952.0329,19950.7656],[642898.675,19874.2286]]],[[[642941.1833,20287.1625],[642815.3082,20106.7296],[642717.202,20175.8369],[642843.0872,20356.2699],[642941.1833,20287.1625]]],[[[642937.4377,22382.494],[642750.4361,22113.3577],[642720.6065,22121.3156],[642706.5813,22135.1342],[642702.6845,22150.9437],[642702.6829,22170.7336],[642688.6557,22210.3122],[642680.7528,22216.2817],[642656.8199,22253.8695],[642636.8949,22277.6379],[642608.9557,22307.2652],[642591.0346,22325.0637],[642591.0332,22342.974],[642599.0452,22364.644],[642616.9641,22374.5956],[642630.8753,22394.3866],[642620.9682,22410.1956],[642603.0474,22424.0139],[642610.9489,22435.9548],[642630.8708,22451.7662],[642650.7928,22465.5875],[642652.7958,22471.5578],[642638.8809,22497.3167],[642628.8611,22530.9255],[642630.8632,22546.7354],[642634.8686,22566.5256],[642658.7985,22566.5275],[642688.6287,22552.7101],[642720.5735,22538.8929],[642772.3309,22517.1171],[642808.1713,22503.1897],[642832.1021,22493.3519],[642856.0339,22471.5739],[642899.8905,22428.0175],[642925.7153,22394.4099],[642937.4377,22382.494]]],[[[642772.2599,20428.1771],[642768.0101,20427.4971],[642547.5886,20582.781],[642658.8543,20736.5651],[642888.1554,20587.8608],[642888.8654,20583.831],[642772.2599,20428.1771]]],[[[642826.2578,21628.5803],[642821.368,21625.7905],[642784.9894,21649.2295],[642758.1105,21667.6688],[642716.1121,21695.6677],[642680.2035,21719.5968],[642643.1249,21747.6457],[642587.8171,21785.5042],[642587.5771,21791.564],[642619.9658,21874.2108],[642620.2658,21874.4508],[642626.2656,21876.6307],[642675.1037,21852.2116],[642749.2508,21822.1428],[642802.0187,21792.264],[642828.5177,21762.6651],[642828.7277,21762.4251],[642874.0659,21703.7474],[642872.816,21697.6477],[642826.2578,21628.5803]]],[[[642866.3762,19756.5432],[642740.5911,19576.0602],[642642.165,19644.7075],[642767.9501,19825.2005],[642866.3762,19756.5432]]],[[[642764.0502,21536.3039],[642758.9904,21533.2141],[642729.8416,21546.8135],[642699.0128,21564.7328],[642632.8253,21594.8217],[642594.8568,21612.801],[642519.8897,21649.7995],[642481.6712,21664.029],[642479.4013,21669.8987],[642479.4013,21670.1387],[642530.7893,21762.8151],[642536.6791,21766.765],[642578.0375,21782.3744],[642584.7772,21782.7343],[642640.875,21744.3458],[642677.7936,21716.4069],[642713.8922,21692.3379],[642755.8905,21664.339],[642782.7195,21645.9297],[642819.1381,21622.4706],[642818.4381,21616.9708],[642764.0502,21536.3039]]],[[[642734.8514,20989.5752],[642731.9715,20989.0252],[642507.6002,21129.8598],[642507.0002,21132.5996],[642569.4678,21228.5759],[642572.2177,21229.1359],[642653.3245,21174.508],[642653.3845,21174.468],[642799.2189,21081.3016],[642799.7288,21078.6117],[642734.8514,20989.5752]]],[[[642773.4399,21135.3695],[642767.1001,21135.3695],[642744.061,21137.5795],[642737.8212,21140.0094],[642727.1417,21146.0891],[642718.782,21152.6089],[642696.6328,21163.1085],[642673.3738,21173.4981],[642655.2345,21181.3478],[642639.3051,21186.9875],[642624.5057,21195.0572],[642591.5669,21218.5963],[642582.9873,21226.006],[642578.8774,21230.2058],[642576.0875,21238.1655],[642590.227,21266.5844],[642636.7452,21335.6917],[642647.0948,21342.9815],[642647.9847,21344.1914],[642651.0946,21342.4315],[642659.1043,21337.6817],[642666.254,21329.722],[642679.1535,21321.4323],[642687.8332,21314.4626],[642714.7721,21299.4232],[642742.4811,21285.3837],[642752.2807,21279.4139],[642780.6596,21249.0151],[642791.9091,21233.6457],[642799.6988,21203.2469],[642792.1391,21164.4384],[642787.6893,21149.299],[642778.5597,21140.7793],[642773.4399,21135.3695]]],[[[642759.7504,19830.9203],[642633.9653,19650.4273],[642535.5391,19719.0747],[642661.3242,19899.5676],[642759.7504,19830.9203]]],[[[642698.1928,21438.5977],[642693.773,21436.3478],[642671.9938,21461.7368],[642658.1843,21469.6165],[642643.4649,21480.3661],[642628.5455,21495.9255],[642592.8469,21505.8151],[642577.6675,21512.8848],[642546.6287,21523.8944],[642533.2992,21529.5142],[642526.6495,21535.124],[642493.0008,21581.0022],[642477.4814,21656.7893],[642478.0314,21658.4492],[642483.5011,21659.0792],[642518.1198,21646.2097],[642593.1469,21609.1911],[642631.1754,21591.1818],[642696.9928,21561.273],[642728.1516,21543.1837],[642756.7305,21529.8542],[642756.2005,21524.6544],[642698.1928,21438.5977]]],[[[642744.231,20414.7676],[642618.3359,20234.3546],[642519.9097,20303.0019],[642645.8048,20483.4149],[642744.231,20414.7676]]],[[[642728.9516,20981.4855],[642659.3743,20886.0192],[642445.6526,21034.1735],[642446.3926,21039.7533],[642501.5404,21124.22],[642504.3303,21124.8399],[642728.4316,20984.1654],[642728.9516,20981.4855]]],[[[642571.1341,22036.1743],[642599.0711,22034.1865],[642616.9902,22042.148],[642622.9984,22069.788],[642640.9169,22083.7197],[642674.7533,22077.7522],[642702.6907,22071.7842],[642718.6069,22071.7855],[642591.0669,21911.4666],[642551.2245,21862.0441],[642519.3963,21806.6522],[642497.4713,21786.8606],[642471.5384,21778.8985],[642419.7823,21786.8547],[642401.8603,21816.4828],[642377.9285,21840.2509],[642344.0902,21871.8678],[642320.1582,21897.6259],[642292.2202,21913.4335],[642274.3005,21913.4321],[642222.5464,21895.6284],[642198.619,21862.017],[642152.7658,21818.4537],[642110.9158,21824.4206],[642083.0902,21824.4185],[642047.2504,21832.2653],[642013.3038,21824.4131],[641981.4714,21824.4107],[641881.8567,21816.4429],[641835.9999,21820.4194],[641816.0745,21852.0374],[641812.0662,21869.9474],[641824.0824,21927.3277],[641851.9015,22010.3586],[641923.6815,22137.0632],[641995.3545,22208.2679],[642033.1949,22238.0109],[642069.0338,22241.9938],[642106.9878,22241.9967],[642180.6706,22232.0523],[642242.4449,22212.2673],[642312.122,22186.5128],[642389.8138,22150.9192],[642401.8361,22129.1403],[642471.5144,22089.566],[642571.1341,22036.1743]]],[[[642716.3321,20147.718],[642589.927,19967.655],[642491.5008,20036.3023],[642617.9059,20216.3653],[642716.3321,20147.718]]],[[[642635.7452,21352.4911],[642631.1854,21352.1511],[642628.1755,21352.9311],[642601.3466,21370.7304],[642591.6669,21381.12],[642576.8575,21390.1896],[642567.7279,21394.3895],[642547.2587,21409.6389],[642541.7989,21413.8387],[642532.4492,21419.3685],[642526.9895,21420.4784],[642523.9996,21422.9084],[642522.9896,21427.7682],[642527.9894,21441.8176],[642529.1094,21448.9973],[642527.7694,21464.9167],[642550.1286,21515.7047],[642555.2584,21515.1548],[642683.1534,21427.0082],[642677.1436,21417.4986],[642670.6839,21406.549],[642659.7743,21392.8495],[642650.2147,21379.36],[642638.3051,21354.921],[642635.7452,21352.4911]]],[[[642656.4344,20881.9794],[642589.387,20789.963],[642377.1153,20931.3275],[642376.2953,20935.4773],[642438.0229,21027.3037],[642442.8727,21030.0236],[642656.4344,20881.9794]]],[[[642653.1245,19905.2874],[642527.3394,19724.7944],[642428.9133,19793.4418],[642554.6984,19973.9347],[642653.1245,19905.2874]]],[[[642569.1812,21377.2492],[642587.1023,21357.3501],[642489.4894,21367.293],[642445.6362,21369.2797],[642354.0335,21381.1025],[642322.2005,21389.0603],[642276.3431,21400.8865],[642236.4963,21408.8436],[642212.5655,21418.6815],[642190.6386,21424.6499],[642166.819,21436.5884],[642139.2122,21451.5531],[642232.4665,21709.671],[642300.2508,21693.7558],[642367.9239,21675.9612],[642433.7046,21662.1465],[642475.1941,21648.2737],[642483.5717,21614.6104],[642485.5778,21579.011],[642491.4795,21543.4118],[642495.4887,21513.7826],[642497.4956,21468.2329],[642503.5087,21430.6437],[642511.4127,21410.8544],[642541.3544,21393.0569],[642569.1812,21377.2492]]],[[[642500.5205,21146.6191],[642488.181,21145.8491],[642483.9411,21146.1791],[642470.1417,21154.6888],[642448.4325,21167.6183],[642436.203,21173.918],[642415.9338,21189.1774],[642414.7138,21194.9372],[642410.034,21208.9767],[642407.9141,21215.5964],[642399.0144,21227.096],[642383.765,21240.1455],[642365.8357,21250.6451],[642366.7257,21260.9247],[642369.6256,21279.3739],[642371.0755,21290.3335],[642375.7453,21297.3032],[642380.8751,21309.1328],[642387.7649,21315.7625],[642388.7648,21316.7625],[642391.1047,21316.9825],[642401.0044,21315.2125],[642418.5937,21312.4526],[642430.0532,21309.5728],[642438.8529,21306.2629],[642449.2025,21303.833],[642471.9116,21296.0933],[642474.0215,21292.4434],[642476.0314,21285.3637],[642479.1413,21280.7239],[642485.0511,21280.2839],[642494.0607,21277.734],[642502.9704,21273.6542],[642511.5301,21264.3645],[642525.7795,21254.3049],[642538.139,21246.1252],[642547.4887,21241.2554],[642556.7283,21234.5157],[642557.0583,21229.4259],[642550.1585,21212.8565],[642535.7991,21195.7072],[642530.2393,21187.4175],[642524.4595,21176.028],[642514.4399,21158.0087],[642510.2101,21153.1488],[642505.4203,21147.6191],[642500.5205,21146.6191]]],[[[642492.9208,21119.4402],[642432.1231,21044.0931],[642240.4306,21159.0886],[642318.4276,21236.4356],[642427.4833,21152.4889],[642492.9208,21119.4402]]],[[[642467.6118,20321.1912],[642341.8267,20140.6982],[642243.4005,20209.3456],[642369.1856,20389.8386],[642467.6118,20321.1912]]],[[[642439.8728,20054.0216],[642314.0777,19873.5286],[642215.6616,19942.186],[642341.4467,20122.6689],[642439.8728,20054.0216]]],[[[642371.3055,20938.7972],[642367.1357,20937.9772],[642196.6623,21051.4928],[642198.1222,21091.6812],[642261.5798,21140.5893],[642433.7431,21036.1634],[642433.0931,21030.7236],[642371.3055,20938.7972]]],[[[642388.7248,20662.7279],[642262.9297,20482.235],[642164.5136,20550.8823],[642290.2987,20731.3753],[642388.7248,20662.7279]]],[[[642382.5294,21347.4951],[642360.6039,21333.6737],[642338.6792,21309.9021],[642308.8519,21286.13],[642274.9083,21238.6981],[642250.9819,21191.1565],[642209.2487,21121.8337],[642173.2997,21100.1617],[642121.5429,21117.9577],[642077.6889,21129.7841],[642029.9391,21145.5903],[641966.1604,21181.1851],[641906.3895,21202.9605],[641842.6118,21224.7356],[641798.757,21248.5022],[641713.1607,21315.8254],[641725.068,21343.4656],[641800.7532,21345.4613],[641900.3687,21343.4788],[641938.2102,21359.2914],[642023.9102,21395.0079],[642065.7586,21410.8208],[642093.5843,21408.8329],[642189.305,21396.8999],[642223.1419,21383.0827],[642258.982,21373.2457],[642294.8222,21361.3082],[642330.6618,21357.4414],[642382.5294,21347.4951]]],[[[642360.9859,20395.5583],[642235.1908,20215.0654],[642136.7746,20283.7227],[642262.5597,20464.2057],[642360.9859,20395.5583]]],[[[642345.0527,20916.3169],[642138.1677,20562.0747],[641577.1925,20734.9461],[641489.356,20998.5087],[641551.6713,21185.466],[641735.8729,21227.9338],[642024.8203,21131.6596],[642345.0527,20916.3169]]],[[[642333.247,20128.3987],[642207.4519,19947.9057],[642109.0357,20016.5531],[642234.8208,20197.0461],[642333.247,20128.3987]]],[[[642254.3601,20469.9254],[642128.565,20289.4425],[642030.1488,20358.0898],[642155.9339,20538.5828],[642254.3601,20469.9254]]],[[[641823.6897,21808.589],[641887.3553,21796.6537],[641927.2015,21796.6567],[642005.0009,21806.6129],[642048.7426,21806.6162],[642084.6938,21798.6588],[642156.3734,21784.8446],[642212.1383,21753.1188],[642228.0572,21717.5204],[642134.4722,21452.3959],[641975.0913,21402.854],[641919.3309,21377.2005],[641870.5801,21383.1669],[641740.0104,21547.3351],[641731.9895,21642.3034],[641773.8315,21741.2556],[641823.6897,21808.589]]],[[[642226.6211,20202.7658],[642100.826,20022.2729],[642002.4099,20090.9202],[642128.195,20271.4132],[642226.6211,20202.7658]]],[[[642124.0341,20536.6454],[641866.1723,20182.4002],[641588.5678,20423.2853],[641594.224,20703.7701],[642124.0341,20536.6454]]],[[[642119.9953,20277.1329],[641994.2002,20096.64],[641895.774,20165.2873],[642021.5691,20345.7803],[642119.9953,20277.1329]]]]}}]}