{"type":"FeatureCollection","features":[{"type":"Feature","properties":{"event":"May 2024 (PlanetScope 05-May-2024)"},"geometry":{"type":"Point","coordinates":[39.64096,-0.47098]}},{"type":"Feature","properties":{"event":"May 2024 (PlanetScope 05-May-2024)"},"geometry":{"type":"Point","coordinates":[39.64098,-0.47025]}},{"type":"Feature","properties":{"event":"May 2024 (PlanetScope 05-May-2024)"},"geometry":{"type":"Point","coordinates":[39.64075,-0.47054]}},{"type":"Feature","properties":{"event":"May 2024 (PlanetScope 05-May-2024)"},"geometry":{"type":"Point","coordinates":[39.6409,-0.47082]}},{"type":"Feature","properties":{"event":"May 2024 (PlanetScope 05-May-2024)"},"geometry":{"type":"Point","coordinates":[39.63118,-0.46926]}},{"type":"Feature","properties":{"event":"May 2024 (PlanetScope 05-May-2024)"},"geometry":{"type":"Point","coordinates":[39.63693,-0.49503]}},{"type":"Feature","properties":{"event":"May 2024 (PlanetScope 05-May-2024)"},"geometry":{"type":"Point","coordinates":[39.63145,-0.46783]}},{"type":"Feature","properties":{"event":"May 2024 (PlanetScope 05-May-2024)"},"geometry":{"type":"Point","coordinates":[39.63095,-0.46911]}},{"type":"Feature","properties":{"event":"May 2024 (PlanetScope 05-May-2024)"},"geometry":{"type":"Point","coordinates":[39.63161,-0.46845]}},{"type":"Feature","properties":{"event":"May 2024 (PlanetScope 05-May-2024)"},"geometry":{"type":"Point","coordinates":[39.64239,-0.51193]}},{"type":"Feature","properties":{"event":"May 2024 (PlanetScope 05-May-2024)"},"geometry":{"type":"Point","coordinates":[39.64746,-0.48236]}},{"type":"Feature","properties":{"event":"May 2024 (PlanetScope 05-May-2024)"},"geometry":{"type":"Point","coordinates":[39.6422,-0.48251]}},{"type":"Feature","properties":{"event":"May 2024 (PlanetScope 05-May-2024)"},"geometry":{"type":"Point","coordinates":[39.62993,-0.44836]}},{"type":"Feature","properties":{"event":"May 2024 (PlanetScope 05-May-2024)"},"geometry":{"type":"Point","coordinates":[39.62931,-0.47928]}},{"type":"Feature","properties":{"event":"May 2024 (PlanetScope 05-May-2024)"},"geometry":{"type":"Point","coordinates":[39.63473,-0.48101]}},{"type":"Feature","properties":{"event":"May 2024 (PlanetScope 05-May-2024)"},"geometry":{"type":"Point","coordinates":[39.63014,-0.44817]}},{"type":"Feature","properties":{"event":"May 2024 (PlanetScope 05-May-2024)"},"geometry":{"type":"Point","coordinates":[39.63514,-0.48068]}},{"type":"Feature","properties":{"event":"May 2024 (PlanetScope 05-May-2024)"},"geometry":{"type":"Point","coordinates":[39.63014,-0.44848]}},{"type":"Feature","properties":{"event":"May 2024 (PlanetScope 05-May-2024)"},"geometry":{"type":"Point","coordinates":[39.62978,-0.46091]}},{"type":"Feature","properties":{"event":"May 2024 (PlanetScope 05-May-2024)"},"geometry":{"type":"Point","coordinates":[39.63435,-0.45882]}},{"type":"Feature","properties":{"event":"May 2024 (PlanetScope 05-May-2024)"},"geometry":{"type":"Point","coordinates":[39.6339,-0.45955]}},{"type":"Feature","properties":{"event":"May 2024 (PlanetScope 05-May-2024)"},"geometry":{"type":"Point","coordinates":[39.63484,-0.45953]}},{"type":"Feature","properties":{"event":"May 2024 (PlanetScope 05-May-2024)"},"geometry":{"type":"Point","coordinates":[39.64064,-0.47028]}},{"type":"Feature","properties":{"event":"May 2024 (PlanetScope 05-May-2024)"},"geometry":{"type":"Point","coordinates":[39.64041,-0.46942]}},{"type":"Feature","properties":{"event":"May 2024 (PlanetScope 05-May-2024)"},"geometry":{"type":"Point","coordinates":[39.64038,-0.46866]}},{"type":"Feature","properties":{"event":"May 2024 (PlanetScope 05-May-2024)"},"geometry":{"type":"Point","coordinates":[39.64054,-0.47075]}},{"type":"Feature","properties":{"event":"May 2024 (PlanetScope 05-May-2024)"},"geometry":{"type":"Point","coordinates":[39.64098,-0.47255]}},{"type":"Feature","properties":{"event":"May 2024 (PlanetScope 05-May-2024)"},"geometry":{"type":"Point","coordinates":[39.6405,-0.47035]}},{"type":"Feature","properties":{"event":"May 2024 (PlanetScope 05-May-2024)"},"geometry":{"type":"Point","coordinates":[39.64039,-0.46918]}},{"type":"Feature","properties":{"event":"May 2024 (PlanetScope 05-May-2024)"},"geometry":{"type":"Point","coordinates":[39.64085,-0.47218]}},{"type":"Feature","properties":{"event":"May 2024 (PlanetScope 05-May-2024)"},"geometry":{"type":"Point","coordinates":[39.64107,-0.47203]}},{"type":"Feature","properties":{"event":"May 2024 (PlanetScope 05-May-2024)"},"geometry":{"type":"Point","coordinates":[39.64049,-0.47119]}},{"type":"Feature","properties":{"event":"May 2024 (PlanetScope 05-May-2024)"},"geometry":{"type":"Point","coordinates":[39.63995,-0.46923]}},{"type":"Feature","properties":{"event":"May 2024 (PlanetScope 05-May-2024)"},"geometry":{"type":"Point","coordinates":[39.64055,-0.47221]}},{"type":"Feature","properties":{"event":"May 2024 (PlanetScope 05-May-2024)"},"geometry":{"type":"Point","coordinates":[39.64038,-0.46893]}},{"type":"Feature","properties":{"event":"May 2024 (PlanetScope 05-May-2024)"},"geometry":{"type":"Point","coordinates":[39.63998,-0.46947]}},{"type":"Feature","properties":{"event":"May 2024 (PlanetScope 05-May-2024)"},"geometry":{"type":"Point","coordinates":[39.64118,-0.47231]}},{"type":"Feature","properties":{"event":"May 2024 (PlanetScope 05-May-2024)"},"geometry":{"type":"Point","coordinates":[39.64067,-0.47251]}},{"type":"Feature","properties":{"event":"May 2024 (PlanetScope 05-May-2024)"},"geometry":{"type":"Point","coordinates":[39.6367,-0.44317]}},{"type":"Feature","properties":{"event":"May 2024 (PlanetScope 05-May-2024)"},"geometry":{"type":"Point","coordinates":[39.63732,-0.44295]}},{"type":"Feature","properties":{"event":"May 2024 (PlanetScope 05-May-2024)"},"geometry":{"type":"Point","coordinates":[39.63714,-0.44258]}},{"type":"Feature","properties":{"event":"May 2024 (PlanetScope 05-May-2024)"},"geometry":{"type":"Point","coordinates":[39.63746,-0.4434]}},{"type":"Feature","properties":{"event":"May 2024 (PlanetScope 05-May-2024)"},"geometry":{"type":"Point","coordinates":[39.6368,-0.44358]}},{"type":"Feature","properties":{"event":"May 2024 (PlanetScope 05-May-2024)"},"geometry":{"type":"Point","coordinates":[39.63694,-0.44263]}},{"type":"Feature","properties":{"event":"May 2024 (PlanetScope 05-May-2024)"},"geometry":{"type":"Point","coordinates":[39.63908,-0.4647]}},{"type":"Feature","properties":{"event":"May 2024 (PlanetScope 05-May-2024)"},"geometry":{"type":"Point","coordinates":[39.63888,-0.46424]}},{"type":"Feature","properties":{"event":"May 2024 (PlanetScope 05-May-2024)"},"geometry":{"type":"Point","coordinates":[39.63907,-0.46443]}},{"type":"Feature","properties":{"event":"May 2024 (PlanetScope 05-May-2024)"},"geometry":{"type":"Point","coordinates":[39.63896,-0.46504]}},{"type":"Feature","properties":{"event":"May 2024 (PlanetScope 05-May-2024)"},"geometry":{"type":"Point","coordinates":[39.63889,-0.46482]}},{"type":"Feature","properties":{"event":"May 2024 (PlanetScope 05-May-2024)"},"geometry":{"type":"Point","coordinates":[39.63878,-0.46462]}},{"type":"Feature","properties":{"event":"May 2024 (PlanetScope 05-May-2024)"},"geometry":{"type":"Point","coordinates":[39.63891,-0.46521]}},{"type":"Feature","properties":{"event":"May 2024 (PlanetScope 05-May-2024)"},"geometry":{"type":"Point","coordinates":[39.63938,-0.46563]}},{"type":"Feature","properties":{"event":"May 2024 (PlanetScope 05-May-2024)"},"geometry":{"type":"Point","coordinates":[39.64008,-0.46639]}},{"type":"Feature","properties":{"event":"May 2024 (PlanetScope 05-May-2024)"},"geometry":{"type":"Point","coordinates":[39.64026,-0.46638]}},{"type":"Feature","properties":{"event":"May 2024 (PlanetScope 05-May-2024)"},"geometry":{"type":"Point","coordinates":[39.64027,-0.46678]}},{"type":"Feature","properties":{"event":"May 2024 (PlanetScope 05-May-2024)"},"geometry":{"type":"Point","coordinates":[39.64062,-0.4676]}},{"type":"Feature","properties":{"event":"May 2024 (PlanetScope 05-May-2024)"},"geometry":{"type":"Point","coordinates":[39.6407,-0.46807]}},{"type":"Feature","properties":{"event":"May 2024 (PlanetScope 05-May-2024)"},"geometry":{"type":"Point","coordinates":[39.64062,-0.46789]}},{"type":"Feature","properties":{"event":"May 2024 (PlanetScope 05-May-2024)"},"geometry":{"type":"Point","coordinates":[39.64032,-0.46819]}},{"type":"Feature","properties":{"event":"May 2024 (PlanetScope 05-May-2024)"},"geometry":{"type":"Point","coordinates":[39.64022,-0.46838]}},{"type":"Feature","properties":{"event":"May 2024 (PlanetScope 05-May-2024)"},"geometry":{"type":"Point","coordinates":[39.63975,-0.46839]}},{"type":"Feature","properties":{"event":"May 2024 (PlanetScope 05-May-2024)"},"geometry":{"type":"Point","coordinates":[39.63975,-0.46861]}},{"type":"Feature","properties":{"event":"May 2024 (PlanetScope 05-May-2024)"},"geometry":{"type":"Point","coordinates":[39.64085,-0.46898]}},{"type":"Feature","properties":{"event":"May 2024 (PlanetScope 05-May-2024)"},"geometry":{"type":"Point","coordinates":[39.64116,-0.46875]}},{"type":"Feature","properties":{"event":"May 2024 (PlanetScope 05-May-2024)"},"geometry":{"type":"Point","coordinates":[39.64066,-0.46939]}},{"type":"Feature","properties":{"event":"May 2024 (PlanetScope 05-May-2024)"},"geometry":{"type":"Point","coordinates":[39.64091,-0.46946]}},{"type":"Feature","properties":{"event":"May 2024 (PlanetScope 05-May-2024)"},"geometry":{"type":"Point","coordinates":[39.6406,-0.46978]}},{"type":"Feature","properties":{"event":"May 2024 (PlanetScope 05-May-2024)"},"geometry":{"type":"Point","coordinates":[39.6412,-0.46969]}},{"type":"Feature","properties":{"event":"May 2024 (PlanetScope 05-May-2024)"},"geometry":{"type":"Point","coordinates":[39.64111,-0.46989]}},{"type":"Feature","properties":{"event":"May 2024 (PlanetScope 05-May-2024)"},"geometry":{"type":"Point","coordinates":[39.6415,-0.47203]}},{"type":"Feature","properties":{"event":"May 2024 (PlanetScope 05-May-2024)"},"geometry":{"type":"Point","coordinates":[39.64094,-0.47165]}},{"type":"Feature","properties":{"event":"May 2024 (PlanetScope 05-May-2024)"},"geometry":{"type":"Point","coordinates":[39.64099,-0.47178]}},{"type":"Feature","properties":{"event":"May 2024 (PlanetScope 05-May-2024)"},"geometry":{"type":"Point","coordinates":[39.64041,-0.47198]}},{"type":"Feature","properties":{"event":"May 2024 (PlanetScope 05-May-2024)"},"geometry":{"type":"Point","coordinates":[39.64034,-0.47128]}},{"type":"Feature","properties":{"event":"May 2024 (PlanetScope 05-May-2024)"},"geometry":{"type":"Point","coordinates":[39.64024,-0.47072]}},{"type":"Feature","properties":{"event":"May 2024 (PlanetScope 05-May-2024)"},"geometry":{"type":"Point","coordinates":[39.64021,-0.47053]}},{"type":"Feature","properties":{"event":"May 2024 (PlanetScope 05-May-2024)"},"geometry":{"type":"Point","coordinates":[39.64019,-0.47036]}},{"type":"Feature","properties":{"event":"May 2024 (PlanetScope 05-May-2024)"},"geometry":{"type":"Point","coordinates":[39.64016,-0.47019]}},{"type":"Feature","properties":{"event":"May 2024 (PlanetScope 05-May-2024)"},"geometry":{"type":"Point","coordinates":[39.64013,-0.47004]}},{"type":"Feature","properties":{"event":"May 2024 (PlanetScope 05-May-2024)"},"geometry":{"type":"Point","coordinates":[39.64012,-0.46989]}},{"type":"Feature","properties":{"event":"May 2024 (PlanetScope 05-May-2024)"},"geometry":{"type":"Point","coordinates":[39.64009,-0.46974]}},{"type":"Feature","properties":{"event":"May 2024 (PlanetScope 05-May-2024)"},"geometry":{"type":"Point","coordinates":[39.63029,-0.41731]}},{"type":"Feature","properties":{"event":"May 2024 (PlanetScope 05-May-2024)"},"geometry":{"type":"Point","coordinates":[39.63806,-0.47168]}},{"type":"Feature","properties":{"event":"May 2024 (PlanetScope 05-May-2024)"},"geometry":{"type":"Point","coordinates":[39.63848,-0.47114]}},{"type":"Feature","properties":{"event":"May 2024 (PlanetScope 05-May-2024)"},"geometry":{"type":"Point","coordinates":[39.6381,-0.47198]}},{"type":"Feature","properties":{"event":"May 2024 (PlanetScope 05-May-2024)"},"geometry":{"type":"Point","coordinates":[39.63833,-0.47176]}},{"type":"Feature","properties":{"event":"May 2024 (PlanetScope 05-May-2024)"},"geometry":{"type":"Point","coordinates":[39.63841,-0.47191]}},{"type":"Feature","properties":{"event":"May 2024 (PlanetScope 05-May-2024)"},"geometry":{"type":"Point","coordinates":[39.63839,-0.47205]}},{"type":"Feature","properties":{"event":"May 2024 (PlanetScope 05-May-2024)"},"geometry":{"type":"Point","coordinates":[39.6385,-0.47199]}},{"type":"Feature","properties":{"event":"May 2024 (PlanetScope 05-May-2024)"},"geometry":{"type":"Point","coordinates":[39.6386,-0.47178]}},{"type":"Feature","properties":{"event":"May 2024 (PlanetScope 05-May-2024)"},"geometry":{"type":"Point","coordinates":[39.63858,-0.47173]}},{"type":"Feature","properties":{"event":"May 2024 (PlanetScope 05-May-2024)"},"geometry":{"type":"Point","coordinates":[39.63871,-0.47182]}},{"type":"Feature","properties":{"event":"May 2024 (PlanetScope 05-May-2024)"},"geometry":{"type":"Point","coordinates":[39.63859,-0.47196]}},{"type":"Feature","properties":{"event":"May 2024 (PlanetScope 05-May-2024)"},"geometry":{"type":"Point","coordinates":[39.63853,-0.47167]}},{"type":"Feature","properties":{"event":"May 2024 (PlanetScope 05-May-2024)"},"geometry":{"type":"Point","coordinates":[39.638,-0.47131]}},{"type":"Feature","properties":{"event":"May 2024 (PlanetScope 05-May-2024)"},"geometry":{"type":"Point","coordinates":[39.63835,-0.47161]}},{"type":"Feature","properties":{"event":"May 2024 (PlanetScope 05-May-2024)"},"geometry":{"type":"Point","coordinates":[39.6386,-0.47147]}},{"type":"Feature","properties":{"event":"May 2024 (PlanetScope 05-May-2024)"},"geometry":{"type":"Point","coordinates":[39.63781,-0.46992]}},{"type":"Feature","properties":{"event":"May 2024 (PlanetScope 05-May-2024)"},"geometry":{"type":"Point","coordinates":[39.63777,-0.47008]}},{"type":"Feature","properties":{"event":"May 2024 (PlanetScope 05-May-2024)"},"geometry":{"type":"Point","coordinates":[39.63776,-0.47028]}},{"type":"Feature","properties":{"event":"May 2024 (PlanetScope 05-May-2024)"},"geometry":{"type":"Point","coordinates":[39.63784,-0.47019]}},{"type":"Feature","properties":{"event":"May 2024 (PlanetScope 05-May-2024)"},"geometry":{"type":"Point","coordinates":[39.63701,-0.46868]}},{"type":"Feature","properties":{"event":"May 2024 (PlanetScope 05-May-2024)"},"geometry":{"type":"Point","coordinates":[39.63687,-0.46887]}},{"type":"Feature","properties":{"event":"May 2024 (PlanetScope 05-May-2024)"},"geometry":{"type":"Point","coordinates":[39.63661,-0.46937]}},{"type":"Feature","properties":{"event":"May 2024 (PlanetScope 05-May-2024)"},"geometry":{"type":"Point","coordinates":[39.63655,-0.46971]}},{"type":"Feature","properties":{"event":"May 2024 (PlanetScope 05-May-2024)"},"geometry":{"type":"Point","coordinates":[39.63642,-0.46983]}},{"type":"Feature","properties":{"event":"May 2024 (PlanetScope 05-May-2024)"},"geometry":{"type":"Point","coordinates":[39.63713,-0.46961]}},{"type":"Feature","properties":{"event":"May 2024 (PlanetScope 05-May-2024)"},"geometry":{"type":"Point","coordinates":[39.63704,-0.46929]}},{"type":"Feature","properties":{"event":"May 2024 (PlanetScope 05-May-2024)"},"geometry":{"type":"Point","coordinates":[39.6368,-0.47027]}},{"type":"Feature","properties":{"event":"May 2024 (PlanetScope 05-May-2024)"},"geometry":{"type":"Point","coordinates":[39.63652,-0.47054]}},{"type":"Feature","properties":{"event":"May 2024 (PlanetScope 05-May-2024)"},"geometry":{"type":"Point","coordinates":[39.63708,-0.47051]}},{"type":"Feature","properties":{"event":"May 2024 (PlanetScope 05-May-2024)"},"geometry":{"type":"Point","coordinates":[39.63649,-0.47058]}},{"type":"Feature","properties":{"event":"May 2024 (PlanetScope 05-May-2024)"},"geometry":{"type":"Point","coordinates":[39.63625,-0.47102]}},{"type":"Feature","properties":{"event":"May 2024 (PlanetScope 05-May-2024)"},"geometry":{"type":"Point","coordinates":[39.63638,-0.47148]}},{"type":"Feature","properties":{"event":"May 2024 (PlanetScope 05-May-2024)"},"geometry":{"type":"Point","coordinates":[39.63684,-0.47078]}},{"type":"Feature","properties":{"event":"May 2024 (PlanetScope 05-May-2024)"},"geometry":{"type":"Point","coordinates":[39.63679,-0.47068]}},{"type":"Feature","properties":{"event":"May 2024 (PlanetScope 05-May-2024)"},"geometry":{"type":"Point","coordinates":[39.63682,-0.47058]}},{"type":"Feature","properties":{"event":"May 2024 (PlanetScope 05-May-2024)"},"geometry":{"type":"Point","coordinates":[39.63696,-0.47046]}},{"type":"Feature","properties":{"event":"May 2024 (PlanetScope 05-May-2024)"},"geometry":{"type":"Point","coordinates":[39.6368,-0.47053]}},{"type":"Feature","properties":{"event":"May 2024 (PlanetScope 05-May-2024)"},"geometry":{"type":"Point","coordinates":[39.6369,-0.47066]}},{"type":"Feature","properties":{"event":"May 2024 (PlanetScope 05-May-2024)"},"geometry":{"type":"Point","coordinates":[39.63709,-0.47066]}},{"type":"Feature","properties":{"event":"May 2024 (PlanetScope 05-May-2024)"},"geometry":{"type":"Point","coordinates":[39.63785,-0.47081]}},{"type":"Feature","properties":{"event":"May 2024 (PlanetScope 05-May-2024)"},"geometry":{"type":"Point","coordinates":[39.63801,-0.47077]}},{"type":"Feature","properties":{"event":"May 2024 (PlanetScope 05-May-2024)"},"geometry":{"type":"Point","coordinates":[39.63813,-0.47085]}},{"type":"Feature","properties":{"event":"May 2024 (PlanetScope 05-May-2024)"},"geometry":{"type":"Point","coordinates":[39.63786,-0.47057]}},{"type":"Feature","properties":{"event":"May 2024 (PlanetScope 05-May-2024)"},"geometry":{"type":"Point","coordinates":[39.63793,-0.47058]}},{"type":"Feature","properties":{"event":"May 2024 (PlanetScope 05-May-2024)"},"geometry":{"type":"Point","coordinates":[39.63737,-0.47026]}},{"type":"Feature","properties":{"event":"May 2024 (PlanetScope 05-May-2024)"},"geometry":{"type":"Point","coordinates":[39.63703,-0.47039]}},{"type":"Feature","properties":{"event":"May 2024 (PlanetScope 05-May-2024)"},"geometry":{"type":"Point","coordinates":[39.63685,-0.47021]}},{"type":"Feature","properties":{"event":"May 2024 (PlanetScope 05-May-2024)"},"geometry":{"type":"Point","coordinates":[39.63726,-0.47021]}},{"type":"Feature","properties":{"event":"May 2024 (PlanetScope 05-May-2024)"},"geometry":{"type":"Point","coordinates":[39.63732,-0.47023]}},{"type":"Feature","properties":{"event":"May 2024 (PlanetScope 05-May-2024)"},"geometry":{"type":"Point","coordinates":[39.63726,-0.47029]}},{"type":"Feature","properties":{"event":"May 2024 (PlanetScope 05-May-2024)"},"geometry":{"type":"Point","coordinates":[39.63733,-0.47033]}},{"type":"Feature","properties":{"event":"May 2024 (PlanetScope 05-May-2024)"},"geometry":{"type":"Point","coordinates":[39.63742,-0.47031]}},{"type":"Feature","properties":{"event":"May 2024 (PlanetScope 05-May-2024)"},"geometry":{"type":"Point","coordinates":[39.63769,-0.47048]}},{"type":"Feature","properties":{"event":"May 2024 (PlanetScope 05-May-2024)"},"geometry":{"type":"Point","coordinates":[39.63773,-0.47045]}},{"type":"Feature","properties":{"event":"May 2024 (PlanetScope 05-May-2024)"},"geometry":{"type":"Point","coordinates":[39.63677,-0.47006]}},{"type":"Feature","properties":{"event":"May 2024 (PlanetScope 05-May-2024)"},"geometry":{"type":"Point","coordinates":[39.637,-0.47007]}},{"type":"Feature","properties":{"event":"May 2024 (PlanetScope 05-May-2024)"},"geometry":{"type":"Point","coordinates":[39.63715,-0.47007]}},{"type":"Feature","properties":{"event":"May 2024 (PlanetScope 05-May-2024)"},"geometry":{"type":"Point","coordinates":[39.63705,-0.47013]}},{"type":"Feature","properties":{"event":"May 2024 (PlanetScope 05-May-2024)"},"geometry":{"type":"Point","coordinates":[39.63706,-0.47004]}},{"type":"Feature","properties":{"event":"May 2024 (PlanetScope 05-May-2024)"},"geometry":{"type":"Point","coordinates":[39.63712,-0.47]}},{"type":"Feature","properties":{"event":"May 2024 (PlanetScope 05-May-2024)"},"geometry":{"type":"Point","coordinates":[39.63673,-0.47022]}},{"type":"Feature","properties":{"event":"May 2024 (PlanetScope 05-May-2024)"},"geometry":{"type":"Point","coordinates":[39.63652,-0.47017]}},{"type":"Feature","properties":{"event":"May 2024 (PlanetScope 05-May-2024)"},"geometry":{"type":"Point","coordinates":[39.63716,-0.4698]}},{"type":"Feature","properties":{"event":"May 2024 (PlanetScope 05-May-2024)"},"geometry":{"type":"Point","coordinates":[39.63713,-0.46975]}},{"type":"Feature","properties":{"event":"May 2024 (PlanetScope 05-May-2024)"},"geometry":{"type":"Point","coordinates":[39.63672,-0.46967]}},{"type":"Feature","properties":{"event":"May 2024 (PlanetScope 05-May-2024)"},"geometry":{"type":"Point","coordinates":[39.63663,-0.46956]}},{"type":"Feature","properties":{"event":"May 2024 (PlanetScope 05-May-2024)"},"geometry":{"type":"Point","coordinates":[39.63676,-0.46961]}},{"type":"Feature","properties":{"event":"May 2024 (PlanetScope 05-May-2024)"},"geometry":{"type":"Point","coordinates":[39.63671,-0.4695]}},{"type":"Feature","properties":{"event":"May 2024 (PlanetScope 05-May-2024)"},"geometry":{"type":"Point","coordinates":[39.6369,-0.46947]}},{"type":"Feature","properties":{"event":"May 2024 (PlanetScope 05-May-2024)"},"geometry":{"type":"Point","coordinates":[39.63781,-0.47078]}},{"type":"Feature","properties":{"event":"May 2024 (PlanetScope 05-May-2024)"},"geometry":{"type":"Point","coordinates":[39.63802,-0.47065]}},{"type":"Feature","properties":{"event":"May 2024 (PlanetScope 05-May-2024)"},"geometry":{"type":"Point","coordinates":[39.63831,-0.47096]}},{"type":"Feature","properties":{"event":"May 2024 (PlanetScope 05-May-2024)"},"geometry":{"type":"Point","coordinates":[39.63774,-0.47138]}},{"type":"Feature","properties":{"event":"May 2024 (PlanetScope 05-May-2024)"},"geometry":{"type":"Point","coordinates":[39.63771,-0.47122]}},{"type":"Feature","properties":{"event":"May 2024 (PlanetScope 05-May-2024)"},"geometry":{"type":"Point","coordinates":[39.63768,-0.47119]}},{"type":"Feature","properties":{"event":"May 2024 (PlanetScope 05-May-2024)"},"geometry":{"type":"Point","coordinates":[39.63737,-0.47071]}},{"type":"Feature","properties":{"event":"May 2024 (PlanetScope 05-May-2024)"},"geometry":{"type":"Point","coordinates":[39.63737,-0.47082]}},{"type":"Feature","properties":{"event":"May 2024 (PlanetScope 05-May-2024)"},"geometry":{"type":"Point","coordinates":[39.63747,-0.47075]}},{"type":"Feature","properties":{"event":"May 2024 (PlanetScope 05-May-2024)"},"geometry":{"type":"Point","coordinates":[39.63753,-0.47049]}},{"type":"Feature","properties":{"event":"May 2024 (PlanetScope 05-May-2024)"},"geometry":{"type":"Point","coordinates":[39.63583,-0.47163]}},{"type":"Feature","properties":{"event":"May 2024 (PlanetScope 05-May-2024)"},"geometry":{"type":"Point","coordinates":[39.63727,-0.47097]}},{"type":"Feature","properties":{"event":"May 2024 (PlanetScope 05-May-2024)"},"geometry":{"type":"Point","coordinates":[39.6374,-0.471]}},{"type":"Feature","properties":{"event":"May 2024 (PlanetScope 05-May-2024)"},"geometry":{"type":"Point","coordinates":[39.63743,-0.47097]}},{"type":"Feature","properties":{"event":"May 2024 (PlanetScope 05-May-2024)"},"geometry":{"type":"Point","coordinates":[39.63749,-0.47098]}},{"type":"Feature","properties":{"event":"May 2024 (PlanetScope 05-May-2024)"},"geometry":{"type":"Point","coordinates":[39.63753,-0.47102]}},{"type":"Feature","properties":{"event":"May 2024 (PlanetScope 05-May-2024)"},"geometry":{"type":"Point","coordinates":[39.63761,-0.47114]}},{"type":"Feature","properties":{"event":"May 2024 (PlanetScope 05-May-2024)"},"geometry":{"type":"Point","coordinates":[39.63785,-0.47108]}},{"type":"Feature","properties":{"event":"May 2024 (PlanetScope 05-May-2024)"},"geometry":{"type":"Point","coordinates":[39.63784,-0.47113]}},{"type":"Feature","properties":{"event":"May 2024 (PlanetScope 05-May-2024)"},"geometry":{"type":"Point","coordinates":[39.6382,-0.47079]}},{"type":"Feature","properties":{"event":"May 2024 (PlanetScope 05-May-2024)"},"geometry":{"type":"Point","coordinates":[39.63791,-0.47124]}},{"type":"Feature","properties":{"event":"May 2024 (PlanetScope 05-May-2024)"},"geometry":{"type":"Point","coordinates":[39.63798,-0.47127]}},{"type":"Feature","properties":{"event":"May 2024 (PlanetScope 05-May-2024)"},"geometry":{"type":"Point","coordinates":[39.63785,-0.4715]}},{"type":"Feature","properties":{"event":"May 2024 (PlanetScope 05-May-2024)"},"geometry":{"type":"Point","coordinates":[39.63791,-0.47149]}},{"type":"Feature","properties":{"event":"May 2024 (PlanetScope 05-May-2024)"},"geometry":{"type":"Point","coordinates":[39.6379,-0.47137]}},{"type":"Feature","properties":{"event":"May 2024 (PlanetScope 05-May-2024)"},"geometry":{"type":"Point","coordinates":[39.63661,-0.46917]}},{"type":"Feature","properties":{"event":"May 2024 (PlanetScope 05-May-2024)"},"geometry":{"type":"Point","coordinates":[39.6372,-0.46986]}},{"type":"Feature","properties":{"event":"May 2024 (PlanetScope 05-May-2024)"},"geometry":{"type":"Point","coordinates":[39.63735,-0.4704]}},{"type":"Feature","properties":{"event":"May 2024 (PlanetScope 05-May-2024)"},"geometry":{"type":"Point","coordinates":[39.63774,-0.47067]}},{"type":"Feature","properties":{"event":"May 2024 (PlanetScope 05-May-2024)"},"geometry":{"type":"Point","coordinates":[39.63783,-0.47063]}},{"type":"Feature","properties":{"event":"May 2024 (PlanetScope 05-May-2024)"},"geometry":{"type":"Point","coordinates":[39.63762,-0.47067]}},{"type":"Feature","properties":{"event":"May 2024 (PlanetScope 05-May-2024)"},"geometry":{"type":"Point","coordinates":[39.63757,-0.47057]}},{"type":"Feature","properties":{"event":"May 2024 (PlanetScope 05-May-2024)"},"geometry":{"type":"Point","coordinates":[39.63757,-0.47046]}},{"type":"Feature","properties":{"event":"May 2024 (PlanetScope 05-May-2024)"},"geometry":{"type":"Point","coordinates":[39.63799,-0.4705]}},{"type":"Feature","properties":{"event":"May 2024 (PlanetScope 05-May-2024)"},"geometry":{"type":"Point","coordinates":[39.63804,-0.47054]}},{"type":"Feature","properties":{"event":"May 2024 (PlanetScope 05-May-2024)"},"geometry":{"type":"Point","coordinates":[39.63785,-0.47123]}},{"type":"Feature","properties":{"event":"May 2024 (PlanetScope 05-May-2024)"},"geometry":{"type":"Point","coordinates":[39.6381,-0.47094]}},{"type":"Feature","properties":{"event":"May 2024 (PlanetScope 05-May-2024)"},"geometry":{"type":"Point","coordinates":[39.63798,-0.4707]}},{"type":"Feature","properties":{"event":"May 2024 (PlanetScope 05-May-2024)"},"geometry":{"type":"Point","coordinates":[39.63763,-0.47117]}},{"type":"Feature","properties":{"event":"May 2024 (PlanetScope 05-May-2024)"},"geometry":{"type":"Point","coordinates":[39.63776,-0.47127]}},{"type":"Feature","properties":{"event":"May 2024 (PlanetScope 05-May-2024)"},"geometry":{"type":"Point","coordinates":[39.63783,-0.47139]}},{"type":"Feature","properties":{"event":"May 2024 (PlanetScope 05-May-2024)"},"geometry":{"type":"Point","coordinates":[39.63797,-0.47143]}},{"type":"Feature","properties":{"event":"May 2024 (PlanetScope 05-May-2024)"},"geometry":{"type":"Point","coordinates":[39.6376,-0.47037]}},{"type":"Feature","properties":{"event":"May 2024 (PlanetScope 05-May-2024)"},"geometry":{"type":"Point","coordinates":[39.63841,-0.47162]}},{"type":"Feature","properties":{"event":"May 2024 (PlanetScope 05-May-2024)"},"geometry":{"type":"Point","coordinates":[39.6385,-0.4715]}},{"type":"Feature","properties":{"event":"May 2024 (PlanetScope 05-May-2024)"},"geometry":{"type":"Point","coordinates":[39.63854,-0.47138]}},{"type":"Feature","properties":{"event":"May 2024 (PlanetScope 05-May-2024)"},"geometry":{"type":"Point","coordinates":[39.63857,-0.47144]}},{"type":"Feature","properties":{"event":"May 2024 (PlanetScope 05-May-2024)"},"geometry":{"type":"Point","coordinates":[39.63849,-0.47134]}},{"type":"Feature","properties":{"event":"May 2024 (PlanetScope 05-May-2024)"},"geometry":{"type":"Point","coordinates":[39.63842,-0.47143]}},{"type":"Feature","properties":{"event":"May 2024 (PlanetScope 05-May-2024)"},"geometry":{"type":"Point","coordinates":[39.63802,-0.47146]}},{"type":"Feature","properties":{"event":"May 2024 (PlanetScope 05-May-2024)"},"geometry":{"type":"Point","coordinates":[39.6383,-0.47183]}},{"type":"Feature","properties":{"event":"May 2024 (PlanetScope 05-May-2024)"},"geometry":{"type":"Point","coordinates":[39.63772,-0.47146]}},{"type":"Feature","properties":{"event":"May 2024 (PlanetScope 05-May-2024)"},"geometry":{"type":"Point","coordinates":[39.63668,-0.47016]}},{"type":"Feature","properties":{"event":"May 2024 (PlanetScope 05-May-2024)"},"geometry":{"type":"Point","coordinates":[39.637,-0.46997]}},{"type":"Feature","properties":{"event":"May 2024 (PlanetScope 05-May-2024)"},"geometry":{"type":"Point","coordinates":[39.63656,-0.46933]}},{"type":"Feature","properties":{"event":"May 2024 (PlanetScope 05-May-2024)"},"geometry":{"type":"Point","coordinates":[39.63683,-0.46882]}},{"type":"Feature","properties":{"event":"May 2024 (PlanetScope 05-May-2024)"},"geometry":{"type":"Point","coordinates":[39.63319,-0.46701]}},{"type":"Feature","properties":{"event":"May 2024 (PlanetScope 05-May-2024)"},"geometry":{"type":"Point","coordinates":[39.63322,-0.46715]}},{"type":"Feature","properties":{"event":"May 2024 (PlanetScope 05-May-2024)"},"geometry":{"type":"Point","coordinates":[39.63327,-0.46698]}},{"type":"Feature","properties":{"event":"May 2024 (PlanetScope 05-May-2024)"},"geometry":{"type":"Point","coordinates":[39.63337,-0.46713]}},{"type":"Feature","properties":{"event":"May 2024 (PlanetScope 05-May-2024)"},"geometry":{"type":"Point","coordinates":[39.6336,-0.46692]}},{"type":"Feature","properties":{"event":"May 2024 (PlanetScope 05-May-2024)"},"geometry":{"type":"Point","coordinates":[39.63351,-0.46707]}},{"type":"Feature","properties":{"event":"May 2024 (PlanetScope 05-May-2024)"},"geometry":{"type":"Point","coordinates":[39.63381,-0.467]}},{"type":"Feature","properties":{"event":"May 2024 (PlanetScope 05-May-2024)"},"geometry":{"type":"Point","coordinates":[39.63378,-0.46675]}},{"type":"Feature","properties":{"event":"May 2024 (PlanetScope 05-May-2024)"},"geometry":{"type":"Point","coordinates":[39.63346,-0.46731]}},{"type":"Feature","properties":{"event":"May 2024 (PlanetScope 05-May-2024)"},"geometry":{"type":"Point","coordinates":[39.63333,-0.46747]}},{"type":"Feature","properties":{"event":"May 2024 (PlanetScope 05-May-2024)"},"geometry":{"type":"Point","coordinates":[39.63331,-0.46756]}},{"type":"Feature","properties":{"event":"May 2024 (PlanetScope 05-May-2024)"},"geometry":{"type":"Point","coordinates":[39.63312,-0.46774]}},{"type":"Feature","properties":{"event":"May 2024 (PlanetScope 05-May-2024)"},"geometry":{"type":"Point","coordinates":[39.63347,-0.4679]}},{"type":"Feature","properties":{"event":"May 2024 (PlanetScope 05-May-2024)"},"geometry":{"type":"Point","coordinates":[39.63334,-0.46792]}},{"type":"Feature","properties":{"event":"May 2024 (PlanetScope 05-May-2024)"},"geometry":{"type":"Point","coordinates":[39.63204,-0.47141]}},{"type":"Feature","properties":{"event":"May 2024 (PlanetScope 05-May-2024)"},"geometry":{"type":"Point","coordinates":[39.62997,-0.47138]}},{"type":"Feature","properties":{"event":"May 2024 (PlanetScope 05-May-2024)"},"geometry":{"type":"Point","coordinates":[39.63223,-0.4714]}},{"type":"Feature","properties":{"event":"May 2024 (PlanetScope 05-May-2024)"},"geometry":{"type":"Point","coordinates":[39.63228,-0.47144]}},{"type":"Feature","properties":{"event":"May 2024 (PlanetScope 05-May-2024)"},"geometry":{"type":"Point","coordinates":[39.63142,-0.468]}},{"type":"Feature","properties":{"event":"May 2024 (PlanetScope 05-May-2024)"},"geometry":{"type":"Point","coordinates":[39.63129,-0.46879]}},{"type":"Feature","properties":{"event":"May 2024 (PlanetScope 05-May-2024)"},"geometry":{"type":"Point","coordinates":[39.63065,-0.46742]}},{"type":"Feature","properties":{"event":"May 2024 (PlanetScope 05-May-2024)"},"geometry":{"type":"Point","coordinates":[39.63107,-0.46744]}},{"type":"Feature","properties":{"event":"May 2024 (PlanetScope 05-May-2024)"},"geometry":{"type":"Point","coordinates":[39.63052,-0.46752]}},{"type":"Feature","properties":{"event":"May 2024 (PlanetScope 05-May-2024)"},"geometry":{"type":"Point","coordinates":[39.6324,-0.46703]}},{"type":"Feature","properties":{"event":"May 2024 (PlanetScope 05-May-2024)"},"geometry":{"type":"Point","coordinates":[39.63263,-0.46725]}},{"type":"Feature","properties":{"event":"May 2024 (PlanetScope 05-May-2024)"},"geometry":{"type":"Point","coordinates":[39.63302,-0.4674]}},{"type":"Feature","properties":{"event":"May 2024 (PlanetScope 05-May-2024)"},"geometry":{"type":"Point","coordinates":[39.63264,-0.46711]}},{"type":"Feature","properties":{"event":"May 2024 (PlanetScope 05-May-2024)"},"geometry":{"type":"Point","coordinates":[39.63304,-0.46715]}},{"type":"Feature","properties":{"event":"May 2024 (PlanetScope 05-May-2024)"},"geometry":{"type":"Point","coordinates":[39.63301,-0.46717]}},{"type":"Feature","properties":{"event":"May 2024 (PlanetScope 05-May-2024)"},"geometry":{"type":"Point","coordinates":[39.6329,-0.4676]}},{"type":"Feature","properties":{"event":"May 2024 (PlanetScope 05-May-2024)"},"geometry":{"type":"Point","coordinates":[39.63289,-0.46732]}},{"type":"Feature","properties":{"event":"May 2024 (PlanetScope 05-May-2024)"},"geometry":{"type":"Point","coordinates":[39.63303,-0.46746]}},{"type":"Feature","properties":{"event":"May 2024 (PlanetScope 05-May-2024)"},"geometry":{"type":"Point","coordinates":[39.63272,-0.46739]}},{"type":"Feature","properties":{"event":"May 2024 (PlanetScope 05-May-2024)"},"geometry":{"type":"Point","coordinates":[39.63308,-0.46735]}},{"type":"Feature","properties":{"event":"May 2024 (PlanetScope 05-May-2024)"},"geometry":{"type":"Point","coordinates":[39.63302,-0.46729]}},{"type":"Feature","properties":{"event":"May 2024 (PlanetScope 05-May-2024)"},"geometry":{"type":"Point","coordinates":[39.63539,-0.4587]}},{"type":"Feature","properties":{"event":"May 2024 (PlanetScope 05-May-2024)"},"geometry":{"type":"Point","coordinates":[39.63535,-0.45876]}},{"type":"Feature","properties":{"event":"May 2024 (PlanetScope 05-May-2024)"},"geometry":{"type":"Point","coordinates":[39.63551,-0.45879]}},{"type":"Feature","properties":{"event":"May 2024 (PlanetScope 05-May-2024)"},"geometry":{"type":"Point","coordinates":[39.6355,-0.45914]}},{"type":"Feature","properties":{"event":"May 2024 (PlanetScope 05-May-2024)"},"geometry":{"type":"Point","coordinates":[39.63563,-0.45905]}},{"type":"Feature","properties":{"event":"May 2024 (PlanetScope 05-May-2024)"},"geometry":{"type":"Point","coordinates":[39.63569,-0.45845]}},{"type":"Feature","properties":{"event":"May 2024 (PlanetScope 05-May-2024)"},"geometry":{"type":"Point","coordinates":[39.63586,-0.45865]}},{"type":"Feature","properties":{"event":"May 2024 (PlanetScope 05-May-2024)"},"geometry":{"type":"Point","coordinates":[39.63593,-0.45855]}},{"type":"Feature","properties":{"event":"May 2024 (PlanetScope 05-May-2024)"},"geometry":{"type":"Point","coordinates":[39.63535,-0.45856]}},{"type":"Feature","properties":{"event":"May 2024 (PlanetScope 05-May-2024)"},"geometry":{"type":"Point","coordinates":[39.63551,-0.45859]}},{"type":"Feature","properties":{"event":"May 2024 (PlanetScope 05-May-2024)"},"geometry":{"type":"Point","coordinates":[39.63552,-0.45834]}},{"type":"Feature","properties":{"event":"May 2024 (PlanetScope 05-May-2024)"},"geometry":{"type":"Point","coordinates":[39.63563,-0.45824]}},{"type":"Feature","properties":{"event":"May 2024 (PlanetScope 05-May-2024)"},"geometry":{"type":"Point","coordinates":[39.63579,-0.45814]}},{"type":"Feature","properties":{"event":"May 2024 (PlanetScope 05-May-2024)"},"geometry":{"type":"Point","coordinates":[39.63528,-0.45789]}},{"type":"Feature","properties":{"event":"May 2024 (PlanetScope 05-May-2024)"},"geometry":{"type":"Point","coordinates":[39.63522,-0.45782]}},{"type":"Feature","properties":{"event":"May 2024 (PlanetScope 05-May-2024)"},"geometry":{"type":"Point","coordinates":[39.63521,-0.45772]}},{"type":"Feature","properties":{"event":"May 2024 (PlanetScope 05-May-2024)"},"geometry":{"type":"Point","coordinates":[39.63519,-0.45766]}},{"type":"Feature","properties":{"event":"May 2024 (PlanetScope 05-May-2024)"},"geometry":{"type":"Point","coordinates":[39.63517,-0.4576]}},{"type":"Feature","properties":{"event":"May 2024 (PlanetScope 05-May-2024)"},"geometry":{"type":"Point","coordinates":[39.63512,-0.45755]}},{"type":"Feature","properties":{"event":"May 2024 (PlanetScope 05-May-2024)"},"geometry":{"type":"Point","coordinates":[39.63513,-0.45744]}},{"type":"Feature","properties":{"event":"May 2024 (PlanetScope 05-May-2024)"},"geometry":{"type":"Point","coordinates":[39.63535,-0.45736]}},{"type":"Feature","properties":{"event":"May 2024 (PlanetScope 05-May-2024)"},"geometry":{"type":"Point","coordinates":[39.63528,-0.45722]}},{"type":"Feature","properties":{"event":"May 2024 (PlanetScope 05-May-2024)"},"geometry":{"type":"Point","coordinates":[39.63571,-0.45726]}},{"type":"Feature","properties":{"event":"May 2024 (PlanetScope 05-May-2024)"},"geometry":{"type":"Point","coordinates":[39.63569,-0.45743]}},{"type":"Feature","properties":{"event":"May 2024 (PlanetScope 05-May-2024)"},"geometry":{"type":"Point","coordinates":[39.63591,-0.4575]}},{"type":"Feature","properties":{"event":"May 2024 (PlanetScope 05-May-2024)"},"geometry":{"type":"Point","coordinates":[39.636,-0.45736]}},{"type":"Feature","properties":{"event":"May 2024 (PlanetScope 05-May-2024)"},"geometry":{"type":"Point","coordinates":[39.63552,-0.45765]}},{"type":"Feature","properties":{"event":"May 2024 (PlanetScope 05-May-2024)"},"geometry":{"type":"Point","coordinates":[39.6355,-0.45775]}},{"type":"Feature","properties":{"event":"May 2024 (PlanetScope 05-May-2024)"},"geometry":{"type":"Point","coordinates":[39.63585,-0.4577]}},{"type":"Feature","properties":{"event":"May 2024 (PlanetScope 05-May-2024)"},"geometry":{"type":"Point","coordinates":[39.63566,-0.45772]}},{"type":"Feature","properties":{"event":"May 2024 (PlanetScope 05-May-2024)"},"geometry":{"type":"Point","coordinates":[39.63576,-0.45761]}},{"type":"Feature","properties":{"event":"May 2024 (PlanetScope 05-May-2024)"},"geometry":{"type":"Point","coordinates":[39.63593,-0.45783]}},{"type":"Feature","properties":{"event":"May 2024 (PlanetScope 05-May-2024)"},"geometry":{"type":"Point","coordinates":[39.63569,-0.45794]}},{"type":"Feature","properties":{"event":"May 2024 (PlanetScope 05-May-2024)"},"geometry":{"type":"Point","coordinates":[39.6358,-0.45788]}},{"type":"Feature","properties":{"event":"May 2024 (PlanetScope 05-May-2024)"},"geometry":{"type":"Point","coordinates":[39.6359,-0.45802]}},{"type":"Feature","properties":{"event":"May 2024 (PlanetScope 05-May-2024)"},"geometry":{"type":"Point","coordinates":[39.63629,-0.45798]}},{"type":"Feature","properties":{"event":"May 2024 (PlanetScope 05-May-2024)"},"geometry":{"type":"Point","coordinates":[39.63645,-0.45798]}},{"type":"Feature","properties":{"event":"May 2024 (PlanetScope 05-May-2024)"},"geometry":{"type":"Point","coordinates":[39.63625,-0.45805]}},{"type":"Feature","properties":{"event":"May 2024 (PlanetScope 05-May-2024)"},"geometry":{"type":"Point","coordinates":[39.61919,-0.43405]}},{"type":"Feature","properties":{"event":"May 2024 (PlanetScope 05-May-2024)"},"geometry":{"type":"Point","coordinates":[39.61982,-0.43801]}},{"type":"Feature","properties":{"event":"May 2024 (PlanetScope 05-May-2024)"},"geometry":{"type":"Point","coordinates":[39.6093,-0.43844]}},{"type":"Feature","properties":{"event":"May 2024 (PlanetScope 05-May-2024)"},"geometry":{"type":"Point","coordinates":[39.60956,-0.43835]}},{"type":"Feature","properties":{"event":"May 2024 (PlanetScope 05-May-2024)"},"geometry":{"type":"Point","coordinates":[39.63589,-0.45883]}},{"type":"Feature","properties":{"event":"May 2024 (PlanetScope 05-May-2024)"},"geometry":{"type":"Point","coordinates":[39.63582,-0.459]}},{"type":"Feature","properties":{"event":"May 2024 (PlanetScope 05-May-2024)"},"geometry":{"type":"Point","coordinates":[39.6358,-0.45907]}},{"type":"Feature","properties":{"event":"May 2024 (PlanetScope 05-May-2024)"},"geometry":{"type":"Point","coordinates":[39.63576,-0.45918]}},{"type":"Feature","properties":{"event":"May 2024 (PlanetScope 05-May-2024)"},"geometry":{"type":"Point","coordinates":[39.63544,-0.45945]}},{"type":"Feature","properties":{"event":"May 2024 (PlanetScope 05-May-2024)"},"geometry":{"type":"Point","coordinates":[39.63615,-0.45848]}},{"type":"Feature","properties":{"event":"May 2024 (PlanetScope 05-May-2024)"},"geometry":{"type":"Point","coordinates":[39.63675,-0.45849]}},{"type":"Feature","properties":{"event":"May 2024 (PlanetScope 05-May-2024)"},"geometry":{"type":"Point","coordinates":[39.63654,-0.4585]}},{"type":"Feature","properties":{"event":"May 2024 (PlanetScope 05-May-2024)"},"geometry":{"type":"Point","coordinates":[39.63619,-0.45888]}},{"type":"Feature","properties":{"event":"May 2024 (PlanetScope 05-May-2024)"},"geometry":{"type":"Point","coordinates":[39.63638,-0.45908]}},{"type":"Feature","properties":{"event":"May 2024 (PlanetScope 05-May-2024)"},"geometry":{"type":"Point","coordinates":[39.63613,-0.45935]}},{"type":"Feature","properties":{"event":"May 2024 (PlanetScope 05-May-2024)"},"geometry":{"type":"Point","coordinates":[39.63598,-0.45921]}},{"type":"Feature","properties":{"event":"May 2024 (PlanetScope 05-May-2024)"},"geometry":{"type":"Point","coordinates":[39.63576,-0.45956]}},{"type":"Feature","properties":{"event":"May 2024 (PlanetScope 05-May-2024)"},"geometry":{"type":"Point","coordinates":[39.63595,-0.4596]}},{"type":"Feature","properties":{"event":"May 2024 (PlanetScope 05-May-2024)"},"geometry":{"type":"Point","coordinates":[39.63536,-0.45935]}},{"type":"Feature","properties":{"event":"May 2024 (PlanetScope 05-May-2024)"},"geometry":{"type":"Point","coordinates":[39.63537,-0.45924]}},{"type":"Feature","properties":{"event":"May 2024 (PlanetScope 05-May-2024)"},"geometry":{"type":"Point","coordinates":[39.63626,-0.4598]}},{"type":"Feature","properties":{"event":"May 2024 (PlanetScope 05-May-2024)"},"geometry":{"type":"Point","coordinates":[39.63622,-0.45989]}},{"type":"Feature","properties":{"event":"May 2024 (PlanetScope 05-May-2024)"},"geometry":{"type":"Point","coordinates":[39.63623,-0.4594]}},{"type":"Feature","properties":{"event":"May 2024 (PlanetScope 05-May-2024)"},"geometry":{"type":"Point","coordinates":[39.63535,-0.45803]}},{"type":"Feature","properties":{"event":"May 2024 (PlanetScope 05-May-2024)"},"geometry":{"type":"Point","coordinates":[39.63704,-0.45851]}},{"type":"Feature","properties":{"event":"May 2024 (PlanetScope 05-May-2024)"},"geometry":{"type":"Point","coordinates":[39.63707,-0.45874]}},{"type":"Feature","properties":{"event":"May 2024 (PlanetScope 05-May-2024)"},"geometry":{"type":"Point","coordinates":[39.63715,-0.45904]}},{"type":"Feature","properties":{"event":"May 2024 (PlanetScope 05-May-2024)"},"geometry":{"type":"Point","coordinates":[39.63689,-0.45883]}},{"type":"Feature","properties":{"event":"May 2024 (PlanetScope 05-May-2024)"},"geometry":{"type":"Point","coordinates":[39.63645,-0.45894]}},{"type":"Feature","properties":{"event":"May 2024 (PlanetScope 05-May-2024)"},"geometry":{"type":"Point","coordinates":[39.63636,-0.45627]}},{"type":"Feature","properties":{"event":"May 2024 (PlanetScope 05-May-2024)"},"geometry":{"type":"Point","coordinates":[39.63588,-0.45648]}},{"type":"Feature","properties":{"event":"May 2024 (PlanetScope 05-May-2024)"},"geometry":{"type":"Point","coordinates":[39.63567,-0.4565]}},{"type":"Feature","properties":{"event":"May 2024 (PlanetScope 05-May-2024)"},"geometry":{"type":"Point","coordinates":[39.63554,-0.45643]}},{"type":"Feature","properties":{"event":"May 2024 (PlanetScope 05-May-2024)"},"geometry":{"type":"Point","coordinates":[39.63638,-0.45668]}},{"type":"Feature","properties":{"event":"May 2024 (PlanetScope 05-May-2024)"},"geometry":{"type":"Point","coordinates":[39.63607,-0.45618]}},{"type":"Feature","properties":{"event":"May 2024 (PlanetScope 05-May-2024)"},"geometry":{"type":"Point","coordinates":[39.63611,-0.45588]}},{"type":"Feature","properties":{"event":"May 2024 (PlanetScope 05-May-2024)"},"geometry":{"type":"Point","coordinates":[39.63608,-0.45604]}},{"type":"Feature","properties":{"event":"May 2024 (PlanetScope 05-May-2024)"},"geometry":{"type":"Point","coordinates":[39.63653,-0.45728]}},{"type":"Feature","properties":{"event":"May 2024 (PlanetScope 05-May-2024)"},"geometry":{"type":"Point","coordinates":[39.63651,-0.45766]}},{"type":"Feature","properties":{"event":"May 2024 (PlanetScope 05-May-2024)"},"geometry":{"type":"Point","coordinates":[39.65114,-0.48925]}},{"type":"Feature","properties":{"event":"May 2024 (PlanetScope 05-May-2024)"},"geometry":{"type":"Point","coordinates":[39.64978,-0.48539]}},{"type":"Feature","properties":{"event":"May 2024 (PlanetScope 05-May-2024)"},"geometry":{"type":"Point","coordinates":[39.64972,-0.48561]}},{"type":"Feature","properties":{"event":"May 2024 (PlanetScope 05-May-2024)"},"geometry":{"type":"Point","coordinates":[39.64985,-0.48563]}},{"type":"Feature","properties":{"event":"May 2024 (PlanetScope 05-May-2024)"},"geometry":{"type":"Point","coordinates":[39.64961,-0.48542]}},{"type":"Feature","properties":{"event":"May 2024 (PlanetScope 05-May-2024)"},"geometry":{"type":"Point","coordinates":[39.64965,-0.48566]}},{"type":"Feature","properties":{"event":"May 2024 (PlanetScope 05-May-2024)"},"geometry":{"type":"Point","coordinates":[39.6499,-0.48595]}},{"type":"Feature","properties":{"event":"May 2024 (PlanetScope 05-May-2024)"},"geometry":{"type":"Point","coordinates":[39.65,-0.48593]}},{"type":"Feature","properties":{"event":"May 2024 (PlanetScope 05-May-2024)"},"geometry":{"type":"Point","coordinates":[39.65017,-0.48585]}},{"type":"Feature","properties":{"event":"May 2024 (PlanetScope 05-May-2024)"},"geometry":{"type":"Point","coordinates":[39.65035,-0.4856]}},{"type":"Feature","properties":{"event":"May 2024 (PlanetScope 05-May-2024)"},"geometry":{"type":"Point","coordinates":[39.64968,-0.48622]}},{"type":"Feature","properties":{"event":"May 2024 (PlanetScope 05-May-2024)"},"geometry":{"type":"Point","coordinates":[39.64949,-0.48634]}},{"type":"Feature","properties":{"event":"May 2024 (PlanetScope 05-May-2024)"},"geometry":{"type":"Point","coordinates":[39.65005,-0.48644]}},{"type":"Feature","properties":{"event":"May 2024 (PlanetScope 05-May-2024)"},"geometry":{"type":"Point","coordinates":[39.64998,-0.48687]}},{"type":"Feature","properties":{"event":"May 2024 (PlanetScope 05-May-2024)"},"geometry":{"type":"Point","coordinates":[39.65063,-0.48633]}},{"type":"Feature","properties":{"event":"May 2024 (PlanetScope 05-May-2024)"},"geometry":{"type":"Point","coordinates":[39.64998,-0.4867]}},{"type":"Feature","properties":{"event":"May 2024 (PlanetScope 05-May-2024)"},"geometry":{"type":"Point","coordinates":[39.6502,-0.48687]}},{"type":"Feature","properties":{"event":"May 2024 (PlanetScope 05-May-2024)"},"geometry":{"type":"Point","coordinates":[39.6503,-0.4868]}},{"type":"Feature","properties":{"event":"May 2024 (PlanetScope 05-May-2024)"},"geometry":{"type":"Point","coordinates":[39.64977,-0.4871]}},{"type":"Feature","properties":{"event":"May 2024 (PlanetScope 05-May-2024)"},"geometry":{"type":"Point","coordinates":[39.64972,-0.48726]}},{"type":"Feature","properties":{"event":"May 2024 (PlanetScope 05-May-2024)"},"geometry":{"type":"Point","coordinates":[39.64996,-0.48733]}},{"type":"Feature","properties":{"event":"May 2024 (PlanetScope 05-May-2024)"},"geometry":{"type":"Point","coordinates":[39.65009,-0.48741]}},{"type":"Feature","properties":{"event":"May 2024 (PlanetScope 05-May-2024)"},"geometry":{"type":"Point","coordinates":[39.65019,-0.48733]}},{"type":"Feature","properties":{"event":"May 2024 (PlanetScope 05-May-2024)"},"geometry":{"type":"Point","coordinates":[39.65033,-0.48734]}},{"type":"Feature","properties":{"event":"May 2024 (PlanetScope 05-May-2024)"},"geometry":{"type":"Point","coordinates":[39.65024,-0.48755]}},{"type":"Feature","properties":{"event":"May 2024 (PlanetScope 05-May-2024)"},"geometry":{"type":"Point","coordinates":[39.6505,-0.48733]}},{"type":"Feature","properties":{"event":"May 2024 (PlanetScope 05-May-2024)"},"geometry":{"type":"Point","coordinates":[39.65046,-0.48747]}},{"type":"Feature","properties":{"event":"May 2024 (PlanetScope 05-May-2024)"},"geometry":{"type":"Point","coordinates":[39.65046,-0.48755]}},{"type":"Feature","properties":{"event":"May 2024 (PlanetScope 05-May-2024)"},"geometry":{"type":"Point","coordinates":[39.65058,-0.48765]}},{"type":"Feature","properties":{"event":"May 2024 (PlanetScope 05-May-2024)"},"geometry":{"type":"Point","coordinates":[39.65005,-0.48766]}},{"type":"Feature","properties":{"event":"May 2024 (PlanetScope 05-May-2024)"},"geometry":{"type":"Point","coordinates":[39.65002,-0.4879]}},{"type":"Feature","properties":{"event":"May 2024 (PlanetScope 05-May-2024)"},"geometry":{"type":"Point","coordinates":[39.65013,-0.48803]}},{"type":"Feature","properties":{"event":"May 2024 (PlanetScope 05-May-2024)"},"geometry":{"type":"Point","coordinates":[39.65018,-0.48796]}},{"type":"Feature","properties":{"event":"May 2024 (PlanetScope 05-May-2024)"},"geometry":{"type":"Point","coordinates":[39.6505,-0.48809]}},{"type":"Feature","properties":{"event":"May 2024 (PlanetScope 05-May-2024)"},"geometry":{"type":"Point","coordinates":[39.65032,-0.48839]}},{"type":"Feature","properties":{"event":"May 2024 (PlanetScope 05-May-2024)"},"geometry":{"type":"Point","coordinates":[39.65064,-0.48825]}},{"type":"Feature","properties":{"event":"May 2024 (PlanetScope 05-May-2024)"},"geometry":{"type":"Point","coordinates":[39.65048,-0.4886]}},{"type":"Feature","properties":{"event":"May 2024 (PlanetScope 05-May-2024)"},"geometry":{"type":"Point","coordinates":[39.65071,-0.48882]}},{"type":"Feature","properties":{"event":"May 2024 (PlanetScope 05-May-2024)"},"geometry":{"type":"Point","coordinates":[39.6509,-0.48877]}},{"type":"Feature","properties":{"event":"May 2024 (PlanetScope 05-May-2024)"},"geometry":{"type":"Point","coordinates":[39.65094,-0.48844]}},{"type":"Feature","properties":{"event":"May 2024 (PlanetScope 05-May-2024)"},"geometry":{"type":"Point","coordinates":[39.65088,-0.48833]}},{"type":"Feature","properties":{"event":"May 2024 (PlanetScope 05-May-2024)"},"geometry":{"type":"Point","coordinates":[39.65056,-0.48708]}},{"type":"Feature","properties":{"event":"May 2024 (PlanetScope 05-May-2024)"},"geometry":{"type":"Point","coordinates":[39.65045,-0.48674]}},{"type":"Feature","properties":{"event":"May 2024 (PlanetScope 05-May-2024)"},"geometry":{"type":"Point","coordinates":[39.6507,-0.48676]}},{"type":"Feature","properties":{"event":"May 2024 (PlanetScope 05-May-2024)"},"geometry":{"type":"Point","coordinates":[39.6506,-0.48655]}},{"type":"Feature","properties":{"event":"May 2024 (PlanetScope 05-May-2024)"},"geometry":{"type":"Point","coordinates":[39.65075,-0.48634]}},{"type":"Feature","properties":{"event":"May 2024 (PlanetScope 05-May-2024)"},"geometry":{"type":"Point","coordinates":[39.65056,-0.48668]}},{"type":"Feature","properties":{"event":"May 2024 (PlanetScope 05-May-2024)"},"geometry":{"type":"Point","coordinates":[39.6492,-0.48456]}},{"type":"Feature","properties":{"event":"May 2024 (PlanetScope 05-May-2024)"},"geometry":{"type":"Point","coordinates":[39.65072,-0.51417]}},{"type":"Feature","properties":{"event":"May 2024 (PlanetScope 05-May-2024)"},"geometry":{"type":"Point","coordinates":[39.63679,-0.46331]}},{"type":"Feature","properties":{"event":"May 2024 (PlanetScope 05-May-2024)"},"geometry":{"type":"Point","coordinates":[39.63701,-0.4634]}},{"type":"Feature","properties":{"event":"May 2024 (PlanetScope 05-May-2024)"},"geometry":{"type":"Point","coordinates":[39.6094,-0.42058]}},{"type":"Feature","properties":{"event":"May 2024 (PlanetScope 05-May-2024)"},"geometry":{"type":"Point","coordinates":[39.60936,-0.42056]}},{"type":"Feature","properties":{"event":"May 2024 (PlanetScope 05-May-2024)"},"geometry":{"type":"Point","coordinates":[39.61541,-0.42702]}},{"type":"Feature","properties":{"event":"May 2024 (PlanetScope 05-May-2024)"},"geometry":{"type":"Point","coordinates":[39.63345,-0.49762]}},{"type":"Feature","properties":{"event":"May 2024 (PlanetScope 05-May-2024)"},"geometry":{"type":"Point","coordinates":[39.63339,-0.49755]}},{"type":"Feature","properties":{"event":"May 2024 (PlanetScope 05-May-2024)"},"geometry":{"type":"Point","coordinates":[39.63261,-0.49634]}},{"type":"Feature","properties":{"event":"May 2024 (PlanetScope 05-May-2024)"},"geometry":{"type":"Point","coordinates":[39.63241,-0.49567]}},{"type":"Feature","properties":{"event":"May 2024 (PlanetScope 05-May-2024)"},"geometry":{"type":"Point","coordinates":[39.63341,-0.49613]}},{"type":"Feature","properties":{"event":"May 2024 (PlanetScope 05-May-2024)"},"geometry":{"type":"Point","coordinates":[39.63712,-0.49797]}},{"type":"Feature","properties":{"event":"May 2024 (PlanetScope 05-May-2024)"},"geometry":{"type":"Point","coordinates":[39.63734,-0.49822]}},{"type":"Feature","properties":{"event":"May 2024 (PlanetScope 05-May-2024)"},"geometry":{"type":"Point","coordinates":[39.63739,-0.49822]}},{"type":"Feature","properties":{"event":"May 2024 (PlanetScope 05-May-2024)"},"geometry":{"type":"Point","coordinates":[39.63824,-0.49847]}},{"type":"Feature","properties":{"event":"May 2024 (PlanetScope 05-May-2024)"},"geometry":{"type":"Point","coordinates":[39.63734,-0.49442]}},{"type":"Feature","properties":{"event":"May 2024 (PlanetScope 05-May-2024)"},"geometry":{"type":"Point","coordinates":[39.67484,-0.51133]}},{"type":"Feature","properties":{"event":"May 2024 (PlanetScope 05-May-2024)"},"geometry":{"type":"Point","coordinates":[39.67528,-0.50853]}},{"type":"Feature","properties":{"event":"May 2024 (PlanetScope 05-May-2024)"},"geometry":{"type":"Point","coordinates":[39.67539,-0.50866]}},{"type":"Feature","properties":{"event":"May 2024 (PlanetScope 05-May-2024)"},"geometry":{"type":"Point","coordinates":[39.67493,-0.50863]}},{"type":"Feature","properties":{"event":"May 2024 (PlanetScope 05-May-2024)"},"geometry":{"type":"Point","coordinates":[39.67484,-0.50895]}},{"type":"Feature","properties":{"event":"May 2024 (PlanetScope 05-May-2024)"},"geometry":{"type":"Point","coordinates":[39.67508,-0.50907]}},{"type":"Feature","properties":{"event":"May 2024 (PlanetScope 05-May-2024)"},"geometry":{"type":"Point","coordinates":[39.67521,-0.50897]}},{"type":"Feature","properties":{"event":"May 2024 (PlanetScope 05-May-2024)"},"geometry":{"type":"Point","coordinates":[39.67535,-0.50887]}},{"type":"Feature","properties":{"event":"May 2024 (PlanetScope 05-May-2024)"},"geometry":{"type":"Point","coordinates":[39.67559,-0.50916]}},{"type":"Feature","properties":{"event":"May 2024 (PlanetScope 05-May-2024)"},"geometry":{"type":"Point","coordinates":[39.67449,-0.50809]}},{"type":"Feature","properties":{"event":"May 2024 (PlanetScope 05-May-2024)"},"geometry":{"type":"Point","coordinates":[39.67421,-0.50858]}},{"type":"Feature","properties":{"event":"May 2024 (PlanetScope 05-May-2024)"},"geometry":{"type":"Point","coordinates":[39.67455,-0.50808]}},{"type":"Feature","properties":{"event":"May 2024 (PlanetScope 05-May-2024)"},"geometry":{"type":"Point","coordinates":[39.67525,-0.51403]}},{"type":"Feature","properties":{"event":"May 2024 (PlanetScope 05-May-2024)"},"geometry":{"type":"Point","coordinates":[39.6761,-0.51533]}},{"type":"Feature","properties":{"event":"May 2024 (PlanetScope 05-May-2024)"},"geometry":{"type":"Point","coordinates":[39.67763,-0.51424]}},{"type":"Feature","properties":{"event":"May 2024 (PlanetScope 05-May-2024)"},"geometry":{"type":"Point","coordinates":[39.67783,-0.51273]}},{"type":"Feature","properties":{"event":"May 2024 (PlanetScope 05-May-2024)"},"geometry":{"type":"Point","coordinates":[39.67836,-0.51209]}},{"type":"Feature","properties":{"event":"May 2024 (PlanetScope 05-May-2024)"},"geometry":{"type":"Point","coordinates":[39.67839,-0.51211]}},{"type":"Feature","properties":{"event":"May 2024 (PlanetScope 05-May-2024)"},"geometry":{"type":"Point","coordinates":[39.67841,-0.51215]}},{"type":"Feature","properties":{"event":"May 2024 (PlanetScope 05-May-2024)"},"geometry":{"type":"Point","coordinates":[39.67887,-0.5112]}},{"type":"Feature","properties":{"event":"May 2024 (PlanetScope 05-May-2024)"},"geometry":{"type":"Point","coordinates":[39.67951,-0.51147]}},{"type":"Feature","properties":{"event":"May 2024 (PlanetScope 05-May-2024)"},"geometry":{"type":"Point","coordinates":[39.67951,-0.51182]}},{"type":"Feature","properties":{"event":"May 2024 (PlanetScope 05-May-2024)"},"geometry":{"type":"Point","coordinates":[39.67959,-0.51177]}},{"type":"Feature","properties":{"event":"May 2024 (PlanetScope 05-May-2024)"},"geometry":{"type":"Point","coordinates":[39.67845,-0.51075]}},{"type":"Feature","properties":{"event":"May 2024 (PlanetScope 05-May-2024)"},"geometry":{"type":"Point","coordinates":[39.67862,-0.51057]}},{"type":"Feature","properties":{"event":"May 2024 (PlanetScope 05-May-2024)"},"geometry":{"type":"Point","coordinates":[39.67771,-0.51005]}},{"type":"Feature","properties":{"event":"May 2024 (PlanetScope 05-May-2024)"},"geometry":{"type":"Point","coordinates":[39.60942,-0.4578]}},{"type":"Feature","properties":{"event":"May 2024 (PlanetScope 05-May-2024)"},"geometry":{"type":"Point","coordinates":[39.64083,-0.4735]}},{"type":"Feature","properties":{"event":"May 2024 (PlanetScope 05-May-2024)"},"geometry":{"type":"Point","coordinates":[39.64137,-0.47332]}},{"type":"Feature","properties":{"event":"May 2024 (PlanetScope 05-May-2024)"},"geometry":{"type":"Point","coordinates":[39.64084,-0.47298]}},{"type":"Feature","properties":{"event":"May 2024 (PlanetScope 05-May-2024)"},"geometry":{"type":"Point","coordinates":[39.6417,-0.47247]}},{"type":"Feature","properties":{"event":"May 2024 (PlanetScope 05-May-2024)"},"geometry":{"type":"Point","coordinates":[39.63948,-0.47537]}},{"type":"Feature","properties":{"event":"May 2024 (PlanetScope 05-May-2024)"},"geometry":{"type":"Point","coordinates":[39.64074,-0.47668]}},{"type":"Feature","properties":{"event":"May 2024 (PlanetScope 05-May-2024)"},"geometry":{"type":"Point","coordinates":[39.6418,-0.47689]}},{"type":"Feature","properties":{"event":"May 2024 (PlanetScope 05-May-2024)"},"geometry":{"type":"Point","coordinates":[39.637,-0.45538]}},{"type":"Feature","properties":{"event":"May 2024 (PlanetScope 05-May-2024)"},"geometry":{"type":"Point","coordinates":[39.63622,-0.45544]}},{"type":"Feature","properties":{"event":"May 2024 (PlanetScope 05-May-2024)"},"geometry":{"type":"Point","coordinates":[39.63602,-0.45554]}},{"type":"Feature","properties":{"event":"May 2024 (PlanetScope 05-May-2024)"},"geometry":{"type":"Point","coordinates":[39.63586,-0.45561]}},{"type":"Feature","properties":{"event":"May 2024 (PlanetScope 05-May-2024)"},"geometry":{"type":"Point","coordinates":[39.63589,-0.45541]}},{"type":"Feature","properties":{"event":"May 2024 (PlanetScope 05-May-2024)"},"geometry":{"type":"Point","coordinates":[39.63526,-0.45522]}},{"type":"Feature","properties":{"event":"May 2024 (PlanetScope 05-May-2024)"},"geometry":{"type":"Point","coordinates":[39.63528,-0.45545]}},{"type":"Feature","properties":{"event":"May 2024 (PlanetScope 05-May-2024)"},"geometry":{"type":"Point","coordinates":[39.63542,-0.45538]}},{"type":"Feature","properties":{"event":"May 2024 (PlanetScope 05-May-2024)"},"geometry":{"type":"Point","coordinates":[39.63557,-0.4553]}},{"type":"Feature","properties":{"event":"May 2024 (PlanetScope 05-May-2024)"},"geometry":{"type":"Point","coordinates":[39.63544,-0.45514]}},{"type":"Feature","properties":{"event":"May 2024 (PlanetScope 05-May-2024)"},"geometry":{"type":"Point","coordinates":[39.63569,-0.45524]}},{"type":"Feature","properties":{"event":"May 2024 (PlanetScope 05-May-2024)"},"geometry":{"type":"Point","coordinates":[39.63581,-0.45517]}},{"type":"Feature","properties":{"event":"May 2024 (PlanetScope 05-May-2024)"},"geometry":{"type":"Point","coordinates":[39.63567,-0.45512]}},{"type":"Feature","properties":{"event":"May 2024 (PlanetScope 05-May-2024)"},"geometry":{"type":"Point","coordinates":[39.63579,-0.455]}},{"type":"Feature","properties":{"event":"May 2024 (PlanetScope 05-May-2024)"},"geometry":{"type":"Point","coordinates":[39.63596,-0.45491]}},{"type":"Feature","properties":{"event":"May 2024 (PlanetScope 05-May-2024)"},"geometry":{"type":"Point","coordinates":[39.63597,-0.45504]}},{"type":"Feature","properties":{"event":"May 2024 (PlanetScope 05-May-2024)"},"geometry":{"type":"Point","coordinates":[39.63607,-0.45498]}},{"type":"Feature","properties":{"event":"May 2024 (PlanetScope 05-May-2024)"},"geometry":{"type":"Point","coordinates":[39.63612,-0.45488]}},{"type":"Feature","properties":{"event":"May 2024 (PlanetScope 05-May-2024)"},"geometry":{"type":"Point","coordinates":[39.63627,-0.45564]}},{"type":"Feature","properties":{"event":"May 2024 (PlanetScope 05-May-2024)"},"geometry":{"type":"Point","coordinates":[39.63599,-0.45588]}},{"type":"Feature","properties":{"event":"May 2024 (PlanetScope 05-May-2024)"},"geometry":{"type":"Point","coordinates":[39.63574,-0.45582]}},{"type":"Feature","properties":{"event":"May 2024 (PlanetScope 05-May-2024)"},"geometry":{"type":"Point","coordinates":[39.63653,-0.45385]}},{"type":"Feature","properties":{"event":"May 2024 (PlanetScope 05-May-2024)"},"geometry":{"type":"Point","coordinates":[39.6358,-0.45354]}},{"type":"Feature","properties":{"event":"May 2024 (PlanetScope 05-May-2024)"},"geometry":{"type":"Point","coordinates":[39.6358,-0.45359]}},{"type":"Feature","properties":{"event":"May 2024 (PlanetScope 05-May-2024)"},"geometry":{"type":"Point","coordinates":[39.63571,-0.45344]}},{"type":"Feature","properties":{"event":"May 2024 (PlanetScope 05-May-2024)"},"geometry":{"type":"Point","coordinates":[39.63535,-0.45335]}},{"type":"Feature","properties":{"event":"May 2024 (PlanetScope 05-May-2024)"},"geometry":{"type":"Point","coordinates":[39.63532,-0.45318]}},{"type":"Feature","properties":{"event":"May 2024 (PlanetScope 05-May-2024)"},"geometry":{"type":"Point","coordinates":[39.63568,-0.45306]}},{"type":"Feature","properties":{"event":"May 2024 (PlanetScope 05-May-2024)"},"geometry":{"type":"Point","coordinates":[39.63562,-0.45319]}},{"type":"Feature","properties":{"event":"May 2024 (PlanetScope 05-May-2024)"},"geometry":{"type":"Point","coordinates":[39.63527,-0.45306]}},{"type":"Feature","properties":{"event":"May 2024 (PlanetScope 05-May-2024)"},"geometry":{"type":"Point","coordinates":[39.63534,-0.45312]}},{"type":"Feature","properties":{"event":"May 2024 (PlanetScope 05-May-2024)"},"geometry":{"type":"Point","coordinates":[39.63515,-0.45278]}},{"type":"Feature","properties":{"event":"May 2024 (PlanetScope 05-May-2024)"},"geometry":{"type":"Point","coordinates":[39.63531,-0.4529]}},{"type":"Feature","properties":{"event":"May 2024 (PlanetScope 05-May-2024)"},"geometry":{"type":"Point","coordinates":[39.63569,-0.45288]}},{"type":"Feature","properties":{"event":"May 2024 (PlanetScope 05-May-2024)"},"geometry":{"type":"Point","coordinates":[39.63554,-0.45273]}},{"type":"Feature","properties":{"event":"May 2024 (PlanetScope 05-May-2024)"},"geometry":{"type":"Point","coordinates":[39.63549,-0.45268]}},{"type":"Feature","properties":{"event":"May 2024 (PlanetScope 05-May-2024)"},"geometry":{"type":"Point","coordinates":[39.63532,-0.45374]}},{"type":"Feature","properties":{"event":"May 2024 (PlanetScope 05-May-2024)"},"geometry":{"type":"Point","coordinates":[39.63591,-0.45276]}},{"type":"Feature","properties":{"event":"May 2024 (PlanetScope 05-May-2024)"},"geometry":{"type":"Point","coordinates":[39.63592,-0.45285]}},{"type":"Feature","properties":{"event":"May 2024 (PlanetScope 05-May-2024)"},"geometry":{"type":"Point","coordinates":[39.63617,-0.4526]}},{"type":"Feature","properties":{"event":"May 2024 (PlanetScope 05-May-2024)"},"geometry":{"type":"Point","coordinates":[39.62347,-0.45757]}},{"type":"Feature","properties":{"event":"May 2024 (PlanetScope 05-May-2024)"},"geometry":{"type":"Point","coordinates":[39.62345,-0.45869]}},{"type":"Feature","properties":{"event":"May 2024 (PlanetScope 05-May-2024)"},"geometry":{"type":"Point","coordinates":[39.63524,-0.43996]}},{"type":"Feature","properties":{"event":"May 2024 (PlanetScope 05-May-2024)"},"geometry":{"type":"Point","coordinates":[39.63533,-0.43998]}},{"type":"Feature","properties":{"event":"May 2024 (PlanetScope 05-May-2024)"},"geometry":{"type":"Point","coordinates":[39.6353,-0.43992]}},{"type":"Feature","properties":{"event":"May 2024 (PlanetScope 05-May-2024)"},"geometry":{"type":"Point","coordinates":[39.63503,-0.44037]}},{"type":"Feature","properties":{"event":"May 2024 (PlanetScope 05-May-2024)"},"geometry":{"type":"Point","coordinates":[39.63502,-0.44042]}},{"type":"Feature","properties":{"event":"May 2024 (PlanetScope 05-May-2024)"},"geometry":{"type":"Point","coordinates":[39.63516,-0.44047]}},{"type":"Feature","properties":{"event":"May 2024 (PlanetScope 05-May-2024)"},"geometry":{"type":"Point","coordinates":[39.63506,-0.44042]}},{"type":"Feature","properties":{"event":"May 2024 (PlanetScope 05-May-2024)"},"geometry":{"type":"Point","coordinates":[39.63535,-0.4404]}},{"type":"Feature","properties":{"event":"May 2024 (PlanetScope 05-May-2024)"},"geometry":{"type":"Point","coordinates":[39.63525,-0.44052]}},{"type":"Feature","properties":{"event":"May 2024 (PlanetScope 05-May-2024)"},"geometry":{"type":"Point","coordinates":[39.63531,-0.44072]}},{"type":"Feature","properties":{"event":"May 2024 (PlanetScope 05-May-2024)"},"geometry":{"type":"Point","coordinates":[39.63532,-0.44079]}},{"type":"Feature","properties":{"event":"May 2024 (PlanetScope 05-May-2024)"},"geometry":{"type":"Point","coordinates":[39.63553,-0.44078]}},{"type":"Feature","properties":{"event":"May 2024 (PlanetScope 05-May-2024)"},"geometry":{"type":"Point","coordinates":[39.63555,-0.44069]}},{"type":"Feature","properties":{"event":"May 2024 (PlanetScope 05-May-2024)"},"geometry":{"type":"Point","coordinates":[39.6355,-0.44069]}},{"type":"Feature","properties":{"event":"May 2024 (PlanetScope 05-May-2024)"},"geometry":{"type":"Point","coordinates":[39.63544,-0.44069]}},{"type":"Feature","properties":{"event":"May 2024 (PlanetScope 05-May-2024)"},"geometry":{"type":"Point","coordinates":[39.63531,-0.44065]}},{"type":"Feature","properties":{"event":"May 2024 (PlanetScope 05-May-2024)"},"geometry":{"type":"Point","coordinates":[39.63476,-0.44501]}},{"type":"Feature","properties":{"event":"May 2024 (PlanetScope 05-May-2024)"},"geometry":{"type":"Point","coordinates":[39.63482,-0.44509]}},{"type":"Feature","properties":{"event":"May 2024 (PlanetScope 05-May-2024)"},"geometry":{"type":"Point","coordinates":[39.6348,-0.44505]}},{"type":"Feature","properties":{"event":"May 2024 (PlanetScope 05-May-2024)"},"geometry":{"type":"Point","coordinates":[39.63466,-0.44518]}},{"type":"Feature","properties":{"event":"May 2024 (PlanetScope 05-May-2024)"},"geometry":{"type":"Point","coordinates":[39.63472,-0.44519]}},{"type":"Feature","properties":{"event":"May 2024 (PlanetScope 05-May-2024)"},"geometry":{"type":"Point","coordinates":[39.63468,-0.44502]}},{"type":"Feature","properties":{"event":"May 2024 (PlanetScope 05-May-2024)"},"geometry":{"type":"Point","coordinates":[39.63469,-0.44497]}},{"type":"Feature","properties":{"event":"May 2024 (PlanetScope 05-May-2024)"},"geometry":{"type":"Point","coordinates":[39.63466,-0.44499]}},{"type":"Feature","properties":{"event":"May 2024 (PlanetScope 05-May-2024)"},"geometry":{"type":"Point","coordinates":[39.63477,-0.44508]}},{"type":"Feature","properties":{"event":"May 2024 (PlanetScope 05-May-2024)"},"geometry":{"type":"Point","coordinates":[39.63476,-0.44512]}},{"type":"Feature","properties":{"event":"May 2024 (PlanetScope 05-May-2024)"},"geometry":{"type":"Point","coordinates":[39.63486,-0.44494]}},{"type":"Feature","properties":{"event":"May 2024 (PlanetScope 05-May-2024)"},"geometry":{"type":"Point","coordinates":[39.63501,-0.44517]}},{"type":"Feature","properties":{"event":"May 2024 (PlanetScope 05-May-2024)"},"geometry":{"type":"Point","coordinates":[39.63475,-0.44529]}},{"type":"Feature","properties":{"event":"May 2024 (PlanetScope 05-May-2024)"},"geometry":{"type":"Point","coordinates":[39.63485,-0.44528]}},{"type":"Feature","properties":{"event":"May 2024 (PlanetScope 05-May-2024)"},"geometry":{"type":"Point","coordinates":[39.6349,-0.4455]}},{"type":"Feature","properties":{"event":"May 2024 (PlanetScope 05-May-2024)"},"geometry":{"type":"Point","coordinates":[39.63501,-0.44546]}},{"type":"Feature","properties":{"event":"May 2024 (PlanetScope 05-May-2024)"},"geometry":{"type":"Point","coordinates":[39.63491,-0.44583]}},{"type":"Feature","properties":{"event":"May 2024 (PlanetScope 05-May-2024)"},"geometry":{"type":"Point","coordinates":[39.63484,-0.44565]}},{"type":"Feature","properties":{"event":"May 2024 (PlanetScope 05-May-2024)"},"geometry":{"type":"Point","coordinates":[39.63479,-0.44565]}},{"type":"Feature","properties":{"event":"May 2024 (PlanetScope 05-May-2024)"},"geometry":{"type":"Point","coordinates":[39.63484,-0.44576]}},{"type":"Feature","properties":{"event":"May 2024 (PlanetScope 05-May-2024)"},"geometry":{"type":"Point","coordinates":[39.63503,-0.4458]}},{"type":"Feature","properties":{"event":"May 2024 (PlanetScope 05-May-2024)"},"geometry":{"type":"Point","coordinates":[39.63507,-0.4457]}},{"type":"Feature","properties":{"event":"May 2024 (PlanetScope 05-May-2024)"},"geometry":{"type":"Point","coordinates":[39.63537,-0.44556]}},{"type":"Feature","properties":{"event":"May 2024 (PlanetScope 05-May-2024)"},"geometry":{"type":"Point","coordinates":[39.63542,-0.4456]}},{"type":"Feature","properties":{"event":"May 2024 (PlanetScope 05-May-2024)"},"geometry":{"type":"Point","coordinates":[39.63521,-0.44599]}},{"type":"Feature","properties":{"event":"May 2024 (PlanetScope 05-May-2024)"},"geometry":{"type":"Point","coordinates":[39.63492,-0.44606]}},{"type":"Feature","properties":{"event":"May 2024 (PlanetScope 05-May-2024)"},"geometry":{"type":"Point","coordinates":[39.63508,-0.44612]}},{"type":"Feature","properties":{"event":"May 2024 (PlanetScope 05-May-2024)"},"geometry":{"type":"Point","coordinates":[39.63524,-0.4461]}},{"type":"Feature","properties":{"event":"May 2024 (PlanetScope 05-May-2024)"},"geometry":{"type":"Point","coordinates":[39.63488,-0.44535]}},{"type":"Feature","properties":{"event":"May 2024 (PlanetScope 05-May-2024)"},"geometry":{"type":"Point","coordinates":[39.63479,-0.44529]}},{"type":"Feature","properties":{"event":"May 2024 (PlanetScope 05-May-2024)"},"geometry":{"type":"Point","coordinates":[39.63488,-0.44544]}},{"type":"Feature","properties":{"event":"May 2024 (PlanetScope 05-May-2024)"},"geometry":{"type":"Point","coordinates":[39.63493,-0.44543]}},{"type":"Feature","properties":{"event":"May 2024 (PlanetScope 05-May-2024)"},"geometry":{"type":"Point","coordinates":[39.63477,-0.44543]}},{"type":"Feature","properties":{"event":"May 2024 (PlanetScope 05-May-2024)"},"geometry":{"type":"Point","coordinates":[39.63467,-0.44555]}},{"type":"Feature","properties":{"event":"May 2024 (PlanetScope 05-May-2024)"},"geometry":{"type":"Point","coordinates":[39.63475,-0.44558]}},{"type":"Feature","properties":{"event":"May 2024 (PlanetScope 05-May-2024)"},"geometry":{"type":"Point","coordinates":[39.63471,-0.44565]}},{"type":"Feature","properties":{"event":"May 2024 (PlanetScope 05-May-2024)"},"geometry":{"type":"Point","coordinates":[39.63491,-0.44563]}},{"type":"Feature","properties":{"event":"May 2024 (PlanetScope 05-May-2024)"},"geometry":{"type":"Point","coordinates":[39.63486,-0.44558]}},{"type":"Feature","properties":{"event":"May 2024 (PlanetScope 05-May-2024)"},"geometry":{"type":"Point","coordinates":[39.63494,-0.44555]}},{"type":"Feature","properties":{"event":"May 2024 (PlanetScope 05-May-2024)"},"geometry":{"type":"Point","coordinates":[39.63513,-0.44565]}},{"type":"Feature","properties":{"event":"May 2024 (PlanetScope 05-May-2024)"},"geometry":{"type":"Point","coordinates":[39.63509,-0.44585]}},{"type":"Feature","properties":{"event":"May 2024 (PlanetScope 05-May-2024)"},"geometry":{"type":"Point","coordinates":[39.63495,-0.44589]}},{"type":"Feature","properties":{"event":"May 2024 (PlanetScope 05-May-2024)"},"geometry":{"type":"Point","coordinates":[39.63488,-0.44587]}},{"type":"Feature","properties":{"event":"May 2024 (PlanetScope 05-May-2024)"},"geometry":{"type":"Point","coordinates":[39.63478,-0.44594]}},{"type":"Feature","properties":{"event":"May 2024 (PlanetScope 05-May-2024)"},"geometry":{"type":"Point","coordinates":[39.63482,-0.44595]}},{"type":"Feature","properties":{"event":"May 2024 (PlanetScope 05-May-2024)"},"geometry":{"type":"Point","coordinates":[39.63481,-0.44588]}},{"type":"Feature","properties":{"event":"May 2024 (PlanetScope 05-May-2024)"},"geometry":{"type":"Point","coordinates":[39.63493,-0.446]}},{"type":"Feature","properties":{"event":"May 2024 (PlanetScope 05-May-2024)"},"geometry":{"type":"Point","coordinates":[39.63517,-0.44523]}},{"type":"Feature","properties":{"event":"May 2024 (PlanetScope 05-May-2024)"},"geometry":{"type":"Point","coordinates":[39.63517,-0.44529]}},{"type":"Feature","properties":{"event":"May 2024 (PlanetScope 05-May-2024)"},"geometry":{"type":"Point","coordinates":[39.63521,-0.44538]}},{"type":"Feature","properties":{"event":"May 2024 (PlanetScope 05-May-2024)"},"geometry":{"type":"Point","coordinates":[39.63526,-0.44527]}},{"type":"Feature","properties":{"event":"May 2024 (PlanetScope 05-May-2024)"},"geometry":{"type":"Point","coordinates":[39.6351,-0.44515]}},{"type":"Feature","properties":{"event":"May 2024 (PlanetScope 05-May-2024)"},"geometry":{"type":"Point","coordinates":[39.63537,-0.44513]}},{"type":"Feature","properties":{"event":"May 2024 (PlanetScope 05-May-2024)"},"geometry":{"type":"Point","coordinates":[39.63543,-0.4451]}},{"type":"Feature","properties":{"event":"May 2024 (PlanetScope 05-May-2024)"},"geometry":{"type":"Point","coordinates":[39.63578,-0.44532]}},{"type":"Feature","properties":{"event":"May 2024 (PlanetScope 05-May-2024)"},"geometry":{"type":"Point","coordinates":[39.63566,-0.44526]}},{"type":"Feature","properties":{"event":"May 2024 (PlanetScope 05-May-2024)"},"geometry":{"type":"Point","coordinates":[39.63583,-0.44509]}},{"type":"Feature","properties":{"event":"May 2024 (PlanetScope 05-May-2024)"},"geometry":{"type":"Point","coordinates":[39.63597,-0.44517]}},{"type":"Feature","properties":{"event":"May 2024 (PlanetScope 05-May-2024)"},"geometry":{"type":"Point","coordinates":[39.636,-0.445]}},{"type":"Feature","properties":{"event":"May 2024 (PlanetScope 05-May-2024)"},"geometry":{"type":"Point","coordinates":[39.63579,-0.44496]}},{"type":"Feature","properties":{"event":"May 2024 (PlanetScope 05-May-2024)"},"geometry":{"type":"Point","coordinates":[39.63551,-0.4454]}},{"type":"Feature","properties":{"event":"May 2024 (PlanetScope 05-May-2024)"},"geometry":{"type":"Point","coordinates":[39.6357,-0.44536]}},{"type":"Feature","properties":{"event":"May 2024 (PlanetScope 05-May-2024)"},"geometry":{"type":"Point","coordinates":[39.63575,-0.44541]}},{"type":"Feature","properties":{"event":"May 2024 (PlanetScope 05-May-2024)"},"geometry":{"type":"Point","coordinates":[39.63551,-0.44552]}},{"type":"Feature","properties":{"event":"May 2024 (PlanetScope 05-May-2024)"},"geometry":{"type":"Point","coordinates":[39.63557,-0.44557]}},{"type":"Feature","properties":{"event":"May 2024 (PlanetScope 05-May-2024)"},"geometry":{"type":"Point","coordinates":[39.63584,-0.44544]}},{"type":"Feature","properties":{"event":"May 2024 (PlanetScope 05-May-2024)"},"geometry":{"type":"Point","coordinates":[39.63602,-0.44559]}},{"type":"Feature","properties":{"event":"May 2024 (PlanetScope 05-May-2024)"},"geometry":{"type":"Point","coordinates":[39.63597,-0.44556]}},{"type":"Feature","properties":{"event":"May 2024 (PlanetScope 05-May-2024)"},"geometry":{"type":"Point","coordinates":[39.63578,-0.44566]}},{"type":"Feature","properties":{"event":"May 2024 (PlanetScope 05-May-2024)"},"geometry":{"type":"Point","coordinates":[39.63557,-0.44571]}},{"type":"Feature","properties":{"event":"May 2024 (PlanetScope 05-May-2024)"},"geometry":{"type":"Point","coordinates":[39.63568,-0.44552]}},{"type":"Feature","properties":{"event":"May 2024 (PlanetScope 05-May-2024)"},"geometry":{"type":"Point","coordinates":[39.63575,-0.4455]}},{"type":"Feature","properties":{"event":"May 2024 (PlanetScope 05-May-2024)"},"geometry":{"type":"Point","coordinates":[39.63591,-0.44561]}},{"type":"Feature","properties":{"event":"May 2024 (PlanetScope 05-May-2024)"},"geometry":{"type":"Point","coordinates":[39.63583,-0.44578]}},{"type":"Feature","properties":{"event":"May 2024 (PlanetScope 05-May-2024)"},"geometry":{"type":"Point","coordinates":[39.6359,-0.44573]}},{"type":"Feature","properties":{"event":"May 2024 (PlanetScope 05-May-2024)"},"geometry":{"type":"Point","coordinates":[39.63573,-0.44571]}},{"type":"Feature","properties":{"event":"May 2024 (PlanetScope 05-May-2024)"},"geometry":{"type":"Point","coordinates":[39.63559,-0.4458]}},{"type":"Feature","properties":{"event":"May 2024 (PlanetScope 05-May-2024)"},"geometry":{"type":"Point","coordinates":[39.63598,-0.44602]}},{"type":"Feature","properties":{"event":"May 2024 (PlanetScope 05-May-2024)"},"geometry":{"type":"Point","coordinates":[39.63603,-0.44609]}},{"type":"Feature","properties":{"event":"May 2024 (PlanetScope 05-May-2024)"},"geometry":{"type":"Point","coordinates":[39.63604,-0.44572]}},{"type":"Feature","properties":{"event":"May 2024 (PlanetScope 05-May-2024)"},"geometry":{"type":"Point","coordinates":[39.63607,-0.4458]}},{"type":"Feature","properties":{"event":"May 2024 (PlanetScope 05-May-2024)"},"geometry":{"type":"Point","coordinates":[39.63607,-0.44639]}},{"type":"Feature","properties":{"event":"May 2024 (PlanetScope 05-May-2024)"},"geometry":{"type":"Point","coordinates":[39.63614,-0.44624]}},{"type":"Feature","properties":{"event":"May 2024 (PlanetScope 05-May-2024)"},"geometry":{"type":"Point","coordinates":[39.63593,-0.44626]}},{"type":"Feature","properties":{"event":"May 2024 (PlanetScope 05-May-2024)"},"geometry":{"type":"Point","coordinates":[39.63594,-0.44631]}},{"type":"Feature","properties":{"event":"May 2024 (PlanetScope 05-May-2024)"},"geometry":{"type":"Point","coordinates":[39.636,-0.44625]}},{"type":"Feature","properties":{"event":"May 2024 (PlanetScope 05-May-2024)"},"geometry":{"type":"Point","coordinates":[39.63612,-0.44595]}},{"type":"Feature","properties":{"event":"May 2024 (PlanetScope 05-May-2024)"},"geometry":{"type":"Point","coordinates":[39.63597,-0.44592]}},{"type":"Feature","properties":{"event":"May 2024 (PlanetScope 05-May-2024)"},"geometry":{"type":"Point","coordinates":[39.63499,-0.44631]}},{"type":"Feature","properties":{"event":"May 2024 (PlanetScope 05-May-2024)"},"geometry":{"type":"Point","coordinates":[39.63502,-0.44624]}},{"type":"Feature","properties":{"event":"May 2024 (PlanetScope 05-May-2024)"},"geometry":{"type":"Point","coordinates":[39.63505,-0.44601]}},{"type":"Feature","properties":{"event":"May 2024 (PlanetScope 05-May-2024)"},"geometry":{"type":"Point","coordinates":[39.63523,-0.44603]}},{"type":"Feature","properties":{"event":"May 2024 (PlanetScope 05-May-2024)"},"geometry":{"type":"Point","coordinates":[39.63509,-0.44605]}},{"type":"Feature","properties":{"event":"May 2024 (PlanetScope 05-May-2024)"},"geometry":{"type":"Point","coordinates":[39.63534,-0.44603]}},{"type":"Feature","properties":{"event":"May 2024 (PlanetScope 05-May-2024)"},"geometry":{"type":"Point","coordinates":[39.63542,-0.44593]}},{"type":"Feature","properties":{"event":"May 2024 (PlanetScope 05-May-2024)"},"geometry":{"type":"Point","coordinates":[39.63548,-0.44598]}},{"type":"Feature","properties":{"event":"May 2024 (PlanetScope 05-May-2024)"},"geometry":{"type":"Point","coordinates":[39.63546,-0.44586]}},{"type":"Feature","properties":{"event":"May 2024 (PlanetScope 05-May-2024)"},"geometry":{"type":"Point","coordinates":[39.63535,-0.44571]}},{"type":"Feature","properties":{"event":"May 2024 (PlanetScope 05-May-2024)"},"geometry":{"type":"Point","coordinates":[39.63527,-0.44594]}},{"type":"Feature","properties":{"event":"May 2024 (PlanetScope 05-May-2024)"},"geometry":{"type":"Point","coordinates":[39.63526,-0.44579]}},{"type":"Feature","properties":{"event":"May 2024 (PlanetScope 05-May-2024)"},"geometry":{"type":"Point","coordinates":[39.63555,-0.44628]}},{"type":"Feature","properties":{"event":"May 2024 (PlanetScope 05-May-2024)"},"geometry":{"type":"Point","coordinates":[39.63581,-0.44629]}},{"type":"Feature","properties":{"event":"May 2024 (PlanetScope 05-May-2024)"},"geometry":{"type":"Point","coordinates":[39.63569,-0.4461]}},{"type":"Feature","properties":{"event":"May 2024 (PlanetScope 05-May-2024)"},"geometry":{"type":"Point","coordinates":[39.63564,-0.44607]}},{"type":"Feature","properties":{"event":"May 2024 (PlanetScope 05-May-2024)"},"geometry":{"type":"Point","coordinates":[39.63563,-0.44601]}},{"type":"Feature","properties":{"event":"May 2024 (PlanetScope 05-May-2024)"},"geometry":{"type":"Point","coordinates":[39.63549,-0.44604]}},{"type":"Feature","properties":{"event":"May 2024 (PlanetScope 05-May-2024)"},"geometry":{"type":"Point","coordinates":[39.63495,-0.4464]}},{"type":"Feature","properties":{"event":"May 2024 (PlanetScope 05-May-2024)"},"geometry":{"type":"Point","coordinates":[39.63498,-0.44645]}},{"type":"Feature","properties":{"event":"May 2024 (PlanetScope 05-May-2024)"},"geometry":{"type":"Point","coordinates":[39.63483,-0.44631]}},{"type":"Feature","properties":{"event":"May 2024 (PlanetScope 05-May-2024)"},"geometry":{"type":"Point","coordinates":[39.63466,-0.44622]}},{"type":"Feature","properties":{"event":"May 2024 (PlanetScope 05-May-2024)"},"geometry":{"type":"Point","coordinates":[39.63493,-0.44651]}},{"type":"Feature","properties":{"event":"May 2024 (PlanetScope 05-May-2024)"},"geometry":{"type":"Point","coordinates":[39.63478,-0.44629]}},{"type":"Feature","properties":{"event":"May 2024 (PlanetScope 05-May-2024)"},"geometry":{"type":"Point","coordinates":[39.63504,-0.44653]}},{"type":"Feature","properties":{"event":"May 2024 (PlanetScope 05-May-2024)"},"geometry":{"type":"Point","coordinates":[39.63514,-0.44651]}},{"type":"Feature","properties":{"event":"May 2024 (PlanetScope 05-May-2024)"},"geometry":{"type":"Point","coordinates":[39.63518,-0.44643]}},{"type":"Feature","properties":{"event":"May 2024 (PlanetScope 05-May-2024)"},"geometry":{"type":"Point","coordinates":[39.63521,-0.44653]}},{"type":"Feature","properties":{"event":"May 2024 (PlanetScope 05-May-2024)"},"geometry":{"type":"Point","coordinates":[39.63536,-0.44653]}},{"type":"Feature","properties":{"event":"May 2024 (PlanetScope 05-May-2024)"},"geometry":{"type":"Point","coordinates":[39.63553,-0.44641]}},{"type":"Feature","properties":{"event":"May 2024 (PlanetScope 05-May-2024)"},"geometry":{"type":"Point","coordinates":[39.63543,-0.44634]}},{"type":"Feature","properties":{"event":"May 2024 (PlanetScope 05-May-2024)"},"geometry":{"type":"Point","coordinates":[39.63567,-0.4465]}},{"type":"Feature","properties":{"event":"May 2024 (PlanetScope 05-May-2024)"},"geometry":{"type":"Point","coordinates":[39.63568,-0.44641]}},{"type":"Feature","properties":{"event":"May 2024 (PlanetScope 05-May-2024)"},"geometry":{"type":"Point","coordinates":[39.63577,-0.4464]}},{"type":"Feature","properties":{"event":"May 2024 (PlanetScope 05-May-2024)"},"geometry":{"type":"Point","coordinates":[39.63601,-0.44654]}},{"type":"Feature","properties":{"event":"May 2024 (PlanetScope 05-May-2024)"},"geometry":{"type":"Point","coordinates":[39.63615,-0.44651]}},{"type":"Feature","properties":{"event":"May 2024 (PlanetScope 05-May-2024)"},"geometry":{"type":"Point","coordinates":[39.63633,-0.44646]}},{"type":"Feature","properties":{"event":"May 2024 (PlanetScope 05-May-2024)"},"geometry":{"type":"Point","coordinates":[39.63644,-0.44661]}},{"type":"Feature","properties":{"event":"May 2024 (PlanetScope 05-May-2024)"},"geometry":{"type":"Point","coordinates":[39.63669,-0.44927]}},{"type":"Feature","properties":{"event":"May 2024 (PlanetScope 05-May-2024)"},"geometry":{"type":"Point","coordinates":[39.6366,-0.44933]}},{"type":"Feature","properties":{"event":"May 2024 (PlanetScope 05-May-2024)"},"geometry":{"type":"Point","coordinates":[39.6366,-0.44927]}},{"type":"Feature","properties":{"event":"May 2024 (PlanetScope 05-May-2024)"},"geometry":{"type":"Point","coordinates":[39.63639,-0.44945]}},{"type":"Feature","properties":{"event":"May 2024 (PlanetScope 05-May-2024)"},"geometry":{"type":"Point","coordinates":[39.63659,-0.44909]}},{"type":"Feature","properties":{"event":"May 2024 (PlanetScope 05-May-2024)"},"geometry":{"type":"Point","coordinates":[39.63643,-0.44942]}},{"type":"Feature","properties":{"event":"May 2024 (PlanetScope 05-May-2024)"},"geometry":{"type":"Point","coordinates":[39.63596,-0.44944]}},{"type":"Feature","properties":{"event":"May 2024 (PlanetScope 05-May-2024)"},"geometry":{"type":"Point","coordinates":[39.63603,-0.44941]}},{"type":"Feature","properties":{"event":"May 2024 (PlanetScope 05-May-2024)"},"geometry":{"type":"Point","coordinates":[39.63604,-0.44936]}},{"type":"Feature","properties":{"event":"May 2024 (PlanetScope 05-May-2024)"},"geometry":{"type":"Point","coordinates":[39.6355,-0.44938]}},{"type":"Feature","properties":{"event":"May 2024 (PlanetScope 05-May-2024)"},"geometry":{"type":"Point","coordinates":[39.63502,-0.44882]}},{"type":"Feature","properties":{"event":"May 2024 (PlanetScope 05-May-2024)"},"geometry":{"type":"Point","coordinates":[39.63263,-0.49319]}},{"type":"Feature","properties":{"event":"May 2024 (PlanetScope 05-May-2024)"},"geometry":{"type":"Point","coordinates":[39.63598,-0.4436]}},{"type":"Feature","properties":{"event":"May 2024 (PlanetScope 05-May-2024)"},"geometry":{"type":"Point","coordinates":[39.63538,-0.44365]}},{"type":"Feature","properties":{"event":"May 2024 (PlanetScope 05-May-2024)"},"geometry":{"type":"Point","coordinates":[39.63565,-0.44349]}},{"type":"Feature","properties":{"event":"May 2024 (PlanetScope 05-May-2024)"},"geometry":{"type":"Point","coordinates":[39.63506,-0.44396]}},{"type":"Feature","properties":{"event":"May 2024 (PlanetScope 05-May-2024)"},"geometry":{"type":"Point","coordinates":[39.63556,-0.44394]}},{"type":"Feature","properties":{"event":"May 2024 (PlanetScope 05-May-2024)"},"geometry":{"type":"Point","coordinates":[39.63556,-0.44363]}},{"type":"Feature","properties":{"event":"May 2024 (PlanetScope 05-May-2024)"},"geometry":{"type":"Point","coordinates":[39.63549,-0.44333]}},{"type":"Feature","properties":{"event":"May 2024 (PlanetScope 05-May-2024)"},"geometry":{"type":"Point","coordinates":[39.63608,-0.44348]}},{"type":"Feature","properties":{"event":"May 2024 (PlanetScope 05-May-2024)"},"geometry":{"type":"Point","coordinates":[39.6351,-0.4435]}},{"type":"Feature","properties":{"event":"May 2024 (PlanetScope 05-May-2024)"},"geometry":{"type":"Point","coordinates":[39.63578,-0.44329]}},{"type":"Feature","properties":{"event":"May 2024 (PlanetScope 05-May-2024)"},"geometry":{"type":"Point","coordinates":[39.63507,-0.44366]}},{"type":"Feature","properties":{"event":"May 2024 (PlanetScope 05-May-2024)"},"geometry":{"type":"Point","coordinates":[39.63478,-0.44361]}},{"type":"Feature","properties":{"event":"May 2024 (PlanetScope 05-May-2024)"},"geometry":{"type":"Point","coordinates":[39.63632,-0.45746]}},{"type":"Feature","properties":{"event":"May 2024 (PlanetScope 05-May-2024)"},"geometry":{"type":"Point","coordinates":[39.63702,-0.45799]}},{"type":"Feature","properties":{"event":"May 2024 (PlanetScope 05-May-2024)"},"geometry":{"type":"Point","coordinates":[39.63673,-0.45775]}},{"type":"Feature","properties":{"event":"May 2024 (PlanetScope 05-May-2024)"},"geometry":{"type":"Point","coordinates":[39.63634,-0.45777]}},{"type":"Feature","properties":{"event":"May 2024 (PlanetScope 05-May-2024)"},"geometry":{"type":"Point","coordinates":[39.63619,-0.45783]}},{"type":"Feature","properties":{"event":"May 2024 (PlanetScope 05-May-2024)"},"geometry":{"type":"Point","coordinates":[39.63614,-0.45767]}},{"type":"Feature","properties":{"event":"May 2024 (PlanetScope 05-May-2024)"},"geometry":{"type":"Point","coordinates":[39.63626,-0.45761]}},{"type":"Feature","properties":{"event":"May 2024 (PlanetScope 05-May-2024)"},"geometry":{"type":"Point","coordinates":[39.63785,-0.46031]}},{"type":"Feature","properties":{"event":"May 2024 (PlanetScope 05-May-2024)"},"geometry":{"type":"Point","coordinates":[39.63756,-0.4602]}},{"type":"Feature","properties":{"event":"May 2024 (PlanetScope 05-May-2024)"},"geometry":{"type":"Point","coordinates":[39.63743,-0.46018]}},{"type":"Feature","properties":{"event":"May 2024 (PlanetScope 05-May-2024)"},"geometry":{"type":"Point","coordinates":[39.63776,-0.46022]}},{"type":"Feature","properties":{"event":"May 2024 (PlanetScope 05-May-2024)"},"geometry":{"type":"Point","coordinates":[39.63736,-0.46037]}},{"type":"Feature","properties":{"event":"May 2024 (PlanetScope 05-May-2024)"},"geometry":{"type":"Point","coordinates":[39.63628,-0.4595]}},{"type":"Feature","properties":{"event":"May 2024 (PlanetScope 05-May-2024)"},"geometry":{"type":"Point","coordinates":[39.63646,-0.45958]}},{"type":"Feature","properties":{"event":"May 2024 (PlanetScope 05-May-2024)"},"geometry":{"type":"Point","coordinates":[39.63626,-0.45965]}},{"type":"Feature","properties":{"event":"May 2024 (PlanetScope 05-May-2024)"},"geometry":{"type":"Point","coordinates":[39.63662,-0.45985]}},{"type":"Feature","properties":{"event":"May 2024 (PlanetScope 05-May-2024)"},"geometry":{"type":"Point","coordinates":[39.63665,-0.45993]}},{"type":"Feature","properties":{"event":"May 2024 (PlanetScope 05-May-2024)"},"geometry":{"type":"Point","coordinates":[39.63695,-0.44972]}},{"type":"Feature","properties":{"event":"May 2024 (PlanetScope 05-May-2024)"},"geometry":{"type":"Point","coordinates":[39.63633,-0.44975]}},{"type":"Feature","properties":{"event":"May 2024 (PlanetScope 05-May-2024)"},"geometry":{"type":"Point","coordinates":[39.63632,-0.44936]}},{"type":"Feature","properties":{"event":"May 2024 (PlanetScope 05-May-2024)"},"geometry":{"type":"Point","coordinates":[39.63597,-0.44981]}},{"type":"Feature","properties":{"event":"May 2024 (PlanetScope 05-May-2024)"},"geometry":{"type":"Point","coordinates":[39.63618,-0.44945]}},{"type":"Feature","properties":{"event":"May 2024 (PlanetScope 05-May-2024)"},"geometry":{"type":"Point","coordinates":[39.63575,-0.44928]}},{"type":"Feature","properties":{"event":"May 2024 (PlanetScope 05-May-2024)"},"geometry":{"type":"Point","coordinates":[39.63588,-0.44967]}},{"type":"Feature","properties":{"event":"May 2024 (PlanetScope 05-May-2024)"},"geometry":{"type":"Point","coordinates":[39.6362,-0.44964]}},{"type":"Feature","properties":{"event":"May 2024 (PlanetScope 05-May-2024)"},"geometry":{"type":"Point","coordinates":[39.63571,-0.44948]}},{"type":"Feature","properties":{"event":"May 2024 (PlanetScope 05-May-2024)"},"geometry":{"type":"Point","coordinates":[39.63525,-0.4491]}},{"type":"Feature","properties":{"event":"May 2024 (PlanetScope 05-May-2024)"},"geometry":{"type":"Point","coordinates":[39.63524,-0.44938]}},{"type":"Feature","properties":{"event":"May 2024 (PlanetScope 05-May-2024)"},"geometry":{"type":"Point","coordinates":[39.63559,-0.44952]}},{"type":"Feature","properties":{"event":"May 2024 (PlanetScope 05-May-2024)"},"geometry":{"type":"Point","coordinates":[39.63568,-0.44961]}},{"type":"Feature","properties":{"event":"May 2024 (PlanetScope 05-May-2024)"},"geometry":{"type":"Point","coordinates":[39.63534,-0.44925]}},{"type":"Feature","properties":{"event":"May 2024 (PlanetScope 05-May-2024)"},"geometry":{"type":"Point","coordinates":[39.63541,-0.44938]}},{"type":"Feature","properties":{"event":"May 2024 (PlanetScope 05-May-2024)"},"geometry":{"type":"Point","coordinates":[39.63589,-0.44942]}},{"type":"Feature","properties":{"event":"May 2024 (PlanetScope 05-May-2024)"},"geometry":{"type":"Point","coordinates":[39.6354,-0.45048]}},{"type":"Feature","properties":{"event":"May 2024 (PlanetScope 05-May-2024)"},"geometry":{"type":"Point","coordinates":[39.63573,-0.45061]}},{"type":"Feature","properties":{"event":"May 2024 (PlanetScope 05-May-2024)"},"geometry":{"type":"Point","coordinates":[39.63569,-0.45019]}},{"type":"Feature","properties":{"event":"May 2024 (PlanetScope 05-May-2024)"},"geometry":{"type":"Point","coordinates":[39.63662,-0.45054]}},{"type":"Feature","properties":{"event":"May 2024 (PlanetScope 05-May-2024)"},"geometry":{"type":"Point","coordinates":[39.63656,-0.45119]}},{"type":"Feature","properties":{"event":"May 2024 (PlanetScope 05-May-2024)"},"geometry":{"type":"Point","coordinates":[39.63597,-0.45086]}},{"type":"Feature","properties":{"event":"May 2024 (PlanetScope 05-May-2024)"},"geometry":{"type":"Point","coordinates":[39.63634,-0.45022]}},{"type":"Feature","properties":{"event":"May 2024 (PlanetScope 05-May-2024)"},"geometry":{"type":"Point","coordinates":[39.63635,-0.44837]}},{"type":"Feature","properties":{"event":"May 2024 (PlanetScope 05-May-2024)"},"geometry":{"type":"Point","coordinates":[39.63613,-0.44811]}},{"type":"Feature","properties":{"event":"May 2024 (PlanetScope 05-May-2024)"},"geometry":{"type":"Point","coordinates":[39.63583,-0.44809]}},{"type":"Feature","properties":{"event":"May 2024 (PlanetScope 05-May-2024)"},"geometry":{"type":"Point","coordinates":[39.62189,-0.48357]}},{"type":"Feature","properties":{"event":"May 2024 (PlanetScope 05-May-2024)"},"geometry":{"type":"Point","coordinates":[39.6368,-0.44932]}},{"type":"Feature","properties":{"event":"May 2024 (PlanetScope 05-May-2024)"},"geometry":{"type":"Point","coordinates":[39.63678,-0.44961]}},{"type":"Feature","properties":{"event":"May 2024 (PlanetScope 05-May-2024)"},"geometry":{"type":"Point","coordinates":[39.63674,-0.44949]}},{"type":"Feature","properties":{"event":"May 2024 (PlanetScope 05-May-2024)"},"geometry":{"type":"Point","coordinates":[39.63685,-0.44945]}},{"type":"Feature","properties":{"event":"May 2024 (PlanetScope 05-May-2024)"},"geometry":{"type":"Point","coordinates":[39.63696,-0.44935]}},{"type":"Feature","properties":{"event":"May 2024 (PlanetScope 05-May-2024)"},"geometry":{"type":"Point","coordinates":[39.63667,-0.44945]}},{"type":"Feature","properties":{"event":"May 2024 (PlanetScope 05-May-2024)"},"geometry":{"type":"Point","coordinates":[39.63673,-0.44934]}},{"type":"Feature","properties":{"event":"May 2024 (PlanetScope 05-May-2024)"},"geometry":{"type":"Point","coordinates":[39.63673,-0.4497]}},{"type":"Feature","properties":{"event":"May 2024 (PlanetScope 05-May-2024)"},"geometry":{"type":"Point","coordinates":[39.63673,-0.44975]}},{"type":"Feature","properties":{"event":"May 2024 (PlanetScope 05-May-2024)"},"geometry":{"type":"Point","coordinates":[39.63672,-0.44996]}},{"type":"Feature","properties":{"event":"May 2024 (PlanetScope 05-May-2024)"},"geometry":{"type":"Point","coordinates":[39.63695,-0.44999]}},{"type":"Feature","properties":{"event":"May 2024 (PlanetScope 05-May-2024)"},"geometry":{"type":"Point","coordinates":[39.6367,-0.45006]}},{"type":"Feature","properties":{"event":"May 2024 (PlanetScope 05-May-2024)"},"geometry":{"type":"Point","coordinates":[39.63686,-0.4501]}},{"type":"Feature","properties":{"event":"May 2024 (PlanetScope 05-May-2024)"},"geometry":{"type":"Point","coordinates":[39.63648,-0.45002]}},{"type":"Feature","properties":{"event":"May 2024 (PlanetScope 05-May-2024)"},"geometry":{"type":"Point","coordinates":[39.63661,-0.45005]}},{"type":"Feature","properties":{"event":"May 2024 (PlanetScope 05-May-2024)"},"geometry":{"type":"Point","coordinates":[39.63627,-0.44995]}},{"type":"Feature","properties":{"event":"May 2024 (PlanetScope 05-May-2024)"},"geometry":{"type":"Point","coordinates":[39.63637,-0.45003]}},{"type":"Feature","properties":{"event":"May 2024 (PlanetScope 05-May-2024)"},"geometry":{"type":"Point","coordinates":[39.63639,-0.4498]}},{"type":"Feature","properties":{"event":"May 2024 (PlanetScope 05-May-2024)"},"geometry":{"type":"Point","coordinates":[39.63659,-0.44995]}},{"type":"Feature","properties":{"event":"May 2024 (PlanetScope 05-May-2024)"},"geometry":{"type":"Point","coordinates":[39.63666,-0.44992]}},{"type":"Feature","properties":{"event":"May 2024 (PlanetScope 05-May-2024)"},"geometry":{"type":"Point","coordinates":[39.63631,-0.44947]}},{"type":"Feature","properties":{"event":"May 2024 (PlanetScope 05-May-2024)"},"geometry":{"type":"Point","coordinates":[39.63552,-0.44955]}},{"type":"Feature","properties":{"event":"May 2024 (PlanetScope 05-May-2024)"},"geometry":{"type":"Point","coordinates":[39.63515,-0.44909]}},{"type":"Feature","properties":{"event":"May 2024 (PlanetScope 05-May-2024)"},"geometry":{"type":"Point","coordinates":[39.63519,-0.44944]}},{"type":"Feature","properties":{"event":"May 2024 (PlanetScope 05-May-2024)"},"geometry":{"type":"Point","coordinates":[39.63552,-0.4496]}},{"type":"Feature","properties":{"event":"May 2024 (PlanetScope 05-May-2024)"},"geometry":{"type":"Point","coordinates":[39.63561,-0.44916]}},{"type":"Feature","properties":{"event":"May 2024 (PlanetScope 05-May-2024)"},"geometry":{"type":"Point","coordinates":[39.63558,-0.44924]}},{"type":"Feature","properties":{"event":"May 2024 (PlanetScope 05-May-2024)"},"geometry":{"type":"Point","coordinates":[39.63563,-0.44946]}},{"type":"Feature","properties":{"event":"May 2024 (PlanetScope 05-May-2024)"},"geometry":{"type":"Point","coordinates":[39.6352,-0.44924]}},{"type":"Feature","properties":{"event":"May 2024 (PlanetScope 05-May-2024)"},"geometry":{"type":"Point","coordinates":[39.63495,-0.44887]}},{"type":"Feature","properties":{"event":"May 2024 (PlanetScope 05-May-2024)"},"geometry":{"type":"Point","coordinates":[39.63517,-0.44915]}},{"type":"Feature","properties":{"event":"May 2024 (PlanetScope 05-May-2024)"},"geometry":{"type":"Point","coordinates":[39.63479,-0.44908]}},{"type":"Feature","properties":{"event":"May 2024 (PlanetScope 05-May-2024)"},"geometry":{"type":"Point","coordinates":[39.63452,-0.44959]}},{"type":"Feature","properties":{"event":"May 2024 (PlanetScope 05-May-2024)"},"geometry":{"type":"Point","coordinates":[39.63483,-0.44956]}},{"type":"Feature","properties":{"event":"May 2024 (PlanetScope 05-May-2024)"},"geometry":{"type":"Point","coordinates":[39.63474,-0.44959]}},{"type":"Feature","properties":{"event":"May 2024 (PlanetScope 05-May-2024)"},"geometry":{"type":"Point","coordinates":[39.63473,-0.44916]}},{"type":"Feature","properties":{"event":"May 2024 (PlanetScope 05-May-2024)"},"geometry":{"type":"Point","coordinates":[39.63502,-0.44924]}},{"type":"Feature","properties":{"event":"May 2024 (PlanetScope 05-May-2024)"},"geometry":{"type":"Point","coordinates":[39.63524,-0.44954]}},{"type":"Feature","properties":{"event":"May 2024 (PlanetScope 05-May-2024)"},"geometry":{"type":"Point","coordinates":[39.6354,-0.44947]}},{"type":"Feature","properties":{"event":"May 2024 (PlanetScope 05-May-2024)"},"geometry":{"type":"Point","coordinates":[39.63554,-0.44946]}},{"type":"Feature","properties":{"event":"May 2024 (PlanetScope 05-May-2024)"},"geometry":{"type":"Point","coordinates":[39.63518,-0.44956]}},{"type":"Feature","properties":{"event":"May 2024 (PlanetScope 05-May-2024)"},"geometry":{"type":"Point","coordinates":[39.63521,-0.44971]}},{"type":"Feature","properties":{"event":"May 2024 (PlanetScope 05-May-2024)"},"geometry":{"type":"Point","coordinates":[39.63495,-0.44995]}},{"type":"Feature","properties":{"event":"May 2024 (PlanetScope 05-May-2024)"},"geometry":{"type":"Point","coordinates":[39.63524,-0.45]}},{"type":"Feature","properties":{"event":"May 2024 (PlanetScope 05-May-2024)"},"geometry":{"type":"Point","coordinates":[39.63508,-0.44999]}},{"type":"Feature","properties":{"event":"May 2024 (PlanetScope 05-May-2024)"},"geometry":{"type":"Point","coordinates":[39.63496,-0.45008]}},{"type":"Feature","properties":{"event":"May 2024 (PlanetScope 05-May-2024)"},"geometry":{"type":"Point","coordinates":[39.63515,-0.45001]}},{"type":"Feature","properties":{"event":"May 2024 (PlanetScope 05-May-2024)"},"geometry":{"type":"Point","coordinates":[39.63547,-0.45005]}},{"type":"Feature","properties":{"event":"May 2024 (PlanetScope 05-May-2024)"},"geometry":{"type":"Point","coordinates":[39.63542,-0.45027]}},{"type":"Feature","properties":{"event":"May 2024 (PlanetScope 05-May-2024)"},"geometry":{"type":"Point","coordinates":[39.63609,-0.4502]}},{"type":"Feature","properties":{"event":"May 2024 (PlanetScope 05-May-2024)"},"geometry":{"type":"Point","coordinates":[39.63629,-0.45015]}},{"type":"Feature","properties":{"event":"May 2024 (PlanetScope 05-May-2024)"},"geometry":{"type":"Point","coordinates":[39.63621,-0.45023]}},{"type":"Feature","properties":{"event":"May 2024 (PlanetScope 05-May-2024)"},"geometry":{"type":"Point","coordinates":[39.63611,-0.45035]}},{"type":"Feature","properties":{"event":"May 2024 (PlanetScope 05-May-2024)"},"geometry":{"type":"Point","coordinates":[39.6356,-0.45002]}},{"type":"Feature","properties":{"event":"May 2024 (PlanetScope 05-May-2024)"},"geometry":{"type":"Point","coordinates":[39.63516,-0.4498]}},{"type":"Feature","properties":{"event":"May 2024 (PlanetScope 05-May-2024)"},"geometry":{"type":"Point","coordinates":[39.63543,-0.44982]}},{"type":"Feature","properties":{"event":"May 2024 (PlanetScope 05-May-2024)"},"geometry":{"type":"Point","coordinates":[39.6353,-0.44976]}},{"type":"Feature","properties":{"event":"May 2024 (PlanetScope 05-May-2024)"},"geometry":{"type":"Point","coordinates":[39.63571,-0.45001]}},{"type":"Feature","properties":{"event":"May 2024 (PlanetScope 05-May-2024)"},"geometry":{"type":"Point","coordinates":[39.63602,-0.45007]}},{"type":"Feature","properties":{"event":"May 2024 (PlanetScope 05-May-2024)"},"geometry":{"type":"Point","coordinates":[39.63543,-0.45012]}},{"type":"Feature","properties":{"event":"May 2024 (PlanetScope 05-May-2024)"},"geometry":{"type":"Point","coordinates":[39.63545,-0.45039]}},{"type":"Feature","properties":{"event":"May 2024 (PlanetScope 05-May-2024)"},"geometry":{"type":"Point","coordinates":[39.63528,-0.45035]}},{"type":"Feature","properties":{"event":"May 2024 (PlanetScope 05-May-2024)"},"geometry":{"type":"Point","coordinates":[39.63558,-0.45022]}},{"type":"Feature","properties":{"event":"May 2024 (PlanetScope 05-May-2024)"},"geometry":{"type":"Point","coordinates":[39.63581,-0.45031]}},{"type":"Feature","properties":{"event":"May 2024 (PlanetScope 05-May-2024)"},"geometry":{"type":"Point","coordinates":[39.63559,-0.45034]}},{"type":"Feature","properties":{"event":"May 2024 (PlanetScope 05-May-2024)"},"geometry":{"type":"Point","coordinates":[39.6359,-0.45036]}},{"type":"Feature","properties":{"event":"May 2024 (PlanetScope 05-May-2024)"},"geometry":{"type":"Point","coordinates":[39.636,-0.45037]}},{"type":"Feature","properties":{"event":"May 2024 (PlanetScope 05-May-2024)"},"geometry":{"type":"Point","coordinates":[39.63593,-0.45027]}},{"type":"Feature","properties":{"event":"May 2024 (PlanetScope 05-May-2024)"},"geometry":{"type":"Point","coordinates":[39.63632,-0.45039]}},{"type":"Feature","properties":{"event":"May 2024 (PlanetScope 05-May-2024)"},"geometry":{"type":"Point","coordinates":[39.63623,-0.45033]}},{"type":"Feature","properties":{"event":"May 2024 (PlanetScope 05-May-2024)"},"geometry":{"type":"Point","coordinates":[39.63649,-0.45029]}},{"type":"Feature","properties":{"event":"May 2024 (PlanetScope 05-May-2024)"},"geometry":{"type":"Point","coordinates":[39.63651,-0.4504]}},{"type":"Feature","properties":{"event":"May 2024 (PlanetScope 05-May-2024)"},"geometry":{"type":"Point","coordinates":[39.63664,-0.45033]}},{"type":"Feature","properties":{"event":"May 2024 (PlanetScope 05-May-2024)"},"geometry":{"type":"Point","coordinates":[39.63678,-0.45038]}},{"type":"Feature","properties":{"event":"May 2024 (PlanetScope 05-May-2024)"},"geometry":{"type":"Point","coordinates":[39.63688,-0.45029]}},{"type":"Feature","properties":{"event":"May 2024 (PlanetScope 05-May-2024)"},"geometry":{"type":"Point","coordinates":[39.63563,-0.44678]}},{"type":"Feature","properties":{"event":"May 2024 (PlanetScope 05-May-2024)"},"geometry":{"type":"Point","coordinates":[39.63553,-0.44673]}},{"type":"Feature","properties":{"event":"May 2024 (PlanetScope 05-May-2024)"},"geometry":{"type":"Point","coordinates":[39.6357,-0.44655]}},{"type":"Feature","properties":{"event":"May 2024 (PlanetScope 05-May-2024)"},"geometry":{"type":"Point","coordinates":[39.63579,-0.44686]}},{"type":"Feature","properties":{"event":"May 2024 (PlanetScope 05-May-2024)"},"geometry":{"type":"Point","coordinates":[39.63589,-0.4468]}},{"type":"Feature","properties":{"event":"May 2024 (PlanetScope 05-May-2024)"},"geometry":{"type":"Point","coordinates":[39.63573,-0.44672]}},{"type":"Feature","properties":{"event":"May 2024 (PlanetScope 05-May-2024)"},"geometry":{"type":"Point","coordinates":[39.63607,-0.44689]}},{"type":"Feature","properties":{"event":"May 2024 (PlanetScope 05-May-2024)"},"geometry":{"type":"Point","coordinates":[39.63601,-0.44687]}},{"type":"Feature","properties":{"event":"May 2024 (PlanetScope 05-May-2024)"},"geometry":{"type":"Point","coordinates":[39.63618,-0.44676]}},{"type":"Feature","properties":{"event":"May 2024 (PlanetScope 05-May-2024)"},"geometry":{"type":"Point","coordinates":[39.63552,-0.44689]}},{"type":"Feature","properties":{"event":"May 2024 (PlanetScope 05-May-2024)"},"geometry":{"type":"Point","coordinates":[39.63581,-0.44704]}},{"type":"Feature","properties":{"event":"May 2024 (PlanetScope 05-May-2024)"},"geometry":{"type":"Point","coordinates":[39.63601,-0.44697]}},{"type":"Feature","properties":{"event":"May 2024 (PlanetScope 05-May-2024)"},"geometry":{"type":"Point","coordinates":[39.63589,-0.44704]}},{"type":"Feature","properties":{"event":"May 2024 (PlanetScope 05-May-2024)"},"geometry":{"type":"Point","coordinates":[39.63606,-0.44713]}},{"type":"Feature","properties":{"event":"May 2024 (PlanetScope 05-May-2024)"},"geometry":{"type":"Point","coordinates":[39.63606,-0.44706]}},{"type":"Feature","properties":{"event":"May 2024 (PlanetScope 05-May-2024)"},"geometry":{"type":"Point","coordinates":[39.6358,-0.44696]}},{"type":"Feature","properties":{"event":"May 2024 (PlanetScope 05-May-2024)"},"geometry":{"type":"Point","coordinates":[39.63589,-0.44719]}},{"type":"Feature","properties":{"event":"May 2024 (PlanetScope 05-May-2024)"},"geometry":{"type":"Point","coordinates":[39.63596,-0.44713]}},{"type":"Feature","properties":{"event":"May 2024 (PlanetScope 05-May-2024)"},"geometry":{"type":"Point","coordinates":[39.63597,-0.44708]}},{"type":"Feature","properties":{"event":"May 2024 (PlanetScope 05-May-2024)"},"geometry":{"type":"Point","coordinates":[39.6359,-0.44711]}},{"type":"Feature","properties":{"event":"May 2024 (PlanetScope 05-May-2024)"},"geometry":{"type":"Point","coordinates":[39.63579,-0.44713]}},{"type":"Feature","properties":{"event":"May 2024 (PlanetScope 05-May-2024)"},"geometry":{"type":"Point","coordinates":[39.63556,-0.44701]}},{"type":"Feature","properties":{"event":"May 2024 (PlanetScope 05-May-2024)"},"geometry":{"type":"Point","coordinates":[39.63522,-0.44677]}},{"type":"Feature","properties":{"event":"May 2024 (PlanetScope 05-May-2024)"},"geometry":{"type":"Point","coordinates":[39.63609,-0.44724]}},{"type":"Feature","properties":{"event":"May 2024 (PlanetScope 05-May-2024)"},"geometry":{"type":"Point","coordinates":[39.63611,-0.4473]}},{"type":"Feature","properties":{"event":"May 2024 (PlanetScope 05-May-2024)"},"geometry":{"type":"Point","coordinates":[39.63593,-0.4473]}},{"type":"Feature","properties":{"event":"May 2024 (PlanetScope 05-May-2024)"},"geometry":{"type":"Point","coordinates":[39.63581,-0.44753]}},{"type":"Feature","properties":{"event":"May 2024 (PlanetScope 05-May-2024)"},"geometry":{"type":"Point","coordinates":[39.63624,-0.44727]}},{"type":"Feature","properties":{"event":"May 2024 (PlanetScope 05-May-2024)"},"geometry":{"type":"Point","coordinates":[39.63541,-0.44744]}},{"type":"Feature","properties":{"event":"May 2024 (PlanetScope 05-May-2024)"},"geometry":{"type":"Point","coordinates":[39.63542,-0.44752]}},{"type":"Feature","properties":{"event":"May 2024 (PlanetScope 05-May-2024)"},"geometry":{"type":"Point","coordinates":[39.63531,-0.44752]}},{"type":"Feature","properties":{"event":"May 2024 (PlanetScope 05-May-2024)"},"geometry":{"type":"Point","coordinates":[39.63602,-0.44775]}},{"type":"Feature","properties":{"event":"May 2024 (PlanetScope 05-May-2024)"},"geometry":{"type":"Point","coordinates":[39.63615,-0.44785]}},{"type":"Feature","properties":{"event":"May 2024 (PlanetScope 05-May-2024)"},"geometry":{"type":"Point","coordinates":[39.63553,-0.44718]}},{"type":"Feature","properties":{"event":"May 2024 (PlanetScope 05-May-2024)"},"geometry":{"type":"Point","coordinates":[39.63562,-0.44703]}},{"type":"Feature","properties":{"event":"May 2024 (PlanetScope 05-May-2024)"},"geometry":{"type":"Point","coordinates":[39.63619,-0.44668]}},{"type":"Feature","properties":{"event":"May 2024 (PlanetScope 05-May-2024)"},"geometry":{"type":"Point","coordinates":[39.63613,-0.44668]}},{"type":"Feature","properties":{"event":"May 2024 (PlanetScope 05-May-2024)"},"geometry":{"type":"Point","coordinates":[39.63532,-0.44698]}},{"type":"Feature","properties":{"event":"May 2024 (PlanetScope 05-May-2024)"},"geometry":{"type":"Point","coordinates":[39.63544,-0.44703]}},{"type":"Feature","properties":{"event":"May 2024 (PlanetScope 05-May-2024)"},"geometry":{"type":"Point","coordinates":[39.63542,-0.44716]}},{"type":"Feature","properties":{"event":"May 2024 (PlanetScope 05-May-2024)"},"geometry":{"type":"Point","coordinates":[39.63553,-0.44707]}},{"type":"Feature","properties":{"event":"May 2024 (PlanetScope 05-May-2024)"},"geometry":{"type":"Point","coordinates":[39.63508,-0.44703]}},{"type":"Feature","properties":{"event":"May 2024 (PlanetScope 05-May-2024)"},"geometry":{"type":"Point","coordinates":[39.63484,-0.44685]}},{"type":"Feature","properties":{"event":"May 2024 (PlanetScope 05-May-2024)"},"geometry":{"type":"Point","coordinates":[39.63568,-0.44749]}},{"type":"Feature","properties":{"event":"May 2024 (PlanetScope 05-May-2024)"},"geometry":{"type":"Point","coordinates":[39.63595,-0.44723]}},{"type":"Feature","properties":{"event":"May 2024 (PlanetScope 05-May-2024)"},"geometry":{"type":"Point","coordinates":[39.63578,-0.44724]}},{"type":"Feature","properties":{"event":"May 2024 (PlanetScope 05-May-2024)"},"geometry":{"type":"Point","coordinates":[39.63619,-0.44735]}},{"type":"Feature","properties":{"event":"May 2024 (PlanetScope 05-May-2024)"},"geometry":{"type":"Point","coordinates":[39.63623,-0.44747]}},{"type":"Feature","properties":{"event":"May 2024 (PlanetScope 05-May-2024)"},"geometry":{"type":"Point","coordinates":[39.636,-0.44738]}},{"type":"Feature","properties":{"event":"May 2024 (PlanetScope 05-May-2024)"},"geometry":{"type":"Point","coordinates":[39.6361,-0.44736]}},{"type":"Feature","properties":{"event":"May 2024 (PlanetScope 05-May-2024)"},"geometry":{"type":"Point","coordinates":[39.636,-0.44732]}},{"type":"Feature","properties":{"event":"May 2024 (PlanetScope 05-May-2024)"},"geometry":{"type":"Point","coordinates":[39.6359,-0.44747]}},{"type":"Feature","properties":{"event":"May 2024 (PlanetScope 05-May-2024)"},"geometry":{"type":"Point","coordinates":[39.63556,-0.44729]}},{"type":"Feature","properties":{"event":"May 2024 (PlanetScope 05-May-2024)"},"geometry":{"type":"Point","coordinates":[39.63545,-0.44724]}},{"type":"Feature","properties":{"event":"May 2024 (PlanetScope 05-May-2024)"},"geometry":{"type":"Point","coordinates":[39.63536,-0.44713]}},{"type":"Feature","properties":{"event":"May 2024 (PlanetScope 05-May-2024)"},"geometry":{"type":"Point","coordinates":[39.63558,-0.44713]}},{"type":"Feature","properties":{"event":"May 2024 (PlanetScope 05-May-2024)"},"geometry":{"type":"Point","coordinates":[39.63531,-0.44691]}},{"type":"Feature","properties":{"event":"May 2024 (PlanetScope 05-May-2024)"},"geometry":{"type":"Point","coordinates":[39.63517,-0.44675]}},{"type":"Feature","properties":{"event":"May 2024 (PlanetScope 05-May-2024)"},"geometry":{"type":"Point","coordinates":[39.63585,-0.44762]}},{"type":"Feature","properties":{"event":"May 2024 (PlanetScope 05-May-2024)"},"geometry":{"type":"Point","coordinates":[39.63572,-0.44757]}},{"type":"Feature","properties":{"event":"May 2024 (PlanetScope 05-May-2024)"},"geometry":{"type":"Point","coordinates":[39.63589,-0.44774]}},{"type":"Feature","properties":{"event":"May 2024 (PlanetScope 05-May-2024)"},"geometry":{"type":"Point","coordinates":[39.63598,-0.44781]}},{"type":"Feature","properties":{"event":"May 2024 (PlanetScope 05-May-2024)"},"geometry":{"type":"Point","coordinates":[39.63608,-0.44779]}},{"type":"Feature","properties":{"event":"May 2024 (PlanetScope 05-May-2024)"},"geometry":{"type":"Point","coordinates":[39.63617,-0.44775]}},{"type":"Feature","properties":{"event":"May 2024 (PlanetScope 05-May-2024)"},"geometry":{"type":"Point","coordinates":[39.63642,-0.44811]}},{"type":"Feature","properties":{"event":"May 2024 (PlanetScope 05-May-2024)"},"geometry":{"type":"Point","coordinates":[39.63605,-0.44798]}},{"type":"Feature","properties":{"event":"May 2024 (PlanetScope 05-May-2024)"},"geometry":{"type":"Point","coordinates":[39.63615,-0.44749]}},{"type":"Feature","properties":{"event":"May 2024 (PlanetScope 05-May-2024)"},"geometry":{"type":"Point","coordinates":[39.63636,-0.44821]}},{"type":"Feature","properties":{"event":"May 2024 (PlanetScope 05-May-2024)"},"geometry":{"type":"Point","coordinates":[39.63661,-0.44851]}},{"type":"Feature","properties":{"event":"May 2024 (PlanetScope 05-May-2024)"},"geometry":{"type":"Point","coordinates":[39.63639,-0.44846]}},{"type":"Feature","properties":{"event":"May 2024 (PlanetScope 05-May-2024)"},"geometry":{"type":"Point","coordinates":[39.63619,-0.44838]}},{"type":"Feature","properties":{"event":"May 2024 (PlanetScope 05-May-2024)"},"geometry":{"type":"Point","coordinates":[39.636,-0.44825]}},{"type":"Feature","properties":{"event":"May 2024 (PlanetScope 05-May-2024)"},"geometry":{"type":"Point","coordinates":[39.63609,-0.44824]}},{"type":"Feature","properties":{"event":"May 2024 (PlanetScope 05-May-2024)"},"geometry":{"type":"Point","coordinates":[39.63618,-0.4482]}},{"type":"Feature","properties":{"event":"May 2024 (PlanetScope 05-May-2024)"},"geometry":{"type":"Point","coordinates":[39.63625,-0.44835]}},{"type":"Feature","properties":{"event":"May 2024 (PlanetScope 05-May-2024)"},"geometry":{"type":"Point","coordinates":[39.63605,-0.4482]}},{"type":"Feature","properties":{"event":"May 2024 (PlanetScope 05-May-2024)"},"geometry":{"type":"Point","coordinates":[39.63598,-0.44819]}},{"type":"Feature","properties":{"event":"May 2024 (PlanetScope 05-May-2024)"},"geometry":{"type":"Point","coordinates":[39.63587,-0.44833]}},{"type":"Feature","properties":{"event":"May 2024 (PlanetScope 05-May-2024)"},"geometry":{"type":"Point","coordinates":[39.63556,-0.44845]}},{"type":"Feature","properties":{"event":"May 2024 (PlanetScope 05-May-2024)"},"geometry":{"type":"Point","coordinates":[39.63589,-0.44849]}},{"type":"Feature","properties":{"event":"May 2024 (PlanetScope 05-May-2024)"},"geometry":{"type":"Point","coordinates":[39.63573,-0.44844]}},{"type":"Feature","properties":{"event":"May 2024 (PlanetScope 05-May-2024)"},"geometry":{"type":"Point","coordinates":[39.6361,-0.44855]}},{"type":"Feature","properties":{"event":"May 2024 (PlanetScope 05-May-2024)"},"geometry":{"type":"Point","coordinates":[39.63582,-0.44861]}},{"type":"Feature","properties":{"event":"May 2024 (PlanetScope 05-May-2024)"},"geometry":{"type":"Point","coordinates":[39.63608,-0.44865]}},{"type":"Feature","properties":{"event":"May 2024 (PlanetScope 05-May-2024)"},"geometry":{"type":"Point","coordinates":[39.6356,-0.44838]}},{"type":"Feature","properties":{"event":"May 2024 (PlanetScope 05-May-2024)"},"geometry":{"type":"Point","coordinates":[39.63563,-0.44809]}},{"type":"Feature","properties":{"event":"May 2024 (PlanetScope 05-May-2024)"},"geometry":{"type":"Point","coordinates":[39.63588,-0.44797]}},{"type":"Feature","properties":{"event":"May 2024 (PlanetScope 05-May-2024)"},"geometry":{"type":"Point","coordinates":[39.63568,-0.44805]}},{"type":"Feature","properties":{"event":"May 2024 (PlanetScope 05-May-2024)"},"geometry":{"type":"Point","coordinates":[39.63573,-0.44797]}},{"type":"Feature","properties":{"event":"May 2024 (PlanetScope 05-May-2024)"},"geometry":{"type":"Point","coordinates":[39.63545,-0.44835]}},{"type":"Feature","properties":{"event":"May 2024 (PlanetScope 05-May-2024)"},"geometry":{"type":"Point","coordinates":[39.63528,-0.44814]}},{"type":"Feature","properties":{"event":"May 2024 (PlanetScope 05-May-2024)"},"geometry":{"type":"Point","coordinates":[39.63565,-0.44787]}},{"type":"Feature","properties":{"event":"May 2024 (PlanetScope 05-May-2024)"},"geometry":{"type":"Point","coordinates":[39.63549,-0.44782]}},{"type":"Feature","properties":{"event":"May 2024 (PlanetScope 05-May-2024)"},"geometry":{"type":"Point","coordinates":[39.6357,-0.44775]}},{"type":"Feature","properties":{"event":"May 2024 (PlanetScope 05-May-2024)"},"geometry":{"type":"Point","coordinates":[39.63547,-0.44774]}},{"type":"Feature","properties":{"event":"May 2024 (PlanetScope 05-May-2024)"},"geometry":{"type":"Point","coordinates":[39.63563,-0.44763]}},{"type":"Feature","properties":{"event":"May 2024 (PlanetScope 05-May-2024)"},"geometry":{"type":"Point","coordinates":[39.63556,-0.44765]}},{"type":"Feature","properties":{"event":"May 2024 (PlanetScope 05-May-2024)"},"geometry":{"type":"Point","coordinates":[39.63555,-0.44795]}},{"type":"Feature","properties":{"event":"May 2024 (PlanetScope 05-May-2024)"},"geometry":{"type":"Point","coordinates":[39.63563,-0.44802]}},{"type":"Feature","properties":{"event":"May 2024 (PlanetScope 05-May-2024)"},"geometry":{"type":"Point","coordinates":[39.63538,-0.44776]}},{"type":"Feature","properties":{"event":"May 2024 (PlanetScope 05-May-2024)"},"geometry":{"type":"Point","coordinates":[39.6356,-0.44759]}},{"type":"Feature","properties":{"event":"May 2024 (PlanetScope 05-May-2024)"},"geometry":{"type":"Point","coordinates":[39.63488,-0.44775]}},{"type":"Feature","properties":{"event":"May 2024 (PlanetScope 05-May-2024)"},"geometry":{"type":"Point","coordinates":[39.63517,-0.44762]}},{"type":"Feature","properties":{"event":"May 2024 (PlanetScope 05-May-2024)"},"geometry":{"type":"Point","coordinates":[39.63482,-0.44773]}},{"type":"Feature","properties":{"event":"May 2024 (PlanetScope 05-May-2024)"},"geometry":{"type":"Point","coordinates":[39.63479,-0.44767]}},{"type":"Feature","properties":{"event":"May 2024 (PlanetScope 05-May-2024)"},"geometry":{"type":"Point","coordinates":[39.63522,-0.44792]}},{"type":"Feature","properties":{"event":"May 2024 (PlanetScope 05-May-2024)"},"geometry":{"type":"Point","coordinates":[39.63509,-0.44718]}},{"type":"Feature","properties":{"event":"May 2024 (PlanetScope 05-May-2024)"},"geometry":{"type":"Point","coordinates":[39.63488,-0.44718]}},{"type":"Feature","properties":{"event":"May 2024 (PlanetScope 05-May-2024)"},"geometry":{"type":"Point","coordinates":[39.63532,-0.44737]}},{"type":"Feature","properties":{"event":"May 2024 (PlanetScope 05-May-2024)"},"geometry":{"type":"Point","coordinates":[39.63505,-0.44737]}},{"type":"Feature","properties":{"event":"May 2024 (PlanetScope 05-May-2024)"},"geometry":{"type":"Point","coordinates":[39.63492,-0.44748]}},{"type":"Feature","properties":{"event":"May 2024 (PlanetScope 05-May-2024)"},"geometry":{"type":"Point","coordinates":[39.63512,-0.44769]}},{"type":"Feature","properties":{"event":"May 2024 (PlanetScope 05-May-2024)"},"geometry":{"type":"Point","coordinates":[39.63508,-0.44779]}},{"type":"Feature","properties":{"event":"May 2024 (PlanetScope 05-May-2024)"},"geometry":{"type":"Point","coordinates":[39.63517,-0.44755]}},{"type":"Feature","properties":{"event":"May 2024 (PlanetScope 05-May-2024)"},"geometry":{"type":"Point","coordinates":[39.63525,-0.44766]}},{"type":"Feature","properties":{"event":"May 2024 (PlanetScope 05-May-2024)"},"geometry":{"type":"Point","coordinates":[39.63532,-0.44759]}},{"type":"Feature","properties":{"event":"May 2024 (PlanetScope 05-May-2024)"},"geometry":{"type":"Point","coordinates":[39.63604,-0.44325]}},{"type":"Feature","properties":{"event":"May 2024 (PlanetScope 05-May-2024)"},"geometry":{"type":"Point","coordinates":[39.63603,-0.44335]}},{"type":"Feature","properties":{"event":"May 2024 (PlanetScope 05-May-2024)"},"geometry":{"type":"Point","coordinates":[39.63543,-0.44396]}},{"type":"Feature","properties":{"event":"May 2024 (PlanetScope 05-May-2024)"},"geometry":{"type":"Point","coordinates":[39.63584,-0.44322]}},{"type":"Feature","properties":{"event":"May 2024 (PlanetScope 05-May-2024)"},"geometry":{"type":"Point","coordinates":[39.63573,-0.44277]}},{"type":"Feature","properties":{"event":"May 2024 (PlanetScope 05-May-2024)"},"geometry":{"type":"Point","coordinates":[39.63527,-0.44091]}},{"type":"Feature","properties":{"event":"May 2024 (PlanetScope 05-May-2024)"},"geometry":{"type":"Point","coordinates":[39.63546,-0.44093]}},{"type":"Feature","properties":{"event":"May 2024 (PlanetScope 05-May-2024)"},"geometry":{"type":"Point","coordinates":[39.63529,-0.44101]}},{"type":"Feature","properties":{"event":"May 2024 (PlanetScope 05-May-2024)"},"geometry":{"type":"Point","coordinates":[39.63543,-0.44099]}},{"type":"Feature","properties":{"event":"May 2024 (PlanetScope 05-May-2024)"},"geometry":{"type":"Point","coordinates":[39.63551,-0.44117]}},{"type":"Feature","properties":{"event":"May 2024 (PlanetScope 05-May-2024)"},"geometry":{"type":"Point","coordinates":[39.63525,-0.44118]}},{"type":"Feature","properties":{"event":"May 2024 (PlanetScope 05-May-2024)"},"geometry":{"type":"Point","coordinates":[39.63551,-0.44123]}},{"type":"Feature","properties":{"event":"May 2024 (PlanetScope 05-May-2024)"},"geometry":{"type":"Point","coordinates":[39.63566,-0.44164]}},{"type":"Feature","properties":{"event":"May 2024 (PlanetScope 05-May-2024)"},"geometry":{"type":"Point","coordinates":[39.63497,-0.44198]}},{"type":"Feature","properties":{"event":"May 2024 (PlanetScope 05-May-2024)"},"geometry":{"type":"Point","coordinates":[39.63524,-0.44229]}},{"type":"Feature","properties":{"event":"May 2024 (PlanetScope 05-May-2024)"},"geometry":{"type":"Point","coordinates":[39.63458,-0.44343]}},{"type":"Feature","properties":{"event":"May 2024 (PlanetScope 05-May-2024)"},"geometry":{"type":"Point","coordinates":[39.63451,-0.44363]}},{"type":"Feature","properties":{"event":"May 2024 (PlanetScope 05-May-2024)"},"geometry":{"type":"Point","coordinates":[39.63445,-0.44385]}},{"type":"Feature","properties":{"event":"May 2024 (PlanetScope 05-May-2024)"},"geometry":{"type":"Point","coordinates":[39.63459,-0.44432]}},{"type":"Feature","properties":{"event":"May 2024 (PlanetScope 05-May-2024)"},"geometry":{"type":"Point","coordinates":[39.63498,-0.44441]}},{"type":"Feature","properties":{"event":"May 2024 (PlanetScope 05-May-2024)"},"geometry":{"type":"Point","coordinates":[39.63537,-0.44464]}},{"type":"Feature","properties":{"event":"May 2024 (PlanetScope 05-May-2024)"},"geometry":{"type":"Point","coordinates":[39.63553,-0.44453]}},{"type":"Feature","properties":{"event":"May 2024 (PlanetScope 05-May-2024)"},"geometry":{"type":"Point","coordinates":[39.63517,-0.44461]}},{"type":"Feature","properties":{"event":"May 2024 (PlanetScope 05-May-2024)"},"geometry":{"type":"Point","coordinates":[39.63545,-0.44471]}},{"type":"Feature","properties":{"event":"May 2024 (PlanetScope 05-May-2024)"},"geometry":{"type":"Point","coordinates":[39.63537,-0.44486]}},{"type":"Feature","properties":{"event":"May 2024 (PlanetScope 05-May-2024)"},"geometry":{"type":"Point","coordinates":[39.63529,-0.44488]}},{"type":"Feature","properties":{"event":"May 2024 (PlanetScope 05-May-2024)"},"geometry":{"type":"Point","coordinates":[39.67874,-0.51045]}},{"type":"Feature","properties":{"event":"May 2024 (PlanetScope 05-May-2024)"},"geometry":{"type":"Point","coordinates":[39.67877,-0.51068]}},{"type":"Feature","properties":{"event":"May 2024 (PlanetScope 05-May-2024)"},"geometry":{"type":"Point","coordinates":[39.67932,-0.51094]}},{"type":"Feature","properties":{"event":"May 2024 (PlanetScope 05-May-2024)"},"geometry":{"type":"Point","coordinates":[39.67922,-0.51088]}},{"type":"Feature","properties":{"event":"May 2024 (PlanetScope 05-May-2024)"},"geometry":{"type":"Point","coordinates":[39.679,-0.51159]}},{"type":"Feature","properties":{"event":"May 2024 (PlanetScope 05-May-2024)"},"geometry":{"type":"Point","coordinates":[39.67966,-0.51175]}},{"type":"Feature","properties":{"event":"May 2024 (PlanetScope 05-May-2024)"},"geometry":{"type":"Point","coordinates":[39.67956,-0.51159]}},{"type":"Feature","properties":{"event":"May 2024 (PlanetScope 05-May-2024)"},"geometry":{"type":"Point","coordinates":[39.67755,-0.51427]}},{"type":"Feature","properties":{"event":"May 2024 (PlanetScope 05-May-2024)"},"geometry":{"type":"Point","coordinates":[39.6774,-0.51431]}},{"type":"Feature","properties":{"event":"May 2024 (PlanetScope 05-May-2024)"},"geometry":{"type":"Point","coordinates":[39.63444,-0.4338]}},{"type":"Feature","properties":{"event":"May 2024 (PlanetScope 05-May-2024)"},"geometry":{"type":"Point","coordinates":[39.63414,-0.43393]}},{"type":"Feature","properties":{"event":"May 2024 (PlanetScope 05-May-2024)"},"geometry":{"type":"Point","coordinates":[39.63659,-0.45138]}},{"type":"Feature","properties":{"event":"May 2024 (PlanetScope 05-May-2024)"},"geometry":{"type":"Point","coordinates":[39.63651,-0.4514]}},{"type":"Feature","properties":{"event":"May 2024 (PlanetScope 05-May-2024)"},"geometry":{"type":"Point","coordinates":[39.63645,-0.45119]}},{"type":"Feature","properties":{"event":"May 2024 (PlanetScope 05-May-2024)"},"geometry":{"type":"Point","coordinates":[39.63644,-0.45141]}},{"type":"Feature","properties":{"event":"May 2024 (PlanetScope 05-May-2024)"},"geometry":{"type":"Point","coordinates":[39.63658,-0.45167]}},{"type":"Feature","properties":{"event":"May 2024 (PlanetScope 05-May-2024)"},"geometry":{"type":"Point","coordinates":[39.63638,-0.45172]}},{"type":"Feature","properties":{"event":"May 2024 (PlanetScope 05-May-2024)"},"geometry":{"type":"Point","coordinates":[39.63611,-0.45188]}},{"type":"Feature","properties":{"event":"May 2024 (PlanetScope 05-May-2024)"},"geometry":{"type":"Point","coordinates":[39.6363,-0.45234]}},{"type":"Feature","properties":{"event":"May 2024 (PlanetScope 05-May-2024)"},"geometry":{"type":"Point","coordinates":[39.6358,-0.45202]}},{"type":"Feature","properties":{"event":"May 2024 (PlanetScope 05-May-2024)"},"geometry":{"type":"Point","coordinates":[39.6357,-0.45196]}},{"type":"Feature","properties":{"event":"May 2024 (PlanetScope 05-May-2024)"},"geometry":{"type":"Point","coordinates":[39.63551,-0.45229]}},{"type":"Feature","properties":{"event":"May 2024 (PlanetScope 05-May-2024)"},"geometry":{"type":"Point","coordinates":[39.63554,-0.4525]}},{"type":"Feature","properties":{"event":"May 2024 (PlanetScope 05-May-2024)"},"geometry":{"type":"Point","coordinates":[39.63573,-0.45256]}},{"type":"Feature","properties":{"event":"May 2024 (PlanetScope 05-May-2024)"},"geometry":{"type":"Point","coordinates":[39.63538,-0.45232]}},{"type":"Feature","properties":{"event":"May 2024 (PlanetScope 05-May-2024)"},"geometry":{"type":"Point","coordinates":[39.60942,-0.45827]}},{"type":"Feature","properties":{"event":"May 2024 (PlanetScope 05-May-2024)"},"geometry":{"type":"Point","coordinates":[39.60934,-0.4584]}},{"type":"Feature","properties":{"event":"May 2024 (PlanetScope 05-May-2024)"},"geometry":{"type":"Point","coordinates":[39.63422,-0.43414]}},{"type":"Feature","properties":{"event":"May 2024 (PlanetScope 05-May-2024)"},"geometry":{"type":"Point","coordinates":[39.63373,-0.43698]}},{"type":"Feature","properties":{"event":"May 2024 (PlanetScope 05-May-2024)"},"geometry":{"type":"Point","coordinates":[39.63346,-0.43689]}},{"type":"Feature","properties":{"event":"May 2024 (PlanetScope 05-May-2024)"},"geometry":{"type":"Point","coordinates":[39.63504,-0.43914]}},{"type":"Feature","properties":{"event":"May 2024 (PlanetScope 05-May-2024)"},"geometry":{"type":"Point","coordinates":[39.63766,-0.46189]}},{"type":"Feature","properties":{"event":"May 2024 (PlanetScope 05-May-2024)"},"geometry":{"type":"Point","coordinates":[39.6366,-0.44883]}},{"type":"Feature","properties":{"event":"May 2024 (PlanetScope 05-May-2024)"},"geometry":{"type":"Point","coordinates":[39.63667,-0.44876]}},{"type":"Feature","properties":{"event":"May 2024 (PlanetScope 05-May-2024)"},"geometry":{"type":"Point","coordinates":[39.63653,-0.44874]}},{"type":"Feature","properties":{"event":"May 2024 (PlanetScope 05-May-2024)"},"geometry":{"type":"Point","coordinates":[39.6365,-0.44868]}},{"type":"Feature","properties":{"event":"May 2024 (PlanetScope 05-May-2024)"},"geometry":{"type":"Point","coordinates":[39.63657,-0.44865]}},{"type":"Feature","properties":{"event":"May 2024 (PlanetScope 05-May-2024)"},"geometry":{"type":"Point","coordinates":[39.63629,-0.44864]}},{"type":"Feature","properties":{"event":"May 2024 (PlanetScope 05-May-2024)"},"geometry":{"type":"Point","coordinates":[39.63636,-0.44857]}},{"type":"Feature","properties":{"event":"May 2024 (PlanetScope 05-May-2024)"},"geometry":{"type":"Point","coordinates":[39.63645,-0.44892]}},{"type":"Feature","properties":{"event":"May 2024 (PlanetScope 05-May-2024)"},"geometry":{"type":"Point","coordinates":[39.63632,-0.44897]}},{"type":"Feature","properties":{"event":"May 2024 (PlanetScope 05-May-2024)"},"geometry":{"type":"Point","coordinates":[39.63644,-0.44908]}},{"type":"Feature","properties":{"event":"May 2024 (PlanetScope 05-May-2024)"},"geometry":{"type":"Point","coordinates":[39.63656,-0.44903]}},{"type":"Feature","properties":{"event":"May 2024 (PlanetScope 05-May-2024)"},"geometry":{"type":"Point","coordinates":[39.63661,-0.44897]}},{"type":"Feature","properties":{"event":"May 2024 (PlanetScope 05-May-2024)"},"geometry":{"type":"Point","coordinates":[39.63665,-0.44904]}},{"type":"Feature","properties":{"event":"May 2024 (PlanetScope 05-May-2024)"},"geometry":{"type":"Point","coordinates":[39.63642,-0.44917]}},{"type":"Feature","properties":{"event":"May 2024 (PlanetScope 05-May-2024)"},"geometry":{"type":"Point","coordinates":[39.63621,-0.44909]}},{"type":"Feature","properties":{"event":"May 2024 (PlanetScope 05-May-2024)"},"geometry":{"type":"Point","coordinates":[39.63621,-0.44921]}},{"type":"Feature","properties":{"event":"May 2024 (PlanetScope 05-May-2024)"},"geometry":{"type":"Point","coordinates":[39.63605,-0.44922]}},{"type":"Feature","properties":{"event":"May 2024 (PlanetScope 05-May-2024)"},"geometry":{"type":"Point","coordinates":[39.63596,-0.44922]}},{"type":"Feature","properties":{"event":"May 2024 (PlanetScope 05-May-2024)"},"geometry":{"type":"Point","coordinates":[39.63617,-0.44915]}},{"type":"Feature","properties":{"event":"May 2024 (PlanetScope 05-May-2024)"},"geometry":{"type":"Point","coordinates":[39.63635,-0.44885]}},{"type":"Feature","properties":{"event":"May 2024 (PlanetScope 05-May-2024)"},"geometry":{"type":"Point","coordinates":[39.63583,-0.44886]}},{"type":"Feature","properties":{"event":"May 2024 (PlanetScope 05-May-2024)"},"geometry":{"type":"Point","coordinates":[39.63562,-0.44872]}},{"type":"Feature","properties":{"event":"May 2024 (PlanetScope 05-May-2024)"},"geometry":{"type":"Point","coordinates":[39.63559,-0.44878]}},{"type":"Feature","properties":{"event":"May 2024 (PlanetScope 05-May-2024)"},"geometry":{"type":"Point","coordinates":[39.63505,-0.44874]}},{"type":"Feature","properties":{"event":"May 2024 (PlanetScope 05-May-2024)"},"geometry":{"type":"Point","coordinates":[39.63494,-0.44841]}},{"type":"Feature","properties":{"event":"May 2024 (PlanetScope 05-May-2024)"},"geometry":{"type":"Point","coordinates":[39.63502,-0.44838]}},{"type":"Feature","properties":{"event":"May 2024 (PlanetScope 05-May-2024)"},"geometry":{"type":"Point","coordinates":[39.63589,-0.4484]}},{"type":"Feature","properties":{"event":"May 2024 (PlanetScope 05-May-2024)"},"geometry":{"type":"Point","coordinates":[39.63573,-0.44877]}},{"type":"Feature","properties":{"event":"May 2024 (PlanetScope 05-May-2024)"},"geometry":{"type":"Point","coordinates":[39.63566,-0.44882]}},{"type":"Feature","properties":{"event":"May 2024 (PlanetScope 05-May-2024)"},"geometry":{"type":"Point","coordinates":[39.6354,-0.4488]}},{"type":"Feature","properties":{"event":"May 2024 (PlanetScope 05-May-2024)"},"geometry":{"type":"Point","coordinates":[39.63553,-0.44872]}},{"type":"Feature","properties":{"event":"May 2024 (PlanetScope 05-May-2024)"},"geometry":{"type":"Point","coordinates":[39.63584,-0.44902]}},{"type":"Feature","properties":{"event":"May 2024 (PlanetScope 05-May-2024)"},"geometry":{"type":"Point","coordinates":[39.63607,-0.44889]}},{"type":"Feature","properties":{"event":"May 2024 (PlanetScope 05-May-2024)"},"geometry":{"type":"Point","coordinates":[39.63541,-0.4485]}},{"type":"Feature","properties":{"event":"May 2024 (PlanetScope 05-May-2024)"},"geometry":{"type":"Point","coordinates":[39.63545,-0.44855]}},{"type":"Feature","properties":{"event":"May 2024 (PlanetScope 05-May-2024)"},"geometry":{"type":"Point","coordinates":[39.63532,-0.44849]}},{"type":"Feature","properties":{"event":"May 2024 (PlanetScope 05-May-2024)"},"geometry":{"type":"Point","coordinates":[39.63525,-0.44846]}},{"type":"Feature","properties":{"event":"May 2024 (PlanetScope 05-May-2024)"},"geometry":{"type":"Point","coordinates":[39.63508,-0.4482]}},{"type":"Feature","properties":{"event":"May 2024 (PlanetScope 05-May-2024)"},"geometry":{"type":"Point","coordinates":[39.63493,-0.44851]}},{"type":"Feature","properties":{"event":"May 2024 (PlanetScope 05-May-2024)"},"geometry":{"type":"Point","coordinates":[39.63479,-0.44818]}},{"type":"Feature","properties":{"event":"May 2024 (PlanetScope 05-May-2024)"},"geometry":{"type":"Point","coordinates":[39.63549,-0.4475]}},{"type":"Feature","properties":{"event":"May 2024 (PlanetScope 05-May-2024)"},"geometry":{"type":"Point","coordinates":[39.6353,-0.4472]}},{"type":"Feature","properties":{"event":"May 2024 (PlanetScope 05-May-2024)"},"geometry":{"type":"Point","coordinates":[39.63491,-0.44709]}},{"type":"Feature","properties":{"event":"May 2024 (PlanetScope 05-May-2024)"},"geometry":{"type":"Point","coordinates":[39.63492,-0.44679]}},{"type":"Feature","properties":{"event":"May 2024 (PlanetScope 05-May-2024)"},"geometry":{"type":"Point","coordinates":[39.63495,-0.44683]}},{"type":"Feature","properties":{"event":"May 2024 (PlanetScope 05-May-2024)"},"geometry":{"type":"Point","coordinates":[39.63546,-0.44788]}},{"type":"Feature","properties":{"event":"May 2024 (PlanetScope 05-May-2024)"},"geometry":{"type":"Point","coordinates":[39.63539,-0.44762]}},{"type":"Feature","properties":{"event":"May 2024 (PlanetScope 05-May-2024)"},"geometry":{"type":"Point","coordinates":[39.63511,-0.44836]}},{"type":"Feature","properties":{"event":"May 2024 (PlanetScope 05-May-2024)"},"geometry":{"type":"Point","coordinates":[39.63536,-0.44862]}},{"type":"Feature","properties":{"event":"May 2024 (PlanetScope 05-May-2024)"},"geometry":{"type":"Point","coordinates":[39.63486,-0.44854]}},{"type":"Feature","properties":{"event":"May 2024 (PlanetScope 05-May-2024)"},"geometry":{"type":"Point","coordinates":[39.63446,-0.44552]}},{"type":"Feature","properties":{"event":"May 2024 (PlanetScope 05-May-2024)"},"geometry":{"type":"Point","coordinates":[39.63452,-0.44566]}},{"type":"Feature","properties":{"event":"May 2024 (PlanetScope 05-May-2024)"},"geometry":{"type":"Point","coordinates":[39.63453,-0.44572]}},{"type":"Feature","properties":{"event":"May 2024 (PlanetScope 05-May-2024)"},"geometry":{"type":"Point","coordinates":[39.63445,-0.4456]}},{"type":"Feature","properties":{"event":"May 2024 (PlanetScope 05-May-2024)"},"geometry":{"type":"Point","coordinates":[39.63459,-0.44557]}},{"type":"Feature","properties":{"event":"May 2024 (PlanetScope 05-May-2024)"},"geometry":{"type":"Point","coordinates":[39.6346,-0.44587]}},{"type":"Feature","properties":{"event":"May 2024 (PlanetScope 05-May-2024)"},"geometry":{"type":"Point","coordinates":[39.63454,-0.44581]}},{"type":"Feature","properties":{"event":"May 2024 (PlanetScope 05-May-2024)"},"geometry":{"type":"Point","coordinates":[39.63451,-0.44592]}},{"type":"Feature","properties":{"event":"May 2024 (PlanetScope 05-May-2024)"},"geometry":{"type":"Point","coordinates":[39.63448,-0.44589]}},{"type":"Feature","properties":{"event":"May 2024 (PlanetScope 05-May-2024)"},"geometry":{"type":"Point","coordinates":[39.63468,-0.44612]}},{"type":"Feature","properties":{"event":"May 2024 (PlanetScope 05-May-2024)"},"geometry":{"type":"Point","coordinates":[39.63463,-0.44611]}},{"type":"Feature","properties":{"event":"May 2024 (PlanetScope 05-May-2024)"},"geometry":{"type":"Point","coordinates":[39.63459,-0.44571]}},{"type":"Feature","properties":{"event":"May 2024 (PlanetScope 05-May-2024)"},"geometry":{"type":"Point","coordinates":[39.63453,-0.44534]}},{"type":"Feature","properties":{"event":"May 2024 (PlanetScope 05-May-2024)"},"geometry":{"type":"Point","coordinates":[39.63405,-0.44521]}},{"type":"Feature","properties":{"event":"May 2024 (PlanetScope 05-May-2024)"},"geometry":{"type":"Point","coordinates":[39.63403,-0.44508]}},{"type":"Feature","properties":{"event":"May 2024 (PlanetScope 05-May-2024)"},"geometry":{"type":"Point","coordinates":[39.63405,-0.44498]}},{"type":"Feature","properties":{"event":"May 2024 (PlanetScope 05-May-2024)"},"geometry":{"type":"Point","coordinates":[39.63409,-0.44504]}},{"type":"Feature","properties":{"event":"May 2024 (PlanetScope 05-May-2024)"},"geometry":{"type":"Point","coordinates":[39.63362,-0.49175]}},{"type":"Feature","properties":{"event":"May 2024 (PlanetScope 05-May-2024)"},"geometry":{"type":"Point","coordinates":[39.63338,-0.49103]}},{"type":"Feature","properties":{"event":"May 2024 (PlanetScope 05-May-2024)"},"geometry":{"type":"Point","coordinates":[39.63145,-0.49125]}},{"type":"Feature","properties":{"event":"May 2024 (PlanetScope 05-May-2024)"},"geometry":{"type":"Point","coordinates":[39.63291,-0.4924]}},{"type":"Feature","properties":{"event":"May 2024 (PlanetScope 05-May-2024)"},"geometry":{"type":"Point","coordinates":[39.63312,-0.49244]}},{"type":"Feature","properties":{"event":"May 2024 (PlanetScope 05-May-2024)"},"geometry":{"type":"Point","coordinates":[39.63377,-0.49277]}},{"type":"Feature","properties":{"event":"May 2024 (PlanetScope 05-May-2024)"},"geometry":{"type":"Point","coordinates":[39.63769,-0.49353]}},{"type":"Feature","properties":{"event":"May 2024 (PlanetScope 05-May-2024)"},"geometry":{"type":"Point","coordinates":[39.63772,-0.49344]}},{"type":"Feature","properties":{"event":"May 2024 (PlanetScope 05-May-2024)"},"geometry":{"type":"Point","coordinates":[39.63765,-0.49348]}},{"type":"Feature","properties":{"event":"May 2024 (PlanetScope 05-May-2024)"},"geometry":{"type":"Point","coordinates":[39.63825,-0.48822]}},{"type":"Feature","properties":{"event":"May 2024 (PlanetScope 05-May-2024)"},"geometry":{"type":"Point","coordinates":[39.6294,-0.48915]}},{"type":"Feature","properties":{"event":"May 2024 (PlanetScope 05-May-2024)"},"geometry":{"type":"Point","coordinates":[39.62946,-0.48914]}},{"type":"Feature","properties":{"event":"May 2024 (PlanetScope 05-May-2024)"},"geometry":{"type":"Point","coordinates":[39.63241,-0.49329]}},{"type":"Feature","properties":{"event":"May 2024 (PlanetScope 05-May-2024)"},"geometry":{"type":"Point","coordinates":[39.63249,-0.49322]}},{"type":"Feature","properties":{"event":"May 2024 (PlanetScope 05-May-2024)"},"geometry":{"type":"Point","coordinates":[39.63228,-0.49426]}},{"type":"Feature","properties":{"event":"May 2024 (PlanetScope 05-May-2024)"},"geometry":{"type":"Point","coordinates":[39.638,-0.49262]}},{"type":"Feature","properties":{"event":"May 2024 (PlanetScope 05-May-2024)"},"geometry":{"type":"Point","coordinates":[39.637,-0.45923]}},{"type":"Feature","properties":{"event":"May 2024 (PlanetScope 05-May-2024)"},"geometry":{"type":"Point","coordinates":[39.63703,-0.45932]}},{"type":"Feature","properties":{"event":"May 2024 (PlanetScope 05-May-2024)"},"geometry":{"type":"Point","coordinates":[39.63706,-0.45943]}},{"type":"Feature","properties":{"event":"May 2024 (PlanetScope 05-May-2024)"},"geometry":{"type":"Point","coordinates":[39.6371,-0.45956]}},{"type":"Feature","properties":{"event":"May 2024 (PlanetScope 05-May-2024)"},"geometry":{"type":"Point","coordinates":[39.63737,-0.45954]}},{"type":"Feature","properties":{"event":"May 2024 (PlanetScope 05-May-2024)"},"geometry":{"type":"Point","coordinates":[39.63738,-0.45947]}},{"type":"Feature","properties":{"event":"May 2024 (PlanetScope 05-May-2024)"},"geometry":{"type":"Point","coordinates":[39.63669,-0.45942]}},{"type":"Feature","properties":{"event":"May 2024 (PlanetScope 05-May-2024)"},"geometry":{"type":"Point","coordinates":[39.63718,-0.45979]}},{"type":"Feature","properties":{"event":"May 2024 (PlanetScope 05-May-2024)"},"geometry":{"type":"Point","coordinates":[39.63704,-0.45982]}},{"type":"Feature","properties":{"event":"May 2024 (PlanetScope 05-May-2024)"},"geometry":{"type":"Point","coordinates":[39.63741,-0.45971]}},{"type":"Feature","properties":{"event":"May 2024 (PlanetScope 05-May-2024)"},"geometry":{"type":"Point","coordinates":[39.63764,-0.45995]}},{"type":"Feature","properties":{"event":"May 2024 (PlanetScope 05-May-2024)"},"geometry":{"type":"Point","coordinates":[39.63732,-0.45994]}},{"type":"Feature","properties":{"event":"May 2024 (PlanetScope 05-May-2024)"},"geometry":{"type":"Point","coordinates":[39.63723,-0.46028]}},{"type":"Feature","properties":{"event":"May 2024 (PlanetScope 05-May-2024)"},"geometry":{"type":"Point","coordinates":[39.63672,-0.46043]}},{"type":"Feature","properties":{"event":"May 2024 (PlanetScope 05-May-2024)"},"geometry":{"type":"Point","coordinates":[39.63673,-0.46024]}},{"type":"Feature","properties":{"event":"May 2024 (PlanetScope 05-May-2024)"},"geometry":{"type":"Point","coordinates":[39.63621,-0.46019]}},{"type":"Feature","properties":{"event":"May 2024 (PlanetScope 05-May-2024)"},"geometry":{"type":"Point","coordinates":[39.63616,-0.46026]}},{"type":"Feature","properties":{"event":"May 2024 (PlanetScope 05-May-2024)"},"geometry":{"type":"Point","coordinates":[39.63611,-0.46033]}},{"type":"Feature","properties":{"event":"May 2024 (PlanetScope 05-May-2024)"},"geometry":{"type":"Point","coordinates":[39.63602,-0.46029]}},{"type":"Feature","properties":{"event":"May 2024 (PlanetScope 05-May-2024)"},"geometry":{"type":"Point","coordinates":[39.63607,-0.46023]}},{"type":"Feature","properties":{"event":"May 2024 (PlanetScope 05-May-2024)"},"geometry":{"type":"Point","coordinates":[39.63612,-0.46016]}},{"type":"Feature","properties":{"event":"May 2024 (PlanetScope 05-May-2024)"},"geometry":{"type":"Point","coordinates":[39.63611,-0.46002]}},{"type":"Feature","properties":{"event":"May 2024 (PlanetScope 05-May-2024)"},"geometry":{"type":"Point","coordinates":[39.63599,-0.46008]}},{"type":"Feature","properties":{"event":"May 2024 (PlanetScope 05-May-2024)"},"geometry":{"type":"Point","coordinates":[39.63565,-0.45988]}},{"type":"Feature","properties":{"event":"May 2024 (PlanetScope 05-May-2024)"},"geometry":{"type":"Point","coordinates":[39.63599,-0.4599]}},{"type":"Feature","properties":{"event":"May 2024 (PlanetScope 05-May-2024)"},"geometry":{"type":"Point","coordinates":[39.63554,-0.45974]}},{"type":"Feature","properties":{"event":"May 2024 (PlanetScope 05-May-2024)"},"geometry":{"type":"Point","coordinates":[39.63461,-0.45927]}},{"type":"Feature","properties":{"event":"May 2024 (PlanetScope 05-May-2024)"},"geometry":{"type":"Point","coordinates":[39.63626,-0.46121]}},{"type":"Feature","properties":{"event":"May 2024 (PlanetScope 05-May-2024)"},"geometry":{"type":"Point","coordinates":[39.63682,-0.4611]}},{"type":"Feature","properties":{"event":"May 2024 (PlanetScope 05-May-2024)"},"geometry":{"type":"Point","coordinates":[39.63688,-0.45823]}},{"type":"Feature","properties":{"event":"May 2024 (PlanetScope 05-May-2024)"},"geometry":{"type":"Point","coordinates":[39.63596,-0.45907]}},{"type":"Feature","properties":{"event":"May 2024 (PlanetScope 05-May-2024)"},"geometry":{"type":"Point","coordinates":[39.6353,-0.46019]}},{"type":"Feature","properties":{"event":"May 2024 (PlanetScope 05-May-2024)"},"geometry":{"type":"Point","coordinates":[39.62168,-0.43405]}},{"type":"Feature","properties":{"event":"May 2024 (PlanetScope 05-May-2024)"},"geometry":{"type":"Point","coordinates":[39.64743,-0.48368]}},{"type":"Feature","properties":{"event":"May 2024 (PlanetScope 05-May-2024)"},"geometry":{"type":"Point","coordinates":[39.64774,-0.48361]}},{"type":"Feature","properties":{"event":"May 2024 (PlanetScope 05-May-2024)"},"geometry":{"type":"Point","coordinates":[39.64781,-0.48388]}},{"type":"Feature","properties":{"event":"May 2024 (PlanetScope 05-May-2024)"},"geometry":{"type":"Point","coordinates":[39.64777,-0.48395]}},{"type":"Feature","properties":{"event":"May 2024 (PlanetScope 05-May-2024)"},"geometry":{"type":"Point","coordinates":[39.64784,-0.48377]}},{"type":"Feature","properties":{"event":"May 2024 (PlanetScope 05-May-2024)"},"geometry":{"type":"Point","coordinates":[39.6481,-0.48381]}},{"type":"Feature","properties":{"event":"May 2024 (PlanetScope 05-May-2024)"},"geometry":{"type":"Point","coordinates":[39.64799,-0.48387]}},{"type":"Feature","properties":{"event":"May 2024 (PlanetScope 05-May-2024)"},"geometry":{"type":"Point","coordinates":[39.64823,-0.48353]}},{"type":"Feature","properties":{"event":"May 2024 (PlanetScope 05-May-2024)"},"geometry":{"type":"Point","coordinates":[39.64789,-0.48436]}},{"type":"Feature","properties":{"event":"May 2024 (PlanetScope 05-May-2024)"},"geometry":{"type":"Point","coordinates":[39.64954,-0.48657]}},{"type":"Feature","properties":{"event":"May 2024 (PlanetScope 05-May-2024)"},"geometry":{"type":"Point","coordinates":[39.64917,-0.48689]}},{"type":"Feature","properties":{"event":"May 2024 (PlanetScope 05-May-2024)"},"geometry":{"type":"Point","coordinates":[39.64926,-0.48683]}},{"type":"Feature","properties":{"event":"May 2024 (PlanetScope 05-May-2024)"},"geometry":{"type":"Point","coordinates":[39.64911,-0.48709]}},{"type":"Feature","properties":{"event":"May 2024 (PlanetScope 05-May-2024)"},"geometry":{"type":"Point","coordinates":[39.64921,-0.48653]}},{"type":"Feature","properties":{"event":"May 2024 (PlanetScope 05-May-2024)"},"geometry":{"type":"Point","coordinates":[39.6495,-0.48621]}},{"type":"Feature","properties":{"event":"May 2024 (PlanetScope 05-May-2024)"},"geometry":{"type":"Point","coordinates":[39.64939,-0.48619]}},{"type":"Feature","properties":{"event":"May 2024 (PlanetScope 05-May-2024)"},"geometry":{"type":"Point","coordinates":[39.64959,-0.48574]}},{"type":"Feature","properties":{"event":"May 2024 (PlanetScope 05-May-2024)"},"geometry":{"type":"Point","coordinates":[39.64938,-0.48566]}},{"type":"Feature","properties":{"event":"May 2024 (PlanetScope 05-May-2024)"},"geometry":{"type":"Point","coordinates":[39.64948,-0.48554]}},{"type":"Feature","properties":{"event":"May 2024 (PlanetScope 05-May-2024)"},"geometry":{"type":"Point","coordinates":[39.64915,-0.48756]}},{"type":"Feature","properties":{"event":"May 2024 (PlanetScope 05-May-2024)"},"geometry":{"type":"Point","coordinates":[39.6484,-0.4865]}},{"type":"Feature","properties":{"event":"May 2024 (PlanetScope 05-May-2024)"},"geometry":{"type":"Point","coordinates":[39.64817,-0.48635]}},{"type":"Feature","properties":{"event":"May 2024 (PlanetScope 05-May-2024)"},"geometry":{"type":"Point","coordinates":[39.64792,-0.48623]}},{"type":"Feature","properties":{"event":"May 2024 (PlanetScope 05-May-2024)"},"geometry":{"type":"Point","coordinates":[39.64756,-0.48606]}},{"type":"Feature","properties":{"event":"May 2024 (PlanetScope 05-May-2024)"},"geometry":{"type":"Point","coordinates":[39.64804,-0.48592]}},{"type":"Feature","properties":{"event":"May 2024 (PlanetScope 05-May-2024)"},"geometry":{"type":"Point","coordinates":[39.6481,-0.48572]}},{"type":"Feature","properties":{"event":"May 2024 (PlanetScope 05-May-2024)"},"geometry":{"type":"Point","coordinates":[39.64729,-0.48564]}},{"type":"Feature","properties":{"event":"May 2024 (PlanetScope 05-May-2024)"},"geometry":{"type":"Point","coordinates":[39.64721,-0.48538]}},{"type":"Feature","properties":{"event":"May 2024 (PlanetScope 05-May-2024)"},"geometry":{"type":"Point","coordinates":[39.64735,-0.48535]}},{"type":"Feature","properties":{"event":"May 2024 (PlanetScope 05-May-2024)"},"geometry":{"type":"Point","coordinates":[39.64753,-0.48526]}},{"type":"Feature","properties":{"event":"May 2024 (PlanetScope 05-May-2024)"},"geometry":{"type":"Point","coordinates":[39.64743,-0.48513]}},{"type":"Feature","properties":{"event":"May 2024 (PlanetScope 05-May-2024)"},"geometry":{"type":"Point","coordinates":[39.64819,-0.48554]}},{"type":"Feature","properties":{"event":"May 2024 (PlanetScope 05-May-2024)"},"geometry":{"type":"Point","coordinates":[39.64828,-0.48553]}},{"type":"Feature","properties":{"event":"May 2024 (PlanetScope 05-May-2024)"},"geometry":{"type":"Point","coordinates":[39.64882,-0.48548]}},{"type":"Feature","properties":{"event":"May 2024 (PlanetScope 05-May-2024)"},"geometry":{"type":"Point","coordinates":[39.64845,-0.4853]}},{"type":"Feature","properties":{"event":"May 2024 (PlanetScope 05-May-2024)"},"geometry":{"type":"Point","coordinates":[39.64902,-0.4857]}},{"type":"Feature","properties":{"event":"May 2024 (PlanetScope 05-May-2024)"},"geometry":{"type":"Point","coordinates":[39.64864,-0.48619]}},{"type":"Feature","properties":{"event":"May 2024 (PlanetScope 05-May-2024)"},"geometry":{"type":"Point","coordinates":[39.64914,-0.48592]}},{"type":"Feature","properties":{"event":"May 2024 (PlanetScope 05-May-2024)"},"geometry":{"type":"Point","coordinates":[39.64871,-0.48595]}},{"type":"Feature","properties":{"event":"May 2024 (PlanetScope 05-May-2024)"},"geometry":{"type":"Point","coordinates":[39.6489,-0.48596]}},{"type":"Feature","properties":{"event":"May 2024 (PlanetScope 05-May-2024)"},"geometry":{"type":"Point","coordinates":[39.64888,-0.48611]}},{"type":"Feature","properties":{"event":"May 2024 (PlanetScope 05-May-2024)"},"geometry":{"type":"Point","coordinates":[39.64918,-0.48605]}},{"type":"Feature","properties":{"event":"May 2024 (PlanetScope 05-May-2024)"},"geometry":{"type":"Point","coordinates":[39.6492,-0.48581]}},{"type":"Feature","properties":{"event":"May 2024 (PlanetScope 05-May-2024)"},"geometry":{"type":"Point","coordinates":[39.64957,-0.48548]}},{"type":"Feature","properties":{"event":"May 2024 (PlanetScope 05-May-2024)"},"geometry":{"type":"Point","coordinates":[39.64954,-0.48536]}},{"type":"Feature","properties":{"event":"May 2024 (PlanetScope 05-May-2024)"},"geometry":{"type":"Point","coordinates":[39.64946,-0.48531]}},{"type":"Feature","properties":{"event":"May 2024 (PlanetScope 05-May-2024)"},"geometry":{"type":"Point","coordinates":[39.64919,-0.48541]}},{"type":"Feature","properties":{"event":"May 2024 (PlanetScope 05-May-2024)"},"geometry":{"type":"Point","coordinates":[39.64904,-0.48531]}},{"type":"Feature","properties":{"event":"May 2024 (PlanetScope 05-May-2024)"},"geometry":{"type":"Point","coordinates":[39.64906,-0.4851]}},{"type":"Feature","properties":{"event":"May 2024 (PlanetScope 05-May-2024)"},"geometry":{"type":"Point","coordinates":[39.64816,-0.48535]}},{"type":"Feature","properties":{"event":"May 2024 (PlanetScope 05-May-2024)"},"geometry":{"type":"Point","coordinates":[39.64798,-0.4851]}},{"type":"Feature","properties":{"event":"May 2024 (PlanetScope 05-May-2024)"},"geometry":{"type":"Point","coordinates":[39.64785,-0.48492]}},{"type":"Feature","properties":{"event":"May 2024 (PlanetScope 05-May-2024)"},"geometry":{"type":"Point","coordinates":[39.64769,-0.48483]}},{"type":"Feature","properties":{"event":"May 2024 (PlanetScope 05-May-2024)"},"geometry":{"type":"Point","coordinates":[39.64801,-0.48418]}},{"type":"Feature","properties":{"event":"May 2024 (PlanetScope 05-May-2024)"},"geometry":{"type":"Point","coordinates":[39.64778,-0.48376]}},{"type":"Feature","properties":{"event":"May 2024 (PlanetScope 05-May-2024)"},"geometry":{"type":"Point","coordinates":[39.64825,-0.48342]}},{"type":"Feature","properties":{"event":"May 2024 (PlanetScope 05-May-2024)"},"geometry":{"type":"Point","coordinates":[39.64853,-0.48347]}},{"type":"Feature","properties":{"event":"May 2024 (PlanetScope 05-May-2024)"},"geometry":{"type":"Point","coordinates":[39.64869,-0.48351]}},{"type":"Feature","properties":{"event":"May 2024 (PlanetScope 05-May-2024)"},"geometry":{"type":"Point","coordinates":[39.64877,-0.48355]}},{"type":"Feature","properties":{"event":"May 2024 (PlanetScope 05-May-2024)"},"geometry":{"type":"Point","coordinates":[39.64884,-0.48362]}},{"type":"Feature","properties":{"event":"May 2024 (PlanetScope 05-May-2024)"},"geometry":{"type":"Point","coordinates":[39.64886,-0.48457]}},{"type":"Feature","properties":{"event":"May 2024 (PlanetScope 05-May-2024)"},"geometry":{"type":"Point","coordinates":[39.64863,-0.48455]}},{"type":"Feature","properties":{"event":"May 2024 (PlanetScope 05-May-2024)"},"geometry":{"type":"Point","coordinates":[39.64844,-0.48466]}},{"type":"Feature","properties":{"event":"May 2024 (PlanetScope 05-May-2024)"},"geometry":{"type":"Point","coordinates":[39.64821,-0.48461]}},{"type":"Feature","properties":{"event":"May 2024 (PlanetScope 05-May-2024)"},"geometry":{"type":"Point","coordinates":[39.6482,-0.48505]}},{"type":"Feature","properties":{"event":"May 2024 (PlanetScope 05-May-2024)"},"geometry":{"type":"Point","coordinates":[39.64779,-0.48512]}},{"type":"Feature","properties":{"event":"May 2024 (PlanetScope 05-May-2024)"},"geometry":{"type":"Point","coordinates":[39.648,-0.48492]}},{"type":"Feature","properties":{"event":"May 2024 (PlanetScope 05-May-2024)"},"geometry":{"type":"Point","coordinates":[39.64756,-0.48498]}},{"type":"Feature","properties":{"event":"May 2024 (PlanetScope 05-May-2024)"},"geometry":{"type":"Point","coordinates":[39.64744,-0.48494]}},{"type":"Feature","properties":{"event":"May 2024 (PlanetScope 05-May-2024)"},"geometry":{"type":"Point","coordinates":[39.64746,-0.48486]}},{"type":"Feature","properties":{"event":"May 2024 (PlanetScope 05-May-2024)"},"geometry":{"type":"Point","coordinates":[39.6479,-0.48466]}},{"type":"Feature","properties":{"event":"May 2024 (PlanetScope 05-May-2024)"},"geometry":{"type":"Point","coordinates":[39.64812,-0.48473]}},{"type":"Feature","properties":{"event":"May 2024 (PlanetScope 05-May-2024)"},"geometry":{"type":"Point","coordinates":[39.64664,-0.48497]}},{"type":"Feature","properties":{"event":"May 2024 (PlanetScope 05-May-2024)"},"geometry":{"type":"Point","coordinates":[39.6471,-0.48436]}},{"type":"Feature","properties":{"event":"May 2024 (PlanetScope 05-May-2024)"},"geometry":{"type":"Point","coordinates":[39.64741,-0.48408]}},{"type":"Feature","properties":{"event":"May 2024 (PlanetScope 05-May-2024)"},"geometry":{"type":"Point","coordinates":[39.64763,-0.48406]}},{"type":"Feature","properties":{"event":"May 2024 (PlanetScope 05-May-2024)"},"geometry":{"type":"Point","coordinates":[39.64786,-0.48404]}},{"type":"Feature","properties":{"event":"May 2024 (PlanetScope 05-May-2024)"},"geometry":{"type":"Point","coordinates":[39.64802,-0.48406]}},{"type":"Feature","properties":{"event":"May 2024 (PlanetScope 05-May-2024)"},"geometry":{"type":"Point","coordinates":[39.64788,-0.48421]}},{"type":"Feature","properties":{"event":"May 2024 (PlanetScope 05-May-2024)"},"geometry":{"type":"Point","coordinates":[39.64824,-0.48423]}},{"type":"Feature","properties":{"event":"May 2024 (PlanetScope 05-May-2024)"},"geometry":{"type":"Point","coordinates":[39.64846,-0.48386]}},{"type":"Feature","properties":{"event":"May 2024 (PlanetScope 05-May-2024)"},"geometry":{"type":"Point","coordinates":[39.64858,-0.48393]}},{"type":"Feature","properties":{"event":"May 2024 (PlanetScope 05-May-2024)"},"geometry":{"type":"Point","coordinates":[39.64898,-0.48402]}},{"type":"Feature","properties":{"event":"May 2024 (PlanetScope 05-May-2024)"},"geometry":{"type":"Point","coordinates":[39.64916,-0.48425]}},{"type":"Feature","properties":{"event":"May 2024 (PlanetScope 05-May-2024)"},"geometry":{"type":"Point","coordinates":[39.64912,-0.48397]}},{"type":"Feature","properties":{"event":"May 2024 (PlanetScope 05-May-2024)"},"geometry":{"type":"Point","coordinates":[39.64916,-0.48369]}},{"type":"Feature","properties":{"event":"May 2024 (PlanetScope 05-May-2024)"},"geometry":{"type":"Point","coordinates":[39.64898,-0.4838]}},{"type":"Feature","properties":{"event":"May 2024 (PlanetScope 05-May-2024)"},"geometry":{"type":"Point","coordinates":[39.64912,-0.48344]}},{"type":"Feature","properties":{"event":"May 2024 (PlanetScope 05-May-2024)"},"geometry":{"type":"Point","coordinates":[39.6472,-0.48498]}},{"type":"Feature","properties":{"event":"May 2024 (PlanetScope 05-May-2024)"},"geometry":{"type":"Point","coordinates":[39.64778,-0.48466]}},{"type":"Feature","properties":{"event":"May 2024 (PlanetScope 05-May-2024)"},"geometry":{"type":"Point","coordinates":[39.63581,-0.45054]}},{"type":"Feature","properties":{"event":"May 2024 (PlanetScope 05-May-2024)"},"geometry":{"type":"Point","coordinates":[39.63589,-0.45266]}},{"type":"Feature","properties":{"event":"May 2024 (PlanetScope 05-May-2024)"},"geometry":{"type":"Point","coordinates":[39.63582,-0.45289]}},{"type":"Feature","properties":{"event":"May 2024 (PlanetScope 05-May-2024)"},"geometry":{"type":"Point","coordinates":[39.63512,-0.45166]}},{"type":"Feature","properties":{"event":"May 2024 (PlanetScope 05-May-2024)"},"geometry":{"type":"Point","coordinates":[39.63589,-0.45089]}},{"type":"Feature","properties":{"event":"May 2024 (PlanetScope 05-May-2024)"},"geometry":{"type":"Point","coordinates":[39.63582,-0.45211]}},{"type":"Feature","properties":{"event":"May 2024 (PlanetScope 05-May-2024)"},"geometry":{"type":"Point","coordinates":[39.63561,-0.45152]}},{"type":"Feature","properties":{"event":"May 2024 (PlanetScope 05-May-2024)"},"geometry":{"type":"Point","coordinates":[39.63583,-0.45142]}},{"type":"Feature","properties":{"event":"May 2024 (PlanetScope 05-May-2024)"},"geometry":{"type":"Point","coordinates":[39.63554,-0.45146]}},{"type":"Feature","properties":{"event":"May 2024 (PlanetScope 05-May-2024)"},"geometry":{"type":"Point","coordinates":[39.63532,-0.45179]}},{"type":"Feature","properties":{"event":"May 2024 (PlanetScope 05-May-2024)"},"geometry":{"type":"Point","coordinates":[39.63521,-0.45162]}},{"type":"Feature","properties":{"event":"May 2024 (PlanetScope 05-May-2024)"},"geometry":{"type":"Point","coordinates":[39.63539,-0.45162]}},{"type":"Feature","properties":{"event":"May 2024 (PlanetScope 05-May-2024)"},"geometry":{"type":"Point","coordinates":[39.6353,-0.45154]}},{"type":"Feature","properties":{"event":"May 2024 (PlanetScope 05-May-2024)"},"geometry":{"type":"Point","coordinates":[39.63589,-0.45244]}},{"type":"Feature","properties":{"event":"May 2024 (PlanetScope 05-May-2024)"},"geometry":{"type":"Point","coordinates":[39.63584,-0.45232]}},{"type":"Feature","properties":{"event":"May 2024 (PlanetScope 05-May-2024)"},"geometry":{"type":"Point","coordinates":[39.63596,-0.45222]}},{"type":"Feature","properties":{"event":"May 2024 (PlanetScope 05-May-2024)"},"geometry":{"type":"Point","coordinates":[39.63556,-0.45262]}},{"type":"Feature","properties":{"event":"May 2024 (PlanetScope 05-May-2024)"},"geometry":{"type":"Point","coordinates":[39.63543,-0.45244]}},{"type":"Feature","properties":{"event":"May 2024 (PlanetScope 05-May-2024)"},"geometry":{"type":"Point","coordinates":[39.63521,-0.45178]}},{"type":"Feature","properties":{"event":"May 2024 (PlanetScope 05-May-2024)"},"geometry":{"type":"Point","coordinates":[39.63502,-0.45175]}},{"type":"Feature","properties":{"event":"May 2024 (PlanetScope 05-May-2024)"},"geometry":{"type":"Point","coordinates":[39.63506,-0.45186]}},{"type":"Feature","properties":{"event":"May 2024 (PlanetScope 05-May-2024)"},"geometry":{"type":"Point","coordinates":[39.63502,-0.45203]}},{"type":"Feature","properties":{"event":"May 2024 (PlanetScope 05-May-2024)"},"geometry":{"type":"Point","coordinates":[39.63498,-0.45223]}},{"type":"Feature","properties":{"event":"May 2024 (PlanetScope 05-May-2024)"},"geometry":{"type":"Point","coordinates":[39.63521,-0.45241]}},{"type":"Feature","properties":{"event":"May 2024 (PlanetScope 05-May-2024)"},"geometry":{"type":"Point","coordinates":[39.63537,-0.45215]}},{"type":"Feature","properties":{"event":"May 2024 (PlanetScope 05-May-2024)"},"geometry":{"type":"Point","coordinates":[39.63561,-0.45205]}},{"type":"Feature","properties":{"event":"May 2024 (PlanetScope 05-May-2024)"},"geometry":{"type":"Point","coordinates":[39.63657,-0.45048]}},{"type":"Feature","properties":{"event":"May 2024 (PlanetScope 05-May-2024)"},"geometry":{"type":"Point","coordinates":[39.63622,-0.45211]}},{"type":"Feature","properties":{"event":"May 2024 (PlanetScope 05-May-2024)"},"geometry":{"type":"Point","coordinates":[39.63629,-0.45213]}},{"type":"Feature","properties":{"event":"May 2024 (PlanetScope 05-May-2024)"},"geometry":{"type":"Point","coordinates":[39.63593,-0.45216]}},{"type":"Feature","properties":{"event":"May 2024 (PlanetScope 05-May-2024)"},"geometry":{"type":"Point","coordinates":[39.63611,-0.45213]}},{"type":"Feature","properties":{"event":"May 2024 (PlanetScope 05-May-2024)"},"geometry":{"type":"Point","coordinates":[39.63604,-0.45171]}},{"type":"Feature","properties":{"event":"May 2024 (PlanetScope 05-May-2024)"},"geometry":{"type":"Point","coordinates":[39.6362,-0.45141]}},{"type":"Feature","properties":{"event":"May 2024 (PlanetScope 05-May-2024)"},"geometry":{"type":"Point","coordinates":[39.63636,-0.45105]}},{"type":"Feature","properties":{"event":"May 2024 (PlanetScope 05-May-2024)"},"geometry":{"type":"Point","coordinates":[39.6364,-0.4511]}},{"type":"Feature","properties":{"event":"May 2024 (PlanetScope 05-May-2024)"},"geometry":{"type":"Point","coordinates":[39.63619,-0.45113]}},{"type":"Feature","properties":{"event":"May 2024 (PlanetScope 05-May-2024)"},"geometry":{"type":"Point","coordinates":[39.63628,-0.45076]}},{"type":"Feature","properties":{"event":"May 2024 (PlanetScope 05-May-2024)"},"geometry":{"type":"Point","coordinates":[39.63651,-0.45073]}},{"type":"Feature","properties":{"event":"May 2024 (PlanetScope 05-May-2024)"},"geometry":{"type":"Point","coordinates":[39.63673,-0.45054]}},{"type":"Feature","properties":{"event":"May 2024 (PlanetScope 05-May-2024)"},"geometry":{"type":"Point","coordinates":[39.63635,-0.45071]}},{"type":"Feature","properties":{"event":"May 2024 (PlanetScope 05-May-2024)"},"geometry":{"type":"Point","coordinates":[39.63674,-0.45079]}},{"type":"Feature","properties":{"event":"May 2024 (PlanetScope 05-May-2024)"},"geometry":{"type":"Point","coordinates":[39.63666,-0.45082]}},{"type":"Feature","properties":{"event":"May 2024 (PlanetScope 05-May-2024)"},"geometry":{"type":"Point","coordinates":[39.63669,-0.45099]}},{"type":"Feature","properties":{"event":"May 2024 (PlanetScope 05-May-2024)"},"geometry":{"type":"Point","coordinates":[39.6366,-0.45102]}},{"type":"Feature","properties":{"event":"May 2024 (PlanetScope 05-May-2024)"},"geometry":{"type":"Point","coordinates":[39.63612,-0.45122]}},{"type":"Feature","properties":{"event":"May 2024 (PlanetScope 05-May-2024)"},"geometry":{"type":"Point","coordinates":[39.63635,-0.45143]}},{"type":"Feature","properties":{"event":"May 2024 (PlanetScope 05-May-2024)"},"geometry":{"type":"Point","coordinates":[39.63613,-0.45148]}},{"type":"Feature","properties":{"event":"May 2024 (PlanetScope 05-May-2024)"},"geometry":{"type":"Point","coordinates":[39.63602,-0.45248]}},{"type":"Feature","properties":{"event":"May 2024 (PlanetScope 05-May-2024)"},"geometry":{"type":"Point","coordinates":[39.63619,-0.45205]}},{"type":"Feature","properties":{"event":"May 2024 (PlanetScope 05-May-2024)"},"geometry":{"type":"Point","coordinates":[39.63606,-0.45219]}},{"type":"Feature","properties":{"event":"May 2024 (PlanetScope 05-May-2024)"},"geometry":{"type":"Point","coordinates":[39.63578,-0.45251]}},{"type":"Feature","properties":{"event":"May 2024 (PlanetScope 05-May-2024)"},"geometry":{"type":"Point","coordinates":[39.64296,-0.4818]}},{"type":"Feature","properties":{"event":"May 2024 (PlanetScope 05-May-2024)"},"geometry":{"type":"Point","coordinates":[39.64257,-0.48243]}},{"type":"Feature","properties":{"event":"May 2024 (PlanetScope 05-May-2024)"},"geometry":{"type":"Point","coordinates":[39.64273,-0.48255]}},{"type":"Feature","properties":{"event":"May 2024 (PlanetScope 05-May-2024)"},"geometry":{"type":"Point","coordinates":[39.64273,-0.48273]}},{"type":"Feature","properties":{"event":"May 2024 (PlanetScope 05-May-2024)"},"geometry":{"type":"Point","coordinates":[39.64327,-0.4829]}},{"type":"Feature","properties":{"event":"May 2024 (PlanetScope 05-May-2024)"},"geometry":{"type":"Point","coordinates":[39.6433,-0.48301]}},{"type":"Feature","properties":{"event":"May 2024 (PlanetScope 05-May-2024)"},"geometry":{"type":"Point","coordinates":[39.64318,-0.48265]}},{"type":"Feature","properties":{"event":"May 2024 (PlanetScope 05-May-2024)"},"geometry":{"type":"Point","coordinates":[39.63688,-0.45062]}},{"type":"Feature","properties":{"event":"May 2024 (PlanetScope 05-May-2024)"},"geometry":{"type":"Point","coordinates":[39.64257,-0.47967]}},{"type":"Feature","properties":{"event":"May 2024 (PlanetScope 05-May-2024)"},"geometry":{"type":"Point","coordinates":[39.64262,-0.47977]}},{"type":"Feature","properties":{"event":"May 2024 (PlanetScope 05-May-2024)"},"geometry":{"type":"Point","coordinates":[39.64261,-0.47963]}},{"type":"Feature","properties":{"event":"May 2024 (PlanetScope 05-May-2024)"},"geometry":{"type":"Point","coordinates":[39.64264,-0.48279]}},{"type":"Feature","properties":{"event":"May 2024 (PlanetScope 05-May-2024)"},"geometry":{"type":"Point","coordinates":[39.64173,-0.47261]}},{"type":"Feature","properties":{"event":"May 2024 (PlanetScope 05-May-2024)"},"geometry":{"type":"Point","coordinates":[39.64164,-0.47288]}},{"type":"Feature","properties":{"event":"May 2024 (PlanetScope 05-May-2024)"},"geometry":{"type":"Point","coordinates":[39.63598,-0.44451]}},{"type":"Feature","properties":{"event":"May 2024 (PlanetScope 05-May-2024)"},"geometry":{"type":"Point","coordinates":[39.63589,-0.44437]}},{"type":"Feature","properties":{"event":"May 2024 (PlanetScope 05-May-2024)"},"geometry":{"type":"Point","coordinates":[39.63612,-0.44446]}},{"type":"Feature","properties":{"event":"May 2024 (PlanetScope 05-May-2024)"},"geometry":{"type":"Point","coordinates":[39.63609,-0.44458]}},{"type":"Feature","properties":{"event":"May 2024 (PlanetScope 05-May-2024)"},"geometry":{"type":"Point","coordinates":[39.63651,-0.44429]}},{"type":"Feature","properties":{"event":"May 2024 (PlanetScope 05-May-2024)"},"geometry":{"type":"Point","coordinates":[39.63682,-0.44448]}},{"type":"Feature","properties":{"event":"May 2024 (PlanetScope 05-May-2024)"},"geometry":{"type":"Point","coordinates":[39.63694,-0.44451]}},{"type":"Feature","properties":{"event":"May 2024 (PlanetScope 05-May-2024)"},"geometry":{"type":"Point","coordinates":[39.636,-0.44483]}},{"type":"Feature","properties":{"event":"May 2024 (PlanetScope 05-May-2024)"},"geometry":{"type":"Point","coordinates":[39.63571,-0.44476]}},{"type":"Feature","properties":{"event":"May 2024 (PlanetScope 05-May-2024)"},"geometry":{"type":"Point","coordinates":[39.63595,-0.44473]}},{"type":"Feature","properties":{"event":"May 2024 (PlanetScope 05-May-2024)"},"geometry":{"type":"Point","coordinates":[39.63578,-0.44466]}},{"type":"Feature","properties":{"event":"May 2024 (PlanetScope 05-May-2024)"},"geometry":{"type":"Point","coordinates":[39.63556,-0.44444]}},{"type":"Feature","properties":{"event":"May 2024 (PlanetScope 05-May-2024)"},"geometry":{"type":"Point","coordinates":[39.63535,-0.44454]}},{"type":"Feature","properties":{"event":"May 2024 (PlanetScope 05-May-2024)"},"geometry":{"type":"Point","coordinates":[39.63547,-0.44443]}},{"type":"Feature","properties":{"event":"May 2024 (PlanetScope 05-May-2024)"},"geometry":{"type":"Point","coordinates":[39.63534,-0.44439]}},{"type":"Feature","properties":{"event":"May 2024 (PlanetScope 05-May-2024)"},"geometry":{"type":"Point","coordinates":[39.63563,-0.44452]}},{"type":"Feature","properties":{"event":"May 2024 (PlanetScope 05-May-2024)"},"geometry":{"type":"Point","coordinates":[39.63553,-0.44466]}},{"type":"Feature","properties":{"event":"May 2024 (PlanetScope 05-May-2024)"},"geometry":{"type":"Point","coordinates":[39.63545,-0.44479]}},{"type":"Feature","properties":{"event":"May 2024 (PlanetScope 05-May-2024)"},"geometry":{"type":"Point","coordinates":[39.63503,-0.44456]}},{"type":"Feature","properties":{"event":"May 2024 (PlanetScope 05-May-2024)"},"geometry":{"type":"Point","coordinates":[39.63507,-0.44444]}},{"type":"Feature","properties":{"event":"May 2024 (PlanetScope 05-May-2024)"},"geometry":{"type":"Point","coordinates":[39.61648,-0.47829]}},{"type":"Feature","properties":{"event":"May 2024 (PlanetScope 05-May-2024)"},"geometry":{"type":"Point","coordinates":[39.63944,-0.47543]}},{"type":"Feature","properties":{"event":"May 2024 (PlanetScope 05-May-2024)"},"geometry":{"type":"Point","coordinates":[39.63952,-0.47633]}},{"type":"Feature","properties":{"event":"May 2024 (PlanetScope 05-May-2024)"},"geometry":{"type":"Point","coordinates":[39.6411,-0.47671]}},{"type":"Feature","properties":{"event":"May 2024 (PlanetScope 05-May-2024)"},"geometry":{"type":"Point","coordinates":[39.64085,-0.47675]}},{"type":"Feature","properties":{"event":"May 2024 (PlanetScope 05-May-2024)"},"geometry":{"type":"Point","coordinates":[39.64073,-0.47679]}},{"type":"Feature","properties":{"event":"May 2024 (PlanetScope 05-May-2024)"},"geometry":{"type":"Point","coordinates":[39.64038,-0.47653]}},{"type":"Feature","properties":{"event":"May 2024 (PlanetScope 05-May-2024)"},"geometry":{"type":"Point","coordinates":[39.63908,-0.47595]}},{"type":"Feature","properties":{"event":"May 2024 (PlanetScope 05-May-2024)"},"geometry":{"type":"Point","coordinates":[39.63926,-0.47609]}},{"type":"Feature","properties":{"event":"May 2024 (PlanetScope 05-May-2024)"},"geometry":{"type":"Point","coordinates":[39.63931,-0.47574]}},{"type":"Feature","properties":{"event":"May 2024 (PlanetScope 05-May-2024)"},"geometry":{"type":"Point","coordinates":[39.63943,-0.47608]}},{"type":"Feature","properties":{"event":"May 2024 (PlanetScope 05-May-2024)"},"geometry":{"type":"Point","coordinates":[39.62915,-0.43439]}},{"type":"Feature","properties":{"event":"May 2024 (PlanetScope 05-May-2024)"},"geometry":{"type":"Point","coordinates":[39.6297,-0.43432]}},{"type":"Feature","properties":{"event":"May 2024 (PlanetScope 05-May-2024)"},"geometry":{"type":"Point","coordinates":[39.62958,-0.43418]}},{"type":"Feature","properties":{"event":"May 2024 (PlanetScope 05-May-2024)"},"geometry":{"type":"Point","coordinates":[39.63112,-0.43539]}},{"type":"Feature","properties":{"event":"May 2024 (PlanetScope 05-May-2024)"},"geometry":{"type":"Point","coordinates":[39.62854,-0.46191]}},{"type":"Feature","properties":{"event":"May 2024 (PlanetScope 05-May-2024)"},"geometry":{"type":"Point","coordinates":[39.62879,-0.46198]}},{"type":"Feature","properties":{"event":"May 2024 (PlanetScope 05-May-2024)"},"geometry":{"type":"Point","coordinates":[39.62886,-0.46195]}},{"type":"Feature","properties":{"event":"May 2024 (PlanetScope 05-May-2024)"},"geometry":{"type":"Point","coordinates":[39.62885,-0.46224]}},{"type":"Feature","properties":{"event":"May 2024 (PlanetScope 05-May-2024)"},"geometry":{"type":"Point","coordinates":[39.62887,-0.46211]}},{"type":"Feature","properties":{"event":"May 2024 (PlanetScope 05-May-2024)"},"geometry":{"type":"Point","coordinates":[39.62914,-0.46208]}},{"type":"Feature","properties":{"event":"May 2024 (PlanetScope 05-May-2024)"},"geometry":{"type":"Point","coordinates":[39.62919,-0.46223]}},{"type":"Feature","properties":{"event":"May 2024 (PlanetScope 05-May-2024)"},"geometry":{"type":"Point","coordinates":[39.62926,-0.46238]}},{"type":"Feature","properties":{"event":"May 2024 (PlanetScope 05-May-2024)"},"geometry":{"type":"Point","coordinates":[39.62931,-0.46225]}},{"type":"Feature","properties":{"event":"May 2024 (PlanetScope 05-May-2024)"},"geometry":{"type":"Point","coordinates":[39.6294,-0.46222]}},{"type":"Feature","properties":{"event":"May 2024 (PlanetScope 05-May-2024)"},"geometry":{"type":"Point","coordinates":[39.62944,-0.46228]}},{"type":"Feature","properties":{"event":"May 2024 (PlanetScope 05-May-2024)"},"geometry":{"type":"Point","coordinates":[39.62946,-0.46214]}},{"type":"Feature","properties":{"event":"May 2024 (PlanetScope 05-May-2024)"},"geometry":{"type":"Point","coordinates":[39.62948,-0.46206]}},{"type":"Feature","properties":{"event":"May 2024 (PlanetScope 05-May-2024)"},"geometry":{"type":"Point","coordinates":[39.62963,-0.46224]}},{"type":"Feature","properties":{"event":"May 2024 (PlanetScope 05-May-2024)"},"geometry":{"type":"Point","coordinates":[39.62961,-0.46257]}},{"type":"Feature","properties":{"event":"May 2024 (PlanetScope 05-May-2024)"},"geometry":{"type":"Point","coordinates":[39.62965,-0.46212]}},{"type":"Feature","properties":{"event":"May 2024 (PlanetScope 05-May-2024)"},"geometry":{"type":"Point","coordinates":[39.62988,-0.46218]}},{"type":"Feature","properties":{"event":"May 2024 (PlanetScope 05-May-2024)"},"geometry":{"type":"Point","coordinates":[39.6299,-0.4623]}},{"type":"Feature","properties":{"event":"May 2024 (PlanetScope 05-May-2024)"},"geometry":{"type":"Point","coordinates":[39.62985,-0.46238]}},{"type":"Feature","properties":{"event":"May 2024 (PlanetScope 05-May-2024)"},"geometry":{"type":"Point","coordinates":[39.6302,-0.46231]}},{"type":"Feature","properties":{"event":"May 2024 (PlanetScope 05-May-2024)"},"geometry":{"type":"Point","coordinates":[39.63012,-0.46247]}},{"type":"Feature","properties":{"event":"May 2024 (PlanetScope 05-May-2024)"},"geometry":{"type":"Point","coordinates":[39.63009,-0.46264]}},{"type":"Feature","properties":{"event":"May 2024 (PlanetScope 05-May-2024)"},"geometry":{"type":"Point","coordinates":[39.63027,-0.46256]}},{"type":"Feature","properties":{"event":"May 2024 (PlanetScope 05-May-2024)"},"geometry":{"type":"Point","coordinates":[39.63038,-0.46265]}},{"type":"Feature","properties":{"event":"May 2024 (PlanetScope 05-May-2024)"},"geometry":{"type":"Point","coordinates":[39.63029,-0.46249]}},{"type":"Feature","properties":{"event":"May 2024 (PlanetScope 05-May-2024)"},"geometry":{"type":"Point","coordinates":[39.63033,-0.4624]}},{"type":"Feature","properties":{"event":"May 2024 (PlanetScope 05-May-2024)"},"geometry":{"type":"Point","coordinates":[39.63027,-0.46281]}},{"type":"Feature","properties":{"event":"May 2024 (PlanetScope 05-May-2024)"},"geometry":{"type":"Point","coordinates":[39.63013,-0.46307]}},{"type":"Feature","properties":{"event":"May 2024 (PlanetScope 05-May-2024)"},"geometry":{"type":"Point","coordinates":[39.63038,-0.46298]}},{"type":"Feature","properties":{"event":"May 2024 (PlanetScope 05-May-2024)"},"geometry":{"type":"Point","coordinates":[39.62999,-0.46334]}},{"type":"Feature","properties":{"event":"May 2024 (PlanetScope 05-May-2024)"},"geometry":{"type":"Point","coordinates":[39.63025,-0.46364]}},{"type":"Feature","properties":{"event":"May 2024 (PlanetScope 05-May-2024)"},"geometry":{"type":"Point","coordinates":[39.63038,-0.46337]}},{"type":"Feature","properties":{"event":"May 2024 (PlanetScope 05-May-2024)"},"geometry":{"type":"Point","coordinates":[39.62968,-0.463]}},{"type":"Feature","properties":{"event":"May 2024 (PlanetScope 05-May-2024)"},"geometry":{"type":"Point","coordinates":[39.63613,-0.44246]}},{"type":"Feature","properties":{"event":"May 2024 (PlanetScope 05-May-2024)"},"geometry":{"type":"Point","coordinates":[39.63604,-0.44291]}},{"type":"Feature","properties":{"event":"May 2024 (PlanetScope 05-May-2024)"},"geometry":{"type":"Point","coordinates":[39.63474,-0.44339]}},{"type":"Feature","properties":{"event":"May 2024 (PlanetScope 05-May-2024)"},"geometry":{"type":"Point","coordinates":[39.63454,-0.44284]}},{"type":"Feature","properties":{"event":"May 2024 (PlanetScope 05-May-2024)"},"geometry":{"type":"Point","coordinates":[39.6347,-0.44268]}},{"type":"Feature","properties":{"event":"May 2024 (PlanetScope 05-May-2024)"},"geometry":{"type":"Point","coordinates":[39.63481,-0.4427]}},{"type":"Feature","properties":{"event":"May 2024 (PlanetScope 05-May-2024)"},"geometry":{"type":"Point","coordinates":[39.63573,-0.44159]}},{"type":"Feature","properties":{"event":"May 2024 (PlanetScope 05-May-2024)"},"geometry":{"type":"Point","coordinates":[39.63569,-0.44142]}},{"type":"Feature","properties":{"event":"May 2024 (PlanetScope 05-May-2024)"},"geometry":{"type":"Point","coordinates":[39.63583,-0.44228]}},{"type":"Feature","properties":{"event":"May 2024 (PlanetScope 05-May-2024)"},"geometry":{"type":"Point","coordinates":[39.63687,-0.44299]}},{"type":"Feature","properties":{"event":"May 2024 (PlanetScope 05-May-2024)"},"geometry":{"type":"Point","coordinates":[39.63678,-0.44274]}},{"type":"Feature","properties":{"event":"May 2024 (PlanetScope 05-May-2024)"},"geometry":{"type":"Point","coordinates":[39.63577,-0.4424]}},{"type":"Feature","properties":{"event":"May 2024 (PlanetScope 05-May-2024)"},"geometry":{"type":"Point","coordinates":[39.63594,-0.44253]}},{"type":"Feature","properties":{"event":"May 2024 (PlanetScope 05-May-2024)"},"geometry":{"type":"Point","coordinates":[39.63593,-0.44246]}},{"type":"Feature","properties":{"event":"May 2024 (PlanetScope 05-May-2024)"},"geometry":{"type":"Point","coordinates":[39.63602,-0.44245]}},{"type":"Feature","properties":{"event":"May 2024 (PlanetScope 05-May-2024)"},"geometry":{"type":"Point","coordinates":[39.63567,-0.44271]}},{"type":"Feature","properties":{"event":"May 2024 (PlanetScope 05-May-2024)"},"geometry":{"type":"Point","coordinates":[39.63632,-0.44266]}},{"type":"Feature","properties":{"event":"May 2024 (PlanetScope 05-May-2024)"},"geometry":{"type":"Point","coordinates":[39.63641,-0.44314]}},{"type":"Feature","properties":{"event":"May 2024 (PlanetScope 05-May-2024)"},"geometry":{"type":"Point","coordinates":[39.63612,-0.44302]}},{"type":"Feature","properties":{"event":"May 2024 (PlanetScope 05-May-2024)"},"geometry":{"type":"Point","coordinates":[39.63616,-0.44286]}},{"type":"Feature","properties":{"event":"May 2024 (PlanetScope 05-May-2024)"},"geometry":{"type":"Point","coordinates":[39.63629,-0.44282]}},{"type":"Feature","properties":{"event":"May 2024 (PlanetScope 05-May-2024)"},"geometry":{"type":"Point","coordinates":[39.63602,-0.44418]}},{"type":"Feature","properties":{"event":"May 2024 (PlanetScope 05-May-2024)"},"geometry":{"type":"Point","coordinates":[39.63582,-0.44431]}},{"type":"Feature","properties":{"event":"May 2024 (PlanetScope 05-May-2024)"},"geometry":{"type":"Point","coordinates":[39.63587,-0.44422]}},{"type":"Feature","properties":{"event":"May 2024 (PlanetScope 05-May-2024)"},"geometry":{"type":"Point","coordinates":[39.63619,-0.44339]}},{"type":"Feature","properties":{"event":"May 2024 (PlanetScope 05-May-2024)"},"geometry":{"type":"Point","coordinates":[39.63715,-0.44426]}},{"type":"Feature","properties":{"event":"May 2024 (PlanetScope 05-May-2024)"},"geometry":{"type":"Point","coordinates":[39.63399,-0.44477]}},{"type":"Feature","properties":{"event":"May 2024 (PlanetScope 05-May-2024)"},"geometry":{"type":"Point","coordinates":[39.63442,-0.44491]}},{"type":"Feature","properties":{"event":"May 2024 (PlanetScope 05-May-2024)"},"geometry":{"type":"Point","coordinates":[39.63476,-0.44488]}},{"type":"Feature","properties":{"event":"May 2024 (PlanetScope 05-May-2024)"},"geometry":{"type":"Point","coordinates":[39.63479,-0.44476]}},{"type":"Feature","properties":{"event":"May 2024 (PlanetScope 05-May-2024)"},"geometry":{"type":"Point","coordinates":[39.63476,-0.44469]}},{"type":"Feature","properties":{"event":"May 2024 (PlanetScope 05-May-2024)"},"geometry":{"type":"Point","coordinates":[39.63435,-0.4445]}},{"type":"Feature","properties":{"event":"May 2024 (PlanetScope 05-May-2024)"},"geometry":{"type":"Point","coordinates":[39.63555,-0.44408]}},{"type":"Feature","properties":{"event":"May 2024 (PlanetScope 05-May-2024)"},"geometry":{"type":"Point","coordinates":[39.63574,-0.44418]}},{"type":"Feature","properties":{"event":"May 2024 (PlanetScope 05-May-2024)"},"geometry":{"type":"Point","coordinates":[39.63573,-0.4443]}},{"type":"Feature","properties":{"event":"May 2024 (PlanetScope 05-May-2024)"},"geometry":{"type":"Point","coordinates":[39.63557,-0.44428]}},{"type":"Feature","properties":{"event":"May 2024 (PlanetScope 05-May-2024)"},"geometry":{"type":"Point","coordinates":[39.63518,-0.4441]}},{"type":"Feature","properties":{"event":"May 2024 (PlanetScope 05-May-2024)"},"geometry":{"type":"Point","coordinates":[39.63526,-0.44408]}},{"type":"Feature","properties":{"event":"May 2024 (PlanetScope 05-May-2024)"},"geometry":{"type":"Point","coordinates":[39.63533,-0.44413]}},{"type":"Feature","properties":{"event":"May 2024 (PlanetScope 05-May-2024)"},"geometry":{"type":"Point","coordinates":[39.6354,-0.44084]}},{"type":"Feature","properties":{"event":"May 2024 (PlanetScope 05-May-2024)"},"geometry":{"type":"Point","coordinates":[39.63552,-0.44047]}},{"type":"Feature","properties":{"event":"May 2024 (PlanetScope 05-May-2024)"},"geometry":{"type":"Point","coordinates":[39.63545,-0.44122]}},{"type":"Feature","properties":{"event":"May 2024 (PlanetScope 05-May-2024)"},"geometry":{"type":"Point","coordinates":[39.63525,-0.44044]}},{"type":"Feature","properties":{"event":"May 2024 (PlanetScope 05-May-2024)"},"geometry":{"type":"Point","coordinates":[39.6349,-0.44103]}},{"type":"Feature","properties":{"event":"May 2024 (PlanetScope 05-May-2024)"},"geometry":{"type":"Point","coordinates":[39.63498,-0.44106]}},{"type":"Feature","properties":{"event":"May 2024 (PlanetScope 05-May-2024)"},"geometry":{"type":"Point","coordinates":[39.63553,-0.44099]}},{"type":"Feature","properties":{"event":"May 2024 (PlanetScope 05-May-2024)"},"geometry":{"type":"Point","coordinates":[39.63549,-0.44086]}},{"type":"Feature","properties":{"event":"May 2024 (PlanetScope 05-May-2024)"},"geometry":{"type":"Point","coordinates":[39.63562,-0.44136]}},{"type":"Feature","properties":{"event":"May 2024 (PlanetScope 05-May-2024)"},"geometry":{"type":"Point","coordinates":[39.63504,-0.44083]}},{"type":"Feature","properties":{"event":"May 2024 (PlanetScope 05-May-2024)"},"geometry":{"type":"Point","coordinates":[39.63474,-0.44393]}},{"type":"Feature","properties":{"event":"May 2024 (PlanetScope 05-May-2024)"},"geometry":{"type":"Point","coordinates":[39.63477,-0.44443]}},{"type":"Feature","properties":{"event":"May 2024 (PlanetScope 05-May-2024)"},"geometry":{"type":"Point","coordinates":[39.63476,-0.44434]}},{"type":"Feature","properties":{"event":"May 2024 (PlanetScope 05-May-2024)"},"geometry":{"type":"Point","coordinates":[39.63569,-0.44405]}},{"type":"Feature","properties":{"event":"May 2024 (PlanetScope 05-May-2024)"},"geometry":{"type":"Point","coordinates":[39.6358,-0.44418]}},{"type":"Feature","properties":{"event":"May 2024 (PlanetScope 05-May-2024)"},"geometry":{"type":"Point","coordinates":[39.63583,-0.44407]}},{"type":"Feature","properties":{"event":"May 2024 (PlanetScope 05-May-2024)"},"geometry":{"type":"Point","coordinates":[39.63484,-0.44281]}},{"type":"Feature","properties":{"event":"May 2024 (PlanetScope 05-May-2024)"},"geometry":{"type":"Point","coordinates":[39.63628,-0.44311]}},{"type":"Feature","properties":{"event":"May 2024 (PlanetScope 05-May-2024)"},"geometry":{"type":"Point","coordinates":[39.63641,-0.44394]}},{"type":"Feature","properties":{"event":"May 2024 (PlanetScope 05-May-2024)"},"geometry":{"type":"Point","coordinates":[39.63544,-0.44387]}},{"type":"Feature","properties":{"event":"May 2024 (PlanetScope 05-May-2024)"},"geometry":{"type":"Point","coordinates":[39.63438,-0.44334]}},{"type":"Feature","properties":{"event":"May 2024 (PlanetScope 05-May-2024)"},"geometry":{"type":"Point","coordinates":[39.6345,-0.44349]}},{"type":"Feature","properties":{"event":"May 2024 (PlanetScope 05-May-2024)"},"geometry":{"type":"Point","coordinates":[39.63464,-0.4435]}},{"type":"Feature","properties":{"event":"May 2024 (PlanetScope 05-May-2024)"},"geometry":{"type":"Point","coordinates":[39.63484,-0.4434]}},{"type":"Feature","properties":{"event":"May 2024 (PlanetScope 05-May-2024)"},"geometry":{"type":"Point","coordinates":[39.63483,-0.44352]}},{"type":"Feature","properties":{"event":"May 2024 (PlanetScope 05-May-2024)"},"geometry":{"type":"Point","coordinates":[39.63478,-0.44354]}},{"type":"Feature","properties":{"event":"May 2024 (PlanetScope 05-May-2024)"},"geometry":{"type":"Point","coordinates":[39.63539,-0.44355]}},{"type":"Feature","properties":{"event":"May 2024 (PlanetScope 05-May-2024)"},"geometry":{"type":"Point","coordinates":[39.63533,-0.44358]}},{"type":"Feature","properties":{"event":"May 2024 (PlanetScope 05-May-2024)"},"geometry":{"type":"Point","coordinates":[39.63486,-0.44368]}},{"type":"Feature","properties":{"event":"May 2024 (PlanetScope 05-May-2024)"},"geometry":{"type":"Point","coordinates":[39.63525,-0.44355]}},{"type":"Feature","properties":{"event":"May 2024 (PlanetScope 05-May-2024)"},"geometry":{"type":"Point","coordinates":[39.63491,-0.44296]}},{"type":"Feature","properties":{"event":"May 2024 (PlanetScope 05-May-2024)"},"geometry":{"type":"Point","coordinates":[39.63479,-0.44297]}},{"type":"Feature","properties":{"event":"May 2024 (PlanetScope 05-May-2024)"},"geometry":{"type":"Point","coordinates":[39.6345,-0.44338]}},{"type":"Feature","properties":{"event":"May 2024 (PlanetScope 05-May-2024)"},"geometry":{"type":"Point","coordinates":[39.63436,-0.44351]}},{"type":"Feature","properties":{"event":"May 2024 (PlanetScope 05-May-2024)"},"geometry":{"type":"Point","coordinates":[39.63441,-0.44358]}},{"type":"Feature","properties":{"event":"May 2024 (PlanetScope 05-May-2024)"},"geometry":{"type":"Point","coordinates":[39.63516,-0.44378]}},{"type":"Feature","properties":{"event":"May 2024 (PlanetScope 05-May-2024)"},"geometry":{"type":"Point","coordinates":[39.63499,-0.44366]}},{"type":"Feature","properties":{"event":"May 2024 (PlanetScope 05-May-2024)"},"geometry":{"type":"Point","coordinates":[39.63484,-0.44378]}},{"type":"Feature","properties":{"event":"May 2024 (PlanetScope 05-May-2024)"},"geometry":{"type":"Point","coordinates":[39.63452,-0.44379]}},{"type":"Feature","properties":{"event":"May 2024 (PlanetScope 05-May-2024)"},"geometry":{"type":"Point","coordinates":[39.63484,-0.44393]}},{"type":"Feature","properties":{"event":"May 2024 (PlanetScope 05-May-2024)"},"geometry":{"type":"Point","coordinates":[39.63537,-0.44379]}},{"type":"Feature","properties":{"event":"May 2024 (PlanetScope 05-May-2024)"},"geometry":{"type":"Point","coordinates":[39.63531,-0.44335]}},{"type":"Feature","properties":{"event":"May 2024 (PlanetScope 05-May-2024)"},"geometry":{"type":"Point","coordinates":[39.63517,-0.44341]}},{"type":"Feature","properties":{"event":"May 2024 (PlanetScope 05-May-2024)"},"geometry":{"type":"Point","coordinates":[39.62755,-0.47565]}},{"type":"Feature","properties":{"event":"May 2024 (PlanetScope 05-May-2024)"},"geometry":{"type":"Point","coordinates":[39.62604,-0.47528]}},{"type":"Feature","properties":{"event":"May 2024 (PlanetScope 05-May-2024)"},"geometry":{"type":"Point","coordinates":[39.62538,-0.47895]}},{"type":"Feature","properties":{"event":"May 2024 (PlanetScope 05-May-2024)"},"geometry":{"type":"Point","coordinates":[39.63574,-0.45336]}},{"type":"Feature","properties":{"event":"May 2024 (PlanetScope 05-May-2024)"},"geometry":{"type":"Point","coordinates":[39.63576,-0.45367]}},{"type":"Feature","properties":{"event":"May 2024 (PlanetScope 05-May-2024)"},"geometry":{"type":"Point","coordinates":[39.63569,-0.45356]}},{"type":"Feature","properties":{"event":"May 2024 (PlanetScope 05-May-2024)"},"geometry":{"type":"Point","coordinates":[39.63562,-0.45377]}},{"type":"Feature","properties":{"event":"May 2024 (PlanetScope 05-May-2024)"},"geometry":{"type":"Point","coordinates":[39.61202,-0.46517]}},{"type":"Feature","properties":{"event":"May 2024 (PlanetScope 05-May-2024)"},"geometry":{"type":"Point","coordinates":[39.61197,-0.46539]}},{"type":"Feature","properties":{"event":"May 2024 (PlanetScope 05-May-2024)"},"geometry":{"type":"Point","coordinates":[39.61188,-0.46578]}},{"type":"Feature","properties":{"event":"May 2024 (PlanetScope 05-May-2024)"},"geometry":{"type":"Point","coordinates":[39.61197,-0.46552]}},{"type":"Feature","properties":{"event":"May 2024 (PlanetScope 05-May-2024)"},"geometry":{"type":"Point","coordinates":[39.61191,-0.46246]}},{"type":"Feature","properties":{"event":"May 2024 (PlanetScope 05-May-2024)"},"geometry":{"type":"Point","coordinates":[39.61154,-0.46343]}},{"type":"Feature","properties":{"event":"May 2024 (PlanetScope 05-May-2024)"},"geometry":{"type":"Point","coordinates":[39.61171,-0.46328]}},{"type":"Feature","properties":{"event":"May 2024 (PlanetScope 05-May-2024)"},"geometry":{"type":"Point","coordinates":[39.6113,-0.46359]}},{"type":"Feature","properties":{"event":"May 2024 (PlanetScope 05-May-2024)"},"geometry":{"type":"Point","coordinates":[39.61169,-0.46375]}},{"type":"Feature","properties":{"event":"May 2024 (PlanetScope 05-May-2024)"},"geometry":{"type":"Point","coordinates":[39.61157,-0.4638]}},{"type":"Feature","properties":{"event":"May 2024 (PlanetScope 05-May-2024)"},"geometry":{"type":"Point","coordinates":[39.61159,-0.4637]}},{"type":"Feature","properties":{"event":"May 2024 (PlanetScope 05-May-2024)"},"geometry":{"type":"Point","coordinates":[39.61168,-0.4637]}},{"type":"Feature","properties":{"event":"May 2024 (PlanetScope 05-May-2024)"},"geometry":{"type":"Point","coordinates":[39.6118,-0.4639]}},{"type":"Feature","properties":{"event":"May 2024 (PlanetScope 05-May-2024)"},"geometry":{"type":"Point","coordinates":[39.61162,-0.46396]}},{"type":"Feature","properties":{"event":"May 2024 (PlanetScope 05-May-2024)"},"geometry":{"type":"Point","coordinates":[39.61162,-0.46412]}},{"type":"Feature","properties":{"event":"May 2024 (PlanetScope 05-May-2024)"},"geometry":{"type":"Point","coordinates":[39.61175,-0.46419]}},{"type":"Feature","properties":{"event":"May 2024 (PlanetScope 05-May-2024)"},"geometry":{"type":"Point","coordinates":[39.61157,-0.46423]}},{"type":"Feature","properties":{"event":"May 2024 (PlanetScope 05-May-2024)"},"geometry":{"type":"Point","coordinates":[39.61194,-0.46431]}},{"type":"Feature","properties":{"event":"May 2024 (PlanetScope 05-May-2024)"},"geometry":{"type":"Point","coordinates":[39.61192,-0.46442]}},{"type":"Feature","properties":{"event":"May 2024 (PlanetScope 05-May-2024)"},"geometry":{"type":"Point","coordinates":[39.61173,-0.46439]}},{"type":"Feature","properties":{"event":"May 2024 (PlanetScope 05-May-2024)"},"geometry":{"type":"Point","coordinates":[39.61134,-0.46423]}},{"type":"Feature","properties":{"event":"May 2024 (PlanetScope 05-May-2024)"},"geometry":{"type":"Point","coordinates":[39.61136,-0.46471]}},{"type":"Feature","properties":{"event":"May 2024 (PlanetScope 05-May-2024)"},"geometry":{"type":"Point","coordinates":[39.61214,-0.46554]}},{"type":"Feature","properties":{"event":"May 2024 (PlanetScope 05-May-2024)"},"geometry":{"type":"Point","coordinates":[39.61185,-0.46619]}},{"type":"Feature","properties":{"event":"May 2024 (PlanetScope 05-May-2024)"},"geometry":{"type":"Point","coordinates":[39.61202,-0.46635]}},{"type":"Feature","properties":{"event":"May 2024 (PlanetScope 05-May-2024)"},"geometry":{"type":"Point","coordinates":[39.61199,-0.46587]}},{"type":"Feature","properties":{"event":"May 2024 (PlanetScope 05-May-2024)"},"geometry":{"type":"Point","coordinates":[39.61183,-0.46569]}},{"type":"Feature","properties":{"event":"May 2024 (PlanetScope 05-May-2024)"},"geometry":{"type":"Point","coordinates":[39.61163,-0.46516]}},{"type":"Feature","properties":{"event":"May 2024 (PlanetScope 05-May-2024)"},"geometry":{"type":"Point","coordinates":[39.61165,-0.46498]}},{"type":"Feature","properties":{"event":"May 2024 (PlanetScope 05-May-2024)"},"geometry":{"type":"Point","coordinates":[39.61173,-0.46499]}},{"type":"Feature","properties":{"event":"May 2024 (PlanetScope 05-May-2024)"},"geometry":{"type":"Point","coordinates":[39.61179,-0.46509]}},{"type":"Feature","properties":{"event":"May 2024 (PlanetScope 05-May-2024)"},"geometry":{"type":"Point","coordinates":[39.61186,-0.46492]}},{"type":"Feature","properties":{"event":"May 2024 (PlanetScope 05-May-2024)"},"geometry":{"type":"Point","coordinates":[39.61194,-0.46488]}},{"type":"Feature","properties":{"event":"May 2024 (PlanetScope 05-May-2024)"},"geometry":{"type":"Point","coordinates":[39.61225,-0.46479]}},{"type":"Feature","properties":{"event":"May 2024 (PlanetScope 05-May-2024)"},"geometry":{"type":"Point","coordinates":[39.61231,-0.46461]}},{"type":"Feature","properties":{"event":"May 2024 (PlanetScope 05-May-2024)"},"geometry":{"type":"Point","coordinates":[39.61205,-0.46509]}},{"type":"Feature","properties":{"event":"May 2024 (PlanetScope 05-May-2024)"},"geometry":{"type":"Point","coordinates":[39.61212,-0.46515]}},{"type":"Feature","properties":{"event":"May 2024 (PlanetScope 05-May-2024)"},"geometry":{"type":"Point","coordinates":[39.61235,-0.46517]}},{"type":"Feature","properties":{"event":"May 2024 (PlanetScope 05-May-2024)"},"geometry":{"type":"Point","coordinates":[39.61261,-0.46473]}},{"type":"Feature","properties":{"event":"May 2024 (PlanetScope 05-May-2024)"},"geometry":{"type":"Point","coordinates":[39.61261,-0.465]}},{"type":"Feature","properties":{"event":"May 2024 (PlanetScope 05-May-2024)"},"geometry":{"type":"Point","coordinates":[39.61256,-0.46505]}},{"type":"Feature","properties":{"event":"May 2024 (PlanetScope 05-May-2024)"},"geometry":{"type":"Point","coordinates":[39.61286,-0.46508]}},{"type":"Feature","properties":{"event":"May 2024 (PlanetScope 05-May-2024)"},"geometry":{"type":"Point","coordinates":[39.61257,-0.46555]}},{"type":"Feature","properties":{"event":"May 2024 (PlanetScope 05-May-2024)"},"geometry":{"type":"Point","coordinates":[39.61429,-0.4686]}},{"type":"Feature","properties":{"event":"May 2024 (PlanetScope 05-May-2024)"},"geometry":{"type":"Point","coordinates":[39.61464,-0.46855]}},{"type":"Feature","properties":{"event":"May 2024 (PlanetScope 05-May-2024)"},"geometry":{"type":"Point","coordinates":[39.61648,-0.47748]}},{"type":"Feature","properties":{"event":"May 2024 (PlanetScope 05-May-2024)"},"geometry":{"type":"Point","coordinates":[39.61643,-0.47735]}},{"type":"Feature","properties":{"event":"May 2024 (PlanetScope 05-May-2024)"},"geometry":{"type":"Point","coordinates":[39.61641,-0.47708]}},{"type":"Feature","properties":{"event":"May 2024 (PlanetScope 05-May-2024)"},"geometry":{"type":"Point","coordinates":[39.6425,-0.47768]}},{"type":"Feature","properties":{"event":"May 2024 (PlanetScope 05-May-2024)"},"geometry":{"type":"Point","coordinates":[39.64169,-0.47704]}},{"type":"Feature","properties":{"event":"May 2024 (PlanetScope 05-May-2024)"},"geometry":{"type":"Point","coordinates":[39.64161,-0.47696]}},{"type":"Feature","properties":{"event":"May 2024 (PlanetScope 05-May-2024)"},"geometry":{"type":"Point","coordinates":[39.64032,-0.47395]}},{"type":"Feature","properties":{"event":"May 2024 (PlanetScope 05-May-2024)"},"geometry":{"type":"Point","coordinates":[39.64041,-0.47388]}},{"type":"Feature","properties":{"event":"May 2024 (PlanetScope 05-May-2024)"},"geometry":{"type":"Point","coordinates":[39.64006,-0.474]}},{"type":"Feature","properties":{"event":"May 2024 (PlanetScope 05-May-2024)"},"geometry":{"type":"Point","coordinates":[39.63936,-0.47626]}},{"type":"Feature","properties":{"event":"May 2024 (PlanetScope 05-May-2024)"},"geometry":{"type":"Point","coordinates":[39.63947,-0.4762]}},{"type":"Feature","properties":{"event":"May 2024 (PlanetScope 05-May-2024)"},"geometry":{"type":"Point","coordinates":[39.64496,-0.48002]}},{"type":"Feature","properties":{"event":"May 2024 (PlanetScope 05-May-2024)"},"geometry":{"type":"Point","coordinates":[39.64482,-0.4804]}},{"type":"Feature","properties":{"event":"May 2024 (PlanetScope 05-May-2024)"},"geometry":{"type":"Point","coordinates":[39.64463,-0.48055]}},{"type":"Feature","properties":{"event":"May 2024 (PlanetScope 05-May-2024)"},"geometry":{"type":"Point","coordinates":[39.64818,-0.48329]}},{"type":"Feature","properties":{"event":"May 2024 (PlanetScope 05-May-2024)"},"geometry":{"type":"Point","coordinates":[39.64759,-0.48338]}},{"type":"Feature","properties":{"event":"May 2024 (PlanetScope 05-May-2024)"},"geometry":{"type":"Point","coordinates":[39.64774,-0.48335]}},{"type":"Feature","properties":{"event":"May 2024 (PlanetScope 05-May-2024)"},"geometry":{"type":"Point","coordinates":[39.6479,-0.48329]}},{"type":"Feature","properties":{"event":"May 2024 (PlanetScope 05-May-2024)"},"geometry":{"type":"Point","coordinates":[39.64807,-0.48319]}},{"type":"Feature","properties":{"event":"May 2024 (PlanetScope 05-May-2024)"},"geometry":{"type":"Point","coordinates":[39.64817,-0.48315]}},{"type":"Feature","properties":{"event":"May 2024 (PlanetScope 05-May-2024)"},"geometry":{"type":"Point","coordinates":[39.64828,-0.48308]}},{"type":"Feature","properties":{"event":"May 2024 (PlanetScope 05-May-2024)"},"geometry":{"type":"Point","coordinates":[39.64837,-0.48296]}},{"type":"Feature","properties":{"event":"May 2024 (PlanetScope 05-May-2024)"},"geometry":{"type":"Point","coordinates":[39.64862,-0.48289]}},{"type":"Feature","properties":{"event":"May 2024 (PlanetScope 05-May-2024)"},"geometry":{"type":"Point","coordinates":[39.64877,-0.48306]}},{"type":"Feature","properties":{"event":"May 2024 (PlanetScope 05-May-2024)"},"geometry":{"type":"Point","coordinates":[39.64741,-0.48317]}},{"type":"Feature","properties":{"event":"May 2024 (PlanetScope 05-May-2024)"},"geometry":{"type":"Point","coordinates":[39.64795,-0.48307]}},{"type":"Feature","properties":{"event":"May 2024 (PlanetScope 05-May-2024)"},"geometry":{"type":"Point","coordinates":[39.64543,-0.48218]}},{"type":"Feature","properties":{"event":"May 2024 (PlanetScope 05-May-2024)"},"geometry":{"type":"Point","coordinates":[39.64569,-0.48234]}},{"type":"Feature","properties":{"event":"May 2024 (PlanetScope 05-May-2024)"},"geometry":{"type":"Point","coordinates":[39.64593,-0.48218]}},{"type":"Feature","properties":{"event":"May 2024 (PlanetScope 05-May-2024)"},"geometry":{"type":"Point","coordinates":[39.64585,-0.48202]}},{"type":"Feature","properties":{"event":"May 2024 (PlanetScope 05-May-2024)"},"geometry":{"type":"Point","coordinates":[39.64606,-0.48204]}},{"type":"Feature","properties":{"event":"May 2024 (PlanetScope 05-May-2024)"},"geometry":{"type":"Point","coordinates":[39.6461,-0.4822]}},{"type":"Feature","properties":{"event":"May 2024 (PlanetScope 05-May-2024)"},"geometry":{"type":"Point","coordinates":[39.64625,-0.4821]}},{"type":"Feature","properties":{"event":"May 2024 (PlanetScope 05-May-2024)"},"geometry":{"type":"Point","coordinates":[39.64642,-0.48206]}},{"type":"Feature","properties":{"event":"May 2024 (PlanetScope 05-May-2024)"},"geometry":{"type":"Point","coordinates":[39.64639,-0.48231]}},{"type":"Feature","properties":{"event":"May 2024 (PlanetScope 05-May-2024)"},"geometry":{"type":"Point","coordinates":[39.64667,-0.48212]}},{"type":"Feature","properties":{"event":"May 2024 (PlanetScope 05-May-2024)"},"geometry":{"type":"Point","coordinates":[39.64679,-0.48211]}},{"type":"Feature","properties":{"event":"May 2024 (PlanetScope 05-May-2024)"},"geometry":{"type":"Point","coordinates":[39.64674,-0.48198]}},{"type":"Feature","properties":{"event":"May 2024 (PlanetScope 05-May-2024)"},"geometry":{"type":"Point","coordinates":[39.64668,-0.48198]}},{"type":"Feature","properties":{"event":"May 2024 (PlanetScope 05-May-2024)"},"geometry":{"type":"Point","coordinates":[39.64685,-0.48198]}},{"type":"Feature","properties":{"event":"May 2024 (PlanetScope 05-May-2024)"},"geometry":{"type":"Point","coordinates":[39.6469,-0.48187]}},{"type":"Feature","properties":{"event":"May 2024 (PlanetScope 05-May-2024)"},"geometry":{"type":"Point","coordinates":[39.64717,-0.48181]}},{"type":"Feature","properties":{"event":"May 2024 (PlanetScope 05-May-2024)"},"geometry":{"type":"Point","coordinates":[39.64737,-0.48178]}},{"type":"Feature","properties":{"event":"May 2024 (PlanetScope 05-May-2024)"},"geometry":{"type":"Point","coordinates":[39.64749,-0.48181]}},{"type":"Feature","properties":{"event":"May 2024 (PlanetScope 05-May-2024)"},"geometry":{"type":"Point","coordinates":[39.64778,-0.48186]}},{"type":"Feature","properties":{"event":"May 2024 (PlanetScope 05-May-2024)"},"geometry":{"type":"Point","coordinates":[39.64791,-0.48186]}},{"type":"Feature","properties":{"event":"May 2024 (PlanetScope 05-May-2024)"},"geometry":{"type":"Point","coordinates":[39.64848,-0.48286]}},{"type":"Feature","properties":{"event":"May 2024 (PlanetScope 05-May-2024)"},"geometry":{"type":"Point","coordinates":[39.64739,-0.48097]}},{"type":"Feature","properties":{"event":"May 2024 (PlanetScope 05-May-2024)"},"geometry":{"type":"Point","coordinates":[39.64603,-0.48186]}},{"type":"Feature","properties":{"event":"May 2024 (PlanetScope 05-May-2024)"},"geometry":{"type":"Point","coordinates":[39.64555,-0.48169]}},{"type":"Feature","properties":{"event":"May 2024 (PlanetScope 05-May-2024)"},"geometry":{"type":"Point","coordinates":[39.64537,-0.48175]}},{"type":"Feature","properties":{"event":"May 2024 (PlanetScope 05-May-2024)"},"geometry":{"type":"Point","coordinates":[39.64549,-0.48144]}},{"type":"Feature","properties":{"event":"May 2024 (PlanetScope 05-May-2024)"},"geometry":{"type":"Point","coordinates":[39.64565,-0.4813]}},{"type":"Feature","properties":{"event":"May 2024 (PlanetScope 05-May-2024)"},"geometry":{"type":"Point","coordinates":[39.64577,-0.48142]}},{"type":"Feature","properties":{"event":"May 2024 (PlanetScope 05-May-2024)"},"geometry":{"type":"Point","coordinates":[39.64597,-0.48129]}},{"type":"Feature","properties":{"event":"May 2024 (PlanetScope 05-May-2024)"},"geometry":{"type":"Point","coordinates":[39.64624,-0.48134]}},{"type":"Feature","properties":{"event":"May 2024 (PlanetScope 05-May-2024)"},"geometry":{"type":"Point","coordinates":[39.64635,-0.48146]}},{"type":"Feature","properties":{"event":"May 2024 (PlanetScope 05-May-2024)"},"geometry":{"type":"Point","coordinates":[39.64673,-0.4815]}},{"type":"Feature","properties":{"event":"May 2024 (PlanetScope 05-May-2024)"},"geometry":{"type":"Point","coordinates":[39.64658,-0.48127]}},{"type":"Feature","properties":{"event":"May 2024 (PlanetScope 05-May-2024)"},"geometry":{"type":"Point","coordinates":[39.64583,-0.48121]}},{"type":"Feature","properties":{"event":"May 2024 (PlanetScope 05-May-2024)"},"geometry":{"type":"Point","coordinates":[39.64505,-0.48155]}},{"type":"Feature","properties":{"event":"May 2024 (PlanetScope 05-May-2024)"},"geometry":{"type":"Point","coordinates":[39.64575,-0.48184]}},{"type":"Feature","properties":{"event":"May 2024 (PlanetScope 05-May-2024)"},"geometry":{"type":"Point","coordinates":[39.6459,-0.48184]}},{"type":"Feature","properties":{"event":"May 2024 (PlanetScope 05-May-2024)"},"geometry":{"type":"Point","coordinates":[39.64518,-0.48207]}},{"type":"Feature","properties":{"event":"May 2024 (PlanetScope 05-May-2024)"},"geometry":{"type":"Point","coordinates":[39.647,-0.48217]}},{"type":"Feature","properties":{"event":"May 2024 (PlanetScope 05-May-2024)"},"geometry":{"type":"Point","coordinates":[39.64713,-0.4822]}},{"type":"Feature","properties":{"event":"May 2024 (PlanetScope 05-May-2024)"},"geometry":{"type":"Point","coordinates":[39.64709,-0.48194]}},{"type":"Feature","properties":{"event":"May 2024 (PlanetScope 05-May-2024)"},"geometry":{"type":"Point","coordinates":[39.64738,-0.482]}},{"type":"Feature","properties":{"event":"May 2024 (PlanetScope 05-May-2024)"},"geometry":{"type":"Point","coordinates":[39.6474,-0.48212]}},{"type":"Feature","properties":{"event":"May 2024 (PlanetScope 05-May-2024)"},"geometry":{"type":"Point","coordinates":[39.64815,-0.48211]}},{"type":"Feature","properties":{"event":"May 2024 (PlanetScope 05-May-2024)"},"geometry":{"type":"Point","coordinates":[39.6161,-0.48122]}},{"type":"Feature","properties":{"event":"May 2024 (PlanetScope 05-May-2024)"},"geometry":{"type":"Point","coordinates":[39.63574,-0.4462]}},{"type":"Feature","properties":{"event":"May 2024 (PlanetScope 05-May-2024)"},"geometry":{"type":"Point","coordinates":[39.63566,-0.44621]}},{"type":"Feature","properties":{"event":"May 2024 (PlanetScope 05-May-2024)"},"geometry":{"type":"Point","coordinates":[39.63598,-0.44647]}},{"type":"Feature","properties":{"event":"May 2024 (PlanetScope 05-May-2024)"},"geometry":{"type":"Point","coordinates":[39.63518,-0.44505]}},{"type":"Feature","properties":{"event":"May 2024 (PlanetScope 05-May-2024)"},"geometry":{"type":"Point","coordinates":[39.63416,-0.44475]}},{"type":"Feature","properties":{"event":"May 2024 (PlanetScope 05-May-2024)"},"geometry":{"type":"Point","coordinates":[39.63411,-0.44456]}},{"type":"Feature","properties":{"event":"May 2024 (PlanetScope 05-May-2024)"},"geometry":{"type":"Point","coordinates":[39.63427,-0.44443]}},{"type":"Feature","properties":{"event":"May 2024 (PlanetScope 05-May-2024)"},"geometry":{"type":"Point","coordinates":[39.63514,-0.44473]}},{"type":"Feature","properties":{"event":"May 2024 (PlanetScope 05-May-2024)"},"geometry":{"type":"Point","coordinates":[39.63443,-0.44436]}},{"type":"Feature","properties":{"event":"May 2024 (PlanetScope 05-May-2024)"},"geometry":{"type":"Point","coordinates":[39.63444,-0.44423]}},{"type":"Feature","properties":{"event":"May 2024 (PlanetScope 05-May-2024)"},"geometry":{"type":"Point","coordinates":[39.63448,-0.44461]}},{"type":"Feature","properties":{"event":"May 2024 (PlanetScope 05-May-2024)"},"geometry":{"type":"Point","coordinates":[39.63543,-0.44373]}},{"type":"Feature","properties":{"event":"May 2024 (PlanetScope 05-May-2024)"},"geometry":{"type":"Point","coordinates":[39.63494,-0.44381]}},{"type":"Feature","properties":{"event":"May 2024 (PlanetScope 05-May-2024)"},"geometry":{"type":"Point","coordinates":[39.63464,-0.4433]}},{"type":"Feature","properties":{"event":"May 2024 (PlanetScope 05-May-2024)"},"geometry":{"type":"Point","coordinates":[39.63465,-0.44301]}},{"type":"Feature","properties":{"event":"May 2024 (PlanetScope 05-May-2024)"},"geometry":{"type":"Point","coordinates":[39.6347,-0.44283]}},{"type":"Feature","properties":{"event":"May 2024 (PlanetScope 05-May-2024)"},"geometry":{"type":"Point","coordinates":[39.63753,-0.46487]}},{"type":"Feature","properties":{"event":"May 2024 (PlanetScope 05-May-2024)"},"geometry":{"type":"Point","coordinates":[39.62851,-0.4585]}},{"type":"Feature","properties":{"event":"May 2024 (PlanetScope 05-May-2024)"},"geometry":{"type":"Point","coordinates":[39.62995,-0.45984]}},{"type":"Feature","properties":{"event":"May 2024 (PlanetScope 05-May-2024)"},"geometry":{"type":"Point","coordinates":[39.63017,-0.46148]}},{"type":"Feature","properties":{"event":"May 2024 (PlanetScope 05-May-2024)"},"geometry":{"type":"Point","coordinates":[39.63036,-0.46118]}},{"type":"Feature","properties":{"event":"May 2024 (PlanetScope 05-May-2024)"},"geometry":{"type":"Point","coordinates":[39.6301,-0.46363]}},{"type":"Feature","properties":{"event":"May 2024 (PlanetScope 05-May-2024)"},"geometry":{"type":"Point","coordinates":[39.62801,-0.46183]}},{"type":"Feature","properties":{"event":"May 2024 (PlanetScope 05-May-2024)"},"geometry":{"type":"Point","coordinates":[39.6285,-0.4621]}},{"type":"Feature","properties":{"event":"May 2024 (PlanetScope 05-May-2024)"},"geometry":{"type":"Point","coordinates":[39.62888,-0.46205]}},{"type":"Feature","properties":{"event":"May 2024 (PlanetScope 05-May-2024)"},"geometry":{"type":"Point","coordinates":[39.62908,-0.46197]}},{"type":"Feature","properties":{"event":"May 2024 (PlanetScope 05-May-2024)"},"geometry":{"type":"Point","coordinates":[39.62937,-0.46208]}},{"type":"Feature","properties":{"event":"May 2024 (PlanetScope 05-May-2024)"},"geometry":{"type":"Point","coordinates":[39.61098,-0.43689]}},{"type":"Feature","properties":{"event":"May 2024 (PlanetScope 05-May-2024)"},"geometry":{"type":"Point","coordinates":[39.61148,-0.43696]}},{"type":"Feature","properties":{"event":"May 2024 (PlanetScope 05-May-2024)"},"geometry":{"type":"Point","coordinates":[39.61154,-0.43692]}},{"type":"Feature","properties":{"event":"May 2024 (PlanetScope 05-May-2024)"},"geometry":{"type":"Point","coordinates":[39.6067,-0.43773]}},{"type":"Feature","properties":{"event":"May 2024 (PlanetScope 05-May-2024)"},"geometry":{"type":"Point","coordinates":[39.61213,-0.46537]}},{"type":"Feature","properties":{"event":"May 2024 (PlanetScope 05-May-2024)"},"geometry":{"type":"Point","coordinates":[39.61255,-0.46544]}},{"type":"Feature","properties":{"event":"May 2024 (PlanetScope 05-May-2024)"},"geometry":{"type":"Point","coordinates":[39.61171,-0.46509]}},{"type":"Feature","properties":{"event":"May 2024 (PlanetScope 05-May-2024)"},"geometry":{"type":"Point","coordinates":[39.6126,-0.46646]}},{"type":"Feature","properties":{"event":"May 2024 (PlanetScope 05-May-2024)"},"geometry":{"type":"Point","coordinates":[39.61266,-0.46619]}},{"type":"Feature","properties":{"event":"May 2024 (PlanetScope 05-May-2024)"},"geometry":{"type":"Point","coordinates":[39.61278,-0.46617]}},{"type":"Feature","properties":{"event":"May 2024 (PlanetScope 05-May-2024)"},"geometry":{"type":"Point","coordinates":[39.61234,-0.46622]}},{"type":"Feature","properties":{"event":"May 2024 (PlanetScope 05-May-2024)"},"geometry":{"type":"Point","coordinates":[39.61247,-0.46612]}},{"type":"Feature","properties":{"event":"May 2024 (PlanetScope 05-May-2024)"},"geometry":{"type":"Point","coordinates":[39.61233,-0.46615]}},{"type":"Feature","properties":{"event":"May 2024 (PlanetScope 05-May-2024)"},"geometry":{"type":"Point","coordinates":[39.61178,-0.46477]}},{"type":"Feature","properties":{"event":"May 2024 (PlanetScope 05-May-2024)"},"geometry":{"type":"Point","coordinates":[39.61221,-0.46426]}},{"type":"Feature","properties":{"event":"May 2024 (PlanetScope 05-May-2024)"},"geometry":{"type":"Point","coordinates":[39.61217,-0.46413]}},{"type":"Feature","properties":{"event":"May 2024 (PlanetScope 05-May-2024)"},"geometry":{"type":"Point","coordinates":[39.61243,-0.46392]}},{"type":"Feature","properties":{"event":"May 2024 (PlanetScope 05-May-2024)"},"geometry":{"type":"Point","coordinates":[39.61234,-0.46372]}},{"type":"Feature","properties":{"event":"May 2024 (PlanetScope 05-May-2024)"},"geometry":{"type":"Point","coordinates":[39.61208,-0.46375]}},{"type":"Feature","properties":{"event":"May 2024 (PlanetScope 05-May-2024)"},"geometry":{"type":"Point","coordinates":[39.61217,-0.46353]}},{"type":"Feature","properties":{"event":"May 2024 (PlanetScope 05-May-2024)"},"geometry":{"type":"Point","coordinates":[39.61211,-0.46346]}},{"type":"Feature","properties":{"event":"May 2024 (PlanetScope 05-May-2024)"},"geometry":{"type":"Point","coordinates":[39.61194,-0.46351]}},{"type":"Feature","properties":{"event":"May 2024 (PlanetScope 05-May-2024)"},"geometry":{"type":"Point","coordinates":[39.61165,-0.46345]}},{"type":"Feature","properties":{"event":"May 2024 (PlanetScope 05-May-2024)"},"geometry":{"type":"Point","coordinates":[39.61152,-0.46331]}},{"type":"Feature","properties":{"event":"May 2024 (PlanetScope 05-May-2024)"},"geometry":{"type":"Point","coordinates":[39.6122,-0.46319]}},{"type":"Feature","properties":{"event":"May 2024 (PlanetScope 05-May-2024)"},"geometry":{"type":"Point","coordinates":[39.61202,-0.4629]}},{"type":"Feature","properties":{"event":"May 2024 (PlanetScope 05-May-2024)"},"geometry":{"type":"Point","coordinates":[39.61198,-0.46301]}},{"type":"Feature","properties":{"event":"May 2024 (PlanetScope 05-May-2024)"},"geometry":{"type":"Point","coordinates":[39.61181,-0.46305]}},{"type":"Feature","properties":{"event":"May 2024 (PlanetScope 05-May-2024)"},"geometry":{"type":"Point","coordinates":[39.61186,-0.463]}},{"type":"Feature","properties":{"event":"May 2024 (PlanetScope 05-May-2024)"},"geometry":{"type":"Point","coordinates":[39.61209,-0.4622]}},{"type":"Feature","properties":{"event":"May 2024 (PlanetScope 05-May-2024)"},"geometry":{"type":"Point","coordinates":[39.64268,-0.48728]}},{"type":"Feature","properties":{"event":"May 2024 (PlanetScope 05-May-2024)"},"geometry":{"type":"Point","coordinates":[39.6419,-0.48767]}},{"type":"Feature","properties":{"event":"May 2024 (PlanetScope 05-May-2024)"},"geometry":{"type":"Point","coordinates":[39.64288,-0.48475]}},{"type":"Feature","properties":{"event":"May 2024 (PlanetScope 05-May-2024)"},"geometry":{"type":"Point","coordinates":[39.64285,-0.48478]}},{"type":"Feature","properties":{"event":"May 2024 (PlanetScope 05-May-2024)"},"geometry":{"type":"Point","coordinates":[39.64257,-0.4834]}},{"type":"Feature","properties":{"event":"May 2024 (PlanetScope 05-May-2024)"},"geometry":{"type":"Point","coordinates":[39.64342,-0.48381]}},{"type":"Feature","properties":{"event":"May 2024 (PlanetScope 05-May-2024)"},"geometry":{"type":"Point","coordinates":[39.64358,-0.48338]}},{"type":"Feature","properties":{"event":"May 2024 (PlanetScope 05-May-2024)"},"geometry":{"type":"Point","coordinates":[39.64357,-0.48346]}},{"type":"Feature","properties":{"event":"May 2024 (PlanetScope 05-May-2024)"},"geometry":{"type":"Point","coordinates":[39.64336,-0.48355]}},{"type":"Feature","properties":{"event":"May 2024 (PlanetScope 05-May-2024)"},"geometry":{"type":"Point","coordinates":[39.6432,-0.48362]}},{"type":"Feature","properties":{"event":"May 2024 (PlanetScope 05-May-2024)"},"geometry":{"type":"Point","coordinates":[39.64307,-0.4837]}},{"type":"Feature","properties":{"event":"May 2024 (PlanetScope 05-May-2024)"},"geometry":{"type":"Point","coordinates":[39.64315,-0.48381]}},{"type":"Feature","properties":{"event":"May 2024 (PlanetScope 05-May-2024)"},"geometry":{"type":"Point","coordinates":[39.64299,-0.48397]}},{"type":"Feature","properties":{"event":"May 2024 (PlanetScope 05-May-2024)"},"geometry":{"type":"Point","coordinates":[39.64298,-0.48382]}},{"type":"Feature","properties":{"event":"May 2024 (PlanetScope 05-May-2024)"},"geometry":{"type":"Point","coordinates":[39.64298,-0.48374]}},{"type":"Feature","properties":{"event":"May 2024 (PlanetScope 05-May-2024)"},"geometry":{"type":"Point","coordinates":[39.64284,-0.48375]}},{"type":"Feature","properties":{"event":"May 2024 (PlanetScope 05-May-2024)"},"geometry":{"type":"Point","coordinates":[39.64278,-0.48373]}},{"type":"Feature","properties":{"event":"May 2024 (PlanetScope 05-May-2024)"},"geometry":{"type":"Point","coordinates":[39.64307,-0.48357]}},{"type":"Feature","properties":{"event":"May 2024 (PlanetScope 05-May-2024)"},"geometry":{"type":"Point","coordinates":[39.6429,-0.48346]}},{"type":"Feature","properties":{"event":"May 2024 (PlanetScope 05-May-2024)"},"geometry":{"type":"Point","coordinates":[39.64294,-0.48343]}},{"type":"Feature","properties":{"event":"May 2024 (PlanetScope 05-May-2024)"},"geometry":{"type":"Point","coordinates":[39.64256,-0.4835]}},{"type":"Feature","properties":{"event":"May 2024 (PlanetScope 05-May-2024)"},"geometry":{"type":"Point","coordinates":[39.64337,-0.48424]}},{"type":"Feature","properties":{"event":"May 2024 (PlanetScope 05-May-2024)"},"geometry":{"type":"Point","coordinates":[39.64331,-0.48415]}},{"type":"Feature","properties":{"event":"May 2024 (PlanetScope 05-May-2024)"},"geometry":{"type":"Point","coordinates":[39.6432,-0.48408]}},{"type":"Feature","properties":{"event":"May 2024 (PlanetScope 05-May-2024)"},"geometry":{"type":"Point","coordinates":[39.6432,-0.48417]}},{"type":"Feature","properties":{"event":"May 2024 (PlanetScope 05-May-2024)"},"geometry":{"type":"Point","coordinates":[39.64329,-0.4843]}},{"type":"Feature","properties":{"event":"May 2024 (PlanetScope 05-May-2024)"},"geometry":{"type":"Point","coordinates":[39.64323,-0.48434]}},{"type":"Feature","properties":{"event":"May 2024 (PlanetScope 05-May-2024)"},"geometry":{"type":"Point","coordinates":[39.64314,-0.48436]}},{"type":"Feature","properties":{"event":"May 2024 (PlanetScope 05-May-2024)"},"geometry":{"type":"Point","coordinates":[39.63124,-0.41625]}},{"type":"Feature","properties":{"event":"May 2024 (PlanetScope 05-May-2024)"},"geometry":{"type":"Point","coordinates":[39.67423,-0.50839]}},{"type":"Feature","properties":{"event":"May 2024 (PlanetScope 05-May-2024)"},"geometry":{"type":"Point","coordinates":[39.67953,-0.51205]}},{"type":"Feature","properties":{"event":"May 2024 (PlanetScope 05-May-2024)"},"geometry":{"type":"Point","coordinates":[39.60212,-0.45165]}},{"type":"Feature","properties":{"event":"May 2024 (PlanetScope 05-May-2024)"},"geometry":{"type":"Point","coordinates":[39.60216,-0.45181]}},{"type":"Feature","properties":{"event":"May 2024 (PlanetScope 05-May-2024)"},"geometry":{"type":"Point","coordinates":[39.60435,-0.45287]}},{"type":"Feature","properties":{"event":"May 2024 (PlanetScope 05-May-2024)"},"geometry":{"type":"Point","coordinates":[39.6044,-0.45306]}},{"type":"Feature","properties":{"event":"May 2024 (PlanetScope 05-May-2024)"},"geometry":{"type":"Point","coordinates":[39.60442,-0.45299]}},{"type":"Feature","properties":{"event":"May 2024 (PlanetScope 05-May-2024)"},"geometry":{"type":"Point","coordinates":[39.60563,-0.45419]}},{"type":"Feature","properties":{"event":"May 2024 (PlanetScope 05-May-2024)"},"geometry":{"type":"Point","coordinates":[39.60633,-0.45452]}},{"type":"Feature","properties":{"event":"May 2024 (PlanetScope 05-May-2024)"},"geometry":{"type":"Point","coordinates":[39.60642,-0.45529]}},{"type":"Feature","properties":{"event":"May 2024 (PlanetScope 05-May-2024)"},"geometry":{"type":"Point","coordinates":[39.60856,-0.45139]}},{"type":"Feature","properties":{"event":"May 2024 (PlanetScope 05-May-2024)"},"geometry":{"type":"Point","coordinates":[39.60667,-0.45333]}},{"type":"Feature","properties":{"event":"May 2024 (PlanetScope 05-May-2024)"},"geometry":{"type":"Point","coordinates":[39.60658,-0.45385]}},{"type":"Feature","properties":{"event":"May 2024 (PlanetScope 05-May-2024)"},"geometry":{"type":"Point","coordinates":[39.60641,-0.45405]}},{"type":"Feature","properties":{"event":"May 2024 (PlanetScope 05-May-2024)"},"geometry":{"type":"Point","coordinates":[39.60627,-0.45415]}},{"type":"Feature","properties":{"event":"May 2024 (PlanetScope 05-May-2024)"},"geometry":{"type":"Point","coordinates":[39.60597,-0.45468]}},{"type":"Feature","properties":{"event":"May 2024 (PlanetScope 05-May-2024)"},"geometry":{"type":"Point","coordinates":[39.60687,-0.4552]}},{"type":"Feature","properties":{"event":"May 2024 (PlanetScope 05-May-2024)"},"geometry":{"type":"Point","coordinates":[39.60691,-0.45507]}},{"type":"Feature","properties":{"event":"May 2024 (PlanetScope 05-May-2024)"},"geometry":{"type":"Point","coordinates":[39.60698,-0.45515]}},{"type":"Feature","properties":{"event":"May 2024 (PlanetScope 05-May-2024)"},"geometry":{"type":"Point","coordinates":[39.6077,-0.45549]}},{"type":"Feature","properties":{"event":"May 2024 (PlanetScope 05-May-2024)"},"geometry":{"type":"Point","coordinates":[39.60759,-0.4558]}},{"type":"Feature","properties":{"event":"May 2024 (PlanetScope 05-May-2024)"},"geometry":{"type":"Point","coordinates":[39.60754,-0.45515]}},{"type":"Feature","properties":{"event":"May 2024 (PlanetScope 05-May-2024)"},"geometry":{"type":"Point","coordinates":[39.6072,-0.45467]}},{"type":"Feature","properties":{"event":"May 2024 (PlanetScope 05-May-2024)"},"geometry":{"type":"Point","coordinates":[39.60702,-0.45455]}},{"type":"Feature","properties":{"event":"May 2024 (PlanetScope 05-May-2024)"},"geometry":{"type":"Point","coordinates":[39.60696,-0.45447]}},{"type":"Feature","properties":{"event":"May 2024 (PlanetScope 05-May-2024)"},"geometry":{"type":"Point","coordinates":[39.6068,-0.45475]}},{"type":"Feature","properties":{"event":"May 2024 (PlanetScope 05-May-2024)"},"geometry":{"type":"Point","coordinates":[39.60646,-0.45447]}},{"type":"Feature","properties":{"event":"May 2024 (PlanetScope 05-May-2024)"},"geometry":{"type":"Point","coordinates":[39.60648,-0.45457]}},{"type":"Feature","properties":{"event":"May 2024 (PlanetScope 05-May-2024)"},"geometry":{"type":"Point","coordinates":[39.60645,-0.45506]}},{"type":"Feature","properties":{"event":"May 2024 (PlanetScope 05-May-2024)"},"geometry":{"type":"Point","coordinates":[39.60632,-0.45503]}},{"type":"Feature","properties":{"event":"May 2024 (PlanetScope 05-May-2024)"},"geometry":{"type":"Point","coordinates":[39.60622,-0.45462]}},{"type":"Feature","properties":{"event":"May 2024 (PlanetScope 05-May-2024)"},"geometry":{"type":"Point","coordinates":[39.60964,-0.45825]}},{"type":"Feature","properties":{"event":"May 2024 (PlanetScope 05-May-2024)"},"geometry":{"type":"Point","coordinates":[39.60982,-0.45755]}},{"type":"Feature","properties":{"event":"May 2024 (PlanetScope 05-May-2024)"},"geometry":{"type":"Point","coordinates":[39.6095,-0.45822]}},{"type":"Feature","properties":{"event":"May 2024 (PlanetScope 05-May-2024)"},"geometry":{"type":"Point","coordinates":[39.60964,-0.45857]}},{"type":"Feature","properties":{"event":"May 2024 (PlanetScope 05-May-2024)"},"geometry":{"type":"Point","coordinates":[39.60953,-0.45846]}},{"type":"Feature","properties":{"event":"May 2024 (PlanetScope 05-May-2024)"},"geometry":{"type":"Point","coordinates":[39.60942,-0.45817]}},{"type":"Feature","properties":{"event":"May 2024 (PlanetScope 05-May-2024)"},"geometry":{"type":"Point","coordinates":[39.60935,-0.45801]}},{"type":"Feature","properties":{"event":"May 2024 (PlanetScope 05-May-2024)"},"geometry":{"type":"Point","coordinates":[39.60909,-0.45784]}},{"type":"Feature","properties":{"event":"May 2024 (PlanetScope 05-May-2024)"},"geometry":{"type":"Point","coordinates":[39.63133,-0.41649]}},{"type":"Feature","properties":{"event":"May 2024 (PlanetScope 05-May-2024)"},"geometry":{"type":"Point","coordinates":[39.63025,-0.41731]}},{"type":"Feature","properties":{"event":"May 2024 (PlanetScope 05-May-2024)"},"geometry":{"type":"Point","coordinates":[39.63022,-0.41731]}},{"type":"Feature","properties":{"event":"May 2024 (PlanetScope 05-May-2024)"},"geometry":{"type":"Point","coordinates":[39.6421,-0.49167]}},{"type":"Feature","properties":{"event":"May 2024 (PlanetScope 05-May-2024)"},"geometry":{"type":"Point","coordinates":[39.64161,-0.48915]}},{"type":"Feature","properties":{"event":"May 2024 (PlanetScope 05-May-2024)"},"geometry":{"type":"Point","coordinates":[39.6436,-0.49016]}},{"type":"Feature","properties":{"event":"May 2024 (PlanetScope 05-May-2024)"},"geometry":{"type":"Point","coordinates":[39.64394,-0.48949]}},{"type":"Feature","properties":{"event":"May 2024 (PlanetScope 05-May-2024)"},"geometry":{"type":"Point","coordinates":[39.64398,-0.48947]}},{"type":"Feature","properties":{"event":"May 2024 (PlanetScope 05-May-2024)"},"geometry":{"type":"Point","coordinates":[39.64097,-0.49079]}},{"type":"Feature","properties":{"event":"May 2024 (PlanetScope 05-May-2024)"},"geometry":{"type":"Point","coordinates":[39.64357,-0.49278]}},{"type":"Feature","properties":{"event":"May 2024 (PlanetScope 05-May-2024)"},"geometry":{"type":"Point","coordinates":[39.64339,-0.49271]}},{"type":"Feature","properties":{"event":"May 2024 (PlanetScope 05-May-2024)"},"geometry":{"type":"Point","coordinates":[39.64327,-0.49285]}},{"type":"Feature","properties":{"event":"May 2024 (PlanetScope 05-May-2024)"},"geometry":{"type":"Point","coordinates":[39.64311,-0.49278]}},{"type":"Feature","properties":{"event":"May 2024 (PlanetScope 05-May-2024)"},"geometry":{"type":"Point","coordinates":[39.64278,-0.4925]}},{"type":"Feature","properties":{"event":"May 2024 (PlanetScope 05-May-2024)"},"geometry":{"type":"Point","coordinates":[39.6425,-0.49258]}},{"type":"Feature","properties":{"event":"May 2024 (PlanetScope 05-May-2024)"},"geometry":{"type":"Point","coordinates":[39.64219,-0.49232]}},{"type":"Feature","properties":{"event":"May 2024 (PlanetScope 05-May-2024)"},"geometry":{"type":"Point","coordinates":[39.64238,-0.49218]}},{"type":"Feature","properties":{"event":"May 2024 (PlanetScope 05-May-2024)"},"geometry":{"type":"Point","coordinates":[39.64209,-0.49187]}},{"type":"Feature","properties":{"event":"May 2024 (PlanetScope 05-May-2024)"},"geometry":{"type":"Point","coordinates":[39.64236,-0.49199]}},{"type":"Feature","properties":{"event":"May 2024 (PlanetScope 05-May-2024)"},"geometry":{"type":"Point","coordinates":[39.64253,-0.49172]}},{"type":"Feature","properties":{"event":"May 2024 (PlanetScope 05-May-2024)"},"geometry":{"type":"Point","coordinates":[39.64243,-0.49156]}},{"type":"Feature","properties":{"event":"May 2024 (PlanetScope 05-May-2024)"},"geometry":{"type":"Point","coordinates":[39.64352,-0.48994]}},{"type":"Feature","properties":{"event":"May 2024 (PlanetScope 05-May-2024)"},"geometry":{"type":"Point","coordinates":[39.64395,-0.48989]}},{"type":"Feature","properties":{"event":"May 2024 (PlanetScope 05-May-2024)"},"geometry":{"type":"Point","coordinates":[39.64386,-0.49008]}},{"type":"Feature","properties":{"event":"May 2024 (PlanetScope 05-May-2024)"},"geometry":{"type":"Point","coordinates":[39.64457,-0.48968]}},{"type":"Feature","properties":{"event":"May 2024 (PlanetScope 05-May-2024)"},"geometry":{"type":"Point","coordinates":[39.64461,-0.48971]}},{"type":"Feature","properties":{"event":"May 2024 (PlanetScope 05-May-2024)"},"geometry":{"type":"Point","coordinates":[39.64436,-0.4901]}},{"type":"Feature","properties":{"event":"May 2024 (PlanetScope 05-May-2024)"},"geometry":{"type":"Point","coordinates":[39.6444,-0.48992]}},{"type":"Feature","properties":{"event":"May 2024 (PlanetScope 05-May-2024)"},"geometry":{"type":"Point","coordinates":[39.64435,-0.48987]}},{"type":"Feature","properties":{"event":"May 2024 (PlanetScope 05-May-2024)"},"geometry":{"type":"Point","coordinates":[39.64437,-0.48972]}},{"type":"Feature","properties":{"event":"May 2024 (PlanetScope 05-May-2024)"},"geometry":{"type":"Point","coordinates":[39.64463,-0.48943]}},{"type":"Feature","properties":{"event":"May 2024 (PlanetScope 05-May-2024)"},"geometry":{"type":"Point","coordinates":[39.64464,-0.48923]}},{"type":"Feature","properties":{"event":"May 2024 (PlanetScope 05-May-2024)"},"geometry":{"type":"Point","coordinates":[39.6446,-0.4892]}},{"type":"Feature","properties":{"event":"May 2024 (PlanetScope 05-May-2024)"},"geometry":{"type":"Point","coordinates":[39.64437,-0.48919]}},{"type":"Feature","properties":{"event":"May 2024 (PlanetScope 05-May-2024)"},"geometry":{"type":"Point","coordinates":[39.64497,-0.48906]}},{"type":"Feature","properties":{"event":"May 2024 (PlanetScope 05-May-2024)"},"geometry":{"type":"Point","coordinates":[39.64584,-0.4893]}},{"type":"Feature","properties":{"event":"May 2024 (PlanetScope 05-May-2024)"},"geometry":{"type":"Point","coordinates":[39.61699,-0.46814]}},{"type":"Feature","properties":{"event":"May 2024 (PlanetScope 05-May-2024)"},"geometry":{"type":"Point","coordinates":[39.62356,-0.43912]}},{"type":"Feature","properties":{"event":"May 2024 (PlanetScope 05-May-2024)"},"geometry":{"type":"Point","coordinates":[39.62392,-0.4387]}},{"type":"Feature","properties":{"event":"May 2024 (PlanetScope 05-May-2024)"},"geometry":{"type":"Point","coordinates":[39.62366,-0.43826]}},{"type":"Feature","properties":{"event":"May 2024 (PlanetScope 05-May-2024)"},"geometry":{"type":"Point","coordinates":[39.61724,-0.43154]}},{"type":"Feature","properties":{"event":"May 2024 (PlanetScope 05-May-2024)"},"geometry":{"type":"Point","coordinates":[39.61594,-0.46842]}},{"type":"Feature","properties":{"event":"May 2024 (PlanetScope 05-May-2024)"},"geometry":{"type":"Point","coordinates":[39.61607,-0.46856]}},{"type":"Feature","properties":{"event":"May 2024 (PlanetScope 05-May-2024)"},"geometry":{"type":"Point","coordinates":[39.61606,-0.46807]}},{"type":"Feature","properties":{"event":"May 2024 (PlanetScope 05-May-2024)"},"geometry":{"type":"Point","coordinates":[39.61578,-0.46807]}},{"type":"Feature","properties":{"event":"May 2024 (PlanetScope 05-May-2024)"},"geometry":{"type":"Point","coordinates":[39.6123,-0.46571]}},{"type":"Feature","properties":{"event":"May 2024 (PlanetScope 05-May-2024)"},"geometry":{"type":"Point","coordinates":[39.61246,-0.46574]}},{"type":"Feature","properties":{"event":"May 2024 (PlanetScope 05-May-2024)"},"geometry":{"type":"Point","coordinates":[39.61232,-0.4658]}},{"type":"Feature","properties":{"event":"May 2024 (PlanetScope 05-May-2024)"},"geometry":{"type":"Point","coordinates":[39.61183,-0.464]}},{"type":"Feature","properties":{"event":"May 2024 (PlanetScope 05-May-2024)"},"geometry":{"type":"Point","coordinates":[39.61176,-0.46526]}},{"type":"Feature","properties":{"event":"May 2024 (PlanetScope 05-May-2024)"},"geometry":{"type":"Point","coordinates":[39.61137,-0.46403]}},{"type":"Feature","properties":{"event":"May 2024 (PlanetScope 05-May-2024)"},"geometry":{"type":"Point","coordinates":[39.63247,-0.4684]}},{"type":"Feature","properties":{"event":"May 2024 (PlanetScope 05-May-2024)"},"geometry":{"type":"Point","coordinates":[39.63308,-0.46819]}},{"type":"Feature","properties":{"event":"May 2024 (PlanetScope 05-May-2024)"},"geometry":{"type":"Point","coordinates":[39.63315,-0.46711]}},{"type":"Feature","properties":{"event":"May 2024 (PlanetScope 05-May-2024)"},"geometry":{"type":"Point","coordinates":[39.63273,-0.46702]}},{"type":"Feature","properties":{"event":"May 2024 (PlanetScope 05-May-2024)"},"geometry":{"type":"Point","coordinates":[39.63281,-0.46705]}},{"type":"Feature","properties":{"event":"May 2024 (PlanetScope 05-May-2024)"},"geometry":{"type":"Point","coordinates":[39.63287,-0.4674]}},{"type":"Feature","properties":{"event":"May 2024 (PlanetScope 05-May-2024)"},"geometry":{"type":"Point","coordinates":[39.63297,-0.46746]}},{"type":"Feature","properties":{"event":"May 2024 (PlanetScope 05-May-2024)"},"geometry":{"type":"Point","coordinates":[39.63267,-0.46706]}},{"type":"Feature","properties":{"event":"May 2024 (PlanetScope 05-May-2024)"},"geometry":{"type":"Point","coordinates":[39.63287,-0.46751]}},{"type":"Feature","properties":{"event":"May 2024 (PlanetScope 05-May-2024)"},"geometry":{"type":"Point","coordinates":[39.63299,-0.46755]}},{"type":"Feature","properties":{"event":"May 2024 (PlanetScope 05-May-2024)"},"geometry":{"type":"Point","coordinates":[39.63314,-0.46741]}},{"type":"Feature","properties":{"event":"May 2024 (PlanetScope 05-May-2024)"},"geometry":{"type":"Point","coordinates":[39.63262,-0.46733]}},{"type":"Feature","properties":{"event":"May 2024 (PlanetScope 05-May-2024)"},"geometry":{"type":"Point","coordinates":[39.63237,-0.47154]}},{"type":"Feature","properties":{"event":"May 2024 (PlanetScope 05-May-2024)"},"geometry":{"type":"Point","coordinates":[39.63186,-0.47118]}},{"type":"Feature","properties":{"event":"May 2024 (PlanetScope 05-May-2024)"},"geometry":{"type":"Point","coordinates":[39.63185,-0.47128]}},{"type":"Feature","properties":{"event":"May 2024 (PlanetScope 05-May-2024)"},"geometry":{"type":"Point","coordinates":[39.6319,-0.47128]}},{"type":"Feature","properties":{"event":"May 2024 (PlanetScope 05-May-2024)"},"geometry":{"type":"Point","coordinates":[39.62979,-0.47138]}},{"type":"Feature","properties":{"event":"May 2024 (PlanetScope 05-May-2024)"},"geometry":{"type":"Point","coordinates":[39.62989,-0.47135]}},{"type":"Feature","properties":{"event":"May 2024 (PlanetScope 05-May-2024)"},"geometry":{"type":"Point","coordinates":[39.63041,-0.47073]}},{"type":"Feature","properties":{"event":"May 2024 (PlanetScope 05-May-2024)"},"geometry":{"type":"Point","coordinates":[39.63117,-0.46899]}},{"type":"Feature","properties":{"event":"May 2024 (PlanetScope 05-May-2024)"},"geometry":{"type":"Point","coordinates":[39.62983,-0.46258]}},{"type":"Feature","properties":{"event":"May 2024 (PlanetScope 05-May-2024)"},"geometry":{"type":"Point","coordinates":[39.62938,-0.46216]}},{"type":"Feature","properties":{"event":"May 2024 (PlanetScope 05-May-2024)"},"geometry":{"type":"Point","coordinates":[39.62892,-0.46231]}},{"type":"Feature","properties":{"event":"May 2024 (PlanetScope 05-May-2024)"},"geometry":{"type":"Point","coordinates":[39.62903,-0.46222]}},{"type":"Feature","properties":{"event":"May 2024 (PlanetScope 05-May-2024)"},"geometry":{"type":"Point","coordinates":[39.62863,-0.46207]}},{"type":"Feature","properties":{"event":"May 2024 (PlanetScope 05-May-2024)"},"geometry":{"type":"Point","coordinates":[39.62889,-0.46189]}},{"type":"Feature","properties":{"event":"May 2024 (PlanetScope 05-May-2024)"},"geometry":{"type":"Point","coordinates":[39.62894,-0.46181]}},{"type":"Feature","properties":{"event":"May 2024 (PlanetScope 05-May-2024)"},"geometry":{"type":"Point","coordinates":[39.6287,-0.4616]}},{"type":"Feature","properties":{"event":"May 2024 (PlanetScope 05-May-2024)"},"geometry":{"type":"Point","coordinates":[39.62828,-0.46164]}},{"type":"Feature","properties":{"event":"May 2024 (PlanetScope 05-May-2024)"},"geometry":{"type":"Point","coordinates":[39.6283,-0.46161]}},{"type":"Feature","properties":{"event":"May 2024 (PlanetScope 05-May-2024)"},"geometry":{"type":"Point","coordinates":[39.62837,-0.46166]}},{"type":"Feature","properties":{"event":"May 2024 (PlanetScope 05-May-2024)"},"geometry":{"type":"Point","coordinates":[39.62843,-0.46181]}},{"type":"Feature","properties":{"event":"May 2024 (PlanetScope 05-May-2024)"},"geometry":{"type":"Point","coordinates":[39.63008,-0.46158]}},{"type":"Feature","properties":{"event":"May 2024 (PlanetScope 05-May-2024)"},"geometry":{"type":"Point","coordinates":[39.63003,-0.46237]}},{"type":"Feature","properties":{"event":"May 2024 (PlanetScope 05-May-2024)"},"geometry":{"type":"Point","coordinates":[39.63009,-0.46232]}},{"type":"Feature","properties":{"event":"May 2024 (PlanetScope 05-May-2024)"},"geometry":{"type":"Point","coordinates":[39.63026,-0.46373]}},{"type":"Feature","properties":{"event":"May 2024 (PlanetScope 05-May-2024)"},"geometry":{"type":"Point","coordinates":[39.63039,-0.46321]}},{"type":"Feature","properties":{"event":"May 2024 (PlanetScope 05-May-2024)"},"geometry":{"type":"Point","coordinates":[39.6311,-0.43316]}},{"type":"Feature","properties":{"event":"May 2024 (PlanetScope 05-May-2024)"},"geometry":{"type":"Point","coordinates":[39.63056,-0.43352]}},{"type":"Feature","properties":{"event":"May 2024 (PlanetScope 05-May-2024)"},"geometry":{"type":"Point","coordinates":[39.63009,-0.43341]}},{"type":"Feature","properties":{"event":"May 2024 (PlanetScope 05-May-2024)"},"geometry":{"type":"Point","coordinates":[39.63031,-0.43328]}},{"type":"Feature","properties":{"event":"May 2024 (PlanetScope 05-May-2024)"},"geometry":{"type":"Point","coordinates":[39.62884,-0.43356]}},{"type":"Feature","properties":{"event":"May 2024 (PlanetScope 05-May-2024)"},"geometry":{"type":"Point","coordinates":[39.62926,-0.43331]}},{"type":"Feature","properties":{"event":"May 2024 (PlanetScope 05-May-2024)"},"geometry":{"type":"Point","coordinates":[39.62874,-0.43344]}},{"type":"Feature","properties":{"event":"May 2024 (PlanetScope 05-May-2024)"},"geometry":{"type":"Point","coordinates":[39.62908,-0.43256]}},{"type":"Feature","properties":{"event":"May 2024 (PlanetScope 05-May-2024)"},"geometry":{"type":"Point","coordinates":[39.62938,-0.43387]}},{"type":"Feature","properties":{"event":"May 2024 (PlanetScope 05-May-2024)"},"geometry":{"type":"Point","coordinates":[39.62952,-0.43398]}},{"type":"Feature","properties":{"event":"May 2024 (PlanetScope 05-May-2024)"},"geometry":{"type":"Point","coordinates":[39.62907,-0.43422]}},{"type":"Feature","properties":{"event":"May 2024 (PlanetScope 05-May-2024)"},"geometry":{"type":"Point","coordinates":[39.63205,-0.43376]}},{"type":"Feature","properties":{"event":"May 2024 (PlanetScope 05-May-2024)"},"geometry":{"type":"Point","coordinates":[39.63307,-0.43338]}},{"type":"Feature","properties":{"event":"May 2024 (PlanetScope 05-May-2024)"},"geometry":{"type":"Point","coordinates":[39.63404,-0.43302]}},{"type":"Feature","properties":{"event":"May 2024 (PlanetScope 05-May-2024)"},"geometry":{"type":"Point","coordinates":[39.63288,-0.43271]}},{"type":"Feature","properties":{"event":"May 2024 (PlanetScope 05-May-2024)"},"geometry":{"type":"Point","coordinates":[39.63255,-0.43293]}},{"type":"Feature","properties":{"event":"May 2024 (PlanetScope 05-May-2024)"},"geometry":{"type":"Point","coordinates":[39.6324,-0.43302]}},{"type":"Feature","properties":{"event":"May 2024 (PlanetScope 05-May-2024)"},"geometry":{"type":"Point","coordinates":[39.63167,-0.43313]}},{"type":"Feature","properties":{"event":"May 2024 (PlanetScope 05-May-2024)"},"geometry":{"type":"Point","coordinates":[39.63153,-0.43296]}},{"type":"Feature","properties":{"event":"May 2024 (PlanetScope 05-May-2024)"},"geometry":{"type":"Point","coordinates":[39.63128,-0.43282]}},{"type":"Feature","properties":{"event":"May 2024 (PlanetScope 05-May-2024)"},"geometry":{"type":"Point","coordinates":[39.63568,-0.45705]}},{"type":"Feature","properties":{"event":"May 2024 (PlanetScope 05-May-2024)"},"geometry":{"type":"Point","coordinates":[39.63566,-0.45714]}},{"type":"Feature","properties":{"event":"May 2024 (PlanetScope 05-May-2024)"},"geometry":{"type":"Point","coordinates":[39.6354,-0.45768]}},{"type":"Feature","properties":{"event":"May 2024 (PlanetScope 05-May-2024)"},"geometry":{"type":"Point","coordinates":[39.63572,-0.45742]}},{"type":"Feature","properties":{"event":"May 2024 (PlanetScope 05-May-2024)"},"geometry":{"type":"Point","coordinates":[39.63583,-0.45824]}},{"type":"Feature","properties":{"event":"May 2024 (PlanetScope 05-May-2024)"},"geometry":{"type":"Point","coordinates":[39.63591,-0.45842]}},{"type":"Feature","properties":{"event":"May 2024 (PlanetScope 05-May-2024)"},"geometry":{"type":"Point","coordinates":[39.63522,-0.45852]}},{"type":"Feature","properties":{"event":"May 2024 (PlanetScope 05-May-2024)"},"geometry":{"type":"Point","coordinates":[39.63534,-0.45848]}},{"type":"Feature","properties":{"event":"May 2024 (PlanetScope 05-May-2024)"},"geometry":{"type":"Point","coordinates":[39.63529,-0.45814]}},{"type":"Feature","properties":{"event":"May 2024 (PlanetScope 05-May-2024)"},"geometry":{"type":"Point","coordinates":[39.63543,-0.4579]}},{"type":"Feature","properties":{"event":"May 2024 (PlanetScope 05-May-2024)"},"geometry":{"type":"Point","coordinates":[39.63535,-0.45705]}},{"type":"Feature","properties":{"event":"May 2024 (PlanetScope 05-May-2024)"},"geometry":{"type":"Point","coordinates":[39.63553,-0.45626]}},{"type":"Feature","properties":{"event":"May 2024 (PlanetScope 05-May-2024)"},"geometry":{"type":"Point","coordinates":[39.635,-0.4568]}},{"type":"Feature","properties":{"event":"May 2024 (PlanetScope 05-May-2024)"},"geometry":{"type":"Point","coordinates":[39.63511,-0.45669]}},{"type":"Feature","properties":{"event":"May 2024 (PlanetScope 05-May-2024)"},"geometry":{"type":"Point","coordinates":[39.63206,-0.43416]}},{"type":"Feature","properties":{"event":"May 2024 (PlanetScope 05-May-2024)"},"geometry":{"type":"Point","coordinates":[39.632,-0.43413]}},{"type":"Feature","properties":{"event":"May 2024 (PlanetScope 05-May-2024)"},"geometry":{"type":"Point","coordinates":[39.63202,-0.43405]}},{"type":"Feature","properties":{"event":"May 2024 (PlanetScope 05-May-2024)"},"geometry":{"type":"Point","coordinates":[39.63194,-0.43404]}},{"type":"Feature","properties":{"event":"May 2024 (PlanetScope 05-May-2024)"},"geometry":{"type":"Point","coordinates":[39.63164,-0.43393]}},{"type":"Feature","properties":{"event":"May 2024 (PlanetScope 05-May-2024)"},"geometry":{"type":"Point","coordinates":[39.6318,-0.43401]}},{"type":"Feature","properties":{"event":"May 2024 (PlanetScope 05-May-2024)"},"geometry":{"type":"Point","coordinates":[39.63175,-0.43418]}},{"type":"Feature","properties":{"event":"May 2024 (PlanetScope 05-May-2024)"},"geometry":{"type":"Point","coordinates":[39.63138,-0.43432]}},{"type":"Feature","properties":{"event":"May 2024 (PlanetScope 05-May-2024)"},"geometry":{"type":"Point","coordinates":[39.63195,-0.43486]}},{"type":"Feature","properties":{"event":"May 2024 (PlanetScope 05-May-2024)"},"geometry":{"type":"Point","coordinates":[39.63161,-0.435]}},{"type":"Feature","properties":{"event":"May 2024 (PlanetScope 05-May-2024)"},"geometry":{"type":"Point","coordinates":[39.63165,-0.43491]}},{"type":"Feature","properties":{"event":"May 2024 (PlanetScope 05-May-2024)"},"geometry":{"type":"Point","coordinates":[39.63114,-0.43492]}},{"type":"Feature","properties":{"event":"May 2024 (PlanetScope 05-May-2024)"},"geometry":{"type":"Point","coordinates":[39.63112,-0.43476]}},{"type":"Feature","properties":{"event":"May 2024 (PlanetScope 05-May-2024)"},"geometry":{"type":"Point","coordinates":[39.63161,-0.43451]}},{"type":"Feature","properties":{"event":"May 2024 (PlanetScope 05-May-2024)"},"geometry":{"type":"Point","coordinates":[39.63118,-0.4339]}},{"type":"Feature","properties":{"event":"May 2024 (PlanetScope 05-May-2024)"},"geometry":{"type":"Point","coordinates":[39.63132,-0.43391]}},{"type":"Feature","properties":{"event":"May 2024 (PlanetScope 05-May-2024)"},"geometry":{"type":"Point","coordinates":[39.63077,-0.43451]}},{"type":"Feature","properties":{"event":"May 2024 (PlanetScope 05-May-2024)"},"geometry":{"type":"Point","coordinates":[39.63073,-0.43444]}},{"type":"Feature","properties":{"event":"May 2024 (PlanetScope 05-May-2024)"},"geometry":{"type":"Point","coordinates":[39.62879,-0.47354]}},{"type":"Feature","properties":{"event":"May 2024 (PlanetScope 05-May-2024)"},"geometry":{"type":"Point","coordinates":[39.62873,-0.47347]}},{"type":"Feature","properties":{"event":"May 2024 (PlanetScope 05-May-2024)"},"geometry":{"type":"Point","coordinates":[39.62913,-0.47288]}},{"type":"Feature","properties":{"event":"May 2024 (PlanetScope 05-May-2024)"},"geometry":{"type":"Point","coordinates":[39.62905,-0.47277]}},{"type":"Feature","properties":{"event":"May 2024 (PlanetScope 05-May-2024)"},"geometry":{"type":"Point","coordinates":[39.62917,-0.47273]}},{"type":"Feature","properties":{"event":"May 2024 (PlanetScope 05-May-2024)"},"geometry":{"type":"Point","coordinates":[39.62919,-0.47241]}},{"type":"Feature","properties":{"event":"May 2024 (PlanetScope 05-May-2024)"},"geometry":{"type":"Point","coordinates":[39.62823,-0.47437]}},{"type":"Feature","properties":{"event":"May 2024 (PlanetScope 05-May-2024)"},"geometry":{"type":"Point","coordinates":[39.6277,-0.47551]}},{"type":"Feature","properties":{"event":"May 2024 (PlanetScope 05-May-2024)"},"geometry":{"type":"Point","coordinates":[39.63835,-0.47487]}},{"type":"Feature","properties":{"event":"May 2024 (PlanetScope 05-May-2024)"},"geometry":{"type":"Point","coordinates":[39.63808,-0.47474]}},{"type":"Feature","properties":{"event":"May 2024 (PlanetScope 05-May-2024)"},"geometry":{"type":"Point","coordinates":[39.6383,-0.47458]}},{"type":"Feature","properties":{"event":"May 2024 (PlanetScope 05-May-2024)"},"geometry":{"type":"Point","coordinates":[39.63827,-0.47441]}},{"type":"Feature","properties":{"event":"May 2024 (PlanetScope 05-May-2024)"},"geometry":{"type":"Point","coordinates":[39.63817,-0.47431]}},{"type":"Feature","properties":{"event":"May 2024 (PlanetScope 05-May-2024)"},"geometry":{"type":"Point","coordinates":[39.63833,-0.47433]}},{"type":"Feature","properties":{"event":"May 2024 (PlanetScope 05-May-2024)"},"geometry":{"type":"Point","coordinates":[39.63837,-0.4744]}},{"type":"Feature","properties":{"event":"May 2024 (PlanetScope 05-May-2024)"},"geometry":{"type":"Point","coordinates":[39.6381,-0.47467]}},{"type":"Feature","properties":{"event":"May 2024 (PlanetScope 05-May-2024)"},"geometry":{"type":"Point","coordinates":[39.63773,-0.47455]}},{"type":"Feature","properties":{"event":"May 2024 (PlanetScope 05-May-2024)"},"geometry":{"type":"Point","coordinates":[39.63767,-0.47449]}},{"type":"Feature","properties":{"event":"May 2024 (PlanetScope 05-May-2024)"},"geometry":{"type":"Point","coordinates":[39.63761,-0.4746]}},{"type":"Feature","properties":{"event":"May 2024 (PlanetScope 05-May-2024)"},"geometry":{"type":"Point","coordinates":[39.63743,-0.47448]}},{"type":"Feature","properties":{"event":"May 2024 (PlanetScope 05-May-2024)"},"geometry":{"type":"Point","coordinates":[39.6373,-0.47451]}},{"type":"Feature","properties":{"event":"May 2024 (PlanetScope 05-May-2024)"},"geometry":{"type":"Point","coordinates":[39.63739,-0.47443]}},{"type":"Feature","properties":{"event":"May 2024 (PlanetScope 05-May-2024)"},"geometry":{"type":"Point","coordinates":[39.63739,-0.47458]}},{"type":"Feature","properties":{"event":"May 2024 (PlanetScope 05-May-2024)"},"geometry":{"type":"Point","coordinates":[39.63745,-0.47455]}},{"type":"Feature","properties":{"event":"May 2024 (PlanetScope 05-May-2024)"},"geometry":{"type":"Point","coordinates":[39.63828,-0.47415]}},{"type":"Feature","properties":{"event":"May 2024 (PlanetScope 05-May-2024)"},"geometry":{"type":"Point","coordinates":[39.63819,-0.47393]}},{"type":"Feature","properties":{"event":"May 2024 (PlanetScope 05-May-2024)"},"geometry":{"type":"Point","coordinates":[39.63815,-0.47391]}},{"type":"Feature","properties":{"event":"May 2024 (PlanetScope 05-May-2024)"},"geometry":{"type":"Point","coordinates":[39.63839,-0.47397]}},{"type":"Feature","properties":{"event":"May 2024 (PlanetScope 05-May-2024)"},"geometry":{"type":"Point","coordinates":[39.63826,-0.47385]}},{"type":"Feature","properties":{"event":"May 2024 (PlanetScope 05-May-2024)"},"geometry":{"type":"Point","coordinates":[39.63804,-0.47376]}},{"type":"Feature","properties":{"event":"May 2024 (PlanetScope 05-May-2024)"},"geometry":{"type":"Point","coordinates":[39.63833,-0.47322]}},{"type":"Feature","properties":{"event":"May 2024 (PlanetScope 05-May-2024)"},"geometry":{"type":"Point","coordinates":[39.63823,-0.47345]}},{"type":"Feature","properties":{"event":"May 2024 (PlanetScope 05-May-2024)"},"geometry":{"type":"Point","coordinates":[39.63829,-0.47358]}},{"type":"Feature","properties":{"event":"May 2024 (PlanetScope 05-May-2024)"},"geometry":{"type":"Point","coordinates":[39.63824,-0.47289]}},{"type":"Feature","properties":{"event":"May 2024 (PlanetScope 05-May-2024)"},"geometry":{"type":"Point","coordinates":[39.63831,-0.47265]}},{"type":"Feature","properties":{"event":"May 2024 (PlanetScope 05-May-2024)"},"geometry":{"type":"Point","coordinates":[39.63819,-0.47251]}},{"type":"Feature","properties":{"event":"May 2024 (PlanetScope 05-May-2024)"},"geometry":{"type":"Point","coordinates":[39.63816,-0.47238]}},{"type":"Feature","properties":{"event":"May 2024 (PlanetScope 05-May-2024)"},"geometry":{"type":"Point","coordinates":[39.63541,-0.4728]}},{"type":"Feature","properties":{"event":"May 2024 (PlanetScope 05-May-2024)"},"geometry":{"type":"Point","coordinates":[39.63838,-0.47451]}},{"type":"Feature","properties":{"event":"May 2024 (PlanetScope 05-May-2024)"},"geometry":{"type":"Point","coordinates":[39.63452,-0.43405]}},{"type":"Feature","properties":{"event":"May 2024 (PlanetScope 05-May-2024)"},"geometry":{"type":"Point","coordinates":[39.63446,-0.43476]}},{"type":"Feature","properties":{"event":"May 2024 (PlanetScope 05-May-2024)"},"geometry":{"type":"Point","coordinates":[39.63454,-0.43475]}},{"type":"Feature","properties":{"event":"May 2024 (PlanetScope 05-May-2024)"},"geometry":{"type":"Point","coordinates":[39.63415,-0.43485]}},{"type":"Feature","properties":{"event":"May 2024 (PlanetScope 05-May-2024)"},"geometry":{"type":"Point","coordinates":[39.63414,-0.43469]}},{"type":"Feature","properties":{"event":"May 2024 (PlanetScope 05-May-2024)"},"geometry":{"type":"Point","coordinates":[39.63444,-0.43467]}},{"type":"Feature","properties":{"event":"May 2024 (PlanetScope 05-May-2024)"},"geometry":{"type":"Point","coordinates":[39.63439,-0.43453]}},{"type":"Feature","properties":{"event":"May 2024 (PlanetScope 05-May-2024)"},"geometry":{"type":"Point","coordinates":[39.63427,-0.43436]}},{"type":"Feature","properties":{"event":"May 2024 (PlanetScope 05-May-2024)"},"geometry":{"type":"Point","coordinates":[39.63405,-0.43438]}},{"type":"Feature","properties":{"event":"May 2024 (PlanetScope 05-May-2024)"},"geometry":{"type":"Point","coordinates":[39.63403,-0.43459]}},{"type":"Feature","properties":{"event":"May 2024 (PlanetScope 05-May-2024)"},"geometry":{"type":"Point","coordinates":[39.63404,-0.43449]}},{"type":"Feature","properties":{"event":"May 2024 (PlanetScope 05-May-2024)"},"geometry":{"type":"Point","coordinates":[39.63394,-0.4344]}},{"type":"Feature","properties":{"event":"May 2024 (PlanetScope 05-May-2024)"},"geometry":{"type":"Point","coordinates":[39.63364,-0.43455]}},{"type":"Feature","properties":{"event":"May 2024 (PlanetScope 05-May-2024)"},"geometry":{"type":"Point","coordinates":[39.6333,-0.43494]}},{"type":"Feature","properties":{"event":"May 2024 (PlanetScope 05-May-2024)"},"geometry":{"type":"Point","coordinates":[39.63334,-0.43488]}},{"type":"Feature","properties":{"event":"May 2024 (PlanetScope 05-May-2024)"},"geometry":{"type":"Point","coordinates":[39.63308,-0.43498]}},{"type":"Feature","properties":{"event":"May 2024 (PlanetScope 05-May-2024)"},"geometry":{"type":"Point","coordinates":[39.63317,-0.43414]}},{"type":"Feature","properties":{"event":"May 2024 (PlanetScope 05-May-2024)"},"geometry":{"type":"Point","coordinates":[39.6334,-0.43419]}},{"type":"Feature","properties":{"event":"May 2024 (PlanetScope 05-May-2024)"},"geometry":{"type":"Point","coordinates":[39.63405,-0.43393]}},{"type":"Feature","properties":{"event":"May 2024 (PlanetScope 05-May-2024)"},"geometry":{"type":"Point","coordinates":[39.63358,-0.43389]}},{"type":"Feature","properties":{"event":"May 2024 (PlanetScope 05-May-2024)"},"geometry":{"type":"Point","coordinates":[39.63368,-0.43379]}},{"type":"Feature","properties":{"event":"May 2024 (PlanetScope 05-May-2024)"},"geometry":{"type":"Point","coordinates":[39.63395,-0.43365]}},{"type":"Feature","properties":{"event":"May 2024 (PlanetScope 05-May-2024)"},"geometry":{"type":"Point","coordinates":[39.63388,-0.43352]}},{"type":"Feature","properties":{"event":"May 2024 (PlanetScope 05-May-2024)"},"geometry":{"type":"Point","coordinates":[39.63384,-0.4334]}},{"type":"Feature","properties":{"event":"May 2024 (PlanetScope 05-May-2024)"},"geometry":{"type":"Point","coordinates":[39.63375,-0.43349]}},{"type":"Feature","properties":{"event":"May 2024 (PlanetScope 05-May-2024)"},"geometry":{"type":"Point","coordinates":[39.63377,-0.4336]}},{"type":"Feature","properties":{"event":"May 2024 (PlanetScope 05-May-2024)"},"geometry":{"type":"Point","coordinates":[39.63367,-0.43339]}},{"type":"Feature","properties":{"event":"May 2024 (PlanetScope 05-May-2024)"},"geometry":{"type":"Point","coordinates":[39.63331,-0.43334]}},{"type":"Feature","properties":{"event":"May 2024 (PlanetScope 05-May-2024)"},"geometry":{"type":"Point","coordinates":[39.63359,-0.43306]}},{"type":"Feature","properties":{"event":"May 2024 (PlanetScope 05-May-2024)"},"geometry":{"type":"Point","coordinates":[39.63276,-0.43364]}},{"type":"Feature","properties":{"event":"May 2024 (PlanetScope 05-May-2024)"},"geometry":{"type":"Point","coordinates":[39.63262,-0.43367]}},{"type":"Feature","properties":{"event":"May 2024 (PlanetScope 05-May-2024)"},"geometry":{"type":"Point","coordinates":[39.63247,-0.43368]}},{"type":"Feature","properties":{"event":"May 2024 (PlanetScope 05-May-2024)"},"geometry":{"type":"Point","coordinates":[39.63304,-0.43418]}},{"type":"Feature","properties":{"event":"May 2024 (PlanetScope 05-May-2024)"},"geometry":{"type":"Point","coordinates":[39.63288,-0.43415]}},{"type":"Feature","properties":{"event":"May 2024 (PlanetScope 05-May-2024)"},"geometry":{"type":"Point","coordinates":[39.63258,-0.43414]}},{"type":"Feature","properties":{"event":"May 2024 (PlanetScope 05-May-2024)"},"geometry":{"type":"Point","coordinates":[39.63264,-0.43457]}},{"type":"Feature","properties":{"event":"May 2024 (PlanetScope 05-May-2024)"},"geometry":{"type":"Point","coordinates":[39.63264,-0.43426]}},{"type":"Feature","properties":{"event":"May 2024 (PlanetScope 05-May-2024)"},"geometry":{"type":"Point","coordinates":[39.6326,-0.43442]}},{"type":"Feature","properties":{"event":"May 2024 (PlanetScope 05-May-2024)"},"geometry":{"type":"Point","coordinates":[39.63253,-0.43435]}},{"type":"Feature","properties":{"event":"May 2024 (PlanetScope 05-May-2024)"},"geometry":{"type":"Point","coordinates":[39.63234,-0.4343]}},{"type":"Feature","properties":{"event":"May 2024 (PlanetScope 05-May-2024)"},"geometry":{"type":"Point","coordinates":[39.63239,-0.43405]}},{"type":"Feature","properties":{"event":"May 2024 (PlanetScope 05-May-2024)"},"geometry":{"type":"Point","coordinates":[39.63227,-0.43493]}},{"type":"Feature","properties":{"event":"May 2024 (PlanetScope 05-May-2024)"},"geometry":{"type":"Point","coordinates":[39.6318,-0.43483]}},{"type":"Feature","properties":{"event":"May 2024 (PlanetScope 05-May-2024)"},"geometry":{"type":"Point","coordinates":[39.63191,-0.43433]}},{"type":"Feature","properties":{"event":"May 2024 (PlanetScope 05-May-2024)"},"geometry":{"type":"Point","coordinates":[39.63184,-0.43431]}},{"type":"Feature","properties":{"event":"May 2024 (PlanetScope 05-May-2024)"},"geometry":{"type":"Point","coordinates":[39.63424,-0.43346]}},{"type":"Feature","properties":{"event":"May 2024 (PlanetScope 05-May-2024)"},"geometry":{"type":"Point","coordinates":[39.63434,-0.4334]}},{"type":"Feature","properties":{"event":"May 2024 (PlanetScope 05-May-2024)"},"geometry":{"type":"Point","coordinates":[39.63438,-0.43353]}},{"type":"Feature","properties":{"event":"May 2024 (PlanetScope 05-May-2024)"},"geometry":{"type":"Point","coordinates":[39.6331,-0.43618]}},{"type":"Feature","properties":{"event":"May 2024 (PlanetScope 05-May-2024)"},"geometry":{"type":"Point","coordinates":[39.63307,-0.43644]}},{"type":"Feature","properties":{"event":"May 2024 (PlanetScope 05-May-2024)"},"geometry":{"type":"Point","coordinates":[39.63335,-0.43683]}},{"type":"Feature","properties":{"event":"May 2024 (PlanetScope 05-May-2024)"},"geometry":{"type":"Point","coordinates":[39.63323,-0.4366]}},{"type":"Feature","properties":{"event":"May 2024 (PlanetScope 05-May-2024)"},"geometry":{"type":"Point","coordinates":[39.63332,-0.4351]}},{"type":"Feature","properties":{"event":"May 2024 (PlanetScope 05-May-2024)"},"geometry":{"type":"Point","coordinates":[39.63372,-0.43448]}},{"type":"Feature","properties":{"event":"May 2024 (PlanetScope 05-May-2024)"},"geometry":{"type":"Point","coordinates":[39.63397,-0.43478]}},{"type":"Feature","properties":{"event":"May 2024 (PlanetScope 05-May-2024)"},"geometry":{"type":"Point","coordinates":[39.63378,-0.43477]}},{"type":"Feature","properties":{"event":"May 2024 (PlanetScope 05-May-2024)"},"geometry":{"type":"Point","coordinates":[39.63369,-0.4348]}},{"type":"Feature","properties":{"event":"May 2024 (PlanetScope 05-May-2024)"},"geometry":{"type":"Point","coordinates":[39.63345,-0.43471]}},{"type":"Feature","properties":{"event":"May 2024 (PlanetScope 05-May-2024)"},"geometry":{"type":"Point","coordinates":[39.63299,-0.43527]}},{"type":"Feature","properties":{"event":"May 2024 (PlanetScope 05-May-2024)"},"geometry":{"type":"Point","coordinates":[39.63286,-0.43525]}},{"type":"Feature","properties":{"event":"May 2024 (PlanetScope 05-May-2024)"},"geometry":{"type":"Point","coordinates":[39.63314,-0.43546]}},{"type":"Feature","properties":{"event":"May 2024 (PlanetScope 05-May-2024)"},"geometry":{"type":"Point","coordinates":[39.6331,-0.43526]}},{"type":"Feature","properties":{"event":"May 2024 (PlanetScope 05-May-2024)"},"geometry":{"type":"Point","coordinates":[39.63324,-0.43526]}},{"type":"Feature","properties":{"event":"May 2024 (PlanetScope 05-May-2024)"},"geometry":{"type":"Point","coordinates":[39.63271,-0.43521]}},{"type":"Feature","properties":{"event":"May 2024 (PlanetScope 05-May-2024)"},"geometry":{"type":"Point","coordinates":[39.63273,-0.43532]}},{"type":"Feature","properties":{"event":"May 2024 (PlanetScope 05-May-2024)"},"geometry":{"type":"Point","coordinates":[39.63246,-0.43535]}},{"type":"Feature","properties":{"event":"May 2024 (PlanetScope 05-May-2024)"},"geometry":{"type":"Point","coordinates":[39.63225,-0.43538]}},{"type":"Feature","properties":{"event":"May 2024 (PlanetScope 05-May-2024)"},"geometry":{"type":"Point","coordinates":[39.63225,-0.4353]}},{"type":"Feature","properties":{"event":"May 2024 (PlanetScope 05-May-2024)"},"geometry":{"type":"Point","coordinates":[39.63206,-0.43529]}},{"type":"Feature","properties":{"event":"May 2024 (PlanetScope 05-May-2024)"},"geometry":{"type":"Point","coordinates":[39.63166,-0.43535]}},{"type":"Feature","properties":{"event":"May 2024 (PlanetScope 05-May-2024)"},"geometry":{"type":"Point","coordinates":[39.6316,-0.43528]}},{"type":"Feature","properties":{"event":"May 2024 (PlanetScope 05-May-2024)"},"geometry":{"type":"Point","coordinates":[39.63159,-0.43537]}},{"type":"Feature","properties":{"event":"May 2024 (PlanetScope 05-May-2024)"},"geometry":{"type":"Point","coordinates":[39.63471,-0.43704]}},{"type":"Feature","properties":{"event":"May 2024 (PlanetScope 05-May-2024)"},"geometry":{"type":"Point","coordinates":[39.63471,-0.43897]}},{"type":"Feature","properties":{"event":"May 2024 (PlanetScope 05-May-2024)"},"geometry":{"type":"Point","coordinates":[39.63487,-0.43897]}},{"type":"Feature","properties":{"event":"May 2024 (PlanetScope 05-May-2024)"},"geometry":{"type":"Point","coordinates":[39.63411,-0.43913]}},{"type":"Feature","properties":{"event":"May 2024 (PlanetScope 05-May-2024)"},"geometry":{"type":"Point","coordinates":[39.63397,-0.43916]}},{"type":"Feature","properties":{"event":"May 2024 (PlanetScope 05-May-2024)"},"geometry":{"type":"Point","coordinates":[39.63393,-0.43927]}},{"type":"Feature","properties":{"event":"May 2024 (PlanetScope 05-May-2024)"},"geometry":{"type":"Point","coordinates":[39.63322,-0.43827]}},{"type":"Feature","properties":{"event":"May 2024 (PlanetScope 05-May-2024)"},"geometry":{"type":"Point","coordinates":[39.63361,-0.43838]}},{"type":"Feature","properties":{"event":"May 2024 (PlanetScope 05-May-2024)"},"geometry":{"type":"Point","coordinates":[39.63371,-0.4384]}},{"type":"Feature","properties":{"event":"May 2024 (PlanetScope 05-May-2024)"},"geometry":{"type":"Point","coordinates":[39.63354,-0.43834]}},{"type":"Feature","properties":{"event":"May 2024 (PlanetScope 05-May-2024)"},"geometry":{"type":"Point","coordinates":[39.63347,-0.43842]}},{"type":"Feature","properties":{"event":"May 2024 (PlanetScope 05-May-2024)"},"geometry":{"type":"Point","coordinates":[39.63448,-0.43756]}},{"type":"Feature","properties":{"event":"May 2024 (PlanetScope 05-May-2024)"},"geometry":{"type":"Point","coordinates":[39.63513,-0.43934]}},{"type":"Feature","properties":{"event":"May 2024 (PlanetScope 05-May-2024)"},"geometry":{"type":"Point","coordinates":[39.63499,-0.43947]}},{"type":"Feature","properties":{"event":"May 2024 (PlanetScope 05-May-2024)"},"geometry":{"type":"Point","coordinates":[39.63493,-0.43904]}},{"type":"Feature","properties":{"event":"May 2024 (PlanetScope 05-May-2024)"},"geometry":{"type":"Point","coordinates":[39.63339,-0.43547]}},{"type":"Feature","properties":{"event":"May 2024 (PlanetScope 05-May-2024)"},"geometry":{"type":"Point","coordinates":[39.63151,-0.4348]}},{"type":"Feature","properties":{"event":"May 2024 (PlanetScope 05-May-2024)"},"geometry":{"type":"Point","coordinates":[39.63189,-0.43271]}},{"type":"Feature","properties":{"event":"May 2024 (PlanetScope 05-May-2024)"},"geometry":{"type":"Point","coordinates":[39.63331,-0.43385]}},{"type":"Feature","properties":{"event":"May 2024 (PlanetScope 05-May-2024)"},"geometry":{"type":"Point","coordinates":[39.63303,-0.43381]}},{"type":"Feature","properties":{"event":"May 2024 (PlanetScope 05-May-2024)"},"geometry":{"type":"Point","coordinates":[39.63372,-0.43313]}},{"type":"Feature","properties":{"event":"May 2024 (PlanetScope 05-May-2024)"},"geometry":{"type":"Point","coordinates":[39.63578,-0.45965]}},{"type":"Feature","properties":{"event":"May 2024 (PlanetScope 05-May-2024)"},"geometry":{"type":"Point","coordinates":[39.63539,-0.46007]}},{"type":"Feature","properties":{"event":"May 2024 (PlanetScope 05-May-2024)"},"geometry":{"type":"Point","coordinates":[39.63512,-0.46059]}},{"type":"Feature","properties":{"event":"May 2024 (PlanetScope 05-May-2024)"},"geometry":{"type":"Point","coordinates":[39.63592,-0.45952]}},{"type":"Feature","properties":{"event":"May 2024 (PlanetScope 05-May-2024)"},"geometry":{"type":"Point","coordinates":[39.63386,-0.45903]}},{"type":"Feature","properties":{"event":"May 2024 (PlanetScope 05-May-2024)"},"geometry":{"type":"Point","coordinates":[39.63558,-0.46122]}},{"type":"Feature","properties":{"event":"May 2024 (PlanetScope 05-May-2024)"},"geometry":{"type":"Point","coordinates":[39.63495,-0.46026]}},{"type":"Feature","properties":{"event":"May 2024 (PlanetScope 05-May-2024)"},"geometry":{"type":"Point","coordinates":[39.63583,-0.45893]}},{"type":"Feature","properties":{"event":"May 2024 (PlanetScope 05-May-2024)"},"geometry":{"type":"Point","coordinates":[39.63834,-0.47093]}},{"type":"Feature","properties":{"event":"May 2024 (PlanetScope 05-May-2024)"},"geometry":{"type":"Point","coordinates":[39.63349,-0.46718]}},{"type":"Feature","properties":{"event":"May 2024 (PlanetScope 05-May-2024)"},"geometry":{"type":"Point","coordinates":[39.63334,-0.46732]}},{"type":"Feature","properties":{"event":"May 2024 (PlanetScope 05-May-2024)"},"geometry":{"type":"Point","coordinates":[39.6366,-0.47016]}},{"type":"Feature","properties":{"event":"May 2024 (PlanetScope 05-May-2024)"},"geometry":{"type":"Point","coordinates":[39.6382,-0.47088]}},{"type":"Feature","properties":{"event":"May 2024 (PlanetScope 05-May-2024)"},"geometry":{"type":"Point","coordinates":[39.62892,-0.49507]}},{"type":"Feature","properties":{"event":"May 2024 (PlanetScope 05-May-2024)"},"geometry":{"type":"Point","coordinates":[39.6338,-0.49263]}},{"type":"Feature","properties":{"event":"May 2024 (PlanetScope 05-May-2024)"},"geometry":{"type":"Point","coordinates":[39.6337,-0.49262]}},{"type":"Feature","properties":{"event":"May 2024 (PlanetScope 05-May-2024)"},"geometry":{"type":"Point","coordinates":[39.63374,-0.49267]}},{"type":"Feature","properties":{"event":"May 2024 (PlanetScope 05-May-2024)"},"geometry":{"type":"Point","coordinates":[39.63273,-0.49212]}},{"type":"Feature","properties":{"event":"May 2024 (PlanetScope 05-May-2024)"},"geometry":{"type":"Point","coordinates":[39.6328,-0.49213]}},{"type":"Feature","properties":{"event":"May 2024 (PlanetScope 05-May-2024)"},"geometry":{"type":"Point","coordinates":[39.6329,-0.49231]}},{"type":"Feature","properties":{"event":"May 2024 (PlanetScope 05-May-2024)"},"geometry":{"type":"Point","coordinates":[39.63286,-0.49224]}},{"type":"Feature","properties":{"event":"May 2024 (PlanetScope 05-May-2024)"},"geometry":{"type":"Point","coordinates":[39.6331,-0.49219]}},{"type":"Feature","properties":{"event":"May 2024 (PlanetScope 05-May-2024)"},"geometry":{"type":"Point","coordinates":[39.63275,-0.49243]}},{"type":"Feature","properties":{"event":"May 2024 (PlanetScope 05-May-2024)"},"geometry":{"type":"Point","coordinates":[39.63269,-0.49239]}},{"type":"Feature","properties":{"event":"May 2024 (PlanetScope 05-May-2024)"},"geometry":{"type":"Point","coordinates":[39.63361,-0.49275]}},{"type":"Feature","properties":{"event":"May 2024 (PlanetScope 05-May-2024)"},"geometry":{"type":"Point","coordinates":[39.63352,-0.49332]}},{"type":"Feature","properties":{"event":"May 2024 (PlanetScope 05-May-2024)"},"geometry":{"type":"Point","coordinates":[39.63349,-0.49329]}},{"type":"Feature","properties":{"event":"May 2024 (PlanetScope 05-May-2024)"},"geometry":{"type":"Point","coordinates":[39.63297,-0.49318]}},{"type":"Feature","properties":{"event":"May 2024 (PlanetScope 05-May-2024)"},"geometry":{"type":"Point","coordinates":[39.63301,-0.4933]}},{"type":"Feature","properties":{"event":"May 2024 (PlanetScope 05-May-2024)"},"geometry":{"type":"Point","coordinates":[39.63243,-0.49304]}},{"type":"Feature","properties":{"event":"May 2024 (PlanetScope 05-May-2024)"},"geometry":{"type":"Point","coordinates":[39.63149,-0.49274]}},{"type":"Feature","properties":{"event":"May 2024 (PlanetScope 05-May-2024)"},"geometry":{"type":"Point","coordinates":[39.63269,-0.49467]}},{"type":"Feature","properties":{"event":"May 2024 (PlanetScope 05-May-2024)"},"geometry":{"type":"Point","coordinates":[39.6325,-0.49479]}},{"type":"Feature","properties":{"event":"May 2024 (PlanetScope 05-May-2024)"},"geometry":{"type":"Point","coordinates":[39.63249,-0.49506]}},{"type":"Feature","properties":{"event":"May 2024 (PlanetScope 05-May-2024)"},"geometry":{"type":"Point","coordinates":[39.63252,-0.49491]}},{"type":"Feature","properties":{"event":"May 2024 (PlanetScope 05-May-2024)"},"geometry":{"type":"Point","coordinates":[39.63529,-0.48464]}},{"type":"Feature","properties":{"event":"May 2024 (PlanetScope 05-May-2024)"},"geometry":{"type":"Point","coordinates":[39.635,-0.48906]}},{"type":"Feature","properties":{"event":"May 2024 (PlanetScope 05-May-2024)"},"geometry":{"type":"Point","coordinates":[39.63504,-0.48902]}},{"type":"Feature","properties":{"event":"May 2024 (PlanetScope 05-May-2024)"},"geometry":{"type":"Point","coordinates":[39.63484,-0.48873]}},{"type":"Feature","properties":{"event":"May 2024 (PlanetScope 05-May-2024)"},"geometry":{"type":"Point","coordinates":[39.63522,-0.4916]}},{"type":"Feature","properties":{"event":"May 2024 (PlanetScope 05-May-2024)"},"geometry":{"type":"Point","coordinates":[39.63526,-0.49159]}},{"type":"Feature","properties":{"event":"May 2024 (PlanetScope 05-May-2024)"},"geometry":{"type":"Point","coordinates":[39.63529,-0.49153]}},{"type":"Feature","properties":{"event":"May 2024 (PlanetScope 05-May-2024)"},"geometry":{"type":"Point","coordinates":[39.63526,-0.49146]}},{"type":"Feature","properties":{"event":"May 2024 (PlanetScope 05-May-2024)"},"geometry":{"type":"Point","coordinates":[39.63516,-0.49148]}},{"type":"Feature","properties":{"event":"May 2024 (PlanetScope 05-May-2024)"},"geometry":{"type":"Point","coordinates":[39.63514,-0.49158]}},{"type":"Feature","properties":{"event":"May 2024 (PlanetScope 05-May-2024)"},"geometry":{"type":"Point","coordinates":[39.63429,-0.49245]}},{"type":"Feature","properties":{"event":"May 2024 (PlanetScope 05-May-2024)"},"geometry":{"type":"Point","coordinates":[39.63378,-0.49236]}},{"type":"Feature","properties":{"event":"May 2024 (PlanetScope 05-May-2024)"},"geometry":{"type":"Point","coordinates":[39.63317,-0.49098]}},{"type":"Feature","properties":{"event":"May 2024 (PlanetScope 05-May-2024)"},"geometry":{"type":"Point","coordinates":[39.63319,-0.49118]}},{"type":"Feature","properties":{"event":"May 2024 (PlanetScope 05-May-2024)"},"geometry":{"type":"Point","coordinates":[39.6333,-0.49142]}},{"type":"Feature","properties":{"event":"May 2024 (PlanetScope 05-May-2024)"},"geometry":{"type":"Point","coordinates":[39.63333,-0.49136]}},{"type":"Feature","properties":{"event":"May 2024 (PlanetScope 05-May-2024)"},"geometry":{"type":"Point","coordinates":[39.63396,-0.49149]}},{"type":"Feature","properties":{"event":"May 2024 (PlanetScope 05-May-2024)"},"geometry":{"type":"Point","coordinates":[39.6385,-0.49453]}},{"type":"Feature","properties":{"event":"May 2024 (PlanetScope 05-May-2024)"},"geometry":{"type":"Point","coordinates":[39.63865,-0.49439]}},{"type":"Feature","properties":{"event":"May 2024 (PlanetScope 05-May-2024)"},"geometry":{"type":"Point","coordinates":[39.63864,-0.49431]}},{"type":"Feature","properties":{"event":"May 2024 (PlanetScope 05-May-2024)"},"geometry":{"type":"Point","coordinates":[39.63715,-0.4947]}},{"type":"Feature","properties":{"event":"May 2024 (PlanetScope 05-May-2024)"},"geometry":{"type":"Point","coordinates":[39.63741,-0.49459]}},{"type":"Feature","properties":{"event":"May 2024 (PlanetScope 05-May-2024)"},"geometry":{"type":"Point","coordinates":[39.63723,-0.49024]}},{"type":"Feature","properties":{"event":"May 2024 (PlanetScope 05-May-2024)"},"geometry":{"type":"Point","coordinates":[39.63705,-0.49035]}},{"type":"Feature","properties":{"event":"May 2024 (PlanetScope 05-May-2024)"},"geometry":{"type":"Point","coordinates":[39.63606,-0.4893]}},{"type":"Feature","properties":{"event":"May 2024 (PlanetScope 05-May-2024)"},"geometry":{"type":"Point","coordinates":[39.63554,-0.4885]}},{"type":"Feature","properties":{"event":"May 2024 (PlanetScope 05-May-2024)"},"geometry":{"type":"Point","coordinates":[39.63549,-0.48854]}},{"type":"Feature","properties":{"event":"May 2024 (PlanetScope 05-May-2024)"},"geometry":{"type":"Point","coordinates":[39.63527,-0.48841]}},{"type":"Feature","properties":{"event":"May 2024 (PlanetScope 05-May-2024)"},"geometry":{"type":"Point","coordinates":[39.63902,-0.49544]}},{"type":"Feature","properties":{"event":"May 2024 (PlanetScope 05-May-2024)"},"geometry":{"type":"Point","coordinates":[39.64849,-0.49523]}},{"type":"Feature","properties":{"event":"May 2024 (PlanetScope 05-May-2024)"},"geometry":{"type":"Point","coordinates":[39.64851,-0.49518]}},{"type":"Feature","properties":{"event":"May 2024 (PlanetScope 05-May-2024)"},"geometry":{"type":"Point","coordinates":[39.61958,-0.45482]}},{"type":"Feature","properties":{"event":"May 2024 (PlanetScope 05-May-2024)"},"geometry":{"type":"Point","coordinates":[39.65636,-0.48866]}},{"type":"Feature","properties":{"event":"May 2024 (PlanetScope 05-May-2024)"},"geometry":{"type":"Point","coordinates":[39.65602,-0.48919]}},{"type":"Feature","properties":{"event":"May 2024 (PlanetScope 05-May-2024)"},"geometry":{"type":"Point","coordinates":[39.656,-0.48931]}},{"type":"Feature","properties":{"event":"May 2024 (PlanetScope 05-May-2024)"},"geometry":{"type":"Point","coordinates":[39.65573,-0.4893]}},{"type":"Feature","properties":{"event":"May 2024 (PlanetScope 05-May-2024)"},"geometry":{"type":"Point","coordinates":[39.65612,-0.4899]}},{"type":"Feature","properties":{"event":"May 2024 (PlanetScope 05-May-2024)"},"geometry":{"type":"Point","coordinates":[39.65534,-0.49075]}},{"type":"Feature","properties":{"event":"May 2024 (PlanetScope 05-May-2024)"},"geometry":{"type":"Point","coordinates":[39.65488,-0.48989]}},{"type":"Feature","properties":{"event":"May 2024 (PlanetScope 05-May-2024)"},"geometry":{"type":"Point","coordinates":[39.65503,-0.49069]}},{"type":"Feature","properties":{"event":"May 2024 (PlanetScope 05-May-2024)"},"geometry":{"type":"Point","coordinates":[39.65481,-0.49075]}},{"type":"Feature","properties":{"event":"May 2024 (PlanetScope 05-May-2024)"},"geometry":{"type":"Point","coordinates":[39.65231,-0.49154]}},{"type":"Feature","properties":{"event":"May 2024 (PlanetScope 05-May-2024)"},"geometry":{"type":"Point","coordinates":[39.65233,-0.49136]}},{"type":"Feature","properties":{"event":"May 2024 (PlanetScope 05-May-2024)"},"geometry":{"type":"Point","coordinates":[39.65197,-0.49133]}},{"type":"Feature","properties":{"event":"May 2024 (PlanetScope 05-May-2024)"},"geometry":{"type":"Point","coordinates":[39.65189,-0.49134]}},{"type":"Feature","properties":{"event":"May 2024 (PlanetScope 05-May-2024)"},"geometry":{"type":"Point","coordinates":[39.65216,-0.4914]}},{"type":"Feature","properties":{"event":"May 2024 (PlanetScope 05-May-2024)"},"geometry":{"type":"Point","coordinates":[39.65204,-0.49115]}},{"type":"Feature","properties":{"event":"May 2024 (PlanetScope 05-May-2024)"},"geometry":{"type":"Point","coordinates":[39.65217,-0.49102]}},{"type":"Feature","properties":{"event":"May 2024 (PlanetScope 05-May-2024)"},"geometry":{"type":"Point","coordinates":[39.65271,-0.49136]}},{"type":"Feature","properties":{"event":"May 2024 (PlanetScope 05-May-2024)"},"geometry":{"type":"Point","coordinates":[39.64979,-0.48607]}},{"type":"Feature","properties":{"event":"May 2024 (PlanetScope 05-May-2024)"},"geometry":{"type":"Point","coordinates":[39.64971,-0.4866]}},{"type":"Feature","properties":{"event":"May 2024 (PlanetScope 05-May-2024)"},"geometry":{"type":"Point","coordinates":[39.65022,-0.48597]}},{"type":"Feature","properties":{"event":"May 2024 (PlanetScope 05-May-2024)"},"geometry":{"type":"Point","coordinates":[39.65006,-0.4861]}},{"type":"Feature","properties":{"event":"May 2024 (PlanetScope 05-May-2024)"},"geometry":{"type":"Point","coordinates":[39.65046,-0.4862]}},{"type":"Feature","properties":{"event":"May 2024 (PlanetScope 05-May-2024)"},"geometry":{"type":"Point","coordinates":[39.65054,-0.48691]}},{"type":"Feature","properties":{"event":"May 2024 (PlanetScope 05-May-2024)"},"geometry":{"type":"Point","coordinates":[39.64971,-0.48774]}},{"type":"Feature","properties":{"event":"May 2024 (PlanetScope 05-May-2024)"},"geometry":{"type":"Point","coordinates":[39.64989,-0.48761]}},{"type":"Feature","properties":{"event":"May 2024 (PlanetScope 05-May-2024)"},"geometry":{"type":"Point","coordinates":[39.65033,-0.48765]}},{"type":"Feature","properties":{"event":"May 2024 (PlanetScope 05-May-2024)"},"geometry":{"type":"Point","coordinates":[39.65036,-0.48809]}},{"type":"Feature","properties":{"event":"May 2024 (PlanetScope 05-May-2024)"},"geometry":{"type":"Point","coordinates":[39.65033,-0.48821]}},{"type":"Feature","properties":{"event":"May 2024 (PlanetScope 05-May-2024)"},"geometry":{"type":"Point","coordinates":[39.65104,-0.48896]}},{"type":"Feature","properties":{"event":"May 2024 (PlanetScope 05-May-2024)"},"geometry":{"type":"Point","coordinates":[39.65093,-0.48898]}},{"type":"Feature","properties":{"event":"May 2024 (PlanetScope 05-May-2024)"},"geometry":{"type":"Point","coordinates":[39.65227,-0.49121]}},{"type":"Feature","properties":{"event":"May 2024 (PlanetScope 05-May-2024)"},"geometry":{"type":"Point","coordinates":[39.6513,-0.48971]}},{"type":"Feature","properties":{"event":"May 2024 (PlanetScope 05-May-2024)"},"geometry":{"type":"Point","coordinates":[39.65112,-0.48952]}},{"type":"Feature","properties":{"event":"May 2024 (PlanetScope 05-May-2024)"},"geometry":{"type":"Point","coordinates":[39.65155,-0.4901]}},{"type":"Feature","properties":{"event":"May 2024 (PlanetScope 05-May-2024)"},"geometry":{"type":"Point","coordinates":[39.65168,-0.49027]}},{"type":"Feature","properties":{"event":"May 2024 (PlanetScope 05-May-2024)"},"geometry":{"type":"Point","coordinates":[39.65512,-0.48965]}},{"type":"Feature","properties":{"event":"May 2024 (PlanetScope 05-May-2024)"},"geometry":{"type":"Point","coordinates":[39.64484,-0.48875]}},{"type":"Feature","properties":{"event":"May 2024 (PlanetScope 05-May-2024)"},"geometry":{"type":"Point","coordinates":[39.64487,-0.48879]}},{"type":"Feature","properties":{"event":"May 2024 (PlanetScope 05-May-2024)"},"geometry":{"type":"Point","coordinates":[39.64571,-0.48864]}},{"type":"Feature","properties":{"event":"May 2024 (PlanetScope 05-May-2024)"},"geometry":{"type":"Point","coordinates":[39.64555,-0.48848]}},{"type":"Feature","properties":{"event":"May 2024 (PlanetScope 05-May-2024)"},"geometry":{"type":"Point","coordinates":[39.64632,-0.488]}},{"type":"Feature","properties":{"event":"May 2024 (PlanetScope 05-May-2024)"},"geometry":{"type":"Point","coordinates":[39.64938,-0.48763]}},{"type":"Feature","properties":{"event":"May 2024 (PlanetScope 05-May-2024)"},"geometry":{"type":"Point","coordinates":[39.64945,-0.4875]}},{"type":"Feature","properties":{"event":"May 2024 (PlanetScope 05-May-2024)"},"geometry":{"type":"Point","coordinates":[39.64918,-0.48745]}},{"type":"Feature","properties":{"event":"May 2024 (PlanetScope 05-May-2024)"},"geometry":{"type":"Point","coordinates":[39.64904,-0.48734]}},{"type":"Feature","properties":{"event":"May 2024 (PlanetScope 05-May-2024)"},"geometry":{"type":"Point","coordinates":[39.64955,-0.48734]}},{"type":"Feature","properties":{"event":"May 2024 (PlanetScope 05-May-2024)"},"geometry":{"type":"Point","coordinates":[39.64937,-0.48728]}},{"type":"Feature","properties":{"event":"May 2024 (PlanetScope 05-May-2024)"},"geometry":{"type":"Point","coordinates":[39.64925,-0.4872]}},{"type":"Feature","properties":{"event":"May 2024 (PlanetScope 05-May-2024)"},"geometry":{"type":"Point","coordinates":[39.64861,-0.48709]}},{"type":"Feature","properties":{"event":"May 2024 (PlanetScope 05-May-2024)"},"geometry":{"type":"Point","coordinates":[39.64944,-0.48692]}},{"type":"Feature","properties":{"event":"May 2024 (PlanetScope 05-May-2024)"},"geometry":{"type":"Point","coordinates":[39.64956,-0.48683]}},{"type":"Feature","properties":{"event":"May 2024 (PlanetScope 05-May-2024)"},"geometry":{"type":"Point","coordinates":[39.64943,-0.48671]}},{"type":"Feature","properties":{"event":"May 2024 (PlanetScope 05-May-2024)"},"geometry":{"type":"Point","coordinates":[39.6496,-0.4867]}},{"type":"Feature","properties":{"event":"May 2024 (PlanetScope 05-May-2024)"},"geometry":{"type":"Point","coordinates":[39.64882,-0.48652]}},{"type":"Feature","properties":{"event":"May 2024 (PlanetScope 05-May-2024)"},"geometry":{"type":"Point","coordinates":[39.64894,-0.48635]}},{"type":"Feature","properties":{"event":"May 2024 (PlanetScope 05-May-2024)"},"geometry":{"type":"Point","coordinates":[39.64936,-0.48641]}},{"type":"Feature","properties":{"event":"May 2024 (PlanetScope 05-May-2024)"},"geometry":{"type":"Point","coordinates":[39.64894,-0.48581]}},{"type":"Feature","properties":{"event":"May 2024 (PlanetScope 05-May-2024)"},"geometry":{"type":"Point","coordinates":[39.64921,-0.48564]}},{"type":"Feature","properties":{"event":"May 2024 (PlanetScope 05-May-2024)"},"geometry":{"type":"Point","coordinates":[39.64819,-0.48493]}},{"type":"Feature","properties":{"event":"May 2024 (PlanetScope 05-May-2024)"},"geometry":{"type":"Point","coordinates":[39.64848,-0.48404]}},{"type":"Feature","properties":{"event":"May 2024 (PlanetScope 05-May-2024)"},"geometry":{"type":"Point","coordinates":[39.64762,-0.48447]}},{"type":"Feature","properties":{"event":"May 2024 (PlanetScope 05-May-2024)"},"geometry":{"type":"Point","coordinates":[39.64778,-0.48456]}},{"type":"Feature","properties":{"event":"May 2024 (PlanetScope 05-May-2024)"},"geometry":{"type":"Point","coordinates":[39.64788,-0.48456]}},{"type":"Feature","properties":{"event":"May 2024 (PlanetScope 05-May-2024)"},"geometry":{"type":"Point","coordinates":[39.64805,-0.48478]}},{"type":"Feature","properties":{"event":"May 2024 (PlanetScope 05-May-2024)"},"geometry":{"type":"Point","coordinates":[39.64769,-0.48468]}},{"type":"Feature","properties":{"event":"May 2024 (PlanetScope 05-May-2024)"},"geometry":{"type":"Point","coordinates":[39.64693,-0.48506]}},{"type":"Feature","properties":{"event":"May 2024 (PlanetScope 05-May-2024)"},"geometry":{"type":"Point","coordinates":[39.66956,-0.50151]}},{"type":"Feature","properties":{"event":"May 2024 (PlanetScope 05-May-2024)"},"geometry":{"type":"Point","coordinates":[39.66914,-0.50198]}},{"type":"Feature","properties":{"event":"May 2024 (PlanetScope 05-May-2024)"},"geometry":{"type":"Point","coordinates":[39.66891,-0.50216]}},{"type":"Feature","properties":{"event":"May 2024 (PlanetScope 05-May-2024)"},"geometry":{"type":"Point","coordinates":[39.6696,-0.50268]}},{"type":"Feature","properties":{"event":"May 2024 (PlanetScope 05-May-2024)"},"geometry":{"type":"Point","coordinates":[39.66988,-0.50276]}},{"type":"Feature","properties":{"event":"May 2024 (PlanetScope 05-May-2024)"},"geometry":{"type":"Point","coordinates":[39.66959,-0.50238]}},{"type":"Feature","properties":{"event":"May 2024 (PlanetScope 05-May-2024)"},"geometry":{"type":"Point","coordinates":[39.65062,-0.48791]}},{"type":"Feature","properties":{"event":"May 2024 (PlanetScope 05-May-2024)"},"geometry":{"type":"Point","coordinates":[39.63636,-0.46033]}},{"type":"Feature","properties":{"event":"May 2024 (PlanetScope 05-May-2024)"},"geometry":{"type":"Point","coordinates":[39.63634,-0.46048]}},{"type":"Feature","properties":{"event":"May 2024 (PlanetScope 05-May-2024)"},"geometry":{"type":"Point","coordinates":[39.63624,-0.46043]}},{"type":"Feature","properties":{"event":"May 2024 (PlanetScope 05-May-2024)"},"geometry":{"type":"Point","coordinates":[39.63719,-0.45874]}},{"type":"Feature","properties":{"event":"May 2024 (PlanetScope 05-May-2024)"},"geometry":{"type":"Point","coordinates":[39.6375,-0.45898]}},{"type":"Feature","properties":{"event":"May 2024 (PlanetScope 05-May-2024)"},"geometry":{"type":"Point","coordinates":[39.63725,-0.45898]}},{"type":"Feature","properties":{"event":"May 2024 (PlanetScope 05-May-2024)"},"geometry":{"type":"Point","coordinates":[39.6371,-0.45968]}},{"type":"Feature","properties":{"event":"May 2024 (PlanetScope 05-May-2024)"},"geometry":{"type":"Point","coordinates":[39.63658,-0.46036]}},{"type":"Feature","properties":{"event":"May 2024 (PlanetScope 05-May-2024)"},"geometry":{"type":"Point","coordinates":[39.63653,-0.46052]}},{"type":"Feature","properties":{"event":"May 2024 (PlanetScope 05-May-2024)"},"geometry":{"type":"Point","coordinates":[39.63672,-0.46059]}},{"type":"Feature","properties":{"event":"May 2024 (PlanetScope 05-May-2024)"},"geometry":{"type":"Point","coordinates":[39.62139,-0.43198]}},{"type":"Feature","properties":{"event":"May 2024 (PlanetScope 05-May-2024)"},"geometry":{"type":"Point","coordinates":[39.60852,-0.42023]}},{"type":"Feature","properties":{"event":"May 2024 (PlanetScope 05-May-2024)"},"geometry":{"type":"Point","coordinates":[39.60734,-0.42036]}},{"type":"Feature","properties":{"event":"May 2024 (PlanetScope 05-May-2024)"},"geometry":{"type":"Point","coordinates":[39.63431,-0.43303]}},{"type":"Feature","properties":{"event":"May 2024 (PlanetScope 05-May-2024)"},"geometry":{"type":"Point","coordinates":[39.6285,-0.43406]}},{"type":"Feature","properties":{"event":"May 2024 (PlanetScope 05-May-2024)"},"geometry":{"type":"Point","coordinates":[39.62992,-0.43352]}},{"type":"Feature","properties":{"event":"May 2024 (PlanetScope 05-May-2024)"},"geometry":{"type":"Point","coordinates":[39.63006,-0.43414]}},{"type":"Feature","properties":{"event":"May 2024 (PlanetScope 05-May-2024)"},"geometry":{"type":"Point","coordinates":[39.6332,-0.43887]}},{"type":"Feature","properties":{"event":"May 2024 (PlanetScope 05-May-2024)"},"geometry":{"type":"Point","coordinates":[39.61208,-0.46618]}},{"type":"Feature","properties":{"event":"May 2024 (PlanetScope 05-May-2024)"},"geometry":{"type":"Point","coordinates":[39.61286,-0.46609]}},{"type":"Feature","properties":{"event":"May 2024 (PlanetScope 05-May-2024)"},"geometry":{"type":"Point","coordinates":[39.61256,-0.46574]}},{"type":"Feature","properties":{"event":"May 2024 (PlanetScope 05-May-2024)"},"geometry":{"type":"Point","coordinates":[39.61236,-0.46547]}},{"type":"Feature","properties":{"event":"May 2024 (PlanetScope 05-May-2024)"},"geometry":{"type":"Point","coordinates":[39.61235,-0.46542]}},{"type":"Feature","properties":{"event":"May 2024 (PlanetScope 05-May-2024)"},"geometry":{"type":"Point","coordinates":[39.61234,-0.46536]}},{"type":"Feature","properties":{"event":"May 2024 (PlanetScope 05-May-2024)"},"geometry":{"type":"Point","coordinates":[39.61186,-0.46413]}},{"type":"Feature","properties":{"event":"May 2024 (PlanetScope 05-May-2024)"},"geometry":{"type":"Point","coordinates":[39.61193,-0.46321]}},{"type":"Feature","properties":{"event":"May 2024 (PlanetScope 05-May-2024)"},"geometry":{"type":"Point","coordinates":[39.61204,-0.46329]}},{"type":"Feature","properties":{"event":"May 2024 (PlanetScope 05-May-2024)"},"geometry":{"type":"Point","coordinates":[39.61206,-0.46322]}},{"type":"Feature","properties":{"event":"May 2024 (PlanetScope 05-May-2024)"},"geometry":{"type":"Point","coordinates":[39.61206,-0.46283]}},{"type":"Feature","properties":{"event":"May 2024 (PlanetScope 05-May-2024)"},"geometry":{"type":"Point","coordinates":[39.6122,-0.46288]}},{"type":"Feature","properties":{"event":"May 2024 (PlanetScope 05-May-2024)"},"geometry":{"type":"Point","coordinates":[39.61212,-0.46278]}},{"type":"Feature","properties":{"event":"May 2024 (PlanetScope 05-May-2024)"},"geometry":{"type":"Point","coordinates":[39.61206,-0.46244]}},{"type":"Feature","properties":{"event":"May 2024 (PlanetScope 05-May-2024)"},"geometry":{"type":"Point","coordinates":[39.61191,-0.46227]}},{"type":"Feature","properties":{"event":"May 2024 (PlanetScope 05-May-2024)"},"geometry":{"type":"Point","coordinates":[39.61224,-0.46222]}},{"type":"Feature","properties":{"event":"May 2024 (PlanetScope 05-May-2024)"},"geometry":{"type":"Point","coordinates":[39.61169,-0.46486]}},{"type":"Feature","properties":{"event":"May 2024 (PlanetScope 05-May-2024)"},"geometry":{"type":"Point","coordinates":[39.61158,-0.46465]}},{"type":"Feature","properties":{"event":"May 2024 (PlanetScope 05-May-2024)"},"geometry":{"type":"Point","coordinates":[39.61258,-0.46518]}},{"type":"Feature","properties":{"event":"May 2024 (PlanetScope 05-May-2024)"},"geometry":{"type":"Point","coordinates":[39.61137,-0.46386]}},{"type":"Feature","properties":{"event":"May 2024 (PlanetScope 05-May-2024)"},"geometry":{"type":"Point","coordinates":[39.61129,-0.46443]}},{"type":"Feature","properties":{"event":"May 2024 (PlanetScope 05-May-2024)"},"geometry":{"type":"Point","coordinates":[39.61249,-0.4662]}},{"type":"Feature","properties":{"event":"May 2024 (PlanetScope 05-May-2024)"},"geometry":{"type":"Point","coordinates":[39.61252,-0.46628]}},{"type":"Feature","properties":{"event":"May 2024 (PlanetScope 05-May-2024)"},"geometry":{"type":"Point","coordinates":[39.63718,-0.47555]}},{"type":"Feature","properties":{"event":"May 2024 (PlanetScope 05-May-2024)"},"geometry":{"type":"Point","coordinates":[39.63727,-0.47534]}},{"type":"Feature","properties":{"event":"May 2024 (PlanetScope 05-May-2024)"},"geometry":{"type":"Point","coordinates":[39.63319,-0.46769]}},{"type":"Feature","properties":{"event":"May 2024 (PlanetScope 05-May-2024)"},"geometry":{"type":"Point","coordinates":[39.62964,-0.47179]}},{"type":"Feature","properties":{"event":"May 2024 (PlanetScope 05-May-2024)"},"geometry":{"type":"Point","coordinates":[39.62964,-0.47173]}},{"type":"Feature","properties":{"event":"May 2024 (PlanetScope 05-May-2024)"},"geometry":{"type":"Point","coordinates":[39.62957,-0.47147]}},{"type":"Feature","properties":{"event":"May 2024 (PlanetScope 05-May-2024)"},"geometry":{"type":"Point","coordinates":[39.63091,-0.46931]}},{"type":"Feature","properties":{"event":"May 2024 (PlanetScope 05-May-2024)"},"geometry":{"type":"Point","coordinates":[39.63079,-0.46928]}},{"type":"Feature","properties":{"event":"May 2024 (PlanetScope 05-May-2024)"},"geometry":{"type":"Point","coordinates":[39.65466,-0.49133]}},{"type":"Feature","properties":{"event":"May 2024 (PlanetScope 05-May-2024)"},"geometry":{"type":"Point","coordinates":[39.65409,-0.49124]}},{"type":"Feature","properties":{"event":"May 2024 (PlanetScope 05-May-2024)"},"geometry":{"type":"Point","coordinates":[39.65287,-0.49147]}},{"type":"Feature","properties":{"event":"May 2024 (PlanetScope 05-May-2024)"},"geometry":{"type":"Point","coordinates":[39.65312,-0.49131]}},{"type":"Feature","properties":{"event":"May 2024 (PlanetScope 05-May-2024)"},"geometry":{"type":"Point","coordinates":[39.65195,-0.49142]}},{"type":"Feature","properties":{"event":"May 2024 (PlanetScope 05-May-2024)"},"geometry":{"type":"Point","coordinates":[39.65242,-0.4915]}},{"type":"Feature","properties":{"event":"May 2024 (PlanetScope 05-May-2024)"},"geometry":{"type":"Point","coordinates":[39.65546,-0.49059]}},{"type":"Feature","properties":{"event":"May 2024 (PlanetScope 05-May-2024)"},"geometry":{"type":"Point","coordinates":[39.65543,-0.49042]}},{"type":"Feature","properties":{"event":"May 2024 (PlanetScope 05-May-2024)"},"geometry":{"type":"Point","coordinates":[39.6559,-0.49025]}},{"type":"Feature","properties":{"event":"May 2024 (PlanetScope 05-May-2024)"},"geometry":{"type":"Point","coordinates":[39.65611,-0.48968]}},{"type":"Feature","properties":{"event":"May 2024 (PlanetScope 05-May-2024)"},"geometry":{"type":"Point","coordinates":[39.65634,-0.48979]}},{"type":"Feature","properties":{"event":"May 2024 (PlanetScope 05-May-2024)"},"geometry":{"type":"Point","coordinates":[39.65594,-0.48947]}},{"type":"Feature","properties":{"event":"May 2024 (PlanetScope 05-May-2024)"},"geometry":{"type":"Point","coordinates":[39.65648,-0.48874]}},{"type":"Feature","properties":{"event":"May 2024 (PlanetScope 05-May-2024)"},"geometry":{"type":"Point","coordinates":[39.65635,-0.48879]}},{"type":"Feature","properties":{"event":"May 2024 (PlanetScope 05-May-2024)"},"geometry":{"type":"Point","coordinates":[39.62983,-0.46081]}},{"type":"Feature","properties":{"event":"May 2024 (PlanetScope 05-May-2024)"},"geometry":{"type":"Point","coordinates":[39.62857,-0.46171]}},{"type":"Feature","properties":{"event":"May 2024 (PlanetScope 05-May-2024)"},"geometry":{"type":"Point","coordinates":[39.63018,-0.46347]}},{"type":"Feature","properties":{"event":"May 2024 (PlanetScope 05-May-2024)"},"geometry":{"type":"Point","coordinates":[39.63004,-0.46342]}},{"type":"Feature","properties":{"event":"May 2024 (PlanetScope 05-May-2024)"},"geometry":{"type":"Point","coordinates":[39.62911,-0.46228]}},{"type":"Feature","properties":{"event":"May 2024 (PlanetScope 05-May-2024)"},"geometry":{"type":"Point","coordinates":[39.6288,-0.46216]}},{"type":"Feature","properties":{"event":"May 2024 (PlanetScope 05-May-2024)"},"geometry":{"type":"Point","coordinates":[39.62894,-0.46198]}},{"type":"Feature","properties":{"event":"May 2024 (PlanetScope 05-May-2024)"},"geometry":{"type":"Point","coordinates":[39.63404,-0.43469]}},{"type":"Feature","properties":{"event":"May 2024 (PlanetScope 05-May-2024)"},"geometry":{"type":"Point","coordinates":[39.63404,-0.43424]}},{"type":"Feature","properties":{"event":"May 2024 (PlanetScope 05-May-2024)"},"geometry":{"type":"Point","coordinates":[39.63418,-0.43402]}},{"type":"Feature","properties":{"event":"May 2024 (PlanetScope 05-May-2024)"},"geometry":{"type":"Point","coordinates":[39.63416,-0.43364]}},{"type":"Feature","properties":{"event":"May 2024 (PlanetScope 05-May-2024)"},"geometry":{"type":"Point","coordinates":[39.63404,-0.43356]}},{"type":"Feature","properties":{"event":"May 2024 (PlanetScope 05-May-2024)"},"geometry":{"type":"Point","coordinates":[39.63408,-0.4335]}},{"type":"Feature","properties":{"event":"May 2024 (PlanetScope 05-May-2024)"},"geometry":{"type":"Point","coordinates":[39.63418,-0.43302]}},{"type":"Feature","properties":{"event":"May 2024 (PlanetScope 05-May-2024)"},"geometry":{"type":"Point","coordinates":[39.63394,-0.43275]}},{"type":"Feature","properties":{"event":"May 2024 (PlanetScope 05-May-2024)"},"geometry":{"type":"Point","coordinates":[39.63598,-0.45808]}},{"type":"Feature","properties":{"event":"May 2024 (PlanetScope 05-May-2024)"},"geometry":{"type":"Point","coordinates":[39.6361,-0.45804]}},{"type":"Feature","properties":{"event":"May 2024 (PlanetScope 05-May-2024)"},"geometry":{"type":"Point","coordinates":[39.63611,-0.45835]}},{"type":"Feature","properties":{"event":"May 2024 (PlanetScope 05-May-2024)"},"geometry":{"type":"Point","coordinates":[39.63637,-0.45761]}},{"type":"Feature","properties":{"event":"May 2024 (PlanetScope 05-May-2024)"},"geometry":{"type":"Point","coordinates":[39.64685,-0.48953]}},{"type":"Feature","properties":{"event":"May 2024 (PlanetScope 05-May-2024)"},"geometry":{"type":"Point","coordinates":[39.64666,-0.48945]}},{"type":"Feature","properties":{"event":"May 2024 (PlanetScope 05-May-2024)"},"geometry":{"type":"Point","coordinates":[39.64662,-0.48947]}},{"type":"Feature","properties":{"event":"May 2024 (PlanetScope 05-May-2024)"},"geometry":{"type":"Point","coordinates":[39.64674,-0.48939]}},{"type":"Feature","properties":{"event":"May 2024 (PlanetScope 05-May-2024)"},"geometry":{"type":"Point","coordinates":[39.64634,-0.48923]}},{"type":"Feature","properties":{"event":"May 2024 (PlanetScope 05-May-2024)"},"geometry":{"type":"Point","coordinates":[39.64607,-0.48903]}},{"type":"Feature","properties":{"event":"May 2024 (PlanetScope 05-May-2024)"},"geometry":{"type":"Point","coordinates":[39.6461,-0.48896]}},{"type":"Feature","properties":{"event":"May 2024 (PlanetScope 05-May-2024)"},"geometry":{"type":"Point","coordinates":[39.64681,-0.48902]}},{"type":"Feature","properties":{"event":"May 2024 (PlanetScope 05-May-2024)"},"geometry":{"type":"Point","coordinates":[39.64665,-0.48899]}},{"type":"Feature","properties":{"event":"May 2024 (PlanetScope 05-May-2024)"},"geometry":{"type":"Point","coordinates":[39.64659,-0.48913]}},{"type":"Feature","properties":{"event":"May 2024 (PlanetScope 05-May-2024)"},"geometry":{"type":"Point","coordinates":[39.64638,-0.48921]}},{"type":"Feature","properties":{"event":"May 2024 (PlanetScope 05-May-2024)"},"geometry":{"type":"Point","coordinates":[39.64653,-0.48937]}},{"type":"Feature","properties":{"event":"May 2024 (PlanetScope 05-May-2024)"},"geometry":{"type":"Point","coordinates":[39.64653,-0.48944]}},{"type":"Feature","properties":{"event":"May 2024 (PlanetScope 05-May-2024)"},"geometry":{"type":"Point","coordinates":[39.64626,-0.48962]}},{"type":"Feature","properties":{"event":"May 2024 (PlanetScope 05-May-2024)"},"geometry":{"type":"Point","coordinates":[39.64597,-0.48966]}},{"type":"Feature","properties":{"event":"May 2024 (PlanetScope 05-May-2024)"},"geometry":{"type":"Point","coordinates":[39.64589,-0.48961]}},{"type":"Feature","properties":{"event":"May 2024 (PlanetScope 05-May-2024)"},"geometry":{"type":"Point","coordinates":[39.64585,-0.48962]}},{"type":"Feature","properties":{"event":"May 2024 (PlanetScope 05-May-2024)"},"geometry":{"type":"Point","coordinates":[39.64568,-0.48925]}},{"type":"Feature","properties":{"event":"May 2024 (PlanetScope 05-May-2024)"},"geometry":{"type":"Point","coordinates":[39.64525,-0.48915]}},{"type":"Feature","properties":{"event":"May 2024 (PlanetScope 05-May-2024)"},"geometry":{"type":"Point","coordinates":[39.6451,-0.48906]}},{"type":"Feature","properties":{"event":"May 2024 (PlanetScope 05-May-2024)"},"geometry":{"type":"Point","coordinates":[39.64449,-0.48902]}},{"type":"Feature","properties":{"event":"May 2024 (PlanetScope 05-May-2024)"},"geometry":{"type":"Point","coordinates":[39.64434,-0.48922]}},{"type":"Feature","properties":{"event":"May 2024 (PlanetScope 05-May-2024)"},"geometry":{"type":"Point","coordinates":[39.6445,-0.48912]}},{"type":"Feature","properties":{"event":"May 2024 (PlanetScope 05-May-2024)"},"geometry":{"type":"Point","coordinates":[39.64445,-0.48916]}},{"type":"Feature","properties":{"event":"May 2024 (PlanetScope 05-May-2024)"},"geometry":{"type":"Point","coordinates":[39.64473,-0.48912]}},{"type":"Feature","properties":{"event":"May 2024 (PlanetScope 05-May-2024)"},"geometry":{"type":"Point","coordinates":[39.64488,-0.48922]}},{"type":"Feature","properties":{"event":"May 2024 (PlanetScope 05-May-2024)"},"geometry":{"type":"Point","coordinates":[39.64477,-0.4892]}},{"type":"Feature","properties":{"event":"May 2024 (PlanetScope 05-May-2024)"},"geometry":{"type":"Point","coordinates":[39.6445,-0.48953]}},{"type":"Feature","properties":{"event":"May 2024 (PlanetScope 05-May-2024)"},"geometry":{"type":"Point","coordinates":[39.64455,-0.48953]}},{"type":"Feature","properties":{"event":"May 2024 (PlanetScope 05-May-2024)"},"geometry":{"type":"Point","coordinates":[39.64466,-0.48973]}},{"type":"Feature","properties":{"event":"May 2024 (PlanetScope 05-May-2024)"},"geometry":{"type":"Point","coordinates":[39.64496,-0.48981]}},{"type":"Feature","properties":{"event":"May 2024 (PlanetScope 05-May-2024)"},"geometry":{"type":"Point","coordinates":[39.64478,-0.48977]}},{"type":"Feature","properties":{"event":"May 2024 (PlanetScope 05-May-2024)"},"geometry":{"type":"Point","coordinates":[39.64473,-0.48986]}},{"type":"Feature","properties":{"event":"May 2024 (PlanetScope 05-May-2024)"},"geometry":{"type":"Point","coordinates":[39.64423,-0.49015]}},{"type":"Feature","properties":{"event":"May 2024 (PlanetScope 05-May-2024)"},"geometry":{"type":"Point","coordinates":[39.63249,-0.43356]}},{"type":"Feature","properties":{"event":"May 2024 (PlanetScope 05-May-2024)"},"geometry":{"type":"Point","coordinates":[39.63266,-0.43353]}},{"type":"Feature","properties":{"event":"May 2024 (PlanetScope 05-May-2024)"},"geometry":{"type":"Point","coordinates":[39.63246,-0.43274]}},{"type":"Feature","properties":{"event":"May 2024 (PlanetScope 05-May-2024)"},"geometry":{"type":"Point","coordinates":[39.6333,-0.43428]}},{"type":"Feature","properties":{"event":"May 2024 (PlanetScope 05-May-2024)"},"geometry":{"type":"Point","coordinates":[39.6335,-0.4342]}},{"type":"Feature","properties":{"event":"May 2024 (PlanetScope 05-May-2024)"},"geometry":{"type":"Point","coordinates":[39.63287,-0.43449]}},{"type":"Feature","properties":{"event":"May 2024 (PlanetScope 05-May-2024)"},"geometry":{"type":"Point","coordinates":[39.63248,-0.43482]}},{"type":"Feature","properties":{"event":"May 2024 (PlanetScope 05-May-2024)"},"geometry":{"type":"Point","coordinates":[39.62955,-0.43343]}},{"type":"Feature","properties":{"event":"May 2024 (PlanetScope 05-May-2024)"},"geometry":{"type":"Point","coordinates":[39.6298,-0.43433]}},{"type":"Feature","properties":{"event":"May 2024 (PlanetScope 05-May-2024)"},"geometry":{"type":"Point","coordinates":[39.62986,-0.43452]}},{"type":"Feature","properties":{"event":"May 2024 (PlanetScope 05-May-2024)"},"geometry":{"type":"Point","coordinates":[39.63012,-0.43378]}},{"type":"Feature","properties":{"event":"May 2024 (PlanetScope 05-May-2024)"},"geometry":{"type":"Point","coordinates":[39.62798,-0.43426]}},{"type":"Feature","properties":{"event":"May 2024 (PlanetScope 05-May-2024)"},"geometry":{"type":"Point","coordinates":[39.62887,-0.4333]}},{"type":"Feature","properties":{"event":"May 2024 (PlanetScope 05-May-2024)"},"geometry":{"type":"Point","coordinates":[39.62904,-0.43345]}},{"type":"Feature","properties":{"event":"May 2024 (PlanetScope 05-May-2024)"},"geometry":{"type":"Point","coordinates":[39.62944,-0.43339]}},{"type":"Feature","properties":{"event":"May 2024 (PlanetScope 05-May-2024)"},"geometry":{"type":"Point","coordinates":[39.6294,-0.43351]}},{"type":"Feature","properties":{"event":"May 2024 (PlanetScope 05-May-2024)"},"geometry":{"type":"Point","coordinates":[39.62941,-0.43359]}},{"type":"Feature","properties":{"event":"May 2024 (PlanetScope 05-May-2024)"},"geometry":{"type":"Point","coordinates":[39.63084,-0.43304]}},{"type":"Feature","properties":{"event":"May 2024 (PlanetScope 05-May-2024)"},"geometry":{"type":"Point","coordinates":[39.63126,-0.43291]}},{"type":"Feature","properties":{"event":"May 2024 (PlanetScope 05-May-2024)"},"geometry":{"type":"Point","coordinates":[39.63132,-0.43294]}},{"type":"Feature","properties":{"event":"May 2024 (PlanetScope 05-May-2024)"},"geometry":{"type":"Point","coordinates":[39.63216,-0.43278]}},{"type":"Feature","properties":{"event":"May 2024 (PlanetScope 05-May-2024)"},"geometry":{"type":"Point","coordinates":[39.63227,-0.43264]}},{"type":"Feature","properties":{"event":"May 2024 (PlanetScope 05-May-2024)"},"geometry":{"type":"Point","coordinates":[39.63253,-0.43264]}},{"type":"Feature","properties":{"event":"May 2024 (PlanetScope 05-May-2024)"},"geometry":{"type":"Point","coordinates":[39.63277,-0.43317]}},{"type":"Feature","properties":{"event":"May 2024 (PlanetScope 05-May-2024)"},"geometry":{"type":"Point","coordinates":[39.6327,-0.43321]}},{"type":"Feature","properties":{"event":"May 2024 (PlanetScope 05-May-2024)"},"geometry":{"type":"Point","coordinates":[39.63308,-0.43326]}},{"type":"Feature","properties":{"event":"May 2024 (PlanetScope 05-May-2024)"},"geometry":{"type":"Point","coordinates":[39.63312,-0.43316]}},{"type":"Feature","properties":{"event":"May 2024 (PlanetScope 05-May-2024)"},"geometry":{"type":"Point","coordinates":[39.63274,-0.43461]}},{"type":"Feature","properties":{"event":"May 2024 (PlanetScope 05-May-2024)"},"geometry":{"type":"Point","coordinates":[39.63288,-0.4347]}},{"type":"Feature","properties":{"event":"May 2024 (PlanetScope 05-May-2024)"},"geometry":{"type":"Point","coordinates":[39.63345,-0.43455]}},{"type":"Feature","properties":{"event":"May 2024 (PlanetScope 05-May-2024)"},"geometry":{"type":"Point","coordinates":[39.63345,-0.4345]}},{"type":"Feature","properties":{"event":"May 2024 (PlanetScope 05-May-2024)"},"geometry":{"type":"Point","coordinates":[39.63149,-0.43539]}},{"type":"Feature","properties":{"event":"May 2024 (PlanetScope 05-May-2024)"},"geometry":{"type":"Point","coordinates":[39.63144,-0.43532]}},{"type":"Feature","properties":{"event":"May 2024 (PlanetScope 05-May-2024)"},"geometry":{"type":"Point","coordinates":[39.63158,-0.43472]}},{"type":"Feature","properties":{"event":"May 2024 (PlanetScope 05-May-2024)"},"geometry":{"type":"Point","coordinates":[39.63153,-0.43461]}},{"type":"Feature","properties":{"event":"May 2024 (PlanetScope 05-May-2024)"},"geometry":{"type":"Point","coordinates":[39.63169,-0.43467]}},{"type":"Feature","properties":{"event":"May 2024 (PlanetScope 05-May-2024)"},"geometry":{"type":"Point","coordinates":[39.63184,-0.43392]}},{"type":"Feature","properties":{"event":"May 2024 (PlanetScope 05-May-2024)"},"geometry":{"type":"Point","coordinates":[39.63168,-0.43418]}},{"type":"Feature","properties":{"event":"May 2024 (PlanetScope 05-May-2024)"},"geometry":{"type":"Point","coordinates":[39.63153,-0.43431]}},{"type":"Feature","properties":{"event":"May 2024 (PlanetScope 05-May-2024)"},"geometry":{"type":"Point","coordinates":[39.63147,-0.43431]}},{"type":"Feature","properties":{"event":"May 2024 (PlanetScope 05-May-2024)"},"geometry":{"type":"Point","coordinates":[39.62887,-0.43451]}},{"type":"Feature","properties":{"event":"May 2024 (PlanetScope 05-May-2024)"},"geometry":{"type":"Point","coordinates":[39.63408,-0.43852]}},{"type":"Feature","properties":{"event":"May 2024 (PlanetScope 05-May-2024)"},"geometry":{"type":"Point","coordinates":[39.6341,-0.43862]}},{"type":"Feature","properties":{"event":"May 2024 (PlanetScope 05-May-2024)"},"geometry":{"type":"Point","coordinates":[39.63338,-0.43884]}},{"type":"Feature","properties":{"event":"May 2024 (PlanetScope 05-May-2024)"},"geometry":{"type":"Point","coordinates":[39.63324,-0.43814]}},{"type":"Feature","properties":{"event":"May 2024 (PlanetScope 05-May-2024)"},"geometry":{"type":"Point","coordinates":[39.63389,-0.43817]}},{"type":"Feature","properties":{"event":"May 2024 (PlanetScope 05-May-2024)"},"geometry":{"type":"Point","coordinates":[39.63393,-0.43781]}},{"type":"Feature","properties":{"event":"May 2024 (PlanetScope 05-May-2024)"},"geometry":{"type":"Point","coordinates":[39.63397,-0.43765]}},{"type":"Feature","properties":{"event":"May 2024 (PlanetScope 05-May-2024)"},"geometry":{"type":"Point","coordinates":[39.63447,-0.43736]}},{"type":"Feature","properties":{"event":"May 2024 (PlanetScope 05-May-2024)"},"geometry":{"type":"Point","coordinates":[39.63429,-0.43732]}},{"type":"Feature","properties":{"event":"May 2024 (PlanetScope 05-May-2024)"},"geometry":{"type":"Point","coordinates":[39.63427,-0.43699]}},{"type":"Feature","properties":{"event":"May 2024 (PlanetScope 05-May-2024)"},"geometry":{"type":"Point","coordinates":[39.63432,-0.43661]}},{"type":"Feature","properties":{"event":"May 2024 (PlanetScope 05-May-2024)"},"geometry":{"type":"Point","coordinates":[39.63186,-0.43712]}},{"type":"Feature","properties":{"event":"May 2024 (PlanetScope 05-May-2024)"},"geometry":{"type":"Point","coordinates":[39.63316,-0.43486]}},{"type":"Feature","properties":{"event":"May 2024 (PlanetScope 05-May-2024)"},"geometry":{"type":"Point","coordinates":[39.63323,-0.4349]}},{"type":"Feature","properties":{"event":"May 2024 (PlanetScope 05-May-2024)"},"geometry":{"type":"Point","coordinates":[39.63333,-0.43371]}},{"type":"Feature","properties":{"event":"May 2024 (PlanetScope 05-May-2024)"},"geometry":{"type":"Point","coordinates":[39.63314,-0.43358]}},{"type":"Feature","properties":{"event":"May 2024 (PlanetScope 05-May-2024)"},"geometry":{"type":"Point","coordinates":[39.63318,-0.43367]}},{"type":"Feature","properties":{"event":"May 2024 (PlanetScope 05-May-2024)"},"geometry":{"type":"Point","coordinates":[39.63248,-0.43297]}},{"type":"Feature","properties":{"event":"May 2024 (PlanetScope 05-May-2024)"},"geometry":{"type":"Point","coordinates":[39.63037,-0.43324]}},{"type":"Feature","properties":{"event":"May 2024 (PlanetScope 05-May-2024)"},"geometry":{"type":"Point","coordinates":[39.63389,-0.43739]}},{"type":"Feature","properties":{"event":"May 2024 (PlanetScope 05-May-2024)"},"geometry":{"type":"Point","coordinates":[39.63336,-0.43767]}},{"type":"Feature","properties":{"event":"May 2024 (PlanetScope 05-May-2024)"},"geometry":{"type":"Point","coordinates":[39.63314,-0.43746]}},{"type":"Feature","properties":{"event":"May 2024 (PlanetScope 05-May-2024)"},"geometry":{"type":"Point","coordinates":[39.63318,-0.43742]}},{"type":"Feature","properties":{"event":"May 2024 (PlanetScope 05-May-2024)"},"geometry":{"type":"Point","coordinates":[39.63204,-0.43521]}},{"type":"Feature","properties":{"event":"May 2024 (PlanetScope 05-May-2024)"},"geometry":{"type":"Point","coordinates":[39.63346,-0.43345]}},{"type":"Feature","properties":{"event":"May 2024 (PlanetScope 05-May-2024)"},"geometry":{"type":"Point","coordinates":[39.63409,-0.43925]}},{"type":"Feature","properties":{"event":"May 2024 (PlanetScope 05-May-2024)"},"geometry":{"type":"Point","coordinates":[39.63411,-0.43905]}},{"type":"Feature","properties":{"event":"May 2024 (PlanetScope 05-May-2024)"},"geometry":{"type":"Point","coordinates":[39.63436,-0.4373]}},{"type":"Feature","properties":{"event":"May 2024 (PlanetScope 05-May-2024)"},"geometry":{"type":"Point","coordinates":[39.6343,-0.43744]}},{"type":"Feature","properties":{"event":"May 2024 (PlanetScope 05-May-2024)"},"geometry":{"type":"Point","coordinates":[39.63416,-0.4367]}},{"type":"Feature","properties":{"event":"May 2024 (PlanetScope 05-May-2024)"},"geometry":{"type":"Point","coordinates":[39.63485,-0.43704]}},{"type":"Feature","properties":{"event":"May 2024 (PlanetScope 05-May-2024)"},"geometry":{"type":"Point","coordinates":[39.63398,-0.43797]}},{"type":"Feature","properties":{"event":"May 2024 (PlanetScope 05-May-2024)"},"geometry":{"type":"Point","coordinates":[39.63433,-0.43771]}},{"type":"Feature","properties":{"event":"May 2024 (PlanetScope 05-May-2024)"},"geometry":{"type":"Point","coordinates":[39.63232,-0.43418]}},{"type":"Feature","properties":{"event":"May 2024 (PlanetScope 05-May-2024)"},"geometry":{"type":"Point","coordinates":[39.63299,-0.43369]}},{"type":"Feature","properties":{"event":"May 2024 (PlanetScope 05-May-2024)"},"geometry":{"type":"Point","coordinates":[39.63243,-0.43387]}},{"type":"Feature","properties":{"event":"May 2024 (PlanetScope 05-May-2024)"},"geometry":{"type":"Point","coordinates":[39.63289,-0.43378]}},{"type":"Feature","properties":{"event":"May 2024 (PlanetScope 05-May-2024)"},"geometry":{"type":"Point","coordinates":[39.63261,-0.43381]}},{"type":"Feature","properties":{"event":"May 2024 (PlanetScope 05-May-2024)"},"geometry":{"type":"Point","coordinates":[39.63169,-0.43474]}},{"type":"Feature","properties":{"event":"May 2024 (PlanetScope 05-May-2024)"},"geometry":{"type":"Point","coordinates":[39.6354,-0.45826]}},{"type":"Feature","properties":{"event":"May 2024 (PlanetScope 05-May-2024)"},"geometry":{"type":"Point","coordinates":[39.63524,-0.45708]}},{"type":"Feature","properties":{"event":"May 2024 (PlanetScope 05-May-2024)"},"geometry":{"type":"Point","coordinates":[39.63573,-0.45671]}},{"type":"Feature","properties":{"event":"May 2024 (PlanetScope 05-May-2024)"},"geometry":{"type":"Point","coordinates":[39.63591,-0.45669]}},{"type":"Feature","properties":{"event":"May 2024 (PlanetScope 05-May-2024)"},"geometry":{"type":"Point","coordinates":[39.63565,-0.45621]}},{"type":"Feature","properties":{"event":"May 2024 (PlanetScope 05-May-2024)"},"geometry":{"type":"Point","coordinates":[39.63564,-0.4568]}},{"type":"Feature","properties":{"event":"May 2024 (PlanetScope 05-May-2024)"},"geometry":{"type":"Point","coordinates":[39.63499,-0.45732]}},{"type":"Feature","properties":{"event":"May 2024 (PlanetScope 05-May-2024)"},"geometry":{"type":"Point","coordinates":[39.63494,-0.4571]}},{"type":"Feature","properties":{"event":"May 2024 (PlanetScope 05-May-2024)"},"geometry":{"type":"Point","coordinates":[39.63433,-0.43367]}},{"type":"Feature","properties":{"event":"May 2024 (PlanetScope 05-May-2024)"},"geometry":{"type":"Point","coordinates":[39.63447,-0.43362]}},{"type":"Feature","properties":{"event":"May 2024 (PlanetScope 05-May-2024)"},"geometry":{"type":"Point","coordinates":[39.6344,-0.43366]}},{"type":"Feature","properties":{"event":"May 2024 (PlanetScope 05-May-2024)"},"geometry":{"type":"Point","coordinates":[39.63445,-0.43488]}},{"type":"Feature","properties":{"event":"May 2024 (PlanetScope 05-May-2024)"},"geometry":{"type":"Point","coordinates":[39.63463,-0.4348]}},{"type":"Feature","properties":{"event":"May 2024 (PlanetScope 05-May-2024)"},"geometry":{"type":"Point","coordinates":[39.63372,-0.43946]}},{"type":"Feature","properties":{"event":"May 2024 (PlanetScope 05-May-2024)"},"geometry":{"type":"Point","coordinates":[39.63658,-0.45781]}},{"type":"Feature","properties":{"event":"May 2024 (PlanetScope 05-May-2024)"},"geometry":{"type":"Point","coordinates":[39.63624,-0.45729]}},{"type":"Feature","properties":{"event":"May 2024 (PlanetScope 05-May-2024)"},"geometry":{"type":"Point","coordinates":[39.63625,-0.45709]}},{"type":"Feature","properties":{"event":"May 2024 (PlanetScope 05-May-2024)"},"geometry":{"type":"Point","coordinates":[39.63129,-0.49965]}},{"type":"Feature","properties":{"event":"May 2024 (PlanetScope 05-May-2024)"},"geometry":{"type":"Point","coordinates":[39.63102,-0.49948]}},{"type":"Feature","properties":{"event":"May 2024 (PlanetScope 05-May-2024)"},"geometry":{"type":"Point","coordinates":[39.63098,-0.49944]}},{"type":"Feature","properties":{"event":"May 2024 (PlanetScope 05-May-2024)"},"geometry":{"type":"Point","coordinates":[39.67532,-0.50706]}},{"type":"Feature","properties":{"event":"May 2024 (PlanetScope 05-May-2024)"},"geometry":{"type":"Point","coordinates":[39.6752,-0.50728]}},{"type":"Feature","properties":{"event":"May 2024 (PlanetScope 05-May-2024)"},"geometry":{"type":"Point","coordinates":[39.67518,-0.50693]}},{"type":"Feature","properties":{"event":"May 2024 (PlanetScope 05-May-2024)"},"geometry":{"type":"Point","coordinates":[39.67497,-0.50682]}},{"type":"Feature","properties":{"event":"May 2024 (PlanetScope 05-May-2024)"},"geometry":{"type":"Point","coordinates":[39.67501,-0.5067]}},{"type":"Feature","properties":{"event":"May 2024 (PlanetScope 05-May-2024)"},"geometry":{"type":"Point","coordinates":[39.67505,-0.50701]}},{"type":"Feature","properties":{"event":"May 2024 (PlanetScope 05-May-2024)"},"geometry":{"type":"Point","coordinates":[39.67574,-0.50726]}},{"type":"Feature","properties":{"event":"May 2024 (PlanetScope 05-May-2024)"},"geometry":{"type":"Point","coordinates":[39.66988,-0.50942]}},{"type":"Feature","properties":{"event":"May 2024 (PlanetScope 05-May-2024)"},"geometry":{"type":"Point","coordinates":[39.66968,-0.50996]}},{"type":"Feature","properties":{"event":"May 2024 (PlanetScope 05-May-2024)"},"geometry":{"type":"Point","coordinates":[39.67005,-0.50991]}},{"type":"Feature","properties":{"event":"May 2024 (PlanetScope 05-May-2024)"},"geometry":{"type":"Point","coordinates":[39.67007,-0.5096]}},{"type":"Feature","properties":{"event":"May 2024 (PlanetScope 05-May-2024)"},"geometry":{"type":"Point","coordinates":[39.6704,-0.51012]}},{"type":"Feature","properties":{"event":"May 2024 (PlanetScope 05-May-2024)"},"geometry":{"type":"Point","coordinates":[39.67063,-0.5098]}},{"type":"Feature","properties":{"event":"May 2024 (PlanetScope 05-May-2024)"},"geometry":{"type":"Point","coordinates":[39.67062,-0.50997]}},{"type":"Feature","properties":{"event":"May 2024 (PlanetScope 05-May-2024)"},"geometry":{"type":"Point","coordinates":[39.67061,-0.51008]}},{"type":"Feature","properties":{"event":"May 2024 (PlanetScope 05-May-2024)"},"geometry":{"type":"Point","coordinates":[39.67054,-0.51006]}},{"type":"Feature","properties":{"event":"May 2024 (PlanetScope 05-May-2024)"},"geometry":{"type":"Point","coordinates":[39.67106,-0.50994]}},{"type":"Feature","properties":{"event":"May 2024 (PlanetScope 05-May-2024)"},"geometry":{"type":"Point","coordinates":[39.67461,-0.51137]}},{"type":"Feature","properties":{"event":"May 2024 (PlanetScope 05-May-2024)"},"geometry":{"type":"Point","coordinates":[39.6748,-0.51109]}},{"type":"Feature","properties":{"event":"May 2024 (PlanetScope 05-May-2024)"},"geometry":{"type":"Point","coordinates":[39.63297,-0.49311]}},{"type":"Feature","properties":{"event":"May 2024 (PlanetScope 05-May-2024)"},"geometry":{"type":"Point","coordinates":[39.63251,-0.49434]}},{"type":"Feature","properties":{"event":"May 2024 (PlanetScope 05-May-2024)"},"geometry":{"type":"Point","coordinates":[39.63258,-0.4924]}},{"type":"Feature","properties":{"event":"May 2024 (PlanetScope 05-May-2024)"},"geometry":{"type":"Point","coordinates":[39.63258,-0.49327]}},{"type":"Feature","properties":{"event":"May 2024 (PlanetScope 05-May-2024)"},"geometry":{"type":"Point","coordinates":[39.63247,-0.49329]}},{"type":"Feature","properties":{"event":"May 2024 (PlanetScope 05-May-2024)"},"geometry":{"type":"Point","coordinates":[39.63253,-0.49328]}},{"type":"Feature","properties":{"event":"May 2024 (PlanetScope 05-May-2024)"},"geometry":{"type":"Point","coordinates":[39.63256,-0.49313]}},{"type":"Feature","properties":{"event":"May 2024 (PlanetScope 05-May-2024)"},"geometry":{"type":"Point","coordinates":[39.63251,-0.49315]}},{"type":"Feature","properties":{"event":"May 2024 (PlanetScope 05-May-2024)"},"geometry":{"type":"Point","coordinates":[39.63238,-0.49314]}},{"type":"Feature","properties":{"event":"May 2024 (PlanetScope 05-May-2024)"},"geometry":{"type":"Point","coordinates":[39.63233,-0.49315]}},{"type":"Feature","properties":{"event":"May 2024 (PlanetScope 05-May-2024)"},"geometry":{"type":"Point","coordinates":[39.63242,-0.49312]}},{"type":"Feature","properties":{"event":"May 2024 (PlanetScope 05-May-2024)"},"geometry":{"type":"Point","coordinates":[39.63226,-0.49312]}},{"type":"Feature","properties":{"event":"May 2024 (PlanetScope 05-May-2024)"},"geometry":{"type":"Point","coordinates":[39.63216,-0.49188]}},{"type":"Feature","properties":{"event":"May 2024 (PlanetScope 05-May-2024)"},"geometry":{"type":"Point","coordinates":[39.6326,-0.49116]}},{"type":"Feature","properties":{"event":"May 2024 (PlanetScope 05-May-2024)"},"geometry":{"type":"Point","coordinates":[39.63259,-0.49127]}},{"type":"Feature","properties":{"event":"May 2024 (PlanetScope 05-May-2024)"},"geometry":{"type":"Point","coordinates":[39.63308,-0.49114]}},{"type":"Feature","properties":{"event":"May 2024 (PlanetScope 05-May-2024)"},"geometry":{"type":"Point","coordinates":[39.63461,-0.48953]}},{"type":"Feature","properties":{"event":"May 2024 (PlanetScope 05-May-2024)"},"geometry":{"type":"Point","coordinates":[39.63428,-0.48959]}},{"type":"Feature","properties":{"event":"May 2024 (PlanetScope 05-May-2024)"},"geometry":{"type":"Point","coordinates":[39.63443,-0.48952]}},{"type":"Feature","properties":{"event":"May 2024 (PlanetScope 05-May-2024)"},"geometry":{"type":"Point","coordinates":[39.63527,-0.48852]}},{"type":"Feature","properties":{"event":"May 2024 (PlanetScope 05-May-2024)"},"geometry":{"type":"Point","coordinates":[39.63583,-0.48441]}},{"type":"Feature","properties":{"event":"May 2024 (PlanetScope 05-May-2024)"},"geometry":{"type":"Point","coordinates":[39.63592,-0.48446]}},{"type":"Feature","properties":{"event":"May 2024 (PlanetScope 05-May-2024)"},"geometry":{"type":"Point","coordinates":[39.63262,-0.48601]}},{"type":"Feature","properties":{"event":"May 2024 (PlanetScope 05-May-2024)"},"geometry":{"type":"Point","coordinates":[39.63326,-0.48572]}},{"type":"Feature","properties":{"event":"May 2024 (PlanetScope 05-May-2024)"},"geometry":{"type":"Point","coordinates":[39.63262,-0.49297]}},{"type":"Feature","properties":{"event":"May 2024 (PlanetScope 05-May-2024)"},"geometry":{"type":"Point","coordinates":[39.633,-0.49236]}},{"type":"Feature","properties":{"event":"May 2024 (PlanetScope 05-May-2024)"},"geometry":{"type":"Point","coordinates":[39.63303,-0.49244]}},{"type":"Feature","properties":{"event":"May 2024 (PlanetScope 05-May-2024)"},"geometry":{"type":"Point","coordinates":[39.6337,-0.49037]}},{"type":"Feature","properties":{"event":"May 2024 (PlanetScope 05-May-2024)"},"geometry":{"type":"Point","coordinates":[39.63338,-0.49045]}},{"type":"Feature","properties":{"event":"May 2024 (PlanetScope 05-May-2024)"},"geometry":{"type":"Point","coordinates":[39.63329,-0.49048]}},{"type":"Feature","properties":{"event":"May 2024 (PlanetScope 05-May-2024)"},"geometry":{"type":"Point","coordinates":[39.63334,-0.4905]}},{"type":"Feature","properties":{"event":"May 2024 (PlanetScope 05-May-2024)"},"geometry":{"type":"Point","coordinates":[39.63368,-0.48948]}},{"type":"Feature","properties":{"event":"May 2024 (PlanetScope 05-May-2024)"},"geometry":{"type":"Point","coordinates":[39.63375,-0.48948]}},{"type":"Feature","properties":{"event":"May 2024 (PlanetScope 05-May-2024)"},"geometry":{"type":"Point","coordinates":[39.6338,-0.48969]}},{"type":"Feature","properties":{"event":"May 2024 (PlanetScope 05-May-2024)"},"geometry":{"type":"Point","coordinates":[39.63376,-0.4897]}},{"type":"Feature","properties":{"event":"May 2024 (PlanetScope 05-May-2024)"},"geometry":{"type":"Point","coordinates":[39.63372,-0.48971]}},{"type":"Feature","properties":{"event":"May 2024 (PlanetScope 05-May-2024)"},"geometry":{"type":"Point","coordinates":[39.63433,-0.48966]}},{"type":"Feature","properties":{"event":"May 2024 (PlanetScope 05-May-2024)"},"geometry":{"type":"Point","coordinates":[39.63412,-0.4918]}},{"type":"Feature","properties":{"event":"May 2024 (PlanetScope 05-May-2024)"},"geometry":{"type":"Point","coordinates":[39.63394,-0.4919]}},{"type":"Feature","properties":{"event":"May 2024 (PlanetScope 05-May-2024)"},"geometry":{"type":"Point","coordinates":[39.63395,-0.49198]}},{"type":"Feature","properties":{"event":"May 2024 (PlanetScope 05-May-2024)"},"geometry":{"type":"Point","coordinates":[39.63406,-0.49213]}},{"type":"Feature","properties":{"event":"May 2024 (PlanetScope 05-May-2024)"},"geometry":{"type":"Point","coordinates":[39.63433,-0.49201]}},{"type":"Feature","properties":{"event":"May 2024 (PlanetScope 05-May-2024)"},"geometry":{"type":"Point","coordinates":[39.63449,-0.49261]}},{"type":"Feature","properties":{"event":"May 2024 (PlanetScope 05-May-2024)"},"geometry":{"type":"Point","coordinates":[39.63434,-0.49235]}},{"type":"Feature","properties":{"event":"May 2024 (PlanetScope 05-May-2024)"},"geometry":{"type":"Point","coordinates":[39.63437,-0.49239]}},{"type":"Feature","properties":{"event":"May 2024 (PlanetScope 05-May-2024)"},"geometry":{"type":"Point","coordinates":[39.63429,-0.49263]}},{"type":"Feature","properties":{"event":"May 2024 (PlanetScope 05-May-2024)"},"geometry":{"type":"Point","coordinates":[39.63415,-0.49247]}},{"type":"Feature","properties":{"event":"May 2024 (PlanetScope 05-May-2024)"},"geometry":{"type":"Point","coordinates":[39.63408,-0.49254]}},{"type":"Feature","properties":{"event":"May 2024 (PlanetScope 05-May-2024)"},"geometry":{"type":"Point","coordinates":[39.63402,-0.49253]}},{"type":"Feature","properties":{"event":"May 2024 (PlanetScope 05-May-2024)"},"geometry":{"type":"Point","coordinates":[39.63273,-0.49085]}},{"type":"Feature","properties":{"event":"May 2024 (PlanetScope 05-May-2024)"},"geometry":{"type":"Point","coordinates":[39.63313,-0.49062]}},{"type":"Feature","properties":{"event":"May 2024 (PlanetScope 05-May-2024)"},"geometry":{"type":"Point","coordinates":[39.63317,-0.49058]}},{"type":"Feature","properties":{"event":"May 2024 (PlanetScope 05-May-2024)"},"geometry":{"type":"Point","coordinates":[39.63307,-0.49065]}},{"type":"Feature","properties":{"event":"May 2024 (PlanetScope 05-May-2024)"},"geometry":{"type":"Point","coordinates":[39.63308,-0.43636]}},{"type":"Feature","properties":{"event":"May 2024 (PlanetScope 05-May-2024)"},"geometry":{"type":"Point","coordinates":[39.62911,-0.43396]}},{"type":"Feature","properties":{"event":"May 2024 (PlanetScope 05-May-2024)"},"geometry":{"type":"Point","coordinates":[39.63388,-0.43371]}},{"type":"Feature","properties":{"event":"May 2024 (PlanetScope 05-May-2024)"},"geometry":{"type":"Point","coordinates":[39.63368,-0.49236]}},{"type":"Feature","properties":{"event":"May 2024 (PlanetScope 05-May-2024)"},"geometry":{"type":"Point","coordinates":[39.63365,-0.49235]}},{"type":"Feature","properties":{"event":"May 2024 (PlanetScope 05-May-2024)"},"geometry":{"type":"Point","coordinates":[39.63362,-0.49235]}},{"type":"Feature","properties":{"event":"May 2024 (PlanetScope 05-May-2024)"},"geometry":{"type":"Point","coordinates":[39.63358,-0.49236]}},{"type":"Feature","properties":{"event":"May 2024 (PlanetScope 05-May-2024)"},"geometry":{"type":"Point","coordinates":[39.63375,-0.4924]}},{"type":"Feature","properties":{"event":"May 2024 (PlanetScope 05-May-2024)"},"geometry":{"type":"Point","coordinates":[39.63365,-0.49239]}},{"type":"Feature","properties":{"event":"May 2024 (PlanetScope 05-May-2024)"},"geometry":{"type":"Point","coordinates":[39.63377,-0.49259]}},{"type":"Feature","properties":{"event":"May 2024 (PlanetScope 05-May-2024)"},"geometry":{"type":"Point","coordinates":[39.63385,-0.49249]}},{"type":"Feature","properties":{"event":"May 2024 (PlanetScope 05-May-2024)"},"geometry":{"type":"Point","coordinates":[39.63375,-0.49252]}},{"type":"Feature","properties":{"event":"May 2024 (PlanetScope 05-May-2024)"},"geometry":{"type":"Point","coordinates":[39.63458,-0.49163]}},{"type":"Feature","properties":{"event":"May 2024 (PlanetScope 05-May-2024)"},"geometry":{"type":"Point","coordinates":[39.63836,-0.50494]}},{"type":"Feature","properties":{"event":"May 2024 (PlanetScope 05-May-2024)"},"geometry":{"type":"Point","coordinates":[39.63831,-0.50498]}},{"type":"Feature","properties":{"event":"May 2024 (PlanetScope 05-May-2024)"},"geometry":{"type":"Point","coordinates":[39.6343,-0.43423]}},{"type":"Feature","properties":{"event":"May 2024 (PlanetScope 05-May-2024)"},"geometry":{"type":"Point","coordinates":[39.63328,-0.43547]}},{"type":"Feature","properties":{"event":"May 2024 (PlanetScope 05-May-2024)"},"geometry":{"type":"Point","coordinates":[39.63315,-0.49599]}},{"type":"Feature","properties":{"event":"May 2024 (PlanetScope 05-May-2024)"},"geometry":{"type":"Point","coordinates":[39.63581,-0.49746]}},{"type":"Feature","properties":{"event":"May 2024 (PlanetScope 05-May-2024)"},"geometry":{"type":"Point","coordinates":[39.63253,-0.4965]}},{"type":"Feature","properties":{"event":"May 2024 (PlanetScope 05-May-2024)"},"geometry":{"type":"Point","coordinates":[39.63766,-0.49]}},{"type":"Feature","properties":{"event":"May 2024 (PlanetScope 05-May-2024)"},"geometry":{"type":"Point","coordinates":[39.63701,-0.48991]}},{"type":"Feature","properties":{"event":"May 2024 (PlanetScope 05-May-2024)"},"geometry":{"type":"Point","coordinates":[39.63694,-0.48989]}},{"type":"Feature","properties":{"event":"May 2024 (PlanetScope 05-May-2024)"},"geometry":{"type":"Point","coordinates":[39.63626,-0.48809]}},{"type":"Feature","properties":{"event":"May 2024 (PlanetScope 05-May-2024)"},"geometry":{"type":"Point","coordinates":[39.6353,-0.48888]}},{"type":"Feature","properties":{"event":"May 2024 (PlanetScope 05-May-2024)"},"geometry":{"type":"Point","coordinates":[39.63535,-0.48869]}},{"type":"Feature","properties":{"event":"May 2024 (PlanetScope 05-May-2024)"},"geometry":{"type":"Point","coordinates":[39.63548,-0.48863]}},{"type":"Feature","properties":{"event":"May 2024 (PlanetScope 05-May-2024)"},"geometry":{"type":"Point","coordinates":[39.63551,-0.48858]}},{"type":"Feature","properties":{"event":"May 2024 (PlanetScope 05-May-2024)"},"geometry":{"type":"Point","coordinates":[39.63554,-0.48854]}},{"type":"Feature","properties":{"event":"May 2024 (PlanetScope 05-May-2024)"},"geometry":{"type":"Point","coordinates":[39.63522,-0.48848]}},{"type":"Feature","properties":{"event":"May 2024 (PlanetScope 05-May-2024)"},"geometry":{"type":"Point","coordinates":[39.63494,-0.48863]}},{"type":"Feature","properties":{"event":"May 2024 (PlanetScope 05-May-2024)"},"geometry":{"type":"Point","coordinates":[39.63512,-0.48864]}},{"type":"Feature","properties":{"event":"May 2024 (PlanetScope 05-May-2024)"},"geometry":{"type":"Point","coordinates":[39.63525,-0.48884]}},{"type":"Feature","properties":{"event":"May 2024 (PlanetScope 05-May-2024)"},"geometry":{"type":"Point","coordinates":[39.63494,-0.48894]}},{"type":"Feature","properties":{"event":"May 2024 (PlanetScope 05-May-2024)"},"geometry":{"type":"Point","coordinates":[39.63344,-0.49074]}},{"type":"Feature","properties":{"event":"May 2024 (PlanetScope 05-May-2024)"},"geometry":{"type":"Point","coordinates":[39.63325,-0.49064]}},{"type":"Feature","properties":{"event":"May 2024 (PlanetScope 05-May-2024)"},"geometry":{"type":"Point","coordinates":[39.63326,-0.49045]}},{"type":"Feature","properties":{"event":"May 2024 (PlanetScope 05-May-2024)"},"geometry":{"type":"Point","coordinates":[39.63374,-0.49024]}},{"type":"Feature","properties":{"event":"May 2024 (PlanetScope 05-May-2024)"},"geometry":{"type":"Point","coordinates":[39.63337,-0.49033]}},{"type":"Feature","properties":{"event":"May 2024 (PlanetScope 05-May-2024)"},"geometry":{"type":"Point","coordinates":[39.63368,-0.48958]}},{"type":"Feature","properties":{"event":"May 2024 (PlanetScope 05-May-2024)"},"geometry":{"type":"Point","coordinates":[39.62938,-0.48918]}},{"type":"Feature","properties":{"event":"May 2024 (PlanetScope 05-May-2024)"},"geometry":{"type":"Point","coordinates":[39.63826,-0.47331]}},{"type":"Feature","properties":{"event":"May 2024 (PlanetScope 05-May-2024)"},"geometry":{"type":"Point","coordinates":[39.63822,-0.473]}},{"type":"Feature","properties":{"event":"May 2024 (PlanetScope 05-May-2024)"},"geometry":{"type":"Point","coordinates":[39.63814,-0.4729]}},{"type":"Feature","properties":{"event":"May 2024 (PlanetScope 05-May-2024)"},"geometry":{"type":"Point","coordinates":[39.63817,-0.47279]}},{"type":"Feature","properties":{"event":"May 2024 (PlanetScope 05-May-2024)"},"geometry":{"type":"Point","coordinates":[39.63741,-0.47305]}},{"type":"Feature","properties":{"event":"May 2024 (PlanetScope 05-May-2024)"},"geometry":{"type":"Point","coordinates":[39.63126,-0.48239]}},{"type":"Feature","properties":{"event":"May 2024 (PlanetScope 05-May-2024)"},"geometry":{"type":"Point","coordinates":[39.62985,-0.47407]}},{"type":"Feature","properties":{"event":"May 2024 (PlanetScope 05-May-2024)"},"geometry":{"type":"Point","coordinates":[39.62899,-0.47244]}},{"type":"Feature","properties":{"event":"May 2024 (PlanetScope 05-May-2024)"},"geometry":{"type":"Point","coordinates":[39.62922,-0.47249]}},{"type":"Feature","properties":{"event":"May 2024 (PlanetScope 05-May-2024)"},"geometry":{"type":"Point","coordinates":[39.62904,-0.47259]}},{"type":"Feature","properties":{"event":"May 2024 (PlanetScope 05-May-2024)"},"geometry":{"type":"Point","coordinates":[39.63815,-0.47256]}},{"type":"Feature","properties":{"event":"May 2024 (PlanetScope 05-May-2024)"},"geometry":{"type":"Point","coordinates":[39.63728,-0.47467]}},{"type":"Feature","properties":{"event":"May 2024 (PlanetScope 05-May-2024)"},"geometry":{"type":"Point","coordinates":[39.63737,-0.47463]}},{"type":"Feature","properties":{"event":"May 2024 (PlanetScope 05-May-2024)"},"geometry":{"type":"Point","coordinates":[39.63728,-0.47456]}},{"type":"Feature","properties":{"event":"May 2024 (PlanetScope 05-May-2024)"},"geometry":{"type":"Point","coordinates":[39.63742,-0.47476]}},{"type":"Feature","properties":{"event":"May 2024 (PlanetScope 05-May-2024)"},"geometry":{"type":"Point","coordinates":[39.63742,-0.47486]}},{"type":"Feature","properties":{"event":"May 2024 (PlanetScope 05-May-2024)"},"geometry":{"type":"Point","coordinates":[39.63748,-0.47475]}},{"type":"Feature","properties":{"event":"May 2024 (PlanetScope 05-May-2024)"},"geometry":{"type":"Point","coordinates":[39.63763,-0.47468]}},{"type":"Feature","properties":{"event":"May 2024 (PlanetScope 05-May-2024)"},"geometry":{"type":"Point","coordinates":[39.63789,-0.47459]}},{"type":"Feature","properties":{"event":"May 2024 (PlanetScope 05-May-2024)"},"geometry":{"type":"Point","coordinates":[39.63804,-0.4746]}},{"type":"Feature","properties":{"event":"May 2024 (PlanetScope 05-May-2024)"},"geometry":{"type":"Point","coordinates":[39.63823,-0.47452]}},{"type":"Feature","properties":{"event":"May 2024 (PlanetScope 05-May-2024)"},"geometry":{"type":"Point","coordinates":[39.63813,-0.4745]}},{"type":"Feature","properties":{"event":"May 2024 (PlanetScope 05-May-2024)"},"geometry":{"type":"Point","coordinates":[39.63798,-0.47421]}},{"type":"Feature","properties":{"event":"May 2024 (PlanetScope 05-May-2024)"},"geometry":{"type":"Point","coordinates":[39.6379,-0.47418]}},{"type":"Feature","properties":{"event":"May 2024 (PlanetScope 05-May-2024)"},"geometry":{"type":"Point","coordinates":[39.63795,-0.4741]}},{"type":"Feature","properties":{"event":"May 2024 (PlanetScope 05-May-2024)"},"geometry":{"type":"Point","coordinates":[39.63818,-0.47378]}},{"type":"Feature","properties":{"event":"May 2024 (PlanetScope 05-May-2024)"},"geometry":{"type":"Point","coordinates":[39.63822,-0.47351]}},{"type":"Feature","properties":{"event":"May 2024 (PlanetScope 05-May-2024)"},"geometry":{"type":"Point","coordinates":[39.63828,-0.47354]}},{"type":"Feature","properties":{"event":"May 2024 (PlanetScope 05-May-2024)"},"geometry":{"type":"Point","coordinates":[39.63834,-0.4735]}},{"type":"Feature","properties":{"event":"May 2024 (PlanetScope 05-May-2024)"},"geometry":{"type":"Point","coordinates":[39.63866,-0.47289]}},{"type":"Feature","properties":{"event":"May 2024 (PlanetScope 05-May-2024)"},"geometry":{"type":"Point","coordinates":[39.63781,-0.47438]}},{"type":"Feature","properties":{"event":"May 2024 (PlanetScope 05-May-2024)"},"geometry":{"type":"Point","coordinates":[39.63814,-0.47437]}},{"type":"Feature","properties":{"event":"May 2024 (PlanetScope 05-May-2024)"},"geometry":{"type":"Point","coordinates":[39.63818,-0.47441]}},{"type":"Feature","properties":{"event":"May 2024 (PlanetScope 05-May-2024)"},"geometry":{"type":"Point","coordinates":[39.63806,-0.4744]}},{"type":"Feature","properties":{"event":"May 2024 (PlanetScope 05-May-2024)"},"geometry":{"type":"Point","coordinates":[39.63838,-0.47494]}},{"type":"Feature","properties":{"event":"May 2024 (PlanetScope 05-May-2024)"},"geometry":{"type":"Point","coordinates":[39.63804,-0.47483]}},{"type":"Feature","properties":{"event":"May 2024 (PlanetScope 05-May-2024)"},"geometry":{"type":"Point","coordinates":[39.63813,-0.47488]}},{"type":"Feature","properties":{"event":"May 2024 (PlanetScope 05-May-2024)"},"geometry":{"type":"Point","coordinates":[39.63819,-0.4749]}},{"type":"Feature","properties":{"event":"May 2024 (PlanetScope 05-May-2024)"},"geometry":{"type":"Point","coordinates":[39.63815,-0.47495]}},{"type":"Feature","properties":{"event":"May 2024 (PlanetScope 05-May-2024)"},"geometry":{"type":"Point","coordinates":[39.63789,-0.47486]}},{"type":"Feature","properties":{"event":"May 2024 (PlanetScope 05-May-2024)"},"geometry":{"type":"Point","coordinates":[39.6331,-0.48215]}},{"type":"Feature","properties":{"event":"May 2024 (PlanetScope 05-May-2024)"},"geometry":{"type":"Point","coordinates":[39.62961,-0.48186]}},{"type":"Feature","properties":{"event":"May 2024 (PlanetScope 05-May-2024)"},"geometry":{"type":"Point","coordinates":[39.63177,-0.47505]}},{"type":"Feature","properties":{"event":"May 2024 (PlanetScope 05-May-2024)"},"geometry":{"type":"Point","coordinates":[39.63275,-0.48199]}},{"type":"Feature","properties":{"event":"May 2024 (PlanetScope 05-May-2024)"},"geometry":{"type":"Point","coordinates":[39.64305,-0.48339]}},{"type":"Feature","properties":{"event":"May 2024 (PlanetScope 05-May-2024)"},"geometry":{"type":"Point","coordinates":[39.64325,-0.48347]}},{"type":"Feature","properties":{"event":"May 2024 (PlanetScope 05-May-2024)"},"geometry":{"type":"Point","coordinates":[39.64327,-0.48365]}},{"type":"Feature","properties":{"event":"May 2024 (PlanetScope 05-May-2024)"},"geometry":{"type":"Point","coordinates":[39.64331,-0.48361]}},{"type":"Feature","properties":{"event":"May 2024 (PlanetScope 05-May-2024)"},"geometry":{"type":"Point","coordinates":[39.64281,-0.48353]}},{"type":"Feature","properties":{"event":"May 2024 (PlanetScope 05-May-2024)"},"geometry":{"type":"Point","coordinates":[39.64281,-0.48358]}},{"type":"Feature","properties":{"event":"May 2024 (PlanetScope 05-May-2024)"},"geometry":{"type":"Point","coordinates":[39.64273,-0.48362]}},{"type":"Feature","properties":{"event":"May 2024 (PlanetScope 05-May-2024)"},"geometry":{"type":"Point","coordinates":[39.64289,-0.48372]}},{"type":"Feature","properties":{"event":"May 2024 (PlanetScope 05-May-2024)"},"geometry":{"type":"Point","coordinates":[39.6429,-0.48366]}},{"type":"Feature","properties":{"event":"May 2024 (PlanetScope 05-May-2024)"},"geometry":{"type":"Point","coordinates":[39.64309,-0.48401]}},{"type":"Feature","properties":{"event":"May 2024 (PlanetScope 05-May-2024)"},"geometry":{"type":"Point","coordinates":[39.64307,-0.48396]}},{"type":"Feature","properties":{"event":"May 2024 (PlanetScope 05-May-2024)"},"geometry":{"type":"Point","coordinates":[39.64305,-0.48392]}},{"type":"Feature","properties":{"event":"May 2024 (PlanetScope 05-May-2024)"},"geometry":{"type":"Point","coordinates":[39.64304,-0.48405]}},{"type":"Feature","properties":{"event":"May 2024 (PlanetScope 05-May-2024)"},"geometry":{"type":"Point","coordinates":[39.64309,-0.48406]}},{"type":"Feature","properties":{"event":"May 2024 (PlanetScope 05-May-2024)"},"geometry":{"type":"Point","coordinates":[39.64329,-0.48391]}},{"type":"Feature","properties":{"event":"May 2024 (PlanetScope 05-May-2024)"},"geometry":{"type":"Point","coordinates":[39.64348,-0.48361]}},{"type":"Feature","properties":{"event":"May 2024 (PlanetScope 05-May-2024)"},"geometry":{"type":"Point","coordinates":[39.64359,-0.48449]}},{"type":"Feature","properties":{"event":"May 2024 (PlanetScope 05-May-2024)"},"geometry":{"type":"Point","coordinates":[39.64357,-0.48455]}},{"type":"Feature","properties":{"event":"May 2024 (PlanetScope 05-May-2024)"},"geometry":{"type":"Point","coordinates":[39.64339,-0.48457]}},{"type":"Feature","properties":{"event":"May 2024 (PlanetScope 05-May-2024)"},"geometry":{"type":"Point","coordinates":[39.64323,-0.48445]}},{"type":"Feature","properties":{"event":"May 2024 (PlanetScope 05-May-2024)"},"geometry":{"type":"Point","coordinates":[39.64363,-0.48413]}},{"type":"Feature","properties":{"event":"May 2024 (PlanetScope 05-May-2024)"},"geometry":{"type":"Point","coordinates":[39.6437,-0.48414]}},{"type":"Feature","properties":{"event":"May 2024 (PlanetScope 05-May-2024)"},"geometry":{"type":"Point","coordinates":[39.64365,-0.48417]}},{"type":"Feature","properties":{"event":"May 2024 (PlanetScope 05-May-2024)"},"geometry":{"type":"Point","coordinates":[39.64366,-0.4842]}},{"type":"Feature","properties":{"event":"May 2024 (PlanetScope 05-May-2024)"},"geometry":{"type":"Point","coordinates":[39.64375,-0.48439]}},{"type":"Feature","properties":{"event":"May 2024 (PlanetScope 05-May-2024)"},"geometry":{"type":"Point","coordinates":[39.64344,-0.48433]}},{"type":"Feature","properties":{"event":"May 2024 (PlanetScope 05-May-2024)"},"geometry":{"type":"Point","coordinates":[39.64351,-0.48432]}},{"type":"Feature","properties":{"event":"May 2024 (PlanetScope 05-May-2024)"},"geometry":{"type":"Point","coordinates":[39.6431,-0.48622]}},{"type":"Feature","properties":{"event":"May 2024 (PlanetScope 05-May-2024)"},"geometry":{"type":"Point","coordinates":[39.64302,-0.48629]}},{"type":"Feature","properties":{"event":"May 2024 (PlanetScope 05-May-2024)"},"geometry":{"type":"Point","coordinates":[39.64302,-0.4864]}},{"type":"Feature","properties":{"event":"May 2024 (PlanetScope 05-May-2024)"},"geometry":{"type":"Point","coordinates":[39.64303,-0.48635]}},{"type":"Feature","properties":{"event":"May 2024 (PlanetScope 05-May-2024)"},"geometry":{"type":"Point","coordinates":[39.64164,-0.48696]}},{"type":"Feature","properties":{"event":"May 2024 (PlanetScope 05-May-2024)"},"geometry":{"type":"Point","coordinates":[39.64163,-0.48713]}},{"type":"Feature","properties":{"event":"May 2024 (PlanetScope 05-May-2024)"},"geometry":{"type":"Point","coordinates":[39.64321,-0.48379]}},{"type":"Feature","properties":{"event":"May 2024 (PlanetScope 05-May-2024)"},"geometry":{"type":"Point","coordinates":[39.64327,-0.48379]}},{"type":"Feature","properties":{"event":"May 2024 (PlanetScope 05-May-2024)"},"geometry":{"type":"Point","coordinates":[39.64324,-0.48356]}},{"type":"Feature","properties":{"event":"May 2024 (PlanetScope 05-May-2024)"},"geometry":{"type":"Point","coordinates":[39.64314,-0.48426]}},{"type":"Feature","properties":{"event":"May 2024 (PlanetScope 05-May-2024)"},"geometry":{"type":"Point","coordinates":[39.64338,-0.48363]}},{"type":"Feature","properties":{"event":"May 2024 (PlanetScope 05-May-2024)"},"geometry":{"type":"Point","coordinates":[39.64318,-0.48351]}},{"type":"Feature","properties":{"event":"May 2024 (PlanetScope 05-May-2024)"},"geometry":{"type":"Point","coordinates":[39.64308,-0.48352]}},{"type":"Feature","properties":{"event":"May 2024 (PlanetScope 05-May-2024)"},"geometry":{"type":"Point","coordinates":[39.63705,-0.46993]}},{"type":"Feature","properties":{"event":"May 2024 (PlanetScope 05-May-2024)"},"geometry":{"type":"Point","coordinates":[39.63406,-0.46724]}},{"type":"Feature","properties":{"event":"May 2024 (PlanetScope 05-May-2024)"},"geometry":{"type":"Point","coordinates":[39.63417,-0.46704]}},{"type":"Feature","properties":{"event":"May 2024 (PlanetScope 05-May-2024)"},"geometry":{"type":"Point","coordinates":[39.64134,-0.47669]}},{"type":"Feature","properties":{"event":"May 2024 (PlanetScope 05-May-2024)"},"geometry":{"type":"Point","coordinates":[39.64125,-0.47677]}},{"type":"Feature","properties":{"event":"May 2024 (PlanetScope 05-May-2024)"},"geometry":{"type":"Point","coordinates":[39.64127,-0.47693]}},{"type":"Feature","properties":{"event":"May 2024 (PlanetScope 05-May-2024)"},"geometry":{"type":"Point","coordinates":[39.64113,-0.47697]}},{"type":"Feature","properties":{"event":"May 2024 (PlanetScope 05-May-2024)"},"geometry":{"type":"Point","coordinates":[39.63974,-0.4744]}},{"type":"Feature","properties":{"event":"May 2024 (PlanetScope 05-May-2024)"},"geometry":{"type":"Point","coordinates":[39.63982,-0.47424]}},{"type":"Feature","properties":{"event":"May 2024 (PlanetScope 05-May-2024)"},"geometry":{"type":"Point","coordinates":[39.64095,-0.47359]}},{"type":"Feature","properties":{"event":"May 2024 (PlanetScope 05-May-2024)"},"geometry":{"type":"Point","coordinates":[39.64119,-0.47307]}},{"type":"Feature","properties":{"event":"May 2024 (PlanetScope 05-May-2024)"},"geometry":{"type":"Point","coordinates":[39.63932,-0.47493]}},{"type":"Feature","properties":{"event":"May 2024 (PlanetScope 05-May-2024)"},"geometry":{"type":"Point","coordinates":[39.6393,-0.47482]}},{"type":"Feature","properties":{"event":"May 2024 (PlanetScope 05-May-2024)"},"geometry":{"type":"Point","coordinates":[39.65851,-0.49275]}},{"type":"Feature","properties":{"event":"May 2024 (PlanetScope 05-May-2024)"},"geometry":{"type":"Point","coordinates":[39.65888,-0.49163]}},{"type":"Feature","properties":{"event":"May 2024 (PlanetScope 05-May-2024)"},"geometry":{"type":"Point","coordinates":[39.6516,-0.48999]}},{"type":"Feature","properties":{"event":"May 2024 (PlanetScope 05-May-2024)"},"geometry":{"type":"Point","coordinates":[39.65077,-0.48819]}},{"type":"Feature","properties":{"event":"May 2024 (PlanetScope 05-May-2024)"},"geometry":{"type":"Point","coordinates":[39.64969,-0.48835]}},{"type":"Feature","properties":{"event":"May 2024 (PlanetScope 05-May-2024)"},"geometry":{"type":"Point","coordinates":[39.64976,-0.48831]}},{"type":"Feature","properties":{"event":"May 2024 (PlanetScope 05-May-2024)"},"geometry":{"type":"Point","coordinates":[39.65028,-0.48608]}},{"type":"Feature","properties":{"event":"May 2024 (PlanetScope 05-May-2024)"},"geometry":{"type":"Point","coordinates":[39.64001,-0.47658]}},{"type":"Feature","properties":{"event":"May 2024 (PlanetScope 05-May-2024)"},"geometry":{"type":"Point","coordinates":[39.63954,-0.47612]}},{"type":"Feature","properties":{"event":"May 2024 (PlanetScope 05-May-2024)"},"geometry":{"type":"Point","coordinates":[39.63951,-0.47615]}},{"type":"Feature","properties":{"event":"May 2024 (PlanetScope 05-May-2024)"},"geometry":{"type":"Point","coordinates":[39.63939,-0.47615]}},{"type":"Feature","properties":{"event":"May 2024 (PlanetScope 05-May-2024)"},"geometry":{"type":"Point","coordinates":[39.63979,-0.47661]}},{"type":"Feature","properties":{"event":"May 2024 (PlanetScope 05-May-2024)"},"geometry":{"type":"Point","coordinates":[39.64008,-0.47663]}},{"type":"Feature","properties":{"event":"May 2024 (PlanetScope 05-May-2024)"},"geometry":{"type":"Point","coordinates":[39.64005,-0.47653]}},{"type":"Feature","properties":{"event":"May 2024 (PlanetScope 05-May-2024)"},"geometry":{"type":"Point","coordinates":[39.64002,-0.47646]}},{"type":"Feature","properties":{"event":"May 2024 (PlanetScope 05-May-2024)"},"geometry":{"type":"Point","coordinates":[39.63994,-0.47647]}},{"type":"Feature","properties":{"event":"May 2024 (PlanetScope 05-May-2024)"},"geometry":{"type":"Point","coordinates":[39.63952,-0.47647]}},{"type":"Feature","properties":{"event":"May 2024 (PlanetScope 05-May-2024)"},"geometry":{"type":"Point","coordinates":[39.63955,-0.47644]}},{"type":"Feature","properties":{"event":"May 2024 (PlanetScope 05-May-2024)"},"geometry":{"type":"Point","coordinates":[39.63959,-0.47643]}},{"type":"Feature","properties":{"event":"May 2024 (PlanetScope 05-May-2024)"},"geometry":{"type":"Point","coordinates":[39.63923,-0.47588]}},{"type":"Feature","properties":{"event":"May 2024 (PlanetScope 05-May-2024)"},"geometry":{"type":"Point","coordinates":[39.6393,-0.47554]}},{"type":"Feature","properties":{"event":"May 2024 (PlanetScope 05-May-2024)"},"geometry":{"type":"Point","coordinates":[39.63921,-0.47557]}},{"type":"Feature","properties":{"event":"May 2024 (PlanetScope 05-May-2024)"},"geometry":{"type":"Point","coordinates":[39.63924,-0.47562]}},{"type":"Feature","properties":{"event":"May 2024 (PlanetScope 05-May-2024)"},"geometry":{"type":"Point","coordinates":[39.64207,-0.47788]}},{"type":"Feature","properties":{"event":"May 2024 (PlanetScope 05-May-2024)"},"geometry":{"type":"Point","coordinates":[39.63734,-0.46463]}},{"type":"Feature","properties":{"event":"May 2024 (PlanetScope 05-May-2024)"},"geometry":{"type":"Point","coordinates":[39.64354,-0.48061]}},{"type":"Feature","properties":{"event":"May 2024 (PlanetScope 05-May-2024)"},"geometry":{"type":"Point","coordinates":[39.64195,-0.4784]}},{"type":"Feature","properties":{"event":"May 2024 (PlanetScope 05-May-2024)"},"geometry":{"type":"Point","coordinates":[39.64178,-0.47836]}},{"type":"Feature","properties":{"event":"May 2024 (PlanetScope 05-May-2024)"},"geometry":{"type":"Point","coordinates":[39.64398,-0.48002]}},{"type":"Feature","properties":{"event":"May 2024 (PlanetScope 05-May-2024)"},"geometry":{"type":"Point","coordinates":[39.64252,-0.47949]}},{"type":"Feature","properties":{"event":"May 2024 (PlanetScope 05-May-2024)"},"geometry":{"type":"Point","coordinates":[39.64257,-0.47956]}},{"type":"Feature","properties":{"event":"May 2024 (PlanetScope 05-May-2024)"},"geometry":{"type":"Point","coordinates":[39.64189,-0.47848]}},{"type":"Feature","properties":{"event":"May 2024 (PlanetScope 05-May-2024)"},"geometry":{"type":"Point","coordinates":[39.64159,-0.47801]}},{"type":"Feature","properties":{"event":"May 2024 (PlanetScope 05-May-2024)"},"geometry":{"type":"Point","coordinates":[39.64211,-0.47798]}},{"type":"Feature","properties":{"event":"May 2024 (PlanetScope 05-May-2024)"},"geometry":{"type":"Point","coordinates":[39.64318,-0.48249]}},{"type":"Feature","properties":{"event":"May 2024 (PlanetScope 05-May-2024)"},"geometry":{"type":"Point","coordinates":[39.64325,-0.4825]}},{"type":"Feature","properties":{"event":"May 2024 (PlanetScope 05-May-2024)"},"geometry":{"type":"Point","coordinates":[39.64316,-0.4826]}},{"type":"Feature","properties":{"event":"May 2024 (PlanetScope 05-May-2024)"},"geometry":{"type":"Point","coordinates":[39.64321,-0.48258]}},{"type":"Feature","properties":{"event":"May 2024 (PlanetScope 05-May-2024)"},"geometry":{"type":"Point","coordinates":[39.64325,-0.48282]}},{"type":"Feature","properties":{"event":"May 2024 (PlanetScope 05-May-2024)"},"geometry":{"type":"Point","coordinates":[39.64339,-0.48275]}},{"type":"Feature","properties":{"event":"May 2024 (PlanetScope 05-May-2024)"},"geometry":{"type":"Point","coordinates":[39.6433,-0.48265]}},{"type":"Feature","properties":{"event":"May 2024 (PlanetScope 05-May-2024)"},"geometry":{"type":"Point","coordinates":[39.64328,-0.4831]}},{"type":"Feature","properties":{"event":"May 2024 (PlanetScope 05-May-2024)"},"geometry":{"type":"Point","coordinates":[39.64342,-0.48302]}},{"type":"Feature","properties":{"event":"May 2024 (PlanetScope 05-May-2024)"},"geometry":{"type":"Point","coordinates":[39.64332,-0.48316]}},{"type":"Feature","properties":{"event":"May 2024 (PlanetScope 05-May-2024)"},"geometry":{"type":"Point","coordinates":[39.64274,-0.48297]}},{"type":"Feature","properties":{"event":"May 2024 (PlanetScope 05-May-2024)"},"geometry":{"type":"Point","coordinates":[39.64284,-0.48296]}},{"type":"Feature","properties":{"event":"May 2024 (PlanetScope 05-May-2024)"},"geometry":{"type":"Point","coordinates":[39.64228,-0.48299]}},{"type":"Feature","properties":{"event":"May 2024 (PlanetScope 05-May-2024)"},"geometry":{"type":"Point","coordinates":[39.64246,-0.48301]}},{"type":"Feature","properties":{"event":"May 2024 (PlanetScope 05-May-2024)"},"geometry":{"type":"Point","coordinates":[39.64253,-0.48293]}},{"type":"Feature","properties":{"event":"May 2024 (PlanetScope 05-May-2024)"},"geometry":{"type":"Point","coordinates":[39.64301,-0.4831]}},{"type":"Feature","properties":{"event":"May 2024 (PlanetScope 05-May-2024)"},"geometry":{"type":"Point","coordinates":[39.64276,-0.48305]}},{"type":"Feature","properties":{"event":"May 2024 (PlanetScope 05-May-2024)"},"geometry":{"type":"Point","coordinates":[39.64285,-0.48306]}},{"type":"Feature","properties":{"event":"May 2024 (PlanetScope 05-May-2024)"},"geometry":{"type":"Point","coordinates":[39.64264,-0.4832]}},{"type":"Feature","properties":{"event":"May 2024 (PlanetScope 05-May-2024)"},"geometry":{"type":"Point","coordinates":[39.64242,-0.48315]}},{"type":"Feature","properties":{"event":"May 2024 (PlanetScope 05-May-2024)"},"geometry":{"type":"Point","coordinates":[39.64247,-0.48319]}},{"type":"Feature","properties":{"event":"May 2024 (PlanetScope 05-May-2024)"},"geometry":{"type":"Point","coordinates":[39.64228,-0.48314]}},{"type":"Feature","properties":{"event":"May 2024 (PlanetScope 05-May-2024)"},"geometry":{"type":"Point","coordinates":[39.64218,-0.48301]}},{"type":"Feature","properties":{"event":"May 2024 (PlanetScope 05-May-2024)"},"geometry":{"type":"Point","coordinates":[39.6422,-0.48269]}},{"type":"Feature","properties":{"event":"May 2024 (PlanetScope 05-May-2024)"},"geometry":{"type":"Point","coordinates":[39.64193,-0.48273]}},{"type":"Feature","properties":{"event":"May 2024 (PlanetScope 05-May-2024)"},"geometry":{"type":"Point","coordinates":[39.64242,-0.4833]}},{"type":"Feature","properties":{"event":"May 2024 (PlanetScope 05-May-2024)"},"geometry":{"type":"Point","coordinates":[39.64321,-0.4827]}},{"type":"Feature","properties":{"event":"May 2024 (PlanetScope 05-May-2024)"},"geometry":{"type":"Point","coordinates":[39.64306,-0.48278]}},{"type":"Feature","properties":{"event":"May 2024 (PlanetScope 05-May-2024)"},"geometry":{"type":"Point","coordinates":[39.6431,-0.48278]}},{"type":"Feature","properties":{"event":"May 2024 (PlanetScope 05-May-2024)"},"geometry":{"type":"Point","coordinates":[39.64303,-0.48279]}},{"type":"Feature","properties":{"event":"May 2024 (PlanetScope 05-May-2024)"},"geometry":{"type":"Point","coordinates":[39.64308,-0.48273]}},{"type":"Feature","properties":{"event":"May 2024 (PlanetScope 05-May-2024)"},"geometry":{"type":"Point","coordinates":[39.64319,-0.48299]}},{"type":"Feature","properties":{"event":"May 2024 (PlanetScope 05-May-2024)"},"geometry":{"type":"Point","coordinates":[39.64237,-0.48273]}},{"type":"Feature","properties":{"event":"May 2024 (PlanetScope 05-May-2024)"},"geometry":{"type":"Point","coordinates":[39.64229,-0.48268]}},{"type":"Feature","properties":{"event":"May 2024 (PlanetScope 05-May-2024)"},"geometry":{"type":"Point","coordinates":[39.64324,-0.48291]}},{"type":"Feature","properties":{"event":"May 2024 (PlanetScope 05-May-2024)"},"geometry":{"type":"Point","coordinates":[39.64297,-0.48316]}},{"type":"Feature","properties":{"event":"May 2024 (PlanetScope 05-May-2024)"},"geometry":{"type":"Point","coordinates":[39.64309,-0.48323]}},{"type":"Feature","properties":{"event":"May 2024 (PlanetScope 05-May-2024)"},"geometry":{"type":"Point","coordinates":[39.64302,-0.48322]}},{"type":"Feature","properties":{"event":"May 2024 (PlanetScope 05-May-2024)"},"geometry":{"type":"Point","coordinates":[39.64345,-0.48314]}},{"type":"Feature","properties":{"event":"May 2024 (PlanetScope 05-May-2024)"},"geometry":{"type":"Point","coordinates":[39.64356,-0.4833]}},{"type":"Feature","properties":{"event":"May 2024 (PlanetScope 05-May-2024)"},"geometry":{"type":"Point","coordinates":[39.64346,-0.48323]}},{"type":"Feature","properties":{"event":"May 2024 (PlanetScope 05-May-2024)"},"geometry":{"type":"Point","coordinates":[39.64335,-0.48329]}},{"type":"Feature","properties":{"event":"May 2024 (PlanetScope 05-May-2024)"},"geometry":{"type":"Point","coordinates":[39.64331,-0.48333]}},{"type":"Feature","properties":{"event":"May 2024 (PlanetScope 05-May-2024)"},"geometry":{"type":"Point","coordinates":[39.64316,-0.48333]}},{"type":"Feature","properties":{"event":"May 2024 (PlanetScope 05-May-2024)"},"geometry":{"type":"Point","coordinates":[39.64327,-0.48296]}},{"type":"Feature","properties":{"event":"May 2024 (PlanetScope 05-May-2024)"},"geometry":{"type":"Point","coordinates":[39.64337,-0.48287]}},{"type":"Feature","properties":{"event":"May 2024 (PlanetScope 05-May-2024)"},"geometry":{"type":"Point","coordinates":[39.64332,-0.48289]}},{"type":"Feature","properties":{"event":"May 2024 (PlanetScope 05-May-2024)"},"geometry":{"type":"Point","coordinates":[39.64308,-0.48262]}},{"type":"Feature","properties":{"event":"May 2024 (PlanetScope 05-May-2024)"},"geometry":{"type":"Point","coordinates":[39.643,-0.48272]}},{"type":"Feature","properties":{"event":"May 2024 (PlanetScope 05-May-2024)"},"geometry":{"type":"Point","coordinates":[39.64284,-0.48282]}},{"type":"Feature","properties":{"event":"May 2024 (PlanetScope 05-May-2024)"},"geometry":{"type":"Point","coordinates":[39.64278,-0.48284]}},{"type":"Feature","properties":{"event":"May 2024 (PlanetScope 05-May-2024)"},"geometry":{"type":"Point","coordinates":[39.64281,-0.48278]}},{"type":"Feature","properties":{"event":"May 2024 (PlanetScope 05-May-2024)"},"geometry":{"type":"Point","coordinates":[39.64281,-0.48274]}},{"type":"Feature","properties":{"event":"May 2024 (PlanetScope 05-May-2024)"},"geometry":{"type":"Point","coordinates":[39.64289,-0.48262]}},{"type":"Feature","properties":{"event":"May 2024 (PlanetScope 05-May-2024)"},"geometry":{"type":"Point","coordinates":[39.64289,-0.48269]}},{"type":"Feature","properties":{"event":"May 2024 (PlanetScope 05-May-2024)"},"geometry":{"type":"Point","coordinates":[39.64279,-0.4827]}},{"type":"Feature","properties":{"event":"May 2024 (PlanetScope 05-May-2024)"},"geometry":{"type":"Point","coordinates":[39.64264,-0.4829]}},{"type":"Feature","properties":{"event":"May 2024 (PlanetScope 05-May-2024)"},"geometry":{"type":"Point","coordinates":[39.64267,-0.48285]}},{"type":"Feature","properties":{"event":"May 2024 (PlanetScope 05-May-2024)"},"geometry":{"type":"Point","coordinates":[39.64678,-0.48252]}},{"type":"Feature","properties":{"event":"May 2024 (PlanetScope 05-May-2024)"},"geometry":{"type":"Point","coordinates":[39.64121,-0.47815]}},{"type":"Feature","properties":{"event":"May 2024 (PlanetScope 05-May-2024)"},"geometry":{"type":"Point","coordinates":[39.64686,-0.48267]}},{"type":"Feature","properties":{"event":"May 2024 (PlanetScope 05-May-2024)"},"geometry":{"type":"Point","coordinates":[39.64723,-0.48196]}},{"type":"Feature","properties":{"event":"May 2024 (PlanetScope 05-May-2024)"},"geometry":{"type":"Point","coordinates":[39.6483,-0.48211]}},{"type":"Feature","properties":{"event":"May 2024 (PlanetScope 05-May-2024)"},"geometry":{"type":"Point","coordinates":[39.63395,-0.49215]}},{"type":"Feature","properties":{"event":"May 2024 (PlanetScope 05-May-2024)"},"geometry":{"type":"Point","coordinates":[39.63397,-0.49217]}},{"type":"Feature","properties":{"event":"May 2024 (PlanetScope 05-May-2024)"},"geometry":{"type":"Point","coordinates":[39.63341,-0.49139]}},{"type":"Feature","properties":{"event":"May 2024 (PlanetScope 05-May-2024)"},"geometry":{"type":"Point","coordinates":[39.64854,-0.4831]}},{"type":"Feature","properties":{"event":"May 2024 (PlanetScope 05-May-2024)"},"geometry":{"type":"Point","coordinates":[39.6485,-0.48316]}},{"type":"Feature","properties":{"event":"May 2024 (PlanetScope 05-May-2024)"},"geometry":{"type":"Point","coordinates":[39.64898,-0.48315]}},{"type":"Feature","properties":{"event":"May 2024 (PlanetScope 05-May-2024)"},"geometry":{"type":"Point","coordinates":[39.64737,-0.48233]}},{"type":"Feature","properties":{"event":"May 2024 (PlanetScope 05-May-2024)"},"geometry":{"type":"Point","coordinates":[39.64759,-0.48256]}},{"type":"Feature","properties":{"event":"May 2024 (PlanetScope 05-May-2024)"},"geometry":{"type":"Point","coordinates":[39.64736,-0.48266]}},{"type":"Feature","properties":{"event":"May 2024 (PlanetScope 05-May-2024)"},"geometry":{"type":"Point","coordinates":[39.64749,-0.48265]}},{"type":"Feature","properties":{"event":"May 2024 (PlanetScope 05-May-2024)"},"geometry":{"type":"Point","coordinates":[39.64775,-0.48173]}},{"type":"Feature","properties":{"event":"May 2024 (PlanetScope 05-May-2024)"},"geometry":{"type":"Point","coordinates":[39.64895,-0.4818]}},{"type":"Feature","properties":{"event":"May 2024 (PlanetScope 05-May-2024)"},"geometry":{"type":"Point","coordinates":[39.64803,-0.48205]}},{"type":"Feature","properties":{"event":"May 2024 (PlanetScope 05-May-2024)"},"geometry":{"type":"Point","coordinates":[39.64614,-0.48209]}},{"type":"Feature","properties":{"event":"May 2024 (PlanetScope 05-May-2024)"},"geometry":{"type":"Point","coordinates":[39.64687,-0.48218]}},{"type":"Feature","properties":{"event":"May 2024 (PlanetScope 05-May-2024)"},"geometry":{"type":"Point","coordinates":[39.64625,-0.48201]}},{"type":"Feature","properties":{"event":"May 2024 (PlanetScope 05-May-2024)"},"geometry":{"type":"Point","coordinates":[39.646,-0.4814]}},{"type":"Feature","properties":{"event":"May 2024 (PlanetScope 05-May-2024)"},"geometry":{"type":"Point","coordinates":[39.64568,-0.48117]}},{"type":"Feature","properties":{"event":"May 2024 (PlanetScope 05-May-2024)"},"geometry":{"type":"Point","coordinates":[39.63736,-0.47448]}},{"type":"Feature","properties":{"event":"May 2024 (PlanetScope 05-May-2024)"},"geometry":{"type":"Point","coordinates":[39.63833,-0.47419]}},{"type":"Feature","properties":{"event":"May 2024 (PlanetScope 05-May-2024)"},"geometry":{"type":"Point","coordinates":[39.63822,-0.47245]}},{"type":"Feature","properties":{"event":"May 2024 (PlanetScope 05-May-2024)"},"geometry":{"type":"Point","coordinates":[39.62444,-0.47606]}},{"type":"Feature","properties":{"event":"May 2024 (PlanetScope 05-May-2024)"},"geometry":{"type":"Point","coordinates":[39.63575,-0.47737]}},{"type":"Feature","properties":{"event":"May 2024 (PlanetScope 05-May-2024)"},"geometry":{"type":"Point","coordinates":[39.63572,-0.47728]}},{"type":"Feature","properties":{"event":"May 2024 (PlanetScope 05-May-2024)"},"geometry":{"type":"Point","coordinates":[39.64281,-0.49279]}},{"type":"Feature","properties":{"event":"May 2024 (PlanetScope 05-May-2024)"},"geometry":{"type":"Point","coordinates":[39.64295,-0.49237]}},{"type":"Feature","properties":{"event":"May 2024 (PlanetScope 05-May-2024)"},"geometry":{"type":"Point","coordinates":[39.64325,-0.49269]}},{"type":"Feature","properties":{"event":"May 2024 (PlanetScope 05-May-2024)"},"geometry":{"type":"Point","coordinates":[39.64331,-0.4927]}},{"type":"Feature","properties":{"event":"May 2024 (PlanetScope 05-May-2024)"},"geometry":{"type":"Point","coordinates":[39.64329,-0.4927]}},{"type":"Feature","properties":{"event":"May 2024 (PlanetScope 05-May-2024)"},"geometry":{"type":"Point","coordinates":[39.64336,-0.4901]}},{"type":"Feature","properties":{"event":"May 2024 (PlanetScope 05-May-2024)"},"geometry":{"type":"Point","coordinates":[39.63953,-0.46876]}},{"type":"Feature","properties":{"event":"May 2024 (PlanetScope 05-May-2024)"},"geometry":{"type":"Point","coordinates":[39.63956,-0.46904]}},{"type":"Feature","properties":{"event":"May 2024 (PlanetScope 05-May-2024)"},"geometry":{"type":"Point","coordinates":[39.63885,-0.46325]}},{"type":"Feature","properties":{"event":"May 2024 (PlanetScope 05-May-2024)"},"geometry":{"type":"Point","coordinates":[39.63958,-0.46924]}},{"type":"Feature","properties":{"event":"May 2024 (PlanetScope 05-May-2024)"},"geometry":{"type":"Point","coordinates":[39.6396,-0.46945]}},{"type":"Feature","properties":{"event":"May 2024 (PlanetScope 05-May-2024)"},"geometry":{"type":"Point","coordinates":[39.63978,-0.46898]}},{"type":"Feature","properties":{"event":"May 2024 (PlanetScope 05-May-2024)"},"geometry":{"type":"Point","coordinates":[39.64088,-0.46772]}},{"type":"Feature","properties":{"event":"May 2024 (PlanetScope 05-May-2024)"},"geometry":{"type":"Point","coordinates":[39.64073,-0.46778]}},{"type":"Feature","properties":{"event":"May 2024 (PlanetScope 05-May-2024)"},"geometry":{"type":"Point","coordinates":[39.64061,-0.46782]}},{"type":"Feature","properties":{"event":"May 2024 (PlanetScope 05-May-2024)"},"geometry":{"type":"Point","coordinates":[39.64023,-0.46745]}},{"type":"Feature","properties":{"event":"May 2024 (PlanetScope 05-May-2024)"},"geometry":{"type":"Point","coordinates":[39.641,-0.47219]}},{"type":"Feature","properties":{"event":"May 2024 (PlanetScope 05-May-2024)"},"geometry":{"type":"Point","coordinates":[39.6408,-0.47143]}},{"type":"Feature","properties":{"event":"May 2024 (PlanetScope 05-May-2024)"},"geometry":{"type":"Point","coordinates":[39.64025,-0.47132]}},{"type":"Feature","properties":{"event":"May 2024 (PlanetScope 05-May-2024)"},"geometry":{"type":"Point","coordinates":[39.63979,-0.46818]}},{"type":"Feature","properties":{"event":"May 2024 (PlanetScope 05-May-2024)"},"geometry":{"type":"Point","coordinates":[39.64624,-0.48659]}},{"type":"Feature","properties":{"event":"May 2024 (PlanetScope 05-May-2024)"},"geometry":{"type":"Point","coordinates":[39.64612,-0.48615]}},{"type":"Feature","properties":{"event":"May 2024 (PlanetScope 05-May-2024)"},"geometry":{"type":"Point","coordinates":[39.64616,-0.48766]}},{"type":"Feature","properties":{"event":"May 2024 (PlanetScope 05-May-2024)"},"geometry":{"type":"Point","coordinates":[39.64617,-0.48737]}},{"type":"Feature","properties":{"event":"May 2024 (PlanetScope 05-May-2024)"},"geometry":{"type":"Point","coordinates":[39.6451,-0.48639]}},{"type":"Feature","properties":{"event":"May 2024 (PlanetScope 05-May-2024)"},"geometry":{"type":"Point","coordinates":[39.64511,-0.48613]}},{"type":"Feature","properties":{"event":"May 2024 (PlanetScope 05-May-2024)"},"geometry":{"type":"Point","coordinates":[39.64624,-0.4867]}},{"type":"Feature","properties":{"event":"May 2024 (PlanetScope 05-May-2024)"},"geometry":{"type":"Point","coordinates":[39.64647,-0.48646]}},{"type":"Feature","properties":{"event":"May 2024 (PlanetScope 05-May-2024)"},"geometry":{"type":"Point","coordinates":[39.64511,-0.48625]}},{"type":"Feature","properties":{"event":"May 2024 (PlanetScope 05-May-2024)"},"geometry":{"type":"Point","coordinates":[39.6463,-0.48719]}},{"type":"Feature","properties":{"event":"May 2024 (PlanetScope 05-May-2024)"},"geometry":{"type":"Point","coordinates":[39.6459,-0.4882]}},{"type":"Feature","properties":{"event":"May 2024 (PlanetScope 05-May-2024)"},"geometry":{"type":"Point","coordinates":[39.63727,-0.46078]}},{"type":"Feature","properties":{"event":"May 2024 (PlanetScope 05-May-2024)"},"geometry":{"type":"Point","coordinates":[39.63695,-0.45984]}},{"type":"Feature","properties":{"event":"May 2024 (PlanetScope 05-May-2024)"},"geometry":{"type":"Point","coordinates":[39.63691,-0.45974]}},{"type":"Feature","properties":{"event":"May 2024 (PlanetScope 05-May-2024)"},"geometry":{"type":"Point","coordinates":[39.63666,-0.45967]}},{"type":"Feature","properties":{"event":"May 2024 (PlanetScope 05-May-2024)"},"geometry":{"type":"Point","coordinates":[39.63712,-0.46089]}},{"type":"Feature","properties":{"event":"May 2024 (PlanetScope 05-May-2024)"},"geometry":{"type":"Point","coordinates":[39.63707,-0.45991]}},{"type":"Feature","properties":{"event":"May 2024 (PlanetScope 05-May-2024)"},"geometry":{"type":"Point","coordinates":[39.63725,-0.4605]}},{"type":"Feature","properties":{"event":"May 2024 (PlanetScope 05-May-2024)"},"geometry":{"type":"Point","coordinates":[39.63765,-0.46033]}},{"type":"Feature","properties":{"event":"May 2024 (PlanetScope 05-May-2024)"},"geometry":{"type":"Point","coordinates":[39.63761,-0.46037]}},{"type":"Feature","properties":{"event":"May 2024 (PlanetScope 05-May-2024)"},"geometry":{"type":"Point","coordinates":[39.63767,-0.46044]}},{"type":"Feature","properties":{"event":"May 2024 (PlanetScope 05-May-2024)"},"geometry":{"type":"Point","coordinates":[39.63718,-0.46005]}},{"type":"Feature","properties":{"event":"May 2024 (PlanetScope 05-May-2024)"},"geometry":{"type":"Point","coordinates":[39.63736,-0.46009]}},{"type":"Feature","properties":{"event":"May 2024 (PlanetScope 05-May-2024)"},"geometry":{"type":"Point","coordinates":[39.64567,-0.48885]}},{"type":"Feature","properties":{"event":"May 2024 (PlanetScope 05-May-2024)"},"geometry":{"type":"Point","coordinates":[39.64598,-0.48774]}},{"type":"Feature","properties":{"event":"May 2024 (PlanetScope 05-May-2024)"},"geometry":{"type":"Point","coordinates":[39.64346,-0.49263]}},{"type":"Feature","properties":{"event":"May 2024 (PlanetScope 05-May-2024)"},"geometry":{"type":"Point","coordinates":[39.64219,-0.49214]}},{"type":"Feature","properties":{"event":"May 2024 (PlanetScope 05-May-2024)"},"geometry":{"type":"Point","coordinates":[39.64655,-0.48622]}},{"type":"Feature","properties":{"event":"May 2024 (PlanetScope 05-May-2024)"},"geometry":{"type":"Point","coordinates":[39.64622,-0.48585]}},{"type":"Feature","properties":{"event":"May 2024 (PlanetScope 05-May-2024)"},"geometry":{"type":"Point","coordinates":[39.64493,-0.48548]}},{"type":"Feature","properties":{"event":"May 2024 (PlanetScope 05-May-2024)"},"geometry":{"type":"Point","coordinates":[39.64616,-0.4867]}},{"type":"Feature","properties":{"event":"May 2024 (PlanetScope 05-May-2024)"},"geometry":{"type":"Point","coordinates":[39.64616,-0.48658]}},{"type":"Feature","properties":{"event":"May 2024 (PlanetScope 05-May-2024)"},"geometry":{"type":"Point","coordinates":[39.64582,-0.48808]}},{"type":"Feature","properties":{"event":"May 2024 (PlanetScope 05-May-2024)"},"geometry":{"type":"Point","coordinates":[39.6459,-0.4883]}},{"type":"Feature","properties":{"event":"May 2024 (PlanetScope 05-May-2024)"},"geometry":{"type":"Point","coordinates":[39.64559,-0.48885]}},{"type":"Feature","properties":{"event":"May 2024 (PlanetScope 05-May-2024)"},"geometry":{"type":"Point","coordinates":[39.64548,-0.48886]}},{"type":"Feature","properties":{"event":"May 2024 (PlanetScope 05-May-2024)"},"geometry":{"type":"Point","coordinates":[39.64524,-0.48881]}},{"type":"Feature","properties":{"event":"May 2024 (PlanetScope 05-May-2024)"},"geometry":{"type":"Point","coordinates":[39.64501,-0.48869]}},{"type":"Feature","properties":{"event":"May 2024 (PlanetScope 05-May-2024)"},"geometry":{"type":"Point","coordinates":[39.64575,-0.485]}},{"type":"Feature","properties":{"event":"May 2024 (PlanetScope 05-May-2024)"},"geometry":{"type":"Point","coordinates":[39.64606,-0.48604]}},{"type":"Feature","properties":{"event":"May 2024 (PlanetScope 05-May-2024)"},"geometry":{"type":"Point","coordinates":[39.64684,-0.48471]}},{"type":"Feature","properties":{"event":"May 2024 (PlanetScope 05-May-2024)"},"geometry":{"type":"Point","coordinates":[39.64694,-0.48481]}},{"type":"Feature","properties":{"event":"May 2024 (PlanetScope 05-May-2024)"},"geometry":{"type":"Point","coordinates":[39.6461,-0.48748]}},{"type":"Feature","properties":{"event":"May 2024 (PlanetScope 05-May-2024)"},"geometry":{"type":"Point","coordinates":[39.64623,-0.48678]}},{"type":"Feature","properties":{"event":"May 2024 (PlanetScope 05-May-2024)"},"geometry":{"type":"Point","coordinates":[39.64623,-0.48644]}},{"type":"Feature","properties":{"event":"May 2024 (PlanetScope 05-May-2024)"},"geometry":{"type":"Point","coordinates":[39.64829,-0.48611]}},{"type":"Feature","properties":{"event":"May 2024 (PlanetScope 05-May-2024)"},"geometry":{"type":"Point","coordinates":[39.64889,-0.48717]}},{"type":"Feature","properties":{"event":"May 2024 (PlanetScope 05-May-2024)"},"geometry":{"type":"Point","coordinates":[39.64898,-0.48711]}},{"type":"Feature","properties":{"event":"May 2024 (PlanetScope 05-May-2024)"},"geometry":{"type":"Point","coordinates":[39.6493,-0.48672]}},{"type":"Feature","properties":{"event":"May 2024 (PlanetScope 05-May-2024)"},"geometry":{"type":"Point","coordinates":[39.64913,-0.48735]}},{"type":"Feature","properties":{"event":"May 2024 (PlanetScope 05-May-2024)"},"geometry":{"type":"Point","coordinates":[39.64947,-0.48781]}},{"type":"Feature","properties":{"event":"May 2024 (PlanetScope 05-May-2024)"},"geometry":{"type":"Point","coordinates":[39.64939,-0.48631]}},{"type":"Feature","properties":{"event":"May 2024 (PlanetScope 05-May-2024)"},"geometry":{"type":"Point","coordinates":[39.64918,-0.4862]}},{"type":"Feature","properties":{"event":"May 2024 (PlanetScope 05-May-2024)"},"geometry":{"type":"Point","coordinates":[39.64893,-0.48654]}},{"type":"Feature","properties":{"event":"May 2024 (PlanetScope 05-May-2024)"},"geometry":{"type":"Point","coordinates":[39.6487,-0.48635]}},{"type":"Feature","properties":{"event":"May 2024 (PlanetScope 05-May-2024)"},"geometry":{"type":"Point","coordinates":[39.64809,-0.48366]}},{"type":"Feature","properties":{"event":"May 2024 (PlanetScope 05-May-2024)"},"geometry":{"type":"Point","coordinates":[39.64704,-0.4842]}},{"type":"Feature","properties":{"event":"May 2024 (PlanetScope 05-May-2024)"},"geometry":{"type":"Point","coordinates":[39.6476,-0.48435]}},{"type":"Feature","properties":{"event":"May 2024 (PlanetScope 05-May-2024)"},"geometry":{"type":"Point","coordinates":[39.64827,-0.48587]}},{"type":"Feature","properties":{"event":"May 2024 (PlanetScope 05-May-2024)"},"geometry":{"type":"Point","coordinates":[39.64815,-0.48599]}},{"type":"Feature","properties":{"event":"May 2024 (PlanetScope 05-May-2024)"},"geometry":{"type":"Point","coordinates":[39.64806,-0.486]}},{"type":"Feature","properties":{"event":"May 2024 (PlanetScope 05-May-2024)"},"geometry":{"type":"Point","coordinates":[39.64801,-0.485]}},{"type":"Feature","properties":{"event":"May 2024 (PlanetScope 05-May-2024)"},"geometry":{"type":"Point","coordinates":[39.64792,-0.48501]}},{"type":"Feature","properties":{"event":"May 2024 (PlanetScope 05-May-2024)"},"geometry":{"type":"Point","coordinates":[39.64877,-0.48463]}},{"type":"Feature","properties":{"event":"May 2024 (PlanetScope 05-May-2024)"},"geometry":{"type":"Point","coordinates":[39.6493,-0.48516]}},{"type":"Feature","properties":{"event":"May 2024 (PlanetScope 05-May-2024)"},"geometry":{"type":"Point","coordinates":[39.64895,-0.48511]}},{"type":"Feature","properties":{"event":"May 2024 (PlanetScope 05-May-2024)"},"geometry":{"type":"Point","coordinates":[39.64908,-0.4852]}},{"type":"Feature","properties":{"event":"May 2024 (PlanetScope 05-May-2024)"},"geometry":{"type":"Point","coordinates":[39.64948,-0.48512]}},{"type":"Feature","properties":{"event":"May 2024 (PlanetScope 05-May-2024)"},"geometry":{"type":"Point","coordinates":[39.661,-0.49026]}},{"type":"Feature","properties":{"event":"May 2024 (PlanetScope 05-May-2024)"},"geometry":{"type":"Point","coordinates":[39.66092,-0.4911]}},{"type":"Feature","properties":{"event":"May 2024 (PlanetScope 05-May-2024)"},"geometry":{"type":"Point","coordinates":[39.66088,-0.49039]}},{"type":"Feature","properties":{"event":"May 2024 (PlanetScope 05-May-2024)"},"geometry":{"type":"Point","coordinates":[39.6441,-0.48963]}},{"type":"Feature","properties":{"event":"May 2024 (PlanetScope 05-May-2024)"},"geometry":{"type":"Point","coordinates":[39.64411,-0.49042]}},{"type":"Feature","properties":{"event":"May 2024 (PlanetScope 05-May-2024)"},"geometry":{"type":"Point","coordinates":[39.6441,-0.49036]}},{"type":"Feature","properties":{"event":"May 2024 (PlanetScope 05-May-2024)"},"geometry":{"type":"Point","coordinates":[39.64404,-0.49031]}},{"type":"Feature","properties":{"event":"May 2024 (PlanetScope 05-May-2024)"},"geometry":{"type":"Point","coordinates":[39.64404,-0.48986]}},{"type":"Feature","properties":{"event":"May 2024 (PlanetScope 05-May-2024)"},"geometry":{"type":"Point","coordinates":[39.64357,-0.49262]}},{"type":"Feature","properties":{"event":"May 2024 (PlanetScope 05-May-2024)"},"geometry":{"type":"Point","coordinates":[39.64354,-0.49274]}},{"type":"Feature","properties":{"event":"May 2024 (PlanetScope 05-May-2024)"},"geometry":{"type":"Point","coordinates":[39.66873,-0.50245]}},{"type":"Feature","properties":{"event":"May 2024 (PlanetScope 05-May-2024)"},"geometry":{"type":"Point","coordinates":[39.63739,-0.45851]}},{"type":"Feature","properties":{"event":"May 2024 (PlanetScope 05-May-2024)"},"geometry":{"type":"Point","coordinates":[39.64974,-0.48836]}},{"type":"Feature","properties":{"event":"May 2024 (PlanetScope 05-May-2024)"},"geometry":{"type":"Point","coordinates":[39.64962,-0.48828]}},{"type":"Feature","properties":{"event":"May 2024 (PlanetScope 05-May-2024)"},"geometry":{"type":"Point","coordinates":[39.65027,-0.48739]}},{"type":"Feature","properties":{"event":"May 2024 (PlanetScope 05-May-2024)"},"geometry":{"type":"Point","coordinates":[39.6501,-0.48713]}},{"type":"Feature","properties":{"event":"May 2024 (PlanetScope 05-May-2024)"},"geometry":{"type":"Point","coordinates":[39.65011,-0.48699]}},{"type":"Feature","properties":{"event":"May 2024 (PlanetScope 05-May-2024)"},"geometry":{"type":"Point","coordinates":[39.64993,-0.4871]}},{"type":"Feature","properties":{"event":"May 2024 (PlanetScope 05-May-2024)"},"geometry":{"type":"Point","coordinates":[39.64978,-0.48743]}},{"type":"Feature","properties":{"event":"May 2024 (PlanetScope 05-May-2024)"},"geometry":{"type":"Point","coordinates":[39.64978,-0.48753]}},{"type":"Feature","properties":{"event":"May 2024 (PlanetScope 05-May-2024)"},"geometry":{"type":"Point","coordinates":[39.6496,-0.4861]}},{"type":"Feature","properties":{"event":"May 2024 (PlanetScope 05-May-2024)"},"geometry":{"type":"Point","coordinates":[39.64898,-0.48723]}},{"type":"Feature","properties":{"event":"May 2024 (PlanetScope 05-May-2024)"},"geometry":{"type":"Point","coordinates":[39.64863,-0.48681]}},{"type":"Feature","properties":{"event":"May 2024 (PlanetScope 05-May-2024)"},"geometry":{"type":"Point","coordinates":[39.64875,-0.48685]}},{"type":"Feature","properties":{"event":"May 2024 (PlanetScope 05-May-2024)"},"geometry":{"type":"Point","coordinates":[39.64898,-0.48642]}},{"type":"Feature","properties":{"event":"May 2024 (PlanetScope 05-May-2024)"},"geometry":{"type":"Point","coordinates":[39.64927,-0.48554]}},{"type":"Feature","properties":{"event":"May 2024 (PlanetScope 05-May-2024)"},"geometry":{"type":"Point","coordinates":[39.64882,-0.48557]}},{"type":"Feature","properties":{"event":"May 2024 (PlanetScope 05-May-2024)"},"geometry":{"type":"Point","coordinates":[39.64887,-0.48569]}},{"type":"Feature","properties":{"event":"May 2024 (PlanetScope 05-May-2024)"},"geometry":{"type":"Point","coordinates":[39.64845,-0.48425]}},{"type":"Feature","properties":{"event":"May 2024 (PlanetScope 05-May-2024)"},"geometry":{"type":"Point","coordinates":[39.64871,-0.48505]}},{"type":"Feature","properties":{"event":"May 2024 (PlanetScope 05-May-2024)"},"geometry":{"type":"Point","coordinates":[39.64962,-0.4879]}},{"type":"Feature","properties":{"event":"May 2024 (PlanetScope 05-May-2024)"},"geometry":{"type":"Point","coordinates":[39.64701,-0.48383]}},{"type":"Feature","properties":{"event":"May 2024 (PlanetScope 05-May-2024)"},"geometry":{"type":"Point","coordinates":[39.64729,-0.48388]}},{"type":"Feature","properties":{"event":"May 2024 (PlanetScope 05-May-2024)"},"geometry":{"type":"Point","coordinates":[39.65012,-0.48559]}},{"type":"Feature","properties":{"event":"May 2024 (PlanetScope 05-May-2024)"},"geometry":{"type":"Point","coordinates":[39.64666,-0.48667]}},{"type":"Feature","properties":{"event":"May 2024 (PlanetScope 05-May-2024)"},"geometry":{"type":"Point","coordinates":[39.64654,-0.48682]}},{"type":"Feature","properties":{"event":"May 2024 (PlanetScope 05-May-2024)"},"geometry":{"type":"Point","coordinates":[39.64668,-0.48689]}},{"type":"Feature","properties":{"event":"May 2024 (PlanetScope 05-May-2024)"},"geometry":{"type":"Point","coordinates":[39.64638,-0.48738]}},{"type":"Feature","properties":{"event":"May 2024 (PlanetScope 05-May-2024)"},"geometry":{"type":"Point","coordinates":[39.64844,-0.48684]}},{"type":"Feature","properties":{"event":"May 2024 (PlanetScope 05-May-2024)"},"geometry":{"type":"Point","coordinates":[39.63639,-0.45716]}},{"type":"Feature","properties":{"event":"May 2024 (PlanetScope 05-May-2024)"},"geometry":{"type":"Point","coordinates":[39.63613,-0.45859]}},{"type":"Feature","properties":{"event":"May 2024 (PlanetScope 05-May-2024)"},"geometry":{"type":"Point","coordinates":[39.64011,-0.47388]}},{"type":"Feature","properties":{"event":"May 2024 (PlanetScope 05-May-2024)"},"geometry":{"type":"Point","coordinates":[39.64026,-0.47376]}},{"type":"Feature","properties":{"event":"May 2024 (PlanetScope 05-May-2024)"},"geometry":{"type":"Point","coordinates":[39.65002,-0.48751]}},{"type":"Feature","properties":{"event":"May 2024 (PlanetScope 05-May-2024)"},"geometry":{"type":"Point","coordinates":[39.63649,-0.45687]}},{"type":"Feature","properties":{"event":"May 2024 (PlanetScope 05-May-2024)"},"geometry":{"type":"Point","coordinates":[39.63636,-0.45596]}},{"type":"Feature","properties":{"event":"May 2024 (PlanetScope 05-May-2024)"},"geometry":{"type":"Point","coordinates":[39.63596,-0.45668]}},{"type":"Feature","properties":{"event":"May 2024 (PlanetScope 05-May-2024)"},"geometry":{"type":"Point","coordinates":[39.63598,-0.45663]}},{"type":"Feature","properties":{"event":"May 2024 (PlanetScope 05-May-2024)"},"geometry":{"type":"Point","coordinates":[39.63614,-0.4564]}},{"type":"Feature","properties":{"event":"May 2024 (PlanetScope 05-May-2024)"},"geometry":{"type":"Point","coordinates":[39.65657,-0.48883]}},{"type":"Feature","properties":{"event":"May 2024 (PlanetScope 05-May-2024)"},"geometry":{"type":"Point","coordinates":[39.63643,-0.45622]}},{"type":"Feature","properties":{"event":"May 2024 (PlanetScope 05-May-2024)"},"geometry":{"type":"Point","coordinates":[39.63633,-0.45609]}},{"type":"Feature","properties":{"event":"May 2024 (PlanetScope 05-May-2024)"},"geometry":{"type":"Point","coordinates":[39.65242,-0.49124]}},{"type":"Feature","properties":{"event":"May 2024 (PlanetScope 05-May-2024)"},"geometry":{"type":"Point","coordinates":[39.65218,-0.49121]}},{"type":"Feature","properties":{"event":"May 2024 (PlanetScope 05-May-2024)"},"geometry":{"type":"Point","coordinates":[39.65498,-0.4897]}},{"type":"Feature","properties":{"event":"May 2024 (PlanetScope 05-May-2024)"},"geometry":{"type":"Point","coordinates":[39.65322,-0.49137]}},{"type":"Feature","properties":{"event":"May 2024 (PlanetScope 05-May-2024)"},"geometry":{"type":"Point","coordinates":[39.65289,-0.49116]}},{"type":"Feature","properties":{"event":"May 2024 (PlanetScope 05-May-2024)"},"geometry":{"type":"Point","coordinates":[39.65518,-0.49069]}},{"type":"Feature","properties":{"event":"May 2024 (PlanetScope 05-May-2024)"},"geometry":{"type":"Point","coordinates":[39.65513,-0.49078]}},{"type":"Feature","properties":{"event":"May 2024 (PlanetScope 05-May-2024)"},"geometry":{"type":"Point","coordinates":[39.65496,-0.49073]}},{"type":"Feature","properties":{"event":"May 2024 (PlanetScope 05-May-2024)"},"geometry":{"type":"Point","coordinates":[39.63591,-0.45709]}},{"type":"Feature","properties":{"event":"May 2024 (PlanetScope 05-May-2024)"},"geometry":{"type":"Point","coordinates":[39.63595,-0.45704]}},{"type":"Feature","properties":{"event":"May 2024 (PlanetScope 05-May-2024)"},"geometry":{"type":"Point","coordinates":[39.63656,-0.45831]}},{"type":"Feature","properties":{"event":"May 2024 (PlanetScope 05-May-2024)"},"geometry":{"type":"Point","coordinates":[39.63643,-0.45835]}},{"type":"Feature","properties":{"event":"May 2024 (PlanetScope 05-May-2024)"},"geometry":{"type":"Point","coordinates":[39.63676,-0.4575]}},{"type":"Feature","properties":{"event":"May 2024 (PlanetScope 05-May-2024)"},"geometry":{"type":"Point","coordinates":[39.63613,-0.45785]}},{"type":"Feature","properties":{"event":"May 2024 (PlanetScope 05-May-2024)"},"geometry":{"type":"Point","coordinates":[39.63652,-0.45863]}},{"type":"Feature","properties":{"event":"May 2024 (PlanetScope 05-May-2024)"},"geometry":{"type":"Point","coordinates":[39.63635,-0.45865]}},{"type":"Feature","properties":{"event":"May 2024 (PlanetScope 05-May-2024)"},"geometry":{"type":"Point","coordinates":[39.63601,-0.45686]}},{"type":"Feature","properties":{"event":"May 2024 (PlanetScope 05-May-2024)"},"geometry":{"type":"Point","coordinates":[39.63624,-0.45686]}},{"type":"Feature","properties":{"event":"May 2024 (PlanetScope 05-May-2024)"},"geometry":{"type":"Point","coordinates":[39.63631,-0.45847]}},{"type":"Feature","properties":{"event":"May 2024 (PlanetScope 05-May-2024)"},"geometry":{"type":"Point","coordinates":[39.63694,-0.45799]}},{"type":"Feature","properties":{"event":"May 2024 (PlanetScope 05-May-2024)"},"geometry":{"type":"Point","coordinates":[39.6369,-0.45799]}},{"type":"Feature","properties":{"event":"May 2024 (PlanetScope 05-May-2024)"},"geometry":{"type":"Point","coordinates":[39.63673,-0.4579]}},{"type":"Feature","properties":{"event":"May 2024 (PlanetScope 05-May-2024)"},"geometry":{"type":"Point","coordinates":[39.63667,-0.45792]}},{"type":"Feature","properties":{"event":"May 2024 (PlanetScope 05-May-2024)"},"geometry":{"type":"Point","coordinates":[39.63628,-0.4565]}},{"type":"Feature","properties":{"event":"May 2024 (PlanetScope 05-May-2024)"},"geometry":{"type":"Point","coordinates":[39.63706,-0.4583]}},{"type":"Feature","properties":{"event":"May 2024 (PlanetScope 05-May-2024)"},"geometry":{"type":"Point","coordinates":[39.63628,-0.45601]}},{"type":"Feature","properties":{"event":"May 2024 (PlanetScope 05-May-2024)"},"geometry":{"type":"Point","coordinates":[39.63611,-0.45817]}},{"type":"Feature","properties":{"event":"May 2024 (PlanetScope 05-May-2024)"},"geometry":{"type":"Point","coordinates":[39.63724,-0.45843]}},{"type":"Feature","properties":{"event":"May 2024 (PlanetScope 05-May-2024)"},"geometry":{"type":"Point","coordinates":[39.63618,-0.45628]}},{"type":"Feature","properties":{"event":"May 2024 (PlanetScope 05-May-2024)"},"geometry":{"type":"Point","coordinates":[39.63604,-0.45632]}},{"type":"Feature","properties":{"event":"May 2024 (PlanetScope 05-May-2024)"},"geometry":{"type":"Point","coordinates":[39.63632,-0.4564]}},{"type":"Feature","properties":{"event":"May 2024 (PlanetScope 05-May-2024)"},"geometry":{"type":"Point","coordinates":[39.63648,-0.45638]}},{"type":"Feature","properties":{"event":"May 2024 (PlanetScope 05-May-2024)"},"geometry":{"type":"Point","coordinates":[39.63594,-0.45637]}},{"type":"Feature","properties":{"event":"May 2024 (PlanetScope 05-May-2024)"},"geometry":{"type":"Point","coordinates":[39.63666,-0.45689]}},{"type":"Feature","properties":{"event":"May 2024 (PlanetScope 05-May-2024)"},"geometry":{"type":"Point","coordinates":[39.63634,-0.4583]}},{"type":"Feature","properties":{"event":"May 2024 (PlanetScope 05-May-2024)"},"geometry":{"type":"Point","coordinates":[39.6367,-0.45763]}},{"type":"Feature","properties":{"event":"May 2024 (PlanetScope 05-May-2024)"},"geometry":{"type":"Point","coordinates":[39.63684,-0.45757]}},{"type":"Feature","properties":{"event":"May 2024 (PlanetScope 05-May-2024)"},"geometry":{"type":"Point","coordinates":[39.636,-0.45829]}},{"type":"Feature","properties":{"event":"May 2024 (PlanetScope 05-May-2024)"},"geometry":{"type":"Point","coordinates":[39.63685,-0.45855]}},{"type":"Feature","properties":{"event":"May 2024 (PlanetScope 05-May-2024)"},"geometry":{"type":"Point","coordinates":[39.63612,-0.45774]}},{"type":"Feature","properties":{"event":"May 2024 (PlanetScope 05-May-2024)"},"geometry":{"type":"Point","coordinates":[39.63601,-0.45643]}},{"type":"Feature","properties":{"event":"May 2024 (PlanetScope 05-May-2024)"},"geometry":{"type":"Point","coordinates":[39.636,-0.45689]}},{"type":"Feature","properties":{"event":"May 2024 (PlanetScope 05-May-2024)"},"geometry":{"type":"Point","coordinates":[39.63602,-0.4569]}},{"type":"Feature","properties":{"event":"May 2024 (PlanetScope 05-May-2024)"},"geometry":{"type":"Point","coordinates":[39.63606,-0.45721]}},{"type":"Feature","properties":{"event":"May 2024 (PlanetScope 05-May-2024)"},"geometry":{"type":"Point","coordinates":[39.63598,-0.45764]}},{"type":"Feature","properties":{"event":"May 2024 (PlanetScope 05-May-2024)"},"geometry":{"type":"Point","coordinates":[39.63825,-0.46371]}},{"type":"Feature","properties":{"event":"May 2024 (PlanetScope 05-May-2024)"},"geometry":{"type":"Point","coordinates":[39.63715,-0.46436]}},{"type":"Feature","properties":{"event":"May 2024 (PlanetScope 05-May-2024)"},"geometry":{"type":"Point","coordinates":[39.63723,-0.46428]}},{"type":"Feature","properties":{"event":"May 2024 (PlanetScope 05-May-2024)"},"geometry":{"type":"Point","coordinates":[39.63708,-0.46464]}},{"type":"Feature","properties":{"event":"May 2024 (PlanetScope 05-May-2024)"},"geometry":{"type":"Point","coordinates":[39.6373,-0.46501]}},{"type":"Feature","properties":{"event":"May 2024 (PlanetScope 05-May-2024)"},"geometry":{"type":"Point","coordinates":[39.63779,-0.46491]}},{"type":"Feature","properties":{"event":"May 2024 (PlanetScope 05-May-2024)"},"geometry":{"type":"Point","coordinates":[39.63787,-0.46494]}},{"type":"Feature","properties":{"event":"May 2024 (PlanetScope 05-May-2024)"},"geometry":{"type":"Point","coordinates":[39.6377,-0.46498]}},{"type":"Feature","properties":{"event":"May 2024 (PlanetScope 05-May-2024)"},"geometry":{"type":"Point","coordinates":[39.6378,-0.46453]}},{"type":"Feature","properties":{"event":"May 2024 (PlanetScope 05-May-2024)"},"geometry":{"type":"Point","coordinates":[39.63803,-0.46467]}},{"type":"Feature","properties":{"event":"May 2024 (PlanetScope 05-May-2024)"},"geometry":{"type":"Point","coordinates":[39.63862,-0.46434]}},{"type":"Feature","properties":{"event":"May 2024 (PlanetScope 05-May-2024)"},"geometry":{"type":"Point","coordinates":[39.63743,-0.46382]}},{"type":"Feature","properties":{"event":"May 2024 (PlanetScope 05-May-2024)"},"geometry":{"type":"Point","coordinates":[39.63756,-0.46236]}},{"type":"Feature","properties":{"event":"May 2024 (PlanetScope 05-May-2024)"},"geometry":{"type":"Point","coordinates":[39.63785,-0.46175]}},{"type":"Feature","properties":{"event":"May 2024 (PlanetScope 05-May-2024)"},"geometry":{"type":"Point","coordinates":[39.6372,-0.46167]}},{"type":"Feature","properties":{"event":"May 2024 (PlanetScope 05-May-2024)"},"geometry":{"type":"Point","coordinates":[39.6371,-0.46187]}},{"type":"Feature","properties":{"event":"May 2024 (PlanetScope 05-May-2024)"},"geometry":{"type":"Point","coordinates":[39.63676,-0.46351]}},{"type":"Feature","properties":{"event":"May 2024 (PlanetScope 05-May-2024)"},"geometry":{"type":"Point","coordinates":[39.63697,-0.4616]}},{"type":"Feature","properties":{"event":"May 2024 (PlanetScope 05-May-2024)"},"geometry":{"type":"Point","coordinates":[39.63711,-0.46215]}},{"type":"Feature","properties":{"event":"May 2024 (PlanetScope 05-May-2024)"},"geometry":{"type":"Point","coordinates":[39.63781,-0.46662]}},{"type":"Feature","properties":{"event":"May 2024 (PlanetScope 05-May-2024)"},"geometry":{"type":"Point","coordinates":[39.6377,-0.46665]}},{"type":"Feature","properties":{"event":"May 2024 (PlanetScope 05-May-2024)"},"geometry":{"type":"Point","coordinates":[39.63755,-0.46666]}},{"type":"Feature","properties":{"event":"May 2024 (PlanetScope 05-May-2024)"},"geometry":{"type":"Point","coordinates":[39.63774,-0.46642]}},{"type":"Feature","properties":{"event":"May 2024 (PlanetScope 05-May-2024)"},"geometry":{"type":"Point","coordinates":[39.63718,-0.46466]}},{"type":"Feature","properties":{"event":"May 2024 (PlanetScope 05-May-2024)"},"geometry":{"type":"Point","coordinates":[39.65537,-0.49014]}},{"type":"Feature","properties":{"event":"May 2024 (PlanetScope 05-May-2024)"},"geometry":{"type":"Point","coordinates":[39.65284,-0.4914]}},{"type":"Feature","properties":{"event":"May 2024 (PlanetScope 05-May-2024)"},"geometry":{"type":"Point","coordinates":[39.65454,-0.49133]}},{"type":"Feature","properties":{"event":"May 2024 (PlanetScope 05-May-2024)"},"geometry":{"type":"Point","coordinates":[39.65017,-0.48641]}},{"type":"Feature","properties":{"event":"May 2024 (PlanetScope 05-May-2024)"},"geometry":{"type":"Point","coordinates":[39.65004,-0.48584]}},{"type":"Feature","properties":{"event":"May 2024 (PlanetScope 05-May-2024)"},"geometry":{"type":"Point","coordinates":[39.6501,-0.48592]}},{"type":"Feature","properties":{"event":"May 2024 (PlanetScope 05-May-2024)"},"geometry":{"type":"Point","coordinates":[39.65013,-0.48729]}},{"type":"Feature","properties":{"event":"May 2024 (PlanetScope 05-May-2024)"},"geometry":{"type":"Point","coordinates":[39.65084,-0.48882]}},{"type":"Feature","properties":{"event":"May 2024 (PlanetScope 05-May-2024)"},"geometry":{"type":"Point","coordinates":[39.65062,-0.48879]}},{"type":"Feature","properties":{"event":"May 2024 (PlanetScope 05-May-2024)"},"geometry":{"type":"Point","coordinates":[39.65061,-0.48806]}},{"type":"Feature","properties":{"event":"May 2024 (PlanetScope 05-May-2024)"},"geometry":{"type":"Point","coordinates":[39.64994,-0.48721]}},{"type":"Feature","properties":{"event":"May 2024 (PlanetScope 05-May-2024)"},"geometry":{"type":"Point","coordinates":[39.65016,-0.48606]}},{"type":"Feature","properties":{"event":"May 2024 (PlanetScope 05-May-2024)"},"geometry":{"type":"Point","coordinates":[39.64989,-0.48606]}},{"type":"Feature","properties":{"event":"May 2024 (PlanetScope 05-May-2024)"},"geometry":{"type":"Point","coordinates":[39.65004,-0.48576]}},{"type":"Feature","properties":{"event":"May 2024 (PlanetScope 05-May-2024)"},"geometry":{"type":"Point","coordinates":[39.6502,-0.48551]}},{"type":"Feature","properties":{"event":"May 2024 (PlanetScope 05-May-2024)"},"geometry":{"type":"Point","coordinates":[39.63599,-0.45746]}},{"type":"Feature","properties":{"event":"May 2024 (PlanetScope 05-May-2024)"},"geometry":{"type":"Point","coordinates":[39.63588,-0.45732]}},{"type":"Feature","properties":{"event":"May 2024 (PlanetScope 05-May-2024)"},"geometry":{"type":"Point","coordinates":[39.6359,-0.45741]}},{"type":"Feature","properties":{"event":"May 2024 (PlanetScope 05-May-2024)"},"geometry":{"type":"Point","coordinates":[39.63667,-0.45753]}},{"type":"Feature","properties":{"event":"May 2024 (PlanetScope 05-May-2024)"},"geometry":{"type":"Point","coordinates":[39.63654,-0.45758]}},{"type":"Feature","properties":{"event":"May 2024 (PlanetScope 05-May-2024)"},"geometry":{"type":"Point","coordinates":[39.63717,-0.45832]}},{"type":"Feature","properties":{"event":"May 2024 (PlanetScope 05-May-2024)"},"geometry":{"type":"Point","coordinates":[39.63695,-0.45837]}},{"type":"Feature","properties":{"event":"May 2024 (PlanetScope 05-May-2024)"},"geometry":{"type":"Point","coordinates":[39.63637,-0.45933]}},{"type":"Feature","properties":{"event":"May 2024 (PlanetScope 05-May-2024)"},"geometry":{"type":"Point","coordinates":[39.63622,-0.45926]}},{"type":"Feature","properties":{"event":"May 2024 (PlanetScope 05-May-2024)"},"geometry":{"type":"Point","coordinates":[39.63641,-0.45913]}},{"type":"Feature","properties":{"event":"May 2024 (PlanetScope 05-May-2024)"},"geometry":{"type":"Point","coordinates":[39.63647,-0.45925]}},{"type":"Feature","properties":{"event":"May 2024 (PlanetScope 05-May-2024)"},"geometry":{"type":"Point","coordinates":[39.63654,-0.45926]}},{"type":"Feature","properties":{"event":"May 2024 (PlanetScope 05-May-2024)"},"geometry":{"type":"Point","coordinates":[39.63653,-0.45911]}},{"type":"Feature","properties":{"event":"May 2024 (PlanetScope 05-May-2024)"},"geometry":{"type":"Point","coordinates":[39.63664,-0.45917]}},{"type":"Feature","properties":{"event":"May 2024 (PlanetScope 05-May-2024)"},"geometry":{"type":"Point","coordinates":[39.63663,-0.459]}},{"type":"Feature","properties":{"event":"May 2024 (PlanetScope 05-May-2024)"},"geometry":{"type":"Point","coordinates":[39.63612,-0.45878]}},{"type":"Feature","properties":{"event":"May 2024 (PlanetScope 05-May-2024)"},"geometry":{"type":"Point","coordinates":[39.63695,-0.45903]}},{"type":"Feature","properties":{"event":"May 2024 (PlanetScope 05-May-2024)"},"geometry":{"type":"Point","coordinates":[39.63691,-0.46052]}},{"type":"Feature","properties":{"event":"May 2024 (PlanetScope 05-May-2024)"},"geometry":{"type":"Point","coordinates":[39.63713,-0.46039]}},{"type":"Feature","properties":{"event":"May 2024 (PlanetScope 05-May-2024)"},"geometry":{"type":"Point","coordinates":[39.63701,-0.46017]}},{"type":"Feature","properties":{"event":"May 2024 (PlanetScope 05-May-2024)"},"geometry":{"type":"Point","coordinates":[39.63653,-0.46128]}},{"type":"Feature","properties":{"event":"May 2024 (PlanetScope 05-May-2024)"},"geometry":{"type":"Point","coordinates":[39.63595,-0.45939]}},{"type":"Feature","properties":{"event":"May 2024 (PlanetScope 05-May-2024)"},"geometry":{"type":"Point","coordinates":[39.63279,-0.4638]}},{"type":"Feature","properties":{"event":"May 2024 (PlanetScope 05-May-2024)"},"geometry":{"type":"Point","coordinates":[39.63289,-0.46377]}},{"type":"Feature","properties":{"event":"May 2024 (PlanetScope 05-May-2024)"},"geometry":{"type":"Point","coordinates":[39.63291,-0.46371]}},{"type":"Feature","properties":{"event":"May 2024 (PlanetScope 05-May-2024)"},"geometry":{"type":"Point","coordinates":[39.63276,-0.46365]}},{"type":"Feature","properties":{"event":"May 2024 (PlanetScope 05-May-2024)"},"geometry":{"type":"Point","coordinates":[39.63274,-0.46375]}},{"type":"Feature","properties":{"event":"May 2024 (PlanetScope 05-May-2024)"},"geometry":{"type":"Point","coordinates":[39.63263,-0.46384]}},{"type":"Feature","properties":{"event":"May 2024 (PlanetScope 05-May-2024)"},"geometry":{"type":"Point","coordinates":[39.63226,-0.4638]}},{"type":"Feature","properties":{"event":"May 2024 (PlanetScope 05-May-2024)"},"geometry":{"type":"Point","coordinates":[39.63229,-0.4639]}},{"type":"Feature","properties":{"event":"May 2024 (PlanetScope 05-May-2024)"},"geometry":{"type":"Point","coordinates":[39.63234,-0.46386]}},{"type":"Feature","properties":{"event":"May 2024 (PlanetScope 05-May-2024)"},"geometry":{"type":"Point","coordinates":[39.63193,-0.46388]}},{"type":"Feature","properties":{"event":"May 2024 (PlanetScope 05-May-2024)"},"geometry":{"type":"Point","coordinates":[39.63219,-0.46373]}},{"type":"Feature","properties":{"event":"May 2024 (PlanetScope 05-May-2024)"},"geometry":{"type":"Point","coordinates":[39.63219,-0.46367]}},{"type":"Feature","properties":{"event":"May 2024 (PlanetScope 05-May-2024)"},"geometry":{"type":"Point","coordinates":[39.6325,-0.46361]}},{"type":"Feature","properties":{"event":"May 2024 (PlanetScope 05-May-2024)"},"geometry":{"type":"Point","coordinates":[39.6324,-0.46353]}},{"type":"Feature","properties":{"event":"May 2024 (PlanetScope 05-May-2024)"},"geometry":{"type":"Point","coordinates":[39.6324,-0.46334]}},{"type":"Feature","properties":{"event":"May 2024 (PlanetScope 05-May-2024)"},"geometry":{"type":"Point","coordinates":[39.63329,-0.46379]}},{"type":"Feature","properties":{"event":"May 2024 (PlanetScope 05-May-2024)"},"geometry":{"type":"Point","coordinates":[39.63315,-0.46373]}},{"type":"Feature","properties":{"event":"May 2024 (PlanetScope 05-May-2024)"},"geometry":{"type":"Point","coordinates":[39.63317,-0.46361]}},{"type":"Feature","properties":{"event":"May 2024 (PlanetScope 05-May-2024)"},"geometry":{"type":"Point","coordinates":[39.63298,-0.46357]}},{"type":"Feature","properties":{"event":"May 2024 (PlanetScope 05-May-2024)"},"geometry":{"type":"Point","coordinates":[39.63284,-0.46343]}},{"type":"Feature","properties":{"event":"May 2024 (PlanetScope 05-May-2024)"},"geometry":{"type":"Point","coordinates":[39.63279,-0.46355]}},{"type":"Feature","properties":{"event":"May 2024 (PlanetScope 05-May-2024)"},"geometry":{"type":"Point","coordinates":[39.63267,-0.46349]}},{"type":"Feature","properties":{"event":"May 2024 (PlanetScope 05-May-2024)"},"geometry":{"type":"Point","coordinates":[39.6334,-0.4664]}},{"type":"Feature","properties":{"event":"May 2024 (PlanetScope 05-May-2024)"},"geometry":{"type":"Point","coordinates":[39.63342,-0.4665]}},{"type":"Feature","properties":{"event":"May 2024 (PlanetScope 05-May-2024)"},"geometry":{"type":"Point","coordinates":[39.63338,-0.46659]}},{"type":"Feature","properties":{"event":"May 2024 (PlanetScope 05-May-2024)"},"geometry":{"type":"Point","coordinates":[39.63335,-0.46666]}},{"type":"Feature","properties":{"event":"May 2024 (PlanetScope 05-May-2024)"},"geometry":{"type":"Point","coordinates":[39.63325,-0.46665]}},{"type":"Feature","properties":{"event":"May 2024 (PlanetScope 05-May-2024)"},"geometry":{"type":"Point","coordinates":[39.63327,-0.46659]}},{"type":"Feature","properties":{"event":"May 2024 (PlanetScope 05-May-2024)"},"geometry":{"type":"Point","coordinates":[39.63318,-0.46672]}},{"type":"Feature","properties":{"event":"May 2024 (PlanetScope 05-May-2024)"},"geometry":{"type":"Point","coordinates":[39.63308,-0.46672]}},{"type":"Feature","properties":{"event":"May 2024 (PlanetScope 05-May-2024)"},"geometry":{"type":"Point","coordinates":[39.633,-0.46675]}},{"type":"Feature","properties":{"event":"May 2024 (PlanetScope 05-May-2024)"},"geometry":{"type":"Point","coordinates":[39.63306,-0.46682]}},{"type":"Feature","properties":{"event":"May 2024 (PlanetScope 05-May-2024)"},"geometry":{"type":"Point","coordinates":[39.6329,-0.46669]}},{"type":"Feature","properties":{"event":"May 2024 (PlanetScope 05-May-2024)"},"geometry":{"type":"Point","coordinates":[39.63326,-0.46683]}},{"type":"Feature","properties":{"event":"May 2024 (PlanetScope 05-May-2024)"},"geometry":{"type":"Point","coordinates":[39.63349,-0.46692]}},{"type":"Feature","properties":{"event":"May 2024 (PlanetScope 05-May-2024)"},"geometry":{"type":"Point","coordinates":[39.63452,-0.46442]}},{"type":"Feature","properties":{"event":"May 2024 (PlanetScope 05-May-2024)"},"geometry":{"type":"Point","coordinates":[39.63461,-0.4645]}},{"type":"Feature","properties":{"event":"May 2024 (PlanetScope 05-May-2024)"},"geometry":{"type":"Point","coordinates":[39.63455,-0.46455]}},{"type":"Feature","properties":{"event":"May 2024 (PlanetScope 05-May-2024)"},"geometry":{"type":"Point","coordinates":[39.6344,-0.46453]}},{"type":"Feature","properties":{"event":"May 2024 (PlanetScope 05-May-2024)"},"geometry":{"type":"Point","coordinates":[39.63442,-0.46441]}},{"type":"Feature","properties":{"event":"May 2024 (PlanetScope 05-May-2024)"},"geometry":{"type":"Point","coordinates":[39.63459,-0.46439]}},{"type":"Feature","properties":{"event":"May 2024 (PlanetScope 05-May-2024)"},"geometry":{"type":"Point","coordinates":[39.63448,-0.46432]}},{"type":"Feature","properties":{"event":"May 2024 (PlanetScope 05-May-2024)"},"geometry":{"type":"Point","coordinates":[39.63449,-0.4642]}},{"type":"Feature","properties":{"event":"May 2024 (PlanetScope 05-May-2024)"},"geometry":{"type":"Point","coordinates":[39.63463,-0.46425]}},{"type":"Feature","properties":{"event":"May 2024 (PlanetScope 05-May-2024)"},"geometry":{"type":"Point","coordinates":[39.63482,-0.46423]}},{"type":"Feature","properties":{"event":"May 2024 (PlanetScope 05-May-2024)"},"geometry":{"type":"Point","coordinates":[39.63487,-0.46438]}},{"type":"Feature","properties":{"event":"May 2024 (PlanetScope 05-May-2024)"},"geometry":{"type":"Point","coordinates":[39.63477,-0.46435]}},{"type":"Feature","properties":{"event":"May 2024 (PlanetScope 05-May-2024)"},"geometry":{"type":"Point","coordinates":[39.63502,-0.46468]}},{"type":"Feature","properties":{"event":"May 2024 (PlanetScope 05-May-2024)"},"geometry":{"type":"Point","coordinates":[39.63508,-0.46449]}},{"type":"Feature","properties":{"event":"May 2024 (PlanetScope 05-May-2024)"},"geometry":{"type":"Point","coordinates":[39.63224,-0.46639]}},{"type":"Feature","properties":{"event":"May 2024 (PlanetScope 05-May-2024)"},"geometry":{"type":"Point","coordinates":[39.63223,-0.46631]}},{"type":"Feature","properties":{"event":"May 2024 (PlanetScope 05-May-2024)"},"geometry":{"type":"Point","coordinates":[39.6328,-0.46653]}},{"type":"Feature","properties":{"event":"May 2024 (PlanetScope 05-May-2024)"},"geometry":{"type":"Point","coordinates":[39.63263,-0.46673]}},{"type":"Feature","properties":{"event":"May 2024 (PlanetScope 05-May-2024)"},"geometry":{"type":"Point","coordinates":[39.63238,-0.46657]}},{"type":"Feature","properties":{"event":"May 2024 (PlanetScope 05-May-2024)"},"geometry":{"type":"Point","coordinates":[39.63409,-0.46343]}},{"type":"Feature","properties":{"event":"May 2024 (PlanetScope 05-May-2024)"},"geometry":{"type":"Point","coordinates":[39.63414,-0.46328]}},{"type":"Feature","properties":{"event":"May 2024 (PlanetScope 05-May-2024)"},"geometry":{"type":"Point","coordinates":[39.63414,-0.46338]}},{"type":"Feature","properties":{"event":"May 2024 (PlanetScope 05-May-2024)"},"geometry":{"type":"Point","coordinates":[39.63394,-0.46333]}},{"type":"Feature","properties":{"event":"May 2024 (PlanetScope 05-May-2024)"},"geometry":{"type":"Point","coordinates":[39.63399,-0.4632]}},{"type":"Feature","properties":{"event":"May 2024 (PlanetScope 05-May-2024)"},"geometry":{"type":"Point","coordinates":[39.63391,-0.46321]}},{"type":"Feature","properties":{"event":"May 2024 (PlanetScope 05-May-2024)"},"geometry":{"type":"Point","coordinates":[39.63384,-0.46315]}},{"type":"Feature","properties":{"event":"May 2024 (PlanetScope 05-May-2024)"},"geometry":{"type":"Point","coordinates":[39.63493,-0.46317]}},{"type":"Feature","properties":{"event":"May 2024 (PlanetScope 05-May-2024)"},"geometry":{"type":"Point","coordinates":[39.63455,-0.46346]}},{"type":"Feature","properties":{"event":"May 2024 (PlanetScope 05-May-2024)"},"geometry":{"type":"Point","coordinates":[39.63466,-0.46364]}},{"type":"Feature","properties":{"event":"May 2024 (PlanetScope 05-May-2024)"},"geometry":{"type":"Point","coordinates":[39.63452,-0.46359]}},{"type":"Feature","properties":{"event":"May 2024 (PlanetScope 05-May-2024)"},"geometry":{"type":"Point","coordinates":[39.6346,-0.46354]}},{"type":"Feature","properties":{"event":"May 2024 (PlanetScope 05-May-2024)"},"geometry":{"type":"Point","coordinates":[39.63473,-0.46325]}},{"type":"Feature","properties":{"event":"May 2024 (PlanetScope 05-May-2024)"},"geometry":{"type":"Point","coordinates":[39.63476,-0.46308]}},{"type":"Feature","properties":{"event":"May 2024 (PlanetScope 05-May-2024)"},"geometry":{"type":"Point","coordinates":[39.6345,-0.46301]}},{"type":"Feature","properties":{"event":"May 2024 (PlanetScope 05-May-2024)"},"geometry":{"type":"Point","coordinates":[39.63419,-0.46307]}},{"type":"Feature","properties":{"event":"May 2024 (PlanetScope 05-May-2024)"},"geometry":{"type":"Point","coordinates":[39.63424,-0.4629]}},{"type":"Feature","properties":{"event":"May 2024 (PlanetScope 05-May-2024)"},"geometry":{"type":"Point","coordinates":[39.63404,-0.46309]}},{"type":"Feature","properties":{"event":"May 2024 (PlanetScope 05-May-2024)"},"geometry":{"type":"Point","coordinates":[39.63393,-0.46304]}},{"type":"Feature","properties":{"event":"May 2024 (PlanetScope 05-May-2024)"},"geometry":{"type":"Point","coordinates":[39.63398,-0.463]}},{"type":"Feature","properties":{"event":"May 2024 (PlanetScope 05-May-2024)"},"geometry":{"type":"Point","coordinates":[39.63415,-0.46289]}},{"type":"Feature","properties":{"event":"May 2024 (PlanetScope 05-May-2024)"},"geometry":{"type":"Point","coordinates":[39.63401,-0.46291]}},{"type":"Feature","properties":{"event":"May 2024 (PlanetScope 05-May-2024)"},"geometry":{"type":"Point","coordinates":[39.63408,-0.46278]}},{"type":"Feature","properties":{"event":"May 2024 (PlanetScope 05-May-2024)"},"geometry":{"type":"Point","coordinates":[39.63393,-0.4628]}},{"type":"Feature","properties":{"event":"May 2024 (PlanetScope 05-May-2024)"},"geometry":{"type":"Point","coordinates":[39.6338,-0.46277]}},{"type":"Feature","properties":{"event":"May 2024 (PlanetScope 05-May-2024)"},"geometry":{"type":"Point","coordinates":[39.63385,-0.46265]}},{"type":"Feature","properties":{"event":"May 2024 (PlanetScope 05-May-2024)"},"geometry":{"type":"Point","coordinates":[39.63374,-0.46259]}},{"type":"Feature","properties":{"event":"May 2024 (PlanetScope 05-May-2024)"},"geometry":{"type":"Point","coordinates":[39.63372,-0.46294]}},{"type":"Feature","properties":{"event":"May 2024 (PlanetScope 05-May-2024)"},"geometry":{"type":"Point","coordinates":[39.63353,-0.46307]}},{"type":"Feature","properties":{"event":"May 2024 (PlanetScope 05-May-2024)"},"geometry":{"type":"Point","coordinates":[39.63327,-0.46293]}},{"type":"Feature","properties":{"event":"May 2024 (PlanetScope 05-May-2024)"},"geometry":{"type":"Point","coordinates":[39.63367,-0.46259]}},{"type":"Feature","properties":{"event":"May 2024 (PlanetScope 05-May-2024)"},"geometry":{"type":"Point","coordinates":[39.6336,-0.46276]}},{"type":"Feature","properties":{"event":"May 2024 (PlanetScope 05-May-2024)"},"geometry":{"type":"Point","coordinates":[39.6335,-0.46258]}},{"type":"Feature","properties":{"event":"May 2024 (PlanetScope 05-May-2024)"},"geometry":{"type":"Point","coordinates":[39.63341,-0.46268]}},{"type":"Feature","properties":{"event":"May 2024 (PlanetScope 05-May-2024)"},"geometry":{"type":"Point","coordinates":[39.63159,-0.46402]}},{"type":"Feature","properties":{"event":"May 2024 (PlanetScope 05-May-2024)"},"geometry":{"type":"Point","coordinates":[39.63151,-0.464]}},{"type":"Feature","properties":{"event":"May 2024 (PlanetScope 05-May-2024)"},"geometry":{"type":"Point","coordinates":[39.6317,-0.46368]}},{"type":"Feature","properties":{"event":"May 2024 (PlanetScope 05-May-2024)"},"geometry":{"type":"Point","coordinates":[39.6318,-0.46363]}},{"type":"Feature","properties":{"event":"May 2024 (PlanetScope 05-May-2024)"},"geometry":{"type":"Point","coordinates":[39.63146,-0.46343]}},{"type":"Feature","properties":{"event":"May 2024 (PlanetScope 05-May-2024)"},"geometry":{"type":"Point","coordinates":[39.63159,-0.4634]}},{"type":"Feature","properties":{"event":"May 2024 (PlanetScope 05-May-2024)"},"geometry":{"type":"Point","coordinates":[39.63178,-0.46333]}},{"type":"Feature","properties":{"event":"May 2024 (PlanetScope 05-May-2024)"},"geometry":{"type":"Point","coordinates":[39.63201,-0.46317]}},{"type":"Feature","properties":{"event":"May 2024 (PlanetScope 05-May-2024)"},"geometry":{"type":"Point","coordinates":[39.63177,-0.46286]}},{"type":"Feature","properties":{"event":"May 2024 (PlanetScope 05-May-2024)"},"geometry":{"type":"Point","coordinates":[39.63155,-0.46282]}},{"type":"Feature","properties":{"event":"May 2024 (PlanetScope 05-May-2024)"},"geometry":{"type":"Point","coordinates":[39.63179,-0.46522]}},{"type":"Feature","properties":{"event":"May 2024 (PlanetScope 05-May-2024)"},"geometry":{"type":"Point","coordinates":[39.63174,-0.46534]}},{"type":"Feature","properties":{"event":"May 2024 (PlanetScope 05-May-2024)"},"geometry":{"type":"Point","coordinates":[39.63163,-0.46538]}},{"type":"Feature","properties":{"event":"May 2024 (PlanetScope 05-May-2024)"},"geometry":{"type":"Point","coordinates":[39.6315,-0.46522]}},{"type":"Feature","properties":{"event":"May 2024 (PlanetScope 05-May-2024)"},"geometry":{"type":"Point","coordinates":[39.63166,-0.46511]}},{"type":"Feature","properties":{"event":"May 2024 (PlanetScope 05-May-2024)"},"geometry":{"type":"Point","coordinates":[39.63162,-0.46513]}},{"type":"Feature","properties":{"event":"May 2024 (PlanetScope 05-May-2024)"},"geometry":{"type":"Point","coordinates":[39.63161,-0.46508]}},{"type":"Feature","properties":{"event":"May 2024 (PlanetScope 05-May-2024)"},"geometry":{"type":"Point","coordinates":[39.63152,-0.46504]}},{"type":"Feature","properties":{"event":"May 2024 (PlanetScope 05-May-2024)"},"geometry":{"type":"Point","coordinates":[39.63147,-0.46494]}},{"type":"Feature","properties":{"event":"May 2024 (PlanetScope 05-May-2024)"},"geometry":{"type":"Point","coordinates":[39.63143,-0.46491]}},{"type":"Feature","properties":{"event":"May 2024 (PlanetScope 05-May-2024)"},"geometry":{"type":"Point","coordinates":[39.63139,-0.46487]}},{"type":"Feature","properties":{"event":"May 2024 (PlanetScope 05-May-2024)"},"geometry":{"type":"Point","coordinates":[39.63148,-0.46563]}},{"type":"Feature","properties":{"event":"May 2024 (PlanetScope 05-May-2024)"},"geometry":{"type":"Point","coordinates":[39.63114,-0.46549]}},{"type":"Feature","properties":{"event":"May 2024 (PlanetScope 05-May-2024)"},"geometry":{"type":"Point","coordinates":[39.63128,-0.46541]}},{"type":"Feature","properties":{"event":"May 2024 (PlanetScope 05-May-2024)"},"geometry":{"type":"Point","coordinates":[39.63133,-0.46509]}},{"type":"Feature","properties":{"event":"May 2024 (PlanetScope 05-May-2024)"},"geometry":{"type":"Point","coordinates":[39.63148,-0.46474]}},{"type":"Feature","properties":{"event":"May 2024 (PlanetScope 05-May-2024)"},"geometry":{"type":"Point","coordinates":[39.6313,-0.46482]}},{"type":"Feature","properties":{"event":"May 2024 (PlanetScope 05-May-2024)"},"geometry":{"type":"Point","coordinates":[39.63094,-0.4644]}},{"type":"Feature","properties":{"event":"May 2024 (PlanetScope 05-May-2024)"},"geometry":{"type":"Point","coordinates":[39.63061,-0.46438]}},{"type":"Feature","properties":{"event":"May 2024 (PlanetScope 05-May-2024)"},"geometry":{"type":"Point","coordinates":[39.63086,-0.46413]}},{"type":"Feature","properties":{"event":"May 2024 (PlanetScope 05-May-2024)"},"geometry":{"type":"Point","coordinates":[39.6308,-0.46407]}},{"type":"Feature","properties":{"event":"May 2024 (PlanetScope 05-May-2024)"},"geometry":{"type":"Point","coordinates":[39.63134,-0.4639]}},{"type":"Feature","properties":{"event":"May 2024 (PlanetScope 05-May-2024)"},"geometry":{"type":"Point","coordinates":[39.6311,-0.46396]}},{"type":"Feature","properties":{"event":"May 2024 (PlanetScope 05-May-2024)"},"geometry":{"type":"Point","coordinates":[39.6312,-0.46377]}},{"type":"Feature","properties":{"event":"May 2024 (PlanetScope 05-May-2024)"},"geometry":{"type":"Point","coordinates":[39.63062,-0.46335]}},{"type":"Feature","properties":{"event":"May 2024 (PlanetScope 05-May-2024)"},"geometry":{"type":"Point","coordinates":[39.6305,-0.46335]}},{"type":"Feature","properties":{"event":"May 2024 (PlanetScope 05-May-2024)"},"geometry":{"type":"Point","coordinates":[39.63067,-0.46316]}},{"type":"Feature","properties":{"event":"May 2024 (PlanetScope 05-May-2024)"},"geometry":{"type":"Point","coordinates":[39.63071,-0.46326]}},{"type":"Feature","properties":{"event":"May 2024 (PlanetScope 05-May-2024)"},"geometry":{"type":"Point","coordinates":[39.63083,-0.46325]}},{"type":"Feature","properties":{"event":"May 2024 (PlanetScope 05-May-2024)"},"geometry":{"type":"Point","coordinates":[39.6309,-0.46308]}},{"type":"Feature","properties":{"event":"May 2024 (PlanetScope 05-May-2024)"},"geometry":{"type":"Point","coordinates":[39.63083,-0.46304]}},{"type":"Feature","properties":{"event":"May 2024 (PlanetScope 05-May-2024)"},"geometry":{"type":"Point","coordinates":[39.63044,-0.46284]}},{"type":"Feature","properties":{"event":"May 2024 (PlanetScope 05-May-2024)"},"geometry":{"type":"Point","coordinates":[39.63064,-0.46277]}},{"type":"Feature","properties":{"event":"May 2024 (PlanetScope 05-May-2024)"},"geometry":{"type":"Point","coordinates":[39.6306,-0.46272]}},{"type":"Feature","properties":{"event":"May 2024 (PlanetScope 05-May-2024)"},"geometry":{"type":"Point","coordinates":[39.63085,-0.46284]}},{"type":"Feature","properties":{"event":"May 2024 (PlanetScope 05-May-2024)"},"geometry":{"type":"Point","coordinates":[39.63077,-0.46279]}},{"type":"Feature","properties":{"event":"May 2024 (PlanetScope 05-May-2024)"},"geometry":{"type":"Point","coordinates":[39.63071,-0.46279]}},{"type":"Feature","properties":{"event":"May 2024 (PlanetScope 05-May-2024)"},"geometry":{"type":"Point","coordinates":[39.63059,-0.46257]}},{"type":"Feature","properties":{"event":"May 2024 (PlanetScope 05-May-2024)"},"geometry":{"type":"Point","coordinates":[39.63074,-0.46264]}},{"type":"Feature","properties":{"event":"May 2024 (PlanetScope 05-May-2024)"},"geometry":{"type":"Point","coordinates":[39.63079,-0.4626]}},{"type":"Feature","properties":{"event":"May 2024 (PlanetScope 05-May-2024)"},"geometry":{"type":"Point","coordinates":[39.63086,-0.46257]}},{"type":"Feature","properties":{"event":"May 2024 (PlanetScope 05-May-2024)"},"geometry":{"type":"Point","coordinates":[39.63076,-0.46253]}},{"type":"Feature","properties":{"event":"May 2024 (PlanetScope 05-May-2024)"},"geometry":{"type":"Point","coordinates":[39.63057,-0.46247]}},{"type":"Feature","properties":{"event":"May 2024 (PlanetScope 05-May-2024)"},"geometry":{"type":"Point","coordinates":[39.63081,-0.46239]}},{"type":"Feature","properties":{"event":"May 2024 (PlanetScope 05-May-2024)"},"geometry":{"type":"Point","coordinates":[39.63141,-0.46199]}},{"type":"Feature","properties":{"event":"May 2024 (PlanetScope 05-May-2024)"},"geometry":{"type":"Point","coordinates":[39.63046,-0.46144]}},{"type":"Feature","properties":{"event":"May 2024 (PlanetScope 05-May-2024)"},"geometry":{"type":"Point","coordinates":[39.63114,-0.46691]}},{"type":"Feature","properties":{"event":"May 2024 (PlanetScope 05-May-2024)"},"geometry":{"type":"Point","coordinates":[39.63368,-0.4662]}},{"type":"Feature","properties":{"event":"May 2024 (PlanetScope 05-May-2024)"},"geometry":{"type":"Point","coordinates":[39.63377,-0.46605]}},{"type":"Feature","properties":{"event":"May 2024 (PlanetScope 05-May-2024)"},"geometry":{"type":"Point","coordinates":[39.63369,-0.46608]}},{"type":"Feature","properties":{"event":"May 2024 (PlanetScope 05-May-2024)"},"geometry":{"type":"Point","coordinates":[39.63385,-0.46594]}},{"type":"Feature","properties":{"event":"May 2024 (PlanetScope 05-May-2024)"},"geometry":{"type":"Point","coordinates":[39.63387,-0.46585]}},{"type":"Feature","properties":{"event":"May 2024 (PlanetScope 05-May-2024)"},"geometry":{"type":"Point","coordinates":[39.6337,-0.46599]}},{"type":"Feature","properties":{"event":"May 2024 (PlanetScope 05-May-2024)"},"geometry":{"type":"Point","coordinates":[39.63319,-0.46445]}},{"type":"Feature","properties":{"event":"May 2024 (PlanetScope 05-May-2024)"},"geometry":{"type":"Point","coordinates":[39.63327,-0.46433]}},{"type":"Feature","properties":{"event":"May 2024 (PlanetScope 05-May-2024)"},"geometry":{"type":"Point","coordinates":[39.6322,-0.4662]}},{"type":"Feature","properties":{"event":"May 2024 (PlanetScope 05-May-2024)"},"geometry":{"type":"Point","coordinates":[39.63231,-0.46626]}},{"type":"Feature","properties":{"event":"May 2024 (PlanetScope 05-May-2024)"},"geometry":{"type":"Point","coordinates":[39.63219,-0.466]}},{"type":"Feature","properties":{"event":"May 2024 (PlanetScope 05-May-2024)"},"geometry":{"type":"Point","coordinates":[39.63217,-0.46609]}},{"type":"Feature","properties":{"event":"May 2024 (PlanetScope 05-May-2024)"},"geometry":{"type":"Point","coordinates":[39.63356,-0.46596]}},{"type":"Feature","properties":{"event":"May 2024 (PlanetScope 05-May-2024)"},"geometry":{"type":"Point","coordinates":[39.63335,-0.46585]}},{"type":"Feature","properties":{"event":"May 2024 (PlanetScope 05-May-2024)"},"geometry":{"type":"Point","coordinates":[39.63339,-0.46575]}},{"type":"Feature","properties":{"event":"May 2024 (PlanetScope 05-May-2024)"},"geometry":{"type":"Point","coordinates":[39.63345,-0.4656]}},{"type":"Feature","properties":{"event":"May 2024 (PlanetScope 05-May-2024)"},"geometry":{"type":"Point","coordinates":[39.63347,-0.46554]}},{"type":"Feature","properties":{"event":"May 2024 (PlanetScope 05-May-2024)"},"geometry":{"type":"Point","coordinates":[39.63338,-0.46553]}},{"type":"Feature","properties":{"event":"May 2024 (PlanetScope 05-May-2024)"},"geometry":{"type":"Point","coordinates":[39.6331,-0.46582]}},{"type":"Feature","properties":{"event":"May 2024 (PlanetScope 05-May-2024)"},"geometry":{"type":"Point","coordinates":[39.63307,-0.46563]}},{"type":"Feature","properties":{"event":"May 2024 (PlanetScope 05-May-2024)"},"geometry":{"type":"Point","coordinates":[39.63304,-0.46571]}},{"type":"Feature","properties":{"event":"May 2024 (PlanetScope 05-May-2024)"},"geometry":{"type":"Point","coordinates":[39.63372,-0.46578]}},{"type":"Feature","properties":{"event":"May 2024 (PlanetScope 05-May-2024)"},"geometry":{"type":"Point","coordinates":[39.63362,-0.46567]}},{"type":"Feature","properties":{"event":"May 2024 (PlanetScope 05-May-2024)"},"geometry":{"type":"Point","coordinates":[39.63368,-0.46563]}},{"type":"Feature","properties":{"event":"May 2024 (PlanetScope 05-May-2024)"},"geometry":{"type":"Point","coordinates":[39.63385,-0.46562]}},{"type":"Feature","properties":{"event":"May 2024 (PlanetScope 05-May-2024)"},"geometry":{"type":"Point","coordinates":[39.63375,-0.46562]}},{"type":"Feature","properties":{"event":"May 2024 (PlanetScope 05-May-2024)"},"geometry":{"type":"Point","coordinates":[39.63383,-0.4655]}},{"type":"Feature","properties":{"event":"May 2024 (PlanetScope 05-May-2024)"},"geometry":{"type":"Point","coordinates":[39.63347,-0.46642]}},{"type":"Feature","properties":{"event":"May 2024 (PlanetScope 05-May-2024)"},"geometry":{"type":"Point","coordinates":[39.63344,-0.46631]}},{"type":"Feature","properties":{"event":"May 2024 (PlanetScope 05-May-2024)"},"geometry":{"type":"Point","coordinates":[39.63362,-0.46662]}},{"type":"Feature","properties":{"event":"May 2024 (PlanetScope 05-May-2024)"},"geometry":{"type":"Point","coordinates":[39.63352,-0.46666]}},{"type":"Feature","properties":{"event":"May 2024 (PlanetScope 05-May-2024)"},"geometry":{"type":"Point","coordinates":[39.63348,-0.46672]}},{"type":"Feature","properties":{"event":"May 2024 (PlanetScope 05-May-2024)"},"geometry":{"type":"Point","coordinates":[39.63343,-0.46681]}},{"type":"Feature","properties":{"event":"May 2024 (PlanetScope 05-May-2024)"},"geometry":{"type":"Point","coordinates":[39.63344,-0.46676]}},{"type":"Feature","properties":{"event":"May 2024 (PlanetScope 05-May-2024)"},"geometry":{"type":"Point","coordinates":[39.63497,-0.4654]}},{"type":"Feature","properties":{"event":"May 2024 (PlanetScope 05-May-2024)"},"geometry":{"type":"Point","coordinates":[39.63483,-0.46534]}},{"type":"Feature","properties":{"event":"May 2024 (PlanetScope 05-May-2024)"},"geometry":{"type":"Point","coordinates":[39.63507,-0.46532]}},{"type":"Feature","properties":{"event":"May 2024 (PlanetScope 05-May-2024)"},"geometry":{"type":"Point","coordinates":[39.6347,-0.46534]}},{"type":"Feature","properties":{"event":"May 2024 (PlanetScope 05-May-2024)"},"geometry":{"type":"Point","coordinates":[39.63475,-0.46526]}},{"type":"Feature","properties":{"event":"May 2024 (PlanetScope 05-May-2024)"},"geometry":{"type":"Point","coordinates":[39.63479,-0.4652]}},{"type":"Feature","properties":{"event":"May 2024 (PlanetScope 05-May-2024)"},"geometry":{"type":"Point","coordinates":[39.63472,-0.4652]}},{"type":"Feature","properties":{"event":"May 2024 (PlanetScope 05-May-2024)"},"geometry":{"type":"Point","coordinates":[39.63494,-0.4652]}},{"type":"Feature","properties":{"event":"May 2024 (PlanetScope 05-May-2024)"},"geometry":{"type":"Point","coordinates":[39.6348,-0.46548]}},{"type":"Feature","properties":{"event":"May 2024 (PlanetScope 05-May-2024)"},"geometry":{"type":"Point","coordinates":[39.63481,-0.46566]}},{"type":"Feature","properties":{"event":"May 2024 (PlanetScope 05-May-2024)"},"geometry":{"type":"Point","coordinates":[39.63478,-0.4656]}},{"type":"Feature","properties":{"event":"May 2024 (PlanetScope 05-May-2024)"},"geometry":{"type":"Point","coordinates":[39.63433,-0.46562]}},{"type":"Feature","properties":{"event":"May 2024 (PlanetScope 05-May-2024)"},"geometry":{"type":"Point","coordinates":[39.6344,-0.4656]}},{"type":"Feature","properties":{"event":"May 2024 (PlanetScope 05-May-2024)"},"geometry":{"type":"Point","coordinates":[39.63461,-0.46549]}},{"type":"Feature","properties":{"event":"May 2024 (PlanetScope 05-May-2024)"},"geometry":{"type":"Point","coordinates":[39.63473,-0.46552]}},{"type":"Feature","properties":{"event":"May 2024 (PlanetScope 05-May-2024)"},"geometry":{"type":"Point","coordinates":[39.63467,-0.46543]}},{"type":"Feature","properties":{"event":"May 2024 (PlanetScope 05-May-2024)"},"geometry":{"type":"Point","coordinates":[39.63457,-0.46536]}},{"type":"Feature","properties":{"event":"May 2024 (PlanetScope 05-May-2024)"},"geometry":{"type":"Point","coordinates":[39.63452,-0.46531]}},{"type":"Feature","properties":{"event":"May 2024 (PlanetScope 05-May-2024)"},"geometry":{"type":"Point","coordinates":[39.63461,-0.46513]}},{"type":"Feature","properties":{"event":"May 2024 (PlanetScope 05-May-2024)"},"geometry":{"type":"Point","coordinates":[39.63468,-0.46514]}},{"type":"Feature","properties":{"event":"May 2024 (PlanetScope 05-May-2024)"},"geometry":{"type":"Point","coordinates":[39.63478,-0.46512]}},{"type":"Feature","properties":{"event":"May 2024 (PlanetScope 05-May-2024)"},"geometry":{"type":"Point","coordinates":[39.63482,-0.46502]}},{"type":"Feature","properties":{"event":"May 2024 (PlanetScope 05-May-2024)"},"geometry":{"type":"Point","coordinates":[39.63476,-0.46506]}},{"type":"Feature","properties":{"event":"May 2024 (PlanetScope 05-May-2024)"},"geometry":{"type":"Point","coordinates":[39.63464,-0.46483]}},{"type":"Feature","properties":{"event":"May 2024 (PlanetScope 05-May-2024)"},"geometry":{"type":"Point","coordinates":[39.63476,-0.46484]}},{"type":"Feature","properties":{"event":"May 2024 (PlanetScope 05-May-2024)"},"geometry":{"type":"Point","coordinates":[39.63471,-0.46493]}},{"type":"Feature","properties":{"event":"May 2024 (PlanetScope 05-May-2024)"},"geometry":{"type":"Point","coordinates":[39.63453,-0.46497]}},{"type":"Feature","properties":{"event":"May 2024 (PlanetScope 05-May-2024)"},"geometry":{"type":"Point","coordinates":[39.63454,-0.46491]}},{"type":"Feature","properties":{"event":"May 2024 (PlanetScope 05-May-2024)"},"geometry":{"type":"Point","coordinates":[39.63455,-0.46486]}},{"type":"Feature","properties":{"event":"May 2024 (PlanetScope 05-May-2024)"},"geometry":{"type":"Point","coordinates":[39.63426,-0.46549]}},{"type":"Feature","properties":{"event":"May 2024 (PlanetScope 05-May-2024)"},"geometry":{"type":"Point","coordinates":[39.63423,-0.46538]}},{"type":"Feature","properties":{"event":"May 2024 (PlanetScope 05-May-2024)"},"geometry":{"type":"Point","coordinates":[39.63431,-0.46527]}},{"type":"Feature","properties":{"event":"May 2024 (PlanetScope 05-May-2024)"},"geometry":{"type":"Point","coordinates":[39.63442,-0.46527]}},{"type":"Feature","properties":{"event":"May 2024 (PlanetScope 05-May-2024)"},"geometry":{"type":"Point","coordinates":[39.6345,-0.46521]}},{"type":"Feature","properties":{"event":"May 2024 (PlanetScope 05-May-2024)"},"geometry":{"type":"Point","coordinates":[39.63445,-0.46517]}},{"type":"Feature","properties":{"event":"May 2024 (PlanetScope 05-May-2024)"},"geometry":{"type":"Point","coordinates":[39.6345,-0.46507]}},{"type":"Feature","properties":{"event":"May 2024 (PlanetScope 05-May-2024)"},"geometry":{"type":"Point","coordinates":[39.63437,-0.46514]}},{"type":"Feature","properties":{"event":"May 2024 (PlanetScope 05-May-2024)"},"geometry":{"type":"Point","coordinates":[39.63421,-0.46511]}},{"type":"Feature","properties":{"event":"May 2024 (PlanetScope 05-May-2024)"},"geometry":{"type":"Point","coordinates":[39.63416,-0.46505]}},{"type":"Feature","properties":{"event":"May 2024 (PlanetScope 05-May-2024)"},"geometry":{"type":"Point","coordinates":[39.63422,-0.46498]}},{"type":"Feature","properties":{"event":"May 2024 (PlanetScope 05-May-2024)"},"geometry":{"type":"Point","coordinates":[39.63427,-0.46503]}},{"type":"Feature","properties":{"event":"May 2024 (PlanetScope 05-May-2024)"},"geometry":{"type":"Point","coordinates":[39.6343,-0.46491]}},{"type":"Feature","properties":{"event":"May 2024 (PlanetScope 05-May-2024)"},"geometry":{"type":"Point","coordinates":[39.63443,-0.46481]}},{"type":"Feature","properties":{"event":"May 2024 (PlanetScope 05-May-2024)"},"geometry":{"type":"Point","coordinates":[39.63439,-0.46474]}},{"type":"Feature","properties":{"event":"May 2024 (PlanetScope 05-May-2024)"},"geometry":{"type":"Point","coordinates":[39.63433,-0.46483]}},{"type":"Feature","properties":{"event":"May 2024 (PlanetScope 05-May-2024)"},"geometry":{"type":"Point","coordinates":[39.63417,-0.46466]}},{"type":"Feature","properties":{"event":"May 2024 (PlanetScope 05-May-2024)"},"geometry":{"type":"Point","coordinates":[39.63393,-0.46452]}},{"type":"Feature","properties":{"event":"May 2024 (PlanetScope 05-May-2024)"},"geometry":{"type":"Point","coordinates":[39.63402,-0.46443]}},{"type":"Feature","properties":{"event":"May 2024 (PlanetScope 05-May-2024)"},"geometry":{"type":"Point","coordinates":[39.63418,-0.4645]}},{"type":"Feature","properties":{"event":"May 2024 (PlanetScope 05-May-2024)"},"geometry":{"type":"Point","coordinates":[39.63434,-0.4647]}},{"type":"Feature","properties":{"event":"May 2024 (PlanetScope 05-May-2024)"},"geometry":{"type":"Point","coordinates":[39.63418,-0.46596]}},{"type":"Feature","properties":{"event":"May 2024 (PlanetScope 05-May-2024)"},"geometry":{"type":"Point","coordinates":[39.63487,-0.46621]}},{"type":"Feature","properties":{"event":"May 2024 (PlanetScope 05-May-2024)"},"geometry":{"type":"Point","coordinates":[39.63488,-0.46647]}},{"type":"Feature","properties":{"event":"May 2024 (PlanetScope 05-May-2024)"},"geometry":{"type":"Point","coordinates":[39.63496,-0.46635]}},{"type":"Feature","properties":{"event":"May 2024 (PlanetScope 05-May-2024)"},"geometry":{"type":"Point","coordinates":[39.634,-0.46655]}},{"type":"Feature","properties":{"event":"May 2024 (PlanetScope 05-May-2024)"},"geometry":{"type":"Point","coordinates":[39.63416,-0.46649]}},{"type":"Feature","properties":{"event":"May 2024 (PlanetScope 05-May-2024)"},"geometry":{"type":"Point","coordinates":[39.63387,-0.46517]}},{"type":"Feature","properties":{"event":"May 2024 (PlanetScope 05-May-2024)"},"geometry":{"type":"Point","coordinates":[39.63406,-0.46483]}},{"type":"Feature","properties":{"event":"May 2024 (PlanetScope 05-May-2024)"},"geometry":{"type":"Point","coordinates":[39.63406,-0.46502]}},{"type":"Feature","properties":{"event":"May 2024 (PlanetScope 05-May-2024)"},"geometry":{"type":"Point","coordinates":[39.63393,-0.46509]}},{"type":"Feature","properties":{"event":"May 2024 (PlanetScope 05-May-2024)"},"geometry":{"type":"Point","coordinates":[39.63367,-0.46524]}},{"type":"Feature","properties":{"event":"May 2024 (PlanetScope 05-May-2024)"},"geometry":{"type":"Point","coordinates":[39.63367,-0.46506]}},{"type":"Feature","properties":{"event":"May 2024 (PlanetScope 05-May-2024)"},"geometry":{"type":"Point","coordinates":[39.63355,-0.46514]}},{"type":"Feature","properties":{"event":"May 2024 (PlanetScope 05-May-2024)"},"geometry":{"type":"Point","coordinates":[39.63354,-0.46526]}},{"type":"Feature","properties":{"event":"May 2024 (PlanetScope 05-May-2024)"},"geometry":{"type":"Point","coordinates":[39.63346,-0.46524]}},{"type":"Feature","properties":{"event":"May 2024 (PlanetScope 05-May-2024)"},"geometry":{"type":"Point","coordinates":[39.63365,-0.46496]}},{"type":"Feature","properties":{"event":"May 2024 (PlanetScope 05-May-2024)"},"geometry":{"type":"Point","coordinates":[39.63364,-0.46488]}},{"type":"Feature","properties":{"event":"May 2024 (PlanetScope 05-May-2024)"},"geometry":{"type":"Point","coordinates":[39.63376,-0.46493]}},{"type":"Feature","properties":{"event":"May 2024 (PlanetScope 05-May-2024)"},"geometry":{"type":"Point","coordinates":[39.63373,-0.46479]}},{"type":"Feature","properties":{"event":"May 2024 (PlanetScope 05-May-2024)"},"geometry":{"type":"Point","coordinates":[39.63393,-0.4648]}},{"type":"Feature","properties":{"event":"May 2024 (PlanetScope 05-May-2024)"},"geometry":{"type":"Point","coordinates":[39.63391,-0.46488]}},{"type":"Feature","properties":{"event":"May 2024 (PlanetScope 05-May-2024)"},"geometry":{"type":"Point","coordinates":[39.63384,-0.46492]}},{"type":"Feature","properties":{"event":"May 2024 (PlanetScope 05-May-2024)"},"geometry":{"type":"Point","coordinates":[39.63382,-0.46479]}},{"type":"Feature","properties":{"event":"May 2024 (PlanetScope 05-May-2024)"},"geometry":{"type":"Point","coordinates":[39.63376,-0.4646]}},{"type":"Feature","properties":{"event":"May 2024 (PlanetScope 05-May-2024)"},"geometry":{"type":"Point","coordinates":[39.6331,-0.46452]}},{"type":"Feature","properties":{"event":"May 2024 (PlanetScope 05-May-2024)"},"geometry":{"type":"Point","coordinates":[39.63291,-0.46561]}},{"type":"Feature","properties":{"event":"May 2024 (PlanetScope 05-May-2024)"},"geometry":{"type":"Point","coordinates":[39.63312,-0.46569]}},{"type":"Feature","properties":{"event":"May 2024 (PlanetScope 05-May-2024)"},"geometry":{"type":"Point","coordinates":[39.633,-0.46613]}},{"type":"Feature","properties":{"event":"May 2024 (PlanetScope 05-May-2024)"},"geometry":{"type":"Point","coordinates":[39.63284,-0.46608]}},{"type":"Feature","properties":{"event":"May 2024 (PlanetScope 05-May-2024)"},"geometry":{"type":"Point","coordinates":[39.6327,-0.46621]}},{"type":"Feature","properties":{"event":"May 2024 (PlanetScope 05-May-2024)"},"geometry":{"type":"Point","coordinates":[39.63291,-0.46629]}},{"type":"Feature","properties":{"event":"May 2024 (PlanetScope 05-May-2024)"},"geometry":{"type":"Point","coordinates":[39.63302,-0.46648]}},{"type":"Feature","properties":{"event":"May 2024 (PlanetScope 05-May-2024)"},"geometry":{"type":"Point","coordinates":[39.63302,-0.4666]}},{"type":"Feature","properties":{"event":"May 2024 (PlanetScope 05-May-2024)"},"geometry":{"type":"Point","coordinates":[39.63295,-0.46655]}},{"type":"Feature","properties":{"event":"May 2024 (PlanetScope 05-May-2024)"},"geometry":{"type":"Point","coordinates":[39.63318,-0.46639]}},{"type":"Feature","properties":{"event":"May 2024 (PlanetScope 05-May-2024)"},"geometry":{"type":"Point","coordinates":[39.63316,-0.46619]}},{"type":"Feature","properties":{"event":"May 2024 (PlanetScope 05-May-2024)"},"geometry":{"type":"Point","coordinates":[39.63328,-0.46518]}},{"type":"Feature","properties":{"event":"May 2024 (PlanetScope 05-May-2024)"},"geometry":{"type":"Point","coordinates":[39.63331,-0.46538]}},{"type":"Feature","properties":{"event":"May 2024 (PlanetScope 05-May-2024)"},"geometry":{"type":"Point","coordinates":[39.6332,-0.46535]}},{"type":"Feature","properties":{"event":"May 2024 (PlanetScope 05-May-2024)"},"geometry":{"type":"Point","coordinates":[39.6335,-0.4649]}},{"type":"Feature","properties":{"event":"May 2024 (PlanetScope 05-May-2024)"},"geometry":{"type":"Point","coordinates":[39.63339,-0.46488]}},{"type":"Feature","properties":{"event":"May 2024 (PlanetScope 05-May-2024)"},"geometry":{"type":"Point","coordinates":[39.63335,-0.46495]}},{"type":"Feature","properties":{"event":"May 2024 (PlanetScope 05-May-2024)"},"geometry":{"type":"Point","coordinates":[39.6331,-0.46508]}},{"type":"Feature","properties":{"event":"May 2024 (PlanetScope 05-May-2024)"},"geometry":{"type":"Point","coordinates":[39.63314,-0.46502]}},{"type":"Feature","properties":{"event":"May 2024 (PlanetScope 05-May-2024)"},"geometry":{"type":"Point","coordinates":[39.633,-0.46492]}},{"type":"Feature","properties":{"event":"May 2024 (PlanetScope 05-May-2024)"},"geometry":{"type":"Point","coordinates":[39.63317,-0.4648]}},{"type":"Feature","properties":{"event":"May 2024 (PlanetScope 05-May-2024)"},"geometry":{"type":"Point","coordinates":[39.63319,-0.46492]}},{"type":"Feature","properties":{"event":"May 2024 (PlanetScope 05-May-2024)"},"geometry":{"type":"Point","coordinates":[39.63338,-0.46474]}},{"type":"Feature","properties":{"event":"May 2024 (PlanetScope 05-May-2024)"},"geometry":{"type":"Point","coordinates":[39.63328,-0.46468]}},{"type":"Feature","properties":{"event":"May 2024 (PlanetScope 05-May-2024)"},"geometry":{"type":"Point","coordinates":[39.63347,-0.46462]}},{"type":"Feature","properties":{"event":"May 2024 (PlanetScope 05-May-2024)"},"geometry":{"type":"Point","coordinates":[39.63363,-0.46448]}},{"type":"Feature","properties":{"event":"May 2024 (PlanetScope 05-May-2024)"},"geometry":{"type":"Point","coordinates":[39.63342,-0.46438]}},{"type":"Feature","properties":{"event":"May 2024 (PlanetScope 05-May-2024)"},"geometry":{"type":"Point","coordinates":[39.63336,-0.46435]}},{"type":"Feature","properties":{"event":"May 2024 (PlanetScope 05-May-2024)"},"geometry":{"type":"Point","coordinates":[39.63338,-0.46431]}},{"type":"Feature","properties":{"event":"May 2024 (PlanetScope 05-May-2024)"},"geometry":{"type":"Point","coordinates":[39.63229,-0.46546]}},{"type":"Feature","properties":{"event":"May 2024 (PlanetScope 05-May-2024)"},"geometry":{"type":"Point","coordinates":[39.6327,-0.46553]}},{"type":"Feature","properties":{"event":"May 2024 (PlanetScope 05-May-2024)"},"geometry":{"type":"Point","coordinates":[39.6326,-0.46547]}},{"type":"Feature","properties":{"event":"May 2024 (PlanetScope 05-May-2024)"},"geometry":{"type":"Point","coordinates":[39.63265,-0.4654]}},{"type":"Feature","properties":{"event":"May 2024 (PlanetScope 05-May-2024)"},"geometry":{"type":"Point","coordinates":[39.63267,-0.46535]}},{"type":"Feature","properties":{"event":"May 2024 (PlanetScope 05-May-2024)"},"geometry":{"type":"Point","coordinates":[39.63268,-0.46527]}},{"type":"Feature","properties":{"event":"May 2024 (PlanetScope 05-May-2024)"},"geometry":{"type":"Point","coordinates":[39.63279,-0.46525]}},{"type":"Feature","properties":{"event":"May 2024 (PlanetScope 05-May-2024)"},"geometry":{"type":"Point","coordinates":[39.63276,-0.46532]}},{"type":"Feature","properties":{"event":"May 2024 (PlanetScope 05-May-2024)"},"geometry":{"type":"Point","coordinates":[39.63282,-0.46541]}},{"type":"Feature","properties":{"event":"May 2024 (PlanetScope 05-May-2024)"},"geometry":{"type":"Point","coordinates":[39.63291,-0.46543]}},{"type":"Feature","properties":{"event":"May 2024 (PlanetScope 05-May-2024)"},"geometry":{"type":"Point","coordinates":[39.63305,-0.46548]}},{"type":"Feature","properties":{"event":"May 2024 (PlanetScope 05-May-2024)"},"geometry":{"type":"Point","coordinates":[39.633,-0.46537]}},{"type":"Feature","properties":{"event":"May 2024 (PlanetScope 05-May-2024)"},"geometry":{"type":"Point","coordinates":[39.63294,-0.46535]}},{"type":"Feature","properties":{"event":"May 2024 (PlanetScope 05-May-2024)"},"geometry":{"type":"Point","coordinates":[39.63286,-0.46531]}},{"type":"Feature","properties":{"event":"May 2024 (PlanetScope 05-May-2024)"},"geometry":{"type":"Point","coordinates":[39.63304,-0.46523]}},{"type":"Feature","properties":{"event":"May 2024 (PlanetScope 05-May-2024)"},"geometry":{"type":"Point","coordinates":[39.6329,-0.46516]}},{"type":"Feature","properties":{"event":"May 2024 (PlanetScope 05-May-2024)"},"geometry":{"type":"Point","coordinates":[39.63262,-0.46561]}},{"type":"Feature","properties":{"event":"May 2024 (PlanetScope 05-May-2024)"},"geometry":{"type":"Point","coordinates":[39.63289,-0.46571]}},{"type":"Feature","properties":{"event":"May 2024 (PlanetScope 05-May-2024)"},"geometry":{"type":"Point","coordinates":[39.63286,-0.46577]}},{"type":"Feature","properties":{"event":"May 2024 (PlanetScope 05-May-2024)"},"geometry":{"type":"Point","coordinates":[39.63273,-0.4658]}},{"type":"Feature","properties":{"event":"May 2024 (PlanetScope 05-May-2024)"},"geometry":{"type":"Point","coordinates":[39.63304,-0.46604]}},{"type":"Feature","properties":{"event":"May 2024 (PlanetScope 05-May-2024)"},"geometry":{"type":"Point","coordinates":[39.63306,-0.46593]}},{"type":"Feature","properties":{"event":"May 2024 (PlanetScope 05-May-2024)"},"geometry":{"type":"Point","coordinates":[39.63284,-0.46593]}},{"type":"Feature","properties":{"event":"May 2024 (PlanetScope 05-May-2024)"},"geometry":{"type":"Point","coordinates":[39.63296,-0.46623]}},{"type":"Feature","properties":{"event":"May 2024 (PlanetScope 05-May-2024)"},"geometry":{"type":"Point","coordinates":[39.63248,-0.46598]}},{"type":"Feature","properties":{"event":"May 2024 (PlanetScope 05-May-2024)"},"geometry":{"type":"Point","coordinates":[39.63248,-0.4661]}},{"type":"Feature","properties":{"event":"May 2024 (PlanetScope 05-May-2024)"},"geometry":{"type":"Point","coordinates":[39.63159,-0.46454]}},{"type":"Feature","properties":{"event":"May 2024 (PlanetScope 05-May-2024)"},"geometry":{"type":"Point","coordinates":[39.63175,-0.46582]}},{"type":"Feature","properties":{"event":"May 2024 (PlanetScope 05-May-2024)"},"geometry":{"type":"Point","coordinates":[39.63168,-0.4658]}},{"type":"Feature","properties":{"event":"May 2024 (PlanetScope 05-May-2024)"},"geometry":{"type":"Point","coordinates":[39.63192,-0.46561]}},{"type":"Feature","properties":{"event":"May 2024 (PlanetScope 05-May-2024)"},"geometry":{"type":"Point","coordinates":[39.63181,-0.46565]}},{"type":"Feature","properties":{"event":"May 2024 (PlanetScope 05-May-2024)"},"geometry":{"type":"Point","coordinates":[39.63203,-0.4655]}},{"type":"Feature","properties":{"event":"May 2024 (PlanetScope 05-May-2024)"},"geometry":{"type":"Point","coordinates":[39.63208,-0.46556]}},{"type":"Feature","properties":{"event":"May 2024 (PlanetScope 05-May-2024)"},"geometry":{"type":"Point","coordinates":[39.63212,-0.46562]}},{"type":"Feature","properties":{"event":"May 2024 (PlanetScope 05-May-2024)"},"geometry":{"type":"Point","coordinates":[39.63201,-0.46576]}},{"type":"Feature","properties":{"event":"May 2024 (PlanetScope 05-May-2024)"},"geometry":{"type":"Point","coordinates":[39.63212,-0.46577]}},{"type":"Feature","properties":{"event":"May 2024 (PlanetScope 05-May-2024)"},"geometry":{"type":"Point","coordinates":[39.63218,-0.4658]}},{"type":"Feature","properties":{"event":"May 2024 (PlanetScope 05-May-2024)"},"geometry":{"type":"Point","coordinates":[39.63226,-0.46567]}},{"type":"Feature","properties":{"event":"May 2024 (PlanetScope 05-May-2024)"},"geometry":{"type":"Point","coordinates":[39.63236,-0.46578]}},{"type":"Feature","properties":{"event":"May 2024 (PlanetScope 05-May-2024)"},"geometry":{"type":"Point","coordinates":[39.63217,-0.46592]}},{"type":"Feature","properties":{"event":"May 2024 (PlanetScope 05-May-2024)"},"geometry":{"type":"Point","coordinates":[39.63203,-0.46598]}},{"type":"Feature","properties":{"event":"May 2024 (PlanetScope 05-May-2024)"},"geometry":{"type":"Point","coordinates":[39.63178,-0.46601]}},{"type":"Feature","properties":{"event":"May 2024 (PlanetScope 05-May-2024)"},"geometry":{"type":"Point","coordinates":[39.63192,-0.46597]}},{"type":"Feature","properties":{"event":"May 2024 (PlanetScope 05-May-2024)"},"geometry":{"type":"Point","coordinates":[39.63192,-0.46591]}},{"type":"Feature","properties":{"event":"May 2024 (PlanetScope 05-May-2024)"},"geometry":{"type":"Point","coordinates":[39.63183,-0.46592]}},{"type":"Feature","properties":{"event":"May 2024 (PlanetScope 05-May-2024)"},"geometry":{"type":"Point","coordinates":[39.63178,-0.46552]}},{"type":"Feature","properties":{"event":"May 2024 (PlanetScope 05-May-2024)"},"geometry":{"type":"Point","coordinates":[39.63189,-0.46542]}},{"type":"Feature","properties":{"event":"May 2024 (PlanetScope 05-May-2024)"},"geometry":{"type":"Point","coordinates":[39.6319,-0.46534]}},{"type":"Feature","properties":{"event":"May 2024 (PlanetScope 05-May-2024)"},"geometry":{"type":"Point","coordinates":[39.63203,-0.46543]}},{"type":"Feature","properties":{"event":"May 2024 (PlanetScope 05-May-2024)"},"geometry":{"type":"Point","coordinates":[39.63204,-0.46535]}},{"type":"Feature","properties":{"event":"May 2024 (PlanetScope 05-May-2024)"},"geometry":{"type":"Point","coordinates":[39.63195,-0.46528]}},{"type":"Feature","properties":{"event":"May 2024 (PlanetScope 05-May-2024)"},"geometry":{"type":"Point","coordinates":[39.63187,-0.46525]}},{"type":"Feature","properties":{"event":"May 2024 (PlanetScope 05-May-2024)"},"geometry":{"type":"Point","coordinates":[39.63217,-0.46533]}},{"type":"Feature","properties":{"event":"May 2024 (PlanetScope 05-May-2024)"},"geometry":{"type":"Point","coordinates":[39.63246,-0.46527]}},{"type":"Feature","properties":{"event":"May 2024 (PlanetScope 05-May-2024)"},"geometry":{"type":"Point","coordinates":[39.63238,-0.46524]}},{"type":"Feature","properties":{"event":"May 2024 (PlanetScope 05-May-2024)"},"geometry":{"type":"Point","coordinates":[39.6323,-0.46529]}},{"type":"Feature","properties":{"event":"May 2024 (PlanetScope 05-May-2024)"},"geometry":{"type":"Point","coordinates":[39.63268,-0.46456]}},{"type":"Feature","properties":{"event":"May 2024 (PlanetScope 05-May-2024)"},"geometry":{"type":"Point","coordinates":[39.63286,-0.46457]}},{"type":"Feature","properties":{"event":"May 2024 (PlanetScope 05-May-2024)"},"geometry":{"type":"Point","coordinates":[39.63285,-0.46449]}},{"type":"Feature","properties":{"event":"May 2024 (PlanetScope 05-May-2024)"},"geometry":{"type":"Point","coordinates":[39.63269,-0.46449]}},{"type":"Feature","properties":{"event":"May 2024 (PlanetScope 05-May-2024)"},"geometry":{"type":"Point","coordinates":[39.63218,-0.4644]}},{"type":"Feature","properties":{"event":"May 2024 (PlanetScope 05-May-2024)"},"geometry":{"type":"Point","coordinates":[39.63244,-0.46455]}},{"type":"Feature","properties":{"event":"May 2024 (PlanetScope 05-May-2024)"},"geometry":{"type":"Point","coordinates":[39.63234,-0.46457]}},{"type":"Feature","properties":{"event":"May 2024 (PlanetScope 05-May-2024)"},"geometry":{"type":"Point","coordinates":[39.63205,-0.46434]}},{"type":"Feature","properties":{"event":"May 2024 (PlanetScope 05-May-2024)"},"geometry":{"type":"Point","coordinates":[39.63209,-0.46425]}},{"type":"Feature","properties":{"event":"May 2024 (PlanetScope 05-May-2024)"},"geometry":{"type":"Point","coordinates":[39.6317,-0.46449]}},{"type":"Feature","properties":{"event":"May 2024 (PlanetScope 05-May-2024)"},"geometry":{"type":"Point","coordinates":[39.63138,-0.46451]}},{"type":"Feature","properties":{"event":"May 2024 (PlanetScope 05-May-2024)"},"geometry":{"type":"Point","coordinates":[39.63291,-0.46441]}},{"type":"Feature","properties":{"event":"May 2024 (PlanetScope 05-May-2024)"},"geometry":{"type":"Point","coordinates":[39.63288,-0.46412]}},{"type":"Feature","properties":{"event":"May 2024 (PlanetScope 05-May-2024)"},"geometry":{"type":"Point","coordinates":[39.63279,-0.46441]}},{"type":"Feature","properties":{"event":"May 2024 (PlanetScope 05-May-2024)"},"geometry":{"type":"Point","coordinates":[39.63279,-0.46429]}},{"type":"Feature","properties":{"event":"May 2024 (PlanetScope 05-May-2024)"},"geometry":{"type":"Point","coordinates":[39.63269,-0.46433]}},{"type":"Feature","properties":{"event":"May 2024 (PlanetScope 05-May-2024)"},"geometry":{"type":"Point","coordinates":[39.63298,-0.46486]}},{"type":"Feature","properties":{"event":"May 2024 (PlanetScope 05-May-2024)"},"geometry":{"type":"Point","coordinates":[39.63286,-0.46481]}},{"type":"Feature","properties":{"event":"May 2024 (PlanetScope 05-May-2024)"},"geometry":{"type":"Point","coordinates":[39.63278,-0.46506]}},{"type":"Feature","properties":{"event":"May 2024 (PlanetScope 05-May-2024)"},"geometry":{"type":"Point","coordinates":[39.63238,-0.46499]}},{"type":"Feature","properties":{"event":"May 2024 (PlanetScope 05-May-2024)"},"geometry":{"type":"Point","coordinates":[39.63243,-0.46492]}},{"type":"Feature","properties":{"event":"May 2024 (PlanetScope 05-May-2024)"},"geometry":{"type":"Point","coordinates":[39.63212,-0.46493]}},{"type":"Feature","properties":{"event":"May 2024 (PlanetScope 05-May-2024)"},"geometry":{"type":"Point","coordinates":[39.63208,-0.46475]}},{"type":"Feature","properties":{"event":"May 2024 (PlanetScope 05-May-2024)"},"geometry":{"type":"Point","coordinates":[39.63188,-0.46475]}},{"type":"Feature","properties":{"event":"May 2024 (PlanetScope 05-May-2024)"},"geometry":{"type":"Point","coordinates":[39.6317,-0.46474]}},{"type":"Feature","properties":{"event":"May 2024 (PlanetScope 05-May-2024)"},"geometry":{"type":"Point","coordinates":[39.63195,-0.46458]}},{"type":"Feature","properties":{"event":"May 2024 (PlanetScope 05-May-2024)"},"geometry":{"type":"Point","coordinates":[39.63134,-0.46435]}},{"type":"Feature","properties":{"event":"May 2024 (PlanetScope 05-May-2024)"},"geometry":{"type":"Point","coordinates":[39.63187,-0.46427]}},{"type":"Feature","properties":{"event":"May 2024 (PlanetScope 05-May-2024)"},"geometry":{"type":"Point","coordinates":[39.63179,-0.46423]}},{"type":"Feature","properties":{"event":"May 2024 (PlanetScope 05-May-2024)"},"geometry":{"type":"Point","coordinates":[39.63179,-0.46417]}},{"type":"Feature","properties":{"event":"May 2024 (PlanetScope 05-May-2024)"},"geometry":{"type":"Point","coordinates":[39.63198,-0.46405]}},{"type":"Feature","properties":{"event":"May 2024 (PlanetScope 05-May-2024)"},"geometry":{"type":"Point","coordinates":[39.63189,-0.46399]}},{"type":"Feature","properties":{"event":"May 2024 (PlanetScope 05-May-2024)"},"geometry":{"type":"Point","coordinates":[39.6322,-0.46415]}},{"type":"Feature","properties":{"event":"May 2024 (PlanetScope 05-May-2024)"},"geometry":{"type":"Point","coordinates":[39.63229,-0.46425]}},{"type":"Feature","properties":{"event":"May 2024 (PlanetScope 05-May-2024)"},"geometry":{"type":"Point","coordinates":[39.63235,-0.4642]}},{"type":"Feature","properties":{"event":"May 2024 (PlanetScope 05-May-2024)"},"geometry":{"type":"Point","coordinates":[39.63239,-0.46442]}},{"type":"Feature","properties":{"event":"May 2024 (PlanetScope 05-May-2024)"},"geometry":{"type":"Point","coordinates":[39.63232,-0.46434]}},{"type":"Feature","properties":{"event":"May 2024 (PlanetScope 05-May-2024)"},"geometry":{"type":"Point","coordinates":[39.63245,-0.46435]}},{"type":"Feature","properties":{"event":"May 2024 (PlanetScope 05-May-2024)"},"geometry":{"type":"Point","coordinates":[39.63239,-0.46426]}},{"type":"Feature","properties":{"event":"May 2024 (PlanetScope 05-May-2024)"},"geometry":{"type":"Point","coordinates":[39.6337,-0.46433]}},{"type":"Feature","properties":{"event":"May 2024 (PlanetScope 05-May-2024)"},"geometry":{"type":"Point","coordinates":[39.63372,-0.46419]}},{"type":"Feature","properties":{"event":"May 2024 (PlanetScope 05-May-2024)"},"geometry":{"type":"Point","coordinates":[39.63355,-0.46429]}},{"type":"Feature","properties":{"event":"May 2024 (PlanetScope 05-May-2024)"},"geometry":{"type":"Point","coordinates":[39.63344,-0.46419]}},{"type":"Feature","properties":{"event":"May 2024 (PlanetScope 05-May-2024)"},"geometry":{"type":"Point","coordinates":[39.6335,-0.46415]}},{"type":"Feature","properties":{"event":"May 2024 (PlanetScope 05-May-2024)"},"geometry":{"type":"Point","coordinates":[39.63347,-0.46427]}},{"type":"Feature","properties":{"event":"May 2024 (PlanetScope 05-May-2024)"},"geometry":{"type":"Point","coordinates":[39.63339,-0.46425]}},{"type":"Feature","properties":{"event":"May 2024 (PlanetScope 05-May-2024)"},"geometry":{"type":"Point","coordinates":[39.63329,-0.46414]}},{"type":"Feature","properties":{"event":"May 2024 (PlanetScope 05-May-2024)"},"geometry":{"type":"Point","coordinates":[39.63376,-0.46444]}},{"type":"Feature","properties":{"event":"May 2024 (PlanetScope 05-May-2024)"},"geometry":{"type":"Point","coordinates":[39.63392,-0.46433]}},{"type":"Feature","properties":{"event":"May 2024 (PlanetScope 05-May-2024)"},"geometry":{"type":"Point","coordinates":[39.63414,-0.46443]}},{"type":"Feature","properties":{"event":"May 2024 (PlanetScope 05-May-2024)"},"geometry":{"type":"Point","coordinates":[39.63419,-0.46434]}},{"type":"Feature","properties":{"event":"May 2024 (PlanetScope 05-May-2024)"},"geometry":{"type":"Point","coordinates":[39.63424,-0.46421]}},{"type":"Feature","properties":{"event":"May 2024 (PlanetScope 05-May-2024)"},"geometry":{"type":"Point","coordinates":[39.63399,-0.46409]}},{"type":"Feature","properties":{"event":"May 2024 (PlanetScope 05-May-2024)"},"geometry":{"type":"Point","coordinates":[39.63256,-0.46424]}},{"type":"Feature","properties":{"event":"May 2024 (PlanetScope 05-May-2024)"},"geometry":{"type":"Point","coordinates":[39.63251,-0.46412]}},{"type":"Feature","properties":{"event":"May 2024 (PlanetScope 05-May-2024)"},"geometry":{"type":"Point","coordinates":[39.63246,-0.4641]}},{"type":"Feature","properties":{"event":"May 2024 (PlanetScope 05-May-2024)"},"geometry":{"type":"Point","coordinates":[39.63306,-0.46416]}},{"type":"Feature","properties":{"event":"May 2024 (PlanetScope 05-May-2024)"},"geometry":{"type":"Point","coordinates":[39.63307,-0.46391]}},{"type":"Feature","properties":{"event":"May 2024 (PlanetScope 05-May-2024)"},"geometry":{"type":"Point","coordinates":[39.6332,-0.46402]}},{"type":"Feature","properties":{"event":"May 2024 (PlanetScope 05-May-2024)"},"geometry":{"type":"Point","coordinates":[39.63354,-0.46404]}},{"type":"Feature","properties":{"event":"May 2024 (PlanetScope 05-May-2024)"},"geometry":{"type":"Point","coordinates":[39.63375,-0.46394]}},{"type":"Feature","properties":{"event":"May 2024 (PlanetScope 05-May-2024)"},"geometry":{"type":"Point","coordinates":[39.63357,-0.46387]}},{"type":"Feature","properties":{"event":"May 2024 (PlanetScope 05-May-2024)"},"geometry":{"type":"Point","coordinates":[39.63346,-0.46398]}},{"type":"Feature","properties":{"event":"May 2024 (PlanetScope 05-May-2024)"},"geometry":{"type":"Point","coordinates":[39.63339,-0.46401]}},{"type":"Feature","properties":{"event":"May 2024 (PlanetScope 05-May-2024)"},"geometry":{"type":"Point","coordinates":[39.63339,-0.46386]}},{"type":"Feature","properties":{"event":"May 2024 (PlanetScope 05-May-2024)"},"geometry":{"type":"Point","coordinates":[39.63345,-0.46384]}},{"type":"Feature","properties":{"event":"May 2024 (PlanetScope 05-May-2024)"},"geometry":{"type":"Point","coordinates":[39.63456,-0.46598]}},{"type":"Feature","properties":{"event":"May 2024 (PlanetScope 05-May-2024)"},"geometry":{"type":"Point","coordinates":[39.63464,-0.46591]}},{"type":"Feature","properties":{"event":"May 2024 (PlanetScope 05-May-2024)"},"geometry":{"type":"Point","coordinates":[39.6346,-0.46587]}},{"type":"Feature","properties":{"event":"May 2024 (PlanetScope 05-May-2024)"},"geometry":{"type":"Point","coordinates":[39.63458,-0.46581]}},{"type":"Feature","properties":{"event":"May 2024 (PlanetScope 05-May-2024)"},"geometry":{"type":"Point","coordinates":[39.63457,-0.46614]}},{"type":"Feature","properties":{"event":"May 2024 (PlanetScope 05-May-2024)"},"geometry":{"type":"Point","coordinates":[39.63448,-0.46605]}},{"type":"Feature","properties":{"event":"May 2024 (PlanetScope 05-May-2024)"},"geometry":{"type":"Point","coordinates":[39.63442,-0.46606]}},{"type":"Feature","properties":{"event":"May 2024 (PlanetScope 05-May-2024)"},"geometry":{"type":"Point","coordinates":[39.63446,-0.46619]}},{"type":"Feature","properties":{"event":"May 2024 (PlanetScope 05-May-2024)"},"geometry":{"type":"Point","coordinates":[39.63454,-0.46651]}},{"type":"Feature","properties":{"event":"May 2024 (PlanetScope 05-May-2024)"},"geometry":{"type":"Point","coordinates":[39.63424,-0.4664]}},{"type":"Feature","properties":{"event":"May 2024 (PlanetScope 05-May-2024)"},"geometry":{"type":"Point","coordinates":[39.63418,-0.46613]}},{"type":"Feature","properties":{"event":"May 2024 (PlanetScope 05-May-2024)"},"geometry":{"type":"Point","coordinates":[39.63402,-0.46617]}},{"type":"Feature","properties":{"event":"May 2024 (PlanetScope 05-May-2024)"},"geometry":{"type":"Point","coordinates":[39.63397,-0.46633]}},{"type":"Feature","properties":{"event":"May 2024 (PlanetScope 05-May-2024)"},"geometry":{"type":"Point","coordinates":[39.6343,-0.46683]}},{"type":"Feature","properties":{"event":"May 2024 (PlanetScope 05-May-2024)"},"geometry":{"type":"Point","coordinates":[39.63426,-0.46687]}},{"type":"Feature","properties":{"event":"May 2024 (PlanetScope 05-May-2024)"},"geometry":{"type":"Point","coordinates":[39.63421,-0.46694]}},{"type":"Feature","properties":{"event":"May 2024 (PlanetScope 05-May-2024)"},"geometry":{"type":"Point","coordinates":[39.63072,-0.41737]}},{"type":"Feature","properties":{"event":"May 2024 (PlanetScope 05-May-2024)"},"geometry":{"type":"Point","coordinates":[39.63355,-0.43969]}},{"type":"Feature","properties":{"event":"May 2024 (PlanetScope 05-May-2024)"},"geometry":{"type":"Point","coordinates":[39.63365,-0.43967]}},{"type":"Feature","properties":{"event":"May 2024 (PlanetScope 05-May-2024)"},"geometry":{"type":"Point","coordinates":[39.63383,-0.43959]}},{"type":"Feature","properties":{"event":"May 2024 (PlanetScope 05-May-2024)"},"geometry":{"type":"Point","coordinates":[39.63361,-0.43951]}},{"type":"Feature","properties":{"event":"May 2024 (PlanetScope 05-May-2024)"},"geometry":{"type":"Point","coordinates":[39.63387,-0.43984]}},{"type":"Feature","properties":{"event":"May 2024 (PlanetScope 05-May-2024)"},"geometry":{"type":"Point","coordinates":[39.63395,-0.43977]}},{"type":"Feature","properties":{"event":"May 2024 (PlanetScope 05-May-2024)"},"geometry":{"type":"Point","coordinates":[39.63392,-0.43997]}},{"type":"Feature","properties":{"event":"May 2024 (PlanetScope 05-May-2024)"},"geometry":{"type":"Point","coordinates":[39.63365,-0.43987]}},{"type":"Feature","properties":{"event":"May 2024 (PlanetScope 05-May-2024)"},"geometry":{"type":"Point","coordinates":[39.63377,-0.44033]}},{"type":"Feature","properties":{"event":"May 2024 (PlanetScope 05-May-2024)"},"geometry":{"type":"Point","coordinates":[39.63337,-0.44041]}},{"type":"Feature","properties":{"event":"May 2024 (PlanetScope 05-May-2024)"},"geometry":{"type":"Point","coordinates":[39.63342,-0.44029]}},{"type":"Feature","properties":{"event":"May 2024 (PlanetScope 05-May-2024)"},"geometry":{"type":"Point","coordinates":[39.63397,-0.44018]}},{"type":"Feature","properties":{"event":"May 2024 (PlanetScope 05-May-2024)"},"geometry":{"type":"Point","coordinates":[39.63427,-0.44026]}},{"type":"Feature","properties":{"event":"May 2024 (PlanetScope 05-May-2024)"},"geometry":{"type":"Point","coordinates":[39.63436,-0.43999]}},{"type":"Feature","properties":{"event":"May 2024 (PlanetScope 05-May-2024)"},"geometry":{"type":"Point","coordinates":[39.63473,-0.4398]}},{"type":"Feature","properties":{"event":"May 2024 (PlanetScope 05-May-2024)"},"geometry":{"type":"Point","coordinates":[39.6349,-0.43975]}},{"type":"Feature","properties":{"event":"May 2024 (PlanetScope 05-May-2024)"},"geometry":{"type":"Point","coordinates":[39.63483,-0.43959]}},{"type":"Feature","properties":{"event":"May 2024 (PlanetScope 05-May-2024)"},"geometry":{"type":"Point","coordinates":[39.63376,-0.44048]}},{"type":"Feature","properties":{"event":"May 2024 (PlanetScope 05-May-2024)"},"geometry":{"type":"Point","coordinates":[39.63366,-0.44067]}},{"type":"Feature","properties":{"event":"May 2024 (PlanetScope 05-May-2024)"},"geometry":{"type":"Point","coordinates":[39.63381,-0.44087]}},{"type":"Feature","properties":{"event":"May 2024 (PlanetScope 05-May-2024)"},"geometry":{"type":"Point","coordinates":[39.6348,-0.44033]}},{"type":"Feature","properties":{"event":"May 2024 (PlanetScope 05-May-2024)"},"geometry":{"type":"Point","coordinates":[39.63446,-0.44082]}},{"type":"Feature","properties":{"event":"May 2024 (PlanetScope 05-May-2024)"},"geometry":{"type":"Point","coordinates":[39.6343,-0.44106]}},{"type":"Feature","properties":{"event":"May 2024 (PlanetScope 05-May-2024)"},"geometry":{"type":"Point","coordinates":[39.63446,-0.44103]}},{"type":"Feature","properties":{"event":"May 2024 (PlanetScope 05-May-2024)"},"geometry":{"type":"Point","coordinates":[39.63449,-0.44121]}},{"type":"Feature","properties":{"event":"May 2024 (PlanetScope 05-May-2024)"},"geometry":{"type":"Point","coordinates":[39.63475,-0.44094]}},{"type":"Feature","properties":{"event":"May 2024 (PlanetScope 05-May-2024)"},"geometry":{"type":"Point","coordinates":[39.6349,-0.44094]}},{"type":"Feature","properties":{"event":"May 2024 (PlanetScope 05-May-2024)"},"geometry":{"type":"Point","coordinates":[39.63503,-0.44092]}},{"type":"Feature","properties":{"event":"May 2024 (PlanetScope 05-May-2024)"},"geometry":{"type":"Point","coordinates":[39.63506,-0.44115]}},{"type":"Feature","properties":{"event":"May 2024 (PlanetScope 05-May-2024)"},"geometry":{"type":"Point","coordinates":[39.63508,-0.44144]}},{"type":"Feature","properties":{"event":"May 2024 (PlanetScope 05-May-2024)"},"geometry":{"type":"Point","coordinates":[39.63496,-0.44146]}},{"type":"Feature","properties":{"event":"May 2024 (PlanetScope 05-May-2024)"},"geometry":{"type":"Point","coordinates":[39.63476,-0.44184]}},{"type":"Feature","properties":{"event":"May 2024 (PlanetScope 05-May-2024)"},"geometry":{"type":"Point","coordinates":[39.63492,-0.44184]}},{"type":"Feature","properties":{"event":"May 2024 (PlanetScope 05-May-2024)"},"geometry":{"type":"Point","coordinates":[39.63498,-0.44169]}},{"type":"Feature","properties":{"event":"May 2024 (PlanetScope 05-May-2024)"},"geometry":{"type":"Point","coordinates":[39.63508,-0.44182]}},{"type":"Feature","properties":{"event":"May 2024 (PlanetScope 05-May-2024)"},"geometry":{"type":"Point","coordinates":[39.6351,-0.44196]}},{"type":"Feature","properties":{"event":"May 2024 (PlanetScope 05-May-2024)"},"geometry":{"type":"Point","coordinates":[39.63495,-0.44216]}},{"type":"Feature","properties":{"event":"May 2024 (PlanetScope 05-May-2024)"},"geometry":{"type":"Point","coordinates":[39.63457,-0.44224]}},{"type":"Feature","properties":{"event":"May 2024 (PlanetScope 05-May-2024)"},"geometry":{"type":"Point","coordinates":[39.63394,-0.44189]}},{"type":"Feature","properties":{"event":"May 2024 (PlanetScope 05-May-2024)"},"geometry":{"type":"Point","coordinates":[39.63409,-0.44232]}},{"type":"Feature","properties":{"event":"May 2024 (PlanetScope 05-May-2024)"},"geometry":{"type":"Point","coordinates":[39.63429,-0.44229]}},{"type":"Feature","properties":{"event":"May 2024 (PlanetScope 05-May-2024)"},"geometry":{"type":"Point","coordinates":[39.63534,-0.44113]}},{"type":"Feature","properties":{"event":"May 2024 (PlanetScope 05-May-2024)"},"geometry":{"type":"Point","coordinates":[39.63552,-0.44171]}},{"type":"Feature","properties":{"event":"May 2024 (PlanetScope 05-May-2024)"},"geometry":{"type":"Point","coordinates":[39.63528,-0.44161]}},{"type":"Feature","properties":{"event":"May 2024 (PlanetScope 05-May-2024)"},"geometry":{"type":"Point","coordinates":[39.63528,-0.44242]}},{"type":"Feature","properties":{"event":"May 2024 (PlanetScope 05-May-2024)"},"geometry":{"type":"Point","coordinates":[39.63537,-0.44228]}},{"type":"Feature","properties":{"event":"May 2024 (PlanetScope 05-May-2024)"},"geometry":{"type":"Point","coordinates":[39.63555,-0.44242]}},{"type":"Feature","properties":{"event":"May 2024 (PlanetScope 05-May-2024)"},"geometry":{"type":"Point","coordinates":[39.63564,-0.4423]}},{"type":"Feature","properties":{"event":"May 2024 (PlanetScope 05-May-2024)"},"geometry":{"type":"Point","coordinates":[39.63569,-0.44215]}},{"type":"Feature","properties":{"event":"May 2024 (PlanetScope 05-May-2024)"},"geometry":{"type":"Point","coordinates":[39.63586,-0.44235]}},{"type":"Feature","properties":{"event":"May 2024 (PlanetScope 05-May-2024)"},"geometry":{"type":"Point","coordinates":[39.6358,-0.44223]}},{"type":"Feature","properties":{"event":"May 2024 (PlanetScope 05-May-2024)"},"geometry":{"type":"Point","coordinates":[39.63594,-0.44219]}},{"type":"Feature","properties":{"event":"May 2024 (PlanetScope 05-May-2024)"},"geometry":{"type":"Point","coordinates":[39.63609,-0.44271]}},{"type":"Feature","properties":{"event":"May 2024 (PlanetScope 05-May-2024)"},"geometry":{"type":"Point","coordinates":[39.63574,-0.44306]}},{"type":"Feature","properties":{"event":"May 2024 (PlanetScope 05-May-2024)"},"geometry":{"type":"Point","coordinates":[39.6354,-0.44301]}},{"type":"Feature","properties":{"event":"May 2024 (PlanetScope 05-May-2024)"},"geometry":{"type":"Point","coordinates":[39.6355,-0.44285]}},{"type":"Feature","properties":{"event":"May 2024 (PlanetScope 05-May-2024)"},"geometry":{"type":"Point","coordinates":[39.63517,-0.44309]}},{"type":"Feature","properties":{"event":"May 2024 (PlanetScope 05-May-2024)"},"geometry":{"type":"Point","coordinates":[39.63511,-0.44329]}},{"type":"Feature","properties":{"event":"May 2024 (PlanetScope 05-May-2024)"},"geometry":{"type":"Point","coordinates":[39.63501,-0.44297]}},{"type":"Feature","properties":{"event":"May 2024 (PlanetScope 05-May-2024)"},"geometry":{"type":"Point","coordinates":[39.63491,-0.44311]}},{"type":"Feature","properties":{"event":"May 2024 (PlanetScope 05-May-2024)"},"geometry":{"type":"Point","coordinates":[39.6349,-0.4433]}},{"type":"Feature","properties":{"event":"May 2024 (PlanetScope 05-May-2024)"},"geometry":{"type":"Point","coordinates":[39.63443,-0.44303]}},{"type":"Feature","properties":{"event":"May 2024 (PlanetScope 05-May-2024)"},"geometry":{"type":"Point","coordinates":[39.63423,-0.44319]}},{"type":"Feature","properties":{"event":"May 2024 (PlanetScope 05-May-2024)"},"geometry":{"type":"Point","coordinates":[39.63394,-0.44293]}},{"type":"Feature","properties":{"event":"May 2024 (PlanetScope 05-May-2024)"},"geometry":{"type":"Point","coordinates":[39.63401,-0.44283]}},{"type":"Feature","properties":{"event":"May 2024 (PlanetScope 05-May-2024)"},"geometry":{"type":"Point","coordinates":[39.63385,-0.44264]}},{"type":"Feature","properties":{"event":"May 2024 (PlanetScope 05-May-2024)"},"geometry":{"type":"Point","coordinates":[39.63414,-0.44263]}},{"type":"Feature","properties":{"event":"May 2024 (PlanetScope 05-May-2024)"},"geometry":{"type":"Point","coordinates":[39.63401,-0.44253]}},{"type":"Feature","properties":{"event":"May 2024 (PlanetScope 05-May-2024)"},"geometry":{"type":"Point","coordinates":[39.63406,-0.44222]}},{"type":"Feature","properties":{"event":"May 2024 (PlanetScope 05-May-2024)"},"geometry":{"type":"Point","coordinates":[39.63406,-0.44197]}},{"type":"Feature","properties":{"event":"May 2024 (PlanetScope 05-May-2024)"},"geometry":{"type":"Point","coordinates":[39.63364,-0.44365]}},{"type":"Feature","properties":{"event":"May 2024 (PlanetScope 05-May-2024)"},"geometry":{"type":"Point","coordinates":[39.6358,-0.44367]}},{"type":"Feature","properties":{"event":"May 2024 (PlanetScope 05-May-2024)"},"geometry":{"type":"Point","coordinates":[39.63515,-0.44439]}},{"type":"Feature","properties":{"event":"May 2024 (PlanetScope 05-May-2024)"},"geometry":{"type":"Point","coordinates":[39.63526,-0.44429]}},{"type":"Feature","properties":{"event":"May 2024 (PlanetScope 05-May-2024)"},"geometry":{"type":"Point","coordinates":[39.63511,-0.44425]}},{"type":"Feature","properties":{"event":"May 2024 (PlanetScope 05-May-2024)"},"geometry":{"type":"Point","coordinates":[39.63429,-0.44478]}},{"type":"Feature","properties":{"event":"May 2024 (PlanetScope 05-May-2024)"},"geometry":{"type":"Point","coordinates":[39.63421,-0.44465]}},{"type":"Feature","properties":{"event":"May 2024 (PlanetScope 05-May-2024)"},"geometry":{"type":"Point","coordinates":[39.6356,-0.44505]}},{"type":"Feature","properties":{"event":"May 2024 (PlanetScope 05-May-2024)"},"geometry":{"type":"Point","coordinates":[39.63657,-0.44392]}},{"type":"Feature","properties":{"event":"May 2024 (PlanetScope 05-May-2024)"},"geometry":{"type":"Point","coordinates":[39.63666,-0.44403]}},{"type":"Feature","properties":{"event":"May 2024 (PlanetScope 05-May-2024)"},"geometry":{"type":"Point","coordinates":[39.63602,-0.44401]}},{"type":"Feature","properties":{"event":"May 2024 (PlanetScope 05-May-2024)"},"geometry":{"type":"Point","coordinates":[39.63597,-0.4439]}},{"type":"Feature","properties":{"event":"May 2024 (PlanetScope 05-May-2024)"},"geometry":{"type":"Point","coordinates":[39.63451,-0.44735]}},{"type":"Feature","properties":{"event":"May 2024 (PlanetScope 05-May-2024)"},"geometry":{"type":"Point","coordinates":[39.63461,-0.44718]}},{"type":"Feature","properties":{"event":"May 2024 (PlanetScope 05-May-2024)"},"geometry":{"type":"Point","coordinates":[39.63391,-0.44788]}},{"type":"Feature","properties":{"event":"May 2024 (PlanetScope 05-May-2024)"},"geometry":{"type":"Point","coordinates":[39.63431,-0.448]}},{"type":"Feature","properties":{"event":"May 2024 (PlanetScope 05-May-2024)"},"geometry":{"type":"Point","coordinates":[39.63492,-0.4473]}},{"type":"Feature","properties":{"event":"May 2024 (PlanetScope 05-May-2024)"},"geometry":{"type":"Point","coordinates":[39.63429,-0.44831]}},{"type":"Feature","properties":{"event":"May 2024 (PlanetScope 05-May-2024)"},"geometry":{"type":"Point","coordinates":[39.63431,-0.44854]}},{"type":"Feature","properties":{"event":"May 2024 (PlanetScope 05-May-2024)"},"geometry":{"type":"Point","coordinates":[39.63474,-0.44846]}},{"type":"Feature","properties":{"event":"May 2024 (PlanetScope 05-May-2024)"},"geometry":{"type":"Point","coordinates":[39.63515,-0.44801]}},{"type":"Feature","properties":{"event":"May 2024 (PlanetScope 05-May-2024)"},"geometry":{"type":"Point","coordinates":[39.63639,-0.44679]}},{"type":"Feature","properties":{"event":"May 2024 (PlanetScope 05-May-2024)"},"geometry":{"type":"Point","coordinates":[39.63631,-0.44656]}},{"type":"Feature","properties":{"event":"May 2024 (PlanetScope 05-May-2024)"},"geometry":{"type":"Point","coordinates":[39.63428,-0.44883]}},{"type":"Feature","properties":{"event":"May 2024 (PlanetScope 05-May-2024)"},"geometry":{"type":"Point","coordinates":[39.6343,-0.44898]}},{"type":"Feature","properties":{"event":"May 2024 (PlanetScope 05-May-2024)"},"geometry":{"type":"Point","coordinates":[39.63426,-0.44905]}},{"type":"Feature","properties":{"event":"May 2024 (PlanetScope 05-May-2024)"},"geometry":{"type":"Point","coordinates":[39.63435,-0.44916]}},{"type":"Feature","properties":{"event":"May 2024 (PlanetScope 05-May-2024)"},"geometry":{"type":"Point","coordinates":[39.63427,-0.4493]}},{"type":"Feature","properties":{"event":"May 2024 (PlanetScope 05-May-2024)"},"geometry":{"type":"Point","coordinates":[39.63408,-0.44938]}},{"type":"Feature","properties":{"event":"May 2024 (PlanetScope 05-May-2024)"},"geometry":{"type":"Point","coordinates":[39.63411,-0.44952]}},{"type":"Feature","properties":{"event":"May 2024 (PlanetScope 05-May-2024)"},"geometry":{"type":"Point","coordinates":[39.63412,-0.44984]}},{"type":"Feature","properties":{"event":"May 2024 (PlanetScope 05-May-2024)"},"geometry":{"type":"Point","coordinates":[39.63425,-0.44988]}},{"type":"Feature","properties":{"event":"May 2024 (PlanetScope 05-May-2024)"},"geometry":{"type":"Point","coordinates":[39.63459,-0.44897]}},{"type":"Feature","properties":{"event":"May 2024 (PlanetScope 05-May-2024)"},"geometry":{"type":"Point","coordinates":[39.63464,-0.44878]}},{"type":"Feature","properties":{"event":"May 2024 (PlanetScope 05-May-2024)"},"geometry":{"type":"Point","coordinates":[39.63418,-0.4497]}},{"type":"Feature","properties":{"event":"May 2024 (PlanetScope 05-May-2024)"},"geometry":{"type":"Point","coordinates":[39.63463,-0.4495]}},{"type":"Feature","properties":{"event":"May 2024 (PlanetScope 05-May-2024)"},"geometry":{"type":"Point","coordinates":[39.63461,-0.44986]}},{"type":"Feature","properties":{"event":"May 2024 (PlanetScope 05-May-2024)"},"geometry":{"type":"Point","coordinates":[39.63462,-0.44996]}},{"type":"Feature","properties":{"event":"May 2024 (PlanetScope 05-May-2024)"},"geometry":{"type":"Point","coordinates":[39.63502,-0.4498]}},{"type":"Feature","properties":{"event":"May 2024 (PlanetScope 05-May-2024)"},"geometry":{"type":"Point","coordinates":[39.63503,-0.44994]}},{"type":"Feature","properties":{"event":"May 2024 (PlanetScope 05-May-2024)"},"geometry":{"type":"Point","coordinates":[39.63493,-0.44967]}},{"type":"Feature","properties":{"event":"May 2024 (PlanetScope 05-May-2024)"},"geometry":{"type":"Point","coordinates":[39.63496,-0.44953]}},{"type":"Feature","properties":{"event":"May 2024 (PlanetScope 05-May-2024)"},"geometry":{"type":"Point","coordinates":[39.63509,-0.44931]}},{"type":"Feature","properties":{"event":"May 2024 (PlanetScope 05-May-2024)"},"geometry":{"type":"Point","coordinates":[39.63535,-0.44904]}},{"type":"Feature","properties":{"event":"May 2024 (PlanetScope 05-May-2024)"},"geometry":{"type":"Point","coordinates":[39.63571,-0.44919]}},{"type":"Feature","properties":{"event":"May 2024 (PlanetScope 05-May-2024)"},"geometry":{"type":"Point","coordinates":[39.63682,-0.44896]}},{"type":"Feature","properties":{"event":"May 2024 (PlanetScope 05-May-2024)"},"geometry":{"type":"Point","coordinates":[39.63637,-0.4487]}},{"type":"Feature","properties":{"event":"May 2024 (PlanetScope 05-May-2024)"},"geometry":{"type":"Point","coordinates":[39.6348,-0.45053]}},{"type":"Feature","properties":{"event":"May 2024 (PlanetScope 05-May-2024)"},"geometry":{"type":"Point","coordinates":[39.63486,-0.45037]}},{"type":"Feature","properties":{"event":"May 2024 (PlanetScope 05-May-2024)"},"geometry":{"type":"Point","coordinates":[39.63432,-0.45049]}},{"type":"Feature","properties":{"event":"May 2024 (PlanetScope 05-May-2024)"},"geometry":{"type":"Point","coordinates":[39.63493,-0.45096]}},{"type":"Feature","properties":{"event":"May 2024 (PlanetScope 05-May-2024)"},"geometry":{"type":"Point","coordinates":[39.63504,-0.45084]}},{"type":"Feature","properties":{"event":"May 2024 (PlanetScope 05-May-2024)"},"geometry":{"type":"Point","coordinates":[39.63494,-0.45109]}},{"type":"Feature","properties":{"event":"May 2024 (PlanetScope 05-May-2024)"},"geometry":{"type":"Point","coordinates":[39.63486,-0.45115]}},{"type":"Feature","properties":{"event":"May 2024 (PlanetScope 05-May-2024)"},"geometry":{"type":"Point","coordinates":[39.63487,-0.45124]}},{"type":"Feature","properties":{"event":"May 2024 (PlanetScope 05-May-2024)"},"geometry":{"type":"Point","coordinates":[39.63497,-0.45136]}},{"type":"Feature","properties":{"event":"May 2024 (PlanetScope 05-May-2024)"},"geometry":{"type":"Point","coordinates":[39.6351,-0.45121]}},{"type":"Feature","properties":{"event":"May 2024 (PlanetScope 05-May-2024)"},"geometry":{"type":"Point","coordinates":[39.63531,-0.45116]}},{"type":"Feature","properties":{"event":"May 2024 (PlanetScope 05-May-2024)"},"geometry":{"type":"Point","coordinates":[39.63529,-0.45098]}},{"type":"Feature","properties":{"event":"May 2024 (PlanetScope 05-May-2024)"},"geometry":{"type":"Point","coordinates":[39.63541,-0.45097]}},{"type":"Feature","properties":{"event":"May 2024 (PlanetScope 05-May-2024)"},"geometry":{"type":"Point","coordinates":[39.63554,-0.451]}},{"type":"Feature","properties":{"event":"May 2024 (PlanetScope 05-May-2024)"},"geometry":{"type":"Point","coordinates":[39.63572,-0.45111]}},{"type":"Feature","properties":{"event":"May 2024 (PlanetScope 05-May-2024)"},"geometry":{"type":"Point","coordinates":[39.6357,-0.45089]}},{"type":"Feature","properties":{"event":"May 2024 (PlanetScope 05-May-2024)"},"geometry":{"type":"Point","coordinates":[39.63629,-0.45092]}},{"type":"Feature","properties":{"event":"May 2024 (PlanetScope 05-May-2024)"},"geometry":{"type":"Point","coordinates":[39.63602,-0.45026]}},{"type":"Feature","properties":{"event":"May 2024 (PlanetScope 05-May-2024)"},"geometry":{"type":"Point","coordinates":[39.63589,-0.45002]}},{"type":"Feature","properties":{"event":"May 2024 (PlanetScope 05-May-2024)"},"geometry":{"type":"Point","coordinates":[39.63569,-0.45133]}},{"type":"Feature","properties":{"event":"May 2024 (PlanetScope 05-May-2024)"},"geometry":{"type":"Point","coordinates":[39.63561,-0.4512]}},{"type":"Feature","properties":{"event":"May 2024 (PlanetScope 05-May-2024)"},"geometry":{"type":"Point","coordinates":[39.63575,-0.45142]}},{"type":"Feature","properties":{"event":"May 2024 (PlanetScope 05-May-2024)"},"geometry":{"type":"Point","coordinates":[39.63563,-0.4519]}},{"type":"Feature","properties":{"event":"May 2024 (PlanetScope 05-May-2024)"},"geometry":{"type":"Point","coordinates":[39.63553,-0.45195]}},{"type":"Feature","properties":{"event":"May 2024 (PlanetScope 05-May-2024)"},"geometry":{"type":"Point","coordinates":[39.63539,-0.45202]}},{"type":"Feature","properties":{"event":"May 2024 (PlanetScope 05-May-2024)"},"geometry":{"type":"Point","coordinates":[39.63517,-0.452]}},{"type":"Feature","properties":{"event":"May 2024 (PlanetScope 05-May-2024)"},"geometry":{"type":"Point","coordinates":[39.63522,-0.45191]}},{"type":"Feature","properties":{"event":"May 2024 (PlanetScope 05-May-2024)"},"geometry":{"type":"Point","coordinates":[39.63641,-0.45217]}},{"type":"Feature","properties":{"event":"May 2024 (PlanetScope 05-May-2024)"},"geometry":{"type":"Point","coordinates":[39.63642,-0.45204]}},{"type":"Feature","properties":{"event":"May 2024 (PlanetScope 05-May-2024)"},"geometry":{"type":"Point","coordinates":[39.63648,-0.45179]}},{"type":"Feature","properties":{"event":"May 2024 (PlanetScope 05-May-2024)"},"geometry":{"type":"Point","coordinates":[39.63561,-0.45228]}},{"type":"Feature","properties":{"event":"May 2024 (PlanetScope 05-May-2024)"},"geometry":{"type":"Point","coordinates":[39.63574,-0.45241]}},{"type":"Feature","properties":{"event":"May 2024 (PlanetScope 05-May-2024)"},"geometry":{"type":"Point","coordinates":[39.63526,-0.45227]}},{"type":"Feature","properties":{"event":"May 2024 (PlanetScope 05-May-2024)"},"geometry":{"type":"Point","coordinates":[39.63502,-0.45213]}},{"type":"Feature","properties":{"event":"May 2024 (PlanetScope 05-May-2024)"},"geometry":{"type":"Point","coordinates":[39.63546,-0.45305]}},{"type":"Feature","properties":{"event":"May 2024 (PlanetScope 05-May-2024)"},"geometry":{"type":"Point","coordinates":[39.63564,-0.45283]}},{"type":"Feature","properties":{"event":"May 2024 (PlanetScope 05-May-2024)"},"geometry":{"type":"Point","coordinates":[39.63569,-0.45268]}},{"type":"Feature","properties":{"event":"May 2024 (PlanetScope 05-May-2024)"},"geometry":{"type":"Point","coordinates":[39.63588,-0.45256]}},{"type":"Feature","properties":{"event":"May 2024 (PlanetScope 05-May-2024)"},"geometry":{"type":"Point","coordinates":[39.63597,-0.45263]}},{"type":"Feature","properties":{"event":"May 2024 (PlanetScope 05-May-2024)"},"geometry":{"type":"Point","coordinates":[39.63568,-0.4539]}},{"type":"Feature","properties":{"event":"May 2024 (PlanetScope 05-May-2024)"},"geometry":{"type":"Point","coordinates":[39.63614,-0.45515]}},{"type":"Feature","properties":{"event":"May 2024 (PlanetScope 05-May-2024)"},"geometry":{"type":"Point","coordinates":[39.63602,-0.45526]}},{"type":"Feature","properties":{"event":"May 2024 (PlanetScope 05-May-2024)"},"geometry":{"type":"Point","coordinates":[39.63575,-0.45547]}},{"type":"Feature","properties":{"event":"May 2024 (PlanetScope 05-May-2024)"},"geometry":{"type":"Point","coordinates":[39.63043,-0.46306]}},{"type":"Feature","properties":{"event":"May 2024 (PlanetScope 05-May-2024)"},"geometry":{"type":"Point","coordinates":[39.63057,-0.46299]}},{"type":"Feature","properties":{"event":"May 2024 (PlanetScope 05-May-2024)"},"geometry":{"type":"Point","coordinates":[39.63361,-0.4644]}}]}