{"type":"FeatureCollection","features":[{"type":"Feature","properties":{"buffer_km":0.5,"label":"0.5 km Tana asset-capture buffer","color":"#ff1744"},"geometry":{"type":"Polygon","coordinates":[[[38.58958,-0.02256],[38.59207,-0.02332],[38.59929,-0.03041],[38.6135,-0.02686],[38.6168,-0.02731],[38.64409,-0.0506],[38.65377,-0.04415],[38.65606,-0.0434],[38.67942,-0.05088],[38.68638,-0.04058],[38.68853,-0.03935],[38.69019,-0.03927],[38.69245,-0.04027],[38.7162,-0.06006],[38.72811,-0.06018],[38.74531,-0.06865],[38.76024,-0.07238],[38.7715,-0.06862],[38.77434,-0.06863],[38.79499,-0.08089],[38.81546,-0.08098],[38.81775,-0.08221],[38.82502,-0.08948],[38.8505,-0.09312],[38.8537,-0.09003],[38.85594,-0.08924],[38.89293,-0.09327],[38.91853,-0.0809],[38.92189,-0.08218],[38.92948,-0.09339],[38.94213,-0.09339],[38.96548,-0.07394],[38.97828,-0.05702],[38.99133,-0.05229],[38.99611,-0.04794],[38.99933,-0.04779],[39.00961,-0.05122],[39.0244,-0.04012],[39.02694,-0.03923],[39.03023,-0.04053],[39.03739,-0.0511],[39.06767,-0.04353],[39.07012,-0.04361],[39.07264,-0.04566],[39.08885,-0.07402],[39.10534,-0.08646],[39.1139,-0.09919],[39.1206,-0.10589],[39.12379,-0.10598],[39.12609,-0.10721],[39.13365,-0.11839],[39.15712,-0.11848],[39.1701,-0.12673],[39.17708,-0.12673],[39.17957,-0.12748],[39.18727,-0.13506],[39.19483,-0.13519],[39.20904,-0.13875],[39.21975,-0.12804],[39.22292,-0.12673],[39.22608,-0.12804],[39.23727,-0.13923],[39.27603,-0.13923],[39.28542,-0.13506],[39.31972,-0.13517],[39.32219,-0.13668],[39.34242,-0.16095],[39.34844,-0.16396],[39.36432,-0.16007],[39.36739,-0.16105],[39.39144,-0.18899],[39.42659,-0.18509],[39.42916,-0.18557],[39.45001,-0.21006],[39.45811,-0.21047],[39.47622,-0.22402],[39.47733,-0.22625],[39.47741,-0.23404],[39.48365,-0.24339],[39.49375,-0.24339],[39.49624,-0.24415],[39.50942,-0.25721],[39.51066,-0.25953],[39.51074,-0.26749],[39.52297,-0.28802],[39.52287,-0.29138],[39.51973,-0.29498],[39.52011,-0.2961],[39.52394,-0.29051],[39.52638,-0.28928],[39.52908,-0.2897],[39.53542,-0.29287],[39.54262,-0.28937],[39.54619,-0.28995],[39.55623,-0.30035],[39.55658,-0.3127],[39.56415,-0.32039],[39.56482,-0.32203],[39.56491,-0.32798],[39.57608,-0.33221],[39.60165,-0.35789],[39.60241,-0.36042],[39.60241,-0.37708],[39.60165,-0.37961],[39.59979,-0.38159],[39.61439,-0.39997],[39.61474,-0.40331],[39.61173,-0.40952],[39.61775,-0.41554],[39.61899,-0.41786],[39.61873,-0.42049],[39.6159,-0.42381],[39.61907,-0.43093],[39.61566,-0.44225],[39.63937,-0.46244],[39.63989,-0.46495],[39.63943,-0.46662],[39.63194,-0.4816],[39.63502,-0.49084],[39.64623,-0.49831],[39.64784,-0.50022],[39.6482,-0.5027],[39.64561,-0.51072],[39.64792,-0.51006],[39.65041,-0.51082],[39.65695,-0.52001],[39.65954,-0.51848],[39.6629,-0.51915],[39.67245,-0.52868],[39.6732,-0.53187],[39.66988,-0.54208],[39.68083,-0.55029],[39.6837,-0.5479],[39.68629,-0.54765],[39.68858,-0.54887],[39.69331,-0.55373],[39.69408,-0.55625],[39.69408,-0.57845],[39.70116,-0.58229],[39.70749,-0.59166],[39.71788,-0.58515],[39.72124,-0.58582],[39.72477,-0.58923],[39.73356,-0.58923],[39.73787,-0.5854],[39.7413,-0.5854],[39.74331,-0.58706],[39.75031,-0.59756],[39.75819,-0.59801],[39.78099,-0.61651],[39.78144,-0.61985],[39.77776,-0.63457],[39.7854,-0.64618],[39.78574,-0.65823],[39.80604,-0.67495],[39.80654,-0.67762],[39.80327,-0.68773],[39.81426,-0.69557],[39.81903,-0.70979],[39.81869,-0.71225],[39.8159,-0.71548],[39.81907,-0.72259],[39.81571,-0.73375],[39.82977,-0.74429],[39.83151,-0.74717],[39.83121,-0.74971],[39.83025,-0.75113],[39.81679,-0.76458],[39.81834,-0.76627],[39.81907,-0.76897],[39.81631,-0.77535],[39.83488,-0.78692],[39.83567,-0.7904],[39.83499,-0.79209],[39.83303,-0.79418],[39.84379,-0.80882],[39.85594,-0.84123],[39.86877,-0.85461],[39.8686,-0.85828],[39.86173,-0.87202],[39.86415,-0.87456],[39.86482,-0.8762],[39.86482,-0.89047],[39.86415,-0.89211],[39.85994,-0.89644],[39.85756,-0.90119],[39.86873,-0.91285],[39.86908,-0.92428],[39.87616,-0.92812],[39.8854,-0.94201],[39.8854,-0.94549],[39.87849,-0.95601],[39.89352,-0.97491],[39.89801,-0.98814],[39.89787,-0.99138],[39.89121,-1.0015],[39.90207,-1.01285],[39.90241,-1.0252],[39.91457,-1.03785],[39.91491,-1.0502],[39.92192,-1.05721],[39.92319,-1.05969],[39.92276,-1.06245],[39.91961,-1.06875],[39.92244,-1.07439],[39.93025,-1.08221],[39.93152,-1.08469],[39.93143,-1.08657],[39.92872,-1.0922],[39.93851,-1.0988],[39.94393,-1.10927],[39.94334,-1.11289],[39.93574,-1.12063],[39.93574,-1.12937],[39.93819,-1.13182],[39.95992,-1.1453],[39.97266,-1.17479],[39.98533,-1.19186],[39.98574,-1.1999],[40.00488,-1.21521],[40.00639,-1.21747],[40.00634,-1.22019],[40.00277,-1.2309],[40.01907,-1.26437],[40.01834,-1.26706],[40.01173,-1.27381],[40.01474,-1.28],[40.01474,-1.2825],[40.00658,-1.29899],[40.00658,-1.30853],[40.01358,-1.31554],[40.01485,-1.31802],[40.01443,-1.32078],[40.01173,-1.32619],[40.01415,-1.32873],[40.01491,-1.33126],[40.01105,-1.35098],[40.02283,-1.36686],[40.02324,-1.38434],[40.03979,-1.41771],[40.03991,-1.4502],[40.04334,-1.45377],[40.04407,-1.45647],[40.0409,-1.46369],[40.04748,-1.47039],[40.04824,-1.47292],[40.04748,-1.47544],[40.04167,-1.48416],[40.05109,-1.49054],[40.06042,-1.50457],[40.0606,-1.50739],[40.05756,-1.51369],[40.05998,-1.51623],[40.06066,-1.51786],[40.06074,-1.53299],[40.07123,-1.53998],[40.07285,-1.54189],[40.07301,-1.54519],[40.06973,-1.55502],[40.07707,-1.56285],[40.07707,-1.56632],[40.07513,-1.56875],[40.08123,-1.57535],[40.08158,-1.58353],[40.08542,-1.58737],[40.08867,-1.58516],[40.09038,-1.58513],[40.09266,-1.58629],[40.11407,-1.61611],[40.11491,-1.61875],[40.11491,-1.62937],[40.11834,-1.63294],[40.11902,-1.63469],[40.1186,-1.63745],[40.1159,-1.64285],[40.12192,-1.64888],[40.12316,-1.6512],[40.12248,-1.6546],[40.11679,-1.66042],[40.12251,-1.66627],[40.12324,-1.66897],[40.11545,-1.68542],[40.11907,-1.69343],[40.11592,-1.70395],[40.12075,-1.70637],[40.12265,-1.70817],[40.12308,-1.71162],[40.12039,-1.7172],[40.13081,-1.72456],[40.13149,-1.7262],[40.13158,-1.73125],[40.13025,-1.73446],[40.11878,-1.74593],[40.11491,-1.76913],[40.11491,-1.78448],[40.12741,-1.81454],[40.12609,-1.81779],[40.11491,-1.82535],[40.11491,-1.83018],[40.11818,-1.8367],[40.14304,-1.85752],[40.1482,-1.87228],[40.14748,-1.87544],[40.14083,-1.88542],[40.14748,-1.8954],[40.14824,-1.89792],[40.14748,-1.90044],[40.14596,-1.90208],[40.14816,-1.90536],[40.14816,-1.91964],[40.14692,-1.92196],[40.14303,-1.92584],[40.14653,-1.92769],[40.14823,-1.93086],[40.14408,-1.94449],[40.14408,-1.9502],[40.15166,-1.95792],[40.16067,-1.9804],[40.15681,-2.00136],[40.18154,-2.04732],[40.18078,-2.05049],[40.17166,-2.05971],[40.18022,-2.06551],[40.18157,-2.06852],[40.17741,-2.08199],[40.17741,-2.10487],[40.18106,-2.11034],[40.18182,-2.11286],[40.18107,-2.11537],[40.17983,-2.11662],[40.17646,-2.1173],[40.17415,-2.11607],[40.16851,-2.10713],[40.16848,-2.08052],[40.17172,-2.0706],[40.1621,-2.06419],[40.16018,-2.0613],[40.16085,-2.0579],[40.17151,-2.04711],[40.14783,-2.00354],[40.14768,-2.00119],[40.15158,-1.98168],[40.14409,-1.96297],[40.13641,-1.95529],[40.13518,-1.95297],[40.13515,-1.94302],[40.13824,-1.93355],[40.13269,-1.93068],[40.13156,-1.92941],[40.13092,-1.92695],[40.13225,-1.92388],[40.13926,-1.91687],[40.13926,-1.90813],[40.13585,-1.9046],[40.13518,-1.90297],[40.13543,-1.90035],[40.13795,-1.89734],[40.13168,-1.88794],[40.13092,-1.88542],[40.13168,-1.8829],[40.13879,-1.87225],[40.13573,-1.86308],[40.11107,-1.8424],[40.10604,-1.83229],[40.10592,-1.82292],[40.10669,-1.8204],[40.1173,-1.8129],[40.10601,-1.78633],[40.10598,-1.768],[40.1104,-1.7421],[40.1225,-1.72945],[40.1108,-1.72119],[40.11024,-1.71759],[40.1127,-1.71244],[40.10764,-1.70981],[40.10594,-1.70664],[40.10973,-1.6941],[40.1061,-1.68667],[40.1061,-1.68417],[40.11327,-1.66965],[40.10725,-1.66362],[40.10601,-1.6613],[40.10669,-1.6579],[40.11237,-1.65208],[40.10725,-1.64696],[40.10598,-1.64448],[40.1064,-1.64172],[40.1091,-1.63631],[40.10669,-1.63377],[40.10601,-1.63214],[40.10592,-1.62021],[40.08901,-1.59653],[40.08629,-1.59819],[40.08293,-1.59752],[40.07335,-1.58794],[40.07259,-1.58542],[40.07259,-1.57897],[40.06558,-1.57196],[40.06434,-1.56964],[40.0646,-1.56701],[40.06654,-1.56458],[40.06142,-1.55946],[40.06021,-1.55729],[40.06032,-1.55481],[40.06339,-1.5456],[40.05377,-1.53919],[40.05184,-1.5363],[40.05176,-1.52063],[40.04832,-1.51706],[40.04759,-1.51437],[40.05106,-1.50658],[40.04469,-1.49702],[40.03293,-1.48919],[40.03101,-1.4863],[40.03168,-1.4829],[40.03795,-1.4735],[40.03225,-1.46779],[40.03098,-1.46531],[40.0314,-1.46255],[40.0341,-1.45715],[40.03169,-1.45461],[40.03092,-1.45208],[40.03092,-1.41982],[40.01438,-1.38646],[40.01426,-1.37027],[40.00187,-1.35309],[40.00553,-1.33274],[40.00249,-1.32956],[40.00176,-1.32687],[40.00494,-1.31965],[39.99793,-1.31215],[39.99759,-1.29792],[39.99807,-1.29588],[40.00539,-1.28125],[40.0019,-1.27407],[40.00206,-1.27128],[40.0091,-1.26369],[39.99358,-1.23245],[39.99366,-1.22981],[39.99682,-1.22032],[39.97739,-1.20441],[39.97676,-1.20208],[39.97676,-1.19527],[39.96462,-1.17887],[39.9527,-1.15105],[39.93312,-1.1393],[39.9271,-1.13299],[39.92684,-1.11786],[39.92808,-1.11554],[39.9341,-1.10952],[39.93194,-1.10519],[39.92044,-1.09752],[39.91872,-1.09536],[39.91857,-1.09259],[39.9216,-1.08631],[39.91511,-1.07974],[39.91026,-1.07],[39.91026,-1.0675],[39.91327,-1.06131],[39.90627,-1.05382],[39.90592,-1.04147],[39.89419,-1.02961],[39.89342,-1.02708],[39.89342,-1.01647],[39.88127,-1.00382],[39.88127,-1.00035],[39.88879,-0.98891],[39.88558,-0.97929],[39.86857,-0.95739],[39.86919,-0.95373],[39.87584,-0.94375],[39.86985,-0.93477],[39.86258,-0.93113],[39.86076,-0.92947],[39.86009,-0.92708],[39.86009,-0.91647],[39.84892,-0.90529],[39.84765,-0.90281],[39.84807,-0.90005],[39.85224,-0.89172],[39.85592,-0.8877],[39.85592,-0.87897],[39.85249,-0.87539],[39.85176,-0.8727],[39.8591,-0.85715],[39.84831,-0.84621],[39.83561,-0.81262],[39.82302,-0.79568],[39.82266,-0.79297],[39.82397,-0.79048],[39.80812,-0.78097],[39.8061,-0.77835],[39.8061,-0.77584],[39.8091,-0.76965],[39.80627,-0.76632],[39.80627,-0.76285],[39.82022,-0.74841],[39.80773,-0.73904],[39.80613,-0.73677],[39.80616,-0.73398],[39.80973,-0.72327],[39.8064,-0.71662],[39.80598,-0.71386],[39.80666,-0.71211],[39.80943,-0.70919],[39.80665,-0.70083],[39.79544,-0.69335],[39.79382,-0.69145],[39.79366,-0.68814],[39.79682,-0.67865],[39.77845,-0.66396],[39.77704,-0.66201],[39.77676,-0.64929],[39.76849,-0.63619],[39.77202,-0.62048],[39.75468,-0.60661],[39.74792,-0.60661],[39.74542,-0.60585],[39.73889,-0.59666],[39.73629,-0.59819],[39.72292,-0.59827],[39.72043,-0.59752],[39.71818,-0.59539],[39.70796,-0.6021],[39.70537,-0.60235],[39.70376,-0.60168],[39.69485,-0.58893],[39.68688,-0.58486],[39.68539,-0.58289],[39.68509,-0.55879],[39.68202,-0.56071],[39.67935,-0.56035],[39.66121,-0.54674],[39.66012,-0.54323],[39.6636,-0.53248],[39.66042,-0.52929],[39.65796,-0.53127],[39.65453,-0.53126],[39.65252,-0.5296],[39.64722,-0.52166],[39.64462,-0.52319],[39.64204,-0.52293],[39.63588,-0.51715],[39.63513,-0.51396],[39.63839,-0.50394],[39.62741,-0.49609],[39.62263,-0.48182],[39.62307,-0.47922],[39.62979,-0.46577],[39.60755,-0.44723],[39.6061,-0.44499],[39.60616,-0.44231],[39.60973,-0.4316],[39.60593,-0.42313],[39.60666,-0.42044],[39.60821,-0.41875],[39.60308,-0.41363],[39.60182,-0.41114],[39.60224,-0.40838],[39.6051,-0.40265],[39.59025,-0.38409],[39.58926,-0.38147],[39.58999,-0.37877],[39.59342,-0.3752],[39.59342,-0.3623],[39.5705,-0.33938],[39.559,-0.33554],[39.55677,-0.3339],[39.55592,-0.33125],[39.55592,-0.3248],[39.54794,-0.31632],[39.54759,-0.30397],[39.54287,-0.29924],[39.53583,-0.30242],[39.53342,-0.30197],[39.52862,-0.29957],[39.52119,-0.31005],[39.5177,-0.31065],[39.5154,-0.30926],[39.51013,-0.29437],[39.51048,-0.29191],[39.51308,-0.28888],[39.50205,-0.27035],[39.50176,-0.2623],[39.4919,-0.25244],[39.48125,-0.25244],[39.47808,-0.25112],[39.46877,-0.23715],[39.46842,-0.22935],[39.45476,-0.21911],[39.44792,-0.21911],[39.44518,-0.21817],[39.42519,-0.19435],[39.39008,-0.19825],[39.38754,-0.19778],[39.36299,-0.16964],[39.34743,-0.17325],[39.33758,-0.16863],[39.31665,-0.14411],[39.28647,-0.14411],[39.27708,-0.14827],[39.23542,-0.14827],[39.23225,-0.14696],[39.22292,-0.13763],[39.21358,-0.14696],[39.21024,-0.14827],[39.1932,-0.14411],[39.1837,-0.14377],[39.17523,-0.13577],[39.16704,-0.13543],[39.1549,-0.12744],[39.12953,-0.1271],[39.12752,-0.12544],[39.12052,-0.11494],[39.11626,-0.11418],[39.10725,-0.10529],[39.09878,-0.09275],[39.08206,-0.08009],[39.06654,-0.05313],[39.03559,-0.06077],[39.03227,-0.05948],[39.02598,-0.05022],[39.01156,-0.06063],[39.009,-0.06054],[38.99912,-0.05725],[38.99516,-0.06054],[38.98399,-0.06427],[38.97162,-0.08057],[38.94662,-0.1014],[38.94452,-0.10237],[38.92537,-0.1021],[38.92335,-0.10044],[38.91722,-0.09123],[38.89411,-0.10243],[38.85789,-0.09848],[38.85461,-0.10166],[38.85145,-0.1024],[38.82136,-0.09799],[38.81273,-0.08994],[38.79217,-0.08965],[38.77238,-0.07786],[38.76183,-0.08138],[38.75933,-0.08147],[38.74175,-0.07697],[38.72603,-0.06911],[38.71306,-0.06884],[38.69055,-0.05042],[38.68498,-0.05877],[38.68231,-0.06065],[38.67984,-0.06054],[38.65691,-0.0529],[38.6455,-0.06042],[38.64227,-0.06052],[38.61343,-0.0362],[38.59717,-0.03988],[38.59475,-0.03863],[38.58773,-0.03161],[38.58077,-0.03152],[38.57791,-0.0296],[38.57724,-0.0262],[38.57915,-0.02332],[38.58164,-0.02256],[38.58958,-0.02256]]]}},{"type":"Feature","properties":{"buffer_km":1,"label":"1 km Tana asset-capture buffer","color":"#ff9100"},"geometry":{"type":"Polygon","coordinates":[[[38.59133,-0.01821],[38.59456,-0.01955],[38.60066,-0.02541],[38.6141,-0.02222],[38.61901,-0.02338],[38.64443,-0.04495],[38.65272,-0.0396],[38.65587,-0.03888],[38.65907,-0.03933],[38.67759,-0.0455],[38.68212,-0.03871],[38.68445,-0.03633],[38.68747,-0.03496],[38.69079,-0.03478],[38.69531,-0.03678],[38.71782,-0.05554],[38.72914,-0.05578],[38.74687,-0.06437],[38.76006,-0.06767],[38.77197,-0.06392],[38.77577,-0.06434],[38.79622,-0.07637],[38.81633,-0.07654],[38.81956,-0.07788],[38.82713,-0.08521],[38.84892,-0.08833],[38.85254,-0.08551],[38.85564,-0.08472],[38.89211,-0.08863],[38.91475,-0.07731],[38.91831,-0.07638],[38.92193,-0.07696],[38.92503,-0.07895],[38.93187,-0.08887],[38.94051,-0.08887],[38.96221,-0.07079],[38.97531,-0.05363],[38.97843,-0.05183],[38.98892,-0.04833],[38.9943,-0.0438],[38.99914,-0.04312],[39.0088,-0.04618],[39.02171,-0.03649],[39.02679,-0.03471],[39.03035,-0.03532],[39.03339,-0.0373],[39.03937,-0.04594],[39.06658,-0.03914],[39.07149,-0.0393],[39.0744,-0.04088],[39.07654,-0.04341],[39.09228,-0.07095],[39.10859,-0.08335],[39.11738,-0.0963],[39.12245,-0.10137],[39.12635,-0.10206],[39.12926,-0.10401],[39.13604,-0.11387],[39.15799,-0.11404],[39.16121,-0.11537],[39.17146,-0.1222],[39.17708,-0.1222],[39.18051,-0.12289],[39.18342,-0.12483],[39.18912,-0.13054],[39.19592,-0.1308],[39.20767,-0.13374],[39.21794,-0.12371],[39.22292,-0.1222],[39.22789,-0.12371],[39.23912,-0.1347],[39.27497,-0.1347],[39.28142,-0.13148],[39.28542,-0.13054],[39.3207,-0.13075],[39.32255,-0.13138],[39.32563,-0.13377],[39.34526,-0.15732],[39.34896,-0.15917],[39.36405,-0.15555],[39.36731,-0.15596],[39.3702,-0.15752],[39.3933,-0.18424],[39.4261,-0.18059],[39.43123,-0.18156],[39.43397,-0.18377],[39.45211,-0.20554],[39.45625,-0.20554],[39.45997,-0.20635],[39.47953,-0.22095],[39.48175,-0.22541],[39.4819,-0.23266],[39.48604,-0.23887],[39.4955,-0.23904],[39.49872,-0.24038],[39.51258,-0.254],[39.51506,-0.25864],[39.51524,-0.26623],[39.52636,-0.28478],[39.52935,-0.285],[39.53542,-0.28782],[39.53975,-0.28565],[39.54333,-0.28471],[39.54698,-0.28531],[39.55008,-0.28733],[39.55842,-0.29566],[39.56038,-0.29861],[39.56107,-0.30208],[39.56107,-0.31082],[39.56788,-0.31787],[39.56923,-0.32114],[39.5694,-0.32472],[39.57574,-0.32683],[39.57925,-0.329],[39.60538,-0.35537],[39.6069,-0.36042],[39.6069,-0.37708],[39.60562,-0.38167],[39.61836,-0.39785],[39.61937,-0.40285],[39.61721,-0.40862],[39.62204,-0.41371],[39.6234,-0.41698],[39.6234,-0.42052],[39.62134,-0.42465],[39.62325,-0.42885],[39.6235,-0.43239],[39.6209,-0.44074],[39.64115,-0.45761],[39.64399,-0.46189],[39.64407,-0.46703],[39.6368,-0.48195],[39.63879,-0.48792],[39.64871,-0.49454],[39.65111,-0.49689],[39.65273,-0.50163],[39.65177,-0.50645],[39.65426,-0.50818],[39.65843,-0.51412],[39.66216,-0.51404],[39.66539,-0.51538],[39.67615,-0.52612],[39.67749,-0.52917],[39.67765,-0.5325],[39.67517,-0.54041],[39.68059,-0.54447],[39.68542,-0.54304],[39.68884,-0.54372],[39.69175,-0.54567],[39.69704,-0.55121],[39.69857,-0.55625],[39.69857,-0.57564],[39.70441,-0.57916],[39.70873,-0.58541],[39.71379,-0.58204],[39.71701,-0.58071],[39.72218,-0.58122],[39.72662,-0.5847],[39.73171,-0.5847],[39.73461,-0.58205],[39.73784,-0.58071],[39.74302,-0.58122],[39.74593,-0.58318],[39.75271,-0.59304],[39.75824,-0.59326],[39.76184,-0.595],[39.78267,-0.61167],[39.78489,-0.61428],[39.78606,-0.61925],[39.78261,-0.63372],[39.78955,-0.64444],[39.79024,-0.64792],[39.79024,-0.65605],[39.80767,-0.67],[39.81001,-0.67281],[39.81101,-0.67817],[39.80863,-0.68588],[39.81538,-0.69037],[39.8181,-0.69323],[39.82348,-0.70917],[39.82333,-0.7125],[39.82134,-0.71632],[39.82325,-0.72051],[39.8235,-0.72406],[39.82101,-0.73208],[39.83372,-0.74182],[39.83595,-0.74642],[39.83586,-0.74985],[39.83451,-0.75301],[39.82273,-0.76502],[39.82356,-0.76918],[39.82221,-0.77363],[39.83585,-0.78181],[39.83852,-0.78427],[39.84023,-0.78939],[39.83883,-0.7944],[39.84799,-0.80722],[39.8598,-0.83872],[39.87092,-0.84983],[39.87296,-0.85298],[39.87327,-0.85855],[39.86718,-0.87119],[39.86923,-0.87531],[39.86923,-0.89136],[39.86788,-0.89463],[39.86304,-0.90029],[39.87092,-0.90817],[39.87288,-0.91111],[39.87357,-0.91458],[39.87357,-0.92148],[39.87941,-0.92499],[39.88955,-0.94028],[39.89024,-0.94375],[39.88955,-0.94722],[39.88406,-0.95576],[39.89747,-0.97274],[39.90227,-0.98671],[39.90273,-0.98996],[39.902,-0.99317],[39.89701,-1.00093],[39.90425,-1.00817],[39.90621,-1.01111],[39.9069,-1.01458],[39.9069,-1.02332],[39.91675,-1.03317],[39.91871,-1.03611],[39.9194,-1.03958],[39.9194,-1.04832],[39.92627,-1.05546],[39.92762,-1.05896],[39.92744,-1.06272],[39.92464,-1.06875],[39.92612,-1.0717],[39.93342,-1.079],[39.93546,-1.08214],[39.93606,-1.08585],[39.93453,-1.09064],[39.94263,-1.09669],[39.94828,-1.10812],[39.94845,-1.11187],[39.9471,-1.11537],[39.94024,-1.12251],[39.94024,-1.12749],[39.96085,-1.14015],[39.96359,-1.14269],[39.97657,-1.1725],[39.98942,-1.18997],[39.99024,-1.19375],[39.99024,-1.19772],[40.00768,-1.21167],[40.0107,-1.21618],[40.01101,-1.21983],[40.00763,-1.23055],[40.02261,-1.26052],[40.02356,-1.26415],[40.0221,-1.26954],[40.01721,-1.27471],[40.01905,-1.27875],[40.01905,-1.28375],[40.01107,-1.30006],[40.01107,-1.30665],[40.01794,-1.3138],[40.01929,-1.3173],[40.01911,-1.32105],[40.01718,-1.32535],[40.01923,-1.32949],[40.01923,-1.33304],[40.01586,-1.34988],[40.02692,-1.36497],[40.02774,-1.36875],[40.02774,-1.38327],[40.04416,-1.41666],[40.0444,-1.44832],[40.04796,-1.45298],[40.04856,-1.45668],[40.04638,-1.46279],[40.05121,-1.46787],[40.05274,-1.47291],[40.05205,-1.47639],[40.04792,-1.4829],[40.05425,-1.48733],[40.0646,-1.5029],[40.06495,-1.50853],[40.06301,-1.51285],[40.06506,-1.51698],[40.06524,-1.53056],[40.07371,-1.53621],[40.07694,-1.54002],[40.07765,-1.54498],[40.07488,-1.5538],[40.07925,-1.55817],[40.08122,-1.56111],[40.08191,-1.56458],[40.08107,-1.56832],[40.08538,-1.57361],[40.08607,-1.58126],[40.09118,-1.58068],[40.09575,-1.583],[40.11772,-1.61347],[40.11921,-1.61688],[40.11941,-1.62749],[40.1221,-1.63046],[40.12346,-1.63396],[40.12328,-1.63772],[40.12138,-1.64196],[40.12621,-1.64704],[40.12756,-1.65031],[40.12705,-1.65556],[40.12317,-1.66042],[40.12627,-1.6638],[40.12773,-1.66918],[40.12678,-1.67282],[40.12048,-1.68542],[40.12355,-1.69311],[40.12311,-1.69663],[40.12143,-1.70166],[40.12553,-1.70448],[40.12728,-1.70756],[40.12772,-1.71107],[40.1262,-1.71564],[40.13342,-1.72067],[40.13538,-1.72361],[40.13607,-1.73125],[40.13455,-1.73629],[40.12297,-1.74812],[40.11941,-1.7695],[40.11941,-1.78355],[40.13117,-1.811],[40.13191,-1.8145],[40.13124,-1.81801],[40.12927,-1.82099],[40.11941,-1.82777],[40.11941,-1.8291],[40.12177,-1.83383],[40.14649,-1.85463],[40.14811,-1.85754],[40.15265,-1.87165],[40.152,-1.87651],[40.14624,-1.88542],[40.15205,-1.89445],[40.15274,-1.89792],[40.15168,-1.90208],[40.15274,-1.90625],[40.15274,-1.91875],[40.15205,-1.92222],[40.15021,-1.92502],[40.15236,-1.92866],[40.15268,-1.93232],[40.14857,-1.94523],[40.14857,-1.94832],[40.15541,-1.95542],[40.16508,-1.97955],[40.16506,-1.98303],[40.16154,-2.00063],[40.18496,-2.04356],[40.18599,-2.04671],[40.18583,-2.05003],[40.18448,-2.05305],[40.17875,-2.05901],[40.18444,-2.06356],[40.18606,-2.06829],[40.18561,-2.07163],[40.18191,-2.08273],[40.18191,-2.1035],[40.18563,-2.10939],[40.18632,-2.11285],[40.18481,-2.11788],[40.18233,-2.12038],[40.17734,-2.12191],[40.17234,-2.12039],[40.16986,-2.1179],[40.16461,-2.10972],[40.16393,-2.10625],[40.16393,-2.08125],[40.16637,-2.07246],[40.15825,-2.06683],[40.15628,-2.06389],[40.15559,-2.06042],[40.15712,-2.05537],[40.16595,-2.0463],[40.14357,-2.00499],[40.14327,-2.0003],[40.14691,-1.98212],[40.14027,-1.96552],[40.13212,-1.95713],[40.13077,-1.95385],[40.13071,-1.94229],[40.13274,-1.93584],[40.12997,-1.93428],[40.12771,-1.93174],[40.12643,-1.92682],[40.12799,-1.92199],[40.13476,-1.91499],[40.13476,-1.91001],[40.13128,-1.90556],[40.13077,-1.90031],[40.13224,-1.89689],[40.12712,-1.88889],[40.12643,-1.88542],[40.12795,-1.88038],[40.13382,-1.87157],[40.13188,-1.86574],[40.10755,-1.84522],[40.10167,-1.83334],[40.10143,-1.82292],[40.10212,-1.81944],[40.10408,-1.8165],[40.11169,-1.81122],[40.10161,-1.78725],[40.10155,-1.76725],[40.10621,-1.74045],[40.10825,-1.73733],[40.11542,-1.73016],[40.10962,-1.72629],[40.10702,-1.72364],[40.10561,-1.71829],[40.10666,-1.71447],[40.10354,-1.71208],[40.10146,-1.70703],[40.10189,-1.70337],[40.10487,-1.69445],[40.10178,-1.68791],[40.10147,-1.68457],[40.10239,-1.68135],[40.10779,-1.67054],[40.10295,-1.66546],[40.1016,-1.66219],[40.10212,-1.65694],[40.106,-1.65208],[40.1029,-1.6487],[40.10154,-1.6452],[40.10172,-1.64145],[40.10366,-1.63715],[40.1016,-1.63302],[40.10143,-1.62166],[40.08771,-1.60246],[40.08367,-1.60262],[40.08044,-1.60128],[40.06962,-1.59046],[40.06827,-1.58719],[40.06809,-1.58085],[40.06129,-1.57379],[40.05976,-1.56875],[40.06059,-1.56501],[40.05718,-1.56138],[40.05584,-1.55833],[40.05568,-1.555],[40.05803,-1.54746],[40.04991,-1.54183],[40.04744,-1.53719],[40.04726,-1.52251],[40.0437,-1.51786],[40.04311,-1.51415],[40.04405,-1.51052],[40.04586,-1.5069],[40.04145,-1.50029],[40.02908,-1.49183],[40.0266,-1.48719],[40.02712,-1.48195],[40.03215,-1.47407],[40.0279,-1.46954],[40.02654,-1.46604],[40.02672,-1.46228],[40.02866,-1.45798],[40.02712,-1.45556],[40.02643,-1.45208],[40.02643,-1.4209],[40.01001,-1.38751],[40.00976,-1.37178],[39.99908,-1.35753],[39.99749,-1.35409],[39.99744,-1.3503],[40.00065,-1.33424],[39.99873,-1.33204],[39.99738,-1.32854],[39.99756,-1.32478],[39.99946,-1.32054],[39.99462,-1.31546],[39.99327,-1.31219],[39.9931,-1.29792],[39.99405,-1.29385],[40.00036,-1.28125],[39.99756,-1.27522],[39.99787,-1.26964],[39.99992,-1.2665],[40.00363,-1.26279],[39.98925,-1.23365],[39.989,-1.23011],[39.99156,-1.22189],[39.97566,-1.20916],[39.97354,-1.20673],[39.97241,-1.2037],[39.97226,-1.19678],[39.9605,-1.18067],[39.94915,-1.15419],[39.93081,-1.14319],[39.92492,-1.13767],[39.92295,-1.13473],[39.92226,-1.13125],[39.92244,-1.11698],[39.92379,-1.11371],[39.92863,-1.10862],[39.91795,-1.10129],[39.91452,-1.09697],[39.91423,-1.09143],[39.91613,-1.08721],[39.91147,-1.08239],[39.90595,-1.07125],[39.90595,-1.06625],[39.90779,-1.06221],[39.90408,-1.0585],[39.90212,-1.05556],[39.90143,-1.05208],[39.90143,-1.04335],[39.89046,-1.03213],[39.8891,-1.02886],[39.88893,-1.01835],[39.87908,-1.0085],[39.87712,-1.00556],[39.87643,-1.00209],[39.87712,-0.99861],[39.88382,-0.98824],[39.88157,-0.9815],[39.86592,-0.96192],[39.86422,-0.95853],[39.86457,-0.9529],[39.87043,-0.94375],[39.86678,-0.93828],[39.85917,-0.93431],[39.85694,-0.93185],[39.85575,-0.92875],[39.8556,-0.91835],[39.84575,-0.9085],[39.84321,-0.90354],[39.84406,-0.89802],[39.84822,-0.88968],[39.85143,-0.88582],[39.85143,-0.88085],[39.84787,-0.87619],[39.84727,-0.87248],[39.84822,-0.86885],[39.85363,-0.85804],[39.84454,-0.84867],[39.83163,-0.81483],[39.81896,-0.79762],[39.81822,-0.7923],[39.80446,-0.78385],[39.80179,-0.77961],[39.80178,-0.77459],[39.80366,-0.77048],[39.8016,-0.76636],[39.80212,-0.76111],[39.80408,-0.75817],[39.81335,-0.7489],[39.80367,-0.74139],[39.80184,-0.73812],[39.80149,-0.73438],[39.80487,-0.72361],[39.80239,-0.71865],[39.80144,-0.71502],[39.80204,-0.71131],[39.80429,-0.70796],[39.80288,-0.70374],[39.79295,-0.69713],[39.78973,-0.69331],[39.78901,-0.68835],[39.79156,-0.68022],[39.77566,-0.6675],[39.77284,-0.6636],[39.77226,-0.66042],[39.77226,-0.65067],[39.76545,-0.64046],[39.76406,-0.63697],[39.7642,-0.63321],[39.76695,-0.6222],[39.75311,-0.61113],[39.74617,-0.61096],[39.74293,-0.60961],[39.74045,-0.60712],[39.73741,-0.60255],[39.72292,-0.6028],[39.71949,-0.60211],[39.71773,-0.60111],[39.71121,-0.60546],[39.70798,-0.60679],[39.70449,-0.60679],[39.70126,-0.60544],[39.69879,-0.60296],[39.69178,-0.59245],[39.68417,-0.58847],[39.68195,-0.58602],[39.6806,-0.58125],[39.6806,-0.56524],[39.67588,-0.5635],[39.65921,-0.551],[39.65675,-0.54819],[39.65566,-0.54271],[39.65769,-0.53599],[39.65449,-0.53596],[39.65126,-0.53461],[39.64879,-0.53212],[39.64574,-0.52755],[39.642,-0.52762],[39.63878,-0.52628],[39.63218,-0.51972],[39.63084,-0.51667],[39.63068,-0.51334],[39.63304,-0.50579],[39.62629,-0.50129],[39.62356,-0.49844],[39.61817,-0.48239],[39.61906,-0.47718],[39.62417,-0.46696],[39.60469,-0.45072],[39.60177,-0.44623],[39.6015,-0.44264],[39.60487,-0.43195],[39.60173,-0.42522],[39.60155,-0.42146],[39.60227,-0.41919],[39.59873,-0.41537],[39.59738,-0.41187],[39.59756,-0.40812],[39.59979,-0.40322],[39.58675,-0.38692],[39.58506,-0.38357],[39.58537,-0.37798],[39.58893,-0.37332],[39.58893,-0.36418],[39.56808,-0.34334],[39.55759,-0.33984],[39.55313,-0.33655],[39.55162,-0.33312],[39.55143,-0.32668],[39.54575,-0.321],[39.54379,-0.31806],[39.5431,-0.31458],[39.5431,-0.30585],[39.54198,-0.30473],[39.53624,-0.30693],[39.53296,-0.30662],[39.53015,-0.30538],[39.52505,-0.3127],[39.52027,-0.31517],[39.51494,-0.31445],[39.51205,-0.31227],[39.51023,-0.30913],[39.50568,-0.295],[39.50584,-0.29167],[39.50747,-0.28828],[39.49785,-0.27196],[39.49726,-0.26418],[39.49005,-0.25696],[39.4795,-0.25679],[39.47491,-0.25432],[39.46462,-0.23889],[39.46393,-0.23163],[39.45327,-0.22363],[39.44597,-0.22342],[39.44245,-0.22176],[39.42329,-0.19911],[39.39057,-0.20274],[39.3855,-0.20181],[39.38278,-0.19966],[39.36139,-0.1747],[39.35008,-0.17753],[39.34694,-0.17774],[39.34392,-0.17685],[39.33559,-0.17269],[39.3327,-0.1704],[39.31456,-0.14863],[39.28753,-0.14863],[39.28108,-0.15185],[39.27708,-0.1528],[39.23542,-0.1528],[39.23044,-0.15129],[39.22292,-0.144],[39.21532,-0.15133],[39.21007,-0.15279],[39.19265,-0.14863],[39.18542,-0.14863],[39.18199,-0.14795],[39.17908,-0.146],[39.17338,-0.1403],[39.16533,-0.13962],[39.15354,-0.13196],[39.13125,-0.13196],[39.12782,-0.13128],[39.12491,-0.12932],[39.11808,-0.1194],[39.11378,-0.11795],[39.10408,-0.1085],[39.09548,-0.09591],[39.0787,-0.08309],[39.06434,-0.05834],[39.03577,-0.06529],[39.03055,-0.06386],[39.02795,-0.06129],[39.02488,-0.05668],[39.01579,-0.06351],[39.01269,-0.065],[39.00927,-0.06522],[39.00033,-0.06242],[38.99657,-0.06484],[38.98673,-0.06812],[38.97448,-0.08405],[38.94948,-0.10489],[38.9453,-0.10683],[38.92708,-0.10696],[38.92365,-0.10628],[38.92074,-0.10432],[38.91568,-0.09705],[38.89775,-0.10602],[38.89447,-0.10693],[38.85953,-0.10322],[38.85569,-0.1062],[38.85082,-0.10687],[38.8198,-0.10223],[38.81658,-0.10017],[38.81088,-0.09446],[38.79375,-0.09446],[38.7906,-0.09389],[38.77184,-0.0828],[38.7616,-0.08605],[38.75825,-0.08586],[38.74158,-0.0817],[38.72497,-0.07363],[38.71458,-0.07363],[38.71154,-0.0731],[38.70885,-0.07155],[38.69151,-0.0571],[38.68766,-0.06259],[38.68336,-0.06504],[38.67843,-0.06484],[38.65757,-0.05789],[38.64725,-0.06458],[38.64404,-0.06529],[38.64078,-0.06479],[38.63792,-0.06314],[38.61227,-0.04115],[38.60008,-0.0442],[38.59642,-0.04434],[38.59301,-0.043],[38.58588,-0.03613],[38.57989,-0.03596],[38.57529,-0.03348],[38.57334,-0.03055],[38.57266,-0.02708],[38.57334,-0.02362],[38.57529,-0.02069],[38.57989,-0.01821],[38.59133,-0.01821]],[[38.58164,-0.02256],[38.57915,-0.02332],[38.57749,-0.02535],[38.57749,-0.02881],[38.57915,-0.03084],[38.58164,-0.03161],[38.58773,-0.03161],[38.59475,-0.03863],[38.59717,-0.03988],[38.61343,-0.0362],[38.64227,-0.06052],[38.6455,-0.06042],[38.65691,-0.0529],[38.67984,-0.06054],[38.68231,-0.06065],[38.68498,-0.05877],[38.69055,-0.05042],[38.71306,-0.06884],[38.72603,-0.06911],[38.74175,-0.07697],[38.75933,-0.08147],[38.76183,-0.08138],[38.77238,-0.07786],[38.79217,-0.08965],[38.81273,-0.08994],[38.82136,-0.09799],[38.85145,-0.1024],[38.85461,-0.10166],[38.85789,-0.09848],[38.89411,-0.10243],[38.91722,-0.09123],[38.92335,-0.10044],[38.92537,-0.1021],[38.94452,-0.10237],[38.94662,-0.1014],[38.97162,-0.08057],[38.98399,-0.06427],[38.99516,-0.06054],[38.99912,-0.05725],[39.009,-0.06054],[39.01156,-0.06063],[39.02598,-0.05022],[39.03227,-0.05948],[39.03559,-0.06077],[39.06654,-0.05313],[39.08206,-0.08009],[39.09878,-0.09275],[39.10725,-0.10529],[39.11626,-0.11418],[39.12052,-0.11494],[39.12752,-0.12544],[39.12953,-0.1271],[39.1549,-0.12744],[39.16704,-0.13543],[39.17523,-0.13577],[39.1837,-0.14377],[39.1932,-0.14411],[39.21024,-0.14827],[39.21358,-0.14696],[39.22292,-0.13763],[39.23225,-0.14696],[39.23542,-0.14827],[39.27708,-0.14827],[39.28647,-0.14411],[39.31665,-0.14411],[39.33758,-0.16863],[39.34743,-0.17325],[39.36299,-0.16964],[39.38754,-0.19778],[39.39008,-0.19825],[39.42519,-0.19435],[39.44518,-0.21817],[39.44792,-0.21911],[39.45476,-0.21911],[39.46842,-0.22935],[39.46877,-0.23715],[39.47808,-0.25112],[39.48125,-0.25244],[39.4919,-0.25244],[39.50176,-0.2623],[39.50205,-0.27035],[39.51308,-0.28888],[39.51048,-0.29191],[39.51013,-0.29437],[39.5154,-0.30926],[39.5177,-0.31065],[39.52119,-0.31005],[39.52862,-0.29957],[39.53342,-0.30197],[39.53583,-0.30242],[39.54287,-0.29924],[39.54759,-0.30397],[39.54794,-0.31632],[39.55592,-0.3248],[39.55592,-0.33125],[39.55677,-0.3339],[39.559,-0.33554],[39.5705,-0.33938],[39.59342,-0.3623],[39.59342,-0.3752],[39.58999,-0.37877],[39.58926,-0.38147],[39.59025,-0.38409],[39.6051,-0.40265],[39.60224,-0.40838],[39.60182,-0.41114],[39.60308,-0.41363],[39.60821,-0.41875],[39.60666,-0.42044],[39.60593,-0.42313],[39.60973,-0.4316],[39.60616,-0.44231],[39.6061,-0.44499],[39.60755,-0.44723],[39.62979,-0.46577],[39.62307,-0.47922],[39.62263,-0.48182],[39.62741,-0.49609],[39.63839,-0.50394],[39.63513,-0.51396],[39.63588,-0.51715],[39.64204,-0.52293],[39.64462,-0.52319],[39.64722,-0.52166],[39.65252,-0.5296],[39.65453,-0.53126],[39.65796,-0.53127],[39.66042,-0.52929],[39.6636,-0.53248],[39.66012,-0.54323],[39.66121,-0.54674],[39.67935,-0.56035],[39.68202,-0.56071],[39.68509,-0.55879],[39.68539,-0.58289],[39.68688,-0.58486],[39.69485,-0.58893],[39.70376,-0.60168],[39.70537,-0.60235],[39.70796,-0.6021],[39.71818,-0.59539],[39.72043,-0.59752],[39.72292,-0.59827],[39.73629,-0.59819],[39.73889,-0.59666],[39.74542,-0.60585],[39.74792,-0.60661],[39.75468,-0.60661],[39.77202,-0.62048],[39.76849,-0.63619],[39.77676,-0.64929],[39.77704,-0.66201],[39.77845,-0.66396],[39.79682,-0.67865],[39.79366,-0.68814],[39.79382,-0.69145],[39.79544,-0.69335],[39.80665,-0.70083],[39.80943,-0.70919],[39.80666,-0.71211],[39.80598,-0.71386],[39.8064,-0.71662],[39.80973,-0.72327],[39.80616,-0.73398],[39.80613,-0.73677],[39.80773,-0.73904],[39.82022,-0.74841],[39.80627,-0.76285],[39.80627,-0.76632],[39.8091,-0.76965],[39.8061,-0.77584],[39.8061,-0.77835],[39.80812,-0.78097],[39.82397,-0.79048],[39.82266,-0.79297],[39.82302,-0.79568],[39.83561,-0.81262],[39.84831,-0.84621],[39.8591,-0.85715],[39.85176,-0.8727],[39.85249,-0.87539],[39.85592,-0.87897],[39.85592,-0.8877],[39.85224,-0.89172],[39.84807,-0.90005],[39.84765,-0.90281],[39.84892,-0.90529],[39.86009,-0.91647],[39.86009,-0.92708],[39.86076,-0.92947],[39.86258,-0.93113],[39.86985,-0.93477],[39.87584,-0.94375],[39.86919,-0.95373],[39.86857,-0.95739],[39.88558,-0.97929],[39.88879,-0.98891],[39.88127,-1.00035],[39.88127,-1.00382],[39.89342,-1.01647],[39.89342,-1.02708],[39.89419,-1.02961],[39.90592,-1.04147],[39.90627,-1.05382],[39.91327,-1.06131],[39.91026,-1.0675],[39.91026,-1.07],[39.91511,-1.07974],[39.9216,-1.08631],[39.91857,-1.09259],[39.91872,-1.09536],[39.92044,-1.09752],[39.93194,-1.10519],[39.9341,-1.10952],[39.92808,-1.11554],[39.92684,-1.11786],[39.9271,-1.13299],[39.93312,-1.1393],[39.9527,-1.15105],[39.96462,-1.17887],[39.97676,-1.19527],[39.97676,-1.20208],[39.97739,-1.20441],[39.99682,-1.22032],[39.99366,-1.22981],[39.99358,-1.23245],[40.0091,-1.26369],[40.00206,-1.27128],[40.0019,-1.27407],[40.00539,-1.28125],[39.99807,-1.29588],[39.99759,-1.29792],[39.99793,-1.31215],[40.00494,-1.31965],[40.00176,-1.32687],[40.00249,-1.32956],[40.00553,-1.33274],[40.00187,-1.35309],[40.01426,-1.37027],[40.01438,-1.38646],[40.03092,-1.41982],[40.03092,-1.45208],[40.03169,-1.45461],[40.0341,-1.45715],[40.0314,-1.46255],[40.03098,-1.46531],[40.03225,-1.46779],[40.03795,-1.4735],[40.03168,-1.4829],[40.03101,-1.4863],[40.03293,-1.48919],[40.04469,-1.49702],[40.05106,-1.50658],[40.04759,-1.51437],[40.04832,-1.51706],[40.05176,-1.52063],[40.05184,-1.5363],[40.05377,-1.53919],[40.06339,-1.5456],[40.06032,-1.55481],[40.06021,-1.55729],[40.06142,-1.55946],[40.06654,-1.56458],[40.0646,-1.56701],[40.06434,-1.56964],[40.06558,-1.57196],[40.07259,-1.57897],[40.07259,-1.58542],[40.07335,-1.58794],[40.08293,-1.59752],[40.08629,-1.59819],[40.08901,-1.59653],[40.10592,-1.62021],[40.10601,-1.63214],[40.10669,-1.63377],[40.1091,-1.63631],[40.1064,-1.64172],[40.10598,-1.64448],[40.10725,-1.64696],[40.11237,-1.65208],[40.10669,-1.6579],[40.10601,-1.6613],[40.10725,-1.66362],[40.11327,-1.66965],[40.1061,-1.68417],[40.1061,-1.68667],[40.10973,-1.6941],[40.10594,-1.70664],[40.10764,-1.70981],[40.1127,-1.71244],[40.11024,-1.71759],[40.1108,-1.72119],[40.1225,-1.72945],[40.1104,-1.7421],[40.10598,-1.768],[40.10601,-1.78633],[40.1173,-1.8129],[40.10669,-1.8204],[40.10592,-1.82292],[40.10604,-1.83229],[40.11107,-1.8424],[40.13573,-1.86308],[40.13879,-1.87225],[40.13168,-1.8829],[40.13092,-1.88542],[40.13168,-1.88794],[40.13795,-1.89734],[40.13543,-1.90035],[40.13518,-1.90297],[40.13585,-1.9046],[40.13926,-1.90813],[40.13926,-1.91687],[40.13225,-1.92388],[40.13092,-1.92695],[40.13156,-1.92941],[40.13269,-1.93068],[40.13824,-1.93355],[40.13515,-1.94302],[40.13518,-1.95297],[40.13641,-1.95529],[40.14409,-1.96297],[40.15158,-1.98168],[40.14768,-2.00119],[40.14783,-2.00354],[40.17151,-2.04711],[40.16085,-2.0579],[40.16018,-2.0613],[40.1621,-2.06419],[40.17172,-2.0706],[40.16848,-2.08052],[40.16851,-2.10713],[40.17415,-2.11607],[40.17646,-2.1173],[40.17983,-2.11662],[40.18107,-2.11537],[40.18182,-2.11286],[40.18106,-2.11034],[40.17741,-2.10487],[40.17741,-2.08199],[40.18157,-2.06852],[40.18022,-2.06551],[40.17166,-2.05971],[40.18078,-2.05049],[40.18154,-2.04732],[40.15681,-2.00136],[40.16067,-1.9804],[40.15166,-1.95792],[40.14408,-1.9502],[40.14408,-1.94449],[40.14823,-1.93086],[40.14653,-1.92769],[40.14303,-1.92584],[40.14692,-1.92196],[40.14816,-1.91964],[40.14816,-1.90536],[40.14596,-1.90208],[40.14748,-1.90044],[40.14824,-1.89792],[40.14748,-1.8954],[40.14083,-1.88542],[40.14748,-1.87544],[40.1482,-1.87228],[40.14304,-1.85752],[40.11818,-1.8367],[40.11491,-1.83018],[40.11491,-1.82535],[40.12609,-1.81779],[40.12741,-1.81454],[40.11491,-1.78448],[40.11491,-1.76913],[40.11878,-1.74593],[40.13025,-1.73446],[40.13158,-1.73125],[40.13149,-1.7262],[40.13081,-1.72456],[40.12039,-1.7172],[40.12308,-1.71162],[40.12265,-1.70817],[40.12075,-1.70637],[40.11592,-1.70395],[40.11907,-1.69343],[40.11545,-1.68542],[40.12324,-1.66897],[40.12251,-1.66627],[40.11679,-1.66042],[40.12248,-1.6546],[40.12316,-1.6512],[40.12192,-1.64888],[40.1159,-1.64285],[40.1186,-1.63745],[40.11902,-1.63469],[40.11834,-1.63294],[40.11491,-1.62937],[40.11491,-1.61875],[40.11407,-1.61611],[40.09266,-1.58629],[40.09038,-1.58513],[40.08867,-1.58516],[40.08542,-1.58737],[40.08158,-1.58353],[40.08123,-1.57535],[40.07513,-1.56875],[40.07707,-1.56632],[40.07707,-1.56285],[40.06973,-1.55502],[40.07301,-1.54519],[40.07285,-1.54189],[40.07123,-1.53998],[40.06074,-1.53299],[40.06066,-1.51786],[40.05998,-1.51623],[40.05756,-1.51369],[40.0606,-1.50739],[40.06042,-1.50457],[40.05109,-1.49054],[40.04167,-1.48416],[40.04748,-1.47544],[40.04824,-1.47292],[40.04748,-1.47039],[40.0409,-1.46369],[40.04407,-1.45647],[40.04334,-1.45377],[40.03991,-1.4502],[40.03979,-1.41771],[40.02324,-1.38434],[40.02283,-1.36686],[40.01105,-1.35098],[40.01491,-1.33126],[40.01415,-1.32873],[40.01173,-1.32619],[40.01443,-1.32078],[40.01485,-1.31802],[40.01358,-1.31554],[40.00658,-1.30853],[40.00658,-1.29899],[40.01474,-1.2825],[40.01474,-1.28],[40.01173,-1.27381],[40.01834,-1.26706],[40.01907,-1.26437],[40.00277,-1.2309],[40.00634,-1.22019],[40.00639,-1.21747],[40.00488,-1.21521],[39.98574,-1.1999],[39.98533,-1.19186],[39.97266,-1.17479],[39.95992,-1.1453],[39.93819,-1.13182],[39.93574,-1.12937],[39.93574,-1.12063],[39.94334,-1.11289],[39.94393,-1.10927],[39.93851,-1.0988],[39.92872,-1.0922],[39.93143,-1.08657],[39.93152,-1.08469],[39.93025,-1.08221],[39.92244,-1.07439],[39.91961,-1.06875],[39.92276,-1.06245],[39.92319,-1.05969],[39.92192,-1.05721],[39.91491,-1.0502],[39.91457,-1.03785],[39.90241,-1.0252],[39.90207,-1.01285],[39.89121,-1.0015],[39.89787,-0.99138],[39.89801,-0.98814],[39.89352,-0.97491],[39.87849,-0.95601],[39.8854,-0.94549],[39.8854,-0.94201],[39.87616,-0.92812],[39.86908,-0.92428],[39.86873,-0.91285],[39.85756,-0.90119],[39.85994,-0.89644],[39.86415,-0.89211],[39.86482,-0.89047],[39.86482,-0.8762],[39.86415,-0.87456],[39.86173,-0.87202],[39.8686,-0.85828],[39.86877,-0.85461],[39.85594,-0.84123],[39.84379,-0.80882],[39.83303,-0.79418],[39.83499,-0.79209],[39.83567,-0.7904],[39.83488,-0.78692],[39.81631,-0.77535],[39.81907,-0.76897],[39.81834,-0.76627],[39.81679,-0.76458],[39.83025,-0.75113],[39.83121,-0.74971],[39.83151,-0.74717],[39.82977,-0.74429],[39.81571,-0.73375],[39.81907,-0.72259],[39.8159,-0.71548],[39.81869,-0.71225],[39.81903,-0.70979],[39.81426,-0.69557],[39.80327,-0.68773],[39.80654,-0.67762],[39.80604,-0.67495],[39.78574,-0.65823],[39.7854,-0.64618],[39.77776,-0.63457],[39.78144,-0.61985],[39.78099,-0.61651],[39.75819,-0.59801],[39.75031,-0.59756],[39.74331,-0.58706],[39.7413,-0.5854],[39.73787,-0.5854],[39.73356,-0.58923],[39.72477,-0.58923],[39.72124,-0.58582],[39.71788,-0.58515],[39.70749,-0.59166],[39.70116,-0.58229],[39.69408,-0.57845],[39.69408,-0.55625],[39.69331,-0.55373],[39.68858,-0.54887],[39.68629,-0.54765],[39.6837,-0.5479],[39.68083,-0.55029],[39.66988,-0.54208],[39.6732,-0.53187],[39.67245,-0.52868],[39.6629,-0.51915],[39.65954,-0.51848],[39.65695,-0.52001],[39.65041,-0.51082],[39.64792,-0.51006],[39.64561,-0.51072],[39.6482,-0.5027],[39.64784,-0.50022],[39.64623,-0.49831],[39.63502,-0.49084],[39.63194,-0.4816],[39.63943,-0.46662],[39.63989,-0.46495],[39.63937,-0.46244],[39.61566,-0.44225],[39.61907,-0.43093],[39.6159,-0.42381],[39.61873,-0.42049],[39.61899,-0.41786],[39.61775,-0.41554],[39.61173,-0.40952],[39.61474,-0.40331],[39.61439,-0.39997],[39.59979,-0.38159],[39.60165,-0.37961],[39.60241,-0.37708],[39.60241,-0.36042],[39.60165,-0.35789],[39.57608,-0.33221],[39.56491,-0.32798],[39.56482,-0.32203],[39.56415,-0.32039],[39.55658,-0.3127],[39.55623,-0.30035],[39.54619,-0.28995],[39.54262,-0.28937],[39.53542,-0.29287],[39.52908,-0.2897],[39.52638,-0.28928],[39.52394,-0.29051],[39.52011,-0.2961],[39.51973,-0.29498],[39.52287,-0.29138],[39.52297,-0.28802],[39.51074,-0.26749],[39.51066,-0.25953],[39.50942,-0.25721],[39.49624,-0.24415],[39.49375,-0.24339],[39.48365,-0.24339],[39.47741,-0.23404],[39.47733,-0.22625],[39.47622,-0.22402],[39.45811,-0.21047],[39.45001,-0.21006],[39.42916,-0.18557],[39.42659,-0.18509],[39.39144,-0.18899],[39.36739,-0.16105],[39.36432,-0.16007],[39.34844,-0.16396],[39.34242,-0.16095],[39.32219,-0.13668],[39.31972,-0.13517],[39.28542,-0.13506],[39.27603,-0.13923],[39.23727,-0.13923],[39.22608,-0.12804],[39.22292,-0.12673],[39.21975,-0.12804],[39.20904,-0.13875],[39.19483,-0.13519],[39.18727,-0.13506],[39.17957,-0.12748],[39.17708,-0.12673],[39.1701,-0.12673],[39.15712,-0.11848],[39.13365,-0.11839],[39.12609,-0.10721],[39.12379,-0.10598],[39.1206,-0.10589],[39.1139,-0.09919],[39.10534,-0.08646],[39.08885,-0.07402],[39.07264,-0.04566],[39.07012,-0.04361],[39.06767,-0.04353],[39.03739,-0.0511],[39.03023,-0.04053],[39.02694,-0.03923],[39.0244,-0.04012],[39.00961,-0.05122],[38.99933,-0.04779],[38.99611,-0.04794],[38.99133,-0.05229],[38.97828,-0.05702],[38.96548,-0.07394],[38.94213,-0.09339],[38.92948,-0.09339],[38.92189,-0.08218],[38.91853,-0.0809],[38.89293,-0.09327],[38.85594,-0.08924],[38.8537,-0.09003],[38.8505,-0.09312],[38.82502,-0.08948],[38.81775,-0.08221],[38.81546,-0.08098],[38.79499,-0.08089],[38.77434,-0.06863],[38.7715,-0.06862],[38.76024,-0.07238],[38.74531,-0.06865],[38.72811,-0.06018],[38.7162,-0.06006],[38.691,-0.03946],[38.68853,-0.03935],[38.68638,-0.04058],[38.67942,-0.05088],[38.65606,-0.0434],[38.65377,-0.04415],[38.64409,-0.0506],[38.61602,-0.02696],[38.6135,-0.02686],[38.59929,-0.03041],[38.5913,-0.0229],[38.58164,-0.02256]]]}},{"type":"Feature","properties":{"buffer_km":2,"label":"2 km Tana asset-capture buffer","color":"#ffd600"},"geometry":{"type":"Polygon","coordinates":[[[38.59307,-0.00933],[38.59953,-0.01201],[38.6034,-0.0154],[38.61362,-0.01318],[38.62034,-0.01411],[38.62344,-0.01551],[38.6451,-0.03365],[38.64919,-0.03128],[38.65549,-0.02984],[38.6619,-0.03074],[38.67394,-0.03475],[38.67677,-0.03107],[38.68221,-0.02725],[38.68866,-0.02568],[38.69524,-0.02657],[38.70104,-0.02981],[38.72106,-0.04649],[38.73119,-0.04697],[38.74999,-0.05583],[38.7597,-0.05826],[38.77103,-0.05492],[38.77487,-0.05493],[38.77862,-0.05576],[38.7987,-0.06732],[38.81807,-0.06767],[38.82453,-0.07035],[38.83135,-0.07668],[38.84615,-0.07879],[38.85186,-0.0762],[38.85502,-0.0757],[38.89048,-0.07935],[38.91076,-0.06921],[38.91786,-0.06734],[38.92512,-0.0685],[38.92842,-0.07016],[38.93131,-0.07248],[38.93667,-0.07982],[38.93728,-0.07982],[38.95567,-0.06449],[38.96936,-0.04684],[38.9756,-0.04324],[38.98408,-0.04041],[38.98779,-0.03713],[38.99067,-0.03552],[38.99706,-0.03401],[39.00036,-0.03416],[39.00718,-0.03611],[39.01946,-0.02736],[39.02649,-0.02567],[39.03012,-0.02592],[39.03685,-0.02856],[39.03969,-0.03085],[39.04332,-0.03563],[39.06442,-0.03036],[39.06769,-0.02985],[39.07424,-0.03069],[39.07729,-0.03199],[39.08242,-0.03617],[39.09914,-0.06481],[39.1151,-0.07711],[39.12435,-0.09051],[39.12655,-0.09271],[39.13288,-0.09536],[39.1356,-0.0976],[39.14083,-0.10482],[39.15973,-0.10516],[39.16617,-0.10783],[39.17416,-0.11316],[39.18057,-0.1135],[39.18393,-0.11452],[39.18703,-0.11618],[39.19283,-0.12149],[39.19808,-0.12202],[39.20493,-0.12373],[39.21297,-0.11618],[39.21607,-0.11452],[39.22292,-0.11316],[39.22641,-0.1135],[39.23286,-0.11618],[39.24283,-0.12566],[39.27287,-0.12566],[39.28131,-0.12197],[39.28542,-0.12149],[39.32264,-0.12192],[39.32635,-0.12318],[39.32969,-0.12523],[39.33252,-0.12795],[39.35045,-0.14947],[39.36025,-0.14702],[39.36681,-0.14663],[39.37003,-0.14734],[39.37582,-0.15046],[39.39701,-0.17472],[39.42511,-0.1716],[39.42864,-0.17156],[39.43538,-0.17353],[39.44085,-0.17795],[39.4563,-0.1965],[39.46006,-0.1969],[39.46369,-0.19811],[39.46699,-0.20007],[39.48614,-0.21482],[39.48966,-0.2205],[39.49058,-0.22374],[39.49089,-0.22982],[39.49724,-0.23017],[39.5037,-0.23285],[39.51892,-0.24758],[39.52284,-0.25346],[39.52387,-0.25687],[39.52422,-0.26371],[39.53178,-0.2763],[39.53542,-0.27771],[39.53924,-0.27624],[39.54662,-0.27589],[39.55021,-0.27687],[39.55642,-0.28091],[39.567,-0.29199],[39.56971,-0.29854],[39.57006,-0.30705],[39.57534,-0.31283],[39.5776,-0.31792],[39.58232,-0.32],[39.58558,-0.32258],[39.61284,-0.35033],[39.61554,-0.35687],[39.61589,-0.36042],[39.61563,-0.37975],[39.6263,-0.39361],[39.62829,-0.40017],[39.62779,-0.40657],[39.63118,-0.4118],[39.63221,-0.41521],[39.63256,-0.41875],[39.63138,-0.42505],[39.63251,-0.42996],[39.63241,-0.43353],[39.63138,-0.43773],[39.64931,-0.45311],[39.65257,-0.45919],[39.65333,-0.46606],[39.65272,-0.46948],[39.64667,-0.48233],[39.65367,-0.487],[39.65846,-0.49169],[39.66122,-0.49783],[39.66162,-0.50301],[39.66324,-0.5051],[39.66727,-0.50619],[39.67036,-0.50785],[39.68355,-0.52098],[39.68624,-0.52708],[39.68647,-0.53409],[39.69227,-0.53536],[39.69536,-0.53701],[39.7045,-0.54616],[39.70721,-0.55271],[39.70756,-0.57022],[39.71117,-0.57325],[39.71528,-0.57183],[39.71877,-0.57149],[39.72561,-0.57286],[39.72917,-0.5749],[39.73274,-0.57285],[39.7361,-0.57183],[39.7396,-0.57149],[39.74646,-0.57287],[39.75227,-0.57677],[39.7576,-0.58414],[39.76403,-0.58577],[39.76743,-0.58792],[39.78827,-0.60459],[39.7927,-0.6098],[39.79489,-0.61631],[39.79503,-0.61975],[39.7923,-0.63202],[39.79785,-0.64097],[39.79888,-0.64437],[39.79922,-0.65168],[39.81327,-0.66292],[39.81793,-0.66854],[39.81999,-0.67557],[39.81928,-0.68213],[39.82338,-0.68538],[39.82579,-0.68855],[39.82746,-0.69216],[39.83238,-0.70792],[39.83254,-0.71127],[39.83137,-0.71669],[39.83251,-0.72163],[39.8316,-0.72874],[39.84036,-0.73572],[39.84392,-0.74159],[39.84481,-0.74492],[39.84464,-0.75179],[39.84359,-0.75507],[39.83975,-0.76075],[39.83245,-0.76805],[39.83252,-0.76928],[39.84045,-0.77404],[39.84579,-0.77895],[39.84878,-0.78557],[39.84893,-0.79285],[39.85393,-0.79952],[39.8564,-0.80403],[39.86752,-0.83368],[39.87725,-0.84341],[39.88134,-0.8497],[39.88254,-0.85712],[39.88197,-0.86085],[39.87729,-0.87107],[39.87839,-0.87708],[39.87839,-0.88958],[39.87701,-0.89653],[39.87526,-0.89976],[39.8795,-0.90449],[39.88118,-0.90763],[39.88221,-0.91104],[39.88256,-0.91606],[39.88784,-0.92117],[39.89785,-0.9368],[39.89922,-0.94375],[39.89888,-0.94729],[39.89785,-0.9507],[39.89521,-0.95527],[39.90535,-0.9684],[39.91079,-0.98383],[39.91171,-0.99035],[39.91127,-0.99362],[39.90861,-0.99977],[39.91284,-1.00449],[39.91451,-1.00763],[39.91554,-1.01104],[39.91589,-1.01955],[39.92534,-1.02949],[39.92804,-1.03604],[39.92839,-1.04455],[39.93379,-1.05051],[39.93551,-1.05387],[39.9367,-1.06128],[39.93506,-1.06789],[39.94212,-1.07551],[39.94482,-1.08251],[39.94497,-1.08675],[39.94984,-1.09129],[39.95697,-1.10582],[39.95732,-1.11332],[39.95634,-1.11696],[39.95462,-1.12032],[39.9515,-1.124],[39.96545,-1.13238],[39.97092,-1.13746],[39.9844,-1.16792],[39.99758,-1.18619],[39.99918,-1.19332],[40.01588,-1.20716],[40.01932,-1.21362],[40.01993,-1.22091],[40.01734,-1.22985],[40.03064,-1.25645],[40.03254,-1.26372],[40.03134,-1.27113],[40.02779,-1.27676],[40.02831,-1.28293],[40.02769,-1.28625],[40.02006,-1.30221],[40.02006,-1.30289],[40.02546,-1.30884],[40.02816,-1.31585],[40.02837,-1.31962],[40.02721,-1.32493],[40.02839,-1.33127],[40.02547,-1.34768],[40.03508,-1.36119],[40.03631,-1.36488],[40.03673,-1.36875],[40.03673,-1.38112],[40.05147,-1.41062],[40.05291,-1.41457],[40.05339,-1.41875],[40.05339,-1.44482],[40.05634,-1.4497],[40.05733,-1.45335],[40.05698,-1.46077],[40.06035,-1.46596],[40.06138,-1.46937],[40.06138,-1.47645],[40.06003,-1.48046],[40.06284,-1.48367],[40.07295,-1.49955],[40.07397,-1.50322],[40.07421,-1.50703],[40.07304,-1.51243],[40.07423,-1.51875],[40.07423,-1.5257],[40.08129,-1.53079],[40.08513,-1.5363],[40.0867,-1.54284],[40.08656,-1.54621],[40.08518,-1.55134],[40.08784,-1.5545],[40.08951,-1.55763],[40.09055,-1.56104],[40.0908,-1.56553],[40.09368,-1.57013],[40.09431,-1.57221],[40.09918,-1.57429],[40.10418,-1.57902],[40.12686,-1.61145],[40.12801,-1.61502],[40.12839,-1.62399],[40.13134,-1.62887],[40.13233,-1.63251],[40.13198,-1.63993],[40.13535,-1.64513],[40.13638,-1.64854],[40.13638,-1.65563],[40.1346,-1.66043],[40.13649,-1.66585],[40.13614,-1.67335],[40.13054,-1.68542],[40.13252,-1.69246],[40.13193,-1.69818],[40.13436,-1.70145],[40.13581,-1.7047],[40.13667,-1.71177],[40.13976,-1.71425],[40.14368,-1.72013],[40.14471,-1.72354],[40.14506,-1.73125],[40.14368,-1.7382],[40.14201,-1.74134],[40.13136,-1.75248],[40.1284,-1.77026],[40.1284,-1.78168],[40.13943,-1.80742],[40.14089,-1.81442],[40.13955,-1.82144],[40.13788,-1.82461],[40.13561,-1.82739],[40.13175,-1.8304],[40.1534,-1.84885],[40.15663,-1.85466],[40.1608,-1.86716],[40.16171,-1.87368],[40.16128,-1.87695],[40.16025,-1.88009],[40.15707,-1.88542],[40.16035,-1.89098],[40.16173,-1.89792],[40.16119,-1.90208],[40.16173,-1.90625],[40.16173,-1.91875],[40.16055,-1.92504],[40.16166,-1.9297],[40.1616,-1.9334],[40.1581,-1.94509],[40.1629,-1.95042],[40.1646,-1.95366],[40.17391,-1.97785],[40.17388,-1.98482],[40.17101,-1.99917],[40.19285,-2.03921],[40.1949,-2.04551],[40.19457,-2.05214],[40.19177,-2.05832],[40.19347,-2.0613],[40.19504,-2.06784],[40.19413,-2.0745],[40.1909,-2.0842],[40.1909,-2.10075],[40.19393,-2.10591],[40.19531,-2.11283],[40.19395,-2.11976],[40.19229,-2.12289],[40.18734,-2.12789],[40.18086,-2.1306],[40.17736,-2.13095],[40.17047,-2.12959],[40.16736,-2.12792],[40.16239,-2.12294],[40.15798,-2.11633],[40.15528,-2.10979],[40.15494,-2.08125],[40.1557,-2.07619],[40.15191,-2.07325],[40.14966,-2.0705],[40.14798,-2.06737],[40.1466,-2.06042],[40.14798,-2.05347],[40.14966,-2.05033],[40.15481,-2.04468],[40.13505,-2.00789],[40.13411,-2.00166],[40.13756,-1.98299],[40.13262,-1.97062],[40.12691,-1.96491],[40.12298,-1.95903],[40.1216,-1.95208],[40.12221,-1.93933],[40.12,-1.93639],[40.11767,-1.92998],[40.11744,-1.92655],[40.11892,-1.91989],[40.12056,-1.91689],[40.12473,-1.91226],[40.12195,-1.90563],[40.1216,-1.90208],[40.12213,-1.89796],[40.11881,-1.89236],[40.11744,-1.88542],[40.11881,-1.87847],[40.12363,-1.87062],[40.10052,-1.85085],[40.09436,-1.83938],[40.09292,-1.83543],[40.09244,-1.83125],[40.09279,-1.81937],[40.09549,-1.81283],[40.10046,-1.80786],[40.09281,-1.78907],[40.09269,-1.76576],[40.09685,-1.74076],[40.09785,-1.73715],[40.10163,-1.73126],[40.09778,-1.72518],[40.09663,-1.71785],[40.09319,-1.71143],[40.0925,-1.7078],[40.09257,-1.7041],[40.09516,-1.69515],[40.09314,-1.69041],[40.09252,-1.68373],[40.09314,-1.68042],[40.09689,-1.67221],[40.09382,-1.66737],[40.09244,-1.66042],[40.09279,-1.65687],[40.09456,-1.65207],[40.09267,-1.64665],[40.09246,-1.64288],[40.09363,-1.63756],[40.09244,-1.63125],[40.09244,-1.62458],[40.08318,-1.61162],[40.07856,-1.61048],[40.07546,-1.60882],[40.06216,-1.5955],[40.05945,-1.58896],[40.05911,-1.58461],[40.05383,-1.57884],[40.05215,-1.5757],[40.05112,-1.57229],[40.05086,-1.56782],[40.04815,-1.56359],[40.04709,-1.56042],[40.04663,-1.5571],[40.04738,-1.5512],[40.04358,-1.54825],[40.03965,-1.54237],[40.03827,-1.53542],[40.03827,-1.52601],[40.03533,-1.52113],[40.03434,-1.51749],[40.03413,-1.51372],[40.03556,-1.50769],[40.02275,-1.49825],[40.02049,-1.49551],[40.01779,-1.48896],[40.01779,-1.48188],[40.02075,-1.47495],[40.01866,-1.47113],[40.01767,-1.46749],[40.01746,-1.46372],[40.01863,-1.4584],[40.01744,-1.45208],[40.01744,-1.42305],[40.00269,-1.39355],[40.00126,-1.3896],[40.00077,-1.37481],[39.9919,-1.36298],[39.98995,-1.35971],[39.98872,-1.3561],[39.98863,-1.34851],[39.99101,-1.3366],[39.98851,-1.32999],[39.98885,-1.32257],[39.98549,-1.31737],[39.98446,-1.31396],[39.98411,-1.29792],[39.98459,-1.29374],[39.98603,-1.28978],[39.99029,-1.28125],[39.98887,-1.27752],[39.98851,-1.27001],[39.98949,-1.26637],[39.99273,-1.26113],[39.98059,-1.23605],[39.98008,-1.22897],[39.98103,-1.22502],[39.97007,-1.21625],[39.96583,-1.21138],[39.96357,-1.20532],[39.96328,-1.19981],[39.95225,-1.18425],[39.94205,-1.16046],[39.92621,-1.15096],[39.92275,-1.14825],[39.91633,-1.14134],[39.91465,-1.1382],[39.91328,-1.13125],[39.91328,-1.11875],[39.91362,-1.11521],[39.91539,-1.11043],[39.91012,-1.10645],[39.90612,-1.10018],[39.90516,-1.09656],[39.90552,-1.08926],[39.90269,-1.08522],[39.89731,-1.07375],[39.89669,-1.07043],[39.89721,-1.06426],[39.89382,-1.05903],[39.89279,-1.05563],[39.89244,-1.04711],[39.883,-1.03717],[39.88029,-1.03063],[39.87994,-1.02211],[39.8705,-1.01217],[39.86779,-1.00563],[39.86779,-0.99855],[39.86882,-0.99514],[39.8739,-0.9869],[39.87357,-0.98591],[39.85686,-0.96439],[39.85552,-0.96081],[39.85496,-0.95704],[39.8552,-0.95322],[39.85622,-0.94955],[39.85908,-0.94453],[39.85376,-0.94153],[39.84931,-0.93662],[39.84692,-0.93041],[39.84661,-0.92211],[39.83704,-0.91199],[39.83434,-0.90499],[39.8347,-0.89748],[39.8416,-0.8833],[39.8395,-0.87947],[39.8383,-0.87205],[39.83887,-0.86832],[39.84267,-0.85984],[39.837,-0.85359],[39.83527,-0.85014],[39.82368,-0.81924],[39.81274,-0.80465],[39.81083,-0.80148],[39.80956,-0.79763],[39.7985,-0.79063],[39.7962,-0.78815],[39.79316,-0.78214],[39.79252,-0.77543],[39.79362,-0.77086],[39.79244,-0.76458],[39.79279,-0.76104],[39.7955,-0.75449],[39.79962,-0.74987],[39.79475,-0.74429],[39.79252,-0.73712],[39.79256,-0.73335],[39.79516,-0.72431],[39.79303,-0.71918],[39.79246,-0.71545],[39.79357,-0.70838],[39.78538,-0.70255],[39.78154,-0.69704],[39.77997,-0.6905],[39.78103,-0.68336],[39.76773,-0.67234],[39.76443,-0.66679],[39.76328,-0.66042],[39.76328,-0.65343],[39.75799,-0.6455],[39.75521,-0.63852],[39.75496,-0.63474],[39.75682,-0.62565],[39.74998,-0.62018],[39.74442,-0.61983],[39.73795,-0.61714],[39.73278,-0.61184],[39.71874,-0.61129],[39.71307,-0.61466],[39.70622,-0.61601],[39.69937,-0.61463],[39.69627,-0.61297],[39.69133,-0.608],[39.68565,-0.59949],[39.67876,-0.5957],[39.67431,-0.59078],[39.67192,-0.58458],[39.67161,-0.57142],[39.65109,-0.5557],[39.64743,-0.54916],[39.64672,-0.54237],[39.64356,-0.5399],[39.64093,-0.53656],[39.6369,-0.53548],[39.6338,-0.53382],[39.62478,-0.52485],[39.62209,-0.51875],[39.62163,-0.51543],[39.62238,-0.50954],[39.61829,-0.50628],[39.61588,-0.50312],[39.61421,-0.49951],[39.60925,-0.48353],[39.60976,-0.47644],[39.61292,-0.46933],[39.59643,-0.45511],[39.59313,-0.44871],[39.59258,-0.44153],[39.59516,-0.43265],[39.59303,-0.42752],[39.59257,-0.422],[39.5895,-0.41697],[39.58851,-0.41332],[39.5883,-0.40955],[39.58933,-0.40458],[39.57975,-0.3926],[39.57638,-0.38588],[39.57601,-0.37836],[39.57699,-0.37471],[39.57994,-0.36982],[39.57994,-0.36795],[39.56325,-0.35125],[39.55136,-0.34688],[39.54585,-0.34184],[39.54283,-0.335],[39.54244,-0.33045],[39.53716,-0.32467],[39.53549,-0.32154],[39.53424,-0.31593],[39.52852,-0.32144],[39.52179,-0.32408],[39.51457,-0.32385],[39.51114,-0.32264],[39.50534,-0.3183],[39.50171,-0.31201],[39.49754,-0.29951],[39.49663,-0.2929],[39.49733,-0.28888],[39.48944,-0.27516],[39.48828,-0.26795],[39.48634,-0.26601],[39.47775,-0.26566],[39.47439,-0.26464],[39.46856,-0.26073],[39.45799,-0.2455],[39.45632,-0.24236],[39.45502,-0.23623],[39.45029,-0.23268],[39.44403,-0.23225],[39.44032,-0.23098],[39.43697,-0.22894],[39.4195,-0.20863],[39.39156,-0.21173],[39.38466,-0.21115],[39.38142,-0.20987],[39.37598,-0.20557],[39.35819,-0.18482],[39.34913,-0.1868],[39.34597,-0.18674],[39.33992,-0.18496],[39.33159,-0.18079],[39.32581,-0.17621],[39.31037,-0.15768],[39.28963,-0.15768],[39.28119,-0.16137],[39.27708,-0.16184],[39.23542,-0.16184],[39.22857,-0.16048],[39.22292,-0.15672],[39.21695,-0.16061],[39.20973,-0.16183],[39.19155,-0.15768],[39.18193,-0.15733],[39.17857,-0.15631],[39.17547,-0.15465],[39.16967,-0.14934],[39.16527,-0.149],[39.16192,-0.14799],[39.15084,-0.14101],[39.13125,-0.14101],[39.12439,-0.13964],[39.11856,-0.13573],[39.11256,-0.12734],[39.1088,-0.12549],[39.10608,-0.12325],[39.09775,-0.11492],[39.08888,-0.10224],[39.07198,-0.0891],[39.05993,-0.06877],[39.03613,-0.07433],[39.02895,-0.07313],[39.02305,-0.06934],[39.01821,-0.07256],[39.01497,-0.07375],[39.00813,-0.0742],[39.00163,-0.07238],[38.99222,-0.07582],[38.98021,-0.09102],[38.95521,-0.11186],[38.95266,-0.11363],[38.94684,-0.11574],[38.92358,-0.11567],[38.91712,-0.11297],[38.91269,-0.10865],[38.90174,-0.11412],[38.89519,-0.11595],[38.86247,-0.11265],[38.85615,-0.11554],[38.84956,-0.11583],[38.82039,-0.11167],[38.81668,-0.11072],[38.81324,-0.109],[38.80717,-0.10351],[38.79375,-0.10351],[38.78745,-0.10236],[38.77077,-0.09269],[38.76278,-0.09502],[38.75608,-0.09464],[38.73942,-0.09048],[38.72287,-0.08268],[38.71458,-0.08268],[38.70849,-0.08161],[38.70312,-0.07852],[38.69285,-0.06997],[38.68862,-0.07275],[38.68547,-0.07384],[38.67885,-0.07418],[38.65889,-0.06786],[38.65076,-0.07291],[38.64761,-0.07392],[38.64432,-0.07434],[38.63781,-0.07333],[38.6321,-0.07003],[38.60996,-0.05105],[38.59861,-0.0535],[38.59139,-0.05227],[38.58811,-0.05058],[38.58217,-0.04518],[38.57814,-0.04483],[38.57166,-0.04213],[38.5667,-0.03714],[38.56402,-0.03061],[38.56402,-0.02355],[38.5667,-0.01703],[38.56893,-0.01429],[38.57477,-0.01037],[38.57814,-0.00934],[38.59307,-0.00933]],[[38.58164,-0.01804],[38.57665,-0.01956],[38.57334,-0.02362],[38.57266,-0.02708],[38.57334,-0.03055],[38.57665,-0.03461],[38.57989,-0.03596],[38.58588,-0.03613],[38.59301,-0.043],[38.59642,-0.04434],[38.60008,-0.0442],[38.61227,-0.04115],[38.63792,-0.06314],[38.64078,-0.06479],[38.64404,-0.06529],[38.64725,-0.06458],[38.65757,-0.05789],[38.67843,-0.06484],[38.68336,-0.06504],[38.68766,-0.06259],[38.69151,-0.0571],[38.70885,-0.07155],[38.71154,-0.0731],[38.71458,-0.07363],[38.72497,-0.07363],[38.74158,-0.0817],[38.75825,-0.08586],[38.7616,-0.08605],[38.77184,-0.0828],[38.7906,-0.09389],[38.79375,-0.09446],[38.81088,-0.09446],[38.81658,-0.10017],[38.8198,-0.10223],[38.85082,-0.10687],[38.85569,-0.1062],[38.85953,-0.10322],[38.89447,-0.10693],[38.89775,-0.10602],[38.91568,-0.09705],[38.92074,-0.10432],[38.92365,-0.10628],[38.92708,-0.10696],[38.9453,-0.10683],[38.94948,-0.10489],[38.97448,-0.08405],[38.98673,-0.06812],[38.99657,-0.06484],[39.00033,-0.06242],[39.00927,-0.06522],[39.01269,-0.065],[39.01579,-0.06351],[39.02488,-0.05668],[39.02795,-0.06129],[39.03055,-0.06386],[39.03577,-0.06529],[39.06434,-0.05834],[39.0787,-0.08309],[39.09548,-0.09591],[39.10408,-0.1085],[39.11378,-0.11795],[39.11808,-0.1194],[39.12491,-0.12932],[39.12782,-0.13128],[39.13125,-0.13196],[39.15354,-0.13196],[39.16533,-0.13962],[39.17338,-0.1403],[39.17908,-0.146],[39.18199,-0.14795],[39.18542,-0.14863],[39.19265,-0.14863],[39.21007,-0.15279],[39.21532,-0.15133],[39.22292,-0.144],[39.23044,-0.15129],[39.23542,-0.1528],[39.27708,-0.1528],[39.28108,-0.15185],[39.28753,-0.14863],[39.31456,-0.14863],[39.3327,-0.1704],[39.33559,-0.17269],[39.34392,-0.17685],[39.34694,-0.17774],[39.35008,-0.17753],[39.36139,-0.1747],[39.38278,-0.19966],[39.3855,-0.20181],[39.39057,-0.20274],[39.42329,-0.19911],[39.44245,-0.22176],[39.44597,-0.22342],[39.45327,-0.22363],[39.46393,-0.23163],[39.46462,-0.23889],[39.47491,-0.25432],[39.4795,-0.25679],[39.49005,-0.25696],[39.49726,-0.26418],[39.49785,-0.27196],[39.50747,-0.28828],[39.50584,-0.29167],[39.50568,-0.295],[39.51023,-0.30913],[39.51205,-0.31227],[39.51494,-0.31445],[39.52027,-0.31517],[39.52505,-0.3127],[39.53015,-0.30538],[39.53296,-0.30662],[39.53624,-0.30693],[39.54198,-0.30473],[39.5431,-0.30585],[39.5431,-0.31458],[39.54379,-0.31806],[39.54575,-0.321],[39.55143,-0.32668],[39.55162,-0.33312],[39.55313,-0.33655],[39.55759,-0.33984],[39.56808,-0.34334],[39.58893,-0.36418],[39.58893,-0.37332],[39.58537,-0.37798],[39.58506,-0.38357],[39.58675,-0.38692],[39.59979,-0.40322],[39.59756,-0.40812],[39.59738,-0.41187],[39.59873,-0.41537],[39.60227,-0.41919],[39.60155,-0.42146],[39.60173,-0.42522],[39.60487,-0.43195],[39.6015,-0.44264],[39.60177,-0.44623],[39.60469,-0.45072],[39.62417,-0.46696],[39.61906,-0.47718],[39.61817,-0.48239],[39.62356,-0.49844],[39.62629,-0.50129],[39.63304,-0.50579],[39.63068,-0.51334],[39.63084,-0.51667],[39.63218,-0.51972],[39.63878,-0.52628],[39.642,-0.52762],[39.64574,-0.52755],[39.64879,-0.53212],[39.65126,-0.53461],[39.65449,-0.53596],[39.65769,-0.53599],[39.65566,-0.54271],[39.65675,-0.54819],[39.65921,-0.551],[39.67588,-0.5635],[39.6806,-0.56524],[39.6806,-0.58125],[39.68195,-0.58602],[39.68417,-0.58847],[39.69178,-0.59245],[39.69879,-0.60296],[39.70126,-0.60544],[39.70449,-0.60679],[39.70798,-0.60679],[39.71121,-0.60546],[39.71773,-0.60111],[39.71949,-0.60211],[39.72292,-0.6028],[39.73741,-0.60255],[39.74045,-0.60712],[39.74293,-0.60961],[39.74617,-0.61096],[39.75311,-0.61113],[39.76695,-0.6222],[39.7642,-0.63321],[39.76406,-0.63697],[39.76545,-0.64046],[39.77226,-0.65067],[39.77226,-0.66042],[39.77284,-0.6636],[39.77566,-0.6675],[39.79156,-0.68022],[39.78901,-0.68835],[39.78973,-0.69331],[39.79295,-0.69713],[39.80288,-0.70374],[39.80429,-0.70796],[39.80204,-0.71131],[39.80144,-0.71502],[39.80239,-0.71865],[39.80487,-0.72361],[39.80149,-0.73438],[39.80184,-0.73812],[39.80367,-0.74139],[39.81335,-0.7489],[39.80408,-0.75817],[39.80212,-0.76111],[39.8016,-0.76636],[39.80366,-0.77048],[39.80178,-0.77459],[39.80179,-0.77961],[39.80446,-0.78385],[39.81822,-0.7923],[39.81896,-0.79762],[39.83163,-0.81483],[39.84454,-0.84867],[39.85363,-0.85804],[39.84822,-0.86885],[39.84727,-0.87248],[39.84787,-0.87619],[39.85143,-0.88085],[39.85143,-0.88582],[39.84822,-0.88968],[39.84406,-0.89802],[39.84321,-0.90354],[39.84575,-0.9085],[39.8556,-0.91835],[39.85575,-0.92875],[39.85694,-0.93185],[39.85917,-0.93431],[39.86678,-0.93828],[39.87043,-0.94375],[39.86457,-0.9529],[39.86422,-0.95853],[39.86592,-0.96192],[39.88157,-0.9815],[39.88382,-0.98824],[39.87712,-0.99861],[39.87643,-1.00209],[39.87712,-1.00556],[39.87908,-1.0085],[39.88893,-1.01835],[39.8891,-1.02886],[39.89046,-1.03213],[39.90143,-1.04335],[39.90143,-1.05208],[39.90212,-1.05556],[39.90408,-1.0585],[39.90779,-1.06221],[39.90595,-1.06625],[39.90595,-1.07125],[39.91147,-1.08239],[39.91613,-1.08721],[39.91423,-1.09143],[39.91452,-1.09697],[39.91795,-1.10129],[39.92863,-1.10862],[39.92379,-1.11371],[39.92244,-1.11698],[39.92226,-1.13125],[39.92295,-1.13473],[39.92492,-1.13767],[39.93081,-1.14319],[39.94915,-1.15419],[39.9605,-1.18067],[39.97226,-1.19678],[39.97241,-1.2037],[39.97354,-1.20673],[39.97566,-1.20916],[39.99156,-1.22189],[39.989,-1.23011],[39.98925,-1.23365],[40.00363,-1.26279],[39.99992,-1.2665],[39.99787,-1.26964],[39.99756,-1.27522],[40.00036,-1.28125],[39.99405,-1.29385],[39.9931,-1.29792],[39.99327,-1.31219],[39.99462,-1.31546],[39.99946,-1.32054],[39.99756,-1.32478],[39.99738,-1.32854],[39.99873,-1.33204],[40.00065,-1.33424],[39.99744,-1.3503],[39.99749,-1.35409],[39.99908,-1.35753],[40.00976,-1.37178],[40.01001,-1.38751],[40.02643,-1.4209],[40.02643,-1.45208],[40.02712,-1.45556],[40.02866,-1.45798],[40.02672,-1.46228],[40.02654,-1.46604],[40.0279,-1.46954],[40.03215,-1.47407],[40.02712,-1.48195],[40.0266,-1.48719],[40.02908,-1.49183],[40.04145,-1.50029],[40.04586,-1.5069],[40.04405,-1.51052],[40.04311,-1.51415],[40.0437,-1.51786],[40.04726,-1.52251],[40.04744,-1.53719],[40.04991,-1.54183],[40.05803,-1.54746],[40.05568,-1.555],[40.05584,-1.55833],[40.05718,-1.56138],[40.06059,-1.56501],[40.05976,-1.56875],[40.06129,-1.57379],[40.06809,-1.58085],[40.06827,-1.58719],[40.06962,-1.59046],[40.08044,-1.60128],[40.08367,-1.60262],[40.08771,-1.60246],[40.10143,-1.62166],[40.1016,-1.63302],[40.10366,-1.63715],[40.10172,-1.64145],[40.10154,-1.6452],[40.1029,-1.6487],[40.106,-1.65208],[40.10212,-1.65694],[40.1016,-1.66219],[40.10295,-1.66546],[40.10779,-1.67054],[40.10239,-1.68135],[40.10147,-1.68457],[40.10178,-1.68791],[40.10487,-1.69445],[40.10189,-1.70337],[40.10146,-1.70703],[40.10354,-1.71208],[40.10666,-1.71447],[40.10561,-1.71829],[40.10702,-1.72364],[40.10962,-1.72629],[40.11542,-1.73016],[40.10825,-1.73733],[40.10621,-1.74045],[40.10155,-1.76725],[40.10161,-1.78725],[40.11169,-1.81122],[40.10408,-1.8165],[40.10212,-1.81944],[40.10143,-1.82292],[40.10167,-1.83334],[40.10755,-1.84522],[40.13188,-1.86574],[40.13382,-1.87157],[40.12795,-1.88038],[40.12643,-1.88542],[40.12712,-1.88889],[40.13224,-1.89689],[40.13077,-1.90031],[40.13128,-1.90556],[40.13476,-1.91001],[40.13476,-1.91499],[40.12799,-1.92199],[40.12643,-1.92682],[40.12771,-1.93174],[40.12997,-1.93428],[40.13274,-1.93584],[40.13071,-1.94229],[40.13077,-1.95385],[40.13212,-1.95713],[40.14027,-1.96552],[40.14691,-1.98212],[40.14327,-2.0003],[40.14357,-2.00499],[40.16595,-2.0463],[40.15712,-2.05537],[40.15559,-2.06042],[40.15628,-2.06389],[40.15825,-2.06683],[40.16637,-2.07246],[40.16393,-2.08125],[40.16393,-2.10625],[40.16461,-2.10972],[40.16986,-2.1179],[40.17234,-2.12039],[40.17734,-2.12191],[40.18233,-2.12038],[40.18481,-2.11788],[40.18632,-2.11285],[40.18563,-2.10939],[40.18191,-2.1035],[40.18191,-2.08273],[40.18561,-2.07163],[40.18606,-2.06829],[40.18444,-2.06356],[40.17875,-2.05901],[40.18448,-2.05305],[40.18583,-2.05003],[40.18599,-2.04671],[40.18496,-2.04356],[40.16154,-2.00063],[40.16506,-1.98303],[40.16508,-1.97955],[40.15541,-1.95542],[40.14857,-1.94832],[40.14857,-1.94523],[40.15268,-1.93232],[40.15236,-1.92866],[40.15021,-1.92502],[40.15205,-1.92222],[40.15274,-1.91875],[40.15274,-1.90625],[40.15168,-1.90208],[40.15274,-1.89792],[40.15205,-1.89445],[40.14624,-1.88542],[40.152,-1.87651],[40.15265,-1.87165],[40.14811,-1.85754],[40.14649,-1.85463],[40.12177,-1.83383],[40.11941,-1.8291],[40.11941,-1.82777],[40.12927,-1.82099],[40.13124,-1.81801],[40.13191,-1.8145],[40.13117,-1.811],[40.11941,-1.78355],[40.11941,-1.7695],[40.12297,-1.74812],[40.13455,-1.73629],[40.13607,-1.73125],[40.13538,-1.72361],[40.13342,-1.72067],[40.1262,-1.71564],[40.12772,-1.71107],[40.12728,-1.70756],[40.12553,-1.70448],[40.12143,-1.70166],[40.12311,-1.69663],[40.12355,-1.69311],[40.12048,-1.68542],[40.12678,-1.67282],[40.12773,-1.66918],[40.12627,-1.6638],[40.12317,-1.66042],[40.12705,-1.65556],[40.12756,-1.65031],[40.12621,-1.64704],[40.12138,-1.64196],[40.12328,-1.63772],[40.12346,-1.63396],[40.1221,-1.63046],[40.11941,-1.62749],[40.11921,-1.61688],[40.11772,-1.61347],[40.09575,-1.583],[40.09118,-1.58068],[40.08607,-1.58126],[40.08538,-1.57361],[40.08107,-1.56832],[40.08191,-1.56458],[40.08122,-1.56111],[40.07925,-1.55817],[40.07488,-1.5538],[40.07765,-1.54498],[40.07694,-1.54002],[40.07371,-1.53621],[40.06524,-1.53056],[40.06506,-1.51698],[40.06301,-1.51285],[40.06495,-1.50853],[40.0646,-1.5029],[40.05425,-1.48733],[40.04792,-1.4829],[40.05205,-1.47639],[40.05274,-1.47291],[40.05121,-1.46787],[40.04638,-1.46279],[40.04856,-1.45668],[40.04796,-1.45298],[40.0444,-1.44832],[40.04416,-1.41666],[40.02774,-1.38327],[40.02774,-1.36875],[40.02692,-1.36497],[40.01586,-1.34988],[40.01923,-1.33304],[40.01923,-1.32949],[40.01718,-1.32535],[40.01911,-1.32105],[40.01929,-1.3173],[40.01794,-1.3138],[40.01107,-1.30665],[40.01107,-1.30006],[40.01905,-1.28375],[40.01905,-1.27875],[40.01721,-1.27471],[40.0221,-1.26954],[40.02356,-1.26415],[40.02261,-1.26052],[40.00763,-1.23055],[40.01101,-1.21983],[40.0107,-1.21618],[40.00768,-1.21167],[39.99024,-1.19772],[39.99024,-1.19375],[39.98942,-1.18997],[39.97657,-1.1725],[39.96359,-1.14269],[39.96085,-1.14015],[39.94024,-1.12749],[39.94024,-1.12251],[39.9471,-1.11537],[39.94845,-1.11187],[39.94828,-1.10812],[39.94263,-1.09669],[39.93453,-1.09064],[39.93606,-1.08585],[39.93546,-1.08214],[39.93342,-1.079],[39.92612,-1.0717],[39.92464,-1.06875],[39.92744,-1.06272],[39.92762,-1.05896],[39.92627,-1.05546],[39.9194,-1.04832],[39.9194,-1.03958],[39.91871,-1.03611],[39.91675,-1.03317],[39.9069,-1.02332],[39.9069,-1.01458],[39.90621,-1.01111],[39.90425,-1.00817],[39.89701,-1.00093],[39.902,-0.99317],[39.90273,-0.98996],[39.90227,-0.98671],[39.89747,-0.97274],[39.88406,-0.95576],[39.88955,-0.94722],[39.89024,-0.94375],[39.88955,-0.94028],[39.87941,-0.92499],[39.87357,-0.92148],[39.87357,-0.91458],[39.87288,-0.91111],[39.87092,-0.90817],[39.86304,-0.90029],[39.86788,-0.89463],[39.86923,-0.89136],[39.86923,-0.87531],[39.86718,-0.87119],[39.87327,-0.85855],[39.87296,-0.85298],[39.87092,-0.84983],[39.8598,-0.83872],[39.84799,-0.80722],[39.83883,-0.7944],[39.84023,-0.78939],[39.83852,-0.78427],[39.83585,-0.78181],[39.82221,-0.77363],[39.82356,-0.76918],[39.82273,-0.76502],[39.83451,-0.75301],[39.83586,-0.74985],[39.83595,-0.74642],[39.83372,-0.74182],[39.82101,-0.73208],[39.8235,-0.72406],[39.82325,-0.72051],[39.82134,-0.71632],[39.82333,-0.7125],[39.82348,-0.70917],[39.8181,-0.69323],[39.81538,-0.69037],[39.80863,-0.68588],[39.81101,-0.67817],[39.81001,-0.67281],[39.80767,-0.67],[39.79024,-0.65605],[39.79024,-0.64792],[39.78955,-0.64444],[39.78261,-0.63372],[39.78606,-0.61925],[39.78489,-0.61428],[39.78267,-0.61167],[39.76184,-0.595],[39.75824,-0.59326],[39.75271,-0.59304],[39.74593,-0.58318],[39.74302,-0.58122],[39.73784,-0.58071],[39.73461,-0.58205],[39.73171,-0.5847],[39.72662,-0.5847],[39.72218,-0.58122],[39.71701,-0.58071],[39.71379,-0.58204],[39.70873,-0.58541],[39.70441,-0.57916],[39.69857,-0.57564],[39.69857,-0.55625],[39.69704,-0.55121],[39.69175,-0.54567],[39.68884,-0.54372],[39.68542,-0.54304],[39.68059,-0.54447],[39.67517,-0.54041],[39.67765,-0.5325],[39.67749,-0.52917],[39.67615,-0.52612],[39.66539,-0.51538],[39.66216,-0.51404],[39.65843,-0.51412],[39.65426,-0.50818],[39.65177,-0.50645],[39.65273,-0.50163],[39.65111,-0.49689],[39.64871,-0.49454],[39.63879,-0.48792],[39.6368,-0.48195],[39.64407,-0.46703],[39.64399,-0.46189],[39.64115,-0.45761],[39.6209,-0.44074],[39.6235,-0.43239],[39.62325,-0.42885],[39.62134,-0.42465],[39.6234,-0.42052],[39.6234,-0.41698],[39.62204,-0.41371],[39.61721,-0.40862],[39.61937,-0.40285],[39.61836,-0.39785],[39.60562,-0.38167],[39.6069,-0.37708],[39.6069,-0.36042],[39.60538,-0.35537],[39.57925,-0.329],[39.57574,-0.32683],[39.5694,-0.32472],[39.56923,-0.32114],[39.56788,-0.31787],[39.56107,-0.31082],[39.56107,-0.30208],[39.56038,-0.29861],[39.55842,-0.29566],[39.55008,-0.28733],[39.54698,-0.28531],[39.54333,-0.28471],[39.53975,-0.28565],[39.53542,-0.28782],[39.52935,-0.285],[39.52636,-0.28478],[39.51524,-0.26623],[39.51506,-0.25864],[39.51258,-0.254],[39.49872,-0.24038],[39.4955,-0.23904],[39.48604,-0.23887],[39.4819,-0.23266],[39.48175,-0.22541],[39.47953,-0.22095],[39.45997,-0.20635],[39.45625,-0.20554],[39.45211,-0.20554],[39.43397,-0.18377],[39.43123,-0.18156],[39.4261,-0.18059],[39.3933,-0.18424],[39.3702,-0.15752],[39.36731,-0.15596],[39.36405,-0.15555],[39.34896,-0.15917],[39.34526,-0.15732],[39.32563,-0.13377],[39.32255,-0.13138],[39.3207,-0.13075],[39.28542,-0.13054],[39.28142,-0.13148],[39.27497,-0.1347],[39.23912,-0.1347],[39.22789,-0.12371],[39.22292,-0.1222],[39.21794,-0.12371],[39.20767,-0.13374],[39.19592,-0.1308],[39.18912,-0.13054],[39.18342,-0.12483],[39.18051,-0.12289],[39.17708,-0.1222],[39.17146,-0.1222],[39.16121,-0.11537],[39.15799,-0.11404],[39.13604,-0.11387],[39.12926,-0.10401],[39.12635,-0.10206],[39.12245,-0.10137],[39.11738,-0.0963],[39.10859,-0.08335],[39.09228,-0.07095],[39.07654,-0.04341],[39.0744,-0.04088],[39.07149,-0.0393],[39.06658,-0.03914],[39.03937,-0.04594],[39.03339,-0.0373],[39.03035,-0.03532],[39.02679,-0.03471],[39.02171,-0.03649],[39.0088,-0.04618],[38.99914,-0.04312],[38.9943,-0.0438],[38.98892,-0.04833],[38.97843,-0.05183],[38.97531,-0.05363],[38.96221,-0.07079],[38.94051,-0.08887],[38.93187,-0.08887],[38.92503,-0.07895],[38.92193,-0.07696],[38.91831,-0.07638],[38.91475,-0.07731],[38.89211,-0.08863],[38.85564,-0.08472],[38.85254,-0.08551],[38.84892,-0.08833],[38.82713,-0.08521],[38.81956,-0.07788],[38.81633,-0.07654],[38.79622,-0.07637],[38.77577,-0.06434],[38.77197,-0.06392],[38.76006,-0.06767],[38.74687,-0.06437],[38.72914,-0.05578],[38.71782,-0.05554],[38.69531,-0.03678],[38.69241,-0.03516],[38.68912,-0.03471],[38.68445,-0.03633],[38.68212,-0.03871],[38.67759,-0.0455],[38.65907,-0.03933],[38.65587,-0.03888],[38.65272,-0.0396],[38.64443,-0.04495],[38.62041,-0.02436],[38.61746,-0.02268],[38.61242,-0.02247],[38.60066,-0.02541],[38.59592,-0.02066],[38.59301,-0.01872],[38.58958,-0.01804],[38.58164,-0.01804]]]}},{"type":"Feature","properties":{"buffer_km":5,"label":"5 km Tana asset-capture buffer","color":"#00e5ff"},"geometry":{"type":"Polygon","coordinates":[[[38.56445,-0.06888],[38.55668,-0.0647],[38.54987,-0.05907],[38.54428,-0.05221],[38.54013,-0.04439],[38.53757,-0.03591],[38.53671,-0.02708],[38.53757,-0.01826],[38.54013,-0.00977],[38.54428,-0.00195],[38.54987,0.0049],[38.55668,0.01053],[38.56445,0.01471],[38.57288,0.01728],[38.58164,0.01815],[38.58958,0.01815],[38.59831,0.01729],[38.60671,0.01474],[38.6091,0.01346],[38.61217,0.01392],[38.62068,0.01357],[38.62897,0.01161],[38.63674,0.00811],[38.64371,0.00319],[38.65112,-0.00316],[38.65436,-0.00272],[38.66247,-0.00312],[38.66785,-0.00438],[38.67115,-0.00249],[38.67903,0.00022],[38.68728,0.00143],[38.6956,0.00108],[38.70372,-0.00081],[38.71135,-0.00418],[38.71823,-0.0089],[38.73137,-0.01985],[38.73735,-0.02054],[38.74707,-0.02407],[38.75885,-0.02996],[38.76819,-0.02793],[38.7778,-0.02795],[38.78719,-0.03002],[38.79592,-0.03406],[38.80612,-0.04018],[38.81458,-0.04018],[38.82331,-0.04104],[38.83171,-0.04359],[38.83945,-0.04774],[38.84302,-0.05067],[38.85318,-0.04862],[38.86118,-0.04879],[38.88557,-0.0515],[38.89876,-0.0449],[38.90741,-0.04164],[38.91653,-0.04024],[38.92575,-0.04073],[38.93467,-0.04312],[38.93703,-0.04431],[38.94539,-0.03316],[38.95153,-0.02649],[38.95888,-0.02119],[38.97072,-0.01628],[38.97981,-0.01068],[38.98762,-0.00805],[38.99578,-0.0069],[39.00082,-0.00712],[39.00803,-0.00278],[39.01661,0.00024],[39.02561,0.00146],[39.03467,0.00084],[39.04342,-0.00161],[39.05129,-0.00567],[39.06611,-0.00276],[39.07439,-0.00304],[39.08247,-0.00484],[39.09009,-0.00811],[39.09699,-0.01273],[39.10292,-0.01855],[39.1077,-0.02536],[39.11972,-0.0464],[39.13463,-0.05839],[39.14341,-0.0704],[39.14783,-0.07277],[39.15379,-0.07768],[39.16496,-0.07854],[39.17333,-0.08108],[39.18318,-0.08662],[39.19421,-0.08943],[39.2,-0.09253],[39.20579,-0.08943],[39.21419,-0.08688],[39.22292,-0.08601],[39.23165,-0.08688],[39.24004,-0.08943],[39.24779,-0.09357],[39.2538,-0.09851],[39.26696,-0.09851],[39.27515,-0.09554],[39.28542,-0.09435],[39.31875,-0.09435],[39.32848,-0.09542],[39.33774,-0.09859],[39.34611,-0.1037],[39.35317,-0.11051],[39.36075,-0.11961],[39.37014,-0.1197],[39.37819,-0.12147],[39.38579,-0.1247],[39.39267,-0.12927],[39.3986,-0.13503],[39.40816,-0.14618],[39.42215,-0.14462],[39.43097,-0.14452],[39.43964,-0.14615],[39.44782,-0.14945],[39.4552,-0.1543],[39.46151,-0.16051],[39.47125,-0.17221],[39.47485,-0.17341],[39.48309,-0.17831],[39.49976,-0.19081],[39.50596,-0.19643],[39.51103,-0.20312],[39.51311,-0.20729],[39.51862,-0.21024],[39.52542,-0.21582],[39.53792,-0.22832],[39.54355,-0.23519],[39.54773,-0.24304],[39.54954,-0.24902],[39.5599,-0.25154],[39.56818,-0.25579],[39.57542,-0.26166],[39.58375,-0.26999],[39.58938,-0.27686],[39.59357,-0.2847],[39.59614,-0.29322],[39.59643,-0.29613],[39.59789,-0.29803],[39.60458,-0.30332],[39.62958,-0.32832],[39.63521,-0.33519],[39.6394,-0.34304],[39.64198,-0.35155],[39.64285,-0.36042],[39.64285,-0.37051],[39.65012,-0.3809],[39.65339,-0.38886],[39.65512,-0.3996],[39.65864,-0.40989],[39.65952,-0.41875],[39.65897,-0.42549],[39.67015,-0.43589],[39.67496,-0.4431],[39.67831,-0.4511],[39.68008,-0.4596],[39.6802,-0.46828],[39.6791,-0.47441],[39.68054,-0.47611],[39.68531,-0.48527],[39.69208,-0.49083],[39.70042,-0.49916],[39.70575,-0.50559],[39.71034,-0.51445],[39.72125,-0.52416],[39.72688,-0.53103],[39.73107,-0.53887],[39.73292,-0.54501],[39.73963,-0.54435],[39.74836,-0.54522],[39.75677,-0.54779],[39.76451,-0.55195],[39.77131,-0.55755],[39.77385,-0.56066],[39.7842,-0.56667],[39.80504,-0.58334],[39.81121,-0.58932],[39.81614,-0.59638],[39.81964,-0.60425],[39.8216,-0.61264],[39.82195,-0.62126],[39.82103,-0.62734],[39.82274,-0.63055],[39.82485,-0.63752],[39.83658,-0.6481],[39.84169,-0.65573],[39.84517,-0.66425],[39.84651,-0.67141],[39.84885,-0.67449],[39.85301,-0.68353],[39.85718,-0.69603],[39.85909,-0.70418],[39.85947,-0.71254],[39.85895,-0.71622],[39.86543,-0.72433],[39.86918,-0.73209],[39.8714,-0.74042],[39.872,-0.74903],[39.87098,-0.7576],[39.86866,-0.76483],[39.87217,-0.77089],[39.87507,-0.77956],[39.87552,-0.78331],[39.88162,-0.79444],[39.89067,-0.81858],[39.89625,-0.82416],[39.90218,-0.83148],[39.90647,-0.83988],[39.90893,-0.84899],[39.90946,-0.85842],[39.90804,-0.86775],[39.90518,-0.87536],[39.90535,-0.88958],[39.90483,-0.89488],[39.90784,-0.90306],[39.91856,-0.91855],[39.92274,-0.92639],[39.92531,-0.9349],[39.92618,-0.94375],[39.92555,-0.95018],[39.929,-0.95537],[39.93218,-0.9627],[39.93635,-0.9752],[39.93824,-0.98324],[39.93864,-0.99149],[39.93819,-0.99493],[39.9394,-0.99721],[39.94216,-1.00759],[39.94772,-1.01436],[39.9519,-1.02221],[39.95448,-1.03072],[39.95477,-1.0337],[39.95635,-1.03565],[39.96064,-1.04405],[39.9631,-1.05316],[39.96344,-1.05911],[39.96897,-1.06905],[39.97022,-1.07367],[39.97556,-1.08175],[39.97972,-1.09008],[39.98304,-1.09891],[39.98447,-1.10825],[39.98421,-1.11279],[39.98676,-1.11471],[39.99293,-1.12179],[39.99751,-1.13],[40.00787,-1.15417],[40.01711,-1.1665],[40.02208,-1.17485],[40.02304,-1.17774],[40.03004,-1.18334],[40.03659,-1.18977],[40.0417,-1.1974],[40.04517,-1.20591],[40.04686,-1.21496],[40.0467,-1.22416],[40.04607,-1.22695],[40.05472,-1.24425],[40.05804,-1.25308],[40.05947,-1.26241],[40.05894,-1.27184],[40.05647,-1.28095],[40.05516,-1.28353],[40.05361,-1.29374],[40.05114,-1.30009],[40.05231,-1.30238],[40.05477,-1.31149],[40.0553,-1.32092],[40.05472,-1.32475],[40.05536,-1.3313],[40.05429,-1.34107],[40.05958,-1.34985],[40.06265,-1.35908],[40.06369,-1.37468],[40.07556,-1.39842],[40.07914,-1.4083],[40.08036,-1.41875],[40.08036,-1.43769],[40.08148,-1.43988],[40.08394,-1.44899],[40.0842,-1.45359],[40.08782,-1.46405],[40.08862,-1.47363],[40.09357,-1.48105],[40.09799,-1.48949],[40.10056,-1.49868],[40.10115,-1.50821],[40.10059,-1.51193],[40.10554,-1.51778],[40.1097,-1.52512],[40.11243,-1.53311],[40.11363,-1.54147],[40.11346,-1.54544],[40.11631,-1.55347],[40.12039,-1.55666],[40.12608,-1.56319],[40.14691,-1.59235],[40.15154,-1.60049],[40.15439,-1.60942],[40.15511,-1.61637],[40.15648,-1.61905],[40.15894,-1.62816],[40.1592,-1.63276],[40.16282,-1.64322],[40.16369,-1.65208],[40.16286,-1.66056],[40.16364,-1.67092],[40.16222,-1.68025],[40.15908,-1.68859],[40.15938,-1.6916],[40.16204,-1.69899],[40.16439,-1.70187],[40.16858,-1.70971],[40.17116,-1.71822],[40.17203,-1.73125],[40.17116,-1.74011],[40.16858,-1.74862],[40.1644,-1.75646],[40.15652,-1.76558],[40.15536,-1.77608],[40.16419,-1.79667],[40.16689,-1.80524],[40.16786,-1.81417],[40.16671,-1.8243],[40.17414,-1.83149],[40.17884,-1.83839],[40.1822,-1.84603],[40.18636,-1.85853],[40.18825,-1.86657],[40.18866,-1.87482],[40.18675,-1.88551],[40.18783,-1.88907],[40.1887,-1.89793],[40.18838,-1.93661],[40.18767,-1.9398],[40.19795,-1.96436],[40.2004,-1.97276],[40.2012,-1.98147],[40.19939,-1.99481],[40.21649,-2.02616],[40.21979,-2.03379],[40.22164,-2.04191],[40.22198,-2.05023],[40.22081,-2.05836],[40.22198,-2.06647],[40.22162,-2.07491],[40.21787,-2.08863],[40.21787,-2.09369],[40.2214,-2.10396],[40.22228,-2.11278],[40.22143,-2.12161],[40.21889,-2.1301],[40.21475,-2.13792],[40.20917,-2.14479],[40.20237,-2.15042],[40.1946,-2.15462],[40.18617,-2.1572],[40.1774,-2.15809],[40.16863,-2.15724],[40.16019,-2.15468],[40.15241,-2.15051],[40.14559,-2.1449],[40.13999,-2.13806],[40.13558,-2.13144],[40.1314,-2.12361],[40.12883,-2.1151],[40.12796,-2.10625],[40.12796,-2.08648],[40.12308,-2.07779],[40.1205,-2.06927],[40.11963,-2.06042],[40.1205,-2.05156],[40.12311,-2.04298],[40.11267,-2.02384],[40.10951,-2.0166],[40.10765,-2.00892],[40.10714,-2.00102],[40.10949,-1.98576],[40.10226,-1.9773],[40.09808,-1.96945],[40.0955,-1.96094],[40.09463,-1.94563],[40.0932,-1.94261],[40.09104,-1.93431],[40.09049,-1.92576],[40.09154,-1.91725],[40.09515,-1.90732],[40.09488,-1.9046],[40.09134,-1.89427],[40.09047,-1.88542],[40.09112,-1.87876],[40.08591,-1.87442],[40.07942,-1.86776],[40.07443,-1.85991],[40.07026,-1.85158],[40.06668,-1.8417],[40.06547,-1.83125],[40.06547,-1.82292],[40.06634,-1.81406],[40.06957,-1.80432],[40.0664,-1.79456],[40.06547,-1.78542],[40.06547,-1.76875],[40.06609,-1.76127],[40.07026,-1.73627],[40.07163,-1.73126],[40.06736,-1.71921],[40.06564,-1.71013],[40.06579,-1.70089],[40.06687,-1.69605],[40.06567,-1.68963],[40.06567,-1.68121],[40.06735,-1.6726],[40.06634,-1.66927],[40.06547,-1.66042],[40.06631,-1.65194],[40.06552,-1.64158],[40.06611,-1.63774],[40.06576,-1.63421],[40.06054,-1.63142],[40.05374,-1.62583],[40.0454,-1.6175],[40.03977,-1.61063],[40.03559,-1.60279],[40.03378,-1.59682],[40.03144,-1.59397],[40.02726,-1.58612],[40.02457,-1.57651],[40.02085,-1.56667],[40.02022,-1.5622],[40.01476,-1.55279],[40.01218,-1.54428],[40.01131,-1.53314],[40.01019,-1.53095],[40.00766,-1.52072],[40.00374,-1.5175],[39.99811,-1.51064],[39.99393,-1.5028],[39.99135,-1.49429],[39.99047,-1.48543],[39.99187,-1.47484],[39.99106,-1.47184],[39.99053,-1.46242],[39.99111,-1.45858],[39.99048,-1.45208],[39.99048,-1.42949],[39.97861,-1.40575],[39.97503,-1.39586],[39.97381,-1.3839],[39.9655,-1.37115],[39.96243,-1.36213],[39.96131,-1.35266],[39.96308,-1.33873],[39.96189,-1.33434],[39.96163,-1.32974],[39.95801,-1.31928],[39.95714,-1.31042],[39.95714,-1.29792],[39.95836,-1.28747],[39.9618,-1.27797],[39.96136,-1.27508],[39.96189,-1.26566],[39.96292,-1.26187],[39.95778,-1.25158],[39.95459,-1.24326],[39.95366,-1.23779],[39.94745,-1.23189],[39.9427,-1.22532],[39.93919,-1.218],[39.93701,-1.20983],[39.93288,-1.20433],[39.92749,-1.195],[39.92075,-1.17927],[39.91241,-1.17427],[39.90375,-1.1675],[39.89395,-1.15647],[39.88976,-1.14863],[39.88718,-1.14011],[39.88631,-1.13125],[39.88631,-1.11971],[39.88092,-1.10983],[39.87853,-1.10078],[39.87832,-1.09684],[39.87139,-1.08124],[39.86984,-1.07117],[39.86617,-1.05908],[39.86062,-1.0523],[39.85643,-1.04446],[39.85367,-1.03408],[39.84812,-1.02731],[39.84393,-1.01947],[39.84135,-1.01095],[39.84048,-1.0021],[39.84135,-0.99324],[39.8423,-0.99009],[39.83792,-0.98462],[39.83278,-0.97659],[39.82943,-0.96766],[39.82802,-0.95821],[39.82832,-0.95348],[39.82639,-0.95091],[39.82269,-0.94344],[39.82029,-0.93401],[39.81449,-0.92685],[39.8102,-0.91845],[39.80773,-0.90934],[39.8072,-0.89991],[39.80863,-0.89058],[39.81219,-0.88126],[39.81137,-0.87075],[39.81235,-0.86432],[39.81004,-0.85972],[39.79983,-0.83248],[39.78861,-0.81666],[39.78062,-0.81094],[39.77488,-0.80476],[39.77037,-0.79761],[39.76728,-0.78974],[39.76569,-0.78142],[39.76609,-0.77072],[39.76548,-0.76458],[39.76635,-0.75572],[39.76805,-0.75012],[39.76568,-0.73968],[39.76578,-0.73024],[39.76685,-0.72538],[39.76628,-0.72165],[39.76113,-0.71556],[39.75697,-0.70822],[39.75425,-0.70023],[39.75365,-0.69612],[39.74745,-0.69022],[39.7427,-0.68366],[39.73919,-0.67634],[39.73704,-0.66851],[39.73645,-0.66189],[39.73122,-0.65226],[39.72862,-0.64274],[39.72316,-0.63981],[39.7149,-0.6423],[39.70617,-0.64315],[39.69744,-0.64227],[39.68904,-0.6397],[39.68131,-0.63554],[39.67452,-0.62994],[39.66693,-0.6201],[39.66254,-0.61737],[39.6564,-0.61175],[39.65139,-0.60508],[39.64769,-0.5976],[39.64542,-0.58957],[39.64504,-0.5855],[39.63774,-0.58002],[39.63085,-0.57363],[39.62542,-0.56593],[39.62208,-0.55813],[39.61888,-0.55642],[39.61208,-0.55084],[39.60258,-0.54025],[39.59852,-0.53294],[39.59586,-0.52501],[39.5952,-0.52031],[39.59281,-0.51718],[39.58865,-0.50814],[39.58448,-0.49564],[39.58251,-0.48694],[39.58229,-0.47903],[39.57544,-0.47215],[39.57053,-0.46457],[39.56721,-0.45615],[39.56562,-0.44724],[39.56582,-0.43819],[39.56685,-0.43367],[39.56641,-0.43079],[39.56436,-0.42679],[39.5619,-0.41768],[39.56165,-0.41324],[39.55366,-0.40167],[39.55032,-0.39283],[39.54887,-0.38348],[39.54931,-0.37557],[39.53777,-0.37032],[39.53023,-0.36475],[39.52399,-0.35774],[39.52029,-0.35125],[39.51729,-0.35146],[39.50829,-0.35024],[39.49972,-0.34723],[39.49193,-0.34254],[39.48523,-0.33637],[39.4799,-0.32897],[39.47615,-0.32064],[39.47199,-0.30814],[39.47008,-0.29999],[39.46988,-0.29563],[39.46706,-0.29063],[39.46409,-0.28972],[39.45633,-0.28556],[39.44953,-0.27996],[39.44394,-0.27313],[39.43381,-0.25725],[39.42893,-0.25558],[39.42056,-0.25047],[39.41349,-0.24366],[39.40811,-0.2372],[39.39451,-0.23871],[39.38582,-0.23883],[39.37727,-0.23725],[39.36918,-0.23405],[39.36185,-0.22934],[39.35556,-0.2233],[39.34743,-0.21381],[39.34304,-0.21372],[39.33529,-0.21216],[39.3196,-0.2051],[39.31179,-0.20013],[39.30516,-0.19366],[39.29779,-0.18482],[39.29554,-0.18482],[39.28735,-0.18779],[39.27708,-0.18899],[39.23542,-0.18899],[39.22669,-0.18812],[39.22288,-0.18697],[39.21788,-0.18836],[39.2087,-0.18895],[39.19959,-0.18765],[39.18825,-0.18482],[39.17669,-0.18396],[39.16829,-0.18141],[39.16055,-0.17726],[39.1577,-0.17492],[39.15167,-0.17309],[39.14272,-0.16815],[39.13125,-0.16815],[39.1225,-0.16729],[39.11409,-0.16472],[39.10633,-0.16056],[39.09953,-0.15496],[39.09394,-0.14812],[39.08708,-0.14251],[39.07875,-0.13418],[39.06906,-0.12123],[39.05857,-0.11336],[39.05182,-0.10712],[39.04675,-0.10003],[39.03719,-0.10145],[39.02807,-0.10088],[39.02313,-0.09952],[39.0133,-0.10139],[39.00697,-0.10119],[38.9974,-0.11193],[38.9724,-0.13276],[38.96602,-0.13721],[38.95898,-0.14048],[38.95148,-0.14248],[38.94375,-0.14315],[38.92708,-0.14315],[38.91834,-0.14229],[38.91018,-0.1398],[38.90576,-0.14151],[38.89736,-0.14301],[38.88882,-0.14288],[38.86686,-0.14044],[38.86225,-0.14198],[38.85404,-0.14311],[38.84577,-0.1427],[38.8166,-0.13854],[38.80731,-0.13617],[38.79722,-0.13065],[38.78574,-0.12993],[38.77799,-0.12778],[38.76669,-0.12184],[38.75792,-0.12225],[38.74959,-0.12099],[38.73292,-0.11682],[38.72376,-0.11343],[38.71654,-0.10982],[38.70685,-0.10915],[38.69936,-0.10714],[38.69231,-0.10387],[38.68789,-0.10079],[38.68356,-0.10143],[38.67524,-0.10108],[38.66203,-0.09749],[38.65339,-0.10043],[38.64519,-0.10146],[38.63693,-0.10096],[38.62891,-0.09895],[38.62138,-0.09548],[38.61462,-0.09069],[38.60241,-0.08022],[38.59964,-0.08062],[38.59046,-0.08002],[38.58159,-0.07756],[38.57341,-0.07333],[38.57002,-0.07058],[38.56445,-0.06888]],[[38.59307,-0.00933],[38.57814,-0.00934],[38.57166,-0.01204],[38.56893,-0.01429],[38.56504,-0.02016],[38.56402,-0.02355],[38.56402,-0.03061],[38.5667,-0.03714],[38.56893,-0.03988],[38.57477,-0.0438],[38.58217,-0.04518],[38.58811,-0.05058],[38.59493,-0.05326],[38.60225,-0.05298],[38.60996,-0.05105],[38.6321,-0.07003],[38.63781,-0.07333],[38.64432,-0.07434],[38.64761,-0.07392],[38.65076,-0.07291],[38.65889,-0.06786],[38.67885,-0.07418],[38.68547,-0.07384],[38.68862,-0.07275],[38.69285,-0.06997],[38.70312,-0.07852],[38.70849,-0.08161],[38.71458,-0.08268],[38.72287,-0.08268],[38.73942,-0.09048],[38.75608,-0.09464],[38.76278,-0.09502],[38.77077,-0.09269],[38.78745,-0.10236],[38.79375,-0.10351],[38.80717,-0.10351],[38.81324,-0.109],[38.81668,-0.11072],[38.82039,-0.11167],[38.84956,-0.11583],[38.85615,-0.11554],[38.86247,-0.11265],[38.89519,-0.11595],[38.90174,-0.11412],[38.91269,-0.10865],[38.91712,-0.11297],[38.92358,-0.11567],[38.94684,-0.11574],[38.95266,-0.11363],[38.95521,-0.11186],[38.98021,-0.09102],[38.99222,-0.07582],[39.00163,-0.07238],[39.00813,-0.0742],[39.01497,-0.07375],[39.01821,-0.07256],[39.02305,-0.06934],[39.02895,-0.07313],[39.03613,-0.07433],[39.05993,-0.06877],[39.07198,-0.0891],[39.08888,-0.10224],[39.09775,-0.11492],[39.10608,-0.12325],[39.1088,-0.12549],[39.11256,-0.12734],[39.11856,-0.13573],[39.12439,-0.13964],[39.13125,-0.14101],[39.15084,-0.14101],[39.16192,-0.14799],[39.16527,-0.149],[39.16967,-0.14934],[39.17547,-0.15465],[39.17857,-0.15631],[39.18193,-0.15733],[39.19155,-0.15768],[39.20973,-0.16183],[39.21695,-0.16061],[39.22292,-0.15672],[39.22857,-0.16048],[39.23542,-0.16184],[39.27708,-0.16184],[39.28119,-0.16137],[39.28963,-0.15768],[39.31037,-0.15768],[39.32581,-0.17621],[39.33159,-0.18079],[39.33992,-0.18496],[39.34597,-0.18674],[39.34913,-0.1868],[39.35819,-0.18482],[39.37598,-0.20557],[39.38142,-0.20987],[39.38466,-0.21115],[39.39156,-0.21173],[39.4195,-0.20863],[39.43697,-0.22894],[39.44032,-0.23098],[39.44403,-0.23225],[39.45029,-0.23268],[39.45502,-0.23623],[39.45632,-0.24236],[39.45799,-0.2455],[39.46856,-0.26073],[39.47439,-0.26464],[39.47775,-0.26566],[39.48634,-0.26601],[39.48828,-0.26795],[39.48944,-0.27516],[39.49733,-0.28888],[39.49663,-0.2929],[39.49754,-0.29951],[39.50171,-0.31201],[39.50534,-0.3183],[39.51114,-0.32264],[39.51457,-0.32385],[39.52179,-0.32408],[39.52852,-0.32144],[39.53424,-0.31593],[39.53549,-0.32154],[39.53716,-0.32467],[39.54244,-0.33045],[39.54283,-0.335],[39.54585,-0.34184],[39.55136,-0.34688],[39.56325,-0.35125],[39.57994,-0.36795],[39.57994,-0.36982],[39.57699,-0.37471],[39.57601,-0.37836],[39.57638,-0.38588],[39.57975,-0.3926],[39.58933,-0.40458],[39.5883,-0.40955],[39.58851,-0.41332],[39.5895,-0.41697],[39.59257,-0.422],[39.59303,-0.42752],[39.59516,-0.43265],[39.59258,-0.44153],[39.59313,-0.44871],[39.59643,-0.45511],[39.61292,-0.46933],[39.60976,-0.47644],[39.60925,-0.48353],[39.61421,-0.49951],[39.61588,-0.50312],[39.61829,-0.50628],[39.62238,-0.50954],[39.62163,-0.51543],[39.62209,-0.51875],[39.62478,-0.52485],[39.6338,-0.53382],[39.6369,-0.53548],[39.64093,-0.53656],[39.64356,-0.5399],[39.64672,-0.54237],[39.64743,-0.54916],[39.65109,-0.5557],[39.67161,-0.57142],[39.67192,-0.58458],[39.67431,-0.59078],[39.67876,-0.5957],[39.68565,-0.59949],[39.69133,-0.608],[39.69627,-0.61297],[39.69937,-0.61463],[39.70622,-0.61601],[39.71307,-0.61466],[39.71874,-0.61129],[39.73278,-0.61184],[39.73795,-0.61714],[39.74442,-0.61983],[39.74998,-0.62018],[39.75682,-0.62565],[39.75496,-0.63474],[39.75521,-0.63852],[39.75799,-0.6455],[39.76328,-0.65343],[39.76328,-0.66042],[39.76443,-0.66679],[39.76773,-0.67234],[39.78103,-0.68336],[39.77997,-0.6905],[39.78154,-0.69704],[39.78538,-0.70255],[39.79357,-0.70838],[39.79246,-0.71545],[39.79303,-0.71918],[39.79516,-0.72431],[39.79256,-0.73335],[39.79252,-0.73712],[39.79475,-0.74429],[39.79962,-0.74987],[39.7955,-0.75449],[39.79279,-0.76104],[39.79244,-0.76458],[39.79362,-0.77086],[39.79252,-0.77543],[39.79316,-0.78214],[39.7962,-0.78815],[39.7985,-0.79063],[39.80956,-0.79763],[39.81083,-0.80148],[39.81274,-0.80465],[39.82368,-0.81924],[39.83527,-0.85014],[39.837,-0.85359],[39.84267,-0.85984],[39.83887,-0.86832],[39.8383,-0.87205],[39.8395,-0.87947],[39.8416,-0.8833],[39.8347,-0.89748],[39.83434,-0.90499],[39.83704,-0.91199],[39.84661,-0.92211],[39.84692,-0.93041],[39.84931,-0.93662],[39.85376,-0.94153],[39.85908,-0.94453],[39.85622,-0.94955],[39.8552,-0.95322],[39.85496,-0.95704],[39.85552,-0.96081],[39.85686,-0.96439],[39.87357,-0.98591],[39.8739,-0.9869],[39.86882,-0.99514],[39.86779,-0.99855],[39.86779,-1.00563],[39.8705,-1.01217],[39.87994,-1.02211],[39.88029,-1.03063],[39.883,-1.03717],[39.89244,-1.04711],[39.89279,-1.05563],[39.89382,-1.05903],[39.89721,-1.06426],[39.89669,-1.07043],[39.89731,-1.07375],[39.90269,-1.08522],[39.90552,-1.08926],[39.90516,-1.09656],[39.90612,-1.10018],[39.91012,-1.10645],[39.91539,-1.11043],[39.91362,-1.11521],[39.91328,-1.11875],[39.91328,-1.13125],[39.91465,-1.1382],[39.91633,-1.14134],[39.92275,-1.14825],[39.92621,-1.15096],[39.94205,-1.16046],[39.95225,-1.18425],[39.96328,-1.19981],[39.96357,-1.20532],[39.96583,-1.21138],[39.97007,-1.21625],[39.98103,-1.22502],[39.98008,-1.22897],[39.98059,-1.23605],[39.99273,-1.26113],[39.98949,-1.26637],[39.98851,-1.27001],[39.98887,-1.27752],[39.99029,-1.28125],[39.98603,-1.28978],[39.98459,-1.29374],[39.98411,-1.29792],[39.98446,-1.31396],[39.98549,-1.31737],[39.98885,-1.32257],[39.98851,-1.32999],[39.99101,-1.3366],[39.98863,-1.34851],[39.98872,-1.3561],[39.98995,-1.35971],[39.9919,-1.36298],[40.00077,-1.37481],[40.00126,-1.3896],[40.00269,-1.39355],[40.01744,-1.42305],[40.01744,-1.45208],[40.01863,-1.4584],[40.01746,-1.46372],[40.01767,-1.46749],[40.01866,-1.47113],[40.02075,-1.47495],[40.01779,-1.48188],[40.01779,-1.48896],[40.02049,-1.49551],[40.02275,-1.49825],[40.03556,-1.50769],[40.03413,-1.51372],[40.03434,-1.51749],[40.03533,-1.52113],[40.03827,-1.52601],[40.03827,-1.53542],[40.03965,-1.54237],[40.04358,-1.54825],[40.04738,-1.5512],[40.04663,-1.5571],[40.04709,-1.56042],[40.04815,-1.56359],[40.05086,-1.56782],[40.05112,-1.57229],[40.05215,-1.5757],[40.05383,-1.57884],[40.05911,-1.58461],[40.05945,-1.58896],[40.06216,-1.5955],[40.07546,-1.60882],[40.07856,-1.61048],[40.08318,-1.61162],[40.09244,-1.62458],[40.09244,-1.63125],[40.09363,-1.63756],[40.09246,-1.64288],[40.09267,-1.64665],[40.09456,-1.65207],[40.09279,-1.65687],[40.09244,-1.66042],[40.09382,-1.66737],[40.09689,-1.67221],[40.09314,-1.68042],[40.09252,-1.68373],[40.09314,-1.69041],[40.09516,-1.69515],[40.09257,-1.7041],[40.0925,-1.7078],[40.09319,-1.71143],[40.09663,-1.71785],[40.09778,-1.72518],[40.10163,-1.73126],[40.09785,-1.73715],[40.09685,-1.74076],[40.09269,-1.76576],[40.09281,-1.78907],[40.10046,-1.80786],[40.09549,-1.81283],[40.09279,-1.81937],[40.09244,-1.83125],[40.09292,-1.83543],[40.09436,-1.83938],[40.10052,-1.85085],[40.12363,-1.87062],[40.11881,-1.87847],[40.11744,-1.88542],[40.11881,-1.89236],[40.12213,-1.89796],[40.1216,-1.90208],[40.12195,-1.90563],[40.12473,-1.91226],[40.12056,-1.91689],[40.11892,-1.91989],[40.11744,-1.92655],[40.11767,-1.92998],[40.12,-1.93639],[40.12221,-1.93933],[40.1216,-1.95208],[40.12298,-1.95903],[40.12691,-1.96491],[40.13262,-1.97062],[40.13756,-1.98299],[40.13411,-2.00166],[40.13505,-2.00789],[40.15481,-2.04468],[40.14966,-2.05033],[40.14798,-2.05347],[40.1466,-2.06042],[40.14798,-2.06737],[40.14966,-2.0705],[40.15191,-2.07325],[40.1557,-2.07619],[40.15494,-2.08125],[40.15528,-2.10979],[40.15798,-2.11633],[40.16239,-2.12294],[40.16736,-2.12792],[40.17047,-2.12959],[40.17736,-2.13095],[40.18086,-2.1306],[40.18734,-2.12789],[40.19229,-2.12289],[40.19395,-2.11976],[40.19531,-2.11283],[40.19393,-2.10591],[40.1909,-2.10075],[40.1909,-2.0842],[40.19413,-2.0745],[40.19504,-2.06784],[40.19347,-2.0613],[40.19177,-2.05832],[40.19457,-2.05214],[40.1949,-2.04551],[40.19285,-2.03921],[40.17101,-1.99917],[40.17388,-1.98482],[40.17391,-1.97785],[40.1646,-1.95366],[40.1629,-1.95042],[40.1581,-1.94509],[40.1616,-1.9334],[40.16166,-1.9297],[40.16055,-1.92504],[40.16173,-1.91875],[40.16173,-1.90625],[40.16119,-1.90208],[40.16173,-1.89792],[40.16035,-1.89098],[40.15707,-1.88542],[40.16025,-1.88009],[40.16128,-1.87695],[40.16171,-1.87368],[40.1608,-1.86716],[40.15663,-1.85466],[40.1534,-1.84885],[40.13175,-1.8304],[40.13561,-1.82739],[40.13788,-1.82461],[40.13955,-1.82144],[40.14089,-1.81442],[40.13943,-1.80742],[40.1284,-1.78168],[40.1284,-1.77026],[40.13136,-1.75248],[40.14201,-1.74134],[40.14368,-1.7382],[40.14506,-1.73125],[40.14471,-1.72354],[40.14368,-1.72013],[40.13976,-1.71425],[40.13667,-1.71177],[40.13581,-1.7047],[40.13436,-1.70145],[40.13193,-1.69818],[40.13252,-1.69246],[40.13054,-1.68542],[40.13614,-1.67335],[40.13649,-1.66585],[40.1346,-1.66043],[40.13638,-1.65563],[40.13638,-1.64854],[40.13535,-1.64513],[40.13198,-1.63993],[40.13233,-1.63251],[40.13134,-1.62887],[40.12839,-1.62399],[40.12801,-1.61502],[40.12686,-1.61145],[40.10418,-1.57902],[40.09918,-1.57429],[40.09431,-1.57221],[40.09368,-1.57013],[40.0908,-1.56553],[40.09055,-1.56104],[40.08951,-1.55763],[40.08784,-1.5545],[40.08518,-1.55134],[40.08656,-1.54621],[40.0867,-1.54284],[40.08513,-1.5363],[40.08129,-1.53079],[40.07423,-1.5257],[40.07423,-1.51875],[40.07304,-1.51243],[40.07421,-1.50703],[40.07397,-1.50322],[40.07295,-1.49955],[40.06284,-1.48367],[40.06003,-1.48046],[40.06138,-1.47645],[40.06138,-1.46937],[40.06035,-1.46596],[40.05698,-1.46077],[40.05733,-1.45335],[40.05634,-1.4497],[40.05339,-1.44482],[40.05339,-1.41875],[40.05291,-1.41457],[40.05147,-1.41062],[40.03673,-1.38112],[40.03673,-1.36875],[40.03631,-1.36488],[40.03508,-1.36119],[40.02547,-1.34768],[40.02839,-1.33127],[40.02721,-1.32493],[40.02837,-1.31962],[40.02816,-1.31585],[40.02546,-1.30884],[40.02006,-1.30289],[40.02006,-1.30221],[40.02769,-1.28625],[40.02831,-1.28293],[40.02779,-1.27676],[40.03134,-1.27113],[40.03254,-1.26372],[40.03064,-1.25645],[40.01734,-1.22985],[40.01993,-1.22091],[40.01932,-1.21362],[40.01588,-1.20716],[39.99918,-1.19332],[39.99758,-1.18619],[39.9844,-1.16792],[39.97092,-1.13746],[39.96545,-1.13238],[39.9515,-1.124],[39.95462,-1.12032],[39.95634,-1.11696],[39.95732,-1.11332],[39.95697,-1.10582],[39.94984,-1.09129],[39.94497,-1.08675],[39.94482,-1.08251],[39.94212,-1.07551],[39.93506,-1.06789],[39.9367,-1.06128],[39.93551,-1.05387],[39.93379,-1.05051],[39.92839,-1.04455],[39.92804,-1.03604],[39.92534,-1.02949],[39.91589,-1.01955],[39.91554,-1.01104],[39.91451,-1.00763],[39.91284,-1.00449],[39.90861,-0.99977],[39.91127,-0.99362],[39.91171,-0.99035],[39.91079,-0.98383],[39.90535,-0.9684],[39.89521,-0.95527],[39.89785,-0.9507],[39.89888,-0.94729],[39.89922,-0.94375],[39.89785,-0.9368],[39.88784,-0.92117],[39.88256,-0.91606],[39.88221,-0.91104],[39.88118,-0.90763],[39.8795,-0.90449],[39.87526,-0.89976],[39.87701,-0.89653],[39.87839,-0.88958],[39.87839,-0.87708],[39.87729,-0.87107],[39.88197,-0.86085],[39.88254,-0.85712],[39.88134,-0.8497],[39.87725,-0.84341],[39.86752,-0.83368],[39.8564,-0.80403],[39.85393,-0.79952],[39.84893,-0.79285],[39.84878,-0.78557],[39.84579,-0.77895],[39.84045,-0.77404],[39.83252,-0.76928],[39.83245,-0.76805],[39.83975,-0.76075],[39.84359,-0.75507],[39.84464,-0.75179],[39.84481,-0.74492],[39.84392,-0.74159],[39.84036,-0.73572],[39.8316,-0.72874],[39.83251,-0.72163],[39.83137,-0.71669],[39.83254,-0.71127],[39.83238,-0.70792],[39.82746,-0.69216],[39.82579,-0.68855],[39.82338,-0.68538],[39.81928,-0.68213],[39.81999,-0.67557],[39.81793,-0.66854],[39.81327,-0.66292],[39.79922,-0.65168],[39.79888,-0.64437],[39.79785,-0.64097],[39.7923,-0.63202],[39.79503,-0.61975],[39.79489,-0.61631],[39.7927,-0.6098],[39.78827,-0.60459],[39.76743,-0.58792],[39.76403,-0.58577],[39.7576,-0.58414],[39.75227,-0.57677],[39.74646,-0.57287],[39.7396,-0.57149],[39.7361,-0.57183],[39.73274,-0.57285],[39.72917,-0.5749],[39.72561,-0.57286],[39.71877,-0.57149],[39.71528,-0.57183],[39.71117,-0.57325],[39.70756,-0.57022],[39.70721,-0.55271],[39.7045,-0.54616],[39.69536,-0.53701],[39.69227,-0.53536],[39.68647,-0.53409],[39.68624,-0.52708],[39.68355,-0.52098],[39.67036,-0.50785],[39.66727,-0.50619],[39.66324,-0.5051],[39.66162,-0.50301],[39.66122,-0.49783],[39.65846,-0.49169],[39.65367,-0.487],[39.64667,-0.48233],[39.65272,-0.46948],[39.65333,-0.46606],[39.65257,-0.45919],[39.64931,-0.45311],[39.63138,-0.43773],[39.63241,-0.43353],[39.63251,-0.42996],[39.63138,-0.42505],[39.63256,-0.41875],[39.63221,-0.41521],[39.63118,-0.4118],[39.62779,-0.40657],[39.62829,-0.40017],[39.6263,-0.39361],[39.61563,-0.37975],[39.61589,-0.36042],[39.61554,-0.35687],[39.61284,-0.35033],[39.58558,-0.32258],[39.58232,-0.32],[39.5776,-0.31792],[39.57534,-0.31283],[39.57006,-0.30705],[39.56971,-0.29854],[39.567,-0.29199],[39.55642,-0.28091],[39.55021,-0.27687],[39.54662,-0.27589],[39.53924,-0.27624],[39.53542,-0.27771],[39.53178,-0.2763],[39.52422,-0.26371],[39.52387,-0.25687],[39.52284,-0.25346],[39.51892,-0.24758],[39.5037,-0.23285],[39.49724,-0.23017],[39.49089,-0.22982],[39.49058,-0.22374],[39.48966,-0.2205],[39.48614,-0.21482],[39.46699,-0.20007],[39.46369,-0.19811],[39.46006,-0.1969],[39.4563,-0.1965],[39.44085,-0.17795],[39.43538,-0.17353],[39.42864,-0.17156],[39.42511,-0.1716],[39.39701,-0.17472],[39.37582,-0.15046],[39.37003,-0.14734],[39.36681,-0.14663],[39.36025,-0.14702],[39.35045,-0.14947],[39.33252,-0.12795],[39.32969,-0.12523],[39.32635,-0.12318],[39.32264,-0.12192],[39.28542,-0.12149],[39.28131,-0.12197],[39.27287,-0.12566],[39.24283,-0.12566],[39.23286,-0.11618],[39.22641,-0.1135],[39.22292,-0.11316],[39.21607,-0.11452],[39.21297,-0.11618],[39.20493,-0.12373],[39.19808,-0.12202],[39.19283,-0.12149],[39.18703,-0.11618],[39.18393,-0.11452],[39.18057,-0.1135],[39.17416,-0.11316],[39.16617,-0.10783],[39.15973,-0.10516],[39.14083,-0.10482],[39.1356,-0.0976],[39.13288,-0.09536],[39.12655,-0.09271],[39.12435,-0.09051],[39.1151,-0.07711],[39.09914,-0.06481],[39.08242,-0.03617],[39.07729,-0.03199],[39.07424,-0.03069],[39.06769,-0.02985],[39.06442,-0.03036],[39.04332,-0.03563],[39.03969,-0.03085],[39.03685,-0.02856],[39.03012,-0.02592],[39.02649,-0.02567],[39.01946,-0.02736],[39.00718,-0.03611],[39.00036,-0.03416],[38.99706,-0.03401],[38.99067,-0.03552],[38.98779,-0.03713],[38.98408,-0.04041],[38.9756,-0.04324],[38.96936,-0.04684],[38.95567,-0.06449],[38.93728,-0.07982],[38.93667,-0.07982],[38.93131,-0.07248],[38.92842,-0.07016],[38.92512,-0.0685],[38.91786,-0.06734],[38.91076,-0.06921],[38.89048,-0.07935],[38.85502,-0.0757],[38.85186,-0.0762],[38.84615,-0.07879],[38.83135,-0.07668],[38.82453,-0.07035],[38.81807,-0.06767],[38.7987,-0.06732],[38.77862,-0.05576],[38.77487,-0.05493],[38.77103,-0.05492],[38.7597,-0.05826],[38.74999,-0.05583],[38.73119,-0.04697],[38.72106,-0.04649],[38.70104,-0.02981],[38.69524,-0.02657],[38.68866,-0.02568],[38.68221,-0.02725],[38.67677,-0.03107],[38.67394,-0.03475],[38.6619,-0.03074],[38.65549,-0.02984],[38.64919,-0.03128],[38.6451,-0.03365],[38.62623,-0.01747],[38.62034,-0.01411],[38.61362,-0.01318],[38.6034,-0.0154],[38.59953,-0.01201],[38.59307,-0.00933]]]}}]}